<?xml version="1.0" encoding="UTF-8"?>
<kml xmlns="http://www.opengis.net/kml/2.2">
<Document>
  <name>지구자기장 후보지 + 전북 기준점</name>
  <description>후보지 #16·#18 서브격자 + 전라북도 기준점 1804개 (삼각점·통합기준점)</description>


  <!-- ── 기준점 스타일 ── -->
  <Style id="삼각점_style">
    <IconStyle>
      <color>ff00ff00</color>
      <scale>0.9</scale>
      <Icon><href>http://maps.google.com/mapfiles/kml/shapes/triangle.png</href></Icon>
    </IconStyle>
    <LabelStyle><scale>0.7</scale><color>ff00cc00</color></LabelStyle>
  </Style>
  <Style id="통합기준점_style">
    <IconStyle>
      <color>ffff8800</color>
      <scale>0.85</scale>
      <Icon><href>http://maps.google.com/mapfiles/kml/shapes/donut.png</href></Icon>
    </IconStyle>
    <LabelStyle><scale>0.7</scale><color>ffff8800</color></LabelStyle>
  </Style>
  <!-- ── 후보지 스타일 ── -->
  <Style id="top3">
    <IconStyle>
      <color>ff0000ff</color>
      <scale>1.3</scale>
      <Icon><href>http://maps.google.com/mapfiles/kml/paddle/red-stars.png</href></Icon>
    </IconStyle>
    <LabelStyle><scale>1.1</scale></LabelStyle>
  </Style>
  <Style id="top10">
    <IconStyle>
      <color>ff00aaff</color>
      <scale>1.1</scale>
      <Icon><href>http://maps.google.com/mapfiles/kml/paddle/orange-circle.png</href></Icon>
    </IconStyle>
    <LabelStyle><scale>0.9</scale></LabelStyle>
  </Style>
  <Style id="center">
    <IconStyle>
      <color>ffff0000</color>
      <scale>1.4</scale>
      <Icon><href>http://maps.google.com/mapfiles/kml/paddle/blu-circle.png</href></Icon>
    </IconStyle>
  </Style>

  <Folder>
    <name>후보지 #16 (전주 완주)</name>
    <description>국가격자 점수: 60.1점 / 우선순위 1등급</description>

    <Placemark>
      <name>▶ 후보지 #16 (전주 완주) 중심</name>
      <description><![CDATA[국가 10km격자 후보지<br>도상 점수: 60.1점<br>우선순위: 1등급<br>위도: 35.59196°N  경도: 127.15795°E<br><br><a href="https://map.naver.com/v5/?c=127.15795,35.59196,14,0,0,0,dh">네이버 지도</a>  <a href="https://map.kakao.com/link/map/후보지 #16 (전주 완주),35.59196,127.15795">카카오 지도</a>]]></description>
      <styleUrl>#center</styleUrl>
      <Point><coordinates>127.15795,35.59196,0</coordinates></Point>
    </Placemark>

    <Placemark>
      <name>#1 91.2점</name>
      <description><![CDATA[사이트: 후보지 #16 (전주 완주)
순위: #1 / 서브격자 종합점수: 91.2점
위도: 35.600976°N  경도: 127.157912°E

── 점수 내역 ──
② 지형 경사도: 13.5 / 15점 (경사 3.0°)
③ 전력·철도:   14.5 / 15점 (전력 5.4km / 철도 6.6km)
④ 인구 이격:   14.4 / 15점 (도시 1.1km)
⑤ 모델기여도:  8.0 / 10점 (P90-P10 116nT)
⑥ 암상 적합성: 4.4 / 5점 (암상 0.6km / 단층 0.9km)

도로 접근: 787m

네이버 지도: https://map.naver.com/v5/?c=127.157912,35.600976,16,0,0,0,dh
카카오 지도: https://map.kakao.com/link/map/#1_16,35.600976,127.157912]]></description>
      <styleUrl>#top3</styleUrl>
      <Point>
        <coordinates>127.157912,35.600976,0</coordinates>
      </Point>
    </Placemark>

    <Placemark>
      <name>#2 88.0점</name>
      <description><![CDATA[사이트: 후보지 #16 (전주 완주)
순위: #2 / 서브격자 종합점수: 88.0점
위도: 35.601094°N  경도: 127.202071°E

── 점수 내역 ──
② 지형 경사도: 12.8 / 15점 (경사 4.4°)
③ 전력·철도:   13.5 / 15점 (전력 3.5km / 철도 3.4km)
④ 인구 이격:   13.6 / 15점 (도시 0.8km)
⑤ 모델기여도:  8.0 / 10점 (P90-P10 67nT)
⑥ 암상 적합성: 4.8 / 5점 (암상 1.3km / 단층 1.8km)

도로 접근: 893m

네이버 지도: https://map.naver.com/v5/?c=127.202071,35.601094,16,0,0,0,dh
카카오 지도: https://map.kakao.com/link/map/#2_16,35.601094,127.202071]]></description>
      <styleUrl>#top3</styleUrl>
      <Point>
        <coordinates>127.202071,35.601094,0</coordinates>
      </Point>
    </Placemark>

    <Placemark>
      <name>#3 86.8점</name>
      <description><![CDATA[사이트: 후보지 #16 (전주 완주)
순위: #3 / 서브격자 종합점수: 86.8점
위도: 35.591928°N  경도: 127.146911°E

── 점수 내역 ──
② 지형 경사도: 8.6 / 15점 (경사 12.9°)
③ 전력·철도:   14.4 / 15점 (전력 4.4km / 철도 7.9km)
④ 인구 이격:   14.5 / 15점 (도시 1.2km)
⑤ 모델기여도:  10.0 / 10점 (P90-P10 170nT)
⑥ 암상 적합성: 4.5 / 5점 (암상 1.5km / 단층 0.6km)

도로 접근: 890m

네이버 지도: https://map.naver.com/v5/?c=127.146911,35.591928,16,0,0,0,dh
카카오 지도: https://map.kakao.com/link/map/#3_16,35.591928,127.146911]]></description>
      <styleUrl>#top3</styleUrl>
      <Point>
        <coordinates>127.146911,35.591928,0</coordinates>
      </Point>
    </Placemark>

    <Placemark>
      <name>#4 86.8점</name>
      <description><![CDATA[사이트: 후보지 #16 (전주 완주)
순위: #4 / 서브격자 종합점수: 86.8점
위도: 35.591960°N  경도: 127.157950°E

── 점수 내역 ──
② 지형 경사도: 10.1 / 15점 (경사 9.9°)
③ 전력·철도:   14.5 / 15점 (전력 5.4km / 철도 7.0km)
④ 인구 이격:   15.0 / 15점 (도시 1.5km)
⑤ 모델기여도:  8.0 / 10점 (P90-P10 97nT)
⑥ 암상 적합성: 4.5 / 5점 (암상 0.6km / 단층 1.3km)

도로 접근: 1158m

네이버 지도: https://map.naver.com/v5/?c=127.15795,35.59196,16,0,0,0,dh
카카오 지도: https://map.kakao.com/link/map/#4_16,35.59196,127.15795]]></description>
      <styleUrl>#top10</styleUrl>
      <Point>
        <coordinates>127.15795,35.59196,0</coordinates>
      </Point>
    </Placemark>

    <Placemark>
      <name>#5 85.4점</name>
      <description><![CDATA[사이트: 후보지 #16 (전주 완주)
순위: #5 / 서브격자 종합점수: 85.4점
위도: 35.582944°N  경도: 127.157988°E

── 점수 내역 ──
② 지형 경사도: 10.0 / 15점 (경사 10.0°)
③ 전력·철도:   14.6 / 15점 (전력 5.6km / 철도 7.6km)
④ 인구 이격:   14.0 / 15점 (도시 1.0km)
⑤ 모델기여도:  8.0 / 10점 (P90-P10 97nT)
⑥ 암상 적합성: 4.6 / 5점 (암상 0.6km / 단층 1.6km)

도로 접근: 858m

네이버 지도: https://map.naver.com/v5/?c=127.157988,35.582944,16,0,0,0,dh
카카오 지도: https://map.kakao.com/link/map/#5_16,35.582944,127.157988]]></description>
      <styleUrl>#top10</styleUrl>
      <Point>
        <coordinates>127.157988,35.582944,0</coordinates>
      </Point>
    </Placemark>

    <Placemark>
      <name>#6 82.5점</name>
      <description><![CDATA[사이트: 후보지 #16 (전주 완주)
순위: #6 / 서브격자 종합점수: 82.5점
위도: 35.555894°N  경도: 127.158103°E

── 점수 내역 ──
② 지형 경사도: 9.2 / 15점 (경사 11.7°)
③ 전력·철도:   15.0 / 15점 (전력 7.0km / 철도 9.8km)
④ 인구 이격:   12.0 / 15점 (도시 0.4km)
⑤ 모델기여도:  10.0 / 10점 (P90-P10 230nT)
⑥ 암상 적합성: 3.3 / 5점 (암상 0.0km / 단층 0.5km)

도로 접근: 595m

네이버 지도: https://map.naver.com/v5/?c=127.158103,35.555894,16,0,0,0,dh
카카오 지도: https://map.kakao.com/link/map/#6_16,35.555894,127.158103]]></description>
      <styleUrl>#top10</styleUrl>
      <Point>
        <coordinates>127.158103,35.555894,0</coordinates>
      </Point>
    </Placemark>

    <Placemark>
      <name>#7 81.9점</name>
      <description><![CDATA[사이트: 후보지 #16 (전주 완주)
순위: #7 / 서브격자 종합점수: 81.9점
위도: 35.592077°N  경도: 127.202105°E

── 점수 내역 ──
② 지형 경사도: 11.5 / 15점 (경사 7.0°)
③ 전력·철도:   13.9 / 15점 (전력 4.3km / 철도 4.2km)
④ 인구 이격:   11.0 / 15점 (도시 0.2km)
⑤ 모델기여도:  8.0 / 10점 (P90-P10 71nT)
⑥ 암상 적합성: 4.8 / 5점 (암상 2.2km / 단층 0.9km)

도로 접근: 522m

네이버 지도: https://map.naver.com/v5/?c=127.202105,35.592077,16,0,0,0,dh
카카오 지도: https://map.kakao.com/link/map/#7_16,35.592077,127.202105]]></description>
      <styleUrl>#top10</styleUrl>
      <Point>
        <coordinates>127.202105,35.592077,0</coordinates>
      </Point>
    </Placemark>

  </Folder>

  <Folder>
    <name>후보지 #18 (진안 무주)</name>
    <description>국가격자 점수: 58.8점 / 우선순위 1등급</description>

    <Placemark>
      <name>▶ 후보지 #18 (진안 무주) 중심</name>
      <description><![CDATA[국가 10km격자 후보지<br>도상 점수: 58.8점<br>우선순위: 1등급<br>위도: 35.86272°N  경도: 127.26755°E<br><br><a href="https://map.naver.com/v5/?c=127.26755,35.86272,14,0,0,0,dh">네이버 지도</a>  <a href="https://map.kakao.com/link/map/후보지 #18 (진안 무주),35.86272,127.26755">카카오 지도</a>]]></description>
      <styleUrl>#center</styleUrl>
      <Point><coordinates>127.26755,35.86272,0</coordinates></Point>
    </Placemark>

    <Placemark>
      <name>#1 93.9점</name>
      <description><![CDATA[사이트: 후보지 #18 (진안 무주)
순위: #1 / 서브격자 종합점수: 93.9점
위도: 35.817639°N  경도: 127.267681°E

── 점수 내역 ──
② 지형 경사도: 12.6 / 15점 (경사 4.8°)
③ 전력·철도:   14.1 / 15점 (전력 5.8km / 철도 1.9km)
④ 인구 이격:   15.0 / 15점 (도시 1.4km)
⑤ 모델기여도:  10.0 / 10점 (P90-P10 189nT)
⑥ 암상 적합성: 4.7 / 5점 (암상 4.5km / 단층 1.5km)

도로 접근: 922m

네이버 지도: https://map.naver.com/v5/?c=127.267681,35.817639,16,0,0,0,dh
카카오 지도: https://map.kakao.com/link/map/#1_18,35.817639,127.267681]]></description>
      <styleUrl>#top3</styleUrl>
      <Point>
        <coordinates>127.267681,35.817639,0</coordinates>
      </Point>
    </Placemark>

    <Placemark>
      <name>#2 91.7점</name>
      <description><![CDATA[사이트: 후보지 #18 (진안 무주)
순위: #2 / 서브격자 종합점수: 91.7점
위도: 35.844688°N  경도: 127.267603°E

── 점수 내역 ──
② 지형 경사도: 12.4 / 15점 (경사 5.3°)
③ 전력·철도:   14.5 / 15점 (전력 6.1km / 철도 3.2km)
④ 인구 이격:   14.1 / 15점 (도시 0.9km)
⑤ 모델기여도:  10.0 / 10점 (P90-P10 186nT)
⑥ 암상 적합성: 4.1 / 5점 (암상 1.8km / 단층 0.5km)

도로 접근: 60m

네이버 지도: https://map.naver.com/v5/?c=127.267603,35.844688,16,0,0,0,dh
카카오 지도: https://map.kakao.com/link/map/#2_18,35.844688,127.267603]]></description>
      <styleUrl>#top3</styleUrl>
      <Point>
        <coordinates>127.267603,35.844688,0</coordinates>
      </Point>
    </Placemark>

    <Placemark>
      <name>#3 90.9점</name>
      <description><![CDATA[사이트: 후보지 #18 (진안 무주)
순위: #3 / 서브격자 종합점수: 90.9점
위도: 35.880730°N  경도: 127.256419°E

── 점수 내역 ──
② 지형 경사도: 13.2 / 15점 (경사 3.6°)
③ 전력·철도:   14.4 / 15점 (전력 3.9km / 철도 4.0km)
④ 인구 이격:   14.8 / 15점 (도시 1.3km)
⑤ 모델기여도:  8.0 / 10점 (P90-P10 114nT)
⑥ 암상 적합성: 4.2 / 5점 (암상 0.3km / 단층 4.0km)

도로 접근: 89m

네이버 지도: https://map.naver.com/v5/?c=127.256419,35.88073,16,0,0,0,dh
카카오 지도: https://map.kakao.com/link/map/#3_18,35.88073,127.256419]]></description>
      <styleUrl>#top3</styleUrl>
      <Point>
        <coordinates>127.256419,35.88073,0</coordinates>
      </Point>
    </Placemark>

    <Placemark>
      <name>#4 90.8점</name>
      <description><![CDATA[사이트: 후보지 #18 (진안 무주)
순위: #4 / 서브격자 종합점수: 90.8점
위도: 35.826696°N  경도: 127.289797°E

── 점수 내역 ──
② 지형 경사도: 10.3 / 15점 (경사 9.4°)
③ 전력·철도:   15.0 / 15점 (전력 7.9km / 철도 4.2km)
④ 인구 이격:   14.7 / 15점 (도시 1.2km)
⑤ 모델기여도:  10.0 / 10점 (P90-P10 190nT)
⑥ 암상 적합성: 4.5 / 5점 (암상 4.6km / 단층 0.7km)

도로 접근: 194m

네이버 지도: https://map.naver.com/v5/?c=127.289797,35.826696,16,0,0,0,dh
카카오 지도: https://map.kakao.com/link/map/#4_18,35.826696,127.289797]]></description>
      <styleUrl>#top10</styleUrl>
      <Point>
        <coordinates>127.289797,35.826696,0</coordinates>
      </Point>
    </Placemark>

    <Placemark>
      <name>#5 89.6점</name>
      <description><![CDATA[사이트: 후보지 #18 (진안 무주)
순위: #5 / 서브격자 종합점수: 89.6점
위도: 35.844666°N  경도: 127.256529°E

── 점수 내역 ──
② 지형 경사도: 10.9 / 15점 (경사 8.2°)
③ 전력·철도:   14.1 / 15점 (전력 5.2km / 철도 2.3km)
④ 인구 이격:   14.7 / 15점 (도시 1.3km)
⑤ 모델기여도:  10.0 / 10점 (P90-P10 186nT)
⑥ 암상 적합성: 4.0 / 5점 (암상 1.3km / 단층 0.6km)

도로 접근: 226m

네이버 지도: https://map.naver.com/v5/?c=127.256529,35.844666,16,0,0,0,dh
카카오 지도: https://map.kakao.com/link/map/#5_18,35.844666,127.256529]]></description>
      <styleUrl>#top10</styleUrl>
      <Point>
        <coordinates>127.256529,35.844666,0</coordinates>
      </Point>
    </Placemark>

    <Placemark>
      <name>#6 89.5점</name>
      <description><![CDATA[사이트: 후보지 #18 (진안 무주)
순위: #6 / 서브격자 종합점수: 89.5점
위도: 35.853682°N  경도: 127.256501°E

── 점수 내역 ──
② 지형 경사도: 12.4 / 15점 (경사 5.1°)
③ 전력·철도:   14.2 / 15점 (전력 4.9km / 철도 2.7km)
④ 인구 이격:   13.1 / 15점 (도시 0.6km)
⑤ 모델기여도:  10.0 / 10점 (P90-P10 179nT)
⑥ 암상 적합성: 4.0 / 5점 (암상 0.4km / 단층 1.6km)

도로 접근: 47m

네이버 지도: https://map.naver.com/v5/?c=127.256501,35.853682,16,0,0,0,dh
카카오 지도: https://map.kakao.com/link/map/#6_18,35.853682,127.256501]]></description>
      <styleUrl>#top10</styleUrl>
      <Point>
        <coordinates>127.256501,35.853682,0</coordinates>
      </Point>
    </Placemark>

    <Placemark>
      <name>#7 87.9점</name>
      <description><![CDATA[사이트: 후보지 #18 (진안 무주)
순위: #7 / 서브격자 종합점수: 87.9점
위도: 35.871691°N  경도: 127.245369°E

── 점수 내역 ──
② 지형 경사도: 13.3 / 15점 (경사 3.4°)
③ 전력·철도:   13.8 / 15점 (전력 3.1km / 철도 2.6km)
④ 인구 이격:   14.2 / 15점 (도시 1.0km)
⑤ 모델기여도:  8.0 / 10점 (P90-P10 97nT)
⑥ 암상 적합성: 3.4 / 5점 (암상 0.0km / 단층 3.6km)

도로 접근: 153m

네이버 지도: https://map.naver.com/v5/?c=127.245369,35.871691,16,0,0,0,dh
카카오 지도: https://map.kakao.com/link/map/#7_18,35.871691,127.245369]]></description>
      <styleUrl>#top10</styleUrl>
      <Point>
        <coordinates>127.245369,35.871691,0</coordinates>
      </Point>
    </Placemark>

    <Placemark>
      <name>#8 86.9점</name>
      <description><![CDATA[사이트: 후보지 #18 (진안 무주)
순위: #8 / 서브격자 종합점수: 86.9점
위도: 35.826676°N  경도: 127.278726°E

── 점수 내역 ──
② 지형 경사도: 8.8 / 15점 (경사 12.3°)
③ 전력·철도:   14.7 / 15점 (전력 6.9km / 철도 3.3km)
④ 인구 이격:   14.3 / 15점 (도시 1.0km)
⑤ 모델기여도:  10.0 / 10점 (P90-P10 190nT)
⑥ 암상 적합성: 4.4 / 5점 (암상 4.0km / 단층 0.6km)

도로 접근: 365m

네이버 지도: https://map.naver.com/v5/?c=127.278726,35.826676,16,0,0,0,dh
카카오 지도: https://map.kakao.com/link/map/#8_18,35.826676,127.278726]]></description>
      <styleUrl>#top10</styleUrl>
      <Point>
        <coordinates>127.278726,35.826676,0</coordinates>
      </Point>
    </Placemark>

    <Placemark>
      <name>#9 86.4점</name>
      <description><![CDATA[사이트: 후보지 #18 (진안 무주)
순위: #9 / 서브격자 종합점수: 86.4점
위도: 35.862675°N  경도: 127.245398°E

── 점수 내역 ──
② 지형 경사도: 14.2 / 15점 (경사 1.6°)
③ 전력·철도:   13.7 / 15점 (전력 3.5km / 철도 2.2km)
④ 인구 이격:   12.2 / 15점 (도시 0.4km)
⑤ 모델기여도:  8.0 / 10점 (P90-P10 97nT)
⑥ 암상 적합성: 3.8 / 5점 (암상 0.1km / 단층 2.7km)

도로 접근: 26m

네이버 지도: https://map.naver.com/v5/?c=127.245398,35.862675,16,0,0,0,dh
카카오 지도: https://map.kakao.com/link/map/#9_18,35.862675,127.245398]]></description>
      <styleUrl>#top10</styleUrl>
      <Point>
        <coordinates>127.245398,35.862675,0</coordinates>
      </Point>
    </Placemark>

    <Placemark>
      <name>#10 84.4점</name>
      <description><![CDATA[사이트: 후보지 #18 (진안 무주)
순위: #10 / 서브격자 종합점수: 84.4점
위도: 35.862720°N  경도: 127.267550°E

── 점수 내역 ──
② 지형 경사도: 9.7 / 15점 (경사 10.6°)
③ 전력·철도:   14.6 / 15점 (전력 5.3km / 철도 4.0km)
④ 인구 이격:   12.3 / 15점 (도시 0.4km)
⑤ 모델기여도:  10.0 / 10점 (P90-P10 179nT)
⑥ 암상 적합성: 4.0 / 5점 (암상 0.3km / 단층 2.1km)

도로 접근: 137m

네이버 지도: https://map.naver.com/v5/?c=127.26755,35.86272,16,0,0,0,dh
카카오 지도: https://map.kakao.com/link/map/#10_18,35.86272,127.26755]]></description>
      <styleUrl>#top10</styleUrl>
      <Point>
        <coordinates>127.26755,35.86272,0</coordinates>
      </Point>
    </Placemark>

  </Folder>

  <Folder>
    <name>📐 전라북도 기준점 (1804개)</name>
    <description>삼각점 1297개 / 통합기준점 507개</description>
    <visibility>1</visibility>
    <Folder>
      <name>삼각점 (1297개)</name>
      <visibility>1</visibility>
      <Placemark>
        <name>△ 신시11</name>
        <description><![CDATA[<b>삼각점</b><br>명칭: 신시11<br>위도: 35.825450°N<br>경도: 126.454614°E<br><br><a href="https://map.naver.com/v5/search/35.8254501111104,126.454614361111">📍 네이버 지도</a>]]></description>
        <styleUrl>#삼각점_style</styleUrl>
        <Point>
          <coordinates>126.454614361111,35.8254501111104,0</coordinates>
        </Point>
      </Placemark>
      <Placemark>
        <name>△ 신시21</name>
        <description><![CDATA[<b>삼각점</b><br>명칭: 신시21<br>위도: 35.851754°N<br>경도: 126.344337°E<br><br><a href="https://map.naver.com/v5/search/35.8517544722215,126.344336944444">📍 네이버 지도</a>]]></description>
        <styleUrl>#삼각점_style</styleUrl>
        <Point>
          <coordinates>126.344336944444,35.8517544722215,0</coordinates>
        </Point>
      </Placemark>
      <Placemark>
        <name>△ 신시22</name>
        <description><![CDATA[<b>삼각점</b><br>명칭: 신시22<br>위도: 35.797000°N<br>경도: 126.418992°E<br><br><a href="https://map.naver.com/v5/search/35.7969995833326,126.41899225">📍 네이버 지도</a>]]></description>
        <styleUrl>#삼각점_style</styleUrl>
        <Point>
          <coordinates>126.41899225,35.7969995833326,0</coordinates>
        </Point>
      </Placemark>
      <Placemark>
        <name>△ 신시301</name>
        <description><![CDATA[<b>삼각점</b><br>명칭: 신시301<br>위도: 35.857745°N<br>경도: 126.415171°E<br><br><a href="https://map.naver.com/v5/search/35.8577446944437,126.415170666666">📍 네이버 지도</a>]]></description>
        <styleUrl>#삼각점_style</styleUrl>
        <Point>
          <coordinates>126.415170666666,35.8577446944437,0</coordinates>
        </Point>
      </Placemark>
      <Placemark>
        <name>△ 신시302</name>
        <description><![CDATA[<b>삼각점</b><br>명칭: 신시302<br>위도: 35.812535°N<br>경도: 126.369013°E<br><br><a href="https://map.naver.com/v5/search/35.812535027777,126.369013388889">📍 네이버 지도</a>]]></description>
        <styleUrl>#삼각점_style</styleUrl>
        <Point>
          <coordinates>126.369013388889,35.812535027777,0</coordinates>
        </Point>
      </Placemark>
      <Placemark>
        <name>△ 신시401</name>
        <description><![CDATA[<b>삼각점</b><br>명칭: 신시401<br>위도: 35.854957°N<br>경도: 126.324161°E<br><br><a href="https://map.naver.com/v5/search/35.8549571944437,126.324161222222">📍 네이버 지도</a>]]></description>
        <styleUrl>#삼각점_style</styleUrl>
        <Point>
          <coordinates>126.324161222222,35.8549571944437,0</coordinates>
        </Point>
      </Placemark>
      <Placemark>
        <name>△ 신시402</name>
        <description><![CDATA[<b>삼각점</b><br>명칭: 신시402<br>위도: 35.851582°N<br>경도: 126.372094°E<br><br><a href="https://map.naver.com/v5/search/35.8515821111104,126.372093583333">📍 네이버 지도</a>]]></description>
        <styleUrl>#삼각점_style</styleUrl>
        <Point>
          <coordinates>126.372093583333,35.8515821111104,0</coordinates>
        </Point>
      </Placemark>
      <Placemark>
        <name>△ 신시403</name>
        <description><![CDATA[<b>삼각점</b><br>명칭: 신시403<br>위도: 35.850048°N<br>경도: 126.445668°E<br><br><a href="https://map.naver.com/v5/search/35.8500476388881,126.445667722222">📍 네이버 지도</a>]]></description>
        <styleUrl>#삼각점_style</styleUrl>
        <Point>
          <coordinates>126.445667722222,35.8500476388881,0</coordinates>
        </Point>
      </Placemark>
      <Placemark>
        <name>△ 신시404</name>
        <description><![CDATA[<b>삼각점</b><br>명칭: 신시404<br>위도: 35.844999°N<br>경도: 126.490070°E<br><br><a href="https://map.naver.com/v5/search/35.8449986388882,126.490069972222">📍 네이버 지도</a>]]></description>
        <styleUrl>#삼각점_style</styleUrl>
        <Point>
          <coordinates>126.490069972222,35.8449986388882,0</coordinates>
        </Point>
      </Placemark>
      <Placemark>
        <name>△ 신시405</name>
        <description><![CDATA[<b>삼각점</b><br>명칭: 신시405<br>위도: 35.813719°N<br>경도: 126.472068°E<br><br><a href="https://map.naver.com/v5/search/35.8137185555548,126.472068472222">📍 네이버 지도</a>]]></description>
        <styleUrl>#삼각점_style</styleUrl>
        <Point>
          <coordinates>126.472068472222,35.8137185555548,0</coordinates>
        </Point>
      </Placemark>
      <Placemark>
        <name>△ 신시407</name>
        <description><![CDATA[<b>삼각점</b><br>명칭: 신시407<br>위도: 35.821464°N<br>경도: 126.420844°E<br><br><a href="https://map.naver.com/v5/search/35.8214635833326,126.420843944444">📍 네이버 지도</a>]]></description>
        <styleUrl>#삼각점_style</styleUrl>
        <Point>
          <coordinates>126.420843944444,35.8214635833326,0</coordinates>
        </Point>
      </Placemark>
      <Placemark>
        <name>△ 신시408</name>
        <description><![CDATA[<b>삼각점</b><br>명칭: 신시408<br>위도: 35.827656°N<br>경도: 126.400438°E<br><br><a href="https://map.naver.com/v5/search/35.8276564722215,126.400437555555">📍 네이버 지도</a>]]></description>
        <styleUrl>#삼각점_style</styleUrl>
        <Point>
          <coordinates>126.400437555555,35.8276564722215,0</coordinates>
        </Point>
      </Placemark>
      <Placemark>
        <name>△ 신시409</name>
        <description><![CDATA[<b>삼각점</b><br>명칭: 신시409<br>위도: 35.808662°N<br>경도: 126.396056°E<br><br><a href="https://map.naver.com/v5/search/35.8086618333326,126.396056305555">📍 네이버 지도</a>]]></description>
        <styleUrl>#삼각점_style</styleUrl>
        <Point>
          <coordinates>126.396056305555,35.8086618333326,0</coordinates>
        </Point>
      </Placemark>
      <Placemark>
        <name>△ 군산22</name>
        <description><![CDATA[<b>삼각점</b><br>명칭: 군산22<br>위도: 35.959688°N<br>경도: 126.684766°E<br><br><a href="https://map.naver.com/v5/search/35.9596878888882,126.684766222222">📍 네이버 지도</a>]]></description>
        <styleUrl>#삼각점_style</styleUrl>
        <Point>
          <coordinates>126.684766222222,35.9596878888882,0</coordinates>
        </Point>
      </Placemark>
      <Placemark>
        <name>△ 군산25</name>
        <description><![CDATA[<b>삼각점</b><br>명칭: 군산25<br>위도: 35.788923°N<br>경도: 126.632278°E<br><br><a href="https://map.naver.com/v5/search/35.788922527777,126.632277888889">📍 네이버 지도</a>]]></description>
        <styleUrl>#삼각점_style</styleUrl>
        <Point>
          <coordinates>126.632277888889,35.788922527777,0</coordinates>
        </Point>
      </Placemark>
      <Placemark>
        <name>△ 군산303</name>
        <description><![CDATA[<b>삼각점</b><br>명칭: 군산303<br>위도: 35.967568°N<br>경도: 126.743779°E<br><br><a href="https://map.naver.com/v5/search/35.9675679722215,126.743779222222">📍 네이버 지도</a>]]></description>
        <styleUrl>#삼각점_style</styleUrl>
        <Point>
          <coordinates>126.743779222222,35.9675679722215,0</coordinates>
        </Point>
      </Placemark>
      <Placemark>
        <name>△ 군산304</name>
        <description><![CDATA[<b>삼각점</b><br>명칭: 군산304<br>위도: 35.906692°N<br>경도: 126.678311°E<br><br><a href="https://map.naver.com/v5/search/35.9066924999993,126.678311388889">📍 네이버 지도</a>]]></description>
        <styleUrl>#삼각점_style</styleUrl>
        <Point>
          <coordinates>126.678311388889,35.9066924999993,0</coordinates>
        </Point>
      </Placemark>
      <Placemark>
        <name>△ 군산305</name>
        <description><![CDATA[<b>삼각점</b><br>명칭: 군산305<br>위도: 35.761944°N<br>경도: 126.690507°E<br><br><a href="https://map.naver.com/v5/search/35.7619441666659,126.690507472222">📍 네이버 지도</a>]]></description>
        <styleUrl>#삼각점_style</styleUrl>
        <Point>
          <coordinates>126.690507472222,35.7619441666659,0</coordinates>
        </Point>
      </Placemark>
      <Placemark>
        <name>△ 군산402</name>
        <description><![CDATA[<b>삼각점</b><br>명칭: 군산402<br>위도: 35.948300°N<br>경도: 126.572755°E<br><br><a href="https://map.naver.com/v5/search/35.9483003611104,126.572755111111">📍 네이버 지도</a>]]></description>
        <styleUrl>#삼각점_style</styleUrl>
        <Point>
          <coordinates>126.572755111111,35.9483003611104,0</coordinates>
        </Point>
      </Placemark>
      <Placemark>
        <name>△ 군산403</name>
        <description><![CDATA[<b>삼각점</b><br>명칭: 군산403<br>위도: 35.951683°N<br>경도: 126.590863°E<br><br><a href="https://map.naver.com/v5/search/35.9516825555549,126.590863166667">📍 네이버 지도</a>]]></description>
        <styleUrl>#삼각점_style</styleUrl>
        <Point>
          <coordinates>126.590863166667,35.9516825555549,0</coordinates>
        </Point>
      </Placemark>
      <Placemark>
        <name>△ 군산405</name>
        <description><![CDATA[<b>삼각점</b><br>명칭: 군산405<br>위도: 35.935035°N<br>경도: 126.652967°E<br><br><a href="https://map.naver.com/v5/search/35.9350346388882,126.652966833333">📍 네이버 지도</a>]]></description>
        <styleUrl>#삼각점_style</styleUrl>
        <Point>
          <coordinates>126.652966833333,35.9350346388882,0</coordinates>
        </Point>
      </Placemark>
      <Placemark>
        <name>△ 군산406</name>
        <description><![CDATA[<b>삼각점</b><br>명칭: 군산406<br>위도: 35.970570°N<br>경도: 126.651139°E<br><br><a href="https://map.naver.com/v5/search/35.9705700277771,126.651138666667">📍 네이버 지도</a>]]></description>
        <styleUrl>#삼각점_style</styleUrl>
        <Point>
          <coordinates>126.651138666667,35.9705700277771,0</coordinates>
        </Point>
      </Placemark>
      <Placemark>
        <name>△ 군산407</name>
        <description><![CDATA[<b>삼각점</b><br>명칭: 군산407<br>위도: 35.927991°N<br>경도: 126.677636°E<br><br><a href="https://map.naver.com/v5/search/35.9279905833326,126.677635722222">📍 네이버 지도</a>]]></description>
        <styleUrl>#삼각점_style</styleUrl>
        <Point>
          <coordinates>126.677635722222,35.9279905833326,0</coordinates>
        </Point>
      </Placemark>
      <Placemark>
        <name>△ 군산412</name>
        <description><![CDATA[<b>삼각점</b><br>명칭: 군산412<br>위도: 35.974996°N<br>경도: 126.722611°E<br><br><a href="https://map.naver.com/v5/search/35.9749961944437,126.722611388889">📍 네이버 지도</a>]]></description>
        <styleUrl>#삼각점_style</styleUrl>
        <Point>
          <coordinates>126.722611388889,35.9749961944437,0</coordinates>
        </Point>
      </Placemark>
      <Placemark>
        <name>△ 군산414</name>
        <description><![CDATA[<b>삼각점</b><br>명칭: 군산414<br>위도: 35.929362°N<br>경도: 126.736950°E<br><br><a href="https://map.naver.com/v5/search/35.9293618055548,126.736950388889">📍 네이버 지도</a>]]></description>
        <styleUrl>#삼각점_style</styleUrl>
        <Point>
          <coordinates>126.736950388889,35.9293618055548,0</coordinates>
        </Point>
      </Placemark>
      <Placemark>
        <name>△ 군산417</name>
        <description><![CDATA[<b>삼각점</b><br>명칭: 군산417<br>위도: 35.865548°N<br>경도: 126.739325°E<br><br><a href="https://map.naver.com/v5/search/35.8655483888882,126.739325388889">📍 네이버 지도</a>]]></description>
        <styleUrl>#삼각점_style</styleUrl>
        <Point>
          <coordinates>126.739325388889,35.8655483888882,0</coordinates>
        </Point>
      </Placemark>
      <Placemark>
        <name>△ 군산418</name>
        <description><![CDATA[<b>삼각점</b><br>명칭: 군산418<br>위도: 35.886772°N<br>경도: 126.725202°E<br><br><a href="https://map.naver.com/v5/search/35.8867717499993,126.725201944444">📍 네이버 지도</a>]]></description>
        <styleUrl>#삼각점_style</styleUrl>
        <Point>
          <coordinates>126.725201944444,35.8867717499993,0</coordinates>
        </Point>
      </Placemark>
      <Placemark>
        <name>△ 군산419</name>
        <description><![CDATA[<b>삼각점</b><br>명칭: 군산419<br>위도: 35.915725°N<br>경도: 126.710824°E<br><br><a href="https://map.naver.com/v5/search/35.9157254999993,126.710823694444">📍 네이버 지도</a>]]></description>
        <styleUrl>#삼각점_style</styleUrl>
        <Point>
          <coordinates>126.710823694444,35.9157254999993,0</coordinates>
        </Point>
      </Placemark>
      <Placemark>
        <name>△ 군산420</name>
        <description><![CDATA[<b>삼각점</b><br>명칭: 군산420<br>위도: 35.848017°N<br>경도: 126.692656°E<br><br><a href="https://map.naver.com/v5/search/35.8480173888882,126.692655555556">📍 네이버 지도</a>]]></description>
        <styleUrl>#삼각점_style</styleUrl>
        <Point>
          <coordinates>126.692655555556,35.8480173888882,0</coordinates>
        </Point>
      </Placemark>
      <Placemark>
        <name>△ 군산424</name>
        <description><![CDATA[<b>삼각점</b><br>명칭: 군산424<br>위도: 35.764397°N<br>경도: 126.639984°E<br><br><a href="https://map.naver.com/v5/search/35.764396777777,126.639983777778">📍 네이버 지도</a>]]></description>
        <styleUrl>#삼각점_style</styleUrl>
        <Point>
          <coordinates>126.639983777778,35.764396777777,0</coordinates>
        </Point>
      </Placemark>
      <Placemark>
        <name>△ 군산425</name>
        <description><![CDATA[<b>삼각점</b><br>명칭: 군산425<br>위도: 35.780829°N<br>경도: 126.715736°E<br><br><a href="https://map.naver.com/v5/search/35.7808289999992,126.715736361111">📍 네이버 지도</a>]]></description>
        <styleUrl>#삼각점_style</styleUrl>
        <Point>
          <coordinates>126.715736361111,35.7808289999992,0</coordinates>
        </Point>
      </Placemark>
      <Placemark>
        <name>△ 군산428</name>
        <description><![CDATA[<b>삼각점</b><br>명칭: 군산428<br>위도: 35.782753°N<br>경도: 126.743695°E<br><br><a href="https://map.naver.com/v5/search/35.7827526666659,126.743694638889">📍 네이버 지도</a>]]></description>
        <styleUrl>#삼각점_style</styleUrl>
        <Point>
          <coordinates>126.743694638889,35.7827526666659,0</coordinates>
        </Point>
      </Placemark>
      <Placemark>
        <name>△ 군산429</name>
        <description><![CDATA[<b>삼각점</b><br>명칭: 군산429<br>위도: 35.754884°N<br>경도: 126.742509°E<br><br><a href="https://map.naver.com/v5/search/35.7548842222215,126.742508972222">📍 네이버 지도</a>]]></description>
        <styleUrl>#삼각점_style</styleUrl>
        <Point>
          <coordinates>126.742508972222,35.7548842222215,0</coordinates>
        </Point>
      </Placemark>
      <Placemark>
        <name>△ 익산11</name>
        <description><![CDATA[<b>삼각점</b><br>명칭: 익산11<br>위도: 35.977033°N<br>경도: 126.805894°E<br><br><a href="https://map.naver.com/v5/search/35.9770328333326,126.80589425">📍 네이버 지도</a>]]></description>
        <styleUrl>#삼각점_style</styleUrl>
        <Point>
          <coordinates>126.80589425,35.9770328333326,0</coordinates>
        </Point>
      </Placemark>
      <Placemark>
        <name>△ 익산21</name>
        <description><![CDATA[<b>삼각점</b><br>명칭: 익산21<br>위도: 35.950235°N<br>경도: 126.919537°E<br><br><a href="https://map.naver.com/v5/search/35.9502347222215,126.919536972222">📍 네이버 지도</a>]]></description>
        <styleUrl>#삼각점_style</styleUrl>
        <Point>
          <coordinates>126.919536972222,35.9502347222215,0</coordinates>
        </Point>
      </Placemark>
      <Placemark>
        <name>△ 익산22</name>
        <description><![CDATA[<b>삼각점</b><br>명칭: 익산22<br>위도: 35.941164°N<br>경도: 126.986890°E<br><br><a href="https://map.naver.com/v5/search/35.9411636944437,126.98689">📍 네이버 지도</a>]]></description>
        <styleUrl>#삼각점_style</styleUrl>
        <Point>
          <coordinates>126.98689,35.9411636944437,0</coordinates>
        </Point>
      </Placemark>
      <Placemark>
        <name>△ 익산23</name>
        <description><![CDATA[<b>삼각점</b><br>명칭: 익산23<br>위도: 35.904047°N<br>경도: 126.957568°E<br><br><a href="https://map.naver.com/v5/search/35.9040474722215,126.957568055556">📍 네이버 지도</a>]]></description>
        <styleUrl>#삼각점_style</styleUrl>
        <Point>
          <coordinates>126.957568055556,35.9040474722215,0</coordinates>
        </Point>
      </Placemark>
      <Placemark>
        <name>△ 익산24</name>
        <description><![CDATA[<b>삼각점</b><br>명칭: 익산24<br>위도: 35.906729°N<br>경도: 126.854290°E<br><br><a href="https://map.naver.com/v5/search/35.9067289722215,126.85429025">📍 네이버 지도</a>]]></description>
        <styleUrl>#삼각점_style</styleUrl>
        <Point>
          <coordinates>126.85429025,35.9067289722215,0</coordinates>
        </Point>
      </Placemark>
      <Placemark>
        <name>△ 익산25</name>
        <description><![CDATA[<b>삼각점</b><br>명칭: 익산25<br>위도: 35.861763°N<br>경도: 126.816597°E<br><br><a href="https://map.naver.com/v5/search/35.8617633611104,126.816596527778">📍 네이버 지도</a>]]></description>
        <styleUrl>#삼각점_style</styleUrl>
        <Point>
          <coordinates>126.816596527778,35.8617633611104,0</coordinates>
        </Point>
      </Placemark>
      <Placemark>
        <name>△ 익산26</name>
        <description><![CDATA[<b>삼각점</b><br>명칭: 익산26<br>위도: 35.786386°N<br>경도: 126.801156°E<br><br><a href="https://map.naver.com/v5/search/35.7863864999992,126.801156222222">📍 네이버 지도</a>]]></description>
        <styleUrl>#삼각점_style</styleUrl>
        <Point>
          <coordinates>126.801156222222,35.7863864999992,0</coordinates>
        </Point>
      </Placemark>
      <Placemark>
        <name>△ 익산27</name>
        <description><![CDATA[<b>삼각점</b><br>명칭: 익산27<br>위도: 35.830409°N<br>경도: 126.907342°E<br><br><a href="https://map.naver.com/v5/search/35.8304091111104,126.907342055556">📍 네이버 지도</a>]]></description>
        <styleUrl>#삼각점_style</styleUrl>
        <Point>
          <coordinates>126.907342055556,35.8304091111104,0</coordinates>
        </Point>
      </Placemark>
      <Placemark>
        <name>△ 익산302</name>
        <description><![CDATA[<b>삼각점</b><br>명칭: 익산302<br>위도: 35.854844°N<br>경도: 126.953687°E<br><br><a href="https://map.naver.com/v5/search/35.8548438333326,126.953687055556">📍 네이버 지도</a>]]></description>
        <styleUrl>#삼각점_style</styleUrl>
        <Point>
          <coordinates>126.953687055556,35.8548438333326,0</coordinates>
        </Point>
      </Placemark>
      <Placemark>
        <name>△ 익산303</name>
        <description><![CDATA[<b>삼각점</b><br>명칭: 익산303<br>위도: 35.898612°N<br>경도: 126.903368°E<br><br><a href="https://map.naver.com/v5/search/35.8986118333326,126.903368222222">📍 네이버 지도</a>]]></description>
        <styleUrl>#삼각점_style</styleUrl>
        <Point>
          <coordinates>126.903368222222,35.8986118333326,0</coordinates>
        </Point>
      </Placemark>
      <Placemark>
        <name>△ 익산304</name>
        <description><![CDATA[<b>삼각점</b><br>명칭: 익산304<br>위도: 35.865588°N<br>경도: 126.875795°E<br><br><a href="https://map.naver.com/v5/search/35.8655884999993,126.875795388889">📍 네이버 지도</a>]]></description>
        <styleUrl>#삼각점_style</styleUrl>
        <Point>
          <coordinates>126.875795388889,35.8655884999993,0</coordinates>
        </Point>
      </Placemark>
      <Placemark>
        <name>△ 익산306</name>
        <description><![CDATA[<b>삼각점</b><br>명칭: 익산306<br>위도: 35.831053°N<br>경도: 126.765568°E<br><br><a href="https://map.naver.com/v5/search/35.8310529444437,126.765568">📍 네이버 지도</a>]]></description>
        <styleUrl>#삼각점_style</styleUrl>
        <Point>
          <coordinates>126.765568,35.8310529444437,0</coordinates>
        </Point>
      </Placemark>
      <Placemark>
        <name>△ 익산307</name>
        <description><![CDATA[<b>삼각점</b><br>명칭: 익산307<br>위도: 35.806808°N<br>경도: 126.845331°E<br><br><a href="https://map.naver.com/v5/search/35.8068083611104,126.8453305">📍 네이버 지도</a>]]></description>
        <styleUrl>#삼각점_style</styleUrl>
        <Point>
          <coordinates>126.8453305,35.8068083611104,0</coordinates>
        </Point>
      </Placemark>
      <Placemark>
        <name>△ 익산308</name>
        <description><![CDATA[<b>삼각점</b><br>명칭: 익산308<br>위도: 35.778738°N<br>경도: 126.882381°E<br><br><a href="https://map.naver.com/v5/search/35.7787376111104,126.882381305556">📍 네이버 지도</a>]]></description>
        <styleUrl>#삼각점_style</styleUrl>
        <Point>
          <coordinates>126.882381305556,35.7787376111104,0</coordinates>
        </Point>
      </Placemark>
      <Placemark>
        <name>△ 익산309</name>
        <description><![CDATA[<b>삼각점</b><br>명칭: 익산309<br>위도: 35.782217°N<br>경도: 126.929644°E<br><br><a href="https://map.naver.com/v5/search/35.782216777777,126.9296445">📍 네이버 지도</a>]]></description>
        <styleUrl>#삼각점_style</styleUrl>
        <Point>
          <coordinates>126.9296445,35.782216777777,0</coordinates>
        </Point>
      </Placemark>
      <Placemark>
        <name>△ 익산401</name>
        <description><![CDATA[<b>삼각점</b><br>명칭: 익산401<br>위도: 35.968902°N<br>경도: 126.766895°E<br><br><a href="https://map.naver.com/v5/search/35.9689021944437,126.766895166667">📍 네이버 지도</a>]]></description>
        <styleUrl>#삼각점_style</styleUrl>
        <Point>
          <coordinates>126.766895166667,35.9689021944437,0</coordinates>
        </Point>
      </Placemark>
      <Placemark>
        <name>△ 익산402</name>
        <description><![CDATA[<b>삼각점</b><br>명칭: 익산402<br>위도: 35.937830°N<br>경도: 126.770114°E<br><br><a href="https://map.naver.com/v5/search/35.9378301111104,126.770114277778">📍 네이버 지도</a>]]></description>
        <styleUrl>#삼각점_style</styleUrl>
        <Point>
          <coordinates>126.770114277778,35.9378301111104,0</coordinates>
        </Point>
      </Placemark>
      <Placemark>
        <name>△ 익산403</name>
        <description><![CDATA[<b>삼각점</b><br>명칭: 익산403<br>위도: 35.992945°N<br>경도: 126.776159°E<br><br><a href="https://map.naver.com/v5/search/35.9929453611104,126.776159277778">📍 네이버 지도</a>]]></description>
        <styleUrl>#삼각점_style</styleUrl>
        <Point>
          <coordinates>126.776159277778,35.9929453611104,0</coordinates>
        </Point>
      </Placemark>
      <Placemark>
        <name>△ 익산404</name>
        <description><![CDATA[<b>삼각점</b><br>명칭: 익산404<br>위도: 35.995440°N<br>경도: 126.793613°E<br><br><a href="https://map.naver.com/v5/search/35.9954399999993,126.79361325">📍 네이버 지도</a>]]></description>
        <styleUrl>#삼각점_style</styleUrl>
        <Point>
          <coordinates>126.79361325,35.9954399999993,0</coordinates>
        </Point>
      </Placemark>
      <Placemark>
        <name>△ 익산405</name>
        <description><![CDATA[<b>삼각점</b><br>명칭: 익산405<br>위도: 35.964034°N<br>경도: 126.807098°E<br><br><a href="https://map.naver.com/v5/search/35.9640338055549,126.807098">📍 네이버 지도</a>]]></description>
        <styleUrl>#삼각점_style</styleUrl>
        <Point>
          <coordinates>126.807098,35.9640338055549,0</coordinates>
        </Point>
      </Placemark>
      <Placemark>
        <name>△ 익산407</name>
        <description><![CDATA[<b>삼각점</b><br>명칭: 익산407<br>위도: 35.990010°N<br>경도: 126.830001°E<br><br><a href="https://map.naver.com/v5/search/35.9900098055549,126.830001472222">📍 네이버 지도</a>]]></description>
        <styleUrl>#삼각점_style</styleUrl>
        <Point>
          <coordinates>126.830001472222,35.9900098055549,0</coordinates>
        </Point>
      </Placemark>
      <Placemark>
        <name>△ 익산408</name>
        <description><![CDATA[<b>삼각점</b><br>명칭: 익산408<br>위도: 35.960757°N<br>경도: 126.828866°E<br><br><a href="https://map.naver.com/v5/search/35.9607571111104,126.828865694444">📍 네이버 지도</a>]]></description>
        <styleUrl>#삼각점_style</styleUrl>
        <Point>
          <coordinates>126.828865694444,35.9607571111104,0</coordinates>
        </Point>
      </Placemark>
      <Placemark>
        <name>△ 익산409</name>
        <description><![CDATA[<b>삼각점</b><br>명칭: 익산409<br>위도: 35.942128°N<br>경도: 126.849808°E<br><br><a href="https://map.naver.com/v5/search/35.9421279444437,126.849808055556">📍 네이버 지도</a>]]></description>
        <styleUrl>#삼각점_style</styleUrl>
        <Point>
          <coordinates>126.849808055556,35.9421279444437,0</coordinates>
        </Point>
      </Placemark>
      <Placemark>
        <name>△ 익산414</name>
        <description><![CDATA[<b>삼각점</b><br>명칭: 익산414<br>위도: 35.983610°N<br>경도: 126.874194°E<br><br><a href="https://map.naver.com/v5/search/35.9836103333326,126.874194055556">📍 네이버 지도</a>]]></description>
        <styleUrl>#삼각점_style</styleUrl>
        <Point>
          <coordinates>126.874194055556,35.9836103333326,0</coordinates>
        </Point>
      </Placemark>
      <Placemark>
        <name>△ 익산415</name>
        <description><![CDATA[<b>삼각점</b><br>명칭: 익산415<br>위도: 35.937916°N<br>경도: 126.880819°E<br><br><a href="https://map.naver.com/v5/search/35.9379159999993,126.880819194444">📍 네이버 지도</a>]]></description>
        <styleUrl>#삼각점_style</styleUrl>
        <Point>
          <coordinates>126.880819194444,35.9379159999993,0</coordinates>
        </Point>
      </Placemark>
      <Placemark>
        <name>△ 익산419</name>
        <description><![CDATA[<b>삼각점</b><br>명칭: 익산419<br>위도: 35.939815°N<br>경도: 126.927184°E<br><br><a href="https://map.naver.com/v5/search/35.939815416666,126.927183722222">📍 네이버 지도</a>]]></description>
        <styleUrl>#삼각점_style</styleUrl>
        <Point>
          <coordinates>126.927183722222,35.939815416666,0</coordinates>
        </Point>
      </Placemark>
      <Placemark>
        <name>△ 익산420</name>
        <description><![CDATA[<b>삼각점</b><br>명칭: 익산420<br>위도: 35.978468°N<br>경도: 126.948146°E<br><br><a href="https://map.naver.com/v5/search/35.9784678611104,126.948145805556">📍 네이버 지도</a>]]></description>
        <styleUrl>#삼각점_style</styleUrl>
        <Point>
          <coordinates>126.948145805556,35.9784678611104,0</coordinates>
        </Point>
      </Placemark>
      <Placemark>
        <name>△ 익산421</name>
        <description><![CDATA[<b>삼각점</b><br>명칭: 익산421<br>위도: 35.928519°N<br>경도: 126.964959°E<br><br><a href="https://map.naver.com/v5/search/35.928518666666,126.964959">📍 네이버 지도</a>]]></description>
        <styleUrl>#삼각점_style</styleUrl>
        <Point>
          <coordinates>126.964959,35.928518666666,0</coordinates>
        </Point>
      </Placemark>
      <Placemark>
        <name>△ 익산423</name>
        <description><![CDATA[<b>삼각점</b><br>명칭: 익산423<br>위도: 35.987245°N<br>경도: 126.977729°E<br><br><a href="https://map.naver.com/v5/search/35.9872446388882,126.97772925">📍 네이버 지도</a>]]></description>
        <styleUrl>#삼각점_style</styleUrl>
        <Point>
          <coordinates>126.97772925,35.9872446388882,0</coordinates>
        </Point>
      </Placemark>
      <Placemark>
        <name>△ 익산425</name>
        <description><![CDATA[<b>삼각점</b><br>명칭: 익산425<br>위도: 35.872789°N<br>경도: 126.990113°E<br><br><a href="https://map.naver.com/v5/search/35.8727894166659,126.990112944444">📍 네이버 지도</a>]]></description>
        <styleUrl>#삼각점_style</styleUrl>
        <Point>
          <coordinates>126.990112944444,35.8727894166659,0</coordinates>
        </Point>
      </Placemark>
      <Placemark>
        <name>△ 익산429</name>
        <description><![CDATA[<b>삼각점</b><br>명칭: 익산429<br>위도: 35.880237°N<br>경도: 126.962290°E<br><br><a href="https://map.naver.com/v5/search/35.8802367499993,126.962290222222">📍 네이버 지도</a>]]></description>
        <styleUrl>#삼각점_style</styleUrl>
        <Point>
          <coordinates>126.962290222222,35.8802367499993,0</coordinates>
        </Point>
      </Placemark>
      <Placemark>
        <name>△ 익산431</name>
        <description><![CDATA[<b>삼각점</b><br>명칭: 익산431<br>위도: 35.893494°N<br>경도: 126.917375°E<br><br><a href="https://map.naver.com/v5/search/35.8934939166659,126.917374972222">📍 네이버 지도</a>]]></description>
        <styleUrl>#삼각점_style</styleUrl>
        <Point>
          <coordinates>126.917374972222,35.8934939166659,0</coordinates>
        </Point>
      </Placemark>
      <Placemark>
        <name>△ 익산434</name>
        <description><![CDATA[<b>삼각점</b><br>명칭: 익산434<br>위도: 35.873182°N<br>경도: 126.901958°E<br><br><a href="https://map.naver.com/v5/search/35.8731817499993,126.901957694444">📍 네이버 지도</a>]]></description>
        <styleUrl>#삼각점_style</styleUrl>
        <Point>
          <coordinates>126.901957694444,35.8731817499993,0</coordinates>
        </Point>
      </Placemark>
      <Placemark>
        <name>△ 익산436</name>
        <description><![CDATA[<b>삼각점</b><br>명칭: 익산436<br>위도: 35.855569°N<br>경도: 126.896495°E<br><br><a href="https://map.naver.com/v5/search/35.8555689722215,126.896494916667">📍 네이버 지도</a>]]></description>
        <styleUrl>#삼각점_style</styleUrl>
        <Point>
          <coordinates>126.896494916667,35.8555689722215,0</coordinates>
        </Point>
      </Placemark>
      <Placemark>
        <name>△ 익산437</name>
        <description><![CDATA[<b>삼각점</b><br>명칭: 익산437<br>위도: 35.890644°N<br>경도: 126.873197°E<br><br><a href="https://map.naver.com/v5/search/35.8906441111104,126.873197055556">📍 네이버 지도</a>]]></description>
        <styleUrl>#삼각점_style</styleUrl>
        <Point>
          <coordinates>126.873197055556,35.8906441111104,0</coordinates>
        </Point>
      </Placemark>
      <Placemark>
        <name>△ 익산439</name>
        <description><![CDATA[<b>삼각점</b><br>명칭: 익산439<br>위도: 35.850422°N<br>경도: 126.866656°E<br><br><a href="https://map.naver.com/v5/search/35.8504222222215,126.866655944444">📍 네이버 지도</a>]]></description>
        <styleUrl>#삼각점_style</styleUrl>
        <Point>
          <coordinates>126.866655944444,35.8504222222215,0</coordinates>
        </Point>
      </Placemark>
      <Placemark>
        <name>△ 익산442</name>
        <description><![CDATA[<b>삼각점</b><br>명칭: 익산442<br>위도: 35.894243°N<br>경도: 126.827087°E<br><br><a href="https://map.naver.com/v5/search/35.8942427499993,126.827086638889">📍 네이버 지도</a>]]></description>
        <styleUrl>#삼각점_style</styleUrl>
        <Point>
          <coordinates>126.827086638889,35.8942427499993,0</coordinates>
        </Point>
      </Placemark>
      <Placemark>
        <name>△ 익산443</name>
        <description><![CDATA[<b>삼각점</b><br>명칭: 익산443<br>위도: 35.836973°N<br>경도: 126.821502°E<br><br><a href="https://map.naver.com/v5/search/35.8369733333326,126.821502138889">📍 네이버 지도</a>]]></description>
        <styleUrl>#삼각점_style</styleUrl>
        <Point>
          <coordinates>126.821502138889,35.8369733333326,0</coordinates>
        </Point>
      </Placemark>
      <Placemark>
        <name>△ 익산444</name>
        <description><![CDATA[<b>삼각점</b><br>명칭: 익산444<br>위도: 35.887116°N<br>경도: 126.803517°E<br><br><a href="https://map.naver.com/v5/search/35.8871157499993,126.803517222222">📍 네이버 지도</a>]]></description>
        <styleUrl>#삼각점_style</styleUrl>
        <Point>
          <coordinates>126.803517222222,35.8871157499993,0</coordinates>
        </Point>
      </Placemark>
      <Placemark>
        <name>△ 익산447</name>
        <description><![CDATA[<b>삼각점</b><br>명칭: 익산447<br>위도: 35.851444°N<br>경도: 126.764624°E<br><br><a href="https://map.naver.com/v5/search/35.8514438888881,126.764624277778">📍 네이버 지도</a>]]></description>
        <styleUrl>#삼각점_style</styleUrl>
        <Point>
          <coordinates>126.764624277778,35.8514438888881,0</coordinates>
        </Point>
      </Placemark>
      <Placemark>
        <name>△ 익산456</name>
        <description><![CDATA[<b>삼각점</b><br>명칭: 익산456<br>위도: 35.784494°N<br>경도: 126.824581°E<br><br><a href="https://map.naver.com/v5/search/35.784494027777,126.824580611111">📍 네이버 지도</a>]]></description>
        <styleUrl>#삼각점_style</styleUrl>
        <Point>
          <coordinates>126.824580611111,35.784494027777,0</coordinates>
        </Point>
      </Placemark>
      <Placemark>
        <name>△ 익산458</name>
        <description><![CDATA[<b>삼각점</b><br>명칭: 익산458<br>위도: 35.830155°N<br>경도: 126.845558°E<br><br><a href="https://map.naver.com/v5/search/35.8301549722215,126.845558166667">📍 네이버 지도</a>]]></description>
        <styleUrl>#삼각점_style</styleUrl>
        <Point>
          <coordinates>126.845558166667,35.8301549722215,0</coordinates>
        </Point>
      </Placemark>
      <Placemark>
        <name>△ 익산459</name>
        <description><![CDATA[<b>삼각점</b><br>명칭: 익산459<br>위도: 35.786516°N<br>경도: 126.852171°E<br><br><a href="https://map.naver.com/v5/search/35.786515527777,126.852171388889">📍 네이버 지도</a>]]></description>
        <styleUrl>#삼각점_style</styleUrl>
        <Point>
          <coordinates>126.852171388889,35.786515527777,0</coordinates>
        </Point>
      </Placemark>
      <Placemark>
        <name>△ 익산468</name>
        <description><![CDATA[<b>삼각점</b><br>명칭: 익산468<br>위도: 35.808164°N<br>경도: 126.935099°E<br><br><a href="https://map.naver.com/v5/search/35.8081644999993,126.935099138889">📍 네이버 지도</a>]]></description>
        <styleUrl>#삼각점_style</styleUrl>
        <Point>
          <coordinates>126.935099138889,35.8081644999993,0</coordinates>
        </Point>
      </Placemark>
      <Placemark>
        <name>△ 익산471</name>
        <description><![CDATA[<b>삼각점</b><br>명칭: 익산471<br>위도: 35.784303°N<br>경도: 126.960669°E<br><br><a href="https://map.naver.com/v5/search/35.7843031111104,126.960668777778">📍 네이버 지도</a>]]></description>
        <styleUrl>#삼각점_style</styleUrl>
        <Point>
          <coordinates>126.960668777778,35.7843031111104,0</coordinates>
        </Point>
      </Placemark>
      <Placemark>
        <name>△ 전주21</name>
        <description><![CDATA[<b>삼각점</b><br>명칭: 전주21<br>위도: 35.949888°N<br>경도: 127.119636°E<br><br><a href="https://map.naver.com/v5/search/35.9498879444437,127.119635861111">📍 네이버 지도</a>]]></description>
        <styleUrl>#삼각점_style</styleUrl>
        <Point>
          <coordinates>127.119635861111,35.9498879444437,0</coordinates>
        </Point>
      </Placemark>
      <Placemark>
        <name>△ 전주22</name>
        <description><![CDATA[<b>삼각점</b><br>명칭: 전주22<br>위도: 35.916024°N<br>경도: 127.218775°E<br><br><a href="https://map.naver.com/v5/search/35.916024166666,127.218775361111">📍 네이버 지도</a>]]></description>
        <styleUrl>#삼각점_style</styleUrl>
        <Point>
          <coordinates>127.218775361111,35.916024166666,0</coordinates>
        </Point>
      </Placemark>
      <Placemark>
        <name>△ 전주23</name>
        <description><![CDATA[<b>삼각점</b><br>명칭: 전주23<br>위도: 35.836165°N<br>경도: 127.087127°E<br><br><a href="https://map.naver.com/v5/search/35.8361652222215,127.087126694444">📍 네이버 지도</a>]]></description>
        <styleUrl>#삼각점_style</styleUrl>
        <Point>
          <coordinates>127.087126694444,35.8361652222215,0</coordinates>
        </Point>
      </Placemark>
      <Placemark>
        <name>△ 전주24</name>
        <description><![CDATA[<b>삼각점</b><br>명칭: 전주24<br>위도: 35.772102°N<br>경도: 127.179163°E<br><br><a href="https://map.naver.com/v5/search/35.7721019166659,127.17916325">📍 네이버 지도</a>]]></description>
        <styleUrl>#삼각점_style</styleUrl>
        <Point>
          <coordinates>127.17916325,35.7721019166659,0</coordinates>
        </Point>
      </Placemark>
      <Placemark>
        <name>△ 전주301</name>
        <description><![CDATA[<b>삼각점</b><br>명칭: 전주301<br>위도: 35.973567°N<br>경도: 127.012439°E<br><br><a href="https://map.naver.com/v5/search/35.9735669722215,127.012438722222">📍 네이버 지도</a>]]></description>
        <styleUrl>#삼각점_style</styleUrl>
        <Point>
          <coordinates>127.012438722222,35.9735669722215,0</coordinates>
        </Point>
      </Placemark>
      <Placemark>
        <name>△ 전주303</name>
        <description><![CDATA[<b>삼각점</b><br>명칭: 전주303<br>위도: 35.998113°N<br>경도: 127.090566°E<br><br><a href="https://map.naver.com/v5/search/35.9981133333327,127.090566222222">📍 네이버 지도</a>]]></description>
        <styleUrl>#삼각점_style</styleUrl>
        <Point>
          <coordinates>127.090566222222,35.9981133333327,0</coordinates>
        </Point>
      </Placemark>
      <Placemark>
        <name>△ 전주304</name>
        <description><![CDATA[<b>삼각점</b><br>명칭: 전주304<br>위도: 35.972629°N<br>경도: 127.152346°E<br><br><a href="https://map.naver.com/v5/search/35.9726289999993,127.152346194444">📍 네이버 지도</a>]]></description>
        <styleUrl>#삼각점_style</styleUrl>
        <Point>
          <coordinates>127.152346194444,35.9726289999993,0</coordinates>
        </Point>
      </Placemark>
      <Placemark>
        <name>△ 전주305</name>
        <description><![CDATA[<b>삼각점</b><br>명칭: 전주305<br>위도: 35.954145°N<br>경도: 127.226250°E<br><br><a href="https://map.naver.com/v5/search/35.9541454444437,127.22625">📍 네이버 지도</a>]]></description>
        <styleUrl>#삼각점_style</styleUrl>
        <Point>
          <coordinates>127.22625,35.9541454444437,0</coordinates>
        </Point>
      </Placemark>
      <Placemark>
        <name>△ 전주306</name>
        <description><![CDATA[<b>삼각점</b><br>명칭: 전주306<br>위도: 35.995217°N<br>경도: 127.236990°E<br><br><a href="https://map.naver.com/v5/search/35.9952166388882,127.236990333333">📍 네이버 지도</a>]]></description>
        <styleUrl>#삼각점_style</styleUrl>
        <Point>
          <coordinates>127.236990333333,35.9952166388882,0</coordinates>
        </Point>
      </Placemark>
      <Placemark>
        <name>△ 전주307</name>
        <description><![CDATA[<b>삼각점</b><br>명칭: 전주307<br>위도: 35.870177°N<br>경도: 127.176698°E<br><br><a href="https://map.naver.com/v5/search/35.8701768611104,127.176697527778">📍 네이버 지도</a>]]></description>
        <styleUrl>#삼각점_style</styleUrl>
        <Point>
          <coordinates>127.176697527778,35.8701768611104,0</coordinates>
        </Point>
      </Placemark>
      <Placemark>
        <name>△ 전주309</name>
        <description><![CDATA[<b>삼각점</b><br>명칭: 전주309<br>위도: 35.915606°N<br>경도: 127.118014°E<br><br><a href="https://map.naver.com/v5/search/35.9156063611104,127.118014305556">📍 네이버 지도</a>]]></description>
        <styleUrl>#삼각점_style</styleUrl>
        <Point>
          <coordinates>127.118014305556,35.9156063611104,0</coordinates>
        </Point>
      </Placemark>
      <Placemark>
        <name>△ 전주310</name>
        <description><![CDATA[<b>삼각점</b><br>명칭: 전주310<br>위도: 35.901173°N<br>경도: 127.070918°E<br><br><a href="https://map.naver.com/v5/search/35.9011730277771,127.070918388889">📍 네이버 지도</a>]]></description>
        <styleUrl>#삼각점_style</styleUrl>
        <Point>
          <coordinates>127.070918388889,35.9011730277771,0</coordinates>
        </Point>
      </Placemark>
      <Placemark>
        <name>△ 전주311</name>
        <description><![CDATA[<b>삼각점</b><br>명칭: 전주311<br>위도: 35.869491°N<br>경도: 127.044385°E<br><br><a href="https://map.naver.com/v5/search/35.8694908611104,127.044385277778">📍 네이버 지도</a>]]></description>
        <styleUrl>#삼각점_style</styleUrl>
        <Point>
          <coordinates>127.044385277778,35.8694908611104,0</coordinates>
        </Point>
      </Placemark>
      <Placemark>
        <name>△ 전주312</name>
        <description><![CDATA[<b>삼각점</b><br>명칭: 전주312<br>위도: 35.918988°N<br>경도: 127.027135°E<br><br><a href="https://map.naver.com/v5/search/35.9189883611104,127.027134611111">📍 네이버 지도</a>]]></description>
        <styleUrl>#삼각점_style</styleUrl>
        <Point>
          <coordinates>127.027134611111,35.9189883611104,0</coordinates>
        </Point>
      </Placemark>
      <Placemark>
        <name>△ 전주313</name>
        <description><![CDATA[<b>삼각점</b><br>명칭: 전주313<br>위도: 35.826855°N<br>경도: 127.037354°E<br><br><a href="https://map.naver.com/v5/search/35.8268546388882,127.037354444444">📍 네이버 지도</a>]]></description>
        <styleUrl>#삼각점_style</styleUrl>
        <Point>
          <coordinates>127.037354444444,35.8268546388882,0</coordinates>
        </Point>
      </Placemark>
      <Placemark>
        <name>△ 전주314</name>
        <description><![CDATA[<b>삼각점</b><br>명칭: 전주314<br>위도: 35.798661°N<br>경도: 127.054720°E<br><br><a href="https://map.naver.com/v5/search/35.7986608888881,127.054719777778">📍 네이버 지도</a>]]></description>
        <styleUrl>#삼각점_style</styleUrl>
        <Point>
          <coordinates>127.054719777778,35.7986608888881,0</coordinates>
        </Point>
      </Placemark>
      <Placemark>
        <name>△ 전주315</name>
        <description><![CDATA[<b>삼각점</b><br>명칭: 전주315<br>위도: 35.786616°N<br>경도: 127.096982°E<br><br><a href="https://map.naver.com/v5/search/35.7866162222215,127.096981916667">📍 네이버 지도</a>]]></description>
        <styleUrl>#삼각점_style</styleUrl>
        <Point>
          <coordinates>127.096981916667,35.7866162222215,0</coordinates>
        </Point>
      </Placemark>
      <Placemark>
        <name>△ 전주316</name>
        <description><![CDATA[<b>삼각점</b><br>명칭: 전주316<br>위도: 35.817492°N<br>경도: 127.133024°E<br><br><a href="https://map.naver.com/v5/search/35.8174916111104,127.133024472222">📍 네이버 지도</a>]]></description>
        <styleUrl>#삼각점_style</styleUrl>
        <Point>
          <coordinates>127.133024472222,35.8174916111104,0</coordinates>
        </Point>
      </Placemark>
      <Placemark>
        <name>△ 전주317</name>
        <description><![CDATA[<b>삼각점</b><br>명칭: 전주317<br>위도: 35.824956°N<br>경도: 127.211292°E<br><br><a href="https://map.naver.com/v5/search/35.8249555555548,127.211291555556">📍 네이버 지도</a>]]></description>
        <styleUrl>#삼각점_style</styleUrl>
        <Point>
          <coordinates>127.211291555556,35.8249555555548,0</coordinates>
        </Point>
      </Placemark>
      <Placemark>
        <name>△ 전주318</name>
        <description><![CDATA[<b>삼각점</b><br>명칭: 전주318<br>위도: 35.761446°N<br>경도: 127.236471°E<br><br><a href="https://map.naver.com/v5/search/35.7614458333326,127.236470555556">📍 네이버 지도</a>]]></description>
        <styleUrl>#삼각점_style</styleUrl>
        <Point>
          <coordinates>127.236470555556,35.7614458333326,0</coordinates>
        </Point>
      </Placemark>
      <Placemark>
        <name>△ 전주401</name>
        <description><![CDATA[<b>삼각점</b><br>명칭: 전주401<br>위도: 35.990884°N<br>경도: 127.005758°E<br><br><a href="https://map.naver.com/v5/search/35.9908836388882,127.005757666667">📍 네이버 지도</a>]]></description>
        <styleUrl>#삼각점_style</styleUrl>
        <Point>
          <coordinates>127.005757666667,35.9908836388882,0</coordinates>
        </Point>
      </Placemark>
      <Placemark>
        <name>△ 전주405</name>
        <description><![CDATA[<b>삼각점</b><br>명칭: 전주405<br>위도: 35.932587°N<br>경도: 127.046475°E<br><br><a href="https://map.naver.com/v5/search/35.9325865277771,127.046475361111">📍 네이버 지도</a>]]></description>
        <styleUrl>#삼각점_style</styleUrl>
        <Point>
          <coordinates>127.046475361111,35.9325865277771,0</coordinates>
        </Point>
      </Placemark>
      <Placemark>
        <name>△ 전주407</name>
        <description><![CDATA[<b>삼각점</b><br>명칭: 전주407<br>위도: 35.983061°N<br>경도: 127.065395°E<br><br><a href="https://map.naver.com/v5/search/35.9830614999993,127.065394527778">📍 네이버 지도</a>]]></description>
        <styleUrl>#삼각점_style</styleUrl>
        <Point>
          <coordinates>127.065394527778,35.9830614999993,0</coordinates>
        </Point>
      </Placemark>
      <Placemark>
        <name>△ 전주408</name>
        <description><![CDATA[<b>삼각점</b><br>명칭: 전주408<br>위도: 35.965164°N<br>경도: 127.078034°E<br><br><a href="https://map.naver.com/v5/search/35.9651636944438,127.078033777778">📍 네이버 지도</a>]]></description>
        <styleUrl>#삼각점_style</styleUrl>
        <Point>
          <coordinates>127.078033777778,35.9651636944438,0</coordinates>
        </Point>
      </Placemark>
      <Placemark>
        <name>△ 전주409</name>
        <description><![CDATA[<b>삼각점</b><br>명칭: 전주409<br>위도: 35.925206°N<br>경도: 127.071693°E<br><br><a href="https://map.naver.com/v5/search/35.925205916666,127.071693444444">📍 네이버 지도</a>]]></description>
        <styleUrl>#삼각점_style</styleUrl>
        <Point>
          <coordinates>127.071693444444,35.925205916666,0</coordinates>
        </Point>
      </Placemark>
      <Placemark>
        <name>△ 전주410</name>
        <description><![CDATA[<b>삼각점</b><br>명칭: 전주410<br>위도: 35.939880°N<br>경도: 127.090443°E<br><br><a href="https://map.naver.com/v5/search/35.939879666666,127.090443277778">📍 네이버 지도</a>]]></description>
        <styleUrl>#삼각점_style</styleUrl>
        <Point>
          <coordinates>127.090443277778,35.939879666666,0</coordinates>
        </Point>
      </Placemark>
      <Placemark>
        <name>△ 전주411</name>
        <description><![CDATA[<b>삼각점</b><br>명칭: 전주411<br>위도: 35.967720°N<br>경도: 127.093597°E<br><br><a href="https://map.naver.com/v5/search/35.9677198333326,127.093596777778">📍 네이버 지도</a>]]></description>
        <styleUrl>#삼각점_style</styleUrl>
        <Point>
          <coordinates>127.093596777778,35.9677198333326,0</coordinates>
        </Point>
      </Placemark>
      <Placemark>
        <name>△ 전주412</name>
        <description><![CDATA[<b>삼각점</b><br>명칭: 전주412<br>위도: 35.919389°N<br>경도: 127.093820°E<br><br><a href="https://map.naver.com/v5/search/35.9193888611104,127.093819555556">📍 네이버 지도</a>]]></description>
        <styleUrl>#삼각점_style</styleUrl>
        <Point>
          <coordinates>127.093819555556,35.9193888611104,0</coordinates>
        </Point>
      </Placemark>
      <Placemark>
        <name>△ 전주414</name>
        <description><![CDATA[<b>삼각점</b><br>명칭: 전주414<br>위도: 35.963491°N<br>경도: 127.119694°E<br><br><a href="https://map.naver.com/v5/search/35.9634908333326,127.119694166667">📍 네이버 지도</a>]]></description>
        <styleUrl>#삼각점_style</styleUrl>
        <Point>
          <coordinates>127.119694166667,35.9634908333326,0</coordinates>
        </Point>
      </Placemark>
      <Placemark>
        <name>△ 전주415</name>
        <description><![CDATA[<b>삼각점</b><br>명칭: 전주415<br>위도: 35.993015°N<br>경도: 127.133206°E<br><br><a href="https://map.naver.com/v5/search/35.9930147499993,127.133205666667">📍 네이버 지도</a>]]></description>
        <styleUrl>#삼각점_style</styleUrl>
        <Point>
          <coordinates>127.133205666667,35.9930147499993,0</coordinates>
        </Point>
      </Placemark>
      <Placemark>
        <name>△ 전주417</name>
        <description><![CDATA[<b>삼각점</b><br>명칭: 전주417<br>위도: 35.950765°N<br>경도: 127.148767°E<br><br><a href="https://map.naver.com/v5/search/35.9507649999993,127.148767333333">📍 네이버 지도</a>]]></description>
        <styleUrl>#삼각점_style</styleUrl>
        <Point>
          <coordinates>127.148767333333,35.9507649999993,0</coordinates>
        </Point>
      </Placemark>
      <Placemark>
        <name>△ 전주419</name>
        <description><![CDATA[<b>삼각점</b><br>명칭: 전주419<br>위도: 35.989552°N<br>경도: 127.175405°E<br><br><a href="https://map.naver.com/v5/search/35.9895517499993,127.175404638889">📍 네이버 지도</a>]]></description>
        <styleUrl>#삼각점_style</styleUrl>
        <Point>
          <coordinates>127.175404638889,35.9895517499993,0</coordinates>
        </Point>
      </Placemark>
      <Placemark>
        <name>△ 전주420</name>
        <description><![CDATA[<b>삼각점</b><br>명칭: 전주420<br>위도: 35.955665°N<br>경도: 127.178717°E<br><br><a href="https://map.naver.com/v5/search/35.9556653888882,127.178716777778">📍 네이버 지도</a>]]></description>
        <styleUrl>#삼각점_style</styleUrl>
        <Point>
          <coordinates>127.178716777778,35.9556653888882,0</coordinates>
        </Point>
      </Placemark>
      <Placemark>
        <name>△ 전주421</name>
        <description><![CDATA[<b>삼각점</b><br>명칭: 전주421<br>위도: 35.937161°N<br>경도: 127.182998°E<br><br><a href="https://map.naver.com/v5/search/35.937161416666,127.182998361111">📍 네이버 지도</a>]]></description>
        <styleUrl>#삼각점_style</styleUrl>
        <Point>
          <coordinates>127.182998361111,35.937161416666,0</coordinates>
        </Point>
      </Placemark>
      <Placemark>
        <name>△ 전주422</name>
        <description><![CDATA[<b>삼각점</b><br>명칭: 전주422<br>위도: 35.976978°N<br>경도: 127.184297°E<br><br><a href="https://map.naver.com/v5/search/35.9769775277771,127.184296833333">📍 네이버 지도</a>]]></description>
        <styleUrl>#삼각점_style</styleUrl>
        <Point>
          <coordinates>127.184296833333,35.9769775277771,0</coordinates>
        </Point>
      </Placemark>
      <Placemark>
        <name>△ 전주423</name>
        <description><![CDATA[<b>삼각점</b><br>명칭: 전주423<br>위도: 35.962410°N<br>경도: 127.200457°E<br><br><a href="https://map.naver.com/v5/search/35.9624100555549,127.200456888889">📍 네이버 지도</a>]]></description>
        <styleUrl>#삼각점_style</styleUrl>
        <Point>
          <coordinates>127.200456888889,35.9624100555549,0</coordinates>
        </Point>
      </Placemark>
      <Placemark>
        <name>△ 전주425</name>
        <description><![CDATA[<b>삼각점</b><br>명칭: 전주425<br>위도: 35.940035°N<br>경도: 127.208151°E<br><br><a href="https://map.naver.com/v5/search/35.9400345833326,127.20815125">📍 네이버 지도</a>]]></description>
        <styleUrl>#삼각점_style</styleUrl>
        <Point>
          <coordinates>127.20815125,35.9400345833326,0</coordinates>
        </Point>
      </Placemark>
      <Placemark>
        <name>△ 전주426</name>
        <description><![CDATA[<b>삼각점</b><br>명칭: 전주426<br>위도: 35.980447°N<br>경도: 127.213049°E<br><br><a href="https://map.naver.com/v5/search/35.9804470277771,127.213048583333">📍 네이버 지도</a>]]></description>
        <styleUrl>#삼각점_style</styleUrl>
        <Point>
          <coordinates>127.213048583333,35.9804470277771,0</coordinates>
        </Point>
      </Placemark>
      <Placemark>
        <name>△ 전주427</name>
        <description><![CDATA[<b>삼각점</b><br>명칭: 전주427<br>위도: 35.979292°N<br>경도: 127.240816°E<br><br><a href="https://map.naver.com/v5/search/35.9792918333326,127.240816083333">📍 네이버 지도</a>]]></description>
        <styleUrl>#삼각점_style</styleUrl>
        <Point>
          <coordinates>127.240816083333,35.9792918333326,0</coordinates>
        </Point>
      </Placemark>
      <Placemark>
        <name>△ 전주428</name>
        <description><![CDATA[<b>삼각점</b><br>명칭: 전주428<br>위도: 35.934375°N<br>경도: 127.246016°E<br><br><a href="https://map.naver.com/v5/search/35.9343754999993,127.246016361111">📍 네이버 지도</a>]]></description>
        <styleUrl>#삼각점_style</styleUrl>
        <Point>
          <coordinates>127.246016361111,35.9343754999993,0</coordinates>
        </Point>
      </Placemark>
      <Placemark>
        <name>△ 전주429</name>
        <description><![CDATA[<b>삼각점</b><br>명칭: 전주429<br>위도: 35.897565°N<br>경도: 127.248548°E<br><br><a href="https://map.naver.com/v5/search/35.8975648611104,127.24854775">📍 네이버 지도</a>]]></description>
        <styleUrl>#삼각점_style</styleUrl>
        <Point>
          <coordinates>127.24854775,35.8975648611104,0</coordinates>
        </Point>
      </Placemark>
      <Placemark>
        <name>△ 전주430</name>
        <description><![CDATA[<b>삼각점</b><br>명칭: 전주430<br>위도: 35.871085°N<br>경도: 127.241342°E<br><br><a href="https://map.naver.com/v5/search/35.871084777777,127.241342416667">📍 네이버 지도</a>]]></description>
        <styleUrl>#삼각점_style</styleUrl>
        <Point>
          <coordinates>127.241342416667,35.871084777777,0</coordinates>
        </Point>
      </Placemark>
      <Placemark>
        <name>△ 전주431</name>
        <description><![CDATA[<b>삼각점</b><br>명칭: 전주431<br>위도: 35.860374°N<br>경도: 127.235202°E<br><br><a href="https://map.naver.com/v5/search/35.8603739999993,127.235201805556">📍 네이버 지도</a>]]></description>
        <styleUrl>#삼각점_style</styleUrl>
        <Point>
          <coordinates>127.235201805556,35.8603739999993,0</coordinates>
        </Point>
      </Placemark>
      <Placemark>
        <name>△ 전주432</name>
        <description><![CDATA[<b>삼각점</b><br>명칭: 전주432<br>위도: 35.868425°N<br>경도: 127.217349°E<br><br><a href="https://map.naver.com/v5/search/35.8684254722215,127.217349472222">📍 네이버 지도</a>]]></description>
        <styleUrl>#삼각점_style</styleUrl>
        <Point>
          <coordinates>127.217349472222,35.8684254722215,0</coordinates>
        </Point>
      </Placemark>
      <Placemark>
        <name>△ 전주433</name>
        <description><![CDATA[<b>삼각점</b><br>명칭: 전주433<br>위도: 35.849085°N<br>경도: 127.216688°E<br><br><a href="https://map.naver.com/v5/search/35.849085027777,127.216687722222">📍 네이버 지도</a>]]></description>
        <styleUrl>#삼각점_style</styleUrl>
        <Point>
          <coordinates>127.216687722222,35.849085027777,0</coordinates>
        </Point>
      </Placemark>
      <Placemark>
        <name>△ 전주434</name>
        <description><![CDATA[<b>삼각점</b><br>명칭: 전주434<br>위도: 35.891201°N<br>경도: 127.203578°E<br><br><a href="https://map.naver.com/v5/search/35.8912012222215,127.203577666667">📍 네이버 지도</a>]]></description>
        <styleUrl>#삼각점_style</styleUrl>
        <Point>
          <coordinates>127.203577666667,35.8912012222215,0</coordinates>
        </Point>
      </Placemark>
      <Placemark>
        <name>△ 전주435</name>
        <description><![CDATA[<b>삼각점</b><br>명칭: 전주435<br>위도: 35.900637°N<br>경도: 127.183766°E<br><br><a href="https://map.naver.com/v5/search/35.900637416666,127.183766277778">📍 네이버 지도</a>]]></description>
        <styleUrl>#삼각점_style</styleUrl>
        <Point>
          <coordinates>127.183766277778,35.900637416666,0</coordinates>
        </Point>
      </Placemark>
      <Placemark>
        <name>△ 전주439</name>
        <description><![CDATA[<b>삼각점</b><br>명칭: 전주439<br>위도: 35.851007°N<br>경도: 127.150584°E<br><br><a href="https://map.naver.com/v5/search/35.8510068611104,127.150584055556">📍 네이버 지도</a>]]></description>
        <styleUrl>#삼각점_style</styleUrl>
        <Point>
          <coordinates>127.150584055556,35.8510068611104,0</coordinates>
        </Point>
      </Placemark>
      <Placemark>
        <name>△ 전주440</name>
        <description><![CDATA[<b>삼각점</b><br>명칭: 전주440<br>위도: 35.881177°N<br>경도: 127.143533°E<br><br><a href="https://map.naver.com/v5/search/35.881177277777,127.143532666667">📍 네이버 지도</a>]]></description>
        <styleUrl>#삼각점_style</styleUrl>
        <Point>
          <coordinates>127.143532666667,35.881177277777,0</coordinates>
        </Point>
      </Placemark>
      <Placemark>
        <name>△ 전주441</name>
        <description><![CDATA[<b>삼각점</b><br>명칭: 전주441<br>위도: 35.851602°N<br>경도: 127.138130°E<br><br><a href="https://map.naver.com/v5/search/35.8516021388882,127.1381295">📍 네이버 지도</a>]]></description>
        <styleUrl>#삼각점_style</styleUrl>
        <Point>
          <coordinates>127.1381295,35.8516021388882,0</coordinates>
        </Point>
      </Placemark>
      <Placemark>
        <name>△ 전주445</name>
        <description><![CDATA[<b>삼각점</b><br>명칭: 전주445<br>위도: 35.898567°N<br>경도: 127.103670°E<br><br><a href="https://map.naver.com/v5/search/35.8985671666659,127.103669972222">📍 네이버 지도</a>]]></description>
        <styleUrl>#삼각점_style</styleUrl>
        <Point>
          <coordinates>127.103669972222,35.8985671666659,0</coordinates>
        </Point>
      </Placemark>
      <Placemark>
        <name>△ 전주448</name>
        <description><![CDATA[<b>삼각점</b><br>명칭: 전주448<br>위도: 35.859125°N<br>경도: 127.071074°E<br><br><a href="https://map.naver.com/v5/search/35.8591253611104,127.071073694444">📍 네이버 지도</a>]]></description>
        <styleUrl>#삼각점_style</styleUrl>
        <Point>
          <coordinates>127.071073694444,35.8591253611104,0</coordinates>
        </Point>
      </Placemark>
      <Placemark>
        <name>△ 전주455</name>
        <description><![CDATA[<b>삼각점</b><br>명칭: 전주455<br>위도: 35.851949°N<br>경도: 127.014669°E<br><br><a href="https://map.naver.com/v5/search/35.8519488611104,127.014668944444">📍 네이버 지도</a>]]></description>
        <styleUrl>#삼각점_style</styleUrl>
        <Point>
          <coordinates>127.014668944444,35.8519488611104,0</coordinates>
        </Point>
      </Placemark>
      <Placemark>
        <name>△ 전주456</name>
        <description><![CDATA[<b>삼각점</b><br>명칭: 전주456<br>위도: 35.808093°N<br>경도: 127.008348°E<br><br><a href="https://map.naver.com/v5/search/35.8080932222215,127.008347833333">📍 네이버 지도</a>]]></description>
        <styleUrl>#삼각점_style</styleUrl>
        <Point>
          <coordinates>127.008347833333,35.8080932222215,0</coordinates>
        </Point>
      </Placemark>
      <Placemark>
        <name>△ 전주457</name>
        <description><![CDATA[<b>삼각점</b><br>명칭: 전주457<br>위도: 35.768009°N<br>경도: 127.010788°E<br><br><a href="https://map.naver.com/v5/search/35.7680087499992,127.010788444444">📍 네이버 지도</a>]]></description>
        <styleUrl>#삼각점_style</styleUrl>
        <Point>
          <coordinates>127.010788444444,35.7680087499992,0</coordinates>
        </Point>
      </Placemark>
      <Placemark>
        <name>△ 전주459</name>
        <description><![CDATA[<b>삼각점</b><br>명칭: 전주459<br>위도: 35.781789°N<br>경도: 127.021475°E<br><br><a href="https://map.naver.com/v5/search/35.7817888611104,127.021474611111">📍 네이버 지도</a>]]></description>
        <styleUrl>#삼각점_style</styleUrl>
        <Point>
          <coordinates>127.021474611111,35.7817888611104,0</coordinates>
        </Point>
      </Placemark>
      <Placemark>
        <name>△ 전주460</name>
        <description><![CDATA[<b>삼각점</b><br>명칭: 전주460<br>위도: 35.801065°N<br>경도: 127.029219°E<br><br><a href="https://map.naver.com/v5/search/35.8010651944437,127.029219083333">📍 네이버 지도</a>]]></description>
        <styleUrl>#삼각점_style</styleUrl>
        <Point>
          <coordinates>127.029219083333,35.8010651944437,0</coordinates>
        </Point>
      </Placemark>
      <Placemark>
        <name>△ 전주461</name>
        <description><![CDATA[<b>삼각점</b><br>명칭: 전주461<br>위도: 35.779952°N<br>경도: 127.040900°E<br><br><a href="https://map.naver.com/v5/search/35.779952027777,127.040899833333">📍 네이버 지도</a>]]></description>
        <styleUrl>#삼각점_style</styleUrl>
        <Point>
          <coordinates>127.040899833333,35.779952027777,0</coordinates>
        </Point>
      </Placemark>
      <Placemark>
        <name>△ 전주462</name>
        <description><![CDATA[<b>삼각점</b><br>명칭: 전주462<br>위도: 35.759694°N<br>경도: 127.051128°E<br><br><a href="https://map.naver.com/v5/search/35.7596943888881,127.051128138889">📍 네이버 지도</a>]]></description>
        <styleUrl>#삼각점_style</styleUrl>
        <Point>
          <coordinates>127.051128138889,35.7596943888881,0</coordinates>
        </Point>
      </Placemark>
      <Placemark>
        <name>△ 전주464</name>
        <description><![CDATA[<b>삼각점</b><br>명칭: 전주464<br>위도: 35.773628°N<br>경도: 127.073265°E<br><br><a href="https://map.naver.com/v5/search/35.7736279722215,127.073264833333">📍 네이버 지도</a>]]></description>
        <styleUrl>#삼각점_style</styleUrl>
        <Point>
          <coordinates>127.073264833333,35.7736279722215,0</coordinates>
        </Point>
      </Placemark>
      <Placemark>
        <name>△ 전주465</name>
        <description><![CDATA[<b>삼각점</b><br>명칭: 전주465<br>위도: 35.790538°N<br>경도: 127.074111°E<br><br><a href="https://map.naver.com/v5/search/35.7905378055548,127.074110555556">📍 네이버 지도</a>]]></description>
        <styleUrl>#삼각점_style</styleUrl>
        <Point>
          <coordinates>127.074110555556,35.7905378055548,0</coordinates>
        </Point>
      </Placemark>
      <Placemark>
        <name>△ 전주466</name>
        <description><![CDATA[<b>삼각점</b><br>명칭: 전주466<br>위도: 35.812952°N<br>경도: 127.074907°E<br><br><a href="https://map.naver.com/v5/search/35.8129517222215,127.0749075">📍 네이버 지도</a>]]></description>
        <styleUrl>#삼각점_style</styleUrl>
        <Point>
          <coordinates>127.0749075,35.8129517222215,0</coordinates>
        </Point>
      </Placemark>
      <Placemark>
        <name>△ 전주474</name>
        <description><![CDATA[<b>삼각점</b><br>명칭: 전주474<br>위도: 35.780273°N<br>경도: 127.148921°E<br><br><a href="https://map.naver.com/v5/search/35.7802728333326,127.148920722222">📍 네이버 지도</a>]]></description>
        <styleUrl>#삼각점_style</styleUrl>
        <Point>
          <coordinates>127.148920722222,35.7802728333326,0</coordinates>
        </Point>
      </Placemark>
      <Placemark>
        <name>△ 전주475</name>
        <description><![CDATA[<b>삼각점</b><br>명칭: 전주475<br>위도: 35.829750°N<br>경도: 127.150766°E<br><br><a href="https://map.naver.com/v5/search/35.8297496666659,127.1507655">📍 네이버 지도</a>]]></description>
        <styleUrl>#삼각점_style</styleUrl>
        <Point>
          <coordinates>127.1507655,35.8297496666659,0</coordinates>
        </Point>
      </Placemark>
      <Placemark>
        <name>△ 전주476</name>
        <description><![CDATA[<b>삼각점</b><br>명칭: 전주476<br>위도: 35.815422°N<br>경도: 127.158952°E<br><br><a href="https://map.naver.com/v5/search/35.8154220833326,127.158952416667">📍 네이버 지도</a>]]></description>
        <styleUrl>#삼각점_style</styleUrl>
        <Point>
          <coordinates>127.158952416667,35.8154220833326,0</coordinates>
        </Point>
      </Placemark>
      <Placemark>
        <name>△ 전주477</name>
        <description><![CDATA[<b>삼각점</b><br>명칭: 전주477<br>위도: 35.800624°N<br>경도: 127.160788°E<br><br><a href="https://map.naver.com/v5/search/35.8006238333326,127.160788444444">📍 네이버 지도</a>]]></description>
        <styleUrl>#삼각점_style</styleUrl>
        <Point>
          <coordinates>127.160788444444,35.8006238333326,0</coordinates>
        </Point>
      </Placemark>
      <Placemark>
        <name>△ 전주478</name>
        <description><![CDATA[<b>삼각점</b><br>명칭: 전주478<br>위도: 35.828167°N<br>경도: 127.182274°E<br><br><a href="https://map.naver.com/v5/search/35.8281674166659,127.182273694444">📍 네이버 지도</a>]]></description>
        <styleUrl>#삼각점_style</styleUrl>
        <Point>
          <coordinates>127.182273694444,35.8281674166659,0</coordinates>
        </Point>
      </Placemark>
      <Placemark>
        <name>△ 전주479</name>
        <description><![CDATA[<b>삼각점</b><br>명칭: 전주479<br>위도: 35.809756°N<br>경도: 127.173875°E<br><br><a href="https://map.naver.com/v5/search/35.809755777777,127.173875333333">📍 네이버 지도</a>]]></description>
        <styleUrl>#삼각점_style</styleUrl>
        <Point>
          <coordinates>127.173875333333,35.809755777777,0</coordinates>
        </Point>
      </Placemark>
      <Placemark>
        <name>△ 전주480</name>
        <description><![CDATA[<b>삼각점</b><br>명칭: 전주480<br>위도: 35.791774°N<br>경도: 127.182884°E<br><br><a href="https://map.naver.com/v5/search/35.7917736388881,127.182884388889">📍 네이버 지도</a>]]></description>
        <styleUrl>#삼각점_style</styleUrl>
        <Point>
          <coordinates>127.182884388889,35.7917736388881,0</coordinates>
        </Point>
      </Placemark>
      <Placemark>
        <name>△ 전주481</name>
        <description><![CDATA[<b>삼각점</b><br>명칭: 전주481<br>위도: 35.753769°N<br>경도: 127.200621°E<br><br><a href="https://map.naver.com/v5/search/35.7537692222215,127.200620972222">📍 네이버 지도</a>]]></description>
        <styleUrl>#삼각점_style</styleUrl>
        <Point>
          <coordinates>127.200620972222,35.7537692222215,0</coordinates>
        </Point>
      </Placemark>
      <Placemark>
        <name>△ 전주482</name>
        <description><![CDATA[<b>삼각점</b><br>명칭: 전주482<br>위도: 35.781830°N<br>경도: 127.213201°E<br><br><a href="https://map.naver.com/v5/search/35.7818304722215,127.213201194444">📍 네이버 지도</a>]]></description>
        <styleUrl>#삼각점_style</styleUrl>
        <Point>
          <coordinates>127.213201194444,35.7818304722215,0</coordinates>
        </Point>
      </Placemark>
      <Placemark>
        <name>△ 전주483</name>
        <description><![CDATA[<b>삼각점</b><br>명칭: 전주483<br>위도: 35.805630°N<br>경도: 127.207144°E<br><br><a href="https://map.naver.com/v5/search/35.8056301388881,127.207143861111">📍 네이버 지도</a>]]></description>
        <styleUrl>#삼각점_style</styleUrl>
        <Point>
          <coordinates>127.207143861111,35.8056301388881,0</coordinates>
        </Point>
      </Placemark>
      <Placemark>
        <name>△ 전주484</name>
        <description><![CDATA[<b>삼각점</b><br>명칭: 전주484<br>위도: 35.830098°N<br>경도: 127.234155°E<br><br><a href="https://map.naver.com/v5/search/35.8300980555548,127.2341545">📍 네이버 지도</a>]]></description>
        <styleUrl>#삼각점_style</styleUrl>
        <Point>
          <coordinates>127.2341545,35.8300980555548,0</coordinates>
        </Point>
      </Placemark>
      <Placemark>
        <name>△ 전주485</name>
        <description><![CDATA[<b>삼각점</b><br>명칭: 전주485<br>위도: 35.786504°N<br>경도: 127.237016°E<br><br><a href="https://map.naver.com/v5/search/35.786504027777,127.237016027778">📍 네이버 지도</a>]]></description>
        <styleUrl>#삼각점_style</styleUrl>
        <Point>
          <coordinates>127.237016027778,35.786504027777,0</coordinates>
        </Point>
      </Placemark>
      <Placemark>
        <name>△ 전주486</name>
        <description><![CDATA[<b>삼각점</b><br>명칭: 전주486<br>위도: 35.811138°N<br>경도: 127.246037°E<br><br><a href="https://map.naver.com/v5/search/35.8111380833326,127.246037">📍 네이버 지도</a>]]></description>
        <styleUrl>#삼각점_style</styleUrl>
        <Point>
          <coordinates>127.246037,35.8111380833326,0</coordinates>
        </Point>
      </Placemark>
      <Placemark>
        <name>△ 진안11</name>
        <description><![CDATA[<b>삼각점</b><br>명칭: 진안11<br>위도: 35.911282°N<br>경도: 127.357701°E<br><br><a href="https://map.naver.com/v5/search/35.9112817222215,127.357700972222">📍 네이버 지도</a>]]></description>
        <styleUrl>#삼각점_style</styleUrl>
        <Point>
          <coordinates>127.357700972222,35.9112817222215,0</coordinates>
        </Point>
      </Placemark>
      <Placemark>
        <name>△ 진안22</name>
        <description><![CDATA[<b>삼각점</b><br>명칭: 진안22<br>위도: 35.991585°N<br>경도: 127.410507°E<br><br><a href="https://map.naver.com/v5/search/35.9915848055549,127.410507111111">📍 네이버 지도</a>]]></description>
        <styleUrl>#삼각점_style</styleUrl>
        <Point>
          <coordinates>127.410507111111,35.9915848055549,0</coordinates>
        </Point>
      </Placemark>
      <Placemark>
        <name>△ 진안23</name>
        <description><![CDATA[<b>삼각점</b><br>명칭: 진안23<br>위도: 35.974493°N<br>경도: 127.489106°E<br><br><a href="https://map.naver.com/v5/search/35.9744925555549,127.489106361111">📍 네이버 지도</a>]]></description>
        <styleUrl>#삼각점_style</styleUrl>
        <Point>
          <coordinates>127.489106361111,35.9744925555549,0</coordinates>
        </Point>
      </Placemark>
      <Placemark>
        <name>△ 진안24</name>
        <description><![CDATA[<b>삼각점</b><br>명칭: 진안24<br>위도: 35.903555°N<br>경도: 127.447653°E<br><br><a href="https://map.naver.com/v5/search/35.9035549722215,127.447653416667">📍 네이버 지도</a>]]></description>
        <styleUrl>#삼각점_style</styleUrl>
        <Point>
          <coordinates>127.447653416667,35.9035549722215,0</coordinates>
        </Point>
      </Placemark>
      <Placemark>
        <name>△ 진안25</name>
        <description><![CDATA[<b>삼각점</b><br>명칭: 진안25<br>위도: 35.791225°N<br>경도: 127.272575°E<br><br><a href="https://map.naver.com/v5/search/35.7912248055548,127.272574555556">📍 네이버 지도</a>]]></description>
        <styleUrl>#삼각점_style</styleUrl>
        <Point>
          <coordinates>127.272574555556,35.7912248055548,0</coordinates>
        </Point>
      </Placemark>
      <Placemark>
        <name>△ 진안301</name>
        <description><![CDATA[<b>삼각점</b><br>명칭: 진안301<br>위도: 35.933337°N<br>경도: 127.285091°E<br><br><a href="https://map.naver.com/v5/search/35.933337416666,127.285090972222">📍 네이버 지도</a>]]></description>
        <styleUrl>#삼각점_style</styleUrl>
        <Point>
          <coordinates>127.285090972222,35.933337416666,0</coordinates>
        </Point>
      </Placemark>
      <Placemark>
        <name>△ 진안306</name>
        <description><![CDATA[<b>삼각점</b><br>명칭: 진안306<br>위도: 35.854802°N<br>경도: 127.456171°E<br><br><a href="https://map.naver.com/v5/search/35.8548020555548,127.45617125">📍 네이버 지도</a>]]></description>
        <styleUrl>#삼각점_style</styleUrl>
        <Point>
          <coordinates>127.45617125,35.8548020555548,0</coordinates>
        </Point>
      </Placemark>
      <Placemark>
        <name>△ 진안308</name>
        <description><![CDATA[<b>삼각점</b><br>명칭: 진안308<br>위도: 35.859578°N<br>경도: 127.360913°E<br><br><a href="https://map.naver.com/v5/search/35.859578277777,127.360912722222">📍 네이버 지도</a>]]></description>
        <styleUrl>#삼각점_style</styleUrl>
        <Point>
          <coordinates>127.360912722222,35.859578277777,0</coordinates>
        </Point>
      </Placemark>
      <Placemark>
        <name>△ 진안311</name>
        <description><![CDATA[<b>삼각점</b><br>명칭: 진안311<br>위도: 35.837692°N<br>경도: 127.251554°E<br><br><a href="https://map.naver.com/v5/search/35.8376922499993,127.251554111111">📍 네이버 지도</a>]]></description>
        <styleUrl>#삼각점_style</styleUrl>
        <Point>
          <coordinates>127.251554111111,35.8376922499993,0</coordinates>
        </Point>
      </Placemark>
      <Placemark>
        <name>△ 진안314</name>
        <description><![CDATA[<b>삼각점</b><br>명칭: 진안314<br>위도: 35.752458°N<br>경도: 127.411354°E<br><br><a href="https://map.naver.com/v5/search/35.7524584166659,127.411354083333">📍 네이버 지도</a>]]></description>
        <styleUrl>#삼각점_style</styleUrl>
        <Point>
          <coordinates>127.411354083333,35.7524584166659,0</coordinates>
        </Point>
      </Placemark>
      <Placemark>
        <name>△ 진안402</name>
        <description><![CDATA[<b>삼각점</b><br>명칭: 진안402<br>위도: 35.966274°N<br>경도: 127.265171°E<br><br><a href="https://map.naver.com/v5/search/35.9662740555549,127.265170638889">📍 네이버 지도</a>]]></description>
        <styleUrl>#삼각점_style</styleUrl>
        <Point>
          <coordinates>127.265170638889,35.9662740555549,0</coordinates>
        </Point>
      </Placemark>
      <Placemark>
        <name>△ 진안403</name>
        <description><![CDATA[<b>삼각점</b><br>명칭: 진안403<br>위도: 35.945520°N<br>경도: 127.265755°E<br><br><a href="https://map.naver.com/v5/search/35.9455198888882,127.265755333333">📍 네이버 지도</a>]]></description>
        <styleUrl>#삼각점_style</styleUrl>
        <Point>
          <coordinates>127.265755333333,35.9455198888882,0</coordinates>
        </Point>
      </Placemark>
      <Placemark>
        <name>△ 진안407</name>
        <description><![CDATA[<b>삼각점</b><br>명칭: 진안407<br>위도: 35.992779°N<br>경도: 127.310750°E<br><br><a href="https://map.naver.com/v5/search/35.9927789999993,127.310750222222">📍 네이버 지도</a>]]></description>
        <styleUrl>#삼각점_style</styleUrl>
        <Point>
          <coordinates>127.310750222222,35.9927789999993,0</coordinates>
        </Point>
      </Placemark>
      <Placemark>
        <name>△ 진안408</name>
        <description><![CDATA[<b>삼각점</b><br>명칭: 진안408<br>위도: 35.945418°N<br>경도: 127.330290°E<br><br><a href="https://map.naver.com/v5/search/35.9454178333326,127.330289833333">📍 네이버 지도</a>]]></description>
        <styleUrl>#삼각점_style</styleUrl>
        <Point>
          <coordinates>127.330289833333,35.9454178333326,0</coordinates>
        </Point>
      </Placemark>
      <Placemark>
        <name>△ 진안410</name>
        <description><![CDATA[<b>삼각점</b><br>명칭: 진안410<br>위도: 35.936486°N<br>경도: 127.349637°E<br><br><a href="https://map.naver.com/v5/search/35.9364857499993,127.349636833333">📍 네이버 지도</a>]]></description>
        <styleUrl>#삼각점_style</styleUrl>
        <Point>
          <coordinates>127.349636833333,35.9364857499993,0</coordinates>
        </Point>
      </Placemark>
      <Placemark>
        <name>△ 진안422</name>
        <description><![CDATA[<b>삼각점</b><br>명칭: 진안422<br>위도: 35.921485°N<br>경도: 127.456572°E<br><br><a href="https://map.naver.com/v5/search/35.9214849166659,127.456571555556">📍 네이버 지도</a>]]></description>
        <styleUrl>#삼각점_style</styleUrl>
        <Point>
          <coordinates>127.456571555556,35.9214849166659,0</coordinates>
        </Point>
      </Placemark>
      <Placemark>
        <name>△ 진안424</name>
        <description><![CDATA[<b>삼각점</b><br>명칭: 진안424<br>위도: 35.843056°N<br>경도: 127.430792°E<br><br><a href="https://map.naver.com/v5/search/35.8430562499993,127.430792333333">📍 네이버 지도</a>]]></description>
        <styleUrl>#삼각점_style</styleUrl>
        <Point>
          <coordinates>127.430792333333,35.8430562499993,0</coordinates>
        </Point>
      </Placemark>
      <Placemark>
        <name>△ 진안431</name>
        <description><![CDATA[<b>삼각점</b><br>명칭: 진안431<br>위도: 35.886868°N<br>경도: 127.344815°E<br><br><a href="https://map.naver.com/v5/search/35.8868680277771,127.344814583333">📍 네이버 지도</a>]]></description>
        <styleUrl>#삼각점_style</styleUrl>
        <Point>
          <coordinates>127.344814583333,35.8868680277771,0</coordinates>
        </Point>
      </Placemark>
      <Placemark>
        <name>△ 진안434</name>
        <description><![CDATA[<b>삼각점</b><br>명칭: 진안434<br>위도: 35.898214°N<br>경도: 127.315024°E<br><br><a href="https://map.naver.com/v5/search/35.8982139166659,127.315023527778">📍 네이버 지도</a>]]></description>
        <styleUrl>#삼각점_style</styleUrl>
        <Point>
          <coordinates>127.315023527778,35.8982139166659,0</coordinates>
        </Point>
      </Placemark>
      <Placemark>
        <name>△ 진안435</name>
        <description><![CDATA[<b>삼각점</b><br>명칭: 진안435<br>위도: 35.914982°N<br>경도: 127.297019°E<br><br><a href="https://map.naver.com/v5/search/35.9149817499993,127.297018583333">📍 네이버 지도</a>]]></description>
        <styleUrl>#삼각점_style</styleUrl>
        <Point>
          <coordinates>127.297018583333,35.9149817499993,0</coordinates>
        </Point>
      </Placemark>
      <Placemark>
        <name>△ 진안436</name>
        <description><![CDATA[<b>삼각점</b><br>명칭: 진안436<br>위도: 35.843850°N<br>경도: 127.296078°E<br><br><a href="https://map.naver.com/v5/search/35.8438496388882,127.29607775">📍 네이버 지도</a>]]></description>
        <styleUrl>#삼각점_style</styleUrl>
        <Point>
          <coordinates>127.29607775,35.8438496388882,0</coordinates>
        </Point>
      </Placemark>
      <Placemark>
        <name>△ 진안441</name>
        <description><![CDATA[<b>삼각점</b><br>명칭: 진안441<br>위도: 35.917348°N<br>경도: 127.261571°E<br><br><a href="https://map.naver.com/v5/search/35.9173482777771,127.261571">📍 네이버 지도</a>]]></description>
        <styleUrl>#삼각점_style</styleUrl>
        <Point>
          <coordinates>127.261571,35.9173482777771,0</coordinates>
        </Point>
      </Placemark>
      <Placemark>
        <name>△ 진안442</name>
        <description><![CDATA[<b>삼각점</b><br>명칭: 진안442<br>위도: 35.758027°N<br>경도: 127.263375°E<br><br><a href="https://map.naver.com/v5/search/35.7580272222215,127.263375194444">📍 네이버 지도</a>]]></description>
        <styleUrl>#삼각점_style</styleUrl>
        <Point>
          <coordinates>127.263375194444,35.7580272222215,0</coordinates>
        </Point>
      </Placemark>
      <Placemark>
        <name>△ 진안444</name>
        <description><![CDATA[<b>삼각점</b><br>명칭: 진안444<br>위도: 35.832758°N<br>경도: 127.276315°E<br><br><a href="https://map.naver.com/v5/search/35.8327584166659,127.276315277778">📍 네이버 지도</a>]]></description>
        <styleUrl>#삼각점_style</styleUrl>
        <Point>
          <coordinates>127.276315277778,35.8327584166659,0</coordinates>
        </Point>
      </Placemark>
      <Placemark>
        <name>△ 진안447</name>
        <description><![CDATA[<b>삼각점</b><br>명칭: 진안447<br>위도: 35.815880°N<br>경도: 127.297833°E<br><br><a href="https://map.naver.com/v5/search/35.815879777777,127.297832944444">📍 네이버 지도</a>]]></description>
        <styleUrl>#삼각점_style</styleUrl>
        <Point>
          <coordinates>127.297832944444,35.815879777777,0</coordinates>
        </Point>
      </Placemark>
      <Placemark>
        <name>△ 진안449</name>
        <description><![CDATA[<b>삼각점</b><br>명칭: 진안449<br>위도: 35.828422°N<br>경도: 127.319570°E<br><br><a href="https://map.naver.com/v5/search/35.8284222222215,127.319570222222">📍 네이버 지도</a>]]></description>
        <styleUrl>#삼각점_style</styleUrl>
        <Point>
          <coordinates>127.319570222222,35.8284222222215,0</coordinates>
        </Point>
      </Placemark>
      <Placemark>
        <name>△ 진안456</name>
        <description><![CDATA[<b>삼각점</b><br>명칭: 진안456<br>위도: 35.786084°N<br>경도: 127.402452°E<br><br><a href="https://map.naver.com/v5/search/35.7860840555548,127.402452166667">📍 네이버 지도</a>]]></description>
        <styleUrl>#삼각점_style</styleUrl>
        <Point>
          <coordinates>127.402452166667,35.7860840555548,0</coordinates>
        </Point>
      </Placemark>
      <Placemark>
        <name>△ 진안459</name>
        <description><![CDATA[<b>삼각점</b><br>명칭: 진안459<br>위도: 35.776840°N<br>경도: 127.437735°E<br><br><a href="https://map.naver.com/v5/search/35.7768403333326,127.437734833333">📍 네이버 지도</a>]]></description>
        <styleUrl>#삼각점_style</styleUrl>
        <Point>
          <coordinates>127.437734833333,35.7768403333326,0</coordinates>
        </Point>
      </Placemark>
      <Placemark>
        <name>△ 진안462</name>
        <description><![CDATA[<b>삼각점</b><br>명칭: 진안462<br>위도: 35.805272°N<br>경도: 127.457191°E<br><br><a href="https://map.naver.com/v5/search/35.8052722499993,127.457191277778">📍 네이버 지도</a>]]></description>
        <styleUrl>#삼각점_style</styleUrl>
        <Point>
          <coordinates>127.457191277778,35.8052722499993,0</coordinates>
        </Point>
      </Placemark>
      <Placemark>
        <name>△ 진안464</name>
        <description><![CDATA[<b>삼각점</b><br>명칭: 진안464<br>위도: 35.782733°N<br>경도: 127.481111°E<br><br><a href="https://map.naver.com/v5/search/35.7827326111104,127.48111125">📍 네이버 지도</a>]]></description>
        <styleUrl>#삼각점_style</styleUrl>
        <Point>
          <coordinates>127.48111125,35.7827326111104,0</coordinates>
        </Point>
      </Placemark>
      <Placemark>
        <name>△ 무주11</name>
        <description><![CDATA[<b>삼각점</b><br>명칭: 무주11<br>위도: 35.859840°N<br>경도: 127.746204°E<br><br><a href="https://map.naver.com/v5/search/35.8598399166659,127.746204">📍 네이버 지도</a>]]></description>
        <styleUrl>#삼각점_style</styleUrl>
        <Point>
          <coordinates>127.746204,35.8598399166659,0</coordinates>
        </Point>
      </Placemark>
      <Placemark>
        <name>△ 무주22</name>
        <description><![CDATA[<b>삼각점</b><br>명칭: 무주22<br>위도: 35.911814°N<br>경도: 127.702604°E<br><br><a href="https://map.naver.com/v5/search/35.9118142777771,127.702603888889">📍 네이버 지도</a>]]></description>
        <styleUrl>#삼각점_style</styleUrl>
        <Point>
          <coordinates>127.702603888889,35.9118142777771,0</coordinates>
        </Point>
      </Placemark>
      <Placemark>
        <name>△ 무주23</name>
        <description><![CDATA[<b>삼각점</b><br>명칭: 무주23<br>위도: 35.844653°N<br>경도: 127.633851°E<br><br><a href="https://map.naver.com/v5/search/35.844653027777,127.633850916667">📍 네이버 지도</a>]]></description>
        <styleUrl>#삼각점_style</styleUrl>
        <Point>
          <coordinates>127.633850916667,35.844653027777,0</coordinates>
        </Point>
      </Placemark>
      <Placemark>
        <name>△ 무주25</name>
        <description><![CDATA[<b>삼각점</b><br>명칭: 무주25<br>위도: 35.793024°N<br>경도: 127.500324°E<br><br><a href="https://map.naver.com/v5/search/35.7930241388881,127.500324166667">📍 네이버 지도</a>]]></description>
        <styleUrl>#삼각점_style</styleUrl>
        <Point>
          <coordinates>127.500324166667,35.7930241388881,0</coordinates>
        </Point>
      </Placemark>
      <Placemark>
        <name>△ 무주27</name>
        <description><![CDATA[<b>삼각점</b><br>명칭: 무주27<br>위도: 35.800066°N<br>경도: 127.720198°E<br><br><a href="https://map.naver.com/v5/search/35.8000659999993,127.720197527778">📍 네이버 지도</a>]]></description>
        <styleUrl>#삼각점_style</styleUrl>
        <Point>
          <coordinates>127.720197527778,35.8000659999993,0</coordinates>
        </Point>
      </Placemark>
      <Placemark>
        <name>△ 무주301</name>
        <description><![CDATA[<b>삼각점</b><br>명칭: 무주301<br>위도: 35.964414°N<br>경도: 127.586945°E<br><br><a href="https://map.naver.com/v5/search/35.9644142222215,127.586945138889">📍 네이버 지도</a>]]></description>
        <styleUrl>#삼각점_style</styleUrl>
        <Point>
          <coordinates>127.586945138889,35.9644142222215,0</coordinates>
        </Point>
      </Placemark>
      <Placemark>
        <name>△ 무주302</name>
        <description><![CDATA[<b>삼각점</b><br>명칭: 무주302<br>위도: 35.972468°N<br>경도: 127.627371°E<br><br><a href="https://map.naver.com/v5/search/35.9724678055549,127.627370583333">📍 네이버 지도</a>]]></description>
        <styleUrl>#삼각점_style</styleUrl>
        <Point>
          <coordinates>127.627370583333,35.9724678055549,0</coordinates>
        </Point>
      </Placemark>
      <Placemark>
        <name>△ 무주303</name>
        <description><![CDATA[<b>삼각점</b><br>명칭: 무주303<br>위도: 35.941064°N<br>경도: 127.628431°E<br><br><a href="https://map.naver.com/v5/search/35.9410637499993,127.628431416667">📍 네이버 지도</a>]]></description>
        <styleUrl>#삼각점_style</styleUrl>
        <Point>
          <coordinates>127.628431416667,35.9410637499993,0</coordinates>
        </Point>
      </Placemark>
      <Placemark>
        <name>△ 무주304</name>
        <description><![CDATA[<b>삼각점</b><br>명칭: 무주304<br>위도: 35.985984°N<br>경도: 127.654605°E<br><br><a href="https://map.naver.com/v5/search/35.9859836944437,127.654605472222">📍 네이버 지도</a>]]></description>
        <styleUrl>#삼각점_style</styleUrl>
        <Point>
          <coordinates>127.654605472222,35.9859836944437,0</coordinates>
        </Point>
      </Placemark>
      <Placemark>
        <name>△ 무주306</name>
        <description><![CDATA[<b>삼각점</b><br>명칭: 무주306<br>위도: 35.933310°N<br>경도: 127.739440°E<br><br><a href="https://map.naver.com/v5/search/35.9333102777771,127.739440305556">📍 네이버 지도</a>]]></description>
        <styleUrl>#삼각점_style</styleUrl>
        <Point>
          <coordinates>127.739440305556,35.9333102777771,0</coordinates>
        </Point>
      </Placemark>
      <Placemark>
        <name>△ 무주307</name>
        <description><![CDATA[<b>삼각점</b><br>명칭: 무주307<br>위도: 35.885082°N<br>경도: 127.717390°E<br><br><a href="https://map.naver.com/v5/search/35.8850815555548,127.717390111111">📍 네이버 지도</a>]]></description>
        <styleUrl>#삼각점_style</styleUrl>
        <Point>
          <coordinates>127.717390111111,35.8850815555548,0</coordinates>
        </Point>
      </Placemark>
      <Placemark>
        <name>△ 무주308</name>
        <description><![CDATA[<b>삼각점</b><br>명칭: 무주308<br>위도: 35.879438°N<br>경도: 127.658482°E<br><br><a href="https://map.naver.com/v5/search/35.8794376666659,127.658482388889">📍 네이버 지도</a>]]></description>
        <styleUrl>#삼각점_style</styleUrl>
        <Point>
          <coordinates>127.658482388889,35.8794376666659,0</coordinates>
        </Point>
      </Placemark>
      <Placemark>
        <name>△ 무주309</name>
        <description><![CDATA[<b>삼각점</b><br>명칭: 무주309<br>위도: 35.892786°N<br>경도: 127.641963°E<br><br><a href="https://map.naver.com/v5/search/35.8927858333326,127.641962722222">📍 네이버 지도</a>]]></description>
        <styleUrl>#삼각점_style</styleUrl>
        <Point>
          <coordinates>127.641962722222,35.8927858333326,0</coordinates>
        </Point>
      </Placemark>
      <Placemark>
        <name>△ 무주310</name>
        <description><![CDATA[<b>삼각점</b><br>명칭: 무주310<br>위도: 35.875297°N<br>경도: 127.582231°E<br><br><a href="https://map.naver.com/v5/search/35.8752974166659,127.582230694444">📍 네이버 지도</a>]]></description>
        <styleUrl>#삼각점_style</styleUrl>
        <Point>
          <coordinates>127.582230694444,35.8752974166659,0</coordinates>
        </Point>
      </Placemark>
      <Placemark>
        <name>△ 무주314</name>
        <description><![CDATA[<b>삼각점</b><br>명칭: 무주314<br>위도: 35.813349°N<br>경도: 127.534908°E<br><br><a href="https://map.naver.com/v5/search/35.8133486111104,127.534908166667">📍 네이버 지도</a>]]></description>
        <styleUrl>#삼각점_style</styleUrl>
        <Point>
          <coordinates>127.534908166667,35.8133486111104,0</coordinates>
        </Point>
      </Placemark>
      <Placemark>
        <name>△ 무주315</name>
        <description><![CDATA[<b>삼각점</b><br>명칭: 무주315<br>위도: 35.789642°N<br>경도: 127.592099°E<br><br><a href="https://map.naver.com/v5/search/35.789642027777,127.592099277778">📍 네이버 지도</a>]]></description>
        <styleUrl>#삼각점_style</styleUrl>
        <Point>
          <coordinates>127.592099277778,35.789642027777,0</coordinates>
        </Point>
      </Placemark>
      <Placemark>
        <name>△ 무주317</name>
        <description><![CDATA[<b>삼각점</b><br>명칭: 무주317<br>위도: 35.786039°N<br>경도: 127.639184°E<br><br><a href="https://map.naver.com/v5/search/35.7860386388882,127.639184277778">📍 네이버 지도</a>]]></description>
        <styleUrl>#삼각점_style</styleUrl>
        <Point>
          <coordinates>127.639184277778,35.7860386388882,0</coordinates>
        </Point>
      </Placemark>
      <Placemark>
        <name>△ 무주318</name>
        <description><![CDATA[<b>삼각점</b><br>명칭: 무주318<br>위도: 35.809740°N<br>경도: 127.670724°E<br><br><a href="https://map.naver.com/v5/search/35.8097401388881,127.670724388889">📍 네이버 지도</a>]]></description>
        <styleUrl>#삼각점_style</styleUrl>
        <Point>
          <coordinates>127.670724388889,35.8097401388881,0</coordinates>
        </Point>
      </Placemark>
      <Placemark>
        <name>△ 무주320</name>
        <description><![CDATA[<b>삼각점</b><br>명칭: 무주320<br>위도: 35.827596°N<br>경도: 127.701612°E<br><br><a href="https://map.naver.com/v5/search/35.8275964444437,127.701612277778">📍 네이버 지도</a>]]></description>
        <styleUrl>#삼각점_style</styleUrl>
        <Point>
          <coordinates>127.701612277778,35.8275964444437,0</coordinates>
        </Point>
      </Placemark>
      <Placemark>
        <name>△ 무주401</name>
        <description><![CDATA[<b>삼각점</b><br>명칭: 무주401<br>위도: 35.942356°N<br>경도: 127.509560°E<br><br><a href="https://map.naver.com/v5/search/35.9423563888882,127.509560361111">📍 네이버 지도</a>]]></description>
        <styleUrl>#삼각점_style</styleUrl>
        <Point>
          <coordinates>127.509560361111,35.9423563888882,0</coordinates>
        </Point>
      </Placemark>
      <Placemark>
        <name>△ 무주405</name>
        <description><![CDATA[<b>삼각점</b><br>명칭: 무주405<br>위도: 35.920998°N<br>경도: 127.541873°E<br><br><a href="https://map.naver.com/v5/search/35.9209982777771,127.541873111111">📍 네이버 지도</a>]]></description>
        <styleUrl>#삼각점_style</styleUrl>
        <Point>
          <coordinates>127.541873111111,35.9209982777771,0</coordinates>
        </Point>
      </Placemark>
      <Placemark>
        <name>△ 무주406</name>
        <description><![CDATA[<b>삼각점</b><br>명칭: 무주406<br>위도: 35.963891°N<br>경도: 127.544997°E<br><br><a href="https://map.naver.com/v5/search/35.9638914444437,127.544997305556">📍 네이버 지도</a>]]></description>
        <styleUrl>#삼각점_style</styleUrl>
        <Point>
          <coordinates>127.544997305556,35.9638914444437,0</coordinates>
        </Point>
      </Placemark>
      <Placemark>
        <name>△ 무주407</name>
        <description><![CDATA[<b>삼각점</b><br>명칭: 무주407<br>위도: 35.983950°N<br>경도: 127.546154°E<br><br><a href="https://map.naver.com/v5/search/35.9839498611104,127.54615425">📍 네이버 지도</a>]]></description>
        <styleUrl>#삼각점_style</styleUrl>
        <Point>
          <coordinates>127.54615425,35.9839498611104,0</coordinates>
        </Point>
      </Placemark>
      <Placemark>
        <name>△ 무주408</name>
        <description><![CDATA[<b>삼각점</b><br>명칭: 무주408<br>위도: 35.985934°N<br>경도: 127.577991°E<br><br><a href="https://map.naver.com/v5/search/35.9859336388882,127.577991333333">📍 네이버 지도</a>]]></description>
        <styleUrl>#삼각점_style</styleUrl>
        <Point>
          <coordinates>127.577991333333,35.9859336388882,0</coordinates>
        </Point>
      </Placemark>
      <Placemark>
        <name>△ 무주409</name>
        <description><![CDATA[<b>삼각점</b><br>명칭: 무주409<br>위도: 35.923009°N<br>경도: 127.597469°E<br><br><a href="https://map.naver.com/v5/search/35.9230093888882,127.597468777778">📍 네이버 지도</a>]]></description>
        <styleUrl>#삼각점_style</styleUrl>
        <Point>
          <coordinates>127.597468777778,35.9230093888882,0</coordinates>
        </Point>
      </Placemark>
      <Placemark>
        <name>△ 무주410</name>
        <description><![CDATA[<b>삼각점</b><br>명칭: 무주410<br>위도: 35.943020°N<br>경도: 127.601399°E<br><br><a href="https://map.naver.com/v5/search/35.943019916666,127.601398611111">📍 네이버 지도</a>]]></description>
        <styleUrl>#삼각점_style</styleUrl>
        <Point>
          <coordinates>127.601398611111,35.943019916666,0</coordinates>
        </Point>
      </Placemark>
      <Placemark>
        <name>△ 무주411</name>
        <description><![CDATA[<b>삼각점</b><br>명칭: 무주411<br>위도: 35.994705°N<br>경도: 127.601346°E<br><br><a href="https://map.naver.com/v5/search/35.9947052499993,127.601345972222">📍 네이버 지도</a>]]></description>
        <styleUrl>#삼각점_style</styleUrl>
        <Point>
          <coordinates>127.601345972222,35.9947052499993,0</coordinates>
        </Point>
      </Placemark>
      <Placemark>
        <name>△ 무주412</name>
        <description><![CDATA[<b>삼각점</b><br>명칭: 무주412<br>위도: 35.955648°N<br>경도: 127.615882°E<br><br><a href="https://map.naver.com/v5/search/35.9556483055549,127.615881555556">📍 네이버 지도</a>]]></description>
        <styleUrl>#삼각점_style</styleUrl>
        <Point>
          <coordinates>127.615881555556,35.9556483055549,0</coordinates>
        </Point>
      </Placemark>
      <Placemark>
        <name>△ 무주413</name>
        <description><![CDATA[<b>삼각점</b><br>명칭: 무주413<br>위도: 35.988389°N<br>경도: 127.623693°E<br><br><a href="https://map.naver.com/v5/search/35.9883889722215,127.623692555556">📍 네이버 지도</a>]]></description>
        <styleUrl>#삼각점_style</styleUrl>
        <Point>
          <coordinates>127.623692555556,35.9883889722215,0</coordinates>
        </Point>
      </Placemark>
      <Placemark>
        <name>△ 무주416</name>
        <description><![CDATA[<b>삼각점</b><br>명칭: 무주416<br>위도: 35.944817°N<br>경도: 127.689130°E<br><br><a href="https://map.naver.com/v5/search/35.944816916666,127.689130472222">📍 네이버 지도</a>]]></description>
        <styleUrl>#삼각점_style</styleUrl>
        <Point>
          <coordinates>127.689130472222,35.944816916666,0</coordinates>
        </Point>
      </Placemark>
      <Placemark>
        <name>△ 무주418</name>
        <description><![CDATA[<b>삼각점</b><br>명칭: 무주418<br>위도: 35.968639°N<br>경도: 127.698526°E<br><br><a href="https://map.naver.com/v5/search/35.9686386944437,127.69852625">📍 네이버 지도</a>]]></description>
        <styleUrl>#삼각점_style</styleUrl>
        <Point>
          <coordinates>127.69852625,35.9686386944437,0</coordinates>
        </Point>
      </Placemark>
      <Placemark>
        <name>△ 무주419</name>
        <description><![CDATA[<b>삼각점</b><br>명칭: 무주419<br>위도: 35.981428°N<br>경도: 127.708604°E<br><br><a href="https://map.naver.com/v5/search/35.981427666666,127.708603972222">📍 네이버 지도</a>]]></description>
        <styleUrl>#삼각점_style</styleUrl>
        <Point>
          <coordinates>127.708603972222,35.981427666666,0</coordinates>
        </Point>
      </Placemark>
      <Placemark>
        <name>△ 무주420</name>
        <description><![CDATA[<b>삼각점</b><br>명칭: 무주420<br>위도: 35.964002°N<br>경도: 127.722705°E<br><br><a href="https://map.naver.com/v5/search/35.9640016388882,127.722705138889">📍 네이버 지도</a>]]></description>
        <styleUrl>#삼각점_style</styleUrl>
        <Point>
          <coordinates>127.722705138889,35.9640016388882,0</coordinates>
        </Point>
      </Placemark>
      <Placemark>
        <name>△ 무주421</name>
        <description><![CDATA[<b>삼각점</b><br>명칭: 무주421<br>위도: 35.933991°N<br>경도: 127.724523°E<br><br><a href="https://map.naver.com/v5/search/35.933990916666,127.724523055556">📍 네이버 지도</a>]]></description>
        <styleUrl>#삼각점_style</styleUrl>
        <Point>
          <coordinates>127.724523055556,35.933990916666,0</coordinates>
        </Point>
      </Placemark>
      <Placemark>
        <name>△ 무주424</name>
        <description><![CDATA[<b>삼각점</b><br>명칭: 무주424<br>위도: 35.861470°N<br>경도: 127.692553°E<br><br><a href="https://map.naver.com/v5/search/35.8614697499993,127.692553">📍 네이버 지도</a>]]></description>
        <styleUrl>#삼각점_style</styleUrl>
        <Point>
          <coordinates>127.692553,35.8614697499993,0</coordinates>
        </Point>
      </Placemark>
      <Placemark>
        <name>△ 무주425</name>
        <description><![CDATA[<b>삼각점</b><br>명칭: 무주425<br>위도: 35.845161°N<br>경도: 127.694591°E<br><br><a href="https://map.naver.com/v5/search/35.8451609166659,127.694591388889">📍 네이버 지도</a>]]></description>
        <styleUrl>#삼각점_style</styleUrl>
        <Point>
          <coordinates>127.694591388889,35.8451609166659,0</coordinates>
        </Point>
      </Placemark>
      <Placemark>
        <name>△ 무주426</name>
        <description><![CDATA[<b>삼각점</b><br>명칭: 무주426<br>위도: 35.887852°N<br>경도: 127.688240°E<br><br><a href="https://map.naver.com/v5/search/35.8878518611104,127.688239861111">📍 네이버 지도</a>]]></description>
        <styleUrl>#삼각점_style</styleUrl>
        <Point>
          <coordinates>127.688239861111,35.8878518611104,0</coordinates>
        </Point>
      </Placemark>
      <Placemark>
        <name>△ 무주427</name>
        <description><![CDATA[<b>삼각점</b><br>명칭: 무주427<br>위도: 35.871089°N<br>경도: 127.687019°E<br><br><a href="https://map.naver.com/v5/search/35.8710886388882,127.687018777778">📍 네이버 지도</a>]]></description>
        <styleUrl>#삼각점_style</styleUrl>
        <Point>
          <coordinates>127.687018777778,35.8710886388882,0</coordinates>
        </Point>
      </Placemark>
      <Placemark>
        <name>△ 무주428</name>
        <description><![CDATA[<b>삼각점</b><br>명칭: 무주428<br>위도: 35.897696°N<br>경도: 127.675425°E<br><br><a href="https://map.naver.com/v5/search/35.8976957777771,127.675424611111">📍 네이버 지도</a>]]></description>
        <styleUrl>#삼각점_style</styleUrl>
        <Point>
          <coordinates>127.675424611111,35.8976957777771,0</coordinates>
        </Point>
      </Placemark>
      <Placemark>
        <name>△ 무주430</name>
        <description><![CDATA[<b>삼각점</b><br>명칭: 무주430<br>위도: 35.857455°N<br>경도: 127.669320°E<br><br><a href="https://map.naver.com/v5/search/35.8574545833326,127.669319694444">📍 네이버 지도</a>]]></description>
        <styleUrl>#삼각점_style</styleUrl>
        <Point>
          <coordinates>127.669319694444,35.8574545833326,0</coordinates>
        </Point>
      </Placemark>
      <Placemark>
        <name>△ 무주431</name>
        <description><![CDATA[<b>삼각점</b><br>명칭: 무주431<br>위도: 35.918339°N<br>경도: 127.668956°E<br><br><a href="https://map.naver.com/v5/search/35.9183391388882,127.668956388889">📍 네이버 지도</a>]]></description>
        <styleUrl>#삼각점_style</styleUrl>
        <Point>
          <coordinates>127.668956388889,35.9183391388882,0</coordinates>
        </Point>
      </Placemark>
      <Placemark>
        <name>△ 무주432</name>
        <description><![CDATA[<b>삼각점</b><br>명칭: 무주432<br>위도: 35.861181°N<br>경도: 127.643827°E<br><br><a href="https://map.naver.com/v5/search/35.8611814444437,127.643827194444">📍 네이버 지도</a>]]></description>
        <styleUrl>#삼각점_style</styleUrl>
        <Point>
          <coordinates>127.643827194444,35.8611814444437,0</coordinates>
        </Point>
      </Placemark>
      <Placemark>
        <name>△ 무주433</name>
        <description><![CDATA[<b>삼각점</b><br>명칭: 무주433<br>위도: 35.914837°N<br>경도: 127.624853°E<br><br><a href="https://map.naver.com/v5/search/35.9148373888882,127.624853305556">📍 네이버 지도</a>]]></description>
        <styleUrl>#삼각점_style</styleUrl>
        <Point>
          <coordinates>127.624853305556,35.9148373888882,0</coordinates>
        </Point>
      </Placemark>
      <Placemark>
        <name>△ 무주435</name>
        <description><![CDATA[<b>삼각점</b><br>명칭: 무주435<br>위도: 35.900619°N<br>경도: 127.603258°E<br><br><a href="https://map.naver.com/v5/search/35.9006194999993,127.603257888889">📍 네이버 지도</a>]]></description>
        <styleUrl>#삼각점_style</styleUrl>
        <Point>
          <coordinates>127.603257888889,35.9006194999993,0</coordinates>
        </Point>
      </Placemark>
      <Placemark>
        <name>△ 무주436</name>
        <description><![CDATA[<b>삼각점</b><br>명칭: 무주436<br>위도: 35.856443°N<br>경도: 127.597697°E<br><br><a href="https://map.naver.com/v5/search/35.8564434166659,127.597697333333">📍 네이버 지도</a>]]></description>
        <styleUrl>#삼각점_style</styleUrl>
        <Point>
          <coordinates>127.597697333333,35.8564434166659,0</coordinates>
        </Point>
      </Placemark>
      <Placemark>
        <name>△ 무주437</name>
        <description><![CDATA[<b>삼각점</b><br>명칭: 무주437<br>위도: 35.892179°N<br>경도: 127.581139°E<br><br><a href="https://map.naver.com/v5/search/35.8921793888882,127.58113875">📍 네이버 지도</a>]]></description>
        <styleUrl>#삼각점_style</styleUrl>
        <Point>
          <coordinates>127.58113875,35.8921793888882,0</coordinates>
        </Point>
      </Placemark>
      <Placemark>
        <name>△ 무주438</name>
        <description><![CDATA[<b>삼각점</b><br>명칭: 무주438<br>위도: 35.851284°N<br>경도: 127.575493°E<br><br><a href="https://map.naver.com/v5/search/35.8512843611104,127.575493277778">📍 네이버 지도</a>]]></description>
        <styleUrl>#삼각점_style</styleUrl>
        <Point>
          <coordinates>127.575493277778,35.8512843611104,0</coordinates>
        </Point>
      </Placemark>
      <Placemark>
        <name>△ 무주439</name>
        <description><![CDATA[<b>삼각점</b><br>명칭: 무주439<br>위도: 35.914146°N<br>경도: 127.574802°E<br><br><a href="https://map.naver.com/v5/search/35.9141462777771,127.574801833333">📍 네이버 지도</a>]]></description>
        <styleUrl>#삼각점_style</styleUrl>
        <Point>
          <coordinates>127.574801833333,35.9141462777771,0</coordinates>
        </Point>
      </Placemark>
      <Placemark>
        <name>△ 무주440</name>
        <description><![CDATA[<b>삼각점</b><br>명칭: 무주440<br>위도: 35.866908°N<br>경도: 127.556169°E<br><br><a href="https://map.naver.com/v5/search/35.8669076388882,127.556168833333">📍 네이버 지도</a>]]></description>
        <styleUrl>#삼각점_style</styleUrl>
        <Point>
          <coordinates>127.556168833333,35.8669076388882,0</coordinates>
        </Point>
      </Placemark>
      <Placemark>
        <name>△ 무주441</name>
        <description><![CDATA[<b>삼각점</b><br>명칭: 무주441<br>위도: 35.895125°N<br>경도: 127.554909°E<br><br><a href="https://map.naver.com/v5/search/35.8951247777771,127.554908694444">📍 네이버 지도</a>]]></description>
        <styleUrl>#삼각점_style</styleUrl>
        <Point>
          <coordinates>127.554908694444,35.8951247777771,0</coordinates>
        </Point>
      </Placemark>
      <Placemark>
        <name>△ 무주443</name>
        <description><![CDATA[<b>삼각점</b><br>명칭: 무주443<br>위도: 35.880752°N<br>경도: 127.506959°E<br><br><a href="https://map.naver.com/v5/search/35.8807517499993,127.506958888889">📍 네이버 지도</a>]]></description>
        <styleUrl>#삼각점_style</styleUrl>
        <Point>
          <coordinates>127.506958888889,35.8807517499993,0</coordinates>
        </Point>
      </Placemark>
      <Placemark>
        <name>△ 무주445</name>
        <description><![CDATA[<b>삼각점</b><br>명칭: 무주445<br>위도: 35.783991°N<br>경도: 127.520372°E<br><br><a href="https://map.naver.com/v5/search/35.7839909444437,127.520371972222">📍 네이버 지도</a>]]></description>
        <styleUrl>#삼각점_style</styleUrl>
        <Point>
          <coordinates>127.520371972222,35.7839909444437,0</coordinates>
        </Point>
      </Placemark>
      <Placemark>
        <name>△ 무주447</name>
        <description><![CDATA[<b>삼각점</b><br>명칭: 무주447<br>위도: 35.801533°N<br>경도: 127.551751°E<br><br><a href="https://map.naver.com/v5/search/35.8015327499992,127.551750944444">📍 네이버 지도</a>]]></description>
        <styleUrl>#삼각점_style</styleUrl>
        <Point>
          <coordinates>127.551750944444,35.8015327499992,0</coordinates>
        </Point>
      </Placemark>
      <Placemark>
        <name>△ 무주449</name>
        <description><![CDATA[<b>삼각점</b><br>명칭: 무주449<br>위도: 35.779984°N<br>경도: 127.557134°E<br><br><a href="https://map.naver.com/v5/search/35.7799839166659,127.557134166667">📍 네이버 지도</a>]]></description>
        <styleUrl>#삼각점_style</styleUrl>
        <Point>
          <coordinates>127.557134166667,35.7799839166659,0</coordinates>
        </Point>
      </Placemark>
      <Placemark>
        <name>△ 무주450</name>
        <description><![CDATA[<b>삼각점</b><br>명칭: 무주450<br>위도: 35.820952°N<br>경도: 127.560006°E<br><br><a href="https://map.naver.com/v5/search/35.8209515833326,127.560006222222">📍 네이버 지도</a>]]></description>
        <styleUrl>#삼각점_style</styleUrl>
        <Point>
          <coordinates>127.560006222222,35.8209515833326,0</coordinates>
        </Point>
      </Placemark>
      <Placemark>
        <name>△ 무주451</name>
        <description><![CDATA[<b>삼각점</b><br>명칭: 무주451<br>위도: 35.807132°N<br>경도: 127.575988°E<br><br><a href="https://map.naver.com/v5/search/35.8071315833326,127.575987972222">📍 네이버 지도</a>]]></description>
        <styleUrl>#삼각점_style</styleUrl>
        <Point>
          <coordinates>127.575987972222,35.8071315833326,0</coordinates>
        </Point>
      </Placemark>
      <Placemark>
        <name>△ 무주453</name>
        <description><![CDATA[<b>삼각점</b><br>명칭: 무주453<br>위도: 35.768397°N<br>경도: 127.606528°E<br><br><a href="https://map.naver.com/v5/search/35.768397027777,127.60652775">📍 네이버 지도</a>]]></description>
        <styleUrl>#삼각점_style</styleUrl>
        <Point>
          <coordinates>127.60652775,35.768397027777,0</coordinates>
        </Point>
      </Placemark>
      <Placemark>
        <name>△ 무주454</name>
        <description><![CDATA[<b>삼각점</b><br>명칭: 무주454<br>위도: 35.794478°N<br>경도: 127.616656°E<br><br><a href="https://map.naver.com/v5/search/35.7944781944437,127.616655777778">📍 네이버 지도</a>]]></description>
        <styleUrl>#삼각점_style</styleUrl>
        <Point>
          <coordinates>127.616655777778,35.7944781944437,0</coordinates>
        </Point>
      </Placemark>
      <Placemark>
        <name>△ 무주456</name>
        <description><![CDATA[<b>삼각점</b><br>명칭: 무주456<br>위도: 35.771075°N<br>경도: 127.650592°E<br><br><a href="https://map.naver.com/v5/search/35.7710750555548,127.650591555556">📍 네이버 지도</a>]]></description>
        <styleUrl>#삼각점_style</styleUrl>
        <Point>
          <coordinates>127.650591555556,35.7710750555548,0</coordinates>
        </Point>
      </Placemark>
      <Placemark>
        <name>△ 무주457</name>
        <description><![CDATA[<b>삼각점</b><br>명칭: 무주457<br>위도: 35.808512°N<br>경도: 127.649188°E<br><br><a href="https://map.naver.com/v5/search/35.8085124444437,127.649187666667">📍 네이버 지도</a>]]></description>
        <styleUrl>#삼각점_style</styleUrl>
        <Point>
          <coordinates>127.649187666667,35.8085124444437,0</coordinates>
        </Point>
      </Placemark>
      <Placemark>
        <name>△ 무주460</name>
        <description><![CDATA[<b>삼각점</b><br>명칭: 무주460<br>위도: 35.765169°N<br>경도: 127.707703°E<br><br><a href="https://map.naver.com/v5/search/35.7651691388881,127.707702833333">📍 네이버 지도</a>]]></description>
        <styleUrl>#삼각점_style</styleUrl>
        <Point>
          <coordinates>127.707702833333,35.7651691388881,0</coordinates>
        </Point>
      </Placemark>
      <Placemark>
        <name>△ 무주461</name>
        <description><![CDATA[<b>삼각점</b><br>명칭: 무주461<br>위도: 35.758507°N<br>경도: 127.729199°E<br><br><a href="https://map.naver.com/v5/search/35.7585072222215,127.729198583333">📍 네이버 지도</a>]]></description>
        <styleUrl>#삼각점_style</styleUrl>
        <Point>
          <coordinates>127.729198583333,35.7585072222215,0</coordinates>
        </Point>
      </Placemark>
      <Placemark>
        <name>△ 무풍445</name>
        <description><![CDATA[<b>삼각점</b><br>명칭: 무풍445<br>위도: 35.771273°N<br>경도: 127.749902°E<br><br><a href="https://map.naver.com/v5/search/35.7712731944437,127.749902138889">📍 네이버 지도</a>]]></description>
        <styleUrl>#삼각점_style</styleUrl>
        <Point>
          <coordinates>127.749902138889,35.7712731944437,0</coordinates>
        </Point>
      </Placemark>
      <Placemark>
        <name>△ 함양421</name>
        <description><![CDATA[<b>삼각점</b><br>명칭: 함양421<br>위도: 35.752112°N<br>경도: 127.703853°E<br><br><a href="https://map.naver.com/v5/search/35.7521124166659,127.703853444444">📍 네이버 지도</a>]]></description>
        <styleUrl>#삼각점_style</styleUrl>
        <Point>
          <coordinates>127.703853444444,35.7521124166659,0</coordinates>
        </Point>
      </Placemark>
      <Placemark>
        <name>△ 법성21</name>
        <description><![CDATA[<b>삼각점</b><br>명칭: 법성21<br>위도: 35.502993°N<br>경도: 126.477537°E<br><br><a href="https://map.naver.com/v5/search/35.5029927222214,126.477536694444">📍 네이버 지도</a>]]></description>
        <styleUrl>#삼각점_style</styleUrl>
        <Point>
          <coordinates>126.477536694444,35.5029927222214,0</coordinates>
        </Point>
      </Placemark>
      <Placemark>
        <name>△ 위도11</name>
        <description><![CDATA[<b>삼각점</b><br>명칭: 위도11<br>위도: 35.605555°N<br>경도: 126.303557°E<br><br><a href="https://map.naver.com/v5/search/35.6055554444436,126.303557388889">📍 네이버 지도</a>]]></description>
        <styleUrl>#삼각점_style</styleUrl>
        <Point>
          <coordinates>126.303557388889,35.6055554444436,0</coordinates>
        </Point>
      </Placemark>
      <Placemark>
        <name>△ 위도22</name>
        <description><![CDATA[<b>삼각점</b><br>명칭: 위도22<br>위도: 35.675422°N<br>경도: 126.458961°E<br><br><a href="https://map.naver.com/v5/search/35.6754223611103,126.458961333333">📍 네이버 지도</a>]]></description>
        <styleUrl>#삼각점_style</styleUrl>
        <Point>
          <coordinates>126.458961333333,35.6754223611103,0</coordinates>
        </Point>
      </Placemark>
      <Placemark>
        <name>△ 위도23</name>
        <description><![CDATA[<b>삼각점</b><br>명칭: 위도23<br>위도: 35.613781°N<br>경도: 126.466682°E<br><br><a href="https://map.naver.com/v5/search/35.6137805555548,126.466682388889">📍 네이버 지도</a>]]></description>
        <styleUrl>#삼각점_style</styleUrl>
        <Point>
          <coordinates>126.466682388889,35.6137805555548,0</coordinates>
        </Point>
      </Placemark>
      <Placemark>
        <name>△ 위도301</name>
        <description><![CDATA[<b>삼각점</b><br>명칭: 위도301<br>위도: 35.650586°N<br>경도: 126.493524°E<br><br><a href="https://map.naver.com/v5/search/35.6505861666659,126.493523972222">📍 네이버 지도</a>]]></description>
        <styleUrl>#삼각점_style</styleUrl>
        <Point>
          <coordinates>126.493523972222,35.6505861666659,0</coordinates>
        </Point>
      </Placemark>
      <Placemark>
        <name>△ 위도403</name>
        <description><![CDATA[<b>삼각점</b><br>명칭: 위도403<br>위도: 35.604309°N<br>경도: 126.496166°E<br><br><a href="https://map.naver.com/v5/search/35.6043088888881,126.496165777778">📍 네이버 지도</a>]]></description>
        <styleUrl>#삼각점_style</styleUrl>
        <Point>
          <coordinates>126.496165777778,35.6043088888881,0</coordinates>
        </Point>
      </Placemark>
      <Placemark>
        <name>△ 위도404</name>
        <description><![CDATA[<b>삼각점</b><br>명칭: 위도404<br>위도: 35.628893°N<br>경도: 126.485925°E<br><br><a href="https://map.naver.com/v5/search/35.6288926388881,126.485925194444">📍 네이버 지도</a>]]></description>
        <styleUrl>#삼각점_style</styleUrl>
        <Point>
          <coordinates>126.485925194444,35.6288926388881,0</coordinates>
        </Point>
      </Placemark>
      <Placemark>
        <name>△ 부안11</name>
        <description><![CDATA[<b>삼각점</b><br>명칭: 부안11<br>위도: 35.733969°N<br>경도: 126.638869°E<br><br><a href="https://map.naver.com/v5/search/35.7339690555548,126.638868833333">📍 네이버 지도</a>]]></description>
        <styleUrl>#삼각점_style</styleUrl>
        <Point>
          <coordinates>126.638868833333,35.7339690555548,0</coordinates>
        </Point>
      </Placemark>
      <Placemark>
        <name>△ 부안12</name>
        <description><![CDATA[<b>삼각점</b><br>명칭: 부안12<br>위도: 35.523883°N<br>경도: 126.614239°E<br><br><a href="https://map.naver.com/v5/search/35.5238831388881,126.614238527778">📍 네이버 지도</a>]]></description>
        <styleUrl>#삼각점_style</styleUrl>
        <Point>
          <coordinates>126.614238527778,35.5238831388881,0</coordinates>
        </Point>
      </Placemark>
      <Placemark>
        <name>△ 부안21</name>
        <description><![CDATA[<b>삼각점</b><br>명칭: 부안21<br>위도: 35.729632°N<br>경도: 126.530237°E<br><br><a href="https://map.naver.com/v5/search/35.7296318611103,126.530236611111">📍 네이버 지도</a>]]></description>
        <styleUrl>#삼각점_style</styleUrl>
        <Point>
          <coordinates>126.530236611111,35.7296318611103,0</coordinates>
        </Point>
      </Placemark>
      <Placemark>
        <name>△ 부안24</name>
        <description><![CDATA[<b>삼각점</b><br>명칭: 부안24<br>위도: 35.649925°N<br>경도: 126.691913°E<br><br><a href="https://map.naver.com/v5/search/35.6499248055548,126.691912722222">📍 네이버 지도</a>]]></description>
        <styleUrl>#삼각점_style</styleUrl>
        <Point>
          <coordinates>126.691912722222,35.6499248055548,0</coordinates>
        </Point>
      </Placemark>
      <Placemark>
        <name>△ 부안26</name>
        <description><![CDATA[<b>삼각점</b><br>명칭: 부안26<br>위도: 35.559468°N<br>경도: 126.713763°E<br><br><a href="https://map.naver.com/v5/search/35.5594677499992,126.713762583333">📍 네이버 지도</a>]]></description>
        <styleUrl>#삼각점_style</styleUrl>
        <Point>
          <coordinates>126.713762583333,35.5594677499992,0</coordinates>
        </Point>
      </Placemark>
      <Placemark>
        <name>△ 부안301</name>
        <description><![CDATA[<b>삼각점</b><br>명칭: 부안301<br>위도: 35.674970°N<br>경도: 126.523348°E<br><br><a href="https://map.naver.com/v5/search/35.6749698888881,126.523348027778">📍 네이버 지도</a>]]></description>
        <styleUrl>#삼각점_style</styleUrl>
        <Point>
          <coordinates>126.523348027778,35.6749698888881,0</coordinates>
        </Point>
      </Placemark>
      <Placemark>
        <name>△ 부안302</name>
        <description><![CDATA[<b>삼각점</b><br>명칭: 부안302<br>위도: 35.694301°N<br>경도: 126.664106°E<br><br><a href="https://map.naver.com/v5/search/35.6943006111103,126.664105583333">📍 네이버 지도</a>]]></description>
        <styleUrl>#삼각점_style</styleUrl>
        <Point>
          <coordinates>126.664105583333,35.6943006111103,0</coordinates>
        </Point>
      </Placemark>
      <Placemark>
        <name>△ 부안305</name>
        <description><![CDATA[<b>삼각점</b><br>명칭: 부안305<br>위도: 35.652517°N<br>경도: 126.646576°E<br><br><a href="https://map.naver.com/v5/search/35.6525170555548,126.646576277778">📍 네이버 지도</a>]]></description>
        <styleUrl>#삼각점_style</styleUrl>
        <Point>
          <coordinates>126.646576277778,35.6525170555548,0</coordinates>
        </Point>
      </Placemark>
      <Placemark>
        <name>△ 부안306</name>
        <description><![CDATA[<b>삼각점</b><br>명칭: 부안306<br>위도: 35.628663°N<br>경도: 126.538322°E<br><br><a href="https://map.naver.com/v5/search/35.6286633055548,126.538322111111">📍 네이버 지도</a>]]></description>
        <styleUrl>#삼각점_style</styleUrl>
        <Point>
          <coordinates>126.538322111111,35.6286633055548,0</coordinates>
        </Point>
      </Placemark>
      <Placemark>
        <name>△ 부안309</name>
        <description><![CDATA[<b>삼각점</b><br>명칭: 부안309<br>위도: 35.571272°N<br>경도: 126.587605°E<br><br><a href="https://map.naver.com/v5/search/35.5712724166658,126.587605444444">📍 네이버 지도</a>]]></description>
        <styleUrl>#삼각점_style</styleUrl>
        <Point>
          <coordinates>126.587605444444,35.5712724166658,0</coordinates>
        </Point>
      </Placemark>
      <Placemark>
        <name>△ 부안310</name>
        <description><![CDATA[<b>삼각점</b><br>명칭: 부안310<br>위도: 35.525019°N<br>경도: 126.699997°E<br><br><a href="https://map.naver.com/v5/search/35.5250193888881,126.699997444444">📍 네이버 지도</a>]]></description>
        <styleUrl>#삼각점_style</styleUrl>
        <Point>
          <coordinates>126.699997444444,35.5250193888881,0</coordinates>
        </Point>
      </Placemark>
      <Placemark>
        <name>△ 부안401</name>
        <description><![CDATA[<b>삼각점</b><br>명칭: 부안401<br>위도: 35.691741°N<br>경도: 126.556979°E<br><br><a href="https://map.naver.com/v5/search/35.6917411111103,126.556979138889">📍 네이버 지도</a>]]></description>
        <styleUrl>#삼각점_style</styleUrl>
        <Point>
          <coordinates>126.556979138889,35.6917411111103,0</coordinates>
        </Point>
      </Placemark>
      <Placemark>
        <name>△ 부안403</name>
        <description><![CDATA[<b>삼각점</b><br>명칭: 부안403<br>위도: 35.699567°N<br>경도: 126.590127°E<br><br><a href="https://map.naver.com/v5/search/35.699567027777,126.590126861111">📍 네이버 지도</a>]]></description>
        <styleUrl>#삼각점_style</styleUrl>
        <Point>
          <coordinates>126.590126861111,35.699567027777,0</coordinates>
        </Point>
      </Placemark>
      <Placemark>
        <name>△ 부안405</name>
        <description><![CDATA[<b>삼각점</b><br>명칭: 부안405<br>위도: 35.717414°N<br>경도: 126.619486°E<br><br><a href="https://map.naver.com/v5/search/35.717414277777,126.619486388889">📍 네이버 지도</a>]]></description>
        <styleUrl>#삼각점_style</styleUrl>
        <Point>
          <coordinates>126.619486388889,35.717414277777,0</coordinates>
        </Point>
      </Placemark>
      <Placemark>
        <name>△ 부안406</name>
        <description><![CDATA[<b>삼각점</b><br>명칭: 부안406<br>위도: 35.687150°N<br>경도: 126.618977°E<br><br><a href="https://map.naver.com/v5/search/35.6871498888881,126.618976888889">📍 네이버 지도</a>]]></description>
        <styleUrl>#삼각점_style</styleUrl>
        <Point>
          <coordinates>126.618976888889,35.6871498888881,0</coordinates>
        </Point>
      </Placemark>
      <Placemark>
        <name>△ 부안407</name>
        <description><![CDATA[<b>삼각점</b><br>명칭: 부안407<br>위도: 35.702058°N<br>경도: 126.640750°E<br><br><a href="https://map.naver.com/v5/search/35.7020581666659,126.640750416667">📍 네이버 지도</a>]]></description>
        <styleUrl>#삼각점_style</styleUrl>
        <Point>
          <coordinates>126.640750416667,35.7020581666659,0</coordinates>
        </Point>
      </Placemark>
      <Placemark>
        <name>△ 부안408</name>
        <description><![CDATA[<b>삼각점</b><br>명칭: 부안408<br>위도: 35.717124°N<br>경도: 126.644460°E<br><br><a href="https://map.naver.com/v5/search/35.7171242499992,126.644459777778">📍 네이버 지도</a>]]></description>
        <styleUrl>#삼각점_style</styleUrl>
        <Point>
          <coordinates>126.644459777778,35.7171242499992,0</coordinates>
        </Point>
      </Placemark>
      <Placemark>
        <name>△ 부안409</name>
        <description><![CDATA[<b>삼각점</b><br>명칭: 부안409<br>위도: 35.674256°N<br>경도: 126.652682°E<br><br><a href="https://map.naver.com/v5/search/35.6742564722215,126.652681583333">📍 네이버 지도</a>]]></description>
        <styleUrl>#삼각점_style</styleUrl>
        <Point>
          <coordinates>126.652681583333,35.6742564722215,0</coordinates>
        </Point>
      </Placemark>
      <Placemark>
        <name>△ 부안412</name>
        <description><![CDATA[<b>삼각점</b><br>명칭: 부안412<br>위도: 35.672270°N<br>경도: 126.678633°E<br><br><a href="https://map.naver.com/v5/search/35.6722703611103,126.678632694444">📍 네이버 지도</a>]]></description>
        <styleUrl>#삼각점_style</styleUrl>
        <Point>
          <coordinates>126.678632694444,35.6722703611103,0</coordinates>
        </Point>
      </Placemark>
      <Placemark>
        <name>△ 부안413</name>
        <description><![CDATA[<b>삼각점</b><br>명칭: 부안413<br>위도: 35.691378°N<br>경도: 126.696243°E<br><br><a href="https://map.naver.com/v5/search/35.6913776388881,126.696242805556">📍 네이버 지도</a>]]></description>
        <styleUrl>#삼각점_style</styleUrl>
        <Point>
          <coordinates>126.696242805556,35.6913776388881,0</coordinates>
        </Point>
      </Placemark>
      <Placemark>
        <name>△ 부안418</name>
        <description><![CDATA[<b>삼각점</b><br>명칭: 부안418<br>위도: 35.735625°N<br>경도: 126.731657°E<br><br><a href="https://map.naver.com/v5/search/35.7356246388881,126.731657305556">📍 네이버 지도</a>]]></description>
        <styleUrl>#삼각점_style</styleUrl>
        <Point>
          <coordinates>126.731657305556,35.7356246388881,0</coordinates>
        </Point>
      </Placemark>
      <Placemark>
        <name>△ 부안419</name>
        <description><![CDATA[<b>삼각점</b><br>명칭: 부안419<br>위도: 35.672005°N<br>경도: 126.739434°E<br><br><a href="https://map.naver.com/v5/search/35.6720051666659,126.739433722222">📍 네이버 지도</a>]]></description>
        <styleUrl>#삼각점_style</styleUrl>
        <Point>
          <coordinates>126.739433722222,35.6720051666659,0</coordinates>
        </Point>
      </Placemark>
      <Placemark>
        <name>△ 부안421</name>
        <description><![CDATA[<b>삼각점</b><br>명칭: 부안421<br>위도: 35.604970°N<br>경도: 126.739677°E<br><br><a href="https://map.naver.com/v5/search/35.6049696388881,126.739677472222">📍 네이버 지도</a>]]></description>
        <styleUrl>#삼각점_style</styleUrl>
        <Point>
          <coordinates>126.739677472222,35.6049696388881,0</coordinates>
        </Point>
      </Placemark>
      <Placemark>
        <name>△ 부안422</name>
        <description><![CDATA[<b>삼각점</b><br>명칭: 부안422<br>위도: 35.649055°N<br>경도: 126.721515°E<br><br><a href="https://map.naver.com/v5/search/35.6490548888881,126.721515444444">📍 네이버 지도</a>]]></description>
        <styleUrl>#삼각점_style</styleUrl>
        <Point>
          <coordinates>126.721515444444,35.6490548888881,0</coordinates>
        </Point>
      </Placemark>
      <Placemark>
        <name>△ 부안423</name>
        <description><![CDATA[<b>삼각점</b><br>명칭: 부안423<br>위도: 35.587747°N<br>경도: 126.716150°E<br><br><a href="https://map.naver.com/v5/search/35.5877465833325,126.716150083333">📍 네이버 지도</a>]]></description>
        <styleUrl>#삼각점_style</styleUrl>
        <Point>
          <coordinates>126.716150083333,35.5877465833325,0</coordinates>
        </Point>
      </Placemark>
      <Placemark>
        <name>△ 부안426</name>
        <description><![CDATA[<b>삼각점</b><br>명칭: 부안426<br>위도: 35.616728°N<br>경도: 126.679943°E<br><br><a href="https://map.naver.com/v5/search/35.6167284999992,126.679943194444">📍 네이버 지도</a>]]></description>
        <styleUrl>#삼각점_style</styleUrl>
        <Point>
          <coordinates>126.679943194444,35.6167284999992,0</coordinates>
        </Point>
      </Placemark>
      <Placemark>
        <name>△ 부안427</name>
        <description><![CDATA[<b>삼각점</b><br>명칭: 부안427<br>위도: 35.645819°N<br>경도: 126.675016°E<br><br><a href="https://map.naver.com/v5/search/35.6458191666659,126.675016138889">📍 네이버 지도</a>]]></description>
        <styleUrl>#삼각점_style</styleUrl>
        <Point>
          <coordinates>126.675016138889,35.6458191666659,0</coordinates>
        </Point>
      </Placemark>
      <Placemark>
        <name>△ 부안430</name>
        <description><![CDATA[<b>삼각점</b><br>명칭: 부안430<br>위도: 35.656781°N<br>경도: 126.629144°E<br><br><a href="https://map.naver.com/v5/search/35.6567813333326,126.629144222222">📍 네이버 지도</a>]]></description>
        <styleUrl>#삼각점_style</styleUrl>
        <Point>
          <coordinates>126.629144222222,35.6567813333326,0</coordinates>
        </Point>
      </Placemark>
      <Placemark>
        <name>△ 부안432</name>
        <description><![CDATA[<b>삼각점</b><br>명칭: 부안432<br>위도: 35.592091°N<br>경도: 126.614409°E<br><br><a href="https://map.naver.com/v5/search/35.5920914722214,126.614408972222">📍 네이버 지도</a>]]></description>
        <styleUrl>#삼각점_style</styleUrl>
        <Point>
          <coordinates>126.614408972222,35.5920914722214,0</coordinates>
        </Point>
      </Placemark>
      <Placemark>
        <name>△ 부안433</name>
        <description><![CDATA[<b>삼각점</b><br>명칭: 부안433<br>위도: 35.659677°N<br>경도: 126.601478°E<br><br><a href="https://map.naver.com/v5/search/35.6596769444436,126.601477833333">📍 네이버 지도</a>]]></description>
        <styleUrl>#삼각점_style</styleUrl>
        <Point>
          <coordinates>126.601477833333,35.6596769444436,0</coordinates>
        </Point>
      </Placemark>
      <Placemark>
        <name>△ 부안434</name>
        <description><![CDATA[<b>삼각점</b><br>명칭: 부안434<br>위도: 35.606526°N<br>경도: 126.590610°E<br><br><a href="https://map.naver.com/v5/search/35.6065259444436,126.590610416667">📍 네이버 지도</a>]]></description>
        <styleUrl>#삼각점_style</styleUrl>
        <Point>
          <coordinates>126.590610416667,35.6065259444436,0</coordinates>
        </Point>
      </Placemark>
      <Placemark>
        <name>△ 부안435</name>
        <description><![CDATA[<b>삼각점</b><br>명칭: 부안435<br>위도: 35.595986°N<br>경도: 126.570466°E<br><br><a href="https://map.naver.com/v5/search/35.595986027777,126.570465888889">📍 네이버 지도</a>]]></description>
        <styleUrl>#삼각점_style</styleUrl>
        <Point>
          <coordinates>126.570465888889,35.595986027777,0</coordinates>
        </Point>
      </Placemark>
      <Placemark>
        <name>△ 부안436</name>
        <description><![CDATA[<b>삼각점</b><br>명칭: 부안436<br>위도: 35.619483°N<br>경도: 126.567593°E<br><br><a href="https://map.naver.com/v5/search/35.6194834722214,126.567593277778">📍 네이버 지도</a>]]></description>
        <styleUrl>#삼각점_style</styleUrl>
        <Point>
          <coordinates>126.567593277778,35.6194834722214,0</coordinates>
        </Point>
      </Placemark>
      <Placemark>
        <name>△ 부안437</name>
        <description><![CDATA[<b>삼각점</b><br>명칭: 부안437<br>위도: 35.644815°N<br>경도: 126.558197°E<br><br><a href="https://map.naver.com/v5/search/35.6448151666659,126.558196972222">📍 네이버 지도</a>]]></description>
        <styleUrl>#삼각점_style</styleUrl>
        <Point>
          <coordinates>126.558196972222,35.6448151666659,0</coordinates>
        </Point>
      </Placemark>
      <Placemark>
        <name>△ 부안438</name>
        <description><![CDATA[<b>삼각점</b><br>명칭: 부안438<br>위도: 35.651720°N<br>경도: 126.543081°E<br><br><a href="https://map.naver.com/v5/search/35.6517195833325,126.5430815">📍 네이버 지도</a>]]></description>
        <styleUrl>#삼각점_style</styleUrl>
        <Point>
          <coordinates>126.5430815,35.6517195833325,0</coordinates>
        </Point>
      </Placemark>
      <Placemark>
        <name>△ 부안439</name>
        <description><![CDATA[<b>삼각점</b><br>명칭: 부안439<br>위도: 35.603750°N<br>경도: 126.537787°E<br><br><a href="https://map.naver.com/v5/search/35.603749527777,126.537787361111">📍 네이버 지도</a>]]></description>
        <styleUrl>#삼각점_style</styleUrl>
        <Point>
          <coordinates>126.537787361111,35.603749527777,0</coordinates>
        </Point>
      </Placemark>
      <Placemark>
        <name>△ 부안440</name>
        <description><![CDATA[<b>삼각점</b><br>명칭: 부안440<br>위도: 35.595030°N<br>경도: 126.517885°E<br><br><a href="https://map.naver.com/v5/search/35.5950303611103,126.51788475">📍 네이버 지도</a>]]></description>
        <styleUrl>#삼각점_style</styleUrl>
        <Point>
          <coordinates>126.51788475,35.5950303611103,0</coordinates>
        </Point>
      </Placemark>
      <Placemark>
        <name>△ 부안441</name>
        <description><![CDATA[<b>삼각점</b><br>명칭: 부안441<br>위도: 35.645410°N<br>경도: 126.519809°E<br><br><a href="https://map.naver.com/v5/search/35.6454104722214,126.519809305555">📍 네이버 지도</a>]]></description>
        <styleUrl>#삼각점_style</styleUrl>
        <Point>
          <coordinates>126.519809305555,35.6454104722214,0</coordinates>
        </Point>
      </Placemark>
      <Placemark>
        <name>△ 부안442</name>
        <description><![CDATA[<b>삼각점</b><br>명칭: 부안442<br>위도: 35.614074°N<br>경도: 126.509901°E<br><br><a href="https://map.naver.com/v5/search/35.6140744444436,126.509901361111">📍 네이버 지도</a>]]></description>
        <styleUrl>#삼각점_style</styleUrl>
        <Point>
          <coordinates>126.509901361111,35.6140744444436,0</coordinates>
        </Point>
      </Placemark>
      <Placemark>
        <name>△ 부안443</name>
        <description><![CDATA[<b>삼각점</b><br>명칭: 부안443<br>위도: 35.518263°N<br>경도: 126.537146°E<br><br><a href="https://map.naver.com/v5/search/35.518263027777,126.53714575">📍 네이버 지도</a>]]></description>
        <styleUrl>#삼각점_style</styleUrl>
        <Point>
          <coordinates>126.53714575,35.518263027777,0</coordinates>
        </Point>
      </Placemark>
      <Placemark>
        <name>△ 부안446</name>
        <description><![CDATA[<b>삼각점</b><br>명칭: 부안446<br>위도: 35.503697°N<br>경도: 126.604210°E<br><br><a href="https://map.naver.com/v5/search/35.5036968611103,126.604210361111">📍 네이버 지도</a>]]></description>
        <styleUrl>#삼각점_style</styleUrl>
        <Point>
          <coordinates>126.604210361111,35.5036968611103,0</coordinates>
        </Point>
      </Placemark>
      <Placemark>
        <name>△ 부안450</name>
        <description><![CDATA[<b>삼각점</b><br>명칭: 부안450<br>위도: 35.508985°N<br>경도: 126.655564°E<br><br><a href="https://map.naver.com/v5/search/35.5089847222214,126.655563888889">📍 네이버 지도</a>]]></description>
        <styleUrl>#삼각점_style</styleUrl>
        <Point>
          <coordinates>126.655563888889,35.5089847222214,0</coordinates>
        </Point>
      </Placemark>
      <Placemark>
        <name>△ 부안452</name>
        <description><![CDATA[<b>삼각점</b><br>명칭: 부안452<br>위도: 35.515765°N<br>경도: 126.672943°E<br><br><a href="https://map.naver.com/v5/search/35.515764527777,126.672942694444">📍 네이버 지도</a>]]></description>
        <styleUrl>#삼각점_style</styleUrl>
        <Point>
          <coordinates>126.672942694444,35.515764527777,0</coordinates>
        </Point>
      </Placemark>
      <Placemark>
        <name>△ 부안453</name>
        <description><![CDATA[<b>삼각점</b><br>명칭: 부안453<br>위도: 35.558468°N<br>경도: 126.680245°E<br><br><a href="https://map.naver.com/v5/search/35.5584681111103,126.680244972222">📍 네이버 지도</a>]]></description>
        <styleUrl>#삼각점_style</styleUrl>
        <Point>
          <coordinates>126.680244972222,35.5584681111103,0</coordinates>
        </Point>
      </Placemark>
      <Placemark>
        <name>△ 부안454</name>
        <description><![CDATA[<b>삼각점</b><br>명칭: 부안454<br>위도: 35.541931°N<br>경도: 126.689050°E<br><br><a href="https://map.naver.com/v5/search/35.541930527777,126.689050138889">📍 네이버 지도</a>]]></description>
        <styleUrl>#삼각점_style</styleUrl>
        <Point>
          <coordinates>126.689050138889,35.541930527777,0</coordinates>
        </Point>
      </Placemark>
      <Placemark>
        <name>△ 부안456</name>
        <description><![CDATA[<b>삼각점</b><br>명칭: 부안456<br>위도: 35.503170°N<br>경도: 126.715304°E<br><br><a href="https://map.naver.com/v5/search/35.5031696666658,126.715303888889">📍 네이버 지도</a>]]></description>
        <styleUrl>#삼각점_style</styleUrl>
        <Point>
          <coordinates>126.715303888889,35.5031696666658,0</coordinates>
        </Point>
      </Placemark>
      <Placemark>
        <name>△ 부안460</name>
        <description><![CDATA[<b>삼각점</b><br>명칭: 부안460<br>위도: 35.559942°N<br>경도: 126.742066°E<br><br><a href="https://map.naver.com/v5/search/35.5599423333325,126.742065527778">📍 네이버 지도</a>]]></description>
        <styleUrl>#삼각점_style</styleUrl>
        <Point>
          <coordinates>126.742065527778,35.5599423333325,0</coordinates>
        </Point>
      </Placemark>
      <Placemark>
        <name>△ 정읍22</name>
        <description><![CDATA[<b>삼각점</b><br>명칭: 정읍22<br>위도: 35.688122°N<br>경도: 126.973197°E<br><br><a href="https://map.naver.com/v5/search/35.6881215833326,126.973197027778">📍 네이버 지도</a>]]></description>
        <styleUrl>#삼각점_style</styleUrl>
        <Point>
          <coordinates>126.973197027778,35.6881215833326,0</coordinates>
        </Point>
      </Placemark>
      <Placemark>
        <name>△ 정읍23</name>
        <description><![CDATA[<b>삼각점</b><br>명칭: 정읍23<br>위도: 35.611639°N<br>경도: 126.919657°E<br><br><a href="https://map.naver.com/v5/search/35.6116391111103,126.91965675">📍 네이버 지도</a>]]></description>
        <styleUrl>#삼각점_style</styleUrl>
        <Point>
          <coordinates>126.91965675,35.6116391111103,0</coordinates>
        </Point>
      </Placemark>
      <Placemark>
        <name>△ 정읍24</name>
        <description><![CDATA[<b>삼각점</b><br>명칭: 정읍24<br>위도: 35.606597°N<br>경도: 126.798507°E<br><br><a href="https://map.naver.com/v5/search/35.606597027777,126.798507083333">📍 네이버 지도</a>]]></description>
        <styleUrl>#삼각점_style</styleUrl>
        <Point>
          <coordinates>126.798507083333,35.606597027777,0</coordinates>
        </Point>
      </Placemark>
      <Placemark>
        <name>△ 정읍25</name>
        <description><![CDATA[<b>삼각점</b><br>명칭: 정읍25<br>위도: 35.528366°N<br>경도: 126.800534°E<br><br><a href="https://map.naver.com/v5/search/35.5283663611103,126.800534222222">📍 네이버 지도</a>]]></description>
        <styleUrl>#삼각점_style</styleUrl>
        <Point>
          <coordinates>126.800534222222,35.5283663611103,0</coordinates>
        </Point>
      </Placemark>
      <Placemark>
        <name>△ 정읍302</name>
        <description><![CDATA[<b>삼각점</b><br>명칭: 정읍302<br>위도: 35.720112°N<br>경도: 126.806638°E<br><br><a href="https://map.naver.com/v5/search/35.7201119444437,126.806637527778">📍 네이버 지도</a>]]></description>
        <styleUrl>#삼각점_style</styleUrl>
        <Point>
          <coordinates>126.806637527778,35.7201119444437,0</coordinates>
        </Point>
      </Placemark>
      <Placemark>
        <name>△ 정읍304</name>
        <description><![CDATA[<b>삼각점</b><br>명칭: 정읍304<br>위도: 35.694498°N<br>경도: 126.916041°E<br><br><a href="https://map.naver.com/v5/search/35.6944978333326,126.916041277778">📍 네이버 지도</a>]]></description>
        <styleUrl>#삼각점_style</styleUrl>
        <Point>
          <coordinates>126.916041277778,35.6944978333326,0</coordinates>
        </Point>
      </Placemark>
      <Placemark>
        <name>△ 정읍305</name>
        <description><![CDATA[<b>삼각점</b><br>명칭: 정읍305<br>위도: 35.738115°N<br>경도: 126.933438°E<br><br><a href="https://map.naver.com/v5/search/35.7381147222215,126.9334385">📍 네이버 지도</a>]]></description>
        <styleUrl>#삼각점_style</styleUrl>
        <Point>
          <coordinates>126.9334385,35.7381147222215,0</coordinates>
        </Point>
      </Placemark>
      <Placemark>
        <name>△ 정읍306</name>
        <description><![CDATA[<b>삼각점</b><br>명칭: 정읍306<br>위도: 35.626717°N<br>경도: 126.973661°E<br><br><a href="https://map.naver.com/v5/search/35.626716777777,126.973660777778">📍 네이버 지도</a>]]></description>
        <styleUrl>#삼각점_style</styleUrl>
        <Point>
          <coordinates>126.973660777778,35.626716777777,0</coordinates>
        </Point>
      </Placemark>
      <Placemark>
        <name>△ 정읍307</name>
        <description><![CDATA[<b>삼각점</b><br>명칭: 정읍307<br>위도: 35.658286°N<br>경도: 126.943204°E<br><br><a href="https://map.naver.com/v5/search/35.658285527777,126.943203666667">📍 네이버 지도</a>]]></description>
        <styleUrl>#삼각점_style</styleUrl>
        <Point>
          <coordinates>126.943203666667,35.658285527777,0</coordinates>
        </Point>
      </Placemark>
      <Placemark>
        <name>△ 정읍308</name>
        <description><![CDATA[<b>삼각점</b><br>명칭: 정읍308<br>위도: 35.657142°N<br>경도: 126.889353°E<br><br><a href="https://map.naver.com/v5/search/35.6571422222214,126.889353222222">📍 네이버 지도</a>]]></description>
        <styleUrl>#삼각점_style</styleUrl>
        <Point>
          <coordinates>126.889353222222,35.6571422222214,0</coordinates>
        </Point>
      </Placemark>
      <Placemark>
        <name>△ 정읍309</name>
        <description><![CDATA[<b>삼각점</b><br>명칭: 정읍309<br>위도: 35.636989°N<br>경도: 126.846752°E<br><br><a href="https://map.naver.com/v5/search/35.6369885555548,126.846752055556">📍 네이버 지도</a>]]></description>
        <styleUrl>#삼각점_style</styleUrl>
        <Point>
          <coordinates>126.846752055556,35.6369885555548,0</coordinates>
        </Point>
      </Placemark>
      <Placemark>
        <name>△ 정읍312</name>
        <description><![CDATA[<b>삼각점</b><br>명칭: 정읍312<br>위도: 35.577549°N<br>경도: 126.764623°E<br><br><a href="https://map.naver.com/v5/search/35.577548777777,126.764622638889">📍 네이버 지도</a>]]></description>
        <styleUrl>#삼각점_style</styleUrl>
        <Point>
          <coordinates>126.764622638889,35.577548777777,0</coordinates>
        </Point>
      </Placemark>
      <Placemark>
        <name>△ 정읍313</name>
        <description><![CDATA[<b>삼각점</b><br>명칭: 정읍313<br>위도: 35.548525°N<br>경도: 126.855963°E<br><br><a href="https://map.naver.com/v5/search/35.5485246944436,126.855963055556">📍 네이버 지도</a>]]></description>
        <styleUrl>#삼각점_style</styleUrl>
        <Point>
          <coordinates>126.855963055556,35.5485246944436,0</coordinates>
        </Point>
      </Placemark>
      <Placemark>
        <name>△ 정읍314</name>
        <description><![CDATA[<b>삼각점</b><br>명칭: 정읍314<br>위도: 35.582567°N<br>경도: 126.867539°E<br><br><a href="https://map.naver.com/v5/search/35.5825673055547,126.867538694444">📍 네이버 지도</a>]]></description>
        <styleUrl>#삼각점_style</styleUrl>
        <Point>
          <coordinates>126.867538694444,35.5825673055547,0</coordinates>
        </Point>
      </Placemark>
      <Placemark>
        <name>△ 정읍316</name>
        <description><![CDATA[<b>삼각점</b><br>명칭: 정읍316<br>위도: 35.538357°N<br>경도: 126.952803°E<br><br><a href="https://map.naver.com/v5/search/35.5383570833325,126.952803277778">📍 네이버 지도</a>]]></description>
        <styleUrl>#삼각점_style</styleUrl>
        <Point>
          <coordinates>126.952803277778,35.5383570833325,0</coordinates>
        </Point>
      </Placemark>
      <Placemark>
        <name>△ 정읍401</name>
        <description><![CDATA[<b>삼각점</b><br>명칭: 정읍401<br>위도: 35.717236°N<br>경도: 126.757014°E<br><br><a href="https://map.naver.com/v5/search/35.7172364166659,126.757014361111">📍 네이버 지도</a>]]></description>
        <styleUrl>#삼각점_style</styleUrl>
        <Point>
          <coordinates>126.757014361111,35.7172364166659,0</coordinates>
        </Point>
      </Placemark>
      <Placemark>
        <name>△ 정읍405</name>
        <description><![CDATA[<b>삼각점</b><br>명칭: 정읍405<br>위도: 35.680678°N<br>경도: 126.787961°E<br><br><a href="https://map.naver.com/v5/search/35.6806783333326,126.787960722222">📍 네이버 지도</a>]]></description>
        <styleUrl>#삼각점_style</styleUrl>
        <Point>
          <coordinates>126.787960722222,35.6806783333326,0</coordinates>
        </Point>
      </Placemark>
      <Placemark>
        <name>△ 정읍406</name>
        <description><![CDATA[<b>삼각점</b><br>명칭: 정읍406<br>위도: 35.700166°N<br>경도: 126.796643°E<br><br><a href="https://map.naver.com/v5/search/35.7001663611103,126.796643416667">📍 네이버 지도</a>]]></description>
        <styleUrl>#삼각점_style</styleUrl>
        <Point>
          <coordinates>126.796643416667,35.7001663611103,0</coordinates>
        </Point>
      </Placemark>
      <Placemark>
        <name>△ 정읍407</name>
        <description><![CDATA[<b>삼각점</b><br>명칭: 정읍407<br>위도: 35.680278°N<br>경도: 126.808284°E<br><br><a href="https://map.naver.com/v5/search/35.6802784999992,126.808283666667">📍 네이버 지도</a>]]></description>
        <styleUrl>#삼각점_style</styleUrl>
        <Point>
          <coordinates>126.808283666667,35.6802784999992,0</coordinates>
        </Point>
      </Placemark>
      <Placemark>
        <name>△ 정읍413</name>
        <description><![CDATA[<b>삼각점</b><br>명칭: 정읍413<br>위도: 35.682039°N<br>경도: 126.864057°E<br><br><a href="https://map.naver.com/v5/search/35.6820393055548,126.864057083333">📍 네이버 지도</a>]]></description>
        <styleUrl>#삼각점_style</styleUrl>
        <Point>
          <coordinates>126.864057083333,35.6820393055548,0</coordinates>
        </Point>
      </Placemark>
      <Placemark>
        <name>△ 정읍415</name>
        <description><![CDATA[<b>삼각점</b><br>명칭: 정읍415<br>위도: 35.681794°N<br>경도: 126.888007°E<br><br><a href="https://map.naver.com/v5/search/35.6817935833325,126.888006555556">📍 네이버 지도</a>]]></description>
        <styleUrl>#삼각점_style</styleUrl>
        <Point>
          <coordinates>126.888006555556,35.6817935833325,0</coordinates>
        </Point>
      </Placemark>
      <Placemark>
        <name>△ 정읍416</name>
        <description><![CDATA[<b>삼각점</b><br>명칭: 정읍416<br>위도: 35.706540°N<br>경도: 126.894039°E<br><br><a href="https://map.naver.com/v5/search/35.7065403055548,126.894039388889">📍 네이버 지도</a>]]></description>
        <styleUrl>#삼각점_style</styleUrl>
        <Point>
          <coordinates>126.894039388889,35.7065403055548,0</coordinates>
        </Point>
      </Placemark>
      <Placemark>
        <name>△ 정읍417</name>
        <description><![CDATA[<b>삼각점</b><br>명칭: 정읍417<br>위도: 35.733707°N<br>경도: 126.899427°E<br><br><a href="https://map.naver.com/v5/search/35.7337066111103,126.899426777778">📍 네이버 지도</a>]]></description>
        <styleUrl>#삼각점_style</styleUrl>
        <Point>
          <coordinates>126.899426777778,35.7337066111103,0</coordinates>
        </Point>
      </Placemark>
      <Placemark>
        <name>△ 정읍420</name>
        <description><![CDATA[<b>삼각점</b><br>명칭: 정읍420<br>위도: 35.673580°N<br>경도: 126.951721°E<br><br><a href="https://map.naver.com/v5/search/35.6735796111103,126.951721444444">📍 네이버 지도</a>]]></description>
        <styleUrl>#삼각점_style</styleUrl>
        <Point>
          <coordinates>126.951721444444,35.6735796111103,0</coordinates>
        </Point>
      </Placemark>
      <Placemark>
        <name>△ 정읍422</name>
        <description><![CDATA[<b>삼각점</b><br>명칭: 정읍422<br>위도: 35.734712°N<br>경도: 126.959896°E<br><br><a href="https://map.naver.com/v5/search/35.7347120833326,126.959896305556">📍 네이버 지도</a>]]></description>
        <styleUrl>#삼각점_style</styleUrl>
        <Point>
          <coordinates>126.959896305556,35.7347120833326,0</coordinates>
        </Point>
      </Placemark>
      <Placemark>
        <name>△ 정읍426</name>
        <description><![CDATA[<b>삼각점</b><br>명칭: 정읍426<br>위도: 35.647308°N<br>경도: 126.986460°E<br><br><a href="https://map.naver.com/v5/search/35.6473078333326,126.986459861111">📍 네이버 지도</a>]]></description>
        <styleUrl>#삼각점_style</styleUrl>
        <Point>
          <coordinates>126.986459861111,35.6473078333326,0</coordinates>
        </Point>
      </Placemark>
      <Placemark>
        <name>△ 정읍427</name>
        <description><![CDATA[<b>삼각점</b><br>명칭: 정읍427<br>위도: 35.668694°N<br>경도: 126.982776°E<br><br><a href="https://map.naver.com/v5/search/35.6686936388881,126.982776194444">📍 네이버 지도</a>]]></description>
        <styleUrl>#삼각점_style</styleUrl>
        <Point>
          <coordinates>126.982776194444,35.6686936388881,0</coordinates>
        </Point>
      </Placemark>
      <Placemark>
        <name>△ 정읍428</name>
        <description><![CDATA[<b>삼각점</b><br>명칭: 정읍428<br>위도: 35.605003°N<br>경도: 126.983030°E<br><br><a href="https://map.naver.com/v5/search/35.6050027499992,126.983030083333">📍 네이버 지도</a>]]></description>
        <styleUrl>#삼각점_style</styleUrl>
        <Point>
          <coordinates>126.983030083333,35.6050027499992,0</coordinates>
        </Point>
      </Placemark>
      <Placemark>
        <name>△ 정읍429</name>
        <description><![CDATA[<b>삼각점</b><br>명칭: 정읍429<br>위도: 35.587719°N<br>경도: 126.978924°E<br><br><a href="https://map.naver.com/v5/search/35.5877194999992,126.978923527778">📍 네이버 지도</a>]]></description>
        <styleUrl>#삼각점_style</styleUrl>
        <Point>
          <coordinates>126.978923527778,35.5877194999992,0</coordinates>
        </Point>
      </Placemark>
      <Placemark>
        <name>△ 정읍431</name>
        <description><![CDATA[<b>삼각점</b><br>명칭: 정읍431<br>위도: 35.604011°N<br>경도: 126.958162°E<br><br><a href="https://map.naver.com/v5/search/35.6040106388881,126.958162416667">📍 네이버 지도</a>]]></description>
        <styleUrl>#삼각점_style</styleUrl>
        <Point>
          <coordinates>126.958162416667,35.6040106388881,0</coordinates>
        </Point>
      </Placemark>
      <Placemark>
        <name>△ 정읍433</name>
        <description><![CDATA[<b>삼각점</b><br>명칭: 정읍433<br>위도: 35.587286°N<br>경도: 126.926305°E<br><br><a href="https://map.naver.com/v5/search/35.5872859722214,126.926304888889">📍 네이버 지도</a>]]></description>
        <styleUrl>#삼각점_style</styleUrl>
        <Point>
          <coordinates>126.926304888889,35.5872859722214,0</coordinates>
        </Point>
      </Placemark>
      <Placemark>
        <name>△ 정읍435</name>
        <description><![CDATA[<b>삼각점</b><br>명칭: 정읍435<br>위도: 35.650485°N<br>경도: 126.914050°E<br><br><a href="https://map.naver.com/v5/search/35.6504846944436,126.91405025">📍 네이버 지도</a>]]></description>
        <styleUrl>#삼각점_style</styleUrl>
        <Point>
          <coordinates>126.91405025,35.6504846944436,0</coordinates>
        </Point>
      </Placemark>
      <Placemark>
        <name>△ 정읍436</name>
        <description><![CDATA[<b>삼각점</b><br>명칭: 정읍436<br>위도: 35.634098°N<br>경도: 126.906290°E<br><br><a href="https://map.naver.com/v5/search/35.6340979444436,126.906289638889">📍 네이버 지도</a>]]></description>
        <styleUrl>#삼각점_style</styleUrl>
        <Point>
          <coordinates>126.906289638889,35.6340979444436,0</coordinates>
        </Point>
      </Placemark>
      <Placemark>
        <name>△ 정읍437</name>
        <description><![CDATA[<b>삼각점</b><br>명칭: 정읍437<br>위도: 35.590058°N<br>경도: 126.895824°E<br><br><a href="https://map.naver.com/v5/search/35.5900576944436,126.895824333333">📍 네이버 지도</a>]]></description>
        <styleUrl>#삼각점_style</styleUrl>
        <Point>
          <coordinates>126.895824333333,35.5900576944436,0</coordinates>
        </Point>
      </Placemark>
      <Placemark>
        <name>△ 정읍439</name>
        <description><![CDATA[<b>삼각점</b><br>명칭: 정읍439<br>위도: 35.631617°N<br>경도: 126.885089°E<br><br><a href="https://map.naver.com/v5/search/35.6316172499992,126.885088916667">📍 네이버 지도</a>]]></description>
        <styleUrl>#삼각점_style</styleUrl>
        <Point>
          <coordinates>126.885088916667,35.6316172499992,0</coordinates>
        </Point>
      </Placemark>
      <Placemark>
        <name>△ 정읍442</name>
        <description><![CDATA[<b>삼각점</b><br>명칭: 정읍442<br>위도: 35.603526°N<br>경도: 126.833860°E<br><br><a href="https://map.naver.com/v5/search/35.6035256666659,126.833859805556">📍 네이버 지도</a>]]></description>
        <styleUrl>#삼각점_style</styleUrl>
        <Point>
          <coordinates>126.833859805556,35.6035256666659,0</coordinates>
        </Point>
      </Placemark>
      <Placemark>
        <name>△ 정읍443</name>
        <description><![CDATA[<b>삼각점</b><br>명칭: 정읍443<br>위도: 35.656895°N<br>경도: 126.832601°E<br><br><a href="https://map.naver.com/v5/search/35.6568945833325,126.832601472222">📍 네이버 지도</a>]]></description>
        <styleUrl>#삼각점_style</styleUrl>
        <Point>
          <coordinates>126.832601472222,35.6568945833325,0</coordinates>
        </Point>
      </Placemark>
      <Placemark>
        <name>△ 정읍445</name>
        <description><![CDATA[<b>삼각점</b><br>명칭: 정읍445<br>위도: 35.628914°N<br>경도: 126.797681°E<br><br><a href="https://map.naver.com/v5/search/35.6289144166659,126.797681">📍 네이버 지도</a>]]></description>
        <styleUrl>#삼각점_style</styleUrl>
        <Point>
          <coordinates>126.797681,35.6289144166659,0</coordinates>
        </Point>
      </Placemark>
      <Placemark>
        <name>△ 정읍447</name>
        <description><![CDATA[<b>삼각점</b><br>명칭: 정읍447<br>위도: 35.653892°N<br>경도: 126.772195°E<br><br><a href="https://map.naver.com/v5/search/35.6538920833325,126.772194527778">📍 네이버 지도</a>]]></description>
        <styleUrl>#삼각점_style</styleUrl>
        <Point>
          <coordinates>126.772194527778,35.6538920833325,0</coordinates>
        </Point>
      </Placemark>
      <Placemark>
        <name>△ 정읍448</name>
        <description><![CDATA[<b>삼각점</b><br>명칭: 정읍448<br>위도: 35.626028°N<br>경도: 126.770961°E<br><br><a href="https://map.naver.com/v5/search/35.6260275833325,126.770960777778">📍 네이버 지도</a>]]></description>
        <styleUrl>#삼각점_style</styleUrl>
        <Point>
          <coordinates>126.770960777778,35.6260275833325,0</coordinates>
        </Point>
      </Placemark>
      <Placemark>
        <name>△ 정읍449</name>
        <description><![CDATA[<b>삼각점</b><br>명칭: 정읍449<br>위도: 35.603438°N<br>경도: 126.763323°E<br><br><a href="https://map.naver.com/v5/search/35.6034378888881,126.763323472222">📍 네이버 지도</a>]]></description>
        <styleUrl>#삼각점_style</styleUrl>
        <Point>
          <coordinates>126.763323472222,35.6034378888881,0</coordinates>
        </Point>
      </Placemark>
      <Placemark>
        <name>△ 정읍453</name>
        <description><![CDATA[<b>삼각점</b><br>명칭: 정읍453<br>위도: 35.513345°N<br>경도: 126.768866°E<br><br><a href="https://map.naver.com/v5/search/35.5133451944436,126.768866444444">📍 네이버 지도</a>]]></description>
        <styleUrl>#삼각점_style</styleUrl>
        <Point>
          <coordinates>126.768866444444,35.5133451944436,0</coordinates>
        </Point>
      </Placemark>
      <Placemark>
        <name>△ 정읍455</name>
        <description><![CDATA[<b>삼각점</b><br>명칭: 정읍455<br>위도: 35.509810°N<br>경도: 126.789070°E<br><br><a href="https://map.naver.com/v5/search/35.5098098888881,126.789069888889">📍 네이버 지도</a>]]></description>
        <styleUrl>#삼각점_style</styleUrl>
        <Point>
          <coordinates>126.789069888889,35.5098098888881,0</coordinates>
        </Point>
      </Placemark>
      <Placemark>
        <name>△ 정읍456</name>
        <description><![CDATA[<b>삼각점</b><br>명칭: 정읍456<br>위도: 35.585953°N<br>경도: 126.799675°E<br><br><a href="https://map.naver.com/v5/search/35.5859529166659,126.799674916667">📍 네이버 지도</a>]]></description>
        <styleUrl>#삼각점_style</styleUrl>
        <Point>
          <coordinates>126.799674916667,35.5859529166659,0</coordinates>
        </Point>
      </Placemark>
      <Placemark>
        <name>△ 정읍458</name>
        <description><![CDATA[<b>삼각점</b><br>명칭: 정읍458<br>위도: 35.521945°N<br>경도: 126.828813°E<br><br><a href="https://map.naver.com/v5/search/35.5219446944436,126.828812944444">📍 네이버 지도</a>]]></description>
        <styleUrl>#삼각점_style</styleUrl>
        <Point>
          <coordinates>126.828812944444,35.5219446944436,0</coordinates>
        </Point>
      </Placemark>
      <Placemark>
        <name>△ 정읍462</name>
        <description><![CDATA[<b>삼각점</b><br>명칭: 정읍462<br>위도: 35.562084°N<br>경도: 126.846064°E<br><br><a href="https://map.naver.com/v5/search/35.5620843055547,126.846064388889">📍 네이버 지도</a>]]></description>
        <styleUrl>#삼각점_style</styleUrl>
        <Point>
          <coordinates>126.846064388889,35.5620843055547,0</coordinates>
        </Point>
      </Placemark>
      <Placemark>
        <name>△ 정읍463</name>
        <description><![CDATA[<b>삼각점</b><br>명칭: 정읍463<br>위도: 35.575064°N<br>경도: 126.850662°E<br><br><a href="https://map.naver.com/v5/search/35.5750642499992,126.850662055556">📍 네이버 지도</a>]]></description>
        <styleUrl>#삼각점_style</styleUrl>
        <Point>
          <coordinates>126.850662055556,35.5750642499992,0</coordinates>
        </Point>
      </Placemark>
      <Placemark>
        <name>△ 정읍464</name>
        <description><![CDATA[<b>삼각점</b><br>명칭: 정읍464<br>위도: 35.501081°N<br>경도: 126.854290°E<br><br><a href="https://map.naver.com/v5/search/35.5010809999992,126.854289861111">📍 네이버 지도</a>]]></description>
        <styleUrl>#삼각점_style</styleUrl>
        <Point>
          <coordinates>126.854289861111,35.5010809999992,0</coordinates>
        </Point>
      </Placemark>
      <Placemark>
        <name>△ 정읍465</name>
        <description><![CDATA[<b>삼각점</b><br>명칭: 정읍465<br>위도: 35.523899°N<br>경도: 126.854675°E<br><br><a href="https://map.naver.com/v5/search/35.5238989722214,126.854675472222">📍 네이버 지도</a>]]></description>
        <styleUrl>#삼각점_style</styleUrl>
        <Point>
          <coordinates>126.854675472222,35.5238989722214,0</coordinates>
        </Point>
      </Placemark>
      <Placemark>
        <name>△ 정읍466</name>
        <description><![CDATA[<b>삼각점</b><br>명칭: 정읍466<br>위도: 35.567719°N<br>경도: 126.865196°E<br><br><a href="https://map.naver.com/v5/search/35.5677191944436,126.865195777778">📍 네이버 지도</a>]]></description>
        <styleUrl>#삼각점_style</styleUrl>
        <Point>
          <coordinates>126.865195777778,35.5677191944436,0</coordinates>
        </Point>
      </Placemark>
      <Placemark>
        <name>△ 정읍467</name>
        <description><![CDATA[<b>삼각점</b><br>명칭: 정읍467<br>위도: 35.515723°N<br>경도: 126.879218°E<br><br><a href="https://map.naver.com/v5/search/35.5157228888881,126.879218194444">📍 네이버 지도</a>]]></description>
        <styleUrl>#삼각점_style</styleUrl>
        <Point>
          <coordinates>126.879218194444,35.5157228888881,0</coordinates>
        </Point>
      </Placemark>
      <Placemark>
        <name>△ 정읍469</name>
        <description><![CDATA[<b>삼각점</b><br>명칭: 정읍469<br>위도: 35.563371°N<br>경도: 126.878241°E<br><br><a href="https://map.naver.com/v5/search/35.5633706666659,126.878240777778">📍 네이버 지도</a>]]></description>
        <styleUrl>#삼각점_style</styleUrl>
        <Point>
          <coordinates>126.878240777778,35.5633706666659,0</coordinates>
        </Point>
      </Placemark>
      <Placemark>
        <name>△ 정읍470</name>
        <description><![CDATA[<b>삼각점</b><br>명칭: 정읍470<br>위도: 35.538540°N<br>경도: 126.903676°E<br><br><a href="https://map.naver.com/v5/search/35.5385400833325,126.903676444444">📍 네이버 지도</a>]]></description>
        <styleUrl>#삼각점_style</styleUrl>
        <Point>
          <coordinates>126.903676444444,35.5385400833325,0</coordinates>
        </Point>
      </Placemark>
      <Placemark>
        <name>△ 정읍471</name>
        <description><![CDATA[<b>삼각점</b><br>명칭: 정읍471<br>위도: 35.516084°N<br>경도: 126.917273°E<br><br><a href="https://map.naver.com/v5/search/35.5160838055547,126.917272722222">📍 네이버 지도</a>]]></description>
        <styleUrl>#삼각점_style</styleUrl>
        <Point>
          <coordinates>126.917272722222,35.5160838055547,0</coordinates>
        </Point>
      </Placemark>
      <Placemark>
        <name>△ 정읍474</name>
        <description><![CDATA[<b>삼각점</b><br>명칭: 정읍474<br>위도: 35.523453°N<br>경도: 126.935736°E<br><br><a href="https://map.naver.com/v5/search/35.5234527222214,126.935736416667">📍 네이버 지도</a>]]></description>
        <styleUrl>#삼각점_style</styleUrl>
        <Point>
          <coordinates>126.935736416667,35.5234527222214,0</coordinates>
        </Point>
      </Placemark>
      <Placemark>
        <name>△ 정읍475</name>
        <description><![CDATA[<b>삼각점</b><br>명칭: 정읍475<br>위도: 35.519491°N<br>경도: 126.967947°E<br><br><a href="https://map.naver.com/v5/search/35.5194912222214,126.967946694444">📍 네이버 지도</a>]]></description>
        <styleUrl>#삼각점_style</styleUrl>
        <Point>
          <coordinates>126.967946694444,35.5194912222214,0</coordinates>
        </Point>
      </Placemark>
      <Placemark>
        <name>△ 정읍476</name>
        <description><![CDATA[<b>삼각점</b><br>명칭: 정읍476<br>위도: 35.555804°N<br>경도: 126.979080°E<br><br><a href="https://map.naver.com/v5/search/35.5558043611103,126.979079833333">📍 네이버 지도</a>]]></description>
        <styleUrl>#삼각점_style</styleUrl>
        <Point>
          <coordinates>126.979079833333,35.5558043611103,0</coordinates>
        </Point>
      </Placemark>
      <Placemark>
        <name>△ 정읍477</name>
        <description><![CDATA[<b>삼각점</b><br>명칭: 정읍477<br>위도: 35.513920°N<br>경도: 126.990301°E<br><br><a href="https://map.naver.com/v5/search/35.5139203611103,126.990300888889">📍 네이버 지도</a>]]></description>
        <styleUrl>#삼각점_style</styleUrl>
        <Point>
          <coordinates>126.990300888889,35.5139203611103,0</coordinates>
        </Point>
      </Placemark>
      <Placemark>
        <name>△ 갈담11</name>
        <description><![CDATA[<b>삼각점</b><br>명칭: 갈담11<br>위도: 35.728579°N<br>경도: 127.085172°E<br><br><a href="https://map.naver.com/v5/search/35.7285794444437,127.085171944444">📍 네이버 지도</a>]]></description>
        <styleUrl>#삼각점_style</styleUrl>
        <Point>
          <coordinates>127.085171944444,35.7285794444437,0</coordinates>
        </Point>
      </Placemark>
      <Placemark>
        <name>△ 갈담21</name>
        <description><![CDATA[<b>삼각점</b><br>명칭: 갈담21<br>위도: 35.679741°N<br>경도: 127.242233°E<br><br><a href="https://map.naver.com/v5/search/35.6797414722214,127.242233055556">📍 네이버 지도</a>]]></description>
        <styleUrl>#삼각점_style</styleUrl>
        <Point>
          <coordinates>127.242233055556,35.6797414722214,0</coordinates>
        </Point>
      </Placemark>
      <Placemark>
        <name>△ 갈담22</name>
        <description><![CDATA[<b>삼각점</b><br>명칭: 갈담22<br>위도: 35.644153°N<br>경도: 127.132374°E<br><br><a href="https://map.naver.com/v5/search/35.6441533611103,127.132373611111">📍 네이버 지도</a>]]></description>
        <styleUrl>#삼각점_style</styleUrl>
        <Point>
          <coordinates>127.132373611111,35.6441533611103,0</coordinates>
        </Point>
      </Placemark>
      <Placemark>
        <name>△ 갈담24</name>
        <description><![CDATA[<b>삼각점</b><br>명칭: 갈담24<br>위도: 35.584525°N<br>경도: 127.077531°E<br><br><a href="https://map.naver.com/v5/search/35.5845254722214,127.077531055556">📍 네이버 지도</a>]]></description>
        <styleUrl>#삼각점_style</styleUrl>
        <Point>
          <coordinates>127.077531055556,35.5845254722214,0</coordinates>
        </Point>
      </Placemark>
      <Placemark>
        <name>△ 갈담25</name>
        <description><![CDATA[<b>삼각점</b><br>명칭: 갈담25<br>위도: 35.567359°N<br>경도: 127.168786°E<br><br><a href="https://map.naver.com/v5/search/35.5673589999992,127.168786333333">📍 네이버 지도</a>]]></description>
        <styleUrl>#삼각점_style</styleUrl>
        <Point>
          <coordinates>127.168786333333,35.5673589999992,0</coordinates>
        </Point>
      </Placemark>
      <Placemark>
        <name>△ 갈담301</name>
        <description><![CDATA[<b>삼각점</b><br>명칭: 갈담301<br>위도: 35.714127°N<br>경도: 127.017481°E<br><br><a href="https://map.naver.com/v5/search/35.714126777777,127.017481444444">📍 네이버 지도</a>]]></description>
        <styleUrl>#삼각점_style</styleUrl>
        <Point>
          <coordinates>127.017481444444,35.714126777777,0</coordinates>
        </Point>
      </Placemark>
      <Placemark>
        <name>△ 갈담302</name>
        <description><![CDATA[<b>삼각점</b><br>명칭: 갈담302<br>위도: 35.747826°N<br>경도: 127.023478°E<br><br><a href="https://map.naver.com/v5/search/35.7478255833326,127.023478027778">📍 네이버 지도</a>]]></description>
        <styleUrl>#삼각점_style</styleUrl>
        <Point>
          <coordinates>127.023478027778,35.7478255833326,0</coordinates>
        </Point>
      </Placemark>
      <Placemark>
        <name>△ 갈담304</name>
        <description><![CDATA[<b>삼각점</b><br>명칭: 갈담304<br>위도: 35.726060°N<br>경도: 127.163109°E<br><br><a href="https://map.naver.com/v5/search/35.7260601111103,127.163108555556">📍 네이버 지도</a>]]></description>
        <styleUrl>#삼각점_style</styleUrl>
        <Point>
          <coordinates>127.163108555556,35.7260601111103,0</coordinates>
        </Point>
      </Placemark>
      <Placemark>
        <name>△ 갈담306</name>
        <description><![CDATA[<b>삼각점</b><br>명칭: 갈담306<br>위도: 35.623376°N<br>경도: 127.243974°E<br><br><a href="https://map.naver.com/v5/search/35.6233756666659,127.243973777778">📍 네이버 지도</a>]]></description>
        <styleUrl>#삼각점_style</styleUrl>
        <Point>
          <coordinates>127.243973777778,35.6233756666659,0</coordinates>
        </Point>
      </Placemark>
      <Placemark>
        <name>△ 갈담309</name>
        <description><![CDATA[<b>삼각점</b><br>명칭: 갈담309<br>위도: 35.667979°N<br>경도: 127.160264°E<br><br><a href="https://map.naver.com/v5/search/35.6679788611103,127.160264277778">📍 네이버 지도</a>]]></description>
        <styleUrl>#삼각점_style</styleUrl>
        <Point>
          <coordinates>127.160264277778,35.6679788611103,0</coordinates>
        </Point>
      </Placemark>
      <Placemark>
        <name>△ 갈담311</name>
        <description><![CDATA[<b>삼각점</b><br>명칭: 갈담311<br>위도: 35.624960°N<br>경도: 127.091129°E<br><br><a href="https://map.naver.com/v5/search/35.6249598055548,127.091129472222">📍 네이버 지도</a>]]></description>
        <styleUrl>#삼각점_style</styleUrl>
        <Point>
          <coordinates>127.091129472222,35.6249598055548,0</coordinates>
        </Point>
      </Placemark>
      <Placemark>
        <name>△ 갈담312</name>
        <description><![CDATA[<b>삼각점</b><br>명칭: 갈담312<br>위도: 35.665812°N<br>경도: 127.084554°E<br><br><a href="https://map.naver.com/v5/search/35.6658123888881,127.084553722222">📍 네이버 지도</a>]]></description>
        <styleUrl>#삼각점_style</styleUrl>
        <Point>
          <coordinates>127.084553722222,35.6658123888881,0</coordinates>
        </Point>
      </Placemark>
      <Placemark>
        <name>△ 갈담313</name>
        <description><![CDATA[<b>삼각점</b><br>명칭: 갈담313<br>위도: 35.595722°N<br>경도: 127.022482°E<br><br><a href="https://map.naver.com/v5/search/35.5957222499992,127.022481916667">📍 네이버 지도</a>]]></description>
        <styleUrl>#삼각점_style</styleUrl>
        <Point>
          <coordinates>127.022481916667,35.5957222499992,0</coordinates>
        </Point>
      </Placemark>
      <Placemark>
        <name>△ 갈담315</name>
        <description><![CDATA[<b>삼각점</b><br>명칭: 갈담315<br>위도: 35.561924°N<br>경도: 127.104373°E<br><br><a href="https://map.naver.com/v5/search/35.5619239166658,127.104373194444">📍 네이버 지도</a>]]></description>
        <styleUrl>#삼각점_style</styleUrl>
        <Point>
          <coordinates>127.104373194444,35.5619239166658,0</coordinates>
        </Point>
      </Placemark>
      <Placemark>
        <name>△ 갈담316</name>
        <description><![CDATA[<b>삼각점</b><br>명칭: 갈담316<br>위도: 35.503258°N<br>경도: 127.131915°E<br><br><a href="https://map.naver.com/v5/search/35.5032576666658,127.131915277778">📍 네이버 지도</a>]]></description>
        <styleUrl>#삼각점_style</styleUrl>
        <Point>
          <coordinates>127.131915277778,35.5032576666658,0</coordinates>
        </Point>
      </Placemark>
      <Placemark>
        <name>△ 갈담401</name>
        <description><![CDATA[<b>삼각점</b><br>명칭: 갈담401<br>위도: 35.692747°N<br>경도: 127.023910°E<br><br><a href="https://map.naver.com/v5/search/35.692747277777,127.023910361111">📍 네이버 지도</a>]]></description>
        <styleUrl>#삼각점_style</styleUrl>
        <Point>
          <coordinates>127.023910361111,35.692747277777,0</coordinates>
        </Point>
      </Placemark>
      <Placemark>
        <name>△ 갈담402</name>
        <description><![CDATA[<b>삼각점</b><br>명칭: 갈담402<br>위도: 35.710118°N<br>경도: 127.043939°E<br><br><a href="https://map.naver.com/v5/search/35.710118277777,127.043938944444">📍 네이버 지도</a>]]></description>
        <styleUrl>#삼각점_style</styleUrl>
        <Point>
          <coordinates>127.043938944444,35.710118277777,0</coordinates>
        </Point>
      </Placemark>
      <Placemark>
        <name>△ 갈담403</name>
        <description><![CDATA[<b>삼각점</b><br>명칭: 갈담403<br>위도: 35.732612°N<br>경도: 127.055656°E<br><br><a href="https://map.naver.com/v5/search/35.7326121666659,127.055656166667">📍 네이버 지도</a>]]></description>
        <styleUrl>#삼각점_style</styleUrl>
        <Point>
          <coordinates>127.055656166667,35.7326121666659,0</coordinates>
        </Point>
      </Placemark>
      <Placemark>
        <name>△ 갈담404</name>
        <description><![CDATA[<b>삼각점</b><br>명칭: 갈담404<br>위도: 35.684394°N<br>경도: 127.056512°E<br><br><a href="https://map.naver.com/v5/search/35.6843941111103,127.056511611111">📍 네이버 지도</a>]]></description>
        <styleUrl>#삼각점_style</styleUrl>
        <Point>
          <coordinates>127.056511611111,35.6843941111103,0</coordinates>
        </Point>
      </Placemark>
      <Placemark>
        <name>△ 갈담405</name>
        <description><![CDATA[<b>삼각점</b><br>명칭: 갈담405<br>위도: 35.749991°N<br>경도: 127.070132°E<br><br><a href="https://map.naver.com/v5/search/35.7499914722215,127.070131666667">📍 네이버 지도</a>]]></description>
        <styleUrl>#삼각점_style</styleUrl>
        <Point>
          <coordinates>127.070131666667,35.7499914722215,0</coordinates>
        </Point>
      </Placemark>
      <Placemark>
        <name>△ 갈담406</name>
        <description><![CDATA[<b>삼각점</b><br>명칭: 갈담406<br>위도: 35.699498°N<br>경도: 127.076370°E<br><br><a href="https://map.naver.com/v5/search/35.6994977222214,127.076370277778">📍 네이버 지도</a>]]></description>
        <styleUrl>#삼각점_style</styleUrl>
        <Point>
          <coordinates>127.076370277778,35.6994977222214,0</coordinates>
        </Point>
      </Placemark>
      <Placemark>
        <name>△ 갈담407</name>
        <description><![CDATA[<b>삼각점</b><br>명칭: 갈담407<br>위도: 35.718480°N<br>경도: 127.101184°E<br><br><a href="https://map.naver.com/v5/search/35.7184804166659,127.101183916667">📍 네이버 지도</a>]]></description>
        <styleUrl>#삼각점_style</styleUrl>
        <Point>
          <coordinates>127.101183916667,35.7184804166659,0</coordinates>
        </Point>
      </Placemark>
      <Placemark>
        <name>△ 갈담408</name>
        <description><![CDATA[<b>삼각점</b><br>명칭: 갈담408<br>위도: 35.679008°N<br>경도: 127.110351°E<br><br><a href="https://map.naver.com/v5/search/35.679007527777,127.110351">📍 네이버 지도</a>]]></description>
        <styleUrl>#삼각점_style</styleUrl>
        <Point>
          <coordinates>127.110351,35.679007527777,0</coordinates>
        </Point>
      </Placemark>
      <Placemark>
        <name>△ 갈담409</name>
        <description><![CDATA[<b>삼각점</b><br>명칭: 갈담409<br>위도: 35.743251°N<br>경도: 127.113169°E<br><br><a href="https://map.naver.com/v5/search/35.7432514722215,127.113169055556">📍 네이버 지도</a>]]></description>
        <styleUrl>#삼각점_style</styleUrl>
        <Point>
          <coordinates>127.113169055556,35.7432514722215,0</coordinates>
        </Point>
      </Placemark>
      <Placemark>
        <name>△ 갈담410</name>
        <description><![CDATA[<b>삼각점</b><br>명칭: 갈담410<br>위도: 35.702819°N<br>경도: 127.128003°E<br><br><a href="https://map.naver.com/v5/search/35.7028194999992,127.128002861111">📍 네이버 지도</a>]]></description>
        <styleUrl>#삼각점_style</styleUrl>
        <Point>
          <coordinates>127.128002861111,35.7028194999992,0</coordinates>
        </Point>
      </Placemark>
      <Placemark>
        <name>△ 갈담411</name>
        <description><![CDATA[<b>삼각점</b><br>명칭: 갈담411<br>위도: 35.724803°N<br>경도: 127.133948°E<br><br><a href="https://map.naver.com/v5/search/35.7248028611103,127.133948333333">📍 네이버 지도</a>]]></description>
        <styleUrl>#삼각점_style</styleUrl>
        <Point>
          <coordinates>127.133948333333,35.7248028611103,0</coordinates>
        </Point>
      </Placemark>
      <Placemark>
        <name>△ 갈담412</name>
        <description><![CDATA[<b>삼각점</b><br>명칭: 갈담412<br>위도: 35.743413°N<br>경도: 127.137002°E<br><br><a href="https://map.naver.com/v5/search/35.7434130555548,127.137002444444">📍 네이버 지도</a>]]></description>
        <styleUrl>#삼각점_style</styleUrl>
        <Point>
          <coordinates>127.137002444444,35.7434130555548,0</coordinates>
        </Point>
      </Placemark>
      <Placemark>
        <name>△ 갈담413</name>
        <description><![CDATA[<b>삼각점</b><br>명칭: 갈담413<br>위도: 35.685450°N<br>경도: 127.143376°E<br><br><a href="https://map.naver.com/v5/search/35.6854501944437,127.143376138889">📍 네이버 지도</a>]]></description>
        <styleUrl>#삼각점_style</styleUrl>
        <Point>
          <coordinates>127.143376138889,35.6854501944437,0</coordinates>
        </Point>
      </Placemark>
      <Placemark>
        <name>△ 갈담416</name>
        <description><![CDATA[<b>삼각점</b><br>명칭: 갈담416<br>위도: 35.676045°N<br>경도: 127.183544°E<br><br><a href="https://map.naver.com/v5/search/35.6760451944437,127.183543805556">📍 네이버 지도</a>]]></description>
        <styleUrl>#삼각점_style</styleUrl>
        <Point>
          <coordinates>127.183543805556,35.6760451944437,0</coordinates>
        </Point>
      </Placemark>
      <Placemark>
        <name>△ 갈담423</name>
        <description><![CDATA[<b>삼각점</b><br>명칭: 갈담423<br>위도: 35.635308°N<br>경도: 127.221135°E<br><br><a href="https://map.naver.com/v5/search/35.6353083055548,127.221135444444">📍 네이버 지도</a>]]></description>
        <styleUrl>#삼각점_style</styleUrl>
        <Point>
          <coordinates>127.221135444444,35.6353083055548,0</coordinates>
        </Point>
      </Placemark>
      <Placemark>
        <name>△ 갈담424</name>
        <description><![CDATA[<b>삼각점</b><br>명칭: 갈담424<br>위도: 35.657107°N<br>경도: 127.215791°E<br><br><a href="https://map.naver.com/v5/search/35.657106527777,127.215791055556">📍 네이버 지도</a>]]></description>
        <styleUrl>#삼각점_style</styleUrl>
        <Point>
          <coordinates>127.215791055556,35.657106527777,0</coordinates>
        </Point>
      </Placemark>
      <Placemark>
        <name>△ 갈담428</name>
        <description><![CDATA[<b>삼각점</b><br>명칭: 갈담428<br>위도: 35.607974°N<br>경도: 127.164280°E<br><br><a href="https://map.naver.com/v5/search/35.607974277777,127.16428025">📍 네이버 지도</a>]]></description>
        <styleUrl>#삼각점_style</styleUrl>
        <Point>
          <coordinates>127.16428025,35.607974277777,0</coordinates>
        </Point>
      </Placemark>
      <Placemark>
        <name>△ 갈담431</name>
        <description><![CDATA[<b>삼각점</b><br>명칭: 갈담431<br>위도: 35.591770°N<br>경도: 127.140035°E<br><br><a href="https://map.naver.com/v5/search/35.5917703055548,127.140035472222">📍 네이버 지도</a>]]></description>
        <styleUrl>#삼각점_style</styleUrl>
        <Point>
          <coordinates>127.140035472222,35.5917703055548,0</coordinates>
        </Point>
      </Placemark>
      <Placemark>
        <name>△ 갈담434</name>
        <description><![CDATA[<b>삼각점</b><br>명칭: 갈담434<br>위도: 35.628283°N<br>경도: 127.115853°E<br><br><a href="https://map.naver.com/v5/search/35.6282828888881,127.115852805556">📍 네이버 지도</a>]]></description>
        <styleUrl>#삼각점_style</styleUrl>
        <Point>
          <coordinates>127.115852805556,35.6282828888881,0</coordinates>
        </Point>
      </Placemark>
      <Placemark>
        <name>△ 갈담435</name>
        <description><![CDATA[<b>삼각점</b><br>명칭: 갈담435<br>위도: 35.645992°N<br>경도: 127.113379°E<br><br><a href="https://map.naver.com/v5/search/35.6459920833325,127.113379138889">📍 네이버 지도</a>]]></description>
        <styleUrl>#삼각점_style</styleUrl>
        <Point>
          <coordinates>127.113379138889,35.6459920833325,0</coordinates>
        </Point>
      </Placemark>
      <Placemark>
        <name>△ 갈담436</name>
        <description><![CDATA[<b>삼각점</b><br>명칭: 갈담436<br>위도: 35.599648°N<br>경도: 127.101528°E<br><br><a href="https://map.naver.com/v5/search/35.5996476666659,127.101527694444">📍 네이버 지도</a>]]></description>
        <styleUrl>#삼각점_style</styleUrl>
        <Point>
          <coordinates>127.101527694444,35.5996476666659,0</coordinates>
        </Point>
      </Placemark>
      <Placemark>
        <name>△ 갈담437</name>
        <description><![CDATA[<b>삼각점</b><br>명칭: 갈담437<br>위도: 35.609132°N<br>경도: 127.071754°E<br><br><a href="https://map.naver.com/v5/search/35.6091319166659,127.071754111111">📍 네이버 지도</a>]]></description>
        <styleUrl>#삼각점_style</styleUrl>
        <Point>
          <coordinates>127.071754111111,35.6091319166659,0</coordinates>
        </Point>
      </Placemark>
      <Placemark>
        <name>△ 갈담438</name>
        <description><![CDATA[<b>삼각점</b><br>명칭: 갈담438<br>위도: 35.640516°N<br>경도: 127.068892°E<br><br><a href="https://map.naver.com/v5/search/35.6405156666659,127.06889225">📍 네이버 지도</a>]]></description>
        <styleUrl>#삼각점_style</styleUrl>
        <Point>
          <coordinates>127.06889225,35.6405156666659,0</coordinates>
        </Point>
      </Placemark>
      <Placemark>
        <name>△ 갈담441</name>
        <description><![CDATA[<b>삼각점</b><br>명칭: 갈담441<br>위도: 35.641958°N<br>경도: 127.044840°E<br><br><a href="https://map.naver.com/v5/search/35.6419577222214,127.044840055556">📍 네이버 지도</a>]]></description>
        <styleUrl>#삼각점_style</styleUrl>
        <Point>
          <coordinates>127.044840055556,35.6419577222214,0</coordinates>
        </Point>
      </Placemark>
      <Placemark>
        <name>△ 갈담442</name>
        <description><![CDATA[<b>삼각점</b><br>명칭: 갈담442<br>위도: 35.607419°N<br>경도: 127.031808°E<br><br><a href="https://map.naver.com/v5/search/35.6074194722214,127.031808416667">📍 네이버 지도</a>]]></description>
        <styleUrl>#삼각점_style</styleUrl>
        <Point>
          <coordinates>127.031808416667,35.6074194722214,0</coordinates>
        </Point>
      </Placemark>
      <Placemark>
        <name>△ 갈담443</name>
        <description><![CDATA[<b>삼각점</b><br>명칭: 갈담443<br>위도: 35.646974°N<br>경도: 127.017730°E<br><br><a href="https://map.naver.com/v5/search/35.646974027777,127.017730194444">📍 네이버 지도</a>]]></description>
        <styleUrl>#삼각점_style</styleUrl>
        <Point>
          <coordinates>127.017730194444,35.646974027777,0</coordinates>
        </Point>
      </Placemark>
      <Placemark>
        <name>△ 갈담444</name>
        <description><![CDATA[<b>삼각점</b><br>명칭: 갈담444<br>위도: 35.622033°N<br>경도: 127.015251°E<br><br><a href="https://map.naver.com/v5/search/35.6220333611103,127.015251055556">📍 네이버 지도</a>]]></description>
        <styleUrl>#삼각점_style</styleUrl>
        <Point>
          <coordinates>127.015251055556,35.6220333611103,0</coordinates>
        </Point>
      </Placemark>
      <Placemark>
        <name>△ 갈담447</name>
        <description><![CDATA[<b>삼각점</b><br>명칭: 갈담447<br>위도: 35.557990°N<br>경도: 127.004050°E<br><br><a href="https://map.naver.com/v5/search/35.5579904999992,127.004049722222">📍 네이버 지도</a>]]></description>
        <styleUrl>#삼각점_style</styleUrl>
        <Point>
          <coordinates>127.004049722222,35.5579904999992,0</coordinates>
        </Point>
      </Placemark>
      <Placemark>
        <name>△ 갈담448</name>
        <description><![CDATA[<b>삼각점</b><br>명칭: 갈담448<br>위도: 35.509564°N<br>경도: 127.012324°E<br><br><a href="https://map.naver.com/v5/search/35.5095639166658,127.012324166667">📍 네이버 지도</a>]]></description>
        <styleUrl>#삼각점_style</styleUrl>
        <Point>
          <coordinates>127.012324166667,35.5095639166658,0</coordinates>
        </Point>
      </Placemark>
      <Placemark>
        <name>△ 갈담450</name>
        <description><![CDATA[<b>삼각점</b><br>명칭: 갈담450<br>위도: 35.566734°N<br>경도: 127.037345°E<br><br><a href="https://map.naver.com/v5/search/35.5667335555547,127.037345">📍 네이버 지도</a>]]></description>
        <styleUrl>#삼각점_style</styleUrl>
        <Point>
          <coordinates>127.037345,35.5667335555547,0</coordinates>
        </Point>
      </Placemark>
      <Placemark>
        <name>△ 갈담451</name>
        <description><![CDATA[<b>삼각점</b><br>명칭: 갈담451<br>위도: 35.504196°N<br>경도: 127.039045°E<br><br><a href="https://map.naver.com/v5/search/35.5041963888881,127.039044805556">📍 네이버 지도</a>]]></description>
        <styleUrl>#삼각점_style</styleUrl>
        <Point>
          <coordinates>127.039044805556,35.5041963888881,0</coordinates>
        </Point>
      </Placemark>
      <Placemark>
        <name>△ 갈담453</name>
        <description><![CDATA[<b>삼각점</b><br>명칭: 갈담453<br>위도: 35.585842°N<br>경도: 127.051781°E<br><br><a href="https://map.naver.com/v5/search/35.5858423055548,127.05178125">📍 네이버 지도</a>]]></description>
        <styleUrl>#삼각점_style</styleUrl>
        <Point>
          <coordinates>127.05178125,35.5858423055548,0</coordinates>
        </Point>
      </Placemark>
      <Placemark>
        <name>△ 갈담454</name>
        <description><![CDATA[<b>삼각점</b><br>명칭: 갈담454<br>위도: 35.561033°N<br>경도: 127.068486°E<br><br><a href="https://map.naver.com/v5/search/35.5610326111103,127.068485666667">📍 네이버 지도</a>]]></description>
        <styleUrl>#삼각점_style</styleUrl>
        <Point>
          <coordinates>127.068485666667,35.5610326111103,0</coordinates>
        </Point>
      </Placemark>
      <Placemark>
        <name>△ 갈담456</name>
        <description><![CDATA[<b>삼각점</b><br>명칭: 갈담456<br>위도: 35.507193°N<br>경도: 127.084548°E<br><br><a href="https://map.naver.com/v5/search/35.5071934444436,127.084547694444">📍 네이버 지도</a>]]></description>
        <styleUrl>#삼각점_style</styleUrl>
        <Point>
          <coordinates>127.084547694444,35.5071934444436,0</coordinates>
        </Point>
      </Placemark>
      <Placemark>
        <name>△ 갈담457</name>
        <description><![CDATA[<b>삼각점</b><br>명칭: 갈담457<br>위도: 35.544973°N<br>경도: 127.113267°E<br><br><a href="https://map.naver.com/v5/search/35.5449729722214,127.113267">📍 네이버 지도</a>]]></description>
        <styleUrl>#삼각점_style</styleUrl>
        <Point>
          <coordinates>127.113267,35.5449729722214,0</coordinates>
        </Point>
      </Placemark>
      <Placemark>
        <name>△ 갈담458</name>
        <description><![CDATA[<b>삼각점</b><br>명칭: 갈담458<br>위도: 35.567721°N<br>경도: 127.129883°E<br><br><a href="https://map.naver.com/v5/search/35.5677205555547,127.129882638889">📍 네이버 지도</a>]]></description>
        <styleUrl>#삼각점_style</styleUrl>
        <Point>
          <coordinates>127.129882638889,35.5677205555547,0</coordinates>
        </Point>
      </Placemark>
      <Placemark>
        <name>△ 갈담459</name>
        <description><![CDATA[<b>삼각점</b><br>명칭: 갈담459<br>위도: 35.525280°N<br>경도: 127.143708°E<br><br><a href="https://map.naver.com/v5/search/35.5252799722214,127.143708277778">📍 네이버 지도</a>]]></description>
        <styleUrl>#삼각점_style</styleUrl>
        <Point>
          <coordinates>127.143708277778,35.5252799722214,0</coordinates>
        </Point>
      </Placemark>
      <Placemark>
        <name>△ 갈담460</name>
        <description><![CDATA[<b>삼각점</b><br>명칭: 갈담460<br>위도: 35.544277°N<br>경도: 127.147950°E<br><br><a href="https://map.naver.com/v5/search/35.5442774999992,127.147950083333">📍 네이버 지도</a>]]></description>
        <styleUrl>#삼각점_style</styleUrl>
        <Point>
          <coordinates>127.147950083333,35.5442774999992,0</coordinates>
        </Point>
      </Placemark>
      <Placemark>
        <name>△ 갈담461</name>
        <description><![CDATA[<b>삼각점</b><br>명칭: 갈담461<br>위도: 35.524546°N<br>경도: 127.163990°E<br><br><a href="https://map.naver.com/v5/search/35.524545527777,127.163990305556">📍 네이버 지도</a>]]></description>
        <styleUrl>#삼각점_style</styleUrl>
        <Point>
          <coordinates>127.163990305556,35.524545527777,0</coordinates>
        </Point>
      </Placemark>
      <Placemark>
        <name>△ 갈담462</name>
        <description><![CDATA[<b>삼각점</b><br>명칭: 갈담462<br>위도: 35.546075°N<br>경도: 127.172332°E<br><br><a href="https://map.naver.com/v5/search/35.5460752222214,127.172331555556">📍 네이버 지도</a>]]></description>
        <styleUrl>#삼각점_style</styleUrl>
        <Point>
          <coordinates>127.172331555556,35.5460752222214,0</coordinates>
        </Point>
      </Placemark>
      <Placemark>
        <name>△ 갈담463</name>
        <description><![CDATA[<b>삼각점</b><br>명칭: 갈담463<br>위도: 35.515400°N<br>경도: 127.175386°E<br><br><a href="https://map.naver.com/v5/search/35.5154004999992,127.17538625">📍 네이버 지도</a>]]></description>
        <styleUrl>#삼각점_style</styleUrl>
        <Point>
          <coordinates>127.17538625,35.5154004999992,0</coordinates>
        </Point>
      </Placemark>
      <Placemark>
        <name>△ 갈담469</name>
        <description><![CDATA[<b>삼각점</b><br>명칭: 갈담469<br>위도: 35.504214°N<br>경도: 127.234561°E<br><br><a href="https://map.naver.com/v5/search/35.5042141111103,127.234560944444">📍 네이버 지도</a>]]></description>
        <styleUrl>#삼각점_style</styleUrl>
        <Point>
          <coordinates>127.234560944444,35.5042141111103,0</coordinates>
        </Point>
      </Placemark>
      <Placemark>
        <name>△ 임실21</name>
        <description><![CDATA[<b>삼각점</b><br>명칭: 임실21<br>위도: 35.690247°N<br>경도: 127.368008°E<br><br><a href="https://map.naver.com/v5/search/35.690247277777,127.368007611111">📍 네이버 지도</a>]]></description>
        <styleUrl>#삼각점_style</styleUrl>
        <Point>
          <coordinates>127.368007611111,35.690247277777,0</coordinates>
        </Point>
      </Placemark>
      <Placemark>
        <name>△ 임실24</name>
        <description><![CDATA[<b>삼각점</b><br>명칭: 임실24<br>위도: 35.606886°N<br>경도: 127.360825°E<br><br><a href="https://map.naver.com/v5/search/35.6068863888881,127.360825222222">📍 네이버 지도</a>]]></description>
        <styleUrl>#삼각점_style</styleUrl>
        <Point>
          <coordinates>127.360825222222,35.6068863888881,0</coordinates>
        </Point>
      </Placemark>
      <Placemark>
        <name>△ 임실407</name>
        <description><![CDATA[<b>삼각점</b><br>명칭: 임실407<br>위도: 35.690766°N<br>경도: 127.321713°E<br><br><a href="https://map.naver.com/v5/search/35.6907663333326,127.321713222222">📍 네이버 지도</a>]]></description>
        <styleUrl>#삼각점_style</styleUrl>
        <Point>
          <coordinates>127.321713222222,35.6907663333326,0</coordinates>
        </Point>
      </Placemark>
      <Placemark>
        <name>△ 임실414</name>
        <description><![CDATA[<b>삼각점</b><br>명칭: 임실414<br>위도: 35.676093°N<br>경도: 127.400000°E<br><br><a href="https://map.naver.com/v5/search/35.6760930555548,127.399999916667">📍 네이버 지도</a>]]></description>
        <styleUrl>#삼각점_style</styleUrl>
        <Point>
          <coordinates>127.399999916667,35.6760930555548,0</coordinates>
        </Point>
      </Placemark>
      <Placemark>
        <name>△ 임실415</name>
        <description><![CDATA[<b>삼각점</b><br>명칭: 임실415<br>위도: 35.699028°N<br>경도: 127.402192°E<br><br><a href="https://map.naver.com/v5/search/35.699028277777,127.402191638889">📍 네이버 지도</a>]]></description>
        <styleUrl>#삼각점_style</styleUrl>
        <Point>
          <coordinates>127.402191638889,35.699028277777,0</coordinates>
        </Point>
      </Placemark>
      <Placemark>
        <name>△ 임실416</name>
        <description><![CDATA[<b>삼각점</b><br>명칭: 임실416<br>위도: 35.718903°N<br>경도: 127.416832°E<br><br><a href="https://map.naver.com/v5/search/35.7189029166659,127.416832416667">📍 네이버 지도</a>]]></description>
        <styleUrl>#삼각점_style</styleUrl>
        <Point>
          <coordinates>127.416832416667,35.7189029166659,0</coordinates>
        </Point>
      </Placemark>
      <Placemark>
        <name>△ 임실422</name>
        <description><![CDATA[<b>삼각점</b><br>명칭: 임실422<br>위도: 35.603575°N<br>경도: 127.494931°E<br><br><a href="https://map.naver.com/v5/search/35.6035748611103,127.494931277778">📍 네이버 지도</a>]]></description>
        <styleUrl>#삼각점_style</styleUrl>
        <Point>
          <coordinates>127.494931277778,35.6035748611103,0</coordinates>
        </Point>
      </Placemark>
      <Placemark>
        <name>△ 임실423</name>
        <description><![CDATA[<b>삼각점</b><br>명칭: 임실423<br>위도: 35.592587°N<br>경도: 127.486548°E<br><br><a href="https://map.naver.com/v5/search/35.5925874722214,127.486547722222">📍 네이버 지도</a>]]></description>
        <styleUrl>#삼각점_style</styleUrl>
        <Point>
          <coordinates>127.486547722222,35.5925874722214,0</coordinates>
        </Point>
      </Placemark>
      <Placemark>
        <name>△ 임실424</name>
        <description><![CDATA[<b>삼각점</b><br>명칭: 임실424<br>위도: 35.642296°N<br>경도: 127.486543°E<br><br><a href="https://map.naver.com/v5/search/35.6422961388881,127.486543">📍 네이버 지도</a>]]></description>
        <styleUrl>#삼각점_style</styleUrl>
        <Point>
          <coordinates>127.486543,35.6422961388881,0</coordinates>
        </Point>
      </Placemark>
      <Placemark>
        <name>△ 임실426</name>
        <description><![CDATA[<b>삼각점</b><br>명칭: 임실426<br>위도: 35.592832°N<br>경도: 127.441286°E<br><br><a href="https://map.naver.com/v5/search/35.5928324166659,127.441285638889">📍 네이버 지도</a>]]></description>
        <styleUrl>#삼각점_style</styleUrl>
        <Point>
          <coordinates>127.441285638889,35.5928324166659,0</coordinates>
        </Point>
      </Placemark>
      <Placemark>
        <name>△ 임실450</name>
        <description><![CDATA[<b>삼각점</b><br>명칭: 임실450<br>위도: 35.581304°N<br>경도: 127.293252°E<br><br><a href="https://map.naver.com/v5/search/35.5813042222214,127.293252444444">📍 네이버 지도</a>]]></description>
        <styleUrl>#삼각점_style</styleUrl>
        <Point>
          <coordinates>127.293252444444,35.5813042222214,0</coordinates>
        </Point>
      </Placemark>
      <Placemark>
        <name>△ 임실455</name>
        <description><![CDATA[<b>삼각점</b><br>명칭: 임실455<br>위도: 35.562181°N<br>경도: 127.361599°E<br><br><a href="https://map.naver.com/v5/search/35.5621811666659,127.361598944444">📍 네이버 지도</a>]]></description>
        <styleUrl>#삼각점_style</styleUrl>
        <Point>
          <coordinates>127.361598944444,35.5621811666659,0</coordinates>
        </Point>
      </Placemark>
      <Placemark>
        <name>△ 임실460</name>
        <description><![CDATA[<b>삼각점</b><br>명칭: 임실460<br>위도: 35.581949°N<br>경도: 127.402962°E<br><br><a href="https://map.naver.com/v5/search/35.5819487499992,127.402961777778">📍 네이버 지도</a>]]></description>
        <styleUrl>#삼각점_style</styleUrl>
        <Point>
          <coordinates>127.402961777778,35.5819487499992,0</coordinates>
        </Point>
      </Placemark>
      <Placemark>
        <name>△ 임실464</name>
        <description><![CDATA[<b>삼각점</b><br>명칭: 임실464<br>위도: 35.506529°N<br>경도: 127.470969°E<br><br><a href="https://map.naver.com/v5/search/35.5065289999992,127.47096875">📍 네이버 지도</a>]]></description>
        <styleUrl>#삼각점_style</styleUrl>
        <Point>
          <coordinates>127.47096875,35.5065289999992,0</coordinates>
        </Point>
      </Placemark>
      <Placemark>
        <name>△ 임실465</name>
        <description><![CDATA[<b>삼각점</b><br>명칭: 임실465<br>위도: 35.538853°N<br>경도: 127.475295°E<br><br><a href="https://map.naver.com/v5/search/35.5388533611103,127.475294555556">📍 네이버 지도</a>]]></description>
        <styleUrl>#삼각점_style</styleUrl>
        <Point>
          <coordinates>127.475294555556,35.5388533611103,0</coordinates>
        </Point>
      </Placemark>
      <Placemark>
        <name>△ 함양303</name>
        <description><![CDATA[<b>삼각점</b><br>명칭: 함양303<br>위도: 35.748482°N<br>경도: 127.619235°E<br><br><a href="https://map.naver.com/v5/search/35.7484824999992,127.619234611111">📍 네이버 지도</a>]]></description>
        <styleUrl>#삼각점_style</styleUrl>
        <Point>
          <coordinates>127.619234611111,35.7484824999992,0</coordinates>
        </Point>
      </Placemark>
      <Placemark>
        <name>△ 함양304</name>
        <description><![CDATA[<b>삼각점</b><br>명칭: 함양304<br>위도: 35.735445°N<br>경도: 127.661169°E<br><br><a href="https://map.naver.com/v5/search/35.7354448055548,127.661169083333">📍 네이버 지도</a>]]></description>
        <styleUrl>#삼각점_style</styleUrl>
        <Point>
          <coordinates>127.661169083333,35.7354448055548,0</coordinates>
        </Point>
      </Placemark>
      <Placemark>
        <name>△ 함양405</name>
        <description><![CDATA[<b>삼각점</b><br>명칭: 함양405<br>위도: 35.740917°N<br>경도: 127.532661°E<br><br><a href="https://map.naver.com/v5/search/35.7409168888881,127.532660583333">📍 네이버 지도</a>]]></description>
        <styleUrl>#삼각점_style</styleUrl>
        <Point>
          <coordinates>127.532660583333,35.7409168888881,0</coordinates>
        </Point>
      </Placemark>
      <Placemark>
        <name>△ 함양406</name>
        <description><![CDATA[<b>삼각점</b><br>명칭: 함양406<br>위도: 35.738631°N<br>경도: 127.561315°E<br><br><a href="https://map.naver.com/v5/search/35.7386314166659,127.561315361111">📍 네이버 지도</a>]]></description>
        <styleUrl>#삼각점_style</styleUrl>
        <Point>
          <coordinates>127.561315361111,35.7386314166659,0</coordinates>
        </Point>
      </Placemark>
      <Placemark>
        <name>△ 함양418</name>
        <description><![CDATA[<b>삼각점</b><br>명칭: 함양418<br>위도: 35.746032°N<br>경도: 127.684645°E<br><br><a href="https://map.naver.com/v5/search/35.7460321111103,127.684644972222">📍 네이버 지도</a>]]></description>
        <styleUrl>#삼각점_style</styleUrl>
        <Point>
          <coordinates>127.684644972222,35.7460321111103,0</coordinates>
        </Point>
      </Placemark>
      <Placemark>
        <name>△ 함양424</name>
        <description><![CDATA[<b>삼각점</b><br>명칭: 함양424<br>위도: 35.737429°N<br>경도: 127.734467°E<br><br><a href="https://map.naver.com/v5/search/35.7374285555548,127.734467194444">📍 네이버 지도</a>]]></description>
        <styleUrl>#삼각점_style</styleUrl>
        <Point>
          <coordinates>127.734467194444,35.7374285555548,0</coordinates>
        </Point>
      </Placemark>
      <Placemark>
        <name>△ 법성22</name>
        <description><![CDATA[<b>삼각점</b><br>명칭: 법성22<br>위도: 35.395379°N<br>경도: 126.417240°E<br><br><a href="https://map.naver.com/v5/search/35.3953790555547,126.417239666666">📍 네이버 지도</a>]]></description>
        <styleUrl>#삼각점_style</styleUrl>
        <Point>
          <coordinates>126.417239666666,35.3953790555547,0</coordinates>
        </Point>
      </Placemark>
      <Placemark>
        <name>△ 법성302</name>
        <description><![CDATA[<b>삼각점</b><br>명칭: 법성302<br>위도: 35.407181°N<br>경도: 126.487845°E<br><br><a href="https://map.naver.com/v5/search/35.4071813055547,126.487844694444">📍 네이버 지도</a>]]></description>
        <styleUrl>#삼각점_style</styleUrl>
        <Point>
          <coordinates>126.487844694444,35.4071813055547,0</coordinates>
        </Point>
      </Placemark>
      <Placemark>
        <name>△ 법성402</name>
        <description><![CDATA[<b>삼각점</b><br>명칭: 법성402<br>위도: 35.441178°N<br>경도: 126.444157°E<br><br><a href="https://map.naver.com/v5/search/35.4411783611103,126.444157444444">📍 네이버 지도</a>]]></description>
        <styleUrl>#삼각점_style</styleUrl>
        <Point>
          <coordinates>126.444157444444,35.4411783611103,0</coordinates>
        </Point>
      </Placemark>
      <Placemark>
        <name>△ 법성404</name>
        <description><![CDATA[<b>삼각점</b><br>명칭: 법성404<br>위도: 35.487011°N<br>경도: 126.484694°E<br><br><a href="https://map.naver.com/v5/search/35.4870112222214,126.484693722222">📍 네이버 지도</a>]]></description>
        <styleUrl>#삼각점_style</styleUrl>
        <Point>
          <coordinates>126.484693722222,35.4870112222214,0</coordinates>
        </Point>
      </Placemark>
      <Placemark>
        <name>△ 법성405</name>
        <description><![CDATA[<b>삼각점</b><br>명칭: 법성405<br>위도: 35.424231°N<br>경도: 126.480711°E<br><br><a href="https://map.naver.com/v5/search/35.4242311111103,126.480710805555">📍 네이버 지도</a>]]></description>
        <styleUrl>#삼각점_style</styleUrl>
        <Point>
          <coordinates>126.480710805555,35.4242311111103,0</coordinates>
        </Point>
      </Placemark>
      <Placemark>
        <name>△ 법성407</name>
        <description><![CDATA[<b>삼각점</b><br>명칭: 법성407<br>위도: 35.470729°N<br>경도: 126.490942°E<br><br><a href="https://map.naver.com/v5/search/35.4707287222214,126.490942222222">📍 네이버 지도</a>]]></description>
        <styleUrl>#삼각점_style</styleUrl>
        <Point>
          <coordinates>126.490942222222,35.4707287222214,0</coordinates>
        </Point>
      </Placemark>
      <Placemark>
        <name>△ 법성413</name>
        <description><![CDATA[<b>삼각점</b><br>명칭: 법성413<br>위도: 35.399458°N<br>경도: 126.467408°E<br><br><a href="https://map.naver.com/v5/search/35.3994580555547,126.467407861111">📍 네이버 지도</a>]]></description>
        <styleUrl>#삼각점_style</styleUrl>
        <Point>
          <coordinates>126.467407861111,35.3994580555547,0</coordinates>
        </Point>
      </Placemark>
      <Placemark>
        <name>△ 법성416</name>
        <description><![CDATA[<b>삼각점</b><br>명칭: 법성416<br>위도: 35.400927°N<br>경도: 126.440973°E<br><br><a href="https://map.naver.com/v5/search/35.4009269722214,126.440972527778">📍 네이버 지도</a>]]></description>
        <styleUrl>#삼각점_style</styleUrl>
        <Point>
          <coordinates>126.440972527778,35.4009269722214,0</coordinates>
        </Point>
      </Placemark>
      <Placemark>
        <name>△ 법성417</name>
        <description><![CDATA[<b>삼각점</b><br>명칭: 법성417<br>위도: 35.387802°N<br>경도: 126.438818°E<br><br><a href="https://map.naver.com/v5/search/35.3878020833325,126.438817888889">📍 네이버 지도</a>]]></description>
        <styleUrl>#삼각점_style</styleUrl>
        <Point>
          <coordinates>126.438817888889,35.3878020833325,0</coordinates>
        </Point>
      </Placemark>
      <Placemark>
        <name>△ 고창21</name>
        <description><![CDATA[<b>삼각점</b><br>명칭: 고창21<br>위도: 35.434796°N<br>경도: 126.525833°E<br><br><a href="https://map.naver.com/v5/search/35.4347961944436,126.525833388889">📍 네이버 지도</a>]]></description>
        <styleUrl>#삼각점_style</styleUrl>
        <Point>
          <coordinates>126.525833388889,35.4347961944436,0</coordinates>
        </Point>
      </Placemark>
      <Placemark>
        <name>△ 고창301</name>
        <description><![CDATA[<b>삼각점</b><br>명칭: 고창301<br>위도: 35.489805°N<br>경도: 126.530612°E<br><br><a href="https://map.naver.com/v5/search/35.4898054444436,126.530612277778">📍 네이버 지도</a>]]></description>
        <styleUrl>#삼각점_style</styleUrl>
        <Point>
          <coordinates>126.530612277778,35.4898054444436,0</coordinates>
        </Point>
      </Placemark>
      <Placemark>
        <name>△ 고창302</name>
        <description><![CDATA[<b>삼각점</b><br>명칭: 고창302<br>위도: 35.465708°N<br>경도: 126.577679°E<br><br><a href="https://map.naver.com/v5/search/35.4657077499992,126.577679111111">📍 네이버 지도</a>]]></description>
        <styleUrl>#삼각점_style</styleUrl>
        <Point>
          <coordinates>126.577679111111,35.4657077499992,0</coordinates>
        </Point>
      </Placemark>
      <Placemark>
        <name>△ 고창303</name>
        <description><![CDATA[<b>삼각점</b><br>명칭: 고창303<br>위도: 35.486651°N<br>경도: 126.656376°E<br><br><a href="https://map.naver.com/v5/search/35.4866505833325,126.656375611111">📍 네이버 지도</a>]]></description>
        <styleUrl>#삼각점_style</styleUrl>
        <Point>
          <coordinates>126.656375611111,35.4866505833325,0</coordinates>
        </Point>
      </Placemark>
      <Placemark>
        <name>△ 고창305</name>
        <description><![CDATA[<b>삼각점</b><br>명칭: 고창305<br>위도: 35.411672°N<br>경도: 126.716993°E<br><br><a href="https://map.naver.com/v5/search/35.4116716944436,126.716993027778">📍 네이버 지도</a>]]></description>
        <styleUrl>#삼각점_style</styleUrl>
        <Point>
          <coordinates>126.716993027778,35.4116716944436,0</coordinates>
        </Point>
      </Placemark>
      <Placemark>
        <name>△ 고창308</name>
        <description><![CDATA[<b>삼각점</b><br>명칭: 고창308<br>위도: 35.394421°N<br>경도: 126.578040°E<br><br><a href="https://map.naver.com/v5/search/35.3944209722214,126.578039888889">📍 네이버 지도</a>]]></description>
        <styleUrl>#삼각점_style</styleUrl>
        <Point>
          <coordinates>126.578039888889,35.3944209722214,0</coordinates>
        </Point>
      </Placemark>
      <Placemark>
        <name>△ 고창403</name>
        <description><![CDATA[<b>삼각점</b><br>명칭: 고창403<br>위도: 35.481241°N<br>경도: 126.510935°E<br><br><a href="https://map.naver.com/v5/search/35.4812413888881,126.510935416667">📍 네이버 지도</a>]]></description>
        <styleUrl>#삼각점_style</styleUrl>
        <Point>
          <coordinates>126.510935416667,35.4812413888881,0</coordinates>
        </Point>
      </Placemark>
      <Placemark>
        <name>△ 고창404</name>
        <description><![CDATA[<b>삼각점</b><br>명칭: 고창404<br>위도: 35.452008°N<br>경도: 126.520417°E<br><br><a href="https://map.naver.com/v5/search/35.452008388888,126.520416611111">📍 네이버 지도</a>]]></description>
        <styleUrl>#삼각점_style</styleUrl>
        <Point>
          <coordinates>126.520416611111,35.452008388888,0</coordinates>
        </Point>
      </Placemark>
      <Placemark>
        <name>△ 고창405</name>
        <description><![CDATA[<b>삼각점</b><br>명칭: 고창405<br>위도: 35.420087°N<br>경도: 126.526070°E<br><br><a href="https://map.naver.com/v5/search/35.4200865555547,126.526069527778">📍 네이버 지도</a>]]></description>
        <styleUrl>#삼각점_style</styleUrl>
        <Point>
          <coordinates>126.526069527778,35.4200865555547,0</coordinates>
        </Point>
      </Placemark>
      <Placemark>
        <name>△ 고창406</name>
        <description><![CDATA[<b>삼각점</b><br>명칭: 고창406<br>위도: 35.470554°N<br>경도: 126.537436°E<br><br><a href="https://map.naver.com/v5/search/35.4705535277769,126.53743625">📍 네이버 지도</a>]]></description>
        <styleUrl>#삼각점_style</styleUrl>
        <Point>
          <coordinates>126.53743625,35.4705535277769,0</coordinates>
        </Point>
      </Placemark>
      <Placemark>
        <name>△ 고창407</name>
        <description><![CDATA[<b>삼각점</b><br>명칭: 고창407<br>위도: 35.429034°N<br>경도: 126.545162°E<br><br><a href="https://map.naver.com/v5/search/35.429034138888,126.545161833333">📍 네이버 지도</a>]]></description>
        <styleUrl>#삼각점_style</styleUrl>
        <Point>
          <coordinates>126.545161833333,35.429034138888,0</coordinates>
        </Point>
      </Placemark>
      <Placemark>
        <name>△ 고창408</name>
        <description><![CDATA[<b>삼각점</b><br>명칭: 고창408<br>위도: 35.465854°N<br>경도: 126.555776°E<br><br><a href="https://map.naver.com/v5/search/35.4658535555547,126.555776277778">📍 네이버 지도</a>]]></description>
        <styleUrl>#삼각점_style</styleUrl>
        <Point>
          <coordinates>126.555776277778,35.4658535555547,0</coordinates>
        </Point>
      </Placemark>
      <Placemark>
        <name>△ 고창409</name>
        <description><![CDATA[<b>삼각점</b><br>명칭: 고창409<br>위도: 35.490656°N<br>경도: 126.556886°E<br><br><a href="https://map.naver.com/v5/search/35.4906562499992,126.55688575">📍 네이버 지도</a>]]></description>
        <styleUrl>#삼각점_style</styleUrl>
        <Point>
          <coordinates>126.55688575,35.4906562499992,0</coordinates>
        </Point>
      </Placemark>
      <Placemark>
        <name>△ 고창410</name>
        <description><![CDATA[<b>삼각점</b><br>명칭: 고창410<br>위도: 35.442877°N<br>경도: 126.565798°E<br><br><a href="https://map.naver.com/v5/search/35.442877138888,126.565798055555">📍 네이버 지도</a>]]></description>
        <styleUrl>#삼각점_style</styleUrl>
        <Point>
          <coordinates>126.565798055555,35.442877138888,0</coordinates>
        </Point>
      </Placemark>
      <Placemark>
        <name>△ 고창412</name>
        <description><![CDATA[<b>삼각점</b><br>명칭: 고창412<br>위도: 35.421641°N<br>경도: 126.579152°E<br><br><a href="https://map.naver.com/v5/search/35.4216414166658,126.579152166667">📍 네이버 지도</a>]]></description>
        <styleUrl>#삼각점_style</styleUrl>
        <Point>
          <coordinates>126.579152166667,35.4216414166658,0</coordinates>
        </Point>
      </Placemark>
      <Placemark>
        <name>△ 고창413</name>
        <description><![CDATA[<b>삼각점</b><br>명칭: 고창413<br>위도: 35.471341°N<br>경도: 126.602207°E<br><br><a href="https://map.naver.com/v5/search/35.4713409166658,126.602207083333">📍 네이버 지도</a>]]></description>
        <styleUrl>#삼각점_style</styleUrl>
        <Point>
          <coordinates>126.602207083333,35.4713409166658,0</coordinates>
        </Point>
      </Placemark>
      <Placemark>
        <name>△ 고창415</name>
        <description><![CDATA[<b>삼각점</b><br>명칭: 고창415<br>위도: 35.455052°N<br>경도: 126.604825°E<br><br><a href="https://map.naver.com/v5/search/35.455051638888,126.604825277778">📍 네이버 지도</a>]]></description>
        <styleUrl>#삼각점_style</styleUrl>
        <Point>
          <coordinates>126.604825277778,35.455051638888,0</coordinates>
        </Point>
      </Placemark>
      <Placemark>
        <name>△ 고창417</name>
        <description><![CDATA[<b>삼각점</b><br>명칭: 고창417<br>위도: 35.468295°N<br>경도: 126.618202°E<br><br><a href="https://map.naver.com/v5/search/35.4682948333325,126.618202">📍 네이버 지도</a>]]></description>
        <styleUrl>#삼각점_style</styleUrl>
        <Point>
          <coordinates>126.618202,35.4682948333325,0</coordinates>
        </Point>
      </Placemark>
      <Placemark>
        <name>△ 고창419</name>
        <description><![CDATA[<b>삼각점</b><br>명칭: 고창419<br>위도: 35.495719°N<br>경도: 126.633189°E<br><br><a href="https://map.naver.com/v5/search/35.4957190277769,126.63318925">📍 네이버 지도</a>]]></description>
        <styleUrl>#삼각점_style</styleUrl>
        <Point>
          <coordinates>126.63318925,35.4957190277769,0</coordinates>
        </Point>
      </Placemark>
      <Placemark>
        <name>△ 고창420</name>
        <description><![CDATA[<b>삼각점</b><br>명칭: 고창420<br>위도: 35.449353°N<br>경도: 126.643523°E<br><br><a href="https://map.naver.com/v5/search/35.4493534166658,126.643523305556">📍 네이버 지도</a>]]></description>
        <styleUrl>#삼각점_style</styleUrl>
        <Point>
          <coordinates>126.643523305556,35.4493534166658,0</coordinates>
        </Point>
      </Placemark>
      <Placemark>
        <name>△ 고창425</name>
        <description><![CDATA[<b>삼각점</b><br>명칭: 고창425<br>위도: 35.488476°N<br>경도: 126.706940°E<br><br><a href="https://map.naver.com/v5/search/35.4884762499992,126.706940388889">📍 네이버 지도</a>]]></description>
        <styleUrl>#삼각점_style</styleUrl>
        <Point>
          <coordinates>126.706940388889,35.4884762499992,0</coordinates>
        </Point>
      </Placemark>
      <Placemark>
        <name>△ 고창426</name>
        <description><![CDATA[<b>삼각점</b><br>명칭: 고창426<br>위도: 35.448002°N<br>경도: 126.723083°E<br><br><a href="https://map.naver.com/v5/search/35.4480016666658,126.723082527778">📍 네이버 지도</a>]]></description>
        <styleUrl>#삼각점_style</styleUrl>
        <Point>
          <coordinates>126.723082527778,35.4480016666658,0</coordinates>
        </Point>
      </Placemark>
      <Placemark>
        <name>△ 고창427</name>
        <description><![CDATA[<b>삼각점</b><br>명칭: 고창427<br>위도: 35.465025°N<br>경도: 126.719108°E<br><br><a href="https://map.naver.com/v5/search/35.4650245277769,126.719107916667">📍 네이버 지도</a>]]></description>
        <styleUrl>#삼각점_style</styleUrl>
        <Point>
          <coordinates>126.719107916667,35.4650245277769,0</coordinates>
        </Point>
      </Placemark>
      <Placemark>
        <name>△ 고창428</name>
        <description><![CDATA[<b>삼각점</b><br>명칭: 고창428<br>위도: 35.497538°N<br>경도: 126.732823°E<br><br><a href="https://map.naver.com/v5/search/35.497537527777,126.732823166667">📍 네이버 지도</a>]]></description>
        <styleUrl>#삼각점_style</styleUrl>
        <Point>
          <coordinates>126.732823166667,35.497537527777,0</coordinates>
        </Point>
      </Placemark>
      <Placemark>
        <name>△ 고창431</name>
        <description><![CDATA[<b>삼각점</b><br>명칭: 고창431<br>위도: 35.408431°N<br>경도: 126.741542°E<br><br><a href="https://map.naver.com/v5/search/35.4084308333325,126.741542388889">📍 네이버 지도</a>]]></description>
        <styleUrl>#삼각점_style</styleUrl>
        <Point>
          <coordinates>126.741542388889,35.4084308333325,0</coordinates>
        </Point>
      </Placemark>
      <Placemark>
        <name>△ 고창436</name>
        <description><![CDATA[<b>삼각점</b><br>명칭: 고창436<br>위도: 35.386081°N<br>경도: 126.686591°E<br><br><a href="https://map.naver.com/v5/search/35.3860806111103,126.686591194444">📍 네이버 지도</a>]]></description>
        <styleUrl>#삼각점_style</styleUrl>
        <Point>
          <coordinates>126.686591194444,35.3860806111103,0</coordinates>
        </Point>
      </Placemark>
      <Placemark>
        <name>△ 고창438</name>
        <description><![CDATA[<b>삼각점</b><br>명칭: 고창438<br>위도: 35.387700°N<br>경도: 126.659868°E<br><br><a href="https://map.naver.com/v5/search/35.3877000555547,126.659867833333">📍 네이버 지도</a>]]></description>
        <styleUrl>#삼각점_style</styleUrl>
        <Point>
          <coordinates>126.659867833333,35.3877000555547,0</coordinates>
        </Point>
      </Placemark>
      <Placemark>
        <name>△ 고창441</name>
        <description><![CDATA[<b>삼각점</b><br>명칭: 고창441<br>위도: 35.387024°N<br>경도: 126.622060°E<br><br><a href="https://map.naver.com/v5/search/35.387024138888,126.622059888889">📍 네이버 지도</a>]]></description>
        <styleUrl>#삼각점_style</styleUrl>
        <Point>
          <coordinates>126.622059888889,35.387024138888,0</coordinates>
        </Point>
      </Placemark>
      <Placemark>
        <name>△ 고창444</name>
        <description><![CDATA[<b>삼각점</b><br>명칭: 고창444<br>위도: 35.393404°N<br>경도: 126.599427°E<br><br><a href="https://map.naver.com/v5/search/35.393404138888,126.599426527778">📍 네이버 지도</a>]]></description>
        <styleUrl>#삼각점_style</styleUrl>
        <Point>
          <coordinates>126.599426527778,35.393404138888,0</coordinates>
        </Point>
      </Placemark>
      <Placemark>
        <name>△ 고창445</name>
        <description><![CDATA[<b>삼각점</b><br>명칭: 고창445<br>위도: 35.383252°N<br>경도: 126.587875°E<br><br><a href="https://map.naver.com/v5/search/35.3832517222214,126.587875222222">📍 네이버 지도</a>]]></description>
        <styleUrl>#삼각점_style</styleUrl>
        <Point>
          <coordinates>126.587875222222,35.3832517222214,0</coordinates>
        </Point>
      </Placemark>
      <Placemark>
        <name>△ 담양22</name>
        <description><![CDATA[<b>삼각점</b><br>명칭: 담양22<br>위도: 35.478343°N<br>경도: 126.889015°E<br><br><a href="https://map.naver.com/v5/search/35.4783429166658,126.889014527778">📍 네이버 지도</a>]]></description>
        <styleUrl>#삼각점_style</styleUrl>
        <Point>
          <coordinates>126.889014527778,35.4783429166658,0</coordinates>
        </Point>
      </Placemark>
      <Placemark>
        <name>△ 담양23</name>
        <description><![CDATA[<b>삼각점</b><br>명칭: 담양23<br>위도: 35.424612°N<br>경도: 126.969795°E<br><br><a href="https://map.naver.com/v5/search/35.424611638888,126.969794861111">📍 네이버 지도</a>]]></description>
        <styleUrl>#삼각점_style</styleUrl>
        <Point>
          <coordinates>126.969794861111,35.424611638888,0</coordinates>
        </Point>
      </Placemark>
      <Placemark>
        <name>△ 담양24</name>
        <description><![CDATA[<b>삼각점</b><br>명칭: 담양24<br>위도: 35.392234°N<br>경도: 126.865019°E<br><br><a href="https://map.naver.com/v5/search/35.3922341944436,126.865019444444">📍 네이버 지도</a>]]></description>
        <styleUrl>#삼각점_style</styleUrl>
        <Point>
          <coordinates>126.865019444444,35.3922341944436,0</coordinates>
        </Point>
      </Placemark>
      <Placemark>
        <name>△ 담양301</name>
        <description><![CDATA[<b>삼각점</b><br>명칭: 담양301<br>위도: 35.492934°N<br>경도: 126.762980°E<br><br><a href="https://map.naver.com/v5/search/35.492933777777,126.762980444444">📍 네이버 지도</a>]]></description>
        <styleUrl>#삼각점_style</styleUrl>
        <Point>
          <coordinates>126.762980444444,35.492933777777,0</coordinates>
        </Point>
      </Placemark>
      <Placemark>
        <name>△ 담양302</name>
        <description><![CDATA[<b>삼각점</b><br>명칭: 담양302<br>위도: 35.481515°N<br>경도: 126.820073°E<br><br><a href="https://map.naver.com/v5/search/35.4815153888881,126.820073">📍 네이버 지도</a>]]></description>
        <styleUrl>#삼각점_style</styleUrl>
        <Point>
          <coordinates>126.820073,35.4815153888881,0</coordinates>
        </Point>
      </Placemark>
      <Placemark>
        <name>△ 담양303</name>
        <description><![CDATA[<b>삼각점</b><br>명칭: 담양303<br>위도: 35.437186°N<br>경도: 126.862955°E<br><br><a href="https://map.naver.com/v5/search/35.4371859166658,126.862955194444">📍 네이버 지도</a>]]></description>
        <styleUrl>#삼각점_style</styleUrl>
        <Point>
          <coordinates>126.862955194444,35.4371859166658,0</coordinates>
        </Point>
      </Placemark>
      <Placemark>
        <name>△ 담양309</name>
        <description><![CDATA[<b>삼각점</b><br>명칭: 담양309<br>위도: 35.401975°N<br>경도: 126.788760°E<br><br><a href="https://map.naver.com/v5/search/35.401975388888,126.788759722222">📍 네이버 지도</a>]]></description>
        <styleUrl>#삼각점_style</styleUrl>
        <Point>
          <coordinates>126.788759722222,35.401975388888,0</coordinates>
        </Point>
      </Placemark>
      <Placemark>
        <name>△ 담양401</name>
        <description><![CDATA[<b>삼각점</b><br>명칭: 담양401<br>위도: 35.430740°N<br>경도: 126.756456°E<br><br><a href="https://map.naver.com/v5/search/35.4307398055547,126.756455916667">📍 네이버 지도</a>]]></description>
        <styleUrl>#삼각점_style</styleUrl>
        <Point>
          <coordinates>126.756455916667,35.4307398055547,0</coordinates>
        </Point>
      </Placemark>
      <Placemark>
        <name>△ 담양402</name>
        <description><![CDATA[<b>삼각점</b><br>명칭: 담양402<br>위도: 35.445004°N<br>경도: 126.768284°E<br><br><a href="https://map.naver.com/v5/search/35.445003638888,126.768284166667">📍 네이버 지도</a>]]></description>
        <styleUrl>#삼각점_style</styleUrl>
        <Point>
          <coordinates>126.768284166667,35.445003638888,0</coordinates>
        </Point>
      </Placemark>
      <Placemark>
        <name>△ 담양404</name>
        <description><![CDATA[<b>삼각점</b><br>명칭: 담양404<br>위도: 35.450826°N<br>경도: 126.793385°E<br><br><a href="https://map.naver.com/v5/search/35.4508264722214,126.793384805556">📍 네이버 지도</a>]]></description>
        <styleUrl>#삼각점_style</styleUrl>
        <Point>
          <coordinates>126.793384805556,35.4508264722214,0</coordinates>
        </Point>
      </Placemark>
      <Placemark>
        <name>△ 담양405</name>
        <description><![CDATA[<b>삼각점</b><br>명칭: 담양405<br>위도: 35.481101°N<br>경도: 126.796672°E<br><br><a href="https://map.naver.com/v5/search/35.4811006666658,126.796672361111">📍 네이버 지도</a>]]></description>
        <styleUrl>#삼각점_style</styleUrl>
        <Point>
          <coordinates>126.796672361111,35.4811006666658,0</coordinates>
        </Point>
      </Placemark>
      <Placemark>
        <name>△ 담양407</name>
        <description><![CDATA[<b>삼각점</b><br>명칭: 담양407<br>위도: 35.453998°N<br>경도: 126.905296°E<br><br><a href="https://map.naver.com/v5/search/35.4539978333325,126.905296222222">📍 네이버 지도</a>]]></description>
        <styleUrl>#삼각점_style</styleUrl>
        <Point>
          <coordinates>126.905296222222,35.4539978333325,0</coordinates>
        </Point>
      </Placemark>
      <Placemark>
        <name>△ 담양409</name>
        <description><![CDATA[<b>삼각점</b><br>명칭: 담양409<br>위도: 35.467215°N<br>경도: 126.924404°E<br><br><a href="https://map.naver.com/v5/search/35.4672148611103,126.924404083333">📍 네이버 지도</a>]]></description>
        <styleUrl>#삼각점_style</styleUrl>
        <Point>
          <coordinates>126.924404083333,35.4672148611103,0</coordinates>
        </Point>
      </Placemark>
      <Placemark>
        <name>△ 담양410</name>
        <description><![CDATA[<b>삼각점</b><br>명칭: 담양410<br>위도: 35.448237°N<br>경도: 126.924116°E<br><br><a href="https://map.naver.com/v5/search/35.4482366111103,126.924116333333">📍 네이버 지도</a>]]></description>
        <styleUrl>#삼각점_style</styleUrl>
        <Point>
          <coordinates>126.924116333333,35.4482366111103,0</coordinates>
        </Point>
      </Placemark>
      <Placemark>
        <name>△ 담양412</name>
        <description><![CDATA[<b>삼각점</b><br>명칭: 담양412<br>위도: 35.474614°N<br>경도: 126.956549°E<br><br><a href="https://map.naver.com/v5/search/35.4746140833325,126.956549083333">📍 네이버 지도</a>]]></description>
        <styleUrl>#삼각점_style</styleUrl>
        <Point>
          <coordinates>126.956549083333,35.4746140833325,0</coordinates>
        </Point>
      </Placemark>
      <Placemark>
        <name>△ 담양413</name>
        <description><![CDATA[<b>삼각점</b><br>명칭: 담양413<br>위도: 35.455119°N<br>경도: 126.948105°E<br><br><a href="https://map.naver.com/v5/search/35.455119388888,126.948105472222">📍 네이버 지도</a>]]></description>
        <styleUrl>#삼각점_style</styleUrl>
        <Point>
          <coordinates>126.948105472222,35.455119388888,0</coordinates>
        </Point>
      </Placemark>
      <Placemark>
        <name>△ 담양414</name>
        <description><![CDATA[<b>삼각점</b><br>명칭: 담양414<br>위도: 35.461655°N<br>경도: 126.980747°E<br><br><a href="https://map.naver.com/v5/search/35.4616549444436,126.980746694444">📍 네이버 지도</a>]]></description>
        <styleUrl>#삼각점_style</styleUrl>
        <Point>
          <coordinates>126.980746694444,35.4616549444436,0</coordinates>
        </Point>
      </Placemark>
      <Placemark>
        <name>△ 담양415</name>
        <description><![CDATA[<b>삼각점</b><br>명칭: 담양415<br>위도: 35.488069°N<br>경도: 126.986804°E<br><br><a href="https://map.naver.com/v5/search/35.4880687777769,126.986804111111">📍 네이버 지도</a>]]></description>
        <styleUrl>#삼각점_style</styleUrl>
        <Point>
          <coordinates>126.986804111111,35.4880687777769,0</coordinates>
        </Point>
      </Placemark>
      <Placemark>
        <name>△ 담양421</name>
        <description><![CDATA[<b>삼각점</b><br>명칭: 담양421<br>위도: 35.395859°N<br>경도: 126.986921°E<br><br><a href="https://map.naver.com/v5/search/35.3958593333325,126.986920833333">📍 네이버 지도</a>]]></description>
        <styleUrl>#삼각점_style</styleUrl>
        <Point>
          <coordinates>126.986920833333,35.3958593333325,0</coordinates>
        </Point>
      </Placemark>
      <Placemark>
        <name>△ 담양426</name>
        <description><![CDATA[<b>삼각점</b><br>명칭: 담양426<br>위도: 35.396484°N<br>경도: 126.948560°E<br><br><a href="https://map.naver.com/v5/search/35.3964842777769,126.948560194444">📍 네이버 지도</a>]]></description>
        <styleUrl>#삼각점_style</styleUrl>
        <Point>
          <coordinates>126.948560194444,35.3964842777769,0</coordinates>
        </Point>
      </Placemark>
      <Placemark>
        <name>△ 담양428</name>
        <description><![CDATA[<b>삼각점</b><br>명칭: 담양428<br>위도: 35.402161°N<br>경도: 126.917402°E<br><br><a href="https://map.naver.com/v5/search/35.402160888888,126.917402444444">📍 네이버 지도</a>]]></description>
        <styleUrl>#삼각점_style</styleUrl>
        <Point>
          <coordinates>126.917402444444,35.402160888888,0</coordinates>
        </Point>
      </Placemark>
      <Placemark>
        <name>△ 담양431</name>
        <description><![CDATA[<b>삼각점</b><br>명칭: 담양431<br>위도: 35.387040°N<br>경도: 126.896668°E<br><br><a href="https://map.naver.com/v5/search/35.3870398611103,126.896667694444">📍 네이버 지도</a>]]></description>
        <styleUrl>#삼각점_style</styleUrl>
        <Point>
          <coordinates>126.896667694444,35.3870398611103,0</coordinates>
        </Point>
      </Placemark>
      <Placemark>
        <name>△ 담양432</name>
        <description><![CDATA[<b>삼각점</b><br>명칭: 담양432<br>위도: 35.399766°N<br>경도: 126.887826°E<br><br><a href="https://map.naver.com/v5/search/35.3997655555547,126.887826416667">📍 네이버 지도</a>]]></description>
        <styleUrl>#삼각점_style</styleUrl>
        <Point>
          <coordinates>126.887826416667,35.3997655555547,0</coordinates>
        </Point>
      </Placemark>
      <Placemark>
        <name>△ 담양434</name>
        <description><![CDATA[<b>삼각점</b><br>명칭: 담양434<br>위도: 35.416373°N<br>경도: 126.873853°E<br><br><a href="https://map.naver.com/v5/search/35.4163734999991,126.873853">📍 네이버 지도</a>]]></description>
        <styleUrl>#삼각점_style</styleUrl>
        <Point>
          <coordinates>126.873853,35.4163734999991,0</coordinates>
        </Point>
      </Placemark>
      <Placemark>
        <name>△ 담양437</name>
        <description><![CDATA[<b>삼각점</b><br>명칭: 담양437<br>위도: 35.418103°N<br>경도: 126.838481°E<br><br><a href="https://map.naver.com/v5/search/35.418103388888,126.838481138889">📍 네이버 지도</a>]]></description>
        <styleUrl>#삼각점_style</styleUrl>
        <Point>
          <coordinates>126.838481138889,35.418103388888,0</coordinates>
        </Point>
      </Placemark>
      <Placemark>
        <name>△ 담양439</name>
        <description><![CDATA[<b>삼각점</b><br>명칭: 담양439<br>위도: 35.387039°N<br>경도: 126.825395°E<br><br><a href="https://map.naver.com/v5/search/35.3870387777769,126.825395">📍 네이버 지도</a>]]></description>
        <styleUrl>#삼각점_style</styleUrl>
        <Point>
          <coordinates>126.825395,35.3870387777769,0</coordinates>
        </Point>
      </Placemark>
      <Placemark>
        <name>△ 담양446</name>
        <description><![CDATA[<b>삼각점</b><br>명칭: 담양446<br>위도: 35.409177°N<br>경도: 126.768679°E<br><br><a href="https://map.naver.com/v5/search/35.4091768611103,126.768679194444">📍 네이버 지도</a>]]></description>
        <styleUrl>#삼각점_style</styleUrl>
        <Point>
          <coordinates>126.768679194444,35.4091768611103,0</coordinates>
        </Point>
      </Placemark>
      <Placemark>
        <name>△ 순창21</name>
        <description><![CDATA[<b>삼각점</b><br>명칭: 순창21<br>위도: 35.482521°N<br>경도: 127.056840°E<br><br><a href="https://map.naver.com/v5/search/35.4825213055547,127.05684025">📍 네이버 지도</a>]]></description>
        <styleUrl>#삼각점_style</styleUrl>
        <Point>
          <coordinates>127.05684025,35.4825213055547,0</coordinates>
        </Point>
      </Placemark>
      <Placemark>
        <name>△ 순창23</name>
        <description><![CDATA[<b>삼각점</b><br>명칭: 순창23<br>위도: 35.389562°N<br>경도: 127.130013°E<br><br><a href="https://map.naver.com/v5/search/35.3895624444436,127.130012944444">📍 네이버 지도</a>]]></description>
        <styleUrl>#삼각점_style</styleUrl>
        <Point>
          <coordinates>127.130012944444,35.3895624444436,0</coordinates>
        </Point>
      </Placemark>
      <Placemark>
        <name>△ 순창25</name>
        <description><![CDATA[<b>삼각점</b><br>명칭: 순창25<br>위도: 35.407011°N<br>경도: 127.053014°E<br><br><a href="https://map.naver.com/v5/search/35.4070110833325,127.053013527778">📍 네이버 지도</a>]]></description>
        <styleUrl>#삼각점_style</styleUrl>
        <Point>
          <coordinates>127.053013527778,35.4070110833325,0</coordinates>
        </Point>
      </Placemark>
      <Placemark>
        <name>△ 순창302</name>
        <description><![CDATA[<b>삼각점</b><br>명칭: 순창302<br>위도: 35.420249°N<br>경도: 127.090785°E<br><br><a href="https://map.naver.com/v5/search/35.4202485277769,127.090784972222">📍 네이버 지도</a>]]></description>
        <styleUrl>#삼각점_style</styleUrl>
        <Point>
          <coordinates>127.090784972222,35.4202485277769,0</coordinates>
        </Point>
      </Placemark>
      <Placemark>
        <name>△ 순창303</name>
        <description><![CDATA[<b>삼각점</b><br>명칭: 순창303<br>위도: 35.466649°N<br>경도: 127.095626°E<br><br><a href="https://map.naver.com/v5/search/35.4666486388881,127.095626027778">📍 네이버 지도</a>]]></description>
        <styleUrl>#삼각점_style</styleUrl>
        <Point>
          <coordinates>127.095626027778,35.4666486388881,0</coordinates>
        </Point>
      </Placemark>
      <Placemark>
        <name>△ 순창306</name>
        <description><![CDATA[<b>삼각점</b><br>명칭: 순창306<br>위도: 35.383943°N<br>경도: 127.188982°E<br><br><a href="https://map.naver.com/v5/search/35.3839433333325,127.188981555556">📍 네이버 지도</a>]]></description>
        <styleUrl>#삼각점_style</styleUrl>
        <Point>
          <coordinates>127.188981555556,35.3839433333325,0</coordinates>
        </Point>
      </Placemark>
      <Placemark>
        <name>△ 순창401</name>
        <description><![CDATA[<b>삼각점</b><br>명칭: 순창401<br>위도: 35.490305°N<br>경도: 127.008602°E<br><br><a href="https://map.naver.com/v5/search/35.4903045555547,127.008601972222">📍 네이버 지도</a>]]></description>
        <styleUrl>#삼각점_style</styleUrl>
        <Point>
          <coordinates>127.008601972222,35.4903045555547,0</coordinates>
        </Point>
      </Placemark>
      <Placemark>
        <name>△ 순창404</name>
        <description><![CDATA[<b>삼각점</b><br>명칭: 순창404<br>위도: 35.452335°N<br>경도: 127.035518°E<br><br><a href="https://map.naver.com/v5/search/35.4523347499992,127.035517833333">📍 네이버 지도</a>]]></description>
        <styleUrl>#삼각점_style</styleUrl>
        <Point>
          <coordinates>127.035517833333,35.4523347499992,0</coordinates>
        </Point>
      </Placemark>
      <Placemark>
        <name>△ 순창406</name>
        <description><![CDATA[<b>삼각점</b><br>명칭: 순창406<br>위도: 35.457688°N<br>경도: 127.061613°E<br><br><a href="https://map.naver.com/v5/search/35.4576883611103,127.061613138889">📍 네이버 지도</a>]]></description>
        <styleUrl>#삼각점_style</styleUrl>
        <Point>
          <coordinates>127.061613138889,35.4576883611103,0</coordinates>
        </Point>
      </Placemark>
      <Placemark>
        <name>△ 순창407</name>
        <description><![CDATA[<b>삼각점</b><br>명칭: 순창407<br>위도: 35.434530°N<br>경도: 127.068319°E<br><br><a href="https://map.naver.com/v5/search/35.4345304444436,127.068318972222">📍 네이버 지도</a>]]></description>
        <styleUrl>#삼각점_style</styleUrl>
        <Point>
          <coordinates>127.068318972222,35.4345304444436,0</coordinates>
        </Point>
      </Placemark>
      <Placemark>
        <name>△ 순창410</name>
        <description><![CDATA[<b>삼각점</b><br>명칭: 순창410<br>위도: 35.480562°N<br>경도: 127.105615°E<br><br><a href="https://map.naver.com/v5/search/35.4805621666658,127.105614916667">📍 네이버 지도</a>]]></description>
        <styleUrl>#삼각점_style</styleUrl>
        <Point>
          <coordinates>127.105614916667,35.4805621666658,0</coordinates>
        </Point>
      </Placemark>
      <Placemark>
        <name>△ 순창415</name>
        <description><![CDATA[<b>삼각점</b><br>명칭: 순창415<br>위도: 35.472874°N<br>경도: 127.156985°E<br><br><a href="https://map.naver.com/v5/search/35.4728737777769,127.156985222222">📍 네이버 지도</a>]]></description>
        <styleUrl>#삼각점_style</styleUrl>
        <Point>
          <coordinates>127.156985222222,35.4728737777769,0</coordinates>
        </Point>
      </Placemark>
      <Placemark>
        <name>△ 순창418</name>
        <description><![CDATA[<b>삼각점</b><br>명칭: 순창418<br>위도: 35.474036°N<br>경도: 127.185173°E<br><br><a href="https://map.naver.com/v5/search/35.4740361944436,127.185173222222">📍 네이버 지도</a>]]></description>
        <styleUrl>#삼각점_style</styleUrl>
        <Point>
          <coordinates>127.185173222222,35.4740361944436,0</coordinates>
        </Point>
      </Placemark>
      <Placemark>
        <name>△ 순창419</name>
        <description><![CDATA[<b>삼각점</b><br>명칭: 순창419<br>위도: 35.424703°N<br>경도: 127.188293°E<br><br><a href="https://map.naver.com/v5/search/35.4247032222214,127.188292555556">📍 네이버 지도</a>]]></description>
        <styleUrl>#삼각점_style</styleUrl>
        <Point>
          <coordinates>127.188292555556,35.4247032222214,0</coordinates>
        </Point>
      </Placemark>
      <Placemark>
        <name>△ 순창422</name>
        <description><![CDATA[<b>삼각점</b><br>명칭: 순창422<br>위도: 35.434123°N<br>경도: 127.218957°E<br><br><a href="https://map.naver.com/v5/search/35.4341229722214,127.218957222222">📍 네이버 지도</a>]]></description>
        <styleUrl>#삼각점_style</styleUrl>
        <Point>
          <coordinates>127.218957222222,35.4341229722214,0</coordinates>
        </Point>
      </Placemark>
      <Placemark>
        <name>△ 순창424</name>
        <description><![CDATA[<b>삼각점</b><br>명칭: 순창424<br>위도: 35.460409°N<br>경도: 127.241573°E<br><br><a href="https://map.naver.com/v5/search/35.460409388888,127.241572611111">📍 네이버 지도</a>]]></description>
        <styleUrl>#삼각점_style</styleUrl>
        <Point>
          <coordinates>127.241572611111,35.460409388888,0</coordinates>
        </Point>
      </Placemark>
      <Placemark>
        <name>△ 순창425</name>
        <description><![CDATA[<b>삼각점</b><br>명칭: 순창425<br>위도: 35.435808°N<br>경도: 127.246854°E<br><br><a href="https://map.naver.com/v5/search/35.4358081111103,127.246854194444">📍 네이버 지도</a>]]></description>
        <styleUrl>#삼각점_style</styleUrl>
        <Point>
          <coordinates>127.246854194444,35.4358081111103,0</coordinates>
        </Point>
      </Placemark>
      <Placemark>
        <name>△ 순창428</name>
        <description><![CDATA[<b>삼각점</b><br>명칭: 순창428<br>위도: 35.388464°N<br>경도: 127.221526°E<br><br><a href="https://map.naver.com/v5/search/35.388463638888,127.221526027778">📍 네이버 지도</a>]]></description>
        <styleUrl>#삼각점_style</styleUrl>
        <Point>
          <coordinates>127.221526027778,35.388463638888,0</coordinates>
        </Point>
      </Placemark>
      <Placemark>
        <name>△ 순창434</name>
        <description><![CDATA[<b>삼각점</b><br>명칭: 순창434<br>위도: 35.410128°N<br>경도: 127.157783°E<br><br><a href="https://map.naver.com/v5/search/35.410127638888,127.157783305556">📍 네이버 지도</a>]]></description>
        <styleUrl>#삼각점_style</styleUrl>
        <Point>
          <coordinates>127.157783305556,35.410127638888,0</coordinates>
        </Point>
      </Placemark>
      <Placemark>
        <name>△ 순창437</name>
        <description><![CDATA[<b>삼각점</b><br>명칭: 순창437<br>위도: 35.391802°N<br>경도: 127.151564°E<br><br><a href="https://map.naver.com/v5/search/35.391802138888,127.151564194444">📍 네이버 지도</a>]]></description>
        <styleUrl>#삼각점_style</styleUrl>
        <Point>
          <coordinates>127.151564194444,35.391802138888,0</coordinates>
        </Point>
      </Placemark>
      <Placemark>
        <name>△ 순창443</name>
        <description><![CDATA[<b>삼각점</b><br>명칭: 순창443<br>위도: 35.400441°N<br>경도: 127.092333°E<br><br><a href="https://map.naver.com/v5/search/35.4004405833325,127.092333222222">📍 네이버 지도</a>]]></description>
        <styleUrl>#삼각점_style</styleUrl>
        <Point>
          <coordinates>127.092333222222,35.4004405833325,0</coordinates>
        </Point>
      </Placemark>
      <Placemark>
        <name>△ 남원21</name>
        <description><![CDATA[<b>삼각점</b><br>명칭: 남원21<br>위도: 35.463629°N<br>경도: 127.313766°E<br><br><a href="https://map.naver.com/v5/search/35.4636293055547,127.313766472222">📍 네이버 지도</a>]]></description>
        <styleUrl>#삼각점_style</styleUrl>
        <Point>
          <coordinates>127.313766472222,35.4636293055547,0</coordinates>
        </Point>
      </Placemark>
      <Placemark>
        <name>△ 남원22</name>
        <description><![CDATA[<b>삼각점</b><br>명칭: 남원22<br>위도: 35.462137°N<br>경도: 127.426062°E<br><br><a href="https://map.naver.com/v5/search/35.4621370833325,127.426061694444">📍 네이버 지도</a>]]></description>
        <styleUrl>#삼각점_style</styleUrl>
        <Point>
          <coordinates>127.426061694444,35.4621370833325,0</coordinates>
        </Point>
      </Placemark>
      <Placemark>
        <name>△ 남원23</name>
        <description><![CDATA[<b>삼각점</b><br>명칭: 남원23<br>위도: 35.409465°N<br>경도: 127.441419°E<br><br><a href="https://map.naver.com/v5/search/35.4094645555547,127.441418777778">📍 네이버 지도</a>]]></description>
        <styleUrl>#삼각점_style</styleUrl>
        <Point>
          <coordinates>127.441418777778,35.4094645555547,0</coordinates>
        </Point>
      </Placemark>
      <Placemark>
        <name>△ 남원25</name>
        <description><![CDATA[<b>삼각점</b><br>명칭: 남원25<br>위도: 35.383082°N<br>경도: 127.363445°E<br><br><a href="https://map.naver.com/v5/search/35.3830823611102,127.363444805556">📍 네이버 지도</a>]]></description>
        <styleUrl>#삼각점_style</styleUrl>
        <Point>
          <coordinates>127.363444805556,35.3830823611102,0</coordinates>
        </Point>
      </Placemark>
      <Placemark>
        <name>△ 남원303</name>
        <description><![CDATA[<b>삼각점</b><br>명칭: 남원303<br>위도: 35.425788°N<br>경도: 127.353473°E<br><br><a href="https://map.naver.com/v5/search/35.4257881944436,127.35347325">📍 네이버 지도</a>]]></description>
        <styleUrl>#삼각점_style</styleUrl>
        <Point>
          <coordinates>127.35347325,35.4257881944436,0</coordinates>
        </Point>
      </Placemark>
      <Placemark>
        <name>△ 남원304</name>
        <description><![CDATA[<b>삼각점</b><br>명칭: 남원304<br>위도: 35.461096°N<br>경도: 127.375544°E<br><br><a href="https://map.naver.com/v5/search/35.4610955555547,127.375544416667">📍 네이버 지도</a>]]></description>
        <styleUrl>#삼각점_style</styleUrl>
        <Point>
          <coordinates>127.375544416667,35.4610955555547,0</coordinates>
        </Point>
      </Placemark>
      <Placemark>
        <name>△ 남원305</name>
        <description><![CDATA[<b>삼각점</b><br>명칭: 남원305<br>위도: 35.498119°N<br>경도: 127.442823°E<br><br><a href="https://map.naver.com/v5/search/35.498119027777,127.442823055556">📍 네이버 지도</a>]]></description>
        <styleUrl>#삼각점_style</styleUrl>
        <Point>
          <coordinates>127.442823055556,35.498119027777,0</coordinates>
        </Point>
      </Placemark>
      <Placemark>
        <name>△ 남원306</name>
        <description><![CDATA[<b>삼각점</b><br>명칭: 남원306<br>위도: 35.457772°N<br>경도: 127.486150°E<br><br><a href="https://map.naver.com/v5/search/35.4577718611103,127.48615025">📍 네이버 지도</a>]]></description>
        <styleUrl>#삼각점_style</styleUrl>
        <Point>
          <coordinates>127.48615025,35.4577718611103,0</coordinates>
        </Point>
      </Placemark>
      <Placemark>
        <name>△ 남원308</name>
        <description><![CDATA[<b>삼각점</b><br>명칭: 남원308<br>위도: 35.400155°N<br>경도: 127.401289°E<br><br><a href="https://map.naver.com/v5/search/35.4001553611103,127.401289055556">📍 네이버 지도</a>]]></description>
        <styleUrl>#삼각점_style</styleUrl>
        <Point>
          <coordinates>127.401289055556,35.4001553611103,0</coordinates>
        </Point>
      </Placemark>
      <Placemark>
        <name>△ 남원403</name>
        <description><![CDATA[<b>삼각점</b><br>명칭: 남원403<br>위도: 35.440884°N<br>경도: 127.277275°E<br><br><a href="https://map.naver.com/v5/search/35.4408840833325,127.277275055556">📍 네이버 지도</a>]]></description>
        <styleUrl>#삼각점_style</styleUrl>
        <Point>
          <coordinates>127.277275055556,35.4408840833325,0</coordinates>
        </Point>
      </Placemark>
      <Placemark>
        <name>△ 남원404</name>
        <description><![CDATA[<b>삼각점</b><br>명칭: 남원404<br>위도: 35.420048°N<br>경도: 127.304030°E<br><br><a href="https://map.naver.com/v5/search/35.4200482777769,127.304030333333">📍 네이버 지도</a>]]></description>
        <styleUrl>#삼각점_style</styleUrl>
        <Point>
          <coordinates>127.304030333333,35.4200482777769,0</coordinates>
        </Point>
      </Placemark>
      <Placemark>
        <name>△ 남원406</name>
        <description><![CDATA[<b>삼각점</b><br>명칭: 남원406<br>위도: 35.487583°N<br>경도: 127.308615°E<br><br><a href="https://map.naver.com/v5/search/35.4875825555547,127.308614638889">📍 네이버 지도</a>]]></description>
        <styleUrl>#삼각점_style</styleUrl>
        <Point>
          <coordinates>127.308614638889,35.4875825555547,0</coordinates>
        </Point>
      </Placemark>
      <Placemark>
        <name>△ 남원409</name>
        <description><![CDATA[<b>삼각점</b><br>명칭: 남원409<br>위도: 35.493305°N<br>경도: 127.340029°E<br><br><a href="https://map.naver.com/v5/search/35.4933051111103,127.340029305556">📍 네이버 지도</a>]]></description>
        <styleUrl>#삼각점_style</styleUrl>
        <Point>
          <coordinates>127.340029305556,35.4933051111103,0</coordinates>
        </Point>
      </Placemark>
      <Placemark>
        <name>△ 남원412</name>
        <description><![CDATA[<b>삼각점</b><br>명칭: 남원412<br>위도: 35.484861°N<br>경도: 127.370018°E<br><br><a href="https://map.naver.com/v5/search/35.4848614722214,127.370017805556">📍 네이버 지도</a>]]></description>
        <styleUrl>#삼각점_style</styleUrl>
        <Point>
          <coordinates>127.370017805556,35.4848614722214,0</coordinates>
        </Point>
      </Placemark>
      <Placemark>
        <name>△ 남원413</name>
        <description><![CDATA[<b>삼각점</b><br>명칭: 남원413<br>위도: 35.437795°N<br>경도: 127.385256°E<br><br><a href="https://map.naver.com/v5/search/35.4377954444436,127.385256333333">📍 네이버 지도</a>]]></description>
        <styleUrl>#삼각점_style</styleUrl>
        <Point>
          <coordinates>127.385256333333,35.4377954444436,0</coordinates>
        </Point>
      </Placemark>
      <Placemark>
        <name>△ 남원414</name>
        <description><![CDATA[<b>삼각점</b><br>명칭: 남원414<br>위도: 35.495480°N<br>경도: 127.386200°E<br><br><a href="https://map.naver.com/v5/search/35.4954796111103,127.38620025">📍 네이버 지도</a>]]></description>
        <styleUrl>#삼각점_style</styleUrl>
        <Point>
          <coordinates>127.38620025,35.4954796111103,0</coordinates>
        </Point>
      </Placemark>
      <Placemark>
        <name>△ 남원415</name>
        <description><![CDATA[<b>삼각점</b><br>명칭: 남원415<br>위도: 35.468480°N<br>경도: 127.396779°E<br><br><a href="https://map.naver.com/v5/search/35.4684798333325,127.396778611111">📍 네이버 지도</a>]]></description>
        <styleUrl>#삼각점_style</styleUrl>
        <Point>
          <coordinates>127.396778611111,35.4684798333325,0</coordinates>
        </Point>
      </Placemark>
      <Placemark>
        <name>△ 남원416</name>
        <description><![CDATA[<b>삼각점</b><br>명칭: 남원416<br>위도: 35.446794°N<br>경도: 127.409088°E<br><br><a href="https://map.naver.com/v5/search/35.4467944999992,127.409088083333">📍 네이버 지도</a>]]></description>
        <styleUrl>#삼각점_style</styleUrl>
        <Point>
          <coordinates>127.409088083333,35.4467944999992,0</coordinates>
        </Point>
      </Placemark>
      <Placemark>
        <name>△ 남원419</name>
        <description><![CDATA[<b>삼각점</b><br>명칭: 남원419<br>위도: 35.477797°N<br>경도: 127.452749°E<br><br><a href="https://map.naver.com/v5/search/35.4777965277769,127.452749472222">📍 네이버 지도</a>]]></description>
        <styleUrl>#삼각점_style</styleUrl>
        <Point>
          <coordinates>127.452749472222,35.4777965277769,0</coordinates>
        </Point>
      </Placemark>
      <Placemark>
        <name>△ 남원422</name>
        <description><![CDATA[<b>삼각점</b><br>명칭: 남원422<br>위도: 35.476550°N<br>경도: 127.482237°E<br><br><a href="https://map.naver.com/v5/search/35.4765495833325,127.482236666667">📍 네이버 지도</a>]]></description>
        <styleUrl>#삼각점_style</styleUrl>
        <Point>
          <coordinates>127.482236666667,35.4765495833325,0</coordinates>
        </Point>
      </Placemark>
      <Placemark>
        <name>△ 남원423</name>
        <description><![CDATA[<b>삼각점</b><br>명칭: 남원423<br>위도: 35.498003°N<br>경도: 127.487517°E<br><br><a href="https://map.naver.com/v5/search/35.4980027499992,127.487517361111">📍 네이버 지도</a>]]></description>
        <styleUrl>#삼각점_style</styleUrl>
        <Point>
          <coordinates>127.487517361111,35.4980027499992,0</coordinates>
        </Point>
      </Placemark>
      <Placemark>
        <name>△ 남원425</name>
        <description><![CDATA[<b>삼각점</b><br>명칭: 남원425<br>위도: 35.419539°N<br>경도: 127.469451°E<br><br><a href="https://map.naver.com/v5/search/35.4195391944436,127.469450666667">📍 네이버 지도</a>]]></description>
        <styleUrl>#삼각점_style</styleUrl>
        <Point>
          <coordinates>127.469450666667,35.4195391944436,0</coordinates>
        </Point>
      </Placemark>
      <Placemark>
        <name>△ 남원426</name>
        <description><![CDATA[<b>삼각점</b><br>명칭: 남원426<br>위도: 35.393742°N<br>경도: 127.456233°E<br><br><a href="https://map.naver.com/v5/search/35.3937419999991,127.456232916667">📍 네이버 지도</a>]]></description>
        <styleUrl>#삼각점_style</styleUrl>
        <Point>
          <coordinates>127.456232916667,35.3937419999991,0</coordinates>
        </Point>
      </Placemark>
      <Placemark>
        <name>△ 남원431</name>
        <description><![CDATA[<b>삼각점</b><br>명칭: 남원431<br>위도: 35.415191°N<br>경도: 127.406216°E<br><br><a href="https://map.naver.com/v5/search/35.4151910833325,127.406215694444">📍 네이버 지도</a>]]></description>
        <styleUrl>#삼각점_style</styleUrl>
        <Point>
          <coordinates>127.406215694444,35.4151910833325,0</coordinates>
        </Point>
      </Placemark>
      <Placemark>
        <name>△ 남원435</name>
        <description><![CDATA[<b>삼각점</b><br>명칭: 남원435<br>위도: 35.393014°N<br>경도: 127.377336°E<br><br><a href="https://map.naver.com/v5/search/35.3930137777769,127.37733575">📍 네이버 지도</a>]]></description>
        <styleUrl>#삼각점_style</styleUrl>
        <Point>
          <coordinates>127.37733575,35.3930137777769,0</coordinates>
        </Point>
      </Placemark>
      <Placemark>
        <name>△ 남원439</name>
        <description><![CDATA[<b>삼각점</b><br>명칭: 남원439<br>위도: 35.411825°N<br>경도: 127.333613°E<br><br><a href="https://map.naver.com/v5/search/35.4118250833325,127.333612916667">📍 네이버 지도</a>]]></description>
        <styleUrl>#삼각점_style</styleUrl>
        <Point>
          <coordinates>127.333612916667,35.4118250833325,0</coordinates>
        </Point>
      </Placemark>
      <Placemark>
        <name>△ 운봉21</name>
        <description><![CDATA[<b>삼각점</b><br>명칭: 운봉21<br>위도: 35.474248°N<br>경도: 127.500734°E<br><br><a href="https://map.naver.com/v5/search/35.4742475277769,127.5007345">📍 네이버 지도</a>]]></description>
        <styleUrl>#삼각점_style</styleUrl>
        <Point>
          <coordinates>127.5007345,35.4742475277769,0</coordinates>
        </Point>
      </Placemark>
      <Placemark>
        <name>△ 운봉22</name>
        <description><![CDATA[<b>삼각점</b><br>명칭: 운봉22<br>위도: 35.431096°N<br>경도: 127.583520°E<br><br><a href="https://map.naver.com/v5/search/35.4310959166658,127.583519583333">📍 네이버 지도</a>]]></description>
        <styleUrl>#삼각점_style</styleUrl>
        <Point>
          <coordinates>127.583519583333,35.4310959166658,0</coordinates>
        </Point>
      </Placemark>
      <Placemark>
        <name>△ 운봉23</name>
        <description><![CDATA[<b>삼각점</b><br>명칭: 운봉23<br>위도: 35.498082°N<br>경도: 127.646362°E<br><br><a href="https://map.naver.com/v5/search/35.4980816666658,127.646362333333">📍 네이버 지도</a>]]></description>
        <styleUrl>#삼각점_style</styleUrl>
        <Point>
          <coordinates>127.646362333333,35.4980816666658,0</coordinates>
        </Point>
      </Placemark>
      <Placemark>
        <name>△ 운봉24</name>
        <description><![CDATA[<b>삼각점</b><br>명칭: 운봉24<br>위도: 35.445678°N<br>경도: 127.712281°E<br><br><a href="https://map.naver.com/v5/search/35.4456775555547,127.712281">📍 네이버 지도</a>]]></description>
        <styleUrl>#삼각점_style</styleUrl>
        <Point>
          <coordinates>127.712281,35.4456775555547,0</coordinates>
        </Point>
      </Placemark>
      <Placemark>
        <name>△ 운봉302</name>
        <description><![CDATA[<b>삼각점</b><br>명칭: 운봉302<br>위도: 35.498516°N<br>경도: 127.579761°E<br><br><a href="https://map.naver.com/v5/search/35.498516027777,127.57976125">📍 네이버 지도</a>]]></description>
        <styleUrl>#삼각점_style</styleUrl>
        <Point>
          <coordinates>127.57976125,35.498516027777,0</coordinates>
        </Point>
      </Placemark>
      <Placemark>
        <name>△ 운봉304</name>
        <description><![CDATA[<b>삼각점</b><br>명칭: 운봉304<br>위도: 35.488828°N<br>경도: 127.723612°E<br><br><a href="https://map.naver.com/v5/search/35.4888281111103,127.723612166667">📍 네이버 지도</a>]]></description>
        <styleUrl>#삼각점_style</styleUrl>
        <Point>
          <coordinates>127.723612166667,35.4888281111103,0</coordinates>
        </Point>
      </Placemark>
      <Placemark>
        <name>△ 운봉305</name>
        <description><![CDATA[<b>삼각점</b><br>명칭: 운봉305<br>위도: 35.382475°N<br>경도: 127.680895°E<br><br><a href="https://map.naver.com/v5/search/35.3824745833325,127.680894694444">📍 네이버 지도</a>]]></description>
        <styleUrl>#삼각점_style</styleUrl>
        <Point>
          <coordinates>127.680894694444,35.3824745833325,0</coordinates>
        </Point>
      </Placemark>
      <Placemark>
        <name>△ 운봉307</name>
        <description><![CDATA[<b>삼각점</b><br>명칭: 운봉307<br>위도: 35.401651°N<br>경도: 127.564695°E<br><br><a href="https://map.naver.com/v5/search/35.4016510277769,127.564695277778">📍 네이버 지도</a>]]></description>
        <styleUrl>#삼각점_style</styleUrl>
        <Point>
          <coordinates>127.564695277778,35.4016510277769,0</coordinates>
        </Point>
      </Placemark>
      <Placemark>
        <name>△ 운봉308</name>
        <description><![CDATA[<b>삼각점</b><br>명칭: 운봉308<br>위도: 35.414950°N<br>경도: 127.500607°E<br><br><a href="https://map.naver.com/v5/search/35.4149501666658,127.50060725">📍 네이버 지도</a>]]></description>
        <styleUrl>#삼각점_style</styleUrl>
        <Point>
          <coordinates>127.50060725,35.4149501666658,0</coordinates>
        </Point>
      </Placemark>
      <Placemark>
        <name>△ 운봉405</name>
        <description><![CDATA[<b>삼각점</b><br>명칭: 운봉405<br>위도: 35.480399°N<br>경도: 127.553021°E<br><br><a href="https://map.naver.com/v5/search/35.4803986666658,127.553020916667">📍 네이버 지도</a>]]></description>
        <styleUrl>#삼각점_style</styleUrl>
        <Point>
          <coordinates>127.553020916667,35.4803986666658,0</coordinates>
        </Point>
      </Placemark>
      <Placemark>
        <name>△ 운봉407</name>
        <description><![CDATA[<b>삼각점</b><br>명칭: 운봉407<br>위도: 35.462490°N<br>경도: 127.575906°E<br><br><a href="https://map.naver.com/v5/search/35.4624897499992,127.575906166667">📍 네이버 지도</a>]]></description>
        <styleUrl>#삼각점_style</styleUrl>
        <Point>
          <coordinates>127.575906166667,35.4624897499992,0</coordinates>
        </Point>
      </Placemark>
      <Placemark>
        <name>△ 운봉409</name>
        <description><![CDATA[<b>삼각점</b><br>명칭: 운봉409<br>위도: 35.454984°N<br>경도: 127.592186°E<br><br><a href="https://map.naver.com/v5/search/35.4549843055547,127.592186305556">📍 네이버 지도</a>]]></description>
        <styleUrl>#삼각점_style</styleUrl>
        <Point>
          <coordinates>127.592186305556,35.4549843055547,0</coordinates>
        </Point>
      </Placemark>
      <Placemark>
        <name>△ 운봉410</name>
        <description><![CDATA[<b>삼각점</b><br>명칭: 운봉410<br>위도: 35.475180°N<br>경도: 127.604449°E<br><br><a href="https://map.naver.com/v5/search/35.4751801111103,127.604448861111">📍 네이버 지도</a>]]></description>
        <styleUrl>#삼각점_style</styleUrl>
        <Point>
          <coordinates>127.604448861111,35.4751801111103,0</coordinates>
        </Point>
      </Placemark>
      <Placemark>
        <name>△ 운봉415</name>
        <description><![CDATA[<b>삼각점</b><br>명칭: 운봉415<br>위도: 35.469700°N<br>경도: 127.696591°E<br><br><a href="https://map.naver.com/v5/search/35.4696998888881,127.696591083333">📍 네이버 지도</a>]]></description>
        <styleUrl>#삼각점_style</styleUrl>
        <Point>
          <coordinates>127.696591083333,35.4696998888881,0</coordinates>
        </Point>
      </Placemark>
      <Placemark>
        <name>△ 운봉416</name>
        <description><![CDATA[<b>삼각점</b><br>명칭: 운봉416<br>위도: 35.484384°N<br>경도: 127.688941°E<br><br><a href="https://map.naver.com/v5/search/35.4843836666658,127.688940916667">📍 네이버 지도</a>]]></description>
        <styleUrl>#삼각점_style</styleUrl>
        <Point>
          <coordinates>127.688940916667,35.4843836666658,0</coordinates>
        </Point>
      </Placemark>
      <Placemark>
        <name>△ 운봉424</name>
        <description><![CDATA[<b>삼각점</b><br>명칭: 운봉424<br>위도: 35.396625°N<br>경도: 127.706989°E<br><br><a href="https://map.naver.com/v5/search/35.3966249166658,127.706989277778">📍 네이버 지도</a>]]></description>
        <styleUrl>#삼각점_style</styleUrl>
        <Point>
          <coordinates>127.706989277778,35.3966249166658,0</coordinates>
        </Point>
      </Placemark>
      <Placemark>
        <name>△ 운봉427</name>
        <description><![CDATA[<b>삼각점</b><br>명칭: 운봉427<br>위도: 35.416705°N<br>경도: 127.661962°E<br><br><a href="https://map.naver.com/v5/search/35.4167052499992,127.661961916667">📍 네이버 지도</a>]]></description>
        <styleUrl>#삼각점_style</styleUrl>
        <Point>
          <coordinates>127.661961916667,35.4167052499992,0</coordinates>
        </Point>
      </Placemark>
      <Placemark>
        <name>△ 운봉430</name>
        <description><![CDATA[<b>삼각점</b><br>명칭: 운봉430<br>위도: 35.415997°N<br>경도: 127.537463°E<br><br><a href="https://map.naver.com/v5/search/35.4159965833325,127.537462972222">📍 네이버 지도</a>]]></description>
        <styleUrl>#삼각점_style</styleUrl>
        <Point>
          <coordinates>127.537462972222,35.4159965833325,0</coordinates>
        </Point>
      </Placemark>
      <Placemark>
        <name>△ 운봉432</name>
        <description><![CDATA[<b>삼각점</b><br>명칭: 운봉432<br>위도: 35.393179°N<br>경도: 127.507708°E<br><br><a href="https://map.naver.com/v5/search/35.3931787777769,127.507707527778">📍 네이버 지도</a>]]></description>
        <styleUrl>#삼각점_style</styleUrl>
        <Point>
          <coordinates>127.507707527778,35.3931787777769,0</coordinates>
        </Point>
      </Placemark>
      <Placemark>
        <name>△ 무풍21</name>
        <description><![CDATA[<b>삼각점</b><br>명칭: 무풍21<br>위도: 35.979268°N<br>경도: 127.752282°E<br><br><a href="https://map.naver.com/v5/search/35.9792682499993,127.752281888889">📍 네이버 지도</a>]]></description>
        <styleUrl>#삼각점_style</styleUrl>
        <Point>
          <coordinates>127.752281888889,35.9792682499993,0</coordinates>
        </Point>
      </Placemark>
      <Placemark>
        <name>△ 무풍22</name>
        <description><![CDATA[<b>삼각점</b><br>명칭: 무풍22<br>위도: 35.924744°N<br>경도: 127.883676°E<br><br><a href="https://map.naver.com/v5/search/35.924744416666,127.883676333333">📍 네이버 지도</a>]]></description>
        <styleUrl>#삼각점_style</styleUrl>
        <Point>
          <coordinates>127.883676333333,35.924744416666,0</coordinates>
        </Point>
      </Placemark>
      <Placemark>
        <name>△ 무풍23</name>
        <description><![CDATA[<b>삼각점</b><br>명칭: 무풍23<br>위도: 35.875133°N<br>경도: 127.802208°E<br><br><a href="https://map.naver.com/v5/search/35.8751326944437,127.802207888889">📍 네이버 지도</a>]]></description>
        <styleUrl>#삼각점_style</styleUrl>
        <Point>
          <coordinates>127.802207888889,35.8751326944437,0</coordinates>
        </Point>
      </Placemark>
      <Placemark>
        <name>△ 무풍24</name>
        <description><![CDATA[<b>삼각점</b><br>명칭: 무풍24<br>위도: 35.815929°N<br>경도: 127.837021°E<br><br><a href="https://map.naver.com/v5/search/35.8159288888881,127.83702075">📍 네이버 지도</a>]]></description>
        <styleUrl>#삼각점_style</styleUrl>
        <Point>
          <coordinates>127.83702075,35.8159288888881,0</coordinates>
        </Point>
      </Placemark>
      <Placemark>
        <name>△ 무풍301</name>
        <description><![CDATA[<b>삼각점</b><br>명칭: 무풍301<br>위도: 35.940993°N<br>경도: 127.783021°E<br><br><a href="https://map.naver.com/v5/search/35.9409925277771,127.783020944444">📍 네이버 지도</a>]]></description>
        <styleUrl>#삼각점_style</styleUrl>
        <Point>
          <coordinates>127.783020944444,35.9409925277771,0</coordinates>
        </Point>
      </Placemark>
      <Placemark>
        <name>△ 무풍302</name>
        <description><![CDATA[<b>삼각점</b><br>명칭: 무풍302<br>위도: 35.974031°N<br>경도: 127.806715°E<br><br><a href="https://map.naver.com/v5/search/35.9740311944437,127.806714722222">📍 네이버 지도</a>]]></description>
        <styleUrl>#삼각점_style</styleUrl>
        <Point>
          <coordinates>127.806714722222,35.9740311944437,0</coordinates>
        </Point>
      </Placemark>
      <Placemark>
        <name>△ 무풍311</name>
        <description><![CDATA[<b>삼각점</b><br>명칭: 무풍311<br>위도: 35.883322°N<br>경도: 127.852762°E<br><br><a href="https://map.naver.com/v5/search/35.8833216111104,127.852761527778">📍 네이버 지도</a>]]></description>
        <styleUrl>#삼각점_style</styleUrl>
        <Point>
          <coordinates>127.852761527778,35.8833216111104,0</coordinates>
        </Point>
      </Placemark>
      <Placemark>
        <name>△ 무풍312</name>
        <description><![CDATA[<b>삼각점</b><br>명칭: 무풍312<br>위도: 35.850890°N<br>경도: 127.786739°E<br><br><a href="https://map.naver.com/v5/search/35.8508902222215,127.786739305556">📍 네이버 지도</a>]]></description>
        <styleUrl>#삼각점_style</styleUrl>
        <Point>
          <coordinates>127.786739305556,35.8508902222215,0</coordinates>
        </Point>
      </Placemark>
      <Placemark>
        <name>△ 무풍313</name>
        <description><![CDATA[<b>삼각점</b><br>명칭: 무풍313<br>위도: 35.885874°N<br>경도: 127.760305°E<br><br><a href="https://map.naver.com/v5/search/35.8858739444437,127.760305138889">📍 네이버 지도</a>]]></description>
        <styleUrl>#삼각점_style</styleUrl>
        <Point>
          <coordinates>127.760305138889,35.8858739444437,0</coordinates>
        </Point>
      </Placemark>
      <Placemark>
        <name>△ 무풍314</name>
        <description><![CDATA[<b>삼각점</b><br>명칭: 무풍314<br>위도: 35.792558°N<br>경도: 127.769819°E<br><br><a href="https://map.naver.com/v5/search/35.7925583333326,127.769818583333">📍 네이버 지도</a>]]></description>
        <styleUrl>#삼각점_style</styleUrl>
        <Point>
          <coordinates>127.769818583333,35.7925583333326,0</coordinates>
        </Point>
      </Placemark>
      <Placemark>
        <name>△ 무풍315</name>
        <description><![CDATA[<b>삼각점</b><br>명칭: 무풍315<br>위도: 35.755276°N<br>경도: 127.792148°E<br><br><a href="https://map.naver.com/v5/search/35.7552762499992,127.792148333333">📍 네이버 지도</a>]]></description>
        <styleUrl>#삼각점_style</styleUrl>
        <Point>
          <coordinates>127.792148333333,35.7552762499992,0</coordinates>
        </Point>
      </Placemark>
      <Placemark>
        <name>△ 무풍316</name>
        <description><![CDATA[<b>삼각점</b><br>명칭: 무풍316<br>위도: 35.797657°N<br>경도: 127.839088°E<br><br><a href="https://map.naver.com/v5/search/35.7976571111104,127.839087916667">📍 네이버 지도</a>]]></description>
        <styleUrl>#삼각점_style</styleUrl>
        <Point>
          <coordinates>127.839087916667,35.7976571111104,0</coordinates>
        </Point>
      </Placemark>
      <Placemark>
        <name>△ 무풍317</name>
        <description><![CDATA[<b>삼각점</b><br>명칭: 무풍317<br>위도: 35.758616°N<br>경도: 127.871515°E<br><br><a href="https://map.naver.com/v5/search/35.758615527777,127.871514666667">📍 네이버 지도</a>]]></description>
        <styleUrl>#삼각점_style</styleUrl>
        <Point>
          <coordinates>127.871514666667,35.758615527777,0</coordinates>
        </Point>
      </Placemark>
      <Placemark>
        <name>△ 무풍401</name>
        <description><![CDATA[<b>삼각점</b><br>명칭: 무풍401<br>위도: 35.960135°N<br>경도: 127.761580°E<br><br><a href="https://map.naver.com/v5/search/35.9601351111104,127.761579722222">📍 네이버 지도</a>]]></description>
        <styleUrl>#삼각점_style</styleUrl>
        <Point>
          <coordinates>127.761579722222,35.9601351111104,0</coordinates>
        </Point>
      </Placemark>
      <Placemark>
        <name>△ 무풍402</name>
        <description><![CDATA[<b>삼각점</b><br>명칭: 무풍402<br>위도: 35.928667°N<br>경도: 127.765882°E<br><br><a href="https://map.naver.com/v5/search/35.9286667777771,127.765882">📍 네이버 지도</a>]]></description>
        <styleUrl>#삼각점_style</styleUrl>
        <Point>
          <coordinates>127.765882,35.9286667777771,0</coordinates>
        </Point>
      </Placemark>
      <Placemark>
        <name>△ 무풍404</name>
        <description><![CDATA[<b>삼각점</b><br>명칭: 무풍404<br>위도: 35.987784°N<br>경도: 127.780689°E<br><br><a href="https://map.naver.com/v5/search/35.9877842222215,127.780688916667">📍 네이버 지도</a>]]></description>
        <styleUrl>#삼각점_style</styleUrl>
        <Point>
          <coordinates>127.780688916667,35.9877842222215,0</coordinates>
        </Point>
      </Placemark>
      <Placemark>
        <name>△ 무풍407</name>
        <description><![CDATA[<b>삼각점</b><br>명칭: 무풍407<br>위도: 35.974807°N<br>경도: 127.835126°E<br><br><a href="https://map.naver.com/v5/search/35.9748065555549,127.835125722222">📍 네이버 지도</a>]]></description>
        <styleUrl>#삼각점_style</styleUrl>
        <Point>
          <coordinates>127.835125722222,35.9748065555549,0</coordinates>
        </Point>
      </Placemark>
      <Placemark>
        <name>△ 무풍408</name>
        <description><![CDATA[<b>삼각점</b><br>명칭: 무풍408<br>위도: 35.949891°N<br>경도: 127.838044°E<br><br><a href="https://map.naver.com/v5/search/35.9498911111104,127.838043722222">📍 네이버 지도</a>]]></description>
        <styleUrl>#삼각점_style</styleUrl>
        <Point>
          <coordinates>127.838043722222,35.9498911111104,0</coordinates>
        </Point>
      </Placemark>
      <Placemark>
        <name>△ 무풍409</name>
        <description><![CDATA[<b>삼각점</b><br>명칭: 무풍409<br>위도: 35.930715°N<br>경도: 127.849023°E<br><br><a href="https://map.naver.com/v5/search/35.9307153333326,127.849023111111">📍 네이버 지도</a>]]></description>
        <styleUrl>#삼각점_style</styleUrl>
        <Point>
          <coordinates>127.849023111111,35.9307153333326,0</coordinates>
        </Point>
      </Placemark>
      <Placemark>
        <name>△ 무풍410</name>
        <description><![CDATA[<b>삼각점</b><br>명칭: 무풍410<br>위도: 35.990385°N<br>경도: 127.856585°E<br><br><a href="https://map.naver.com/v5/search/35.9903848333326,127.856585305556">📍 네이버 지도</a>]]></description>
        <styleUrl>#삼각점_style</styleUrl>
        <Point>
          <coordinates>127.856585305556,35.9903848333326,0</coordinates>
        </Point>
      </Placemark>
      <Placemark>
        <name>△ 무풍411</name>
        <description><![CDATA[<b>삼각점</b><br>명칭: 무풍411<br>위도: 35.974060°N<br>경도: 127.865514°E<br><br><a href="https://map.naver.com/v5/search/35.9740595277771,127.865513805556">📍 네이버 지도</a>]]></description>
        <styleUrl>#삼각점_style</styleUrl>
        <Point>
          <coordinates>127.865513805556,35.9740595277771,0</coordinates>
        </Point>
      </Placemark>
      <Placemark>
        <name>△ 무풍412</name>
        <description><![CDATA[<b>삼각점</b><br>명칭: 무풍412<br>위도: 35.960381°N<br>경도: 127.857858°E<br><br><a href="https://map.naver.com/v5/search/35.9603808611104,127.857858305556">📍 네이버 지도</a>]]></description>
        <styleUrl>#삼각점_style</styleUrl>
        <Point>
          <coordinates>127.857858305556,35.9603808611104,0</coordinates>
        </Point>
      </Placemark>
      <Placemark>
        <name>△ 무풍429</name>
        <description><![CDATA[<b>삼각점</b><br>명칭: 무풍429<br>위도: 35.852195°N<br>경도: 127.892915°E<br><br><a href="https://map.naver.com/v5/search/35.8521953333326,127.892914611111">📍 네이버 지도</a>]]></description>
        <styleUrl>#삼각점_style</styleUrl>
        <Point>
          <coordinates>127.892914611111,35.8521953333326,0</coordinates>
        </Point>
      </Placemark>
      <Placemark>
        <name>△ 무풍430</name>
        <description><![CDATA[<b>삼각점</b><br>명칭: 무풍430<br>위도: 35.886751°N<br>경도: 127.893145°E<br><br><a href="https://map.naver.com/v5/search/35.8867507499993,127.893145305556">📍 네이버 지도</a>]]></description>
        <styleUrl>#삼각점_style</styleUrl>
        <Point>
          <coordinates>127.893145305556,35.8867507499993,0</coordinates>
        </Point>
      </Placemark>
      <Placemark>
        <name>△ 무풍431</name>
        <description><![CDATA[<b>삼각점</b><br>명칭: 무풍431<br>위도: 35.907099°N<br>경도: 127.884118°E<br><br><a href="https://map.naver.com/v5/search/35.9070988611104,127.8841175">📍 네이버 지도</a>]]></description>
        <styleUrl>#삼각점_style</styleUrl>
        <Point>
          <coordinates>127.8841175,35.9070988611104,0</coordinates>
        </Point>
      </Placemark>
      <Placemark>
        <name>△ 무풍433</name>
        <description><![CDATA[<b>삼각점</b><br>명칭: 무풍433<br>위도: 35.876134°N<br>경도: 127.864677°E<br><br><a href="https://map.naver.com/v5/search/35.8761343333326,127.864676722222">📍 네이버 지도</a>]]></description>
        <styleUrl>#삼각점_style</styleUrl>
        <Point>
          <coordinates>127.864676722222,35.8761343333326,0</coordinates>
        </Point>
      </Placemark>
      <Placemark>
        <name>△ 무풍435</name>
        <description><![CDATA[<b>삼각점</b><br>명칭: 무풍435<br>위도: 35.836812°N<br>경도: 127.853791°E<br><br><a href="https://map.naver.com/v5/search/35.8368116388882,127.853791333333">📍 네이버 지도</a>]]></description>
        <styleUrl>#삼각점_style</styleUrl>
        <Point>
          <coordinates>127.853791333333,35.8368116388882,0</coordinates>
        </Point>
      </Placemark>
      <Placemark>
        <name>△ 무풍436</name>
        <description><![CDATA[<b>삼각점</b><br>명칭: 무풍436<br>위도: 35.860984°N<br>경도: 127.844623°E<br><br><a href="https://map.naver.com/v5/search/35.8609841666659,127.844623083333">📍 네이버 지도</a>]]></description>
        <styleUrl>#삼각점_style</styleUrl>
        <Point>
          <coordinates>127.844623083333,35.8609841666659,0</coordinates>
        </Point>
      </Placemark>
      <Placemark>
        <name>△ 무풍438</name>
        <description><![CDATA[<b>삼각점</b><br>명칭: 무풍438<br>위도: 35.862824°N<br>경도: 127.819722°E<br><br><a href="https://map.naver.com/v5/search/35.8628237777771,127.819721555556">📍 네이버 지도</a>]]></description>
        <styleUrl>#삼각점_style</styleUrl>
        <Point>
          <coordinates>127.819721555556,35.8628237777771,0</coordinates>
        </Point>
      </Placemark>
      <Placemark>
        <name>△ 무풍439</name>
        <description><![CDATA[<b>삼각점</b><br>명칭: 무풍439<br>위도: 35.841466°N<br>경도: 127.822670°E<br><br><a href="https://map.naver.com/v5/search/35.8414660833326,127.822669888889">📍 네이버 지도</a>]]></description>
        <styleUrl>#삼각점_style</styleUrl>
        <Point>
          <coordinates>127.822669888889,35.8414660833326,0</coordinates>
        </Point>
      </Placemark>
      <Placemark>
        <name>△ 무풍440</name>
        <description><![CDATA[<b>삼각점</b><br>명칭: 무풍440<br>위도: 35.891851°N<br>경도: 127.810470°E<br><br><a href="https://map.naver.com/v5/search/35.891851166666,127.810470111111">📍 네이버 지도</a>]]></description>
        <styleUrl>#삼각점_style</styleUrl>
        <Point>
          <coordinates>127.810470111111,35.891851166666,0</coordinates>
        </Point>
      </Placemark>
      <Placemark>
        <name>△ 무풍441</name>
        <description><![CDATA[<b>삼각점</b><br>명칭: 무풍441<br>위도: 35.905861°N<br>경도: 127.796970°E<br><br><a href="https://map.naver.com/v5/search/35.9058609444437,127.79697">📍 네이버 지도</a>]]></description>
        <styleUrl>#삼각점_style</styleUrl>
        <Point>
          <coordinates>127.79697,35.9058609444437,0</coordinates>
        </Point>
      </Placemark>
      <Placemark>
        <name>△ 무풍442</name>
        <description><![CDATA[<b>삼각점</b><br>명칭: 무풍442<br>위도: 35.871050°N<br>경도: 127.780396°E<br><br><a href="https://map.naver.com/v5/search/35.8710503611104,127.780395861111">📍 네이버 지도</a>]]></description>
        <styleUrl>#삼각점_style</styleUrl>
        <Point>
          <coordinates>127.780395861111,35.8710503611104,0</coordinates>
        </Point>
      </Placemark>
      <Placemark>
        <name>△ 무풍443</name>
        <description><![CDATA[<b>삼각점</b><br>명칭: 무풍443<br>위도: 35.898391°N<br>경도: 127.766246°E<br><br><a href="https://map.naver.com/v5/search/35.8983907222215,127.766245666667">📍 네이버 지도</a>]]></description>
        <styleUrl>#삼각점_style</styleUrl>
        <Point>
          <coordinates>127.766245666667,35.8983907222215,0</coordinates>
        </Point>
      </Placemark>
      <Placemark>
        <name>△ 무풍444</name>
        <description><![CDATA[<b>삼각점</b><br>명칭: 무풍444<br>위도: 35.914447°N<br>경도: 127.766189°E<br><br><a href="https://map.naver.com/v5/search/35.9144470277771,127.766189166667">📍 네이버 지도</a>]]></description>
        <styleUrl>#삼각점_style</styleUrl>
        <Point>
          <coordinates>127.766189166667,35.9144470277771,0</coordinates>
        </Point>
      </Placemark>
      <Placemark>
        <name>△ 무풍446</name>
        <description><![CDATA[<b>삼각점</b><br>명칭: 무풍446<br>위도: 35.810315°N<br>경도: 127.754147°E<br><br><a href="https://map.naver.com/v5/search/35.8103151388881,127.754147222222">📍 네이버 지도</a>]]></description>
        <styleUrl>#삼각점_style</styleUrl>
        <Point>
          <coordinates>127.754147222222,35.8103151388881,0</coordinates>
        </Point>
      </Placemark>
      <Placemark>
        <name>△ 무풍447</name>
        <description><![CDATA[<b>삼각점</b><br>명칭: 무풍447<br>위도: 35.816846°N<br>경도: 127.783830°E<br><br><a href="https://map.naver.com/v5/search/35.8168463055548,127.783829916667">📍 네이버 지도</a>]]></description>
        <styleUrl>#삼각점_style</styleUrl>
        <Point>
          <coordinates>127.783829916667,35.8168463055548,0</coordinates>
        </Point>
      </Placemark>
      <Placemark>
        <name>△ 무풍448</name>
        <description><![CDATA[<b>삼각점</b><br>명칭: 무풍448<br>위도: 35.773132°N<br>경도: 127.774914°E<br><br><a href="https://map.naver.com/v5/search/35.7731319444437,127.774913888889">📍 네이버 지도</a>]]></description>
        <styleUrl>#삼각점_style</styleUrl>
        <Point>
          <coordinates>127.774913888889,35.7731319444437,0</coordinates>
        </Point>
      </Placemark>
      <Placemark>
        <name>△ 무풍449</name>
        <description><![CDATA[<b>삼각점</b><br>명칭: 무풍449<br>위도: 35.799335°N<br>경도: 127.796424°E<br><br><a href="https://map.naver.com/v5/search/35.7993349722215,127.796423666667">📍 네이버 지도</a>]]></description>
        <styleUrl>#삼각점_style</styleUrl>
        <Point>
          <coordinates>127.796423666667,35.7993349722215,0</coordinates>
        </Point>
      </Placemark>
      <Placemark>
        <name>△ 무풍450</name>
        <description><![CDATA[<b>삼각점</b><br>명칭: 무풍450<br>위도: 35.826335°N<br>경도: 127.803281°E<br><br><a href="https://map.naver.com/v5/search/35.8263346944437,127.80328075">📍 네이버 지도</a>]]></description>
        <styleUrl>#삼각점_style</styleUrl>
        <Point>
          <coordinates>127.80328075,35.8263346944437,0</coordinates>
        </Point>
      </Placemark>
      <Placemark>
        <name>△ 무풍451</name>
        <description><![CDATA[<b>삼각점</b><br>명칭: 무풍451<br>위도: 35.784996°N<br>경도: 127.804964°E<br><br><a href="https://map.naver.com/v5/search/35.7849956666659,127.804964166667">📍 네이버 지도</a>]]></description>
        <styleUrl>#삼각점_style</styleUrl>
        <Point>
          <coordinates>127.804964166667,35.7849956666659,0</coordinates>
        </Point>
      </Placemark>
      <Placemark>
        <name>△ 무풍452</name>
        <description><![CDATA[<b>삼각점</b><br>명칭: 무풍452<br>위도: 35.777516°N<br>경도: 127.827802°E<br><br><a href="https://map.naver.com/v5/search/35.7775156944437,127.827802388889">📍 네이버 지도</a>]]></description>
        <styleUrl>#삼각점_style</styleUrl>
        <Point>
          <coordinates>127.827802388889,35.7775156944437,0</coordinates>
        </Point>
      </Placemark>
      <Placemark>
        <name>△ 무풍453</name>
        <description><![CDATA[<b>삼각점</b><br>명칭: 무풍453<br>위도: 35.757348°N<br>경도: 127.831410°E<br><br><a href="https://map.naver.com/v5/search/35.7573484722215,127.831409888889">📍 네이버 지도</a>]]></description>
        <styleUrl>#삼각점_style</styleUrl>
        <Point>
          <coordinates>127.831409888889,35.7573484722215,0</coordinates>
        </Point>
      </Placemark>
      <Placemark>
        <name>△ 무풍454</name>
        <description><![CDATA[<b>삼각점</b><br>명칭: 무풍454<br>위도: 35.759947°N<br>경도: 127.849721°E<br><br><a href="https://map.naver.com/v5/search/35.7599474999992,127.849721">📍 네이버 지도</a>]]></description>
        <styleUrl>#삼각점_style</styleUrl>
        <Point>
          <coordinates>127.849721,35.7599474999992,0</coordinates>
        </Point>
      </Placemark>
      <Placemark>
        <name>△ 무풍455</name>
        <description><![CDATA[<b>삼각점</b><br>명칭: 무풍455<br>위도: 35.779619°N<br>경도: 127.858396°E<br><br><a href="https://map.naver.com/v5/search/35.7796190555548,127.858395888889">📍 네이버 지도</a>]]></description>
        <styleUrl>#삼각점_style</styleUrl>
        <Point>
          <coordinates>127.858395888889,35.7796190555548,0</coordinates>
        </Point>
      </Placemark>
      <Placemark>
        <name>△ 무풍456</name>
        <description><![CDATA[<b>삼각점</b><br>명칭: 무풍456<br>위도: 35.827818°N<br>경도: 127.864295°E<br><br><a href="https://map.naver.com/v5/search/35.8278179166659,127.864294583333">📍 네이버 지도</a>]]></description>
        <styleUrl>#삼각점_style</styleUrl>
        <Point>
          <coordinates>127.864294583333,35.8278179166659,0</coordinates>
        </Point>
      </Placemark>
      <Placemark>
        <name>△ 무풍457</name>
        <description><![CDATA[<b>삼각점</b><br>명칭: 무풍457<br>위도: 35.798186°N<br>경도: 127.866378°E<br><br><a href="https://map.naver.com/v5/search/35.7981860555548,127.866377944444">📍 네이버 지도</a>]]></description>
        <styleUrl>#삼각점_style</styleUrl>
        <Point>
          <coordinates>127.866377944444,35.7981860555548,0</coordinates>
        </Point>
      </Placemark>
      <Placemark>
        <name>△ 무풍458</name>
        <description><![CDATA[<b>삼각점</b><br>명칭: 무풍458<br>위도: 35.776107°N<br>경도: 127.878566°E<br><br><a href="https://map.naver.com/v5/search/35.7761073055548,127.878566111111">📍 네이버 지도</a>]]></description>
        <styleUrl>#삼각점_style</styleUrl>
        <Point>
          <coordinates>127.878566111111,35.7761073055548,0</coordinates>
        </Point>
      </Placemark>
      <Placemark>
        <name>△ 거창401</name>
        <description><![CDATA[<b>삼각점</b><br>명칭: 거창401<br>위도: 35.749699°N<br>경도: 127.755825°E<br><br><a href="https://map.naver.com/v5/search/35.7496987222215,127.755824861111">📍 네이버 지도</a>]]></description>
        <styleUrl>#삼각점_style</styleUrl>
        <Point>
          <coordinates>127.755824861111,35.7496987222215,0</coordinates>
        </Point>
      </Placemark>
      <Placemark>
        <name>△ 산청21</name>
        <description><![CDATA[<b>삼각점</b><br>명칭: 산청21<br>위도: 35.427973°N<br>경도: 127.813197°E<br><br><a href="https://map.naver.com/v5/search/35.4279728611103,127.813196583333">📍 네이버 지도</a>]]></description>
        <styleUrl>#삼각점_style</styleUrl>
        <Point>
          <coordinates>127.813196583333,35.4279728611103,0</coordinates>
        </Point>
      </Placemark>
      <Placemark>
        <name>△ 산청22</name>
        <description><![CDATA[<b>삼각점</b><br>명칭: 산청22<br>위도: 35.487231°N<br>경도: 127.897503°E<br><br><a href="https://map.naver.com/v5/search/35.4872311666658,127.897502888889">📍 네이버 지도</a>]]></description>
        <styleUrl>#삼각점_style</styleUrl>
        <Point>
          <coordinates>127.897502888889,35.4872311666658,0</coordinates>
        </Point>
      </Placemark>
      <Placemark>
        <name>△ 산청302</name>
        <description><![CDATA[<b>삼각점</b><br>명칭: 산청302<br>위도: 35.491781°N<br>경도: 127.779003°E<br><br><a href="https://map.naver.com/v5/search/35.4917811944436,127.77900325">📍 네이버 지도</a>]]></description>
        <styleUrl>#삼각점_style</styleUrl>
        <Point>
          <coordinates>127.77900325,35.4917811944436,0</coordinates>
        </Point>
      </Placemark>
      <Placemark>
        <name>△ 산청310</name>
        <description><![CDATA[<b>삼각점</b><br>명칭: 산청310<br>위도: 35.401018°N<br>경도: 127.859220°E<br><br><a href="https://map.naver.com/v5/search/35.401017638888,127.859220222222">📍 네이버 지도</a>]]></description>
        <styleUrl>#삼각점_style</styleUrl>
        <Point>
          <coordinates>127.859220222222,35.401017638888,0</coordinates>
        </Point>
      </Placemark>
      <Placemark>
        <name>△ 산청401</name>
        <description><![CDATA[<b>삼각점</b><br>명칭: 산청401<br>위도: 35.498786°N<br>경도: 127.751037°E<br><br><a href="https://map.naver.com/v5/search/35.4987863888881,127.751037416667">📍 네이버 지도</a>]]></description>
        <styleUrl>#삼각점_style</styleUrl>
        <Point>
          <coordinates>127.751037416667,35.4987863888881,0</coordinates>
        </Point>
      </Placemark>
      <Placemark>
        <name>△ 산청402</name>
        <description><![CDATA[<b>삼각점</b><br>명칭: 산청402<br>위도: 35.468876°N<br>경도: 127.764845°E<br><br><a href="https://map.naver.com/v5/search/35.4688763055547,127.764845222222">📍 네이버 지도</a>]]></description>
        <styleUrl>#삼각점_style</styleUrl>
        <Point>
          <coordinates>127.764845222222,35.4688763055547,0</coordinates>
        </Point>
      </Placemark>
      <Placemark>
        <name>△ 산청403</name>
        <description><![CDATA[<b>삼각점</b><br>명칭: 산청403<br>위도: 35.468640°N<br>경도: 127.787966°E<br><br><a href="https://map.naver.com/v5/search/35.4686402222214,127.787965777778">📍 네이버 지도</a>]]></description>
        <styleUrl>#삼각점_style</styleUrl>
        <Point>
          <coordinates>127.787965777778,35.4686402222214,0</coordinates>
        </Point>
      </Placemark>
      <Placemark>
        <name>△ 산청405</name>
        <description><![CDATA[<b>삼각점</b><br>명칭: 산청405<br>위도: 35.491648°N<br>경도: 127.803431°E<br><br><a href="https://map.naver.com/v5/search/35.4916484999992,127.80343125">📍 네이버 지도</a>]]></description>
        <styleUrl>#삼각점_style</styleUrl>
        <Point>
          <coordinates>127.80343125,35.4916484999992,0</coordinates>
        </Point>
      </Placemark>
      <Placemark>
        <name>△ 산청407</name>
        <description><![CDATA[<b>삼각점</b><br>명칭: 산청407<br>위도: 35.474146°N<br>경도: 127.816659°E<br><br><a href="https://map.naver.com/v5/search/35.4741463888881,127.816658722222">📍 네이버 지도</a>]]></description>
        <styleUrl>#삼각점_style</styleUrl>
        <Point>
          <coordinates>127.816658722222,35.4741463888881,0</coordinates>
        </Point>
      </Placemark>
      <Placemark>
        <name>△ 산청408</name>
        <description><![CDATA[<b>삼각점</b><br>명칭: 산청408<br>위도: 35.429301°N<br>경도: 127.853885°E<br><br><a href="https://map.naver.com/v5/search/35.4293008055547,127.853884694444">📍 네이버 지도</a>]]></description>
        <styleUrl>#삼각점_style</styleUrl>
        <Point>
          <coordinates>127.853884694444,35.4293008055547,0</coordinates>
        </Point>
      </Placemark>
      <Placemark>
        <name>△ 산청409</name>
        <description><![CDATA[<b>삼각점</b><br>명칭: 산청409<br>위도: 35.487474°N<br>경도: 127.848207°E<br><br><a href="https://map.naver.com/v5/search/35.4874741111103,127.848207361111">📍 네이버 지도</a>]]></description>
        <styleUrl>#삼각점_style</styleUrl>
        <Point>
          <coordinates>127.848207361111,35.4874741111103,0</coordinates>
        </Point>
      </Placemark>
      <Placemark>
        <name>△ 산청411</name>
        <description><![CDATA[<b>삼각점</b><br>명칭: 산청411<br>위도: 35.477853°N<br>경도: 127.865330°E<br><br><a href="https://map.naver.com/v5/search/35.4778529722214,127.865329861111">📍 네이버 지도</a>]]></description>
        <styleUrl>#삼각점_style</styleUrl>
        <Point>
          <coordinates>127.865329861111,35.4778529722214,0</coordinates>
        </Point>
      </Placemark>
      <Placemark>
        <name>△ 산청412</name>
        <description><![CDATA[<b>삼각점</b><br>명칭: 산청412<br>위도: 35.495026°N<br>경도: 127.876109°E<br><br><a href="https://map.naver.com/v5/search/35.4950256666658,127.876108611111">📍 네이버 지도</a>]]></description>
        <styleUrl>#삼각점_style</styleUrl>
        <Point>
          <coordinates>127.876108611111,35.4950256666658,0</coordinates>
        </Point>
      </Placemark>
      <Placemark>
        <name>△ 산청431</name>
        <description><![CDATA[<b>삼각점</b><br>명칭: 산청431<br>위도: 35.390919°N<br>경도: 127.887811°E<br><br><a href="https://map.naver.com/v5/search/35.3909189722214,127.887811138889">📍 네이버 지도</a>]]></description>
        <styleUrl>#삼각점_style</styleUrl>
        <Point>
          <coordinates>127.887811138889,35.3909189722214,0</coordinates>
        </Point>
      </Placemark>
      <Placemark>
        <name>△ 산청432</name>
        <description><![CDATA[<b>삼각점</b><br>명칭: 산청432<br>위도: 35.409412°N<br>경도: 127.878989°E<br><br><a href="https://map.naver.com/v5/search/35.4094123333325,127.878988638889">📍 네이버 지도</a>]]></description>
        <styleUrl>#삼각점_style</styleUrl>
        <Point>
          <coordinates>127.878988638889,35.4094123333325,0</coordinates>
        </Point>
      </Placemark>
      <Placemark>
        <name>△ 산청435</name>
        <description><![CDATA[<b>삼각점</b><br>명칭: 산청435<br>위도: 35.400644°N<br>경도: 127.826246°E<br><br><a href="https://map.naver.com/v5/search/35.4006437222213,127.826246083333">📍 네이버 지도</a>]]></description>
        <styleUrl>#삼각점_style</styleUrl>
        <Point>
          <coordinates>127.826246083333,35.4006437222213,0</coordinates>
        </Point>
      </Placemark>
      <Placemark>
        <name>△ 산청438</name>
        <description><![CDATA[<b>삼각점</b><br>명칭: 산청438<br>위도: 35.381224°N<br>경도: 127.771916°E<br><br><a href="https://map.naver.com/v5/search/35.3812240833325,127.771916166667">📍 네이버 지도</a>]]></description>
        <styleUrl>#삼각점_style</styleUrl>
        <Point>
          <coordinates>127.771916166667,35.3812240833325,0</coordinates>
        </Point>
      </Placemark>
      <Placemark>
        <name>△ 연도11</name>
        <description><![CDATA[<b>삼각점</b><br>명칭: 연도11<br>위도: 36.081264°N<br>경도: 126.435642°E<br><br><a href="https://map.naver.com/v5/search/36.0812635555549,126.435641861111">📍 네이버 지도</a>]]></description>
        <styleUrl>#삼각점_style</styleUrl>
        <Point>
          <coordinates>126.435641861111,36.0812635555549,0</coordinates>
        </Point>
      </Placemark>
      <Placemark>
        <name>△ 연도401</name>
        <description><![CDATA[<b>삼각점</b><br>명칭: 연도401<br>위도: 36.132823°N<br>경도: 126.499318°E<br><br><a href="https://map.naver.com/v5/search/36.1328228888882,126.499318333333">📍 네이버 지도</a>]]></description>
        <styleUrl>#삼각점_style</styleUrl>
        <Point>
          <coordinates>126.499318333333,36.1328228888882,0</coordinates>
        </Point>
      </Placemark>
      <Placemark>
        <name>△ 서천11</name>
        <description><![CDATA[<b>삼각점</b><br>명칭: 서천11<br>위도: 36.119151°N<br>경도: 126.676866°E<br><br><a href="https://map.naver.com/v5/search/36.1191513333327,126.676865916667">📍 네이버 지도</a>]]></description>
        <styleUrl>#삼각점_style</styleUrl>
        <Point>
          <coordinates>126.676865916667,36.1191513333327,0</coordinates>
        </Point>
      </Placemark>
      <Placemark>
        <name>△ 서천23</name>
        <description><![CDATA[<b>삼각점</b><br>명칭: 서천23<br>위도: 36.134822°N<br>경도: 126.559851°E<br><br><a href="https://map.naver.com/v5/search/36.1348217777771,126.559851055555">📍 네이버 지도</a>]]></description>
        <styleUrl>#삼각점_style</styleUrl>
        <Point>
          <coordinates>126.559851055555,36.1348217777771,0</coordinates>
        </Point>
      </Placemark>
      <Placemark>
        <name>△ 서천25</name>
        <description><![CDATA[<b>삼각점</b><br>명칭: 서천25<br>위도: 36.006613°N<br>경도: 126.623600°E<br><br><a href="https://map.naver.com/v5/search/36.0066130833326,126.623599527778">📍 네이버 지도</a>]]></description>
        <styleUrl>#삼각점_style</styleUrl>
        <Point>
          <coordinates>126.623599527778,36.0066130833326,0</coordinates>
        </Point>
      </Placemark>
      <Placemark>
        <name>△ 서천26</name>
        <description><![CDATA[<b>삼각점</b><br>명칭: 서천26<br>위도: 36.020932°N<br>경도: 126.715085°E<br><br><a href="https://map.naver.com/v5/search/36.020932416666,126.715084861111">📍 네이버 지도</a>]]></description>
        <styleUrl>#삼각점_style</styleUrl>
        <Point>
          <coordinates>126.715084861111,36.020932416666,0</coordinates>
        </Point>
      </Placemark>
      <Placemark>
        <name>△ 서천306</name>
        <description><![CDATA[<b>삼각점</b><br>명칭: 서천306<br>위도: 36.138025°N<br>경도: 126.719810°E<br><br><a href="https://map.naver.com/v5/search/36.138025166666,126.719809805556">📍 네이버 지도</a>]]></description>
        <styleUrl>#삼각점_style</styleUrl>
        <Point>
          <coordinates>126.719809805556,36.138025166666,0</coordinates>
        </Point>
      </Placemark>
      <Placemark>
        <name>△ 서천307</name>
        <description><![CDATA[<b>삼각점</b><br>명칭: 서천307<br>위도: 36.143568°N<br>경도: 126.617508°E<br><br><a href="https://map.naver.com/v5/search/36.1435678333327,126.617507694444">📍 네이버 지도</a>]]></description>
        <styleUrl>#삼각점_style</styleUrl>
        <Point>
          <coordinates>126.617507694444,36.1435678333327,0</coordinates>
        </Point>
      </Placemark>
      <Placemark>
        <name>△ 서천308</name>
        <description><![CDATA[<b>삼각점</b><br>명칭: 서천308<br>위도: 36.099530°N<br>경도: 126.613411°E<br><br><a href="https://map.naver.com/v5/search/36.0995296388882,126.613410638889">📍 네이버 지도</a>]]></description>
        <styleUrl>#삼각점_style</styleUrl>
        <Point>
          <coordinates>126.613410638889,36.0995296388882,0</coordinates>
        </Point>
      </Placemark>
      <Placemark>
        <name>△ 서천426</name>
        <description><![CDATA[<b>삼각점</b><br>명칭: 서천426<br>위도: 36.109200°N<br>경도: 126.730865°E<br><br><a href="https://map.naver.com/v5/search/36.1092004722216,126.730864805556">📍 네이버 지도</a>]]></description>
        <styleUrl>#삼각점_style</styleUrl>
        <Point>
          <coordinates>126.730864805556,36.1092004722216,0</coordinates>
        </Point>
      </Placemark>
      <Placemark>
        <name>△ 서천428</name>
        <description><![CDATA[<b>삼각점</b><br>명칭: 서천428<br>위도: 36.147097°N<br>경도: 126.705313°E<br><br><a href="https://map.naver.com/v5/search/36.1470973611105,126.7053125">📍 네이버 지도</a>]]></description>
        <styleUrl>#삼각점_style</styleUrl>
        <Point>
          <coordinates>126.7053125,36.1470973611105,0</coordinates>
        </Point>
      </Placemark>
      <Placemark>
        <name>△ 서천429</name>
        <description><![CDATA[<b>삼각점</b><br>명칭: 서천429<br>위도: 36.128512°N<br>경도: 126.703679°E<br><br><a href="https://map.naver.com/v5/search/36.1285122777771,126.703679027778">📍 네이버 지도</a>]]></description>
        <styleUrl>#삼각점_style</styleUrl>
        <Point>
          <coordinates>126.703679027778,36.1285122777771,0</coordinates>
        </Point>
      </Placemark>
      <Placemark>
        <name>△ 서천430</name>
        <description><![CDATA[<b>삼각점</b><br>명칭: 서천430<br>위도: 36.109890°N<br>경도: 126.712619°E<br><br><a href="https://map.naver.com/v5/search/36.1098904444438,126.712619138889">📍 네이버 지도</a>]]></description>
        <styleUrl>#삼각점_style</styleUrl>
        <Point>
          <coordinates>126.712619138889,36.1098904444438,0</coordinates>
        </Point>
      </Placemark>
      <Placemark>
        <name>△ 서천431</name>
        <description><![CDATA[<b>삼각점</b><br>명칭: 서천431<br>위도: 36.090009°N<br>경도: 126.687497°E<br><br><a href="https://map.naver.com/v5/search/36.0900090277771,126.687497333333">📍 네이버 지도</a>]]></description>
        <styleUrl>#삼각점_style</styleUrl>
        <Point>
          <coordinates>126.687497333333,36.0900090277771,0</coordinates>
        </Point>
      </Placemark>
      <Placemark>
        <name>△ 서천432</name>
        <description><![CDATA[<b>삼각점</b><br>명칭: 서천432<br>위도: 36.149723°N<br>경도: 126.685396°E<br><br><a href="https://map.naver.com/v5/search/36.1497226111105,126.685396472222">📍 네이버 지도</a>]]></description>
        <styleUrl>#삼각점_style</styleUrl>
        <Point>
          <coordinates>126.685396472222,36.1497226111105,0</coordinates>
        </Point>
      </Placemark>
      <Placemark>
        <name>△ 서천434</name>
        <description><![CDATA[<b>삼각점</b><br>명칭: 서천434<br>위도: 36.093412°N<br>경도: 126.666100°E<br><br><a href="https://map.naver.com/v5/search/36.0934117777771,126.66610025">📍 네이버 지도</a>]]></description>
        <styleUrl>#삼각점_style</styleUrl>
        <Point>
          <coordinates>126.66610025,36.0934117777771,0</coordinates>
        </Point>
      </Placemark>
      <Placemark>
        <name>△ 서천435</name>
        <description><![CDATA[<b>삼각점</b><br>명칭: 서천435<br>위도: 36.151256°N<br>경도: 126.644441°E<br><br><a href="https://map.naver.com/v5/search/36.1512561111105,126.644440583333">📍 네이버 지도</a>]]></description>
        <styleUrl>#삼각점_style</styleUrl>
        <Point>
          <coordinates>126.644440583333,36.1512561111105,0</coordinates>
        </Point>
      </Placemark>
      <Placemark>
        <name>△ 서천436</name>
        <description><![CDATA[<b>삼각점</b><br>명칭: 서천436<br>위도: 36.097540°N<br>경도: 126.641035°E<br><br><a href="https://map.naver.com/v5/search/36.0975403611105,126.64103475">📍 네이버 지도</a>]]></description>
        <styleUrl>#삼각점_style</styleUrl>
        <Point>
          <coordinates>126.64103475,36.0975403611105,0</coordinates>
        </Point>
      </Placemark>
      <Placemark>
        <name>△ 서천437</name>
        <description><![CDATA[<b>삼각점</b><br>명칭: 서천437<br>위도: 36.120731°N<br>경도: 126.632314°E<br><br><a href="https://map.naver.com/v5/search/36.1207307222216,126.63231425">📍 네이버 지도</a>]]></description>
        <styleUrl>#삼각점_style</styleUrl>
        <Point>
          <coordinates>126.63231425,36.1207307222216,0</coordinates>
        </Point>
      </Placemark>
      <Placemark>
        <name>△ 서천438</name>
        <description><![CDATA[<b>삼각점</b><br>명칭: 서천438<br>위도: 36.126719°N<br>경도: 126.620493°E<br><br><a href="https://map.naver.com/v5/search/36.1267185555549,126.62049275">📍 네이버 지도</a>]]></description>
        <styleUrl>#삼각점_style</styleUrl>
        <Point>
          <coordinates>126.62049275,36.1267185555549,0</coordinates>
        </Point>
      </Placemark>
      <Placemark>
        <name>△ 서천439</name>
        <description><![CDATA[<b>삼각점</b><br>명칭: 서천439<br>위도: 36.155970°N<br>경도: 126.582113°E<br><br><a href="https://map.naver.com/v5/search/36.1559703888882,126.582112944444">📍 네이버 지도</a>]]></description>
        <styleUrl>#삼각점_style</styleUrl>
        <Point>
          <coordinates>126.582112944444,36.1559703888882,0</coordinates>
        </Point>
      </Placemark>
      <Placemark>
        <name>△ 서천441</name>
        <description><![CDATA[<b>삼각점</b><br>명칭: 서천441<br>위도: 36.150549°N<br>경도: 126.503200°E<br><br><a href="https://map.naver.com/v5/search/36.1505489999994,126.503199527778">📍 네이버 지도</a>]]></description>
        <styleUrl>#삼각점_style</styleUrl>
        <Point>
          <coordinates>126.503199527778,36.1505489999994,0</coordinates>
        </Point>
      </Placemark>
      <Placemark>
        <name>△ 서천442</name>
        <description><![CDATA[<b>삼각점</b><br>명칭: 서천442<br>위도: 36.079834°N<br>경도: 126.621530°E<br><br><a href="https://map.naver.com/v5/search/36.0798344722216,126.621529666667">📍 네이버 지도</a>]]></description>
        <styleUrl>#삼각점_style</styleUrl>
        <Point>
          <coordinates>126.621529666667,36.0798344722216,0</coordinates>
        </Point>
      </Placemark>
      <Placemark>
        <name>△ 서천444</name>
        <description><![CDATA[<b>삼각점</b><br>명칭: 서천444<br>위도: 36.052482°N<br>경도: 126.655624°E<br><br><a href="https://map.naver.com/v5/search/36.0524818611104,126.655624388889">📍 네이버 지도</a>]]></description>
        <styleUrl>#삼각점_style</styleUrl>
        <Point>
          <coordinates>126.655624388889,36.0524818611104,0</coordinates>
        </Point>
      </Placemark>
      <Placemark>
        <name>△ 서천447</name>
        <description><![CDATA[<b>삼각점</b><br>명칭: 서천447<br>위도: 36.043807°N<br>경도: 126.698343°E<br><br><a href="https://map.naver.com/v5/search/36.0438073055549,126.698342583333">📍 네이버 지도</a>]]></description>
        <styleUrl>#삼각점_style</styleUrl>
        <Point>
          <coordinates>126.698342583333,36.0438073055549,0</coordinates>
        </Point>
      </Placemark>
      <Placemark>
        <name>△ 서천448</name>
        <description><![CDATA[<b>삼각점</b><br>명칭: 서천448<br>위도: 36.078559°N<br>경도: 126.711197°E<br><br><a href="https://map.naver.com/v5/search/36.0785588611104,126.711196666667">📍 네이버 지도</a>]]></description>
        <styleUrl>#삼각점_style</styleUrl>
        <Point>
          <coordinates>126.711196666667,36.0785588611104,0</coordinates>
        </Point>
      </Placemark>
      <Placemark>
        <name>△ 서천449</name>
        <description><![CDATA[<b>삼각점</b><br>명칭: 서천449<br>위도: 36.062960°N<br>경도: 126.713208°E<br><br><a href="https://map.naver.com/v5/search/36.062959916666,126.713207555556">📍 네이버 지도</a>]]></description>
        <styleUrl>#삼각점_style</styleUrl>
        <Point>
          <coordinates>126.713207555556,36.062959916666,0</coordinates>
        </Point>
      </Placemark>
      <Placemark>
        <name>△ 서천451</name>
        <description><![CDATA[<b>삼각점</b><br>명칭: 서천451<br>위도: 36.078546°N<br>경도: 126.737725°E<br><br><a href="https://map.naver.com/v5/search/36.0785459444438,126.737725277778">📍 네이버 지도</a>]]></description>
        <styleUrl>#삼각점_style</styleUrl>
        <Point>
          <coordinates>126.737725277778,36.0785459444438,0</coordinates>
        </Point>
      </Placemark>
      <Placemark>
        <name>△ 익산301</name>
        <description><![CDATA[<b>삼각점</b><br>명칭: 익산301<br>위도: 36.002484°N<br>경도: 126.898157°E<br><br><a href="https://map.naver.com/v5/search/36.0024844722215,126.898157055556">📍 네이버 지도</a>]]></description>
        <styleUrl>#삼각점_style</styleUrl>
        <Point>
          <coordinates>126.898157055556,36.0024844722215,0</coordinates>
        </Point>
      </Placemark>
      <Placemark>
        <name>△ 한산22</name>
        <description><![CDATA[<b>삼각점</b><br>명칭: 한산22<br>위도: 36.097237°N<br>경도: 126.909336°E<br><br><a href="https://map.naver.com/v5/search/36.0972369722216,126.90933575">📍 네이버 지도</a>]]></description>
        <styleUrl>#삼각점_style</styleUrl>
        <Point>
          <coordinates>126.90933575,36.0972369722216,0</coordinates>
        </Point>
      </Placemark>
      <Placemark>
        <name>△ 한산23</name>
        <description><![CDATA[<b>삼각점</b><br>명칭: 한산23<br>위도: 36.141869°N<br>경도: 126.802354°E<br><br><a href="https://map.naver.com/v5/search/36.1418692777771,126.802353722222">📍 네이버 지도</a>]]></description>
        <styleUrl>#삼각점_style</styleUrl>
        <Point>
          <coordinates>126.802353722222,36.1418692777771,0</coordinates>
        </Point>
      </Placemark>
      <Placemark>
        <name>△ 한산24</name>
        <description><![CDATA[<b>삼각점</b><br>명칭: 한산24<br>위도: 36.078523°N<br>경도: 126.777997°E<br><br><a href="https://map.naver.com/v5/search/36.0785228611104,126.777997416667">📍 네이버 지도</a>]]></description>
        <styleUrl>#삼각점_style</styleUrl>
        <Point>
          <coordinates>126.777997416667,36.0785228611104,0</coordinates>
        </Point>
      </Placemark>
      <Placemark>
        <name>△ 한산25</name>
        <description><![CDATA[<b>삼각점</b><br>명칭: 한산25<br>위도: 36.039408°N<br>경도: 126.872889°E<br><br><a href="https://map.naver.com/v5/search/36.0394084999993,126.8728885">📍 네이버 지도</a>]]></description>
        <styleUrl>#삼각점_style</styleUrl>
        <Point>
          <coordinates>126.8728885,36.0394084999993,0</coordinates>
        </Point>
      </Placemark>
      <Placemark>
        <name>△ 한산307</name>
        <description><![CDATA[<b>삼각점</b><br>명칭: 한산307<br>위도: 36.121742°N<br>경도: 126.951117°E<br><br><a href="https://map.naver.com/v5/search/36.1217416388882,126.951116888889">📍 네이버 지도</a>]]></description>
        <styleUrl>#삼각점_style</styleUrl>
        <Point>
          <coordinates>126.951116888889,36.1217416388882,0</coordinates>
        </Point>
      </Placemark>
      <Placemark>
        <name>△ 한산309</name>
        <description><![CDATA[<b>삼각점</b><br>명칭: 한산309<br>위도: 36.111030°N<br>경도: 126.825504°E<br><br><a href="https://map.naver.com/v5/search/36.1110300277771,126.825504305556">📍 네이버 지도</a>]]></description>
        <styleUrl>#삼각점_style</styleUrl>
        <Point>
          <coordinates>126.825504305556,36.1110300277771,0</coordinates>
        </Point>
      </Placemark>
      <Placemark>
        <name>△ 한산310</name>
        <description><![CDATA[<b>삼각점</b><br>명칭: 한산310<br>위도: 36.013583°N<br>경도: 126.784615°E<br><br><a href="https://map.naver.com/v5/search/36.0135828611104,126.784614972222">📍 네이버 지도</a>]]></description>
        <styleUrl>#삼각점_style</styleUrl>
        <Point>
          <coordinates>126.784614972222,36.0135828611104,0</coordinates>
        </Point>
      </Placemark>
      <Placemark>
        <name>△ 한산311</name>
        <description><![CDATA[<b>삼각점</b><br>명칭: 한산311<br>위도: 36.054509°N<br>경도: 126.938596°E<br><br><a href="https://map.naver.com/v5/search/36.0545087499993,126.93859625">📍 네이버 지도</a>]]></description>
        <styleUrl>#삼각점_style</styleUrl>
        <Point>
          <coordinates>126.93859625,36.0545087499993,0</coordinates>
        </Point>
      </Placemark>
      <Placemark>
        <name>△ 한산425</name>
        <description><![CDATA[<b>삼각점</b><br>명칭: 한산425<br>위도: 36.113154°N<br>경도: 126.983763°E<br><br><a href="https://map.naver.com/v5/search/36.1131540277771,126.98376325">📍 네이버 지도</a>]]></description>
        <styleUrl>#삼각점_style</styleUrl>
        <Point>
          <coordinates>126.98376325,36.1131540277771,0</coordinates>
        </Point>
      </Placemark>
      <Placemark>
        <name>△ 한산428</name>
        <description><![CDATA[<b>삼각점</b><br>명칭: 한산428<br>위도: 36.138105°N<br>경도: 126.962615°E<br><br><a href="https://map.naver.com/v5/search/36.1381048611105,126.962615055556">📍 네이버 지도</a>]]></description>
        <styleUrl>#삼각점_style</styleUrl>
        <Point>
          <coordinates>126.962615055556,36.1381048611105,0</coordinates>
        </Point>
      </Placemark>
      <Placemark>
        <name>△ 한산429</name>
        <description><![CDATA[<b>삼각점</b><br>명칭: 한산429<br>위도: 36.100308°N<br>경도: 126.939533°E<br><br><a href="https://map.naver.com/v5/search/36.1003079722216,126.939533444444">📍 네이버 지도</a>]]></description>
        <styleUrl>#삼각점_style</styleUrl>
        <Point>
          <coordinates>126.939533444444,36.1003079722216,0</coordinates>
        </Point>
      </Placemark>
      <Placemark>
        <name>△ 한산430</name>
        <description><![CDATA[<b>삼각점</b><br>명칭: 한산430<br>위도: 36.131896°N<br>경도: 126.939892°E<br><br><a href="https://map.naver.com/v5/search/36.1318957499993,126.939892194444">📍 네이버 지도</a>]]></description>
        <styleUrl>#삼각점_style</styleUrl>
        <Point>
          <coordinates>126.939892194444,36.1318957499993,0</coordinates>
        </Point>
      </Placemark>
      <Placemark>
        <name>△ 한산432</name>
        <description><![CDATA[<b>삼각점</b><br>명칭: 한산432<br>위도: 36.120872°N<br>경도: 126.914264°E<br><br><a href="https://map.naver.com/v5/search/36.1208718055549,126.914264055556">📍 네이버 지도</a>]]></description>
        <styleUrl>#삼각점_style</styleUrl>
        <Point>
          <coordinates>126.914264055556,36.1208718055549,0</coordinates>
        </Point>
      </Placemark>
      <Placemark>
        <name>△ 한산435</name>
        <description><![CDATA[<b>삼각점</b><br>명칭: 한산435<br>위도: 36.091404°N<br>경도: 126.885803°E<br><br><a href="https://map.naver.com/v5/search/36.0914042222216,126.885802694444">📍 네이버 지도</a>]]></description>
        <styleUrl>#삼각점_style</styleUrl>
        <Point>
          <coordinates>126.885802694444,36.0914042222216,0</coordinates>
        </Point>
      </Placemark>
      <Placemark>
        <name>△ 한산436</name>
        <description><![CDATA[<b>삼각점</b><br>명칭: 한산436<br>위도: 36.131376°N<br>경도: 126.871191°E<br><br><a href="https://map.naver.com/v5/search/36.1313757499993,126.87119075">📍 네이버 지도</a>]]></description>
        <styleUrl>#삼각점_style</styleUrl>
        <Point>
          <coordinates>126.87119075,36.1313757499993,0</coordinates>
        </Point>
      </Placemark>
      <Placemark>
        <name>△ 한산437</name>
        <description><![CDATA[<b>삼각점</b><br>명칭: 한산437<br>위도: 36.157737°N<br>경도: 126.861045°E<br><br><a href="https://map.naver.com/v5/search/36.1577366111105,126.861044583333">📍 네이버 지도</a>]]></description>
        <styleUrl>#삼각점_style</styleUrl>
        <Point>
          <coordinates>126.861044583333,36.1577366111105,0</coordinates>
        </Point>
      </Placemark>
      <Placemark>
        <name>△ 한산438</name>
        <description><![CDATA[<b>삼각점</b><br>명칭: 한산438<br>위도: 36.131012°N<br>경도: 126.850979°E<br><br><a href="https://map.naver.com/v5/search/36.1310115833327,126.850979416667">📍 네이버 지도</a>]]></description>
        <styleUrl>#삼각점_style</styleUrl>
        <Point>
          <coordinates>126.850979416667,36.1310115833327,0</coordinates>
        </Point>
      </Placemark>
      <Placemark>
        <name>△ 한산439</name>
        <description><![CDATA[<b>삼각점</b><br>명칭: 한산439<br>위도: 36.105686°N<br>경도: 126.840836°E<br><br><a href="https://map.naver.com/v5/search/36.1056859999993,126.840836305556">📍 네이버 지도</a>]]></description>
        <styleUrl>#삼각점_style</styleUrl>
        <Point>
          <coordinates>126.840836305556,36.1056859999993,0</coordinates>
        </Point>
      </Placemark>
      <Placemark>
        <name>△ 한산441</name>
        <description><![CDATA[<b>삼각점</b><br>명칭: 한산441<br>위도: 36.148009°N<br>경도: 126.837706°E<br><br><a href="https://map.naver.com/v5/search/36.1480093888882,126.837705888889">📍 네이버 지도</a>]]></description>
        <styleUrl>#삼각점_style</styleUrl>
        <Point>
          <coordinates>126.837705888889,36.1480093888882,0</coordinates>
        </Point>
      </Placemark>
      <Placemark>
        <name>△ 한산442</name>
        <description><![CDATA[<b>삼각점</b><br>명칭: 한산442<br>위도: 36.090311°N<br>경도: 126.831199°E<br><br><a href="https://map.naver.com/v5/search/36.0903111944438,126.8311995">📍 네이버 지도</a>]]></description>
        <styleUrl>#삼각점_style</styleUrl>
        <Point>
          <coordinates>126.8311995,36.0903111944438,0</coordinates>
        </Point>
      </Placemark>
      <Placemark>
        <name>△ 한산444</name>
        <description><![CDATA[<b>삼각점</b><br>명칭: 한산444<br>위도: 36.121057°N<br>경도: 126.812524°E<br><br><a href="https://map.naver.com/v5/search/36.1210572499994,126.812523722222">📍 네이버 지도</a>]]></description>
        <styleUrl>#삼각점_style</styleUrl>
        <Point>
          <coordinates>126.812523722222,36.1210572499994,0</coordinates>
        </Point>
      </Placemark>
      <Placemark>
        <name>△ 한산446</name>
        <description><![CDATA[<b>삼각점</b><br>명칭: 한산446<br>위도: 36.110330°N<br>경도: 126.787765°E<br><br><a href="https://map.naver.com/v5/search/36.1103295555549,126.787765194444">📍 네이버 지도</a>]]></description>
        <styleUrl>#삼각점_style</styleUrl>
        <Point>
          <coordinates>126.787765194444,36.1103295555549,0</coordinates>
        </Point>
      </Placemark>
      <Placemark>
        <name>△ 한산447</name>
        <description><![CDATA[<b>삼각점</b><br>명칭: 한산447<br>위도: 36.132062°N<br>경도: 126.784507°E<br><br><a href="https://map.naver.com/v5/search/36.1320621944438,126.784507388889">📍 네이버 지도</a>]]></description>
        <styleUrl>#삼각점_style</styleUrl>
        <Point>
          <coordinates>126.784507388889,36.1320621944438,0</coordinates>
        </Point>
      </Placemark>
      <Placemark>
        <name>△ 한산448</name>
        <description><![CDATA[<b>삼각점</b><br>명칭: 한산448<br>위도: 36.148696°N<br>경도: 126.780586°E<br><br><a href="https://map.naver.com/v5/search/36.1486961388882,126.780586388889">📍 네이버 지도</a>]]></description>
        <styleUrl>#삼각점_style</styleUrl>
        <Point>
          <coordinates>126.780586388889,36.1486961388882,0</coordinates>
        </Point>
      </Placemark>
      <Placemark>
        <name>△ 한산449</name>
        <description><![CDATA[<b>삼각점</b><br>명칭: 한산449<br>위도: 36.110645°N<br>경도: 126.758523°E<br><br><a href="https://map.naver.com/v5/search/36.1106449722216,126.758522777778">📍 네이버 지도</a>]]></description>
        <styleUrl>#삼각점_style</styleUrl>
        <Point>
          <coordinates>126.758522777778,36.1106449722216,0</coordinates>
        </Point>
      </Placemark>
      <Placemark>
        <name>△ 한산451</name>
        <description><![CDATA[<b>삼각점</b><br>명칭: 한산451<br>위도: 36.144137°N<br>경도: 126.754533°E<br><br><a href="https://map.naver.com/v5/search/36.1441369722216,126.754532694444">📍 네이버 지도</a>]]></description>
        <styleUrl>#삼각점_style</styleUrl>
        <Point>
          <coordinates>126.754532694444,36.1441369722216,0</coordinates>
        </Point>
      </Placemark>
      <Placemark>
        <name>△ 한산452</name>
        <description><![CDATA[<b>삼각점</b><br>명칭: 한산452<br>위도: 36.130319°N<br>경도: 126.763269°E<br><br><a href="https://map.naver.com/v5/search/36.1303189722216,126.763268583333">📍 네이버 지도</a>]]></description>
        <styleUrl>#삼각점_style</styleUrl>
        <Point>
          <coordinates>126.763268583333,36.1303189722216,0</coordinates>
        </Point>
      </Placemark>
      <Placemark>
        <name>△ 한산454</name>
        <description><![CDATA[<b>삼각점</b><br>명칭: 한산454<br>위도: 36.049286°N<br>경도: 126.759038°E<br><br><a href="https://map.naver.com/v5/search/36.0492860833327,126.759038277778">📍 네이버 지도</a>]]></description>
        <styleUrl>#삼각점_style</styleUrl>
        <Point>
          <coordinates>126.759038277778,36.0492860833327,0</coordinates>
        </Point>
      </Placemark>
      <Placemark>
        <name>△ 한산455</name>
        <description><![CDATA[<b>삼각점</b><br>명칭: 한산455<br>위도: 36.016129°N<br>경도: 126.764223°E<br><br><a href="https://map.naver.com/v5/search/36.0161290555549,126.76422275">📍 네이버 지도</a>]]></description>
        <styleUrl>#삼각점_style</styleUrl>
        <Point>
          <coordinates>126.76422275,36.0161290555549,0</coordinates>
        </Point>
      </Placemark>
      <Placemark>
        <name>△ 한산456</name>
        <description><![CDATA[<b>삼각점</b><br>명칭: 한산456<br>위도: 36.040242°N<br>경도: 126.785607°E<br><br><a href="https://map.naver.com/v5/search/36.0402422777771,126.785607111111">📍 네이버 지도</a>]]></description>
        <styleUrl>#삼각점_style</styleUrl>
        <Point>
          <coordinates>126.785607111111,36.0402422777771,0</coordinates>
        </Point>
      </Placemark>
      <Placemark>
        <name>△ 한산458</name>
        <description><![CDATA[<b>삼각점</b><br>명칭: 한산458<br>위도: 36.076779°N<br>경도: 126.812407°E<br><br><a href="https://map.naver.com/v5/search/36.0767785277771,126.812407305556">📍 네이버 지도</a>]]></description>
        <styleUrl>#삼각점_style</styleUrl>
        <Point>
          <coordinates>126.812407305556,36.0767785277771,0</coordinates>
        </Point>
      </Placemark>
      <Placemark>
        <name>△ 한산459</name>
        <description><![CDATA[<b>삼각점</b><br>명칭: 한산459<br>위도: 36.018765°N<br>경도: 126.840203°E<br><br><a href="https://map.naver.com/v5/search/36.0187648333327,126.840202527778">📍 네이버 지도</a>]]></description>
        <styleUrl>#삼각점_style</styleUrl>
        <Point>
          <coordinates>126.840202527778,36.0187648333327,0</coordinates>
        </Point>
      </Placemark>
      <Placemark>
        <name>△ 한산460</name>
        <description><![CDATA[<b>삼각점</b><br>명칭: 한산460<br>위도: 36.035330°N<br>경도: 126.835372°E<br><br><a href="https://map.naver.com/v5/search/36.0353296944438,126.835372">📍 네이버 지도</a>]]></description>
        <styleUrl>#삼각점_style</styleUrl>
        <Point>
          <coordinates>126.835372,36.0353296944438,0</coordinates>
        </Point>
      </Placemark>
      <Placemark>
        <name>△ 한산461</name>
        <description><![CDATA[<b>삼각점</b><br>명칭: 한산461<br>위도: 36.062917°N<br>경도: 126.844347°E<br><br><a href="https://map.naver.com/v5/search/36.0629165277771,126.844347083333">📍 네이버 지도</a>]]></description>
        <styleUrl>#삼각점_style</styleUrl>
        <Point>
          <coordinates>126.844347083333,36.0629165277771,0</coordinates>
        </Point>
      </Placemark>
      <Placemark>
        <name>△ 한산462</name>
        <description><![CDATA[<b>삼각점</b><br>명칭: 한산462<br>위도: 36.014223°N<br>경도: 126.854916°E<br><br><a href="https://map.naver.com/v5/search/36.0142229999993,126.854915527778">📍 네이버 지도</a>]]></description>
        <styleUrl>#삼각점_style</styleUrl>
        <Point>
          <coordinates>126.854915527778,36.0142229999993,0</coordinates>
        </Point>
      </Placemark>
      <Placemark>
        <name>△ 한산463</name>
        <description><![CDATA[<b>삼각점</b><br>명칭: 한산463<br>위도: 36.081846°N<br>경도: 126.859091°E<br><br><a href="https://map.naver.com/v5/search/36.0818456111104,126.859091">📍 네이버 지도</a>]]></description>
        <styleUrl>#삼각점_style</styleUrl>
        <Point>
          <coordinates>126.859091,36.0818456111104,0</coordinates>
        </Point>
      </Placemark>
      <Placemark>
        <name>△ 한산466</name>
        <description><![CDATA[<b>삼각점</b><br>명칭: 한산466<br>위도: 36.032481°N<br>경도: 126.893865°E<br><br><a href="https://map.naver.com/v5/search/36.0324805833326,126.893865222222">📍 네이버 지도</a>]]></description>
        <styleUrl>#삼각점_style</styleUrl>
        <Point>
          <coordinates>126.893865222222,36.0324805833326,0</coordinates>
        </Point>
      </Placemark>
      <Placemark>
        <name>△ 한산467</name>
        <description><![CDATA[<b>삼각점</b><br>명칭: 한산467<br>위도: 36.066389°N<br>경도: 126.900724°E<br><br><a href="https://map.naver.com/v5/search/36.0663887222215,126.900723944444">📍 네이버 지도</a>]]></description>
        <styleUrl>#삼각점_style</styleUrl>
        <Point>
          <coordinates>126.900723944444,36.0663887222215,0</coordinates>
        </Point>
      </Placemark>
      <Placemark>
        <name>△ 한산468</name>
        <description><![CDATA[<b>삼각점</b><br>명칭: 한산468<br>위도: 36.053114°N<br>경도: 126.902078°E<br><br><a href="https://map.naver.com/v5/search/36.0531143611104,126.902077527778">📍 네이버 지도</a>]]></description>
        <styleUrl>#삼각점_style</styleUrl>
        <Point>
          <coordinates>126.902077527778,36.0531143611104,0</coordinates>
        </Point>
      </Placemark>
      <Placemark>
        <name>△ 한산470</name>
        <description><![CDATA[<b>삼각점</b><br>명칭: 한산470<br>위도: 36.043171°N<br>경도: 126.926191°E<br><br><a href="https://map.naver.com/v5/search/36.043170916666,126.926191333333">📍 네이버 지도</a>]]></description>
        <styleUrl>#삼각점_style</styleUrl>
        <Point>
          <coordinates>126.926191333333,36.043170916666,0</coordinates>
        </Point>
      </Placemark>
      <Placemark>
        <name>△ 한산471</name>
        <description><![CDATA[<b>삼각점</b><br>명칭: 한산471<br>위도: 36.077854°N<br>경도: 126.925030°E<br><br><a href="https://map.naver.com/v5/search/36.0778535555549,126.925030027778">📍 네이버 지도</a>]]></description>
        <styleUrl>#삼각점_style</styleUrl>
        <Point>
          <coordinates>126.925030027778,36.0778535555549,0</coordinates>
        </Point>
      </Placemark>
      <Placemark>
        <name>△ 한산473</name>
        <description><![CDATA[<b>삼각점</b><br>명칭: 한산473<br>위도: 36.073838°N<br>경도: 126.956509°E<br><br><a href="https://map.naver.com/v5/search/36.0738383055549,126.956508583333">📍 네이버 지도</a>]]></description>
        <styleUrl>#삼각점_style</styleUrl>
        <Point>
          <coordinates>126.956508583333,36.0738383055549,0</coordinates>
        </Point>
      </Placemark>
      <Placemark>
        <name>△ 한산474</name>
        <description><![CDATA[<b>삼각점</b><br>명칭: 한산474<br>위도: 36.044450°N<br>경도: 126.967557°E<br><br><a href="https://map.naver.com/v5/search/36.0444503055549,126.967556972222">📍 네이버 지도</a>]]></description>
        <styleUrl>#삼각점_style</styleUrl>
        <Point>
          <coordinates>126.967556972222,36.0444503055549,0</coordinates>
        </Point>
      </Placemark>
      <Placemark>
        <name>△ 한산475</name>
        <description><![CDATA[<b>삼각점</b><br>명칭: 한산475<br>위도: 36.029611°N<br>경도: 126.974091°E<br><br><a href="https://map.naver.com/v5/search/36.0296111944438,126.974090777778">📍 네이버 지도</a>]]></description>
        <styleUrl>#삼각점_style</styleUrl>
        <Point>
          <coordinates>126.974090777778,36.0296111944438,0</coordinates>
        </Point>
      </Placemark>
      <Placemark>
        <name>△ 금산447</name>
        <description><![CDATA[<b>삼각점</b><br>명칭: 금산447<br>위도: 36.063157°N<br>경도: 127.249212°E<br><br><a href="https://map.naver.com/v5/search/36.063156916666,127.249212083333">📍 네이버 지도</a>]]></description>
        <styleUrl>#삼각점_style</styleUrl>
        <Point>
          <coordinates>127.249212083333,36.063156916666,0</coordinates>
        </Point>
      </Placemark>
      <Placemark>
        <name>△ 논산11</name>
        <description><![CDATA[<b>삼각점</b><br>명칭: 논산11<br>위도: 36.025305°N<br>경도: 127.039541°E<br><br><a href="https://map.naver.com/v5/search/36.0253049999993,127.039541083333">📍 네이버 지도</a>]]></description>
        <styleUrl>#삼각점_style</styleUrl>
        <Point>
          <coordinates>127.039541083333,36.0253049999993,0</coordinates>
        </Point>
      </Placemark>
      <Placemark>
        <name>△ 논산24</name>
        <description><![CDATA[<b>삼각점</b><br>명칭: 논산24<br>위도: 36.112037°N<br>경도: 127.151897°E<br><br><a href="https://map.naver.com/v5/search/36.1120367777771,127.151896666667">📍 네이버 지도</a>]]></description>
        <styleUrl>#삼각점_style</styleUrl>
        <Point>
          <coordinates>127.151896666667,36.1120367777771,0</coordinates>
        </Point>
      </Placemark>
      <Placemark>
        <name>△ 논산25</name>
        <description><![CDATA[<b>삼각점</b><br>명칭: 논산25<br>위도: 36.150897°N<br>경도: 127.016345°E<br><br><a href="https://map.naver.com/v5/search/36.1508973055549,127.016345027778">📍 네이버 지도</a>]]></description>
        <styleUrl>#삼각점_style</styleUrl>
        <Point>
          <coordinates>127.016345027778,36.1508973055549,0</coordinates>
        </Point>
      </Placemark>
      <Placemark>
        <name>△ 논산308</name>
        <description><![CDATA[<b>삼각점</b><br>명칭: 논산308<br>위도: 36.096474°N<br>경도: 127.204517°E<br><br><a href="https://map.naver.com/v5/search/36.0964740833327,127.204517333333">📍 네이버 지도</a>]]></description>
        <styleUrl>#삼각점_style</styleUrl>
        <Point>
          <coordinates>127.204517333333,36.0964740833327,0</coordinates>
        </Point>
      </Placemark>
      <Placemark>
        <name>△ 논산309</name>
        <description><![CDATA[<b>삼각점</b><br>명칭: 논산309<br>위도: 36.148778°N<br>경도: 127.200776°E<br><br><a href="https://map.naver.com/v5/search/36.1487781111105,127.200776305556">📍 네이버 지도</a>]]></description>
        <styleUrl>#삼각점_style</styleUrl>
        <Point>
          <coordinates>127.200776305556,36.1487781111105,0</coordinates>
        </Point>
      </Placemark>
      <Placemark>
        <name>△ 논산310</name>
        <description><![CDATA[<b>삼각점</b><br>명칭: 논산310<br>위도: 36.152259°N<br>경도: 127.133105°E<br><br><a href="https://map.naver.com/v5/search/36.1522587499994,127.133104694444">📍 네이버 지도</a>]]></description>
        <styleUrl>#삼각점_style</styleUrl>
        <Point>
          <coordinates>127.133104694444,36.1522587499994,0</coordinates>
        </Point>
      </Placemark>
      <Placemark>
        <name>△ 논산312</name>
        <description><![CDATA[<b>삼각점</b><br>명칭: 논산312<br>위도: 36.015426°N<br>경도: 127.000113°E<br><br><a href="https://map.naver.com/v5/search/36.0154256944438,127.000112583333">📍 네이버 지도</a>]]></description>
        <styleUrl>#삼각점_style</styleUrl>
        <Point>
          <coordinates>127.000112583333,36.0154256944438,0</coordinates>
        </Point>
      </Placemark>
      <Placemark>
        <name>△ 논산313</name>
        <description><![CDATA[<b>삼각점</b><br>명칭: 논산313<br>위도: 36.076044°N<br>경도: 127.049065°E<br><br><a href="https://map.naver.com/v5/search/36.0760443611104,127.049065111111">📍 네이버 지도</a>]]></description>
        <styleUrl>#삼각점_style</styleUrl>
        <Point>
          <coordinates>127.049065111111,36.0760443611104,0</coordinates>
        </Point>
      </Placemark>
      <Placemark>
        <name>△ 논산314</name>
        <description><![CDATA[<b>삼각점</b><br>명칭: 논산314<br>위도: 36.043575°N<br>경도: 127.129265°E<br><br><a href="https://map.naver.com/v5/search/36.0435748611104,127.129264555556">📍 네이버 지도</a>]]></description>
        <styleUrl>#삼각점_style</styleUrl>
        <Point>
          <coordinates>127.129264555556,36.0435748611104,0</coordinates>
        </Point>
      </Placemark>
      <Placemark>
        <name>△ 논산315</name>
        <description><![CDATA[<b>삼각점</b><br>명칭: 논산315<br>위도: 36.010059°N<br>경도: 127.168763°E<br><br><a href="https://map.naver.com/v5/search/36.0100589722215,127.168763305556">📍 네이버 지도</a>]]></description>
        <styleUrl>#삼각점_style</styleUrl>
        <Point>
          <coordinates>127.168763305556,36.0100589722215,0</coordinates>
        </Point>
      </Placemark>
      <Placemark>
        <name>△ 논산316</name>
        <description><![CDATA[<b>삼각점</b><br>명칭: 논산316<br>위도: 36.043232°N<br>경도: 127.201647°E<br><br><a href="https://map.naver.com/v5/search/36.0432316944438,127.201646527778">📍 네이버 지도</a>]]></description>
        <styleUrl>#삼각점_style</styleUrl>
        <Point>
          <coordinates>127.201646527778,36.0432316944438,0</coordinates>
        </Point>
      </Placemark>
      <Placemark>
        <name>△ 논산427</name>
        <description><![CDATA[<b>삼각점</b><br>명칭: 논산427<br>위도: 36.108922°N<br>경도: 127.243326°E<br><br><a href="https://map.naver.com/v5/search/36.108922166666,127.243326027778">📍 네이버 지도</a>]]></description>
        <styleUrl>#삼각점_style</styleUrl>
        <Point>
          <coordinates>127.243326027778,36.108922166666,0</coordinates>
        </Point>
      </Placemark>
      <Placemark>
        <name>△ 논산428</name>
        <description><![CDATA[<b>삼각점</b><br>명칭: 논산428<br>위도: 36.138891°N<br>경도: 127.224188°E<br><br><a href="https://map.naver.com/v5/search/36.1388912222216,127.22418825">📍 네이버 지도</a>]]></description>
        <styleUrl>#삼각점_style</styleUrl>
        <Point>
          <coordinates>127.22418825,36.1388912222216,0</coordinates>
        </Point>
      </Placemark>
      <Placemark>
        <name>△ 논산430</name>
        <description><![CDATA[<b>삼각점</b><br>명칭: 논산430<br>위도: 36.120982°N<br>경도: 127.209084°E<br><br><a href="https://map.naver.com/v5/search/36.1209815277771,127.209083805556">📍 네이버 지도</a>]]></description>
        <styleUrl>#삼각점_style</styleUrl>
        <Point>
          <coordinates>127.209083805556,36.1209815277771,0</coordinates>
        </Point>
      </Placemark>
      <Placemark>
        <name>△ 논산431</name>
        <description><![CDATA[<b>삼각점</b><br>명칭: 논산431<br>위도: 36.131541°N<br>경도: 127.189150°E<br><br><a href="https://map.naver.com/v5/search/36.1315409444438,127.18915">📍 네이버 지도</a>]]></description>
        <styleUrl>#삼각점_style</styleUrl>
        <Point>
          <coordinates>127.18915,36.1315409444438,0</coordinates>
        </Point>
      </Placemark>
      <Placemark>
        <name>△ 논산432</name>
        <description><![CDATA[<b>삼각점</b><br>명칭: 논산432<br>위도: 36.106927°N<br>경도: 127.178050°E<br><br><a href="https://map.naver.com/v5/search/36.1069270833327,127.178050277778">📍 네이버 지도</a>]]></description>
        <styleUrl>#삼각점_style</styleUrl>
        <Point>
          <coordinates>127.178050277778,36.1069270833327,0</coordinates>
        </Point>
      </Placemark>
      <Placemark>
        <name>△ 논산435</name>
        <description><![CDATA[<b>삼각점</b><br>명칭: 논산435<br>위도: 36.131948°N<br>경도: 127.134234°E<br><br><a href="https://map.naver.com/v5/search/36.1319482777771,127.134233527778">📍 네이버 지도</a>]]></description>
        <styleUrl>#삼각점_style</styleUrl>
        <Point>
          <coordinates>127.134233527778,36.1319482777771,0</coordinates>
        </Point>
      </Placemark>
      <Placemark>
        <name>△ 논산436</name>
        <description><![CDATA[<b>삼각점</b><br>명칭: 논산436<br>위도: 36.103970°N<br>경도: 127.130856°E<br><br><a href="https://map.naver.com/v5/search/36.1039698888882,127.130856444444">📍 네이버 지도</a>]]></description>
        <styleUrl>#삼각점_style</styleUrl>
        <Point>
          <coordinates>127.130856444444,36.1039698888882,0</coordinates>
        </Point>
      </Placemark>
      <Placemark>
        <name>△ 논산438</name>
        <description><![CDATA[<b>삼각점</b><br>명칭: 논산438<br>위도: 36.122723°N<br>경도: 127.123831°E<br><br><a href="https://map.naver.com/v5/search/36.1227227777771,127.123830611111">📍 네이버 지도</a>]]></description>
        <styleUrl>#삼각점_style</styleUrl>
        <Point>
          <coordinates>127.123830611111,36.1227227777771,0</coordinates>
        </Point>
      </Placemark>
      <Placemark>
        <name>△ 논산439</name>
        <description><![CDATA[<b>삼각점</b><br>명칭: 논산439<br>위도: 36.140892°N<br>경도: 127.102687°E<br><br><a href="https://map.naver.com/v5/search/36.1408915555549,127.102687277778">📍 네이버 지도</a>]]></description>
        <styleUrl>#삼각점_style</styleUrl>
        <Point>
          <coordinates>127.102687277778,36.1408915555549,0</coordinates>
        </Point>
      </Placemark>
      <Placemark>
        <name>△ 논산441</name>
        <description><![CDATA[<b>삼각점</b><br>명칭: 논산441<br>위도: 36.097871°N<br>경도: 127.083202°E<br><br><a href="https://map.naver.com/v5/search/36.0978713611104,127.083202333333">📍 네이버 지도</a>]]></description>
        <styleUrl>#삼각점_style</styleUrl>
        <Point>
          <coordinates>127.083202333333,36.0978713611104,0</coordinates>
        </Point>
      </Placemark>
      <Placemark>
        <name>△ 논산442</name>
        <description><![CDATA[<b>삼각점</b><br>명칭: 논산442<br>위도: 36.136503°N<br>경도: 127.069586°E<br><br><a href="https://map.naver.com/v5/search/36.1365026111105,127.069586">📍 네이버 지도</a>]]></description>
        <styleUrl>#삼각점_style</styleUrl>
        <Point>
          <coordinates>127.069586,36.1365026111105,0</coordinates>
        </Point>
      </Placemark>
      <Placemark>
        <name>△ 논산446</name>
        <description><![CDATA[<b>삼각점</b><br>명칭: 논산446<br>위도: 36.094302°N<br>경도: 127.040245°E<br><br><a href="https://map.naver.com/v5/search/36.0943016944438,127.040245416667">📍 네이버 지도</a>]]></description>
        <styleUrl>#삼각점_style</styleUrl>
        <Point>
          <coordinates>127.040245416667,36.0943016944438,0</coordinates>
        </Point>
      </Placemark>
      <Placemark>
        <name>△ 논산452</name>
        <description><![CDATA[<b>삼각점</b><br>명칭: 논산452<br>위도: 36.051130°N<br>경도: 127.012224°E<br><br><a href="https://map.naver.com/v5/search/36.0511304999993,127.012223805556">📍 네이버 지도</a>]]></description>
        <styleUrl>#삼각점_style</styleUrl>
        <Point>
          <coordinates>127.012223805556,36.0511304999993,0</coordinates>
        </Point>
      </Placemark>
      <Placemark>
        <name>△ 논산453</name>
        <description><![CDATA[<b>삼각점</b><br>명칭: 논산453<br>위도: 36.079781°N<br>경도: 127.026951°E<br><br><a href="https://map.naver.com/v5/search/36.0797811388882,127.026951194444">📍 네이버 지도</a>]]></description>
        <styleUrl>#삼각점_style</styleUrl>
        <Point>
          <coordinates>127.026951194444,36.0797811388882,0</coordinates>
        </Point>
      </Placemark>
      <Placemark>
        <name>△ 논산455</name>
        <description><![CDATA[<b>삼각점</b><br>명칭: 논산455<br>위도: 36.009676°N<br>경도: 127.066548°E<br><br><a href="https://map.naver.com/v5/search/36.0096760833326,127.066548222222">📍 네이버 지도</a>]]></description>
        <styleUrl>#삼각점_style</styleUrl>
        <Point>
          <coordinates>127.066548222222,36.0096760833326,0</coordinates>
        </Point>
      </Placemark>
      <Placemark>
        <name>△ 논산456</name>
        <description><![CDATA[<b>삼각점</b><br>명칭: 논산456<br>위도: 36.030916°N<br>경도: 127.070179°E<br><br><a href="https://map.naver.com/v5/search/36.0309158333326,127.07017925">📍 네이버 지도</a>]]></description>
        <styleUrl>#삼각점_style</styleUrl>
        <Point>
          <coordinates>127.07017925,36.0309158333326,0</coordinates>
        </Point>
      </Placemark>
      <Placemark>
        <name>△ 논산459</name>
        <description><![CDATA[<b>삼각점</b><br>명칭: 논산459<br>위도: 36.048392°N<br>경도: 127.098321°E<br><br><a href="https://map.naver.com/v5/search/36.0483915833327,127.098321305556">📍 네이버 지도</a>]]></description>
        <styleUrl>#삼각점_style</styleUrl>
        <Point>
          <coordinates>127.098321305556,36.0483915833327,0</coordinates>
        </Point>
      </Placemark>
      <Placemark>
        <name>△ 논산460</name>
        <description><![CDATA[<b>삼각점</b><br>명칭: 논산460<br>위도: 36.028421°N<br>경도: 127.099327°E<br><br><a href="https://map.naver.com/v5/search/36.028420916666,127.099327305556">📍 네이버 지도</a>]]></description>
        <styleUrl>#삼각점_style</styleUrl>
        <Point>
          <coordinates>127.099327305556,36.028420916666,0</coordinates>
        </Point>
      </Placemark>
      <Placemark>
        <name>△ 논산461</name>
        <description><![CDATA[<b>삼각점</b><br>명칭: 논산461<br>위도: 36.073413°N<br>경도: 127.106098°E<br><br><a href="https://map.naver.com/v5/search/36.0734133611104,127.106097972222">📍 네이버 지도</a>]]></description>
        <styleUrl>#삼각점_style</styleUrl>
        <Point>
          <coordinates>127.106097972222,36.0734133611104,0</coordinates>
        </Point>
      </Placemark>
      <Placemark>
        <name>△ 논산462</name>
        <description><![CDATA[<b>삼각점</b><br>명칭: 논산462<br>위도: 36.011882°N<br>경도: 127.125064°E<br><br><a href="https://map.naver.com/v5/search/36.0118823888882,127.125064027778">📍 네이버 지도</a>]]></description>
        <styleUrl>#삼각점_style</styleUrl>
        <Point>
          <coordinates>127.125064027778,36.0118823888882,0</coordinates>
        </Point>
      </Placemark>
      <Placemark>
        <name>△ 논산463</name>
        <description><![CDATA[<b>삼각점</b><br>명칭: 논산463<br>위도: 36.081590°N<br>경도: 127.133700°E<br><br><a href="https://map.naver.com/v5/search/36.0815895555549,127.133700083333">📍 네이버 지도</a>]]></description>
        <styleUrl>#삼각점_style</styleUrl>
        <Point>
          <coordinates>127.133700083333,36.0815895555549,0</coordinates>
        </Point>
      </Placemark>
      <Placemark>
        <name>△ 논산464</name>
        <description><![CDATA[<b>삼각점</b><br>명칭: 논산464<br>위도: 36.064102°N<br>경도: 127.147783°E<br><br><a href="https://map.naver.com/v5/search/36.0641021388882,127.147783166667">📍 네이버 지도</a>]]></description>
        <styleUrl>#삼각점_style</styleUrl>
        <Point>
          <coordinates>127.147783166667,36.0641021388882,0</coordinates>
        </Point>
      </Placemark>
      <Placemark>
        <name>△ 논산465</name>
        <description><![CDATA[<b>삼각점</b><br>명칭: 논산465<br>위도: 36.084797°N<br>경도: 127.155205°E<br><br><a href="https://map.naver.com/v5/search/36.0847966388882,127.155205305556">📍 네이버 지도</a>]]></description>
        <styleUrl>#삼각점_style</styleUrl>
        <Point>
          <coordinates>127.155205305556,36.0847966388882,0</coordinates>
        </Point>
      </Placemark>
      <Placemark>
        <name>△ 논산466</name>
        <description><![CDATA[<b>삼각점</b><br>명칭: 논산466<br>위도: 36.038975°N<br>경도: 127.160731°E<br><br><a href="https://map.naver.com/v5/search/36.0389749722215,127.160730722222">📍 네이버 지도</a>]]></description>
        <styleUrl>#삼각점_style</styleUrl>
        <Point>
          <coordinates>127.160730722222,36.0389749722215,0</coordinates>
        </Point>
      </Placemark>
      <Placemark>
        <name>△ 논산467</name>
        <description><![CDATA[<b>삼각점</b><br>명칭: 논산467<br>위도: 36.049578°N<br>경도: 127.182722°E<br><br><a href="https://map.naver.com/v5/search/36.0495775833327,127.182722111111">📍 네이버 지도</a>]]></description>
        <styleUrl>#삼각점_style</styleUrl>
        <Point>
          <coordinates>127.182722111111,36.0495775833327,0</coordinates>
        </Point>
      </Placemark>
      <Placemark>
        <name>△ 논산468</name>
        <description><![CDATA[<b>삼각점</b><br>명칭: 논산468<br>위도: 36.076873°N<br>경도: 127.185255°E<br><br><a href="https://map.naver.com/v5/search/36.0768726944438,127.185255166667">📍 네이버 지도</a>]]></description>
        <styleUrl>#삼각점_style</styleUrl>
        <Point>
          <coordinates>127.185255166667,36.0768726944438,0</coordinates>
        </Point>
      </Placemark>
      <Placemark>
        <name>△ 논산469</name>
        <description><![CDATA[<b>삼각점</b><br>명칭: 논산469<br>위도: 36.029520°N<br>경도: 127.187096°E<br><br><a href="https://map.naver.com/v5/search/36.0295198055549,127.187096305556">📍 네이버 지도</a>]]></description>
        <styleUrl>#삼각점_style</styleUrl>
        <Point>
          <coordinates>127.187096305556,36.0295198055549,0</coordinates>
        </Point>
      </Placemark>
      <Placemark>
        <name>△ 논산470</name>
        <description><![CDATA[<b>삼각점</b><br>명칭: 논산470<br>위도: 36.072598°N<br>경도: 127.213468°E<br><br><a href="https://map.naver.com/v5/search/36.0725984444438,127.213467555556">📍 네이버 지도</a>]]></description>
        <styleUrl>#삼각점_style</styleUrl>
        <Point>
          <coordinates>127.213467555556,36.0725984444438,0</coordinates>
        </Point>
      </Placemark>
      <Placemark>
        <name>△ 논산471</name>
        <description><![CDATA[<b>삼각점</b><br>명칭: 논산471<br>위도: 36.085839°N<br>경도: 127.228631°E<br><br><a href="https://map.naver.com/v5/search/36.0858393055549,127.228630666667">📍 네이버 지도</a>]]></description>
        <styleUrl>#삼각점_style</styleUrl>
        <Point>
          <coordinates>127.228630666667,36.0858393055549,0</coordinates>
        </Point>
      </Placemark>
      <Placemark>
        <name>△ 논산472</name>
        <description><![CDATA[<b>삼각점</b><br>명칭: 논산472<br>위도: 36.040892°N<br>경도: 127.228538°E<br><br><a href="https://map.naver.com/v5/search/36.0408922499993,127.228537944444">📍 네이버 지도</a>]]></description>
        <styleUrl>#삼각점_style</styleUrl>
        <Point>
          <coordinates>127.228537944444,36.0408922499993,0</coordinates>
        </Point>
      </Placemark>
      <Placemark>
        <name>△ 논산473</name>
        <description><![CDATA[<b>삼각점</b><br>명칭: 논산473<br>위도: 36.014419°N<br>경도: 127.234981°E<br><br><a href="https://map.naver.com/v5/search/36.0144191944438,127.234981472222">📍 네이버 지도</a>]]></description>
        <styleUrl>#삼각점_style</styleUrl>
        <Point>
          <coordinates>127.234981472222,36.0144191944438,0</coordinates>
        </Point>
      </Placemark>
      <Placemark>
        <name>△ 전주403</name>
        <description><![CDATA[<b>삼각점</b><br>명칭: 전주403<br>위도: 36.001598°N<br>경도: 127.028013°E<br><br><a href="https://map.naver.com/v5/search/36.0015977222215,127.028013111111">📍 네이버 지도</a>]]></description>
        <styleUrl>#삼각점_style</styleUrl>
        <Point>
          <coordinates>127.028013111111,36.0015977222215,0</coordinates>
        </Point>
      </Placemark>
      <Placemark>
        <name>△ 전주424</name>
        <description><![CDATA[<b>삼각점</b><br>명칭: 전주424<br>위도: 36.001606°N<br>경도: 127.207352°E<br><br><a href="https://map.naver.com/v5/search/36.0016064722215,127.207351805556">📍 네이버 지도</a>]]></description>
        <styleUrl>#삼각점_style</styleUrl>
        <Point>
          <coordinates>127.207351805556,36.0016064722215,0</coordinates>
        </Point>
      </Placemark>
      <Placemark>
        <name>△ 금산23</name>
        <description><![CDATA[<b>삼각점</b><br>명칭: 금산23<br>위도: 36.134723°N<br>경도: 127.401738°E<br><br><a href="https://map.naver.com/v5/search/36.1347225555549,127.401738361111">📍 네이버 지도</a>]]></description>
        <styleUrl>#삼각점_style</styleUrl>
        <Point>
          <coordinates>127.401738361111,36.1347225555549,0</coordinates>
        </Point>
      </Placemark>
      <Placemark>
        <name>△ 금산24</name>
        <description><![CDATA[<b>삼각점</b><br>명칭: 금산24<br>위도: 36.124590°N<br>경도: 127.320471°E<br><br><a href="https://map.naver.com/v5/search/36.1245895277771,127.320470944444">📍 네이버 지도</a>]]></description>
        <styleUrl>#삼각점_style</styleUrl>
        <Point>
          <coordinates>127.320470944444,36.1245895277771,0</coordinates>
        </Point>
      </Placemark>
      <Placemark>
        <name>△ 금산25</name>
        <description><![CDATA[<b>삼각점</b><br>명칭: 금산25<br>위도: 36.015257°N<br>경도: 127.284145°E<br><br><a href="https://map.naver.com/v5/search/36.0152573611104,127.284144944444">📍 네이버 지도</a>]]></description>
        <styleUrl>#삼각점_style</styleUrl>
        <Point>
          <coordinates>127.284144944444,36.0152573611104,0</coordinates>
        </Point>
      </Placemark>
      <Placemark>
        <name>△ 금산26</name>
        <description><![CDATA[<b>삼각점</b><br>명칭: 금산26<br>위도: 36.077901°N<br>경도: 127.458404°E<br><br><a href="https://map.naver.com/v5/search/36.0779009444438,127.458404472222">📍 네이버 지도</a>]]></description>
        <styleUrl>#삼각점_style</styleUrl>
        <Point>
          <coordinates>127.458404472222,36.0779009444438,0</coordinates>
        </Point>
      </Placemark>
      <Placemark>
        <name>△ 금산307</name>
        <description><![CDATA[<b>삼각점</b><br>명칭: 금산307<br>위도: 36.114875°N<br>경도: 127.477439°E<br><br><a href="https://map.naver.com/v5/search/36.1148754999993,127.477438805556">📍 네이버 지도</a>]]></description>
        <styleUrl>#삼각점_style</styleUrl>
        <Point>
          <coordinates>127.477438805556,36.1148754999993,0</coordinates>
        </Point>
      </Placemark>
      <Placemark>
        <name>△ 금산309</name>
        <description><![CDATA[<b>삼각점</b><br>명칭: 금산309<br>위도: 36.090668°N<br>경도: 127.401947°E<br><br><a href="https://map.naver.com/v5/search/36.0906678611104,127.401947333333">📍 네이버 지도</a>]]></description>
        <styleUrl>#삼각점_style</styleUrl>
        <Point>
          <coordinates>127.401947333333,36.0906678611104,0</coordinates>
        </Point>
      </Placemark>
      <Placemark>
        <name>△ 금산310</name>
        <description><![CDATA[<b>삼각점</b><br>명칭: 금산310<br>위도: 36.110808°N<br>경도: 127.353536°E<br><br><a href="https://map.naver.com/v5/search/36.1108083888882,127.353536305556">📍 네이버 지도</a>]]></description>
        <styleUrl>#삼각점_style</styleUrl>
        <Point>
          <coordinates>127.353536305556,36.1108083888882,0</coordinates>
        </Point>
      </Placemark>
      <Placemark>
        <name>△ 금산311</name>
        <description><![CDATA[<b>삼각점</b><br>명칭: 금산311<br>위도: 36.145893°N<br>경도: 127.276511°E<br><br><a href="https://map.naver.com/v5/search/36.1458929722216,127.276510972222">📍 네이버 지도</a>]]></description>
        <styleUrl>#삼각점_style</styleUrl>
        <Point>
          <coordinates>127.276510972222,36.1458929722216,0</coordinates>
        </Point>
      </Placemark>
      <Placemark>
        <name>△ 금산312</name>
        <description><![CDATA[<b>삼각점</b><br>명칭: 금산312<br>위도: 36.087442°N<br>경도: 127.257037°E<br><br><a href="https://map.naver.com/v5/search/36.0874419444438,127.257036777778">📍 네이버 지도</a>]]></description>
        <styleUrl>#삼각점_style</styleUrl>
        <Point>
          <coordinates>127.257036777778,36.0874419444438,0</coordinates>
        </Point>
      </Placemark>
      <Placemark>
        <name>△ 금산313</name>
        <description><![CDATA[<b>삼각점</b><br>명칭: 금산313<br>위도: 36.050406°N<br>경도: 127.317634°E<br><br><a href="https://map.naver.com/v5/search/36.0504063333327,127.317633583333">📍 네이버 지도</a>]]></description>
        <styleUrl>#삼각점_style</styleUrl>
        <Point>
          <coordinates>127.317633583333,36.0504063333327,0</coordinates>
        </Point>
      </Placemark>
      <Placemark>
        <name>△ 금산314</name>
        <description><![CDATA[<b>삼각점</b><br>명칭: 금산314<br>위도: 36.016220°N<br>경도: 127.330633°E<br><br><a href="https://map.naver.com/v5/search/36.0162198333326,127.330632916667">📍 네이버 지도</a>]]></description>
        <styleUrl>#삼각점_style</styleUrl>
        <Point>
          <coordinates>127.330632916667,36.0162198333326,0</coordinates>
        </Point>
      </Placemark>
      <Placemark>
        <name>△ 금산316</name>
        <description><![CDATA[<b>삼각점</b><br>명칭: 금산316<br>위도: 36.044531°N<br>경도: 127.459323°E<br><br><a href="https://map.naver.com/v5/search/36.0445308611104,127.459323027778">📍 네이버 지도</a>]]></description>
        <styleUrl>#삼각점_style</styleUrl>
        <Point>
          <coordinates>127.459323027778,36.0445308611104,0</coordinates>
        </Point>
      </Placemark>
      <Placemark>
        <name>△ 금산426</name>
        <description><![CDATA[<b>삼각점</b><br>명칭: 금산426<br>위도: 36.095045°N<br>경도: 127.492543°E<br><br><a href="https://map.naver.com/v5/search/36.0950451944438,127.492542805556">📍 네이버 지도</a>]]></description>
        <styleUrl>#삼각점_style</styleUrl>
        <Point>
          <coordinates>127.492542805556,36.0950451944438,0</coordinates>
        </Point>
      </Placemark>
      <Placemark>
        <name>△ 금산427</name>
        <description><![CDATA[<b>삼각점</b><br>명칭: 금산427<br>위도: 36.144344°N<br>경도: 127.489255°E<br><br><a href="https://map.naver.com/v5/search/36.1443443055549,127.489254583333">📍 네이버 지도</a>]]></description>
        <styleUrl>#삼각점_style</styleUrl>
        <Point>
          <coordinates>127.489254583333,36.1443443055549,0</coordinates>
        </Point>
      </Placemark>
      <Placemark>
        <name>△ 금산428</name>
        <description><![CDATA[<b>삼각점</b><br>명칭: 금산428<br>위도: 36.134774°N<br>경도: 127.459750°E<br><br><a href="https://map.naver.com/v5/search/36.1347735833327,127.459750472222">📍 네이버 지도</a>]]></description>
        <styleUrl>#삼각점_style</styleUrl>
        <Point>
          <coordinates>127.459750472222,36.1347735833327,0</coordinates>
        </Point>
      </Placemark>
      <Placemark>
        <name>△ 금산429</name>
        <description><![CDATA[<b>삼각점</b><br>명칭: 금산429<br>위도: 36.104779°N<br>경도: 127.460207°E<br><br><a href="https://map.naver.com/v5/search/36.1047788611105,127.460207194444">📍 네이버 지도</a>]]></description>
        <styleUrl>#삼각점_style</styleUrl>
        <Point>
          <coordinates>127.460207194444,36.1047788611105,0</coordinates>
        </Point>
      </Placemark>
      <Placemark>
        <name>△ 금산430</name>
        <description><![CDATA[<b>삼각점</b><br>명칭: 금산430<br>위도: 36.093319°N<br>경도: 127.442080°E<br><br><a href="https://map.naver.com/v5/search/36.0933194444438,127.442080083333">📍 네이버 지도</a>]]></description>
        <styleUrl>#삼각점_style</styleUrl>
        <Point>
          <coordinates>127.442080083333,36.0933194444438,0</coordinates>
        </Point>
      </Placemark>
      <Placemark>
        <name>△ 금산431</name>
        <description><![CDATA[<b>삼각점</b><br>명칭: 금산431<br>위도: 36.126116°N<br>경도: 127.437843°E<br><br><a href="https://map.naver.com/v5/search/36.1261163055549,127.437842916667">📍 네이버 지도</a>]]></description>
        <styleUrl>#삼각점_style</styleUrl>
        <Point>
          <coordinates>127.437842916667,36.1261163055549,0</coordinates>
        </Point>
      </Placemark>
      <Placemark>
        <name>△ 금산432</name>
        <description><![CDATA[<b>삼각점</b><br>명칭: 금산432<br>위도: 36.139402°N<br>경도: 127.436937°E<br><br><a href="https://map.naver.com/v5/search/36.1394021111105,127.436937">📍 네이버 지도</a>]]></description>
        <styleUrl>#삼각점_style</styleUrl>
        <Point>
          <coordinates>127.436937,36.1394021111105,0</coordinates>
        </Point>
      </Placemark>
      <Placemark>
        <name>△ 금산433</name>
        <description><![CDATA[<b>삼각점</b><br>명칭: 금산433<br>위도: 36.152742°N<br>경도: 127.415541°E<br><br><a href="https://map.naver.com/v5/search/36.1527417222216,127.415541388889">📍 네이버 지도</a>]]></description>
        <styleUrl>#삼각점_style</styleUrl>
        <Point>
          <coordinates>127.415541388889,36.1527417222216,0</coordinates>
        </Point>
      </Placemark>
      <Placemark>
        <name>△ 금산434</name>
        <description><![CDATA[<b>삼각점</b><br>명칭: 금산434<br>위도: 36.148991°N<br>경도: 127.385754°E<br><br><a href="https://map.naver.com/v5/search/36.1489906111105,127.385753555556">📍 네이버 지도</a>]]></description>
        <styleUrl>#삼각점_style</styleUrl>
        <Point>
          <coordinates>127.385753555556,36.1489906111105,0</coordinates>
        </Point>
      </Placemark>
      <Placemark>
        <name>△ 금산435</name>
        <description><![CDATA[<b>삼각점</b><br>명칭: 금산435<br>위도: 36.104066°N<br>경도: 127.374936°E<br><br><a href="https://map.naver.com/v5/search/36.1040655833327,127.374935666667">📍 네이버 지도</a>]]></description>
        <styleUrl>#삼각점_style</styleUrl>
        <Point>
          <coordinates>127.374935666667,36.1040655833327,0</coordinates>
        </Point>
      </Placemark>
      <Placemark>
        <name>△ 금산436</name>
        <description><![CDATA[<b>삼각점</b><br>명칭: 금산436<br>위도: 36.124513°N<br>경도: 127.373635°E<br><br><a href="https://map.naver.com/v5/search/36.1245130555549,127.373634777778">📍 네이버 지도</a>]]></description>
        <styleUrl>#삼각점_style</styleUrl>
        <Point>
          <coordinates>127.373634777778,36.1245130555549,0</coordinates>
        </Point>
      </Placemark>
      <Placemark>
        <name>△ 금산438</name>
        <description><![CDATA[<b>삼각점</b><br>명칭: 금산438<br>위도: 36.136788°N<br>경도: 127.348749°E<br><br><a href="https://map.naver.com/v5/search/36.1367879999993,127.348748583333">📍 네이버 지도</a>]]></description>
        <styleUrl>#삼각점_style</styleUrl>
        <Point>
          <coordinates>127.348748583333,36.1367879999993,0</coordinates>
        </Point>
      </Placemark>
      <Placemark>
        <name>△ 금산439</name>
        <description><![CDATA[<b>삼각점</b><br>명칭: 금산439<br>위도: 36.095595°N<br>경도: 127.330314°E<br><br><a href="https://map.naver.com/v5/search/36.0955954722216,127.330314305556">📍 네이버 지도</a>]]></description>
        <styleUrl>#삼각점_style</styleUrl>
        <Point>
          <coordinates>127.330314305556,36.0955954722216,0</coordinates>
        </Point>
      </Placemark>
      <Placemark>
        <name>△ 금산440</name>
        <description><![CDATA[<b>삼각점</b><br>명칭: 금산440<br>위도: 36.154865°N<br>경도: 127.318750°E<br><br><a href="https://map.naver.com/v5/search/36.1548650555549,127.318750111111">📍 네이버 지도</a>]]></description>
        <styleUrl>#삼각점_style</styleUrl>
        <Point>
          <coordinates>127.318750111111,36.1548650555549,0</coordinates>
        </Point>
      </Placemark>
      <Placemark>
        <name>△ 금산441</name>
        <description><![CDATA[<b>삼각점</b><br>명칭: 금산441<br>위도: 36.125229°N<br>경도: 127.294837°E<br><br><a href="https://map.naver.com/v5/search/36.1252293888882,127.294837472222">📍 네이버 지도</a>]]></description>
        <styleUrl>#삼각점_style</styleUrl>
        <Point>
          <coordinates>127.294837472222,36.1252293888882,0</coordinates>
        </Point>
      </Placemark>
      <Placemark>
        <name>△ 금산442</name>
        <description><![CDATA[<b>삼각점</b><br>명칭: 금산442<br>위도: 36.156008°N<br>경도: 127.293678°E<br><br><a href="https://map.naver.com/v5/search/36.1560080833327,127.293677666667">📍 네이버 지도</a>]]></description>
        <styleUrl>#삼각점_style</styleUrl>
        <Point>
          <coordinates>127.293677666667,36.1560080833327,0</coordinates>
        </Point>
      </Placemark>
      <Placemark>
        <name>△ 금산443</name>
        <description><![CDATA[<b>삼각점</b><br>명칭: 금산443<br>위도: 36.099533°N<br>경도: 127.287207°E<br><br><a href="https://map.naver.com/v5/search/36.0995330277771,127.287206583333">📍 네이버 지도</a>]]></description>
        <styleUrl>#삼각점_style</styleUrl>
        <Point>
          <coordinates>127.287206583333,36.0995330277771,0</coordinates>
        </Point>
      </Placemark>
      <Placemark>
        <name>△ 금산445</name>
        <description><![CDATA[<b>삼각점</b><br>명칭: 금산445<br>위도: 36.116686°N<br>경도: 127.265517°E<br><br><a href="https://map.naver.com/v5/search/36.1166860833327,127.265517361111">📍 네이버 지도</a>]]></description>
        <styleUrl>#삼각점_style</styleUrl>
        <Point>
          <coordinates>127.265517361111,36.1166860833327,0</coordinates>
        </Point>
      </Placemark>
      <Placemark>
        <name>△ 금산446</name>
        <description><![CDATA[<b>삼각점</b><br>명칭: 금산446<br>위도: 36.135104°N<br>경도: 127.251819°E<br><br><a href="https://map.naver.com/v5/search/36.135103666666,127.251819416667">📍 네이버 지도</a>]]></description>
        <styleUrl>#삼각점_style</styleUrl>
        <Point>
          <coordinates>127.251819416667,36.135103666666,0</coordinates>
        </Point>
      </Placemark>
      <Placemark>
        <name>△ 금산448</name>
        <description><![CDATA[<b>삼각점</b><br>명칭: 금산448<br>위도: 36.036993°N<br>경도: 127.256083°E<br><br><a href="https://map.naver.com/v5/search/36.0369933333327,127.256082638889">📍 네이버 지도</a>]]></description>
        <styleUrl>#삼각점_style</styleUrl>
        <Point>
          <coordinates>127.256082638889,36.0369933333327,0</coordinates>
        </Point>
      </Placemark>
      <Placemark>
        <name>△ 금산449</name>
        <description><![CDATA[<b>삼각점</b><br>명칭: 금산449<br>위도: 36.030632°N<br>경도: 127.281134°E<br><br><a href="https://map.naver.com/v5/search/36.0306315555549,127.281134166667">📍 네이버 지도</a>]]></description>
        <styleUrl>#삼각점_style</styleUrl>
        <Point>
          <coordinates>127.281134166667,36.0306315555549,0</coordinates>
        </Point>
      </Placemark>
      <Placemark>
        <name>△ 금산450</name>
        <description><![CDATA[<b>삼각점</b><br>명칭: 금산450<br>위도: 36.053931°N<br>경도: 127.282713°E<br><br><a href="https://map.naver.com/v5/search/36.053930916666,127.282713138889">📍 네이버 지도</a>]]></description>
        <styleUrl>#삼각점_style</styleUrl>
        <Point>
          <coordinates>127.282713138889,36.053930916666,0</coordinates>
        </Point>
      </Placemark>
      <Placemark>
        <name>△ 금산451</name>
        <description><![CDATA[<b>삼각점</b><br>명칭: 금산451<br>위도: 36.072190°N<br>경도: 127.283646°E<br><br><a href="https://map.naver.com/v5/search/36.0721898888882,127.283646388889">📍 네이버 지도</a>]]></description>
        <styleUrl>#삼각점_style</styleUrl>
        <Point>
          <coordinates>127.283646388889,36.0721898888882,0</coordinates>
        </Point>
      </Placemark>
      <Placemark>
        <name>△ 금산452</name>
        <description><![CDATA[<b>삼각점</b><br>명칭: 금산452<br>위도: 36.031028°N<br>경도: 127.307361°E<br><br><a href="https://map.naver.com/v5/search/36.0310284444438,127.307361388889">📍 네이버 지도</a>]]></description>
        <styleUrl>#삼각점_style</styleUrl>
        <Point>
          <coordinates>127.307361388889,36.0310284444438,0</coordinates>
        </Point>
      </Placemark>
      <Placemark>
        <name>△ 금산454</name>
        <description><![CDATA[<b>삼각점</b><br>명칭: 금산454<br>위도: 36.076437°N<br>경도: 127.333548°E<br><br><a href="https://map.naver.com/v5/search/36.0764368055549,127.333548333333">📍 네이버 지도</a>]]></description>
        <styleUrl>#삼각점_style</styleUrl>
        <Point>
          <coordinates>127.333548333333,36.0764368055549,0</coordinates>
        </Point>
      </Placemark>
      <Placemark>
        <name>△ 금산455</name>
        <description><![CDATA[<b>삼각점</b><br>명칭: 금산455<br>위도: 36.031574°N<br>경도: 127.340878°E<br><br><a href="https://map.naver.com/v5/search/36.0315743611104,127.340877805556">📍 네이버 지도</a>]]></description>
        <styleUrl>#삼각점_style</styleUrl>
        <Point>
          <coordinates>127.340877805556,36.0315743611104,0</coordinates>
        </Point>
      </Placemark>
      <Placemark>
        <name>△ 금산456</name>
        <description><![CDATA[<b>삼각점</b><br>명칭: 금산456<br>위도: 36.064135°N<br>경도: 127.347453°E<br><br><a href="https://map.naver.com/v5/search/36.0641351111104,127.347452833333">📍 네이버 지도</a>]]></description>
        <styleUrl>#삼각점_style</styleUrl>
        <Point>
          <coordinates>127.347452833333,36.0641351111104,0</coordinates>
        </Point>
      </Placemark>
      <Placemark>
        <name>△ 금산457</name>
        <description><![CDATA[<b>삼각점</b><br>명칭: 금산457<br>위도: 36.081505°N<br>경도: 127.356880°E<br><br><a href="https://map.naver.com/v5/search/36.0815051388882,127.356879527778">📍 네이버 지도</a>]]></description>
        <styleUrl>#삼각점_style</styleUrl>
        <Point>
          <coordinates>127.356879527778,36.0815051388882,0</coordinates>
        </Point>
      </Placemark>
      <Placemark>
        <name>△ 금산458</name>
        <description><![CDATA[<b>삼각점</b><br>명칭: 금산458<br>위도: 36.018314°N<br>경도: 127.379917°E<br><br><a href="https://map.naver.com/v5/search/36.0183143055549,127.379917166667">📍 네이버 지도</a>]]></description>
        <styleUrl>#삼각점_style</styleUrl>
        <Point>
          <coordinates>127.379917166667,36.0183143055549,0</coordinates>
        </Point>
      </Placemark>
      <Placemark>
        <name>△ 금산459</name>
        <description><![CDATA[<b>삼각점</b><br>명칭: 금산459<br>위도: 36.030498°N<br>경도: 127.379280°E<br><br><a href="https://map.naver.com/v5/search/36.0304975555549,127.379280277778">📍 네이버 지도</a>]]></description>
        <styleUrl>#삼각점_style</styleUrl>
        <Point>
          <coordinates>127.379280277778,36.0304975555549,0</coordinates>
        </Point>
      </Placemark>
      <Placemark>
        <name>△ 금산460</name>
        <description><![CDATA[<b>삼각점</b><br>명칭: 금산460<br>위도: 36.072671°N<br>경도: 127.386450°E<br><br><a href="https://map.naver.com/v5/search/36.0726707222216,127.386450277778">📍 네이버 지도</a>]]></description>
        <styleUrl>#삼각점_style</styleUrl>
        <Point>
          <coordinates>127.386450277778,36.0726707222216,0</coordinates>
        </Point>
      </Placemark>
      <Placemark>
        <name>△ 금산461</name>
        <description><![CDATA[<b>삼각점</b><br>명칭: 금산461<br>위도: 36.013121°N<br>경도: 127.407109°E<br><br><a href="https://map.naver.com/v5/search/36.0131213888882,127.407108722222">📍 네이버 지도</a>]]></description>
        <styleUrl>#삼각점_style</styleUrl>
        <Point>
          <coordinates>127.407108722222,36.0131213888882,0</coordinates>
        </Point>
      </Placemark>
      <Placemark>
        <name>△ 금산462</name>
        <description><![CDATA[<b>삼각점</b><br>명칭: 금산462<br>위도: 36.051714°N<br>경도: 127.407527°E<br><br><a href="https://map.naver.com/v5/search/36.0517143611104,127.407527361111">📍 네이버 지도</a>]]></description>
        <styleUrl>#삼각점_style</styleUrl>
        <Point>
          <coordinates>127.407527361111,36.0517143611104,0</coordinates>
        </Point>
      </Placemark>
      <Placemark>
        <name>△ 금산463</name>
        <description><![CDATA[<b>삼각점</b><br>명칭: 금산463<br>위도: 36.069496°N<br>경도: 127.409044°E<br><br><a href="https://map.naver.com/v5/search/36.0694962499993,127.409043555556">📍 네이버 지도</a>]]></description>
        <styleUrl>#삼각점_style</styleUrl>
        <Point>
          <coordinates>127.409043555556,36.0694962499993,0</coordinates>
        </Point>
      </Placemark>
      <Placemark>
        <name>△ 금산464</name>
        <description><![CDATA[<b>삼각점</b><br>명칭: 금산464<br>위도: 36.034071°N<br>경도: 127.413478°E<br><br><a href="https://map.naver.com/v5/search/36.0340709999993,127.413477611111">📍 네이버 지도</a>]]></description>
        <styleUrl>#삼각점_style</styleUrl>
        <Point>
          <coordinates>127.413477611111,36.0340709999993,0</coordinates>
        </Point>
      </Placemark>
      <Placemark>
        <name>△ 금산465</name>
        <description><![CDATA[<b>삼각점</b><br>명칭: 금산465<br>위도: 36.029451°N<br>경도: 127.434462°E<br><br><a href="https://map.naver.com/v5/search/36.0294505833327,127.434462388889">📍 네이버 지도</a>]]></description>
        <styleUrl>#삼각점_style</styleUrl>
        <Point>
          <coordinates>127.434462388889,36.0294505833327,0</coordinates>
        </Point>
      </Placemark>
      <Placemark>
        <name>△ 금산467</name>
        <description><![CDATA[<b>삼각점</b><br>명칭: 금산467<br>위도: 36.014240°N<br>경도: 127.435495°E<br><br><a href="https://map.naver.com/v5/search/36.0142396388882,127.435494944444">📍 네이버 지도</a>]]></description>
        <styleUrl>#삼각점_style</styleUrl>
        <Point>
          <coordinates>127.435494944444,36.0142396388882,0</coordinates>
        </Point>
      </Placemark>
      <Placemark>
        <name>△ 금산468</name>
        <description><![CDATA[<b>삼각점</b><br>명칭: 금산468<br>위도: 36.053511°N<br>경도: 127.443591°E<br><br><a href="https://map.naver.com/v5/search/36.0535106111104,127.443591444444">📍 네이버 지도</a>]]></description>
        <styleUrl>#삼각점_style</styleUrl>
        <Point>
          <coordinates>127.443591444444,36.0535106111104,0</coordinates>
        </Point>
      </Placemark>
      <Placemark>
        <name>△ 금산469</name>
        <description><![CDATA[<b>삼각점</b><br>명칭: 금산469<br>위도: 36.014543°N<br>경도: 127.465661°E<br><br><a href="https://map.naver.com/v5/search/36.0145432777771,127.465660583333">📍 네이버 지도</a>]]></description>
        <styleUrl>#삼각점_style</styleUrl>
        <Point>
          <coordinates>127.465660583333,36.0145432777771,0</coordinates>
        </Point>
      </Placemark>
      <Placemark>
        <name>△ 금산470</name>
        <description><![CDATA[<b>삼각점</b><br>명칭: 금산470<br>위도: 36.028306°N<br>경도: 127.486749°E<br><br><a href="https://map.naver.com/v5/search/36.028306416666,127.486749194444">📍 네이버 지도</a>]]></description>
        <styleUrl>#삼각점_style</styleUrl>
        <Point>
          <coordinates>127.486749194444,36.028306416666,0</coordinates>
        </Point>
      </Placemark>
      <Placemark>
        <name>△ 금산471</name>
        <description><![CDATA[<b>삼각점</b><br>명칭: 금산471<br>위도: 36.055417°N<br>경도: 127.486193°E<br><br><a href="https://map.naver.com/v5/search/36.055417166666,127.486193194444">📍 네이버 지도</a>]]></description>
        <styleUrl>#삼각점_style</styleUrl>
        <Point>
          <coordinates>127.486193194444,36.055417166666,0</coordinates>
        </Point>
      </Placemark>
      <Placemark>
        <name>△ 금산472</name>
        <description><![CDATA[<b>삼각점</b><br>명칭: 금산472<br>위도: 36.078349°N<br>경도: 127.488200°E<br><br><a href="https://map.naver.com/v5/search/36.0783485555549,127.488200472222">📍 네이버 지도</a>]]></description>
        <styleUrl>#삼각점_style</styleUrl>
        <Point>
          <coordinates>127.488200472222,36.0783485555549,0</coordinates>
        </Point>
      </Placemark>
      <Placemark>
        <name>△ 금산473</name>
        <description><![CDATA[<b>삼각점</b><br>명칭: 금산473<br>위도: 36.010042°N<br>경도: 127.494324°E<br><br><a href="https://map.naver.com/v5/search/36.010042166666,127.494324333333">📍 네이버 지도</a>]]></description>
        <styleUrl>#삼각점_style</styleUrl>
        <Point>
          <coordinates>127.494324333333,36.010042166666,0</coordinates>
        </Point>
      </Placemark>
      <Placemark>
        <name>△ 이원451</name>
        <description><![CDATA[<b>삼각점</b><br>명칭: 이원451<br>위도: 36.118100°N<br>경도: 127.497705°E<br><br><a href="https://map.naver.com/v5/search/36.1181000833327,127.497705194444">📍 네이버 지도</a>]]></description>
        <styleUrl>#삼각점_style</styleUrl>
        <Point>
          <coordinates>127.497705194444,36.1181000833327,0</coordinates>
        </Point>
      </Placemark>
      <Placemark>
        <name>△ 진안401</name>
        <description><![CDATA[<b>삼각점</b><br>명칭: 진안401<br>위도: 36.000164°N<br>경도: 127.254820°E<br><br><a href="https://map.naver.com/v5/search/36.0001638888882,127.254820416667">📍 네이버 지도</a>]]></description>
        <styleUrl>#삼각점_style</styleUrl>
        <Point>
          <coordinates>127.254820416667,36.0001638888882,0</coordinates>
        </Point>
      </Placemark>
      <Placemark>
        <name>△ 무주305</name>
        <description><![CDATA[<b>삼각점</b><br>명칭: 무주305<br>위도: 36.001078°N<br>경도: 127.713847°E<br><br><a href="https://map.naver.com/v5/search/36.0010783611104,127.713846527778">📍 네이버 지도</a>]]></description>
        <styleUrl>#삼각점_style</styleUrl>
        <Point>
          <coordinates>127.713846527778,36.0010783611104,0</coordinates>
        </Point>
      </Placemark>
      <Placemark>
        <name>△ 무주417</name>
        <description><![CDATA[<b>삼각점</b><br>명칭: 무주417<br>위도: 36.002793°N<br>경도: 127.690032°E<br><br><a href="https://map.naver.com/v5/search/36.0027931111104,127.690031944444">📍 네이버 지도</a>]]></description>
        <styleUrl>#삼각점_style</styleUrl>
        <Point>
          <coordinates>127.690031944444,36.0027931111104,0</coordinates>
        </Point>
      </Placemark>
      <Placemark>
        <name>△ 이원24</name>
        <description><![CDATA[<b>삼각점</b><br>명칭: 이원24<br>위도: 36.103248°N<br>경도: 127.560109°E<br><br><a href="https://map.naver.com/v5/search/36.103248166666,127.560108722222">📍 네이버 지도</a>]]></description>
        <styleUrl>#삼각점_style</styleUrl>
        <Point>
          <coordinates>127.560108722222,36.103248166666,0</coordinates>
        </Point>
      </Placemark>
      <Placemark>
        <name>△ 이원25</name>
        <description><![CDATA[<b>삼각점</b><br>명칭: 이원25<br>위도: 36.149997°N<br>경도: 127.513950°E<br><br><a href="https://map.naver.com/v5/search/36.1499971944438,127.51395">📍 네이버 지도</a>]]></description>
        <styleUrl>#삼각점_style</styleUrl>
        <Point>
          <coordinates>127.51395,36.1499971944438,0</coordinates>
        </Point>
      </Placemark>
      <Placemark>
        <name>△ 이원26</name>
        <description><![CDATA[<b>삼각점</b><br>명칭: 이원26<br>위도: 36.034738°N<br>경도: 127.531649°E<br><br><a href="https://map.naver.com/v5/search/36.0347376388882,127.531649083333">📍 네이버 지도</a>]]></description>
        <styleUrl>#삼각점_style</styleUrl>
        <Point>
          <coordinates>127.531649083333,36.0347376388882,0</coordinates>
        </Point>
      </Placemark>
      <Placemark>
        <name>△ 이원27</name>
        <description><![CDATA[<b>삼각점</b><br>명칭: 이원27<br>위도: 36.012633°N<br>경도: 127.600026°E<br><br><a href="https://map.naver.com/v5/search/36.0126328888882,127.60002625">📍 네이버 지도</a>]]></description>
        <styleUrl>#삼각점_style</styleUrl>
        <Point>
          <coordinates>127.60002625,36.0126328888882,0</coordinates>
        </Point>
      </Placemark>
      <Placemark>
        <name>△ 이원28</name>
        <description><![CDATA[<b>삼각점</b><br>명칭: 이원28<br>위도: 36.062797°N<br>경도: 127.689179°E<br><br><a href="https://map.naver.com/v5/search/36.0627970833327,127.689179472222">📍 네이버 지도</a>]]></description>
        <styleUrl>#삼각점_style</styleUrl>
        <Point>
          <coordinates>127.689179472222,36.0627970833327,0</coordinates>
        </Point>
      </Placemark>
      <Placemark>
        <name>△ 이원305</name>
        <description><![CDATA[<b>삼각점</b><br>명칭: 이원305<br>위도: 36.098373°N<br>경도: 127.708773°E<br><br><a href="https://map.naver.com/v5/search/36.0983728611105,127.708773472222">📍 네이버 지도</a>]]></description>
        <styleUrl>#삼각점_style</styleUrl>
        <Point>
          <coordinates>127.708773472222,36.0983728611105,0</coordinates>
        </Point>
      </Placemark>
      <Placemark>
        <name>△ 이원306</name>
        <description><![CDATA[<b>삼각점</b><br>명칭: 이원306<br>위도: 36.121633°N<br>경도: 127.650141°E<br><br><a href="https://map.naver.com/v5/search/36.1216333888882,127.650140916667">📍 네이버 지도</a>]]></description>
        <styleUrl>#삼각점_style</styleUrl>
        <Point>
          <coordinates>127.650140916667,36.1216333888882,0</coordinates>
        </Point>
      </Placemark>
      <Placemark>
        <name>△ 이원307</name>
        <description><![CDATA[<b>삼각점</b><br>명칭: 이원307<br>위도: 36.118728°N<br>경도: 127.608700°E<br><br><a href="https://map.naver.com/v5/search/36.1187278611105,127.608699805556">📍 네이버 지도</a>]]></description>
        <styleUrl>#삼각점_style</styleUrl>
        <Point>
          <coordinates>127.608699805556,36.1187278611105,0</coordinates>
        </Point>
      </Placemark>
      <Placemark>
        <name>△ 이원308</name>
        <description><![CDATA[<b>삼각점</b><br>명칭: 이원308<br>위도: 36.159170°N<br>경도: 127.600100°E<br><br><a href="https://map.naver.com/v5/search/36.1591695555549,127.600099972222">📍 네이버 지도</a>]]></description>
        <styleUrl>#삼각점_style</styleUrl>
        <Point>
          <coordinates>127.600099972222,36.1591695555549,0</coordinates>
        </Point>
      </Placemark>
      <Placemark>
        <name>△ 이원310</name>
        <description><![CDATA[<b>삼각점</b><br>명칭: 이원310<br>위도: 36.075328°N<br>경도: 127.528849°E<br><br><a href="https://map.naver.com/v5/search/36.0753283333327,127.528848861111">📍 네이버 지도</a>]]></description>
        <styleUrl>#삼각점_style</styleUrl>
        <Point>
          <coordinates>127.528848861111,36.0753283333327,0</coordinates>
        </Point>
      </Placemark>
      <Placemark>
        <name>△ 이원311</name>
        <description><![CDATA[<b>삼각점</b><br>명칭: 이원311<br>위도: 36.004917°N<br>경도: 127.535924°E<br><br><a href="https://map.naver.com/v5/search/36.0049170277771,127.535924388889">📍 네이버 지도</a>]]></description>
        <styleUrl>#삼각점_style</styleUrl>
        <Point>
          <coordinates>127.535924388889,36.0049170277771,0</coordinates>
        </Point>
      </Placemark>
      <Placemark>
        <name>△ 이원312</name>
        <description><![CDATA[<b>삼각점</b><br>명칭: 이원312<br>위도: 36.081402°N<br>경도: 127.632947°E<br><br><a href="https://map.naver.com/v5/search/36.0814019999993,127.632947027778">📍 네이버 지도</a>]]></description>
        <styleUrl>#삼각점_style</styleUrl>
        <Point>
          <coordinates>127.632947027778,36.0814019999993,0</coordinates>
        </Point>
      </Placemark>
      <Placemark>
        <name>△ 이원313</name>
        <description><![CDATA[<b>삼각점</b><br>명칭: 이원313<br>위도: 36.040729°N<br>경도: 127.659388°E<br><br><a href="https://map.naver.com/v5/search/36.0407292222215,127.659387555556">📍 네이버 지도</a>]]></description>
        <styleUrl>#삼각점_style</styleUrl>
        <Point>
          <coordinates>127.659387555556,36.0407292222215,0</coordinates>
        </Point>
      </Placemark>
      <Placemark>
        <name>△ 이원314</name>
        <description><![CDATA[<b>삼각점</b><br>명칭: 이원314<br>위도: 36.039038°N<br>경도: 127.735114°E<br><br><a href="https://map.naver.com/v5/search/36.0390384444438,127.735113694444">📍 네이버 지도</a>]]></description>
        <styleUrl>#삼각점_style</styleUrl>
        <Point>
          <coordinates>127.735113694444,36.0390384444438,0</coordinates>
        </Point>
      </Placemark>
      <Placemark>
        <name>△ 이원425</name>
        <description><![CDATA[<b>삼각점</b><br>명칭: 이원425<br>위도: 36.138986°N<br>경도: 127.726192°E<br><br><a href="https://map.naver.com/v5/search/36.1389858611105,127.726191805556">📍 네이버 지도</a>]]></description>
        <styleUrl>#삼각점_style</styleUrl>
        <Point>
          <coordinates>127.726191805556,36.1389858611105,0</coordinates>
        </Point>
      </Placemark>
      <Placemark>
        <name>△ 이원426</name>
        <description><![CDATA[<b>삼각점</b><br>명칭: 이원426<br>위도: 36.117350°N<br>경도: 127.737372°E<br><br><a href="https://map.naver.com/v5/search/36.1173496388882,127.73737175">📍 네이버 지도</a>]]></description>
        <styleUrl>#삼각점_style</styleUrl>
        <Point>
          <coordinates>127.73737175,36.1173496388882,0</coordinates>
        </Point>
      </Placemark>
      <Placemark>
        <name>△ 이원427</name>
        <description><![CDATA[<b>삼각점</b><br>명칭: 이원427<br>위도: 36.086512°N<br>경도: 127.732606°E<br><br><a href="https://map.naver.com/v5/search/36.0865115277771,127.732605694444">📍 네이버 지도</a>]]></description>
        <styleUrl>#삼각점_style</styleUrl>
        <Point>
          <coordinates>127.732605694444,36.0865115277771,0</coordinates>
        </Point>
      </Placemark>
      <Placemark>
        <name>△ 이원428</name>
        <description><![CDATA[<b>삼각점</b><br>명칭: 이원428<br>위도: 36.152156°N<br>경도: 127.715693°E<br><br><a href="https://map.naver.com/v5/search/36.152155666666,127.715693305556">📍 네이버 지도</a>]]></description>
        <styleUrl>#삼각점_style</styleUrl>
        <Point>
          <coordinates>127.715693305556,36.152155666666,0</coordinates>
        </Point>
      </Placemark>
      <Placemark>
        <name>△ 이원429</name>
        <description><![CDATA[<b>삼각점</b><br>명칭: 이원429<br>위도: 36.130471°N<br>경도: 127.704567°E<br><br><a href="https://map.naver.com/v5/search/36.1304707499993,127.704567083333">📍 네이버 지도</a>]]></description>
        <styleUrl>#삼각점_style</styleUrl>
        <Point>
          <coordinates>127.704567083333,36.1304707499993,0</coordinates>
        </Point>
      </Placemark>
      <Placemark>
        <name>△ 이원431</name>
        <description><![CDATA[<b>삼각점</b><br>명칭: 이원431<br>위도: 36.110534°N<br>경도: 127.688135°E<br><br><a href="https://map.naver.com/v5/search/36.1105343611105,127.688134638889">📍 네이버 지도</a>]]></description>
        <styleUrl>#삼각점_style</styleUrl>
        <Point>
          <coordinates>127.688134638889,36.1105343611105,0</coordinates>
        </Point>
      </Placemark>
      <Placemark>
        <name>△ 이원432</name>
        <description><![CDATA[<b>삼각점</b><br>명칭: 이원432<br>위도: 36.143459°N<br>경도: 127.676530°E<br><br><a href="https://map.naver.com/v5/search/36.1434591388882,127.676530361111">📍 네이버 지도</a>]]></description>
        <styleUrl>#삼각점_style</styleUrl>
        <Point>
          <coordinates>127.676530361111,36.1434591388882,0</coordinates>
        </Point>
      </Placemark>
      <Placemark>
        <name>△ 이원434</name>
        <description><![CDATA[<b>삼각점</b><br>명칭: 이원434<br>위도: 36.090050°N<br>경도: 127.662836°E<br><br><a href="https://map.naver.com/v5/search/36.0900498888882,127.662835888889">📍 네이버 지도</a>]]></description>
        <styleUrl>#삼각점_style</styleUrl>
        <Point>
          <coordinates>127.662835888889,36.0900498888882,0</coordinates>
        </Point>
      </Placemark>
      <Placemark>
        <name>△ 이원435</name>
        <description><![CDATA[<b>삼각점</b><br>명칭: 이원435<br>위도: 36.157215°N<br>경도: 127.643934°E<br><br><a href="https://map.naver.com/v5/search/36.157215166666,127.643934361111">📍 네이버 지도</a>]]></description>
        <styleUrl>#삼각점_style</styleUrl>
        <Point>
          <coordinates>127.643934361111,36.157215166666,0</coordinates>
        </Point>
      </Placemark>
      <Placemark>
        <name>△ 이원436</name>
        <description><![CDATA[<b>삼각점</b><br>명칭: 이원436<br>위도: 36.103028°N<br>경도: 127.635710°E<br><br><a href="https://map.naver.com/v5/search/36.1030278055549,127.635710166667">📍 네이버 지도</a>]]></description>
        <styleUrl>#삼각점_style</styleUrl>
        <Point>
          <coordinates>127.635710166667,36.1030278055549,0</coordinates>
        </Point>
      </Placemark>
      <Placemark>
        <name>△ 이원437</name>
        <description><![CDATA[<b>삼각점</b><br>명칭: 이원437<br>위도: 36.132556°N<br>경도: 127.622875°E<br><br><a href="https://map.naver.com/v5/search/36.1325557222216,127.622875277778">📍 네이버 지도</a>]]></description>
        <styleUrl>#삼각점_style</styleUrl>
        <Point>
          <coordinates>127.622875277778,36.1325557222216,0</coordinates>
        </Point>
      </Placemark>
      <Placemark>
        <name>△ 이원439</name>
        <description><![CDATA[<b>삼각점</b><br>명칭: 이원439<br>위도: 36.092152°N<br>경도: 127.599834°E<br><br><a href="https://map.naver.com/v5/search/36.0921516944438,127.599833555556">📍 네이버 지도</a>]]></description>
        <styleUrl>#삼각점_style</styleUrl>
        <Point>
          <coordinates>127.599833555556,36.0921516944438,0</coordinates>
        </Point>
      </Placemark>
      <Placemark>
        <name>△ 이원440</name>
        <description><![CDATA[<b>삼각점</b><br>명칭: 이원440<br>위도: 36.137070°N<br>경도: 127.597488°E<br><br><a href="https://map.naver.com/v5/search/36.1370699999994,127.597487722222">📍 네이버 지도</a>]]></description>
        <styleUrl>#삼각점_style</styleUrl>
        <Point>
          <coordinates>127.597487722222,36.1370699999994,0</coordinates>
        </Point>
      </Placemark>
      <Placemark>
        <name>△ 이원441</name>
        <description><![CDATA[<b>삼각점</b><br>명칭: 이원441<br>위도: 36.109614°N<br>경도: 127.595318°E<br><br><a href="https://map.naver.com/v5/search/36.1096141111105,127.595318194444">📍 네이버 지도</a>]]></description>
        <styleUrl>#삼각점_style</styleUrl>
        <Point>
          <coordinates>127.595318194444,36.1096141111105,0</coordinates>
        </Point>
      </Placemark>
      <Placemark>
        <name>△ 이원442</name>
        <description><![CDATA[<b>삼각점</b><br>명칭: 이원442<br>위도: 36.129534°N<br>경도: 127.578882°E<br><br><a href="https://map.naver.com/v5/search/36.1295337777771,127.578881944444">📍 네이버 지도</a>]]></description>
        <styleUrl>#삼각점_style</styleUrl>
        <Point>
          <coordinates>127.578881944444,36.1295337777771,0</coordinates>
        </Point>
      </Placemark>
      <Placemark>
        <name>△ 이원443</name>
        <description><![CDATA[<b>삼각점</b><br>명칭: 이원443<br>위도: 36.120605°N<br>경도: 127.571973°E<br><br><a href="https://map.naver.com/v5/search/36.1206047777771,127.571973138889">📍 네이버 지도</a>]]></description>
        <styleUrl>#삼각점_style</styleUrl>
        <Point>
          <coordinates>127.571973138889,36.1206047777771,0</coordinates>
        </Point>
      </Placemark>
      <Placemark>
        <name>△ 이원445</name>
        <description><![CDATA[<b>삼각점</b><br>명칭: 이원445<br>위도: 36.140557°N<br>경도: 127.554359°E<br><br><a href="https://map.naver.com/v5/search/36.1405573888882,127.554359166667">📍 네이버 지도</a>]]></description>
        <styleUrl>#삼각점_style</styleUrl>
        <Point>
          <coordinates>127.554359166667,36.1405573888882,0</coordinates>
        </Point>
      </Placemark>
      <Placemark>
        <name>△ 이원446</name>
        <description><![CDATA[<b>삼각점</b><br>명칭: 이원446<br>위도: 36.115012°N<br>경도: 127.540279°E<br><br><a href="https://map.naver.com/v5/search/36.1150115555549,127.540279444444">📍 네이버 지도</a>]]></description>
        <styleUrl>#삼각점_style</styleUrl>
        <Point>
          <coordinates>127.540279444444,36.1150115555549,0</coordinates>
        </Point>
      </Placemark>
      <Placemark>
        <name>△ 이원447</name>
        <description><![CDATA[<b>삼각점</b><br>명칭: 이원447<br>위도: 36.155772°N<br>경도: 127.537616°E<br><br><a href="https://map.naver.com/v5/search/36.1557718888882,127.537615861111">📍 네이버 지도</a>]]></description>
        <styleUrl>#삼각점_style</styleUrl>
        <Point>
          <coordinates>127.537615861111,36.1557718888882,0</coordinates>
        </Point>
      </Placemark>
      <Placemark>
        <name>△ 이원448</name>
        <description><![CDATA[<b>삼각점</b><br>명칭: 이원448<br>위도: 36.093146°N<br>경도: 127.535909°E<br><br><a href="https://map.naver.com/v5/search/36.0931461388882,127.535908888889">📍 네이버 지도</a>]]></description>
        <styleUrl>#삼각점_style</styleUrl>
        <Point>
          <coordinates>127.535908888889,36.0931461388882,0</coordinates>
        </Point>
      </Placemark>
      <Placemark>
        <name>△ 이원449</name>
        <description><![CDATA[<b>삼각점</b><br>명칭: 이원449<br>위도: 36.128091°N<br>경도: 127.517922°E<br><br><a href="https://map.naver.com/v5/search/36.1280913888882,127.517921972222">📍 네이버 지도</a>]]></description>
        <styleUrl>#삼각점_style</styleUrl>
        <Point>
          <coordinates>127.517921972222,36.1280913888882,0</coordinates>
        </Point>
      </Placemark>
      <Placemark>
        <name>△ 이원450</name>
        <description><![CDATA[<b>삼각점</b><br>명칭: 이원450<br>위도: 36.104905°N<br>경도: 127.512892°E<br><br><a href="https://map.naver.com/v5/search/36.1049048611105,127.512892138889">📍 네이버 지도</a>]]></description>
        <styleUrl>#삼각점_style</styleUrl>
        <Point>
          <coordinates>127.512892138889,36.1049048611105,0</coordinates>
        </Point>
      </Placemark>
      <Placemark>
        <name>△ 이원452</name>
        <description><![CDATA[<b>삼각점</b><br>명칭: 이원452<br>위도: 36.055443°N<br>경도: 127.524698°E<br><br><a href="https://map.naver.com/v5/search/36.0554428611104,127.524697777778">📍 네이버 지도</a>]]></description>
        <styleUrl>#삼각점_style</styleUrl>
        <Point>
          <coordinates>127.524697777778,36.0554428611104,0</coordinates>
        </Point>
      </Placemark>
      <Placemark>
        <name>△ 이원453</name>
        <description><![CDATA[<b>삼각점</b><br>명칭: 이원453<br>위도: 36.015324°N<br>경도: 127.519825°E<br><br><a href="https://map.naver.com/v5/search/36.0153243611104,127.5198255">📍 네이버 지도</a>]]></description>
        <styleUrl>#삼각점_style</styleUrl>
        <Point>
          <coordinates>127.5198255,36.0153243611104,0</coordinates>
        </Point>
      </Placemark>
      <Placemark>
        <name>△ 이원454</name>
        <description><![CDATA[<b>삼각점</b><br>명칭: 이원454<br>위도: 36.057982°N<br>경도: 127.544095°E<br><br><a href="https://map.naver.com/v5/search/36.0579822222215,127.54409525">📍 네이버 지도</a>]]></description>
        <styleUrl>#삼각점_style</styleUrl>
        <Point>
          <coordinates>127.54409525,36.0579822222215,0</coordinates>
        </Point>
      </Placemark>
      <Placemark>
        <name>△ 이원456</name>
        <description><![CDATA[<b>삼각점</b><br>명칭: 이원456<br>위도: 36.031695°N<br>경도: 127.561460°E<br><br><a href="https://map.naver.com/v5/search/36.0316950277771,127.561460305556">📍 네이버 지도</a>]]></description>
        <styleUrl>#삼각점_style</styleUrl>
        <Point>
          <coordinates>127.561460305556,36.0316950277771,0</coordinates>
        </Point>
      </Placemark>
      <Placemark>
        <name>△ 이원457</name>
        <description><![CDATA[<b>삼각점</b><br>명칭: 이원457<br>위도: 36.070991°N<br>경도: 127.572420°E<br><br><a href="https://map.naver.com/v5/search/36.0709907499993,127.57241975">📍 네이버 지도</a>]]></description>
        <styleUrl>#삼각점_style</styleUrl>
        <Point>
          <coordinates>127.57241975,36.0709907499993,0</coordinates>
        </Point>
      </Placemark>
      <Placemark>
        <name>△ 이원458</name>
        <description><![CDATA[<b>삼각점</b><br>명칭: 이원458<br>위도: 36.051412°N<br>경도: 127.573787°E<br><br><a href="https://map.naver.com/v5/search/36.051412416666,127.573787027778">📍 네이버 지도</a>]]></description>
        <styleUrl>#삼각점_style</styleUrl>
        <Point>
          <coordinates>127.573787027778,36.051412416666,0</coordinates>
        </Point>
      </Placemark>
      <Placemark>
        <name>△ 이원459</name>
        <description><![CDATA[<b>삼각점</b><br>명칭: 이원459<br>위도: 36.005229°N<br>경도: 127.573774°E<br><br><a href="https://map.naver.com/v5/search/36.0052291944438,127.573773527778">📍 네이버 지도</a>]]></description>
        <styleUrl>#삼각점_style</styleUrl>
        <Point>
          <coordinates>127.573773527778,36.0052291944438,0</coordinates>
        </Point>
      </Placemark>
      <Placemark>
        <name>△ 이원460</name>
        <description><![CDATA[<b>삼각점</b><br>명칭: 이원460<br>위도: 36.035950°N<br>경도: 127.605231°E<br><br><a href="https://map.naver.com/v5/search/36.0359503055549,127.605231083333">📍 네이버 지도</a>]]></description>
        <styleUrl>#삼각점_style</styleUrl>
        <Point>
          <coordinates>127.605231083333,36.0359503055549,0</coordinates>
        </Point>
      </Placemark>
      <Placemark>
        <name>△ 이원461</name>
        <description><![CDATA[<b>삼각점</b><br>명칭: 이원461<br>위도: 36.061265°N<br>경도: 127.605845°E<br><br><a href="https://map.naver.com/v5/search/36.061265416666,127.605845416667">📍 네이버 지도</a>]]></description>
        <styleUrl>#삼각점_style</styleUrl>
        <Point>
          <coordinates>127.605845416667,36.061265416666,0</coordinates>
        </Point>
      </Placemark>
      <Placemark>
        <name>△ 이원462</name>
        <description><![CDATA[<b>삼각점</b><br>명칭: 이원462<br>위도: 36.053696°N<br>경도: 127.626254°E<br><br><a href="https://map.naver.com/v5/search/36.0536956944438,127.626254388889">📍 네이버 지도</a>]]></description>
        <styleUrl>#삼각점_style</styleUrl>
        <Point>
          <coordinates>127.626254388889,36.0536956944438,0</coordinates>
        </Point>
      </Placemark>
      <Placemark>
        <name>△ 이원463</name>
        <description><![CDATA[<b>삼각점</b><br>명칭: 이원463<br>위도: 36.027065°N<br>경도: 127.630098°E<br><br><a href="https://map.naver.com/v5/search/36.0270648055549,127.6300975">📍 네이버 지도</a>]]></description>
        <styleUrl>#삼각점_style</styleUrl>
        <Point>
          <coordinates>127.6300975,36.0270648055549,0</coordinates>
        </Point>
      </Placemark>
      <Placemark>
        <name>△ 이원464</name>
        <description><![CDATA[<b>삼각점</b><br>명칭: 이원464<br>위도: 36.007195°N<br>경도: 127.631321°E<br><br><a href="https://map.naver.com/v5/search/36.0071949444438,127.631320972222">📍 네이버 지도</a>]]></description>
        <styleUrl>#삼각점_style</styleUrl>
        <Point>
          <coordinates>127.631320972222,36.0071949444438,0</coordinates>
        </Point>
      </Placemark>
      <Placemark>
        <name>△ 이원465</name>
        <description><![CDATA[<b>삼각점</b><br>명칭: 이원465<br>위도: 36.070055°N<br>경도: 127.661379°E<br><br><a href="https://map.naver.com/v5/search/36.0700550555549,127.661378805556">📍 네이버 지도</a>]]></description>
        <styleUrl>#삼각점_style</styleUrl>
        <Point>
          <coordinates>127.661378805556,36.0700550555549,0</coordinates>
        </Point>
      </Placemark>
      <Placemark>
        <name>△ 이원466</name>
        <description><![CDATA[<b>삼각점</b><br>명칭: 이원466<br>위도: 36.019902°N<br>경도: 127.667355°E<br><br><a href="https://map.naver.com/v5/search/36.0199019444438,127.667355222222">📍 네이버 지도</a>]]></description>
        <styleUrl>#삼각점_style</styleUrl>
        <Point>
          <coordinates>127.667355222222,36.0199019444438,0</coordinates>
        </Point>
      </Placemark>
      <Placemark>
        <name>△ 이원467</name>
        <description><![CDATA[<b>삼각점</b><br>명칭: 이원467<br>위도: 36.083656°N<br>경도: 127.682782°E<br><br><a href="https://map.naver.com/v5/search/36.0836558333327,127.6827815">📍 네이버 지도</a>]]></description>
        <styleUrl>#삼각점_style</styleUrl>
        <Point>
          <coordinates>127.6827815,36.0836558333327,0</coordinates>
        </Point>
      </Placemark>
      <Placemark>
        <name>△ 이원468</name>
        <description><![CDATA[<b>삼각점</b><br>명칭: 이원468<br>위도: 36.026388°N<br>경도: 127.682052°E<br><br><a href="https://map.naver.com/v5/search/36.0263879444438,127.682051777778">📍 네이버 지도</a>]]></description>
        <styleUrl>#삼각점_style</styleUrl>
        <Point>
          <coordinates>127.682051777778,36.0263879444438,0</coordinates>
        </Point>
      </Placemark>
      <Placemark>
        <name>△ 이원469</name>
        <description><![CDATA[<b>삼각점</b><br>명칭: 이원469<br>위도: 36.046766°N<br>경도: 127.703681°E<br><br><a href="https://map.naver.com/v5/search/36.0467657499993,127.703680833333">📍 네이버 지도</a>]]></description>
        <styleUrl>#삼각점_style</styleUrl>
        <Point>
          <coordinates>127.703680833333,36.0467657499993,0</coordinates>
        </Point>
      </Placemark>
      <Placemark>
        <name>△ 이원470</name>
        <description><![CDATA[<b>삼각점</b><br>명칭: 이원470<br>위도: 36.024211°N<br>경도: 127.705302°E<br><br><a href="https://map.naver.com/v5/search/36.0242112777771,127.705301888889">📍 네이버 지도</a>]]></description>
        <styleUrl>#삼각점_style</styleUrl>
        <Point>
          <coordinates>127.705301888889,36.0242112777771,0</coordinates>
        </Point>
      </Placemark>
      <Placemark>
        <name>△ 이원471</name>
        <description><![CDATA[<b>삼각점</b><br>명칭: 이원471<br>위도: 36.077803°N<br>경도: 127.709232°E<br><br><a href="https://map.naver.com/v5/search/36.0778029722216,127.709231833333">📍 네이버 지도</a>]]></description>
        <styleUrl>#삼각점_style</styleUrl>
        <Point>
          <coordinates>127.709231833333,36.0778029722216,0</coordinates>
        </Point>
      </Placemark>
      <Placemark>
        <name>△ 이원472</name>
        <description><![CDATA[<b>삼각점</b><br>명칭: 이원472<br>위도: 36.022206°N<br>경도: 127.727380°E<br><br><a href="https://map.naver.com/v5/search/36.0222063055549,127.727380138889">📍 네이버 지도</a>]]></description>
        <styleUrl>#삼각점_style</styleUrl>
        <Point>
          <coordinates>127.727380138889,36.0222063055549,0</coordinates>
        </Point>
      </Placemark>
      <Placemark>
        <name>△ 이원473</name>
        <description><![CDATA[<b>삼각점</b><br>명칭: 이원473<br>위도: 36.013128°N<br>경도: 127.742545°E<br><br><a href="https://map.naver.com/v5/search/36.0131281388882,127.742545">📍 네이버 지도</a>]]></description>
        <styleUrl>#삼각점_style</styleUrl>
        <Point>
          <coordinates>127.742545,36.0131281388882,0</coordinates>
        </Point>
      </Placemark>
      <Placemark>
        <name>△ 이원474</name>
        <description><![CDATA[<b>삼각점</b><br>명칭: 이원474<br>위도: 36.062873°N<br>경도: 127.746687°E<br><br><a href="https://map.naver.com/v5/search/36.0628725277771,127.746687361111">📍 네이버 지도</a>]]></description>
        <styleUrl>#삼각점_style</styleUrl>
        <Point>
          <coordinates>127.746687361111,36.0628725277771,0</coordinates>
        </Point>
      </Placemark>
      <Placemark>
        <name>△ 무풍403</name>
        <description><![CDATA[<b>삼각점</b><br>명칭: 무풍403<br>위도: 36.001344°N<br>경도: 127.767879°E<br><br><a href="https://map.naver.com/v5/search/36.0013436388882,127.767878694444">📍 네이버 지도</a>]]></description>
        <styleUrl>#삼각점_style</styleUrl>
        <Point>
          <coordinates>127.767878694444,36.0013436388882,0</coordinates>
        </Point>
      </Placemark>
      <Placemark>
        <name>△ 영동11</name>
        <description><![CDATA[<b>삼각점</b><br>명칭: 영동11<br>위도: 36.039791°N<br>경도: 127.849291°E<br><br><a href="https://map.naver.com/v5/search/36.0397910555549,127.849291472222">📍 네이버 지도</a>]]></description>
        <styleUrl>#삼각점_style</styleUrl>
        <Point>
          <coordinates>127.849291472222,36.0397910555549,0</coordinates>
        </Point>
      </Placemark>
      <Placemark>
        <name>△ 영동24</name>
        <description><![CDATA[<b>삼각점</b><br>명칭: 영동24<br>위도: 36.142088°N<br>경도: 127.853457°E<br><br><a href="https://map.naver.com/v5/search/36.1420875833327,127.853457194444">📍 네이버 지도</a>]]></description>
        <styleUrl>#삼각점_style</styleUrl>
        <Point>
          <coordinates>127.853457194444,36.1420875833327,0</coordinates>
        </Point>
      </Placemark>
      <Placemark>
        <name>△ 영동309</name>
        <description><![CDATA[<b>삼각점</b><br>명칭: 영동309<br>위도: 36.100026°N<br>경도: 127.830262°E<br><br><a href="https://map.naver.com/v5/search/36.1000262222216,127.830261972222">📍 네이버 지도</a>]]></description>
        <styleUrl>#삼각점_style</styleUrl>
        <Point>
          <coordinates>127.830261972222,36.1000262222216,0</coordinates>
        </Point>
      </Placemark>
      <Placemark>
        <name>△ 영동310</name>
        <description><![CDATA[<b>삼각점</b><br>명칭: 영동310<br>위도: 36.148072°N<br>경도: 127.781308°E<br><br><a href="https://map.naver.com/v5/search/36.1480720277771,127.781307527778">📍 네이버 지도</a>]]></description>
        <styleUrl>#삼각점_style</styleUrl>
        <Point>
          <coordinates>127.781307527778,36.1480720277771,0</coordinates>
        </Point>
      </Placemark>
      <Placemark>
        <name>△ 영동311</name>
        <description><![CDATA[<b>삼각점</b><br>명칭: 영동311<br>위도: 36.018855°N<br>경도: 127.788017°E<br><br><a href="https://map.naver.com/v5/search/36.018854666666,127.78801725">📍 네이버 지도</a>]]></description>
        <styleUrl>#삼각점_style</styleUrl>
        <Point>
          <coordinates>127.78801725,36.018854666666,0</coordinates>
        </Point>
      </Placemark>
      <Placemark>
        <name>△ 영동312</name>
        <description><![CDATA[<b>삼각점</b><br>명칭: 영동312<br>위도: 36.065745°N<br>경도: 127.811000°E<br><br><a href="https://map.naver.com/v5/search/36.0657451388882,127.811000416667">📍 네이버 지도</a>]]></description>
        <styleUrl>#삼각점_style</styleUrl>
        <Point>
          <coordinates>127.811000416667,36.0657451388882,0</coordinates>
        </Point>
      </Placemark>
      <Placemark>
        <name>△ 영동435</name>
        <description><![CDATA[<b>삼각점</b><br>명칭: 영동435<br>위도: 36.138871°N<br>경도: 127.884564°E<br><br><a href="https://map.naver.com/v5/search/36.1388713333327,127.884563666667">📍 네이버 지도</a>]]></description>
        <styleUrl>#삼각점_style</styleUrl>
        <Point>
          <coordinates>127.884563666667,36.1388713333327,0</coordinates>
        </Point>
      </Placemark>
      <Placemark>
        <name>△ 영동436</name>
        <description><![CDATA[<b>삼각점</b><br>명칭: 영동436<br>위도: 36.106320°N<br>경도: 127.876331°E<br><br><a href="https://map.naver.com/v5/search/36.1063196111105,127.876331416667">📍 네이버 지도</a>]]></description>
        <styleUrl>#삼각점_style</styleUrl>
        <Point>
          <coordinates>127.876331416667,36.1063196111105,0</coordinates>
        </Point>
      </Placemark>
      <Placemark>
        <name>△ 영동437</name>
        <description><![CDATA[<b>삼각점</b><br>명칭: 영동437<br>위도: 36.080412°N<br>경도: 127.856956°E<br><br><a href="https://map.naver.com/v5/search/36.0804119722216,127.856955555556">📍 네이버 지도</a>]]></description>
        <styleUrl>#삼각점_style</styleUrl>
        <Point>
          <coordinates>127.856955555556,36.0804119722216,0</coordinates>
        </Point>
      </Placemark>
      <Placemark>
        <name>△ 영동438</name>
        <description><![CDATA[<b>삼각점</b><br>명칭: 영동438<br>위도: 36.121588°N<br>경도: 127.860141°E<br><br><a href="https://map.naver.com/v5/search/36.1215876111105,127.860141055556">📍 네이버 지도</a>]]></description>
        <styleUrl>#삼각점_style</styleUrl>
        <Point>
          <coordinates>127.860141055556,36.1215876111105,0</coordinates>
        </Point>
      </Placemark>
      <Placemark>
        <name>△ 영동439</name>
        <description><![CDATA[<b>삼각점</b><br>명칭: 영동439<br>위도: 36.124881°N<br>경도: 127.839913°E<br><br><a href="https://map.naver.com/v5/search/36.1248808611104,127.839913027778">📍 네이버 지도</a>]]></description>
        <styleUrl>#삼각점_style</styleUrl>
        <Point>
          <coordinates>127.839913027778,36.1248808611104,0</coordinates>
        </Point>
      </Placemark>
      <Placemark>
        <name>△ 영동441</name>
        <description><![CDATA[<b>삼각점</b><br>명칭: 영동441<br>위도: 36.142110°N<br>경도: 127.818170°E<br><br><a href="https://map.naver.com/v5/search/36.1421100833327,127.818169916667">📍 네이버 지도</a>]]></description>
        <styleUrl>#삼각점_style</styleUrl>
        <Point>
          <coordinates>127.818169916667,36.1421100833327,0</coordinates>
        </Point>
      </Placemark>
      <Placemark>
        <name>△ 영동442</name>
        <description><![CDATA[<b>삼각점</b><br>명칭: 영동442<br>위도: 36.158702°N<br>경도: 127.806165°E<br><br><a href="https://map.naver.com/v5/search/36.1587019999994,127.806165166667">📍 네이버 지도</a>]]></description>
        <styleUrl>#삼각점_style</styleUrl>
        <Point>
          <coordinates>127.806165166667,36.1587019999994,0</coordinates>
        </Point>
      </Placemark>
      <Placemark>
        <name>△ 영동444</name>
        <description><![CDATA[<b>삼각점</b><br>명칭: 영동444<br>위도: 36.092305°N<br>경도: 127.801135°E<br><br><a href="https://map.naver.com/v5/search/36.0923049722216,127.801134722222">📍 네이버 지도</a>]]></description>
        <styleUrl>#삼각점_style</styleUrl>
        <Point>
          <coordinates>127.801134722222,36.0923049722216,0</coordinates>
        </Point>
      </Placemark>
      <Placemark>
        <name>△ 영동445</name>
        <description><![CDATA[<b>삼각점</b><br>명칭: 영동445<br>위도: 36.124242°N<br>경도: 127.781898°E<br><br><a href="https://map.naver.com/v5/search/36.1242417499993,127.781898361111">📍 네이버 지도</a>]]></description>
        <styleUrl>#삼각점_style</styleUrl>
        <Point>
          <coordinates>127.781898361111,36.1242417499993,0</coordinates>
        </Point>
      </Placemark>
      <Placemark>
        <name>△ 영동446</name>
        <description><![CDATA[<b>삼각점</b><br>명칭: 영동446<br>위도: 36.132561°N<br>경도: 127.754607°E<br><br><a href="https://map.naver.com/v5/search/36.1325612499994,127.754607333333">📍 네이버 지도</a>]]></description>
        <styleUrl>#삼각점_style</styleUrl>
        <Point>
          <coordinates>127.754607333333,36.1325612499994,0</coordinates>
        </Point>
      </Placemark>
      <Placemark>
        <name>△ 영동447</name>
        <description><![CDATA[<b>삼각점</b><br>명칭: 영동447<br>위도: 36.091488°N<br>경도: 127.752028°E<br><br><a href="https://map.naver.com/v5/search/36.0914883888882,127.752028361111">📍 네이버 지도</a>]]></description>
        <styleUrl>#삼각점_style</styleUrl>
        <Point>
          <coordinates>127.752028361111,36.0914883888882,0</coordinates>
        </Point>
      </Placemark>
      <Placemark>
        <name>△ 영동449</name>
        <description><![CDATA[<b>삼각점</b><br>명칭: 영동449<br>위도: 36.051165°N<br>경도: 127.763688°E<br><br><a href="https://map.naver.com/v5/search/36.051164666666,127.763687833333">📍 네이버 지도</a>]]></description>
        <styleUrl>#삼각점_style</styleUrl>
        <Point>
          <coordinates>127.763687833333,36.051164666666,0</coordinates>
        </Point>
      </Placemark>
      <Placemark>
        <name>△ 영동450</name>
        <description><![CDATA[<b>삼각점</b><br>명칭: 영동450<br>위도: 36.014655°N<br>경도: 127.765841°E<br><br><a href="https://map.naver.com/v5/search/36.014654916666,127.765841111111">📍 네이버 지도</a>]]></description>
        <styleUrl>#삼각점_style</styleUrl>
        <Point>
          <coordinates>127.765841111111,36.014654916666,0</coordinates>
        </Point>
      </Placemark>
      <Placemark>
        <name>△ 영동452</name>
        <description><![CDATA[<b>삼각점</b><br>명칭: 영동452<br>위도: 36.048212°N<br>경도: 127.805991°E<br><br><a href="https://map.naver.com/v5/search/36.0482117499993,127.805990888889">📍 네이버 지도</a>]]></description>
        <styleUrl>#삼각점_style</styleUrl>
        <Point>
          <coordinates>127.805990888889,36.0482117499993,0</coordinates>
        </Point>
      </Placemark>
      <Placemark>
        <name>△ 영동453</name>
        <description><![CDATA[<b>삼각점</b><br>명칭: 영동453<br>위도: 36.007081°N<br>경도: 127.813435°E<br><br><a href="https://map.naver.com/v5/search/36.0070807222215,127.813434694444">📍 네이버 지도</a>]]></description>
        <styleUrl>#삼각점_style</styleUrl>
        <Point>
          <coordinates>127.813434694444,36.0070807222215,0</coordinates>
        </Point>
      </Placemark>
      <Placemark>
        <name>△ 영동454</name>
        <description><![CDATA[<b>삼각점</b><br>명칭: 영동454<br>위도: 36.028066°N<br>경도: 127.817797°E<br><br><a href="https://map.naver.com/v5/search/36.0280659444438,127.817797055556">📍 네이버 지도</a>]]></description>
        <styleUrl>#삼각점_style</styleUrl>
        <Point>
          <coordinates>127.817797055556,36.0280659444438,0</coordinates>
        </Point>
      </Placemark>
      <Placemark>
        <name>△ 영동455</name>
        <description><![CDATA[<b>삼각점</b><br>명칭: 영동455<br>위도: 36.046474°N<br>경도: 127.838519°E<br><br><a href="https://map.naver.com/v5/search/36.0464740555549,127.838519333333">📍 네이버 지도</a>]]></description>
        <styleUrl>#삼각점_style</styleUrl>
        <Point>
          <coordinates>127.838519333333,36.0464740555549,0</coordinates>
        </Point>
      </Placemark>
      <Placemark>
        <name>△ 영동456</name>
        <description><![CDATA[<b>삼각점</b><br>명칭: 영동456<br>위도: 36.068651°N<br>경도: 127.835445°E<br><br><a href="https://map.naver.com/v5/search/36.068651416666,127.835445333333">📍 네이버 지도</a>]]></description>
        <styleUrl>#삼각점_style</styleUrl>
        <Point>
          <coordinates>127.835445333333,36.068651416666,0</coordinates>
        </Point>
      </Placemark>
      <Placemark>
        <name>△ 영동457</name>
        <description><![CDATA[<b>삼각점</b><br>명칭: 영동457<br>위도: 36.010476°N<br>경도: 127.839902°E<br><br><a href="https://map.naver.com/v5/search/36.0104758333326,127.839902277778">📍 네이버 지도</a>]]></description>
        <styleUrl>#삼각점_style</styleUrl>
        <Point>
          <coordinates>127.839902277778,36.0104758333326,0</coordinates>
        </Point>
      </Placemark>
      <Placemark>
        <name>△ 영동458</name>
        <description><![CDATA[<b>삼각점</b><br>명칭: 영동458<br>위도: 36.066453°N<br>경도: 127.867238°E<br><br><a href="https://map.naver.com/v5/search/36.0664532499993,127.867237861111">📍 네이버 지도</a>]]></description>
        <styleUrl>#삼각점_style</styleUrl>
        <Point>
          <coordinates>127.867237861111,36.0664532499993,0</coordinates>
        </Point>
      </Placemark>
      <Placemark>
        <name>△ 영동459</name>
        <description><![CDATA[<b>삼각점</b><br>명칭: 영동459<br>위도: 36.036117°N<br>경도: 127.885244°E<br><br><a href="https://map.naver.com/v5/search/36.0361169444438,127.885244222222">📍 네이버 지도</a>]]></description>
        <styleUrl>#삼각점_style</styleUrl>
        <Point>
          <coordinates>127.885244222222,36.0361169444438,0</coordinates>
        </Point>
      </Placemark>
      <Placemark>
        <name>△ 영동460</name>
        <description><![CDATA[<b>삼각점</b><br>명칭: 영동460<br>위도: 36.078303°N<br>경도: 127.897014°E<br><br><a href="https://map.naver.com/v5/search/36.0783033055549,127.8970145">📍 네이버 지도</a>]]></description>
        <styleUrl>#삼각점_style</styleUrl>
        <Point>
          <coordinates>127.8970145,36.0783033055549,0</coordinates>
        </Point>
      </Placemark>
      <Placemark>
        <name>△ 무주311</name>
        <description><![CDATA[<b>삼각점</b><br>명칭: 무주311<br>위도: 35.899380°N<br>경도: 127.523058°E<br><br><a href="https://map.naver.com/v5/search/35.8993800555548,127.523058083333">📍 네이버 지도</a>]]></description>
        <styleUrl>#삼각점_style</styleUrl>
        <Point>
          <coordinates>127.523058083333,35.8993800555548,0</coordinates>
        </Point>
      </Placemark>
      <Placemark>
        <name>△ 무주402</name>
        <description><![CDATA[<b>삼각점</b><br>명칭: 무주402<br>위도: 35.920731°N<br>경도: 127.511029°E<br><br><a href="https://map.naver.com/v5/search/35.9207314999993,127.511028833333">📍 네이버 지도</a>]]></description>
        <styleUrl>#삼각점_style</styleUrl>
        <Point>
          <coordinates>127.511028833333,35.9207314999993,0</coordinates>
        </Point>
      </Placemark>
      <Placemark>
        <name>△ 무주403</name>
        <description><![CDATA[<b>삼각점</b><br>명칭: 무주403<br>위도: 35.965724°N<br>경도: 127.512628°E<br><br><a href="https://map.naver.com/v5/search/35.9657240555549,127.512628333333">📍 네이버 지도</a>]]></description>
        <styleUrl>#삼각점_style</styleUrl>
        <Point>
          <coordinates>127.512628333333,35.9657240555549,0</coordinates>
        </Point>
      </Placemark>
      <Placemark>
        <name>△ 무주404</name>
        <description><![CDATA[<b>삼각점</b><br>명칭: 무주404<br>위도: 35.983879°N<br>경도: 127.519911°E<br><br><a href="https://map.naver.com/v5/search/35.9838793611104,127.519910527778">📍 네이버 지도</a>]]></description>
        <styleUrl>#삼각점_style</styleUrl>
        <Point>
          <coordinates>127.519910527778,35.9838793611104,0</coordinates>
        </Point>
      </Placemark>
      <Placemark>
        <name>△ 무주442</name>
        <description><![CDATA[<b>삼각점</b><br>명칭: 무주442<br>위도: 35.875848°N<br>경도: 127.526937°E<br><br><a href="https://map.naver.com/v5/search/35.8758484999993,127.5269365">📍 네이버 지도</a>]]></description>
        <styleUrl>#삼각점_style</styleUrl>
        <Point>
          <coordinates>127.5269365,35.8758484999993,0</coordinates>
        </Point>
      </Placemark>
      <Placemark>
        <name>△ 임실304</name>
        <description><![CDATA[<b>삼각점</b><br>명칭: 임실304<br>위도: 35.751227°N<br>경도: 127.376145°E<br><br><a href="https://map.naver.com/v5/search/35.7512268055548,127.376145111111">📍 네이버 지도</a>]]></description>
        <styleUrl>#삼각점_style</styleUrl>
        <Point>
          <coordinates>127.376145111111,35.7512268055548,0</coordinates>
        </Point>
      </Placemark>
      <Placemark>
        <name>△ 진안302</name>
        <description><![CDATA[<b>삼각점</b><br>명칭: 진안302<br>위도: 35.975622°N<br>경도: 127.321119°E<br><br><a href="https://map.naver.com/v5/search/35.9756217777771,127.321119027778">📍 네이버 지도</a>]]></description>
        <styleUrl>#삼각점_style</styleUrl>
        <Point>
          <coordinates>127.321119027778,35.9756217777771,0</coordinates>
        </Point>
      </Placemark>
      <Placemark>
        <name>△ 진안303</name>
        <description><![CDATA[<b>삼각점</b><br>명칭: 진안303<br>위도: 35.952748°N<br>경도: 127.387271°E<br><br><a href="https://map.naver.com/v5/search/35.9527484999993,127.387271472222">📍 네이버 지도</a>]]></description>
        <styleUrl>#삼각점_style</styleUrl>
        <Point>
          <coordinates>127.387271472222,35.9527484999993,0</coordinates>
        </Point>
      </Placemark>
      <Placemark>
        <name>△ 진안304</name>
        <description><![CDATA[<b>삼각점</b><br>명칭: 진안304<br>위도: 35.992823°N<br>경도: 127.447184°E<br><br><a href="https://map.naver.com/v5/search/35.992823166666,127.44718425">📍 네이버 지도</a>]]></description>
        <styleUrl>#삼각점_style</styleUrl>
        <Point>
          <coordinates>127.44718425,35.992823166666,0</coordinates>
        </Point>
      </Placemark>
      <Placemark>
        <name>△ 진안305</name>
        <description><![CDATA[<b>삼각점</b><br>명칭: 진안305<br>위도: 35.938182°N<br>경도: 127.476280°E<br><br><a href="https://map.naver.com/v5/search/35.9381817777771,127.476279861111">📍 네이버 지도</a>]]></description>
        <styleUrl>#삼각점_style</styleUrl>
        <Point>
          <coordinates>127.476279861111,35.9381817777771,0</coordinates>
        </Point>
      </Placemark>
      <Placemark>
        <name>△ 진안307</name>
        <description><![CDATA[<b>삼각점</b><br>명칭: 진안307<br>위도: 35.868780°N<br>경도: 127.412811°E<br><br><a href="https://map.naver.com/v5/search/35.8687799166659,127.412811194444">📍 네이버 지도</a>]]></description>
        <styleUrl>#삼각점_style</styleUrl>
        <Point>
          <coordinates>127.412811194444,35.8687799166659,0</coordinates>
        </Point>
      </Placemark>
      <Placemark>
        <name>△ 진안309</name>
        <description><![CDATA[<b>삼각점</b><br>명칭: 진안309<br>위도: 35.847484°N<br>경도: 127.321396°E<br><br><a href="https://map.naver.com/v5/search/35.8474835833326,127.321395944444">📍 네이버 지도</a>]]></description>
        <styleUrl>#삼각점_style</styleUrl>
        <Point>
          <coordinates>127.321395944444,35.8474835833326,0</coordinates>
        </Point>
      </Placemark>
      <Placemark>
        <name>△ 진안310</name>
        <description><![CDATA[<b>삼각점</b><br>명칭: 진안310<br>위도: 35.886202°N<br>경도: 127.293294°E<br><br><a href="https://map.naver.com/v5/search/35.8862019444437,127.293293861111">📍 네이버 지도</a>]]></description>
        <styleUrl>#삼각점_style</styleUrl>
        <Point>
          <coordinates>127.293293861111,35.8862019444437,0</coordinates>
        </Point>
      </Placemark>
      <Placemark>
        <name>△ 진안313</name>
        <description><![CDATA[<b>삼각점</b><br>명칭: 진안313<br>위도: 35.813295°N<br>경도: 127.360441°E<br><br><a href="https://map.naver.com/v5/search/35.8132952222215,127.360441">📍 네이버 지도</a>]]></description>
        <styleUrl>#삼각점_style</styleUrl>
        <Point>
          <coordinates>127.360441,35.8132952222215,0</coordinates>
        </Point>
      </Placemark>
      <Placemark>
        <name>△ 진안315</name>
        <description><![CDATA[<b>삼각점</b><br>명칭: 진안315<br>위도: 35.816747°N<br>경도: 127.434875°E<br><br><a href="https://map.naver.com/v5/search/35.8167473888881,127.434874527778">📍 네이버 지도</a>]]></description>
        <styleUrl>#삼각점_style</styleUrl>
        <Point>
          <coordinates>127.434874527778,35.8167473888881,0</coordinates>
        </Point>
      </Placemark>
      <Placemark>
        <name>△ 진안404</name>
        <description><![CDATA[<b>삼각점</b><br>명칭: 진안404<br>위도: 35.980349°N<br>경도: 127.278459°E<br><br><a href="https://map.naver.com/v5/search/35.9803488055549,127.2784595">📍 네이버 지도</a>]]></description>
        <styleUrl>#삼각점_style</styleUrl>
        <Point>
          <coordinates>127.2784595,35.9803488055549,0</coordinates>
        </Point>
      </Placemark>
      <Placemark>
        <name>△ 진안406</name>
        <description><![CDATA[<b>삼각점</b><br>명칭: 진안406<br>위도: 35.949161°N<br>경도: 127.303617°E<br><br><a href="https://map.naver.com/v5/search/35.9491612777771,127.303616888889">📍 네이버 지도</a>]]></description>
        <styleUrl>#삼각점_style</styleUrl>
        <Point>
          <coordinates>127.303616888889,35.9491612777771,0</coordinates>
        </Point>
      </Placemark>
      <Placemark>
        <name>△ 진안409</name>
        <description><![CDATA[<b>삼각점</b><br>명칭: 진안409<br>위도: 35.969586°N<br>경도: 127.345206°E<br><br><a href="https://map.naver.com/v5/search/35.9695863055548,127.34520575">📍 네이버 지도</a>]]></description>
        <styleUrl>#삼각점_style</styleUrl>
        <Point>
          <coordinates>127.34520575,35.9695863055548,0</coordinates>
        </Point>
      </Placemark>
      <Placemark>
        <name>△ 진안411</name>
        <description><![CDATA[<b>삼각점</b><br>명칭: 진안411<br>위도: 35.998131°N<br>경도: 127.348109°E<br><br><a href="https://map.naver.com/v5/search/35.9981314999993,127.348108861111">📍 네이버 지도</a>]]></description>
        <styleUrl>#삼각점_style</styleUrl>
        <Point>
          <coordinates>127.348108861111,35.9981314999993,0</coordinates>
        </Point>
      </Placemark>
      <Placemark>
        <name>△ 진안412</name>
        <description><![CDATA[<b>삼각점</b><br>명칭: 진안412<br>위도: 35.975510°N<br>경도: 127.388932°E<br><br><a href="https://map.naver.com/v5/search/35.975510416666,127.388932">📍 네이버 지도</a>]]></description>
        <styleUrl>#삼각점_style</styleUrl>
        <Point>
          <coordinates>127.388932,35.975510416666,0</coordinates>
        </Point>
      </Placemark>
      <Placemark>
        <name>△ 진안413</name>
        <description><![CDATA[<b>삼각점</b><br>명칭: 진안413<br>위도: 35.932462°N<br>경도: 127.427698°E<br><br><a href="https://map.naver.com/v5/search/35.9324616388882,127.427698333333">📍 네이버 지도</a>]]></description>
        <styleUrl>#삼각점_style</styleUrl>
        <Point>
          <coordinates>127.427698333333,35.9324616388882,0</coordinates>
        </Point>
      </Placemark>
      <Placemark>
        <name>△ 진안414</name>
        <description><![CDATA[<b>삼각점</b><br>명칭: 진안414<br>위도: 35.973972°N<br>경도: 127.431388°E<br><br><a href="https://map.naver.com/v5/search/35.9739717499993,127.431388305556">📍 네이버 지도</a>]]></description>
        <styleUrl>#삼각점_style</styleUrl>
        <Point>
          <coordinates>127.431388305556,35.9739717499993,0</coordinates>
        </Point>
      </Placemark>
      <Placemark>
        <name>△ 진안415</name>
        <description><![CDATA[<b>삼각점</b><br>명칭: 진안415<br>위도: 35.953900°N<br>경도: 127.437322°E<br><br><a href="https://map.naver.com/v5/search/35.9538999444437,127.437322361111">📍 네이버 지도</a>]]></description>
        <styleUrl>#삼각점_style</styleUrl>
        <Point>
          <coordinates>127.437322361111,35.9538999444437,0</coordinates>
        </Point>
      </Placemark>
      <Placemark>
        <name>△ 진안416</name>
        <description><![CDATA[<b>삼각점</b><br>명칭: 진안416<br>위도: 35.959779°N<br>경도: 127.459968°E<br><br><a href="https://map.naver.com/v5/search/35.9597789444437,127.459968222222">📍 네이버 지도</a>]]></description>
        <styleUrl>#삼각점_style</styleUrl>
        <Point>
          <coordinates>127.459968222222,35.9597789444437,0</coordinates>
        </Point>
      </Placemark>
      <Placemark>
        <name>△ 진안417</name>
        <description><![CDATA[<b>삼각점</b><br>명칭: 진안417<br>위도: 35.924190°N<br>경도: 127.490592°E<br><br><a href="https://map.naver.com/v5/search/35.924190166666,127.490591888889">📍 네이버 지도</a>]]></description>
        <styleUrl>#삼각점_style</styleUrl>
        <Point>
          <coordinates>127.490591888889,35.924190166666,0</coordinates>
        </Point>
      </Placemark>
      <Placemark>
        <name>△ 진안419</name>
        <description><![CDATA[<b>삼각점</b><br>명칭: 진안419<br>위도: 35.855910°N<br>경도: 127.485215°E<br><br><a href="https://map.naver.com/v5/search/35.8559098333326,127.485214916667">📍 네이버 지도</a>]]></description>
        <styleUrl>#삼각점_style</styleUrl>
        <Point>
          <coordinates>127.485214916667,35.8559098333326,0</coordinates>
        </Point>
      </Placemark>
      <Placemark>
        <name>△ 진안420</name>
        <description><![CDATA[<b>삼각점</b><br>명칭: 진안420<br>위도: 35.898139°N<br>경도: 127.477221°E<br><br><a href="https://map.naver.com/v5/search/35.8981389444437,127.477221416667">📍 네이버 지도</a>]]></description>
        <styleUrl>#삼각점_style</styleUrl>
        <Point>
          <coordinates>127.477221416667,35.8981389444437,0</coordinates>
        </Point>
      </Placemark>
      <Placemark>
        <name>△ 진안421</name>
        <description><![CDATA[<b>삼각점</b><br>명칭: 진안421<br>위도: 35.873625°N<br>경도: 127.476643°E<br><br><a href="https://map.naver.com/v5/search/35.8736247499993,127.47664325">📍 네이버 지도</a>]]></description>
        <styleUrl>#삼각점_style</styleUrl>
        <Point>
          <coordinates>127.47664325,35.8736247499993,0</coordinates>
        </Point>
      </Placemark>
      <Placemark>
        <name>△ 진안425</name>
        <description><![CDATA[<b>삼각점</b><br>명칭: 진안425<br>위도: 35.839222°N<br>경도: 127.408424°E<br><br><a href="https://map.naver.com/v5/search/35.839221527777,127.408423833333">📍 네이버 지도</a>]]></description>
        <styleUrl>#삼각점_style</styleUrl>
        <Point>
          <coordinates>127.408423833333,35.839221527777,0</coordinates>
        </Point>
      </Placemark>
      <Placemark>
        <name>△ 진안428</name>
        <description><![CDATA[<b>삼각점</b><br>명칭: 진안428<br>위도: 35.846753°N<br>경도: 127.383566°E<br><br><a href="https://map.naver.com/v5/search/35.8467526388882,127.3835655">📍 네이버 지도</a>]]></description>
        <styleUrl>#삼각점_style</styleUrl>
        <Point>
          <coordinates>127.3835655,35.8467526388882,0</coordinates>
        </Point>
      </Placemark>
      <Placemark>
        <name>△ 진안429</name>
        <description><![CDATA[<b>삼각점</b><br>명칭: 진안429<br>위도: 35.840287°N<br>경도: 127.349255°E<br><br><a href="https://map.naver.com/v5/search/35.8402874166659,127.349255111111">📍 네이버 지도</a>]]></description>
        <styleUrl>#삼각점_style</styleUrl>
        <Point>
          <coordinates>127.349255111111,35.8402874166659,0</coordinates>
        </Point>
      </Placemark>
      <Placemark>
        <name>△ 진안430</name>
        <description><![CDATA[<b>삼각점</b><br>명칭: 진안430<br>위도: 35.858556°N<br>경도: 127.346559°E<br><br><a href="https://map.naver.com/v5/search/35.8585559444437,127.346558722222">📍 네이버 지도</a>]]></description>
        <styleUrl>#삼각점_style</styleUrl>
        <Point>
          <coordinates>127.346558722222,35.8585559444437,0</coordinates>
        </Point>
      </Placemark>
      <Placemark>
        <name>△ 진안433</name>
        <description><![CDATA[<b>삼각점</b><br>명칭: 진안433<br>위도: 35.868131°N<br>경도: 127.320858°E<br><br><a href="https://map.naver.com/v5/search/35.8681308611104,127.320858388889">📍 네이버 지도</a>]]></description>
        <styleUrl>#삼각점_style</styleUrl>
        <Point>
          <coordinates>127.320858388889,35.8681308611104,0</coordinates>
        </Point>
      </Placemark>
      <Placemark>
        <name>△ 진안437</name>
        <description><![CDATA[<b>삼각점</b><br>명칭: 진안437<br>위도: 35.857130°N<br>경도: 127.288256°E<br><br><a href="https://map.naver.com/v5/search/35.8571302222215,127.288255916667">📍 네이버 지도</a>]]></description>
        <styleUrl>#삼각점_style</styleUrl>
        <Point>
          <coordinates>127.288255916667,35.8571302222215,0</coordinates>
        </Point>
      </Placemark>
      <Placemark>
        <name>△ 진안438</name>
        <description><![CDATA[<b>삼각점</b><br>명칭: 진안438<br>위도: 35.892371°N<br>경도: 127.280604°E<br><br><a href="https://map.naver.com/v5/search/35.8923707777771,127.280603555556">📍 네이버 지도</a>]]></description>
        <styleUrl>#삼각점_style</styleUrl>
        <Point>
          <coordinates>127.280603555556,35.8923707777771,0</coordinates>
        </Point>
      </Placemark>
      <Placemark>
        <name>△ 진안439</name>
        <description><![CDATA[<b>삼각점</b><br>명칭: 진안439<br>위도: 35.874262°N<br>경도: 127.266784°E<br><br><a href="https://map.naver.com/v5/search/35.8742618888882,127.266784416667">📍 네이버 지도</a>]]></description>
        <styleUrl>#삼각점_style</styleUrl>
        <Point>
          <coordinates>127.266784416667,35.8742618888882,0</coordinates>
        </Point>
      </Placemark>
      <Placemark>
        <name>△ 진안443</name>
        <description><![CDATA[<b>삼각점</b><br>명칭: 진안443<br>위도: 35.811138°N<br>경도: 127.271259°E<br><br><a href="https://map.naver.com/v5/search/35.8111376944437,127.271259">📍 네이버 지도</a>]]></description>
        <styleUrl>#삼각점_style</styleUrl>
        <Point>
          <coordinates>127.271259,35.8111376944437,0</coordinates>
        </Point>
      </Placemark>
      <Placemark>
        <name>△ 진안445</name>
        <description><![CDATA[<b>삼각점</b><br>명칭: 진안445<br>위도: 35.753929°N<br>경도: 127.284351°E<br><br><a href="https://map.naver.com/v5/search/35.7539292499992,127.284350555556">📍 네이버 지도</a>]]></description>
        <styleUrl>#삼각점_style</styleUrl>
        <Point>
          <coordinates>127.284350555556,35.7539292499992,0</coordinates>
        </Point>
      </Placemark>
      <Placemark>
        <name>△ 진안446</name>
        <description><![CDATA[<b>삼각점</b><br>명칭: 진안446<br>위도: 35.791927°N<br>경도: 127.296276°E<br><br><a href="https://map.naver.com/v5/search/35.7919271111103,127.296276194444">📍 네이버 지도</a>]]></description>
        <styleUrl>#삼각점_style</styleUrl>
        <Point>
          <coordinates>127.296276194444,35.7919271111103,0</coordinates>
        </Point>
      </Placemark>
      <Placemark>
        <name>△ 진안451</name>
        <description><![CDATA[<b>삼각점</b><br>명칭: 진안451<br>위도: 35.784583°N<br>경도: 127.335866°E<br><br><a href="https://map.naver.com/v5/search/35.784582527777,127.335866027778">📍 네이버 지도</a>]]></description>
        <styleUrl>#삼각점_style</styleUrl>
        <Point>
          <coordinates>127.335866027778,35.784582527777,0</coordinates>
        </Point>
      </Placemark>
      <Placemark>
        <name>△ 진안452</name>
        <description><![CDATA[<b>삼각점</b><br>명칭: 진안452<br>위도: 35.763116°N<br>경도: 127.346751°E<br><br><a href="https://map.naver.com/v5/search/35.7631156111103,127.346751027778">📍 네이버 지도</a>]]></description>
        <styleUrl>#삼각점_style</styleUrl>
        <Point>
          <coordinates>127.346751027778,35.7631156111103,0</coordinates>
        </Point>
      </Placemark>
      <Placemark>
        <name>△ 진안453</name>
        <description><![CDATA[<b>삼각점</b><br>명칭: 진안453<br>위도: 35.785458°N<br>경도: 127.377446°E<br><br><a href="https://map.naver.com/v5/search/35.7854579166659,127.377446055556">📍 네이버 지도</a>]]></description>
        <styleUrl>#삼각점_style</styleUrl>
        <Point>
          <coordinates>127.377446055556,35.7854579166659,0</coordinates>
        </Point>
      </Placemark>
      <Placemark>
        <name>△ 진안454</name>
        <description><![CDATA[<b>삼각점</b><br>명칭: 진안454<br>위도: 35.828976°N<br>경도: 127.378383°E<br><br><a href="https://map.naver.com/v5/search/35.8289764999993,127.378383361111">📍 네이버 지도</a>]]></description>
        <styleUrl>#삼각점_style</styleUrl>
        <Point>
          <coordinates>127.378383361111,35.8289764999993,0</coordinates>
        </Point>
      </Placemark>
      <Placemark>
        <name>△ 진안455</name>
        <description><![CDATA[<b>삼각점</b><br>명칭: 진안455<br>위도: 35.761693°N<br>경도: 127.387437°E<br><br><a href="https://map.naver.com/v5/search/35.7616933611104,127.387437222222">📍 네이버 지도</a>]]></description>
        <styleUrl>#삼각점_style</styleUrl>
        <Point>
          <coordinates>127.387437222222,35.7616933611104,0</coordinates>
        </Point>
      </Placemark>
      <Placemark>
        <name>△ 진안460</name>
        <description><![CDATA[<b>삼각점</b><br>명칭: 진안460<br>위도: 35.759944°N<br>경도: 127.447291°E<br><br><a href="https://map.naver.com/v5/search/35.759943777777,127.44729125">📍 네이버 지도</a>]]></description>
        <styleUrl>#삼각점_style</styleUrl>
        <Point>
          <coordinates>127.44729125,35.759943777777,0</coordinates>
        </Point>
      </Placemark>
      <Placemark>
        <name>△ 진안463</name>
        <description><![CDATA[<b>삼각점</b><br>명칭: 진안463<br>위도: 35.831442°N<br>경도: 127.471126°E<br><br><a href="https://map.naver.com/v5/search/35.8314417499993,127.471126305556">📍 네이버 지도</a>]]></description>
        <styleUrl>#삼각점_style</styleUrl>
        <Point>
          <coordinates>127.471126305556,35.8314417499993,0</coordinates>
        </Point>
      </Placemark>
      <Placemark>
        <name>△ 진안465</name>
        <description><![CDATA[<b>삼각점</b><br>명칭: 진안465<br>위도: 35.768184°N<br>경도: 127.494319°E<br><br><a href="https://map.naver.com/v5/search/35.768184277777,127.494319361111">📍 네이버 지도</a>]]></description>
        <styleUrl>#삼각점_style</styleUrl>
        <Point>
          <coordinates>127.494319361111,35.768184277777,0</coordinates>
        </Point>
      </Placemark>
      <Placemark>
        <name>△ 갈담305</name>
        <description><![CDATA[<b>삼각점</b><br>명칭: 갈담305<br>위도: 35.709334°N<br>경도: 127.208777°E<br><br><a href="https://map.naver.com/v5/search/35.7093341388881,127.208776694444">📍 네이버 지도</a>]]></description>
        <styleUrl>#삼각점_style</styleUrl>
        <Point>
          <coordinates>127.208776694444,35.7093341388881,0</coordinates>
        </Point>
      </Placemark>
      <Placemark>
        <name>△ 갈담307</name>
        <description><![CDATA[<b>삼각점</b><br>명칭: 갈담307<br>위도: 35.600774°N<br>경도: 127.223860°E<br><br><a href="https://map.naver.com/v5/search/35.6007744444436,127.223859916667">📍 네이버 지도</a>]]></description>
        <styleUrl>#삼각점_style</styleUrl>
        <Point>
          <coordinates>127.223859916667,35.6007744444436,0</coordinates>
        </Point>
      </Placemark>
      <Placemark>
        <name>△ 갈담317</name>
        <description><![CDATA[<b>삼각점</b><br>명칭: 갈담317<br>위도: 35.511819°N<br>경도: 127.208081°E<br><br><a href="https://map.naver.com/v5/search/35.5118190833325,127.208080916667">📍 네이버 지도</a>]]></description>
        <styleUrl>#삼각점_style</styleUrl>
        <Point>
          <coordinates>127.208080916667,35.5118190833325,0</coordinates>
        </Point>
      </Placemark>
      <Placemark>
        <name>△ 갈담420</name>
        <description><![CDATA[<b>삼각점</b><br>명칭: 갈담420<br>위도: 35.697999°N<br>경도: 127.231500°E<br><br><a href="https://map.naver.com/v5/search/35.6979987222214,127.231499583333">📍 네이버 지도</a>]]></description>
        <styleUrl>#삼각점_style</styleUrl>
        <Point>
          <coordinates>127.231499583333,35.6979987222214,0</coordinates>
        </Point>
      </Placemark>
      <Placemark>
        <name>△ 갈담421</name>
        <description><![CDATA[<b>삼각점</b><br>명칭: 갈담421<br>위도: 35.717339°N<br>경도: 127.241018°E<br><br><a href="https://map.naver.com/v5/search/35.7173386111103,127.241017944444">📍 네이버 지도</a>]]></description>
        <styleUrl>#삼각점_style</styleUrl>
        <Point>
          <coordinates>127.241017944444,35.7173386111103,0</coordinates>
        </Point>
      </Placemark>
      <Placemark>
        <name>△ 갈담422</name>
        <description><![CDATA[<b>삼각점</b><br>명칭: 갈담422<br>위도: 35.659552°N<br>경도: 127.239639°E<br><br><a href="https://map.naver.com/v5/search/35.6595524999992,127.239639166667">📍 네이버 지도</a>]]></description>
        <styleUrl>#삼각점_style</styleUrl>
        <Point>
          <coordinates>127.239639166667,35.6595524999992,0</coordinates>
        </Point>
      </Placemark>
      <Placemark>
        <name>△ 갈담425</name>
        <description><![CDATA[<b>삼각점</b><br>명칭: 갈담425<br>위도: 35.660706°N<br>경도: 127.183928°E<br><br><a href="https://map.naver.com/v5/search/35.6607059166659,127.1839285">📍 네이버 지도</a>]]></description>
        <styleUrl>#삼각점_style</styleUrl>
        <Point>
          <coordinates>127.1839285,35.6607059166659,0</coordinates>
        </Point>
      </Placemark>
      <Placemark>
        <name>△ 갈담466</name>
        <description><![CDATA[<b>삼각점</b><br>명칭: 갈담466<br>위도: 35.580778°N<br>경도: 127.210948°E<br><br><a href="https://map.naver.com/v5/search/35.5807778055547,127.210948111111">📍 네이버 지도</a>]]></description>
        <styleUrl>#삼각점_style</styleUrl>
        <Point>
          <coordinates>127.210948111111,35.5807778055547,0</coordinates>
        </Point>
      </Placemark>
      <Placemark>
        <name>△ 갈담470</name>
        <description><![CDATA[<b>삼각점</b><br>명칭: 갈담470<br>위도: 35.580038°N<br>경도: 127.236749°E<br><br><a href="https://map.naver.com/v5/search/35.5800375555547,127.236748777778">📍 네이버 지도</a>]]></description>
        <styleUrl>#삼각점_style</styleUrl>
        <Point>
          <coordinates>127.236748777778,35.5800375555547,0</coordinates>
        </Point>
      </Placemark>
      <Placemark>
        <name>△ 임실301</name>
        <description><![CDATA[<b>삼각점</b><br>명칭: 임실301<br>위도: 35.733770°N<br>경도: 127.272674°E<br><br><a href="https://map.naver.com/v5/search/35.7337698055548,127.272674138889">📍 네이버 지도</a>]]></description>
        <styleUrl>#삼각점_style</styleUrl>
        <Point>
          <coordinates>127.272674138889,35.7337698055548,0</coordinates>
        </Point>
      </Placemark>
      <Placemark>
        <name>△ 임실302</name>
        <description><![CDATA[<b>삼각점</b><br>명칭: 임실302<br>위도: 35.695763°N<br>경도: 127.290706°E<br><br><a href="https://map.naver.com/v5/search/35.6957630833326,127.290706416667">📍 네이버 지도</a>]]></description>
        <styleUrl>#삼각점_style</styleUrl>
        <Point>
          <coordinates>127.290706416667,35.6957630833326,0</coordinates>
        </Point>
      </Placemark>
      <Placemark>
        <name>△ 임실303</name>
        <description><![CDATA[<b>삼각점</b><br>명칭: 임실303<br>위도: 35.733142°N<br>경도: 127.347411°E<br><br><a href="https://map.naver.com/v5/search/35.7331422499992,127.347411194444">📍 네이버 지도</a>]]></description>
        <styleUrl>#삼각점_style</styleUrl>
        <Point>
          <coordinates>127.347411194444,35.7331422499992,0</coordinates>
        </Point>
      </Placemark>
      <Placemark>
        <name>△ 임실306</name>
        <description><![CDATA[<b>삼각점</b><br>명칭: 임실306<br>위도: 35.671709°N<br>경도: 127.489686°E<br><br><a href="https://map.naver.com/v5/search/35.6717086666659,127.489686472222">📍 네이버 지도</a>]]></description>
        <styleUrl>#삼각점_style</styleUrl>
        <Point>
          <coordinates>127.489686472222,35.6717086666659,0</coordinates>
        </Point>
      </Placemark>
      <Placemark>
        <name>△ 임실307</name>
        <description><![CDATA[<b>삼각점</b><br>명칭: 임실307<br>위도: 35.642199°N<br>경도: 127.428473°E<br><br><a href="https://map.naver.com/v5/search/35.6421988611103,127.42847325">📍 네이버 지도</a>]]></description>
        <styleUrl>#삼각점_style</styleUrl>
        <Point>
          <coordinates>127.42847325,35.6421988611103,0</coordinates>
        </Point>
      </Placemark>
      <Placemark>
        <name>△ 임실309</name>
        <description><![CDATA[<b>삼각점</b><br>명칭: 임실309<br>위도: 35.642455°N<br>경도: 127.333292°E<br><br><a href="https://map.naver.com/v5/search/35.6424549166659,127.333291611111">📍 네이버 지도</a>]]></description>
        <styleUrl>#삼각점_style</styleUrl>
        <Point>
          <coordinates>127.333291611111,35.6424549166659,0</coordinates>
        </Point>
      </Placemark>
      <Placemark>
        <name>△ 임실311</name>
        <description><![CDATA[<b>삼각점</b><br>명칭: 임실311<br>위도: 35.647735°N<br>경도: 127.291436°E<br><br><a href="https://map.naver.com/v5/search/35.6477350555548,127.291435916667">📍 네이버 지도</a>]]></description>
        <styleUrl>#삼각점_style</styleUrl>
        <Point>
          <coordinates>127.291435916667,35.6477350555548,0</coordinates>
        </Point>
      </Placemark>
      <Placemark>
        <name>△ 임실312</name>
        <description><![CDATA[<b>삼각점</b><br>명칭: 임실312<br>위도: 35.521367°N<br>경도: 127.257701°E<br><br><a href="https://map.naver.com/v5/search/35.521367277777,127.257701333333">📍 네이버 지도</a>]]></description>
        <styleUrl>#삼각점_style</styleUrl>
        <Point>
          <coordinates>127.257701333333,35.521367277777,0</coordinates>
        </Point>
      </Placemark>
      <Placemark>
        <name>△ 임실313</name>
        <description><![CDATA[<b>삼각점</b><br>명칭: 임실313<br>위도: 35.525998°N<br>경도: 127.315639°E<br><br><a href="https://map.naver.com/v5/search/35.5259982499992,127.315639055556">📍 네이버 지도</a>]]></description>
        <styleUrl>#삼각점_style</styleUrl>
        <Point>
          <coordinates>127.315639055556,35.5259982499992,0</coordinates>
        </Point>
      </Placemark>
      <Placemark>
        <name>△ 임실315</name>
        <description><![CDATA[<b>삼각점</b><br>명칭: 임실315<br>위도: 35.516065°N<br>경도: 127.375642°E<br><br><a href="https://map.naver.com/v5/search/35.5160651944436,127.375641722222">📍 네이버 지도</a>]]></description>
        <styleUrl>#삼각점_style</styleUrl>
        <Point>
          <coordinates>127.375641722222,35.5160651944436,0</coordinates>
        </Point>
      </Placemark>
      <Placemark>
        <name>△ 임실316</name>
        <description><![CDATA[<b>삼각점</b><br>명칭: 임실316<br>위도: 35.559817°N<br>경도: 127.408043°E<br><br><a href="https://map.naver.com/v5/search/35.5598171388881,127.408042944444">📍 네이버 지도</a>]]></description>
        <styleUrl>#삼각점_style</styleUrl>
        <Point>
          <coordinates>127.408042944444,35.5598171388881,0</coordinates>
        </Point>
      </Placemark>
      <Placemark>
        <name>△ 임실317</name>
        <description><![CDATA[<b>삼각점</b><br>명칭: 임실317<br>위도: 35.574560°N<br>경도: 127.455773°E<br><br><a href="https://map.naver.com/v5/search/35.5745598888881,127.455772666667">📍 네이버 지도</a>]]></description>
        <styleUrl>#삼각점_style</styleUrl>
        <Point>
          <coordinates>127.455772666667,35.5745598888881,0</coordinates>
        </Point>
      </Placemark>
      <Placemark>
        <name>△ 임실403</name>
        <description><![CDATA[<b>삼각점</b><br>명칭: 임실403<br>위도: 35.711025°N<br>경도: 127.274065°E<br><br><a href="https://map.naver.com/v5/search/35.7110251111104,127.274064888889">📍 네이버 지도</a>]]></description>
        <styleUrl>#삼각점_style</styleUrl>
        <Point>
          <coordinates>127.274064888889,35.7110251111104,0</coordinates>
        </Point>
      </Placemark>
      <Placemark>
        <name>△ 임실404</name>
        <description><![CDATA[<b>삼각점</b><br>명칭: 임실404<br>위도: 35.673578°N<br>경도: 127.297403°E<br><br><a href="https://map.naver.com/v5/search/35.6735776388881,127.297402916667">📍 네이버 지도</a>]]></description>
        <styleUrl>#삼각점_style</styleUrl>
        <Point>
          <coordinates>127.297402916667,35.6735776388881,0</coordinates>
        </Point>
      </Placemark>
      <Placemark>
        <name>△ 임실406</name>
        <description><![CDATA[<b>삼각점</b><br>명칭: 임실406<br>위도: 35.720994°N<br>경도: 127.313939°E<br><br><a href="https://map.naver.com/v5/search/35.7209939722214,127.3139385">📍 네이버 지도</a>]]></description>
        <styleUrl>#삼각점_style</styleUrl>
        <Point>
          <coordinates>127.3139385,35.7209939722214,0</coordinates>
        </Point>
      </Placemark>
      <Placemark>
        <name>△ 임실409</name>
        <description><![CDATA[<b>삼각점</b><br>명칭: 임실409<br>위도: 35.671343°N<br>경도: 127.341056°E<br><br><a href="https://map.naver.com/v5/search/35.6713428888881,127.341056">📍 네이버 지도</a>]]></description>
        <styleUrl>#삼각점_style</styleUrl>
        <Point>
          <coordinates>127.341056,35.6713428888881,0</coordinates>
        </Point>
      </Placemark>
      <Placemark>
        <name>△ 임실411</name>
        <description><![CDATA[<b>삼각점</b><br>명칭: 임실411<br>위도: 35.705189°N<br>경도: 127.378647°E<br><br><a href="https://map.naver.com/v5/search/35.7051890833326,127.378647083333">📍 네이버 지도</a>]]></description>
        <styleUrl>#삼각점_style</styleUrl>
        <Point>
          <coordinates>127.378647083333,35.7051890833326,0</coordinates>
        </Point>
      </Placemark>
      <Placemark>
        <name>△ 임실412</name>
        <description><![CDATA[<b>삼각점</b><br>명칭: 임실412<br>위도: 35.731565°N<br>경도: 127.378425°E<br><br><a href="https://map.naver.com/v5/search/35.731564527777,127.378424972222">📍 네이버 지도</a>]]></description>
        <styleUrl>#삼각점_style</styleUrl>
        <Point>
          <coordinates>127.378424972222,35.731564527777,0</coordinates>
        </Point>
      </Placemark>
      <Placemark>
        <name>△ 임실418</name>
        <description><![CDATA[<b>삼각점</b><br>명칭: 임실418<br>위도: 35.740372°N<br>경도: 127.426970°E<br><br><a href="https://map.naver.com/v5/search/35.7403718333326,127.42697025">📍 네이버 지도</a>]]></description>
        <styleUrl>#삼각점_style</styleUrl>
        <Point>
          <coordinates>127.42697025,35.7403718333326,0</coordinates>
        </Point>
      </Placemark>
      <Placemark>
        <name>△ 임실421</name>
        <description><![CDATA[<b>삼각점</b><br>명칭: 임실421<br>위도: 35.624503°N<br>경도: 127.495860°E<br><br><a href="https://map.naver.com/v5/search/35.6245028888881,127.495859611111">📍 네이버 지도</a>]]></description>
        <styleUrl>#삼각점_style</styleUrl>
        <Point>
          <coordinates>127.495859611111,35.6245028888881,0</coordinates>
        </Point>
      </Placemark>
      <Placemark>
        <name>△ 임실425</name>
        <description><![CDATA[<b>삼각점</b><br>명칭: 임실425<br>위도: 35.654051°N<br>경도: 127.446645°E<br><br><a href="https://map.naver.com/v5/search/35.6540514444437,127.446645138889">📍 네이버 지도</a>]]></description>
        <styleUrl>#삼각점_style</styleUrl>
        <Point>
          <coordinates>127.446645138889,35.6540514444437,0</coordinates>
        </Point>
      </Placemark>
      <Placemark>
        <name>△ 임실427</name>
        <description><![CDATA[<b>삼각점</b><br>명칭: 임실427<br>위도: 35.604789°N<br>경도: 127.440595°E<br><br><a href="https://map.naver.com/v5/search/35.6047893888881,127.440594972222">📍 네이버 지도</a>]]></description>
        <styleUrl>#삼각점_style</styleUrl>
        <Point>
          <coordinates>127.440594972222,35.6047893888881,0</coordinates>
        </Point>
      </Placemark>
      <Placemark>
        <name>△ 임실429</name>
        <description><![CDATA[<b>삼각점</b><br>명칭: 임실429<br>위도: 35.646157°N<br>경도: 127.407746°E<br><br><a href="https://map.naver.com/v5/search/35.6461568611103,127.407745638889">📍 네이버 지도</a>]]></description>
        <styleUrl>#삼각점_style</styleUrl>
        <Point>
          <coordinates>127.407745638889,35.6461568611103,0</coordinates>
        </Point>
      </Placemark>
      <Placemark>
        <name>△ 임실431</name>
        <description><![CDATA[<b>삼각점</b><br>명칭: 임실431<br>위도: 35.654133°N<br>경도: 127.377932°E<br><br><a href="https://map.naver.com/v5/search/35.6541327222214,127.377931916667">📍 네이버 지도</a>]]></description>
        <styleUrl>#삼각점_style</styleUrl>
        <Point>
          <coordinates>127.377931916667,35.6541327222214,0</coordinates>
        </Point>
      </Placemark>
      <Placemark>
        <name>△ 임실432</name>
        <description><![CDATA[<b>삼각점</b><br>명칭: 임실432<br>위도: 35.630935°N<br>경도: 127.366950°E<br><br><a href="https://map.naver.com/v5/search/35.6309354999992,127.366949777778">📍 네이버 지도</a>]]></description>
        <styleUrl>#삼각점_style</styleUrl>
        <Point>
          <coordinates>127.366949777778,35.6309354999992,0</coordinates>
        </Point>
      </Placemark>
      <Placemark>
        <name>△ 임실434</name>
        <description><![CDATA[<b>삼각점</b><br>명칭: 임실434<br>위도: 35.618984°N<br>경도: 127.347735°E<br><br><a href="https://map.naver.com/v5/search/35.6189843888881,127.3477345">📍 네이버 지도</a>]]></description>
        <styleUrl>#삼각점_style</styleUrl>
        <Point>
          <coordinates>127.3477345,35.6189843888881,0</coordinates>
        </Point>
      </Placemark>
      <Placemark>
        <name>△ 임실436</name>
        <description><![CDATA[<b>삼각점</b><br>명칭: 임실436<br>위도: 35.618472°N<br>경도: 127.326809°E<br><br><a href="https://map.naver.com/v5/search/35.6184717222214,127.326809388889">📍 네이버 지도</a>]]></description>
        <styleUrl>#삼각점_style</styleUrl>
        <Point>
          <coordinates>127.326809388889,35.6184717222214,0</coordinates>
        </Point>
      </Placemark>
      <Placemark>
        <name>△ 임실443</name>
        <description><![CDATA[<b>삼각점</b><br>명칭: 임실443<br>위도: 35.618432°N<br>경도: 127.268529°E<br><br><a href="https://map.naver.com/v5/search/35.6184315555548,127.268529194444">📍 네이버 지도</a>]]></description>
        <styleUrl>#삼각점_style</styleUrl>
        <Point>
          <coordinates>127.268529194444,35.6184315555548,0</coordinates>
        </Point>
      </Placemark>
      <Placemark>
        <name>△ 임실444</name>
        <description><![CDATA[<b>삼각점</b><br>명칭: 임실444<br>위도: 35.598147°N<br>경도: 127.256170°E<br><br><a href="https://map.naver.com/v5/search/35.5981468333325,127.256170055556">📍 네이버 지도</a>]]></description>
        <styleUrl>#삼각점_style</styleUrl>
        <Point>
          <coordinates>127.256170055556,35.5981468333325,0</coordinates>
        </Point>
      </Placemark>
      <Placemark>
        <name>△ 임실445</name>
        <description><![CDATA[<b>삼각점</b><br>명칭: 임실445<br>위도: 35.558033°N<br>경도: 127.254667°E<br><br><a href="https://map.naver.com/v5/search/35.5580328611103,127.254666527778">📍 네이버 지도</a>]]></description>
        <styleUrl>#삼각점_style</styleUrl>
        <Point>
          <coordinates>127.254666527778,35.5580328611103,0</coordinates>
        </Point>
      </Placemark>
      <Placemark>
        <name>△ 임실446</name>
        <description><![CDATA[<b>삼각점</b><br>명칭: 임실446<br>위도: 35.578596°N<br>경도: 127.268630°E<br><br><a href="https://map.naver.com/v5/search/35.5785961944436,127.26863025">📍 네이버 지도</a>]]></description>
        <styleUrl>#삼각점_style</styleUrl>
        <Point>
          <coordinates>127.26863025,35.5785961944436,0</coordinates>
        </Point>
      </Placemark>
      <Placemark>
        <name>△ 임실448</name>
        <description><![CDATA[<b>삼각점</b><br>명칭: 임실448<br>위도: 35.507143°N<br>경도: 127.284660°E<br><br><a href="https://map.naver.com/v5/search/35.5071429999992,127.284660027778">📍 네이버 지도</a>]]></description>
        <styleUrl>#삼각점_style</styleUrl>
        <Point>
          <coordinates>127.284660027778,35.5071429999992,0</coordinates>
        </Point>
      </Placemark>
      <Placemark>
        <name>△ 임실449</name>
        <description><![CDATA[<b>삼각점</b><br>명칭: 임실449<br>위도: 35.528335°N<br>경도: 127.289594°E<br><br><a href="https://map.naver.com/v5/search/35.5283354444436,127.289594305556">📍 네이버 지도</a>]]></description>
        <styleUrl>#삼각점_style</styleUrl>
        <Point>
          <coordinates>127.289594305556,35.5283354444436,0</coordinates>
        </Point>
      </Placemark>
      <Placemark>
        <name>△ 임실452</name>
        <description><![CDATA[<b>삼각점</b><br>명칭: 임실452<br>위도: 35.506359°N<br>경도: 127.309556°E<br><br><a href="https://map.naver.com/v5/search/35.5063588888881,127.309556083333">📍 네이버 지도</a>]]></description>
        <styleUrl>#삼각점_style</styleUrl>
        <Point>
          <coordinates>127.309556083333,35.5063588888881,0</coordinates>
        </Point>
      </Placemark>
      <Placemark>
        <name>△ 임실453</name>
        <description><![CDATA[<b>삼각점</b><br>명칭: 임실453<br>위도: 35.569455°N<br>경도: 127.316471°E<br><br><a href="https://map.naver.com/v5/search/35.5694545555547,127.316471222222">📍 네이버 지도</a>]]></description>
        <styleUrl>#삼각점_style</styleUrl>
        <Point>
          <coordinates>127.316471222222,35.5694545555547,0</coordinates>
        </Point>
      </Placemark>
      <Placemark>
        <name>△ 임실459</name>
        <description><![CDATA[<b>삼각점</b><br>명칭: 임실459<br>위도: 35.526020°N<br>경도: 127.394469°E<br><br><a href="https://map.naver.com/v5/search/35.5260203888881,127.394469138889">📍 네이버 지도</a>]]></description>
        <styleUrl>#삼각점_style</styleUrl>
        <Point>
          <coordinates>127.394469138889,35.5260203888881,0</coordinates>
        </Point>
      </Placemark>
      <Placemark>
        <name>△ 임실463</name>
        <description><![CDATA[<b>삼각점</b><br>명칭: 임실463<br>위도: 35.559037°N<br>경도: 127.443527°E<br><br><a href="https://map.naver.com/v5/search/35.5590365555547,127.443527222222">📍 네이버 지도</a>]]></description>
        <styleUrl>#삼각점_style</styleUrl>
        <Point>
          <coordinates>127.443527222222,35.5590365555547,0</coordinates>
        </Point>
      </Placemark>
      <Placemark>
        <name>△ 임실466</name>
        <description><![CDATA[<b>삼각점</b><br>명칭: 임실466<br>위도: 35.575705°N<br>경도: 127.483982°E<br><br><a href="https://map.naver.com/v5/search/35.5757048888881,127.483981722222">📍 네이버 지도</a>]]></description>
        <styleUrl>#삼각점_style</styleUrl>
        <Point>
          <coordinates>127.483981722222,35.5757048888881,0</coordinates>
        </Point>
      </Placemark>
      <Placemark>
        <name>△ 군산23</name>
        <description><![CDATA[<b>삼각점</b><br>명칭: 군산23<br>위도: 35.856711°N<br>경도: 126.712752°E<br><br><a href="https://map.naver.com/v5/search/35.8567108611104,126.712752416667">📍 네이버 지도</a>]]></description>
        <styleUrl>#삼각점_style</styleUrl>
        <Point>
          <coordinates>126.712752416667,35.8567108611104,0</coordinates>
        </Point>
      </Placemark>
      <Placemark>
        <name>△ 진안26</name>
        <description><![CDATA[<b>삼각점</b><br>명칭: 진안26<br>위도: 35.809241°N<br>경도: 127.392880°E<br><br><a href="https://map.naver.com/v5/search/35.8092412222215,127.392879638889">📍 네이버 지도</a>]]></description>
        <styleUrl>#삼각점_style</styleUrl>
        <Point>
          <coordinates>127.392879638889,35.8092412222215,0</coordinates>
        </Point>
      </Placemark>
      <Placemark>
        <name>△ 임실11</name>
        <description><![CDATA[<b>삼각점</b><br>명칭: 임실11<br>위도: 35.560478°N<br>경도: 127.280858°E<br><br><a href="https://map.naver.com/v5/search/35.5604775833325,127.280857888889">📍 네이버 지도</a>]]></description>
        <styleUrl>#삼각점_style</styleUrl>
        <Point>
          <coordinates>127.280857888889,35.5604775833325,0</coordinates>
        </Point>
      </Placemark>
      <Placemark>
        <name>△ 임실22</name>
        <description><![CDATA[<b>삼각점</b><br>명칭: 임실22<br>위도: 35.720553°N<br>경도: 127.478076°E<br><br><a href="https://map.naver.com/v5/search/35.7205534166659,127.47807625">📍 네이버 지도</a>]]></description>
        <styleUrl>#삼각점_style</styleUrl>
        <Point>
          <coordinates>127.47807625,35.7205534166659,0</coordinates>
        </Point>
      </Placemark>
      <Placemark>
        <name>△ 함양402</name>
        <description><![CDATA[<b>삼각점</b><br>명칭: 함양402<br>위도: 35.744620°N<br>경도: 127.506499°E<br><br><a href="https://map.naver.com/v5/search/35.7446197222215,127.506498972222">📍 네이버 지도</a>]]></description>
        <styleUrl>#삼각점_style</styleUrl>
        <Point>
          <coordinates>127.506498972222,35.7446197222215,0</coordinates>
        </Point>
      </Placemark>
      <Placemark>
        <name>△ 담양305</name>
        <description><![CDATA[<b>삼각점</b><br>명칭: 담양305<br>위도: 35.494662°N<br>경도: 126.960460°E<br><br><a href="https://map.naver.com/v5/search/35.4946617222214,126.960459638889">📍 네이버 지도</a>]]></description>
        <styleUrl>#삼각점_style</styleUrl>
        <Point>
          <coordinates>126.960459638889,35.4946617222214,0</coordinates>
        </Point>
      </Placemark>
      <Placemark>
        <name>△ 군산11</name>
        <description><![CDATA[<b>삼각점</b><br>명칭: 군산11<br>위도: 35.920461°N<br>경도: 126.743345°E<br><br><a href="https://map.naver.com/v5/search/35.9204605833326,126.743345333333">📍 네이버 지도</a>]]></description>
        <styleUrl>#삼각점_style</styleUrl>
        <Point>
          <coordinates>126.743345333333,35.9204605833326,0</coordinates>
        </Point>
      </Placemark>
      <Placemark>
        <name>△ 군산301</name>
        <description><![CDATA[<b>삼각점</b><br>명칭: 군산301<br>위도: 35.938983°N<br>경도: 126.620190°E<br><br><a href="https://map.naver.com/v5/search/35.9389830277771,126.620189638889">📍 네이버 지도</a>]]></description>
        <styleUrl>#삼각점_style</styleUrl>
        <Point>
          <coordinates>126.620189638889,35.9389830277771,0</coordinates>
        </Point>
      </Placemark>
      <Placemark>
        <name>△ 군산409</name>
        <description><![CDATA[<b>삼각점</b><br>명칭: 군산409<br>위도: 35.941421°N<br>경도: 126.709242°E<br><br><a href="https://map.naver.com/v5/search/35.9414206388882,126.709242305556">📍 네이버 지도</a>]]></description>
        <styleUrl>#삼각점_style</styleUrl>
        <Point>
          <coordinates>126.709242305556,35.9414206388882,0</coordinates>
        </Point>
      </Placemark>
      <Placemark>
        <name>△ 군산415</name>
        <description><![CDATA[<b>삼각점</b><br>명칭: 군산415<br>위도: 35.945060°N<br>경도: 126.746849°E<br><br><a href="https://map.naver.com/v5/search/35.9450601111104,126.746849277778">📍 네이버 지도</a>]]></description>
        <styleUrl>#삼각점_style</styleUrl>
        <Point>
          <coordinates>126.746849277778,35.9450601111104,0</coordinates>
        </Point>
      </Placemark>
      <Placemark>
        <name>△ 군산427</name>
        <description><![CDATA[<b>삼각점</b><br>명칭: 군산427<br>위도: 35.822512°N<br>경도: 126.729680°E<br><br><a href="https://map.naver.com/v5/search/35.822512277777,126.729680055556">📍 네이버 지도</a>]]></description>
        <styleUrl>#삼각점_style</styleUrl>
        <Point>
          <coordinates>126.729680055556,35.822512277777,0</coordinates>
        </Point>
      </Placemark>
      <Placemark>
        <name>△ 익산310</name>
        <description><![CDATA[<b>삼각점</b><br>명칭: 익산310<br>위도: 35.815467°N<br>경도: 126.969326°E<br><br><a href="https://map.naver.com/v5/search/35.8154666666659,126.969325583333">📍 네이버 지도</a>]]></description>
        <styleUrl>#삼각점_style</styleUrl>
        <Point>
          <coordinates>126.969325583333,35.8154666666659,0</coordinates>
        </Point>
      </Placemark>
      <Placemark>
        <name>△ 익산411</name>
        <description><![CDATA[<b>삼각점</b><br>명칭: 익산411<br>위도: 35.975058°N<br>경도: 126.855565°E<br><br><a href="https://map.naver.com/v5/search/35.9750583611104,126.855565">📍 네이버 지도</a>]]></description>
        <styleUrl>#삼각점_style</styleUrl>
        <Point>
          <coordinates>126.855565,35.9750583611104,0</coordinates>
        </Point>
      </Placemark>
      <Placemark>
        <name>△ 익산422</name>
        <description><![CDATA[<b>삼각점</b><br>명칭: 익산422<br>위도: 35.964410°N<br>경도: 126.964774°E<br><br><a href="https://map.naver.com/v5/search/35.9644098333326,126.964773583333">📍 네이버 지도</a>]]></description>
        <styleUrl>#삼각점_style</styleUrl>
        <Point>
          <coordinates>126.964773583333,35.9644098333326,0</coordinates>
        </Point>
      </Placemark>
      <Placemark>
        <name>△ 익산428</name>
        <description><![CDATA[<b>삼각점</b><br>명칭: 익산428<br>위도: 35.837479°N<br>경도: 126.987039°E<br><br><a href="https://map.naver.com/v5/search/35.8374791111104,126.987038722222">📍 네이버 지도</a>]]></description>
        <styleUrl>#삼각점_style</styleUrl>
        <Point>
          <coordinates>126.987038722222,35.8374791111104,0</coordinates>
        </Point>
      </Placemark>
      <Placemark>
        <name>△ 익산452</name>
        <description><![CDATA[<b>삼각점</b><br>명칭: 익산452<br>위도: 35.809628°N<br>경도: 126.789404°E<br><br><a href="https://map.naver.com/v5/search/35.8096281944437,126.7894035">📍 네이버 지도</a>]]></description>
        <styleUrl>#삼각점_style</styleUrl>
        <Point>
          <coordinates>126.7894035,35.8096281944437,0</coordinates>
        </Point>
      </Placemark>
      <Placemark>
        <name>△ 익산453</name>
        <description><![CDATA[<b>삼각점</b><br>명칭: 익산453<br>위도: 35.829596°N<br>경도: 126.796570°E<br><br><a href="https://map.naver.com/v5/search/35.8295963611104,126.796570138889">📍 네이버 지도</a>]]></description>
        <styleUrl>#삼각점_style</styleUrl>
        <Point>
          <coordinates>126.796570138889,35.8295963611104,0</coordinates>
        </Point>
      </Placemark>
      <Placemark>
        <name>△ 익산454</name>
        <description><![CDATA[<b>삼각점</b><br>명칭: 익산454<br>위도: 35.769778°N<br>경도: 126.813271°E<br><br><a href="https://map.naver.com/v5/search/35.769778277777,126.81327075">📍 네이버 지도</a>]]></description>
        <styleUrl>#삼각점_style</styleUrl>
        <Point>
          <coordinates>126.81327075,35.769778277777,0</coordinates>
        </Point>
      </Placemark>
      <Placemark>
        <name>△ 익산460</name>
        <description><![CDATA[<b>삼각점</b><br>명칭: 익산460<br>위도: 35.809126°N<br>경도: 126.877748°E<br><br><a href="https://map.naver.com/v5/search/35.8091258888881,126.877748361111">📍 네이버 지도</a>]]></description>
        <styleUrl>#삼각점_style</styleUrl>
        <Point>
          <coordinates>126.877748361111,35.8091258888881,0</coordinates>
        </Point>
      </Placemark>
      <Placemark>
        <name>△ 익산462</name>
        <description><![CDATA[<b>삼각점</b><br>명칭: 익산462<br>위도: 35.795227°N<br>경도: 126.890543°E<br><br><a href="https://map.naver.com/v5/search/35.7952266944437,126.890542916667">📍 네이버 지도</a>]]></description>
        <styleUrl>#삼각점_style</styleUrl>
        <Point>
          <coordinates>126.890542916667,35.7952266944437,0</coordinates>
        </Point>
      </Placemark>
      <Placemark>
        <name>△ 익산464</name>
        <description><![CDATA[<b>삼각점</b><br>명칭: 익산464<br>위도: 35.782477°N<br>경도: 126.908024°E<br><br><a href="https://map.naver.com/v5/search/35.7824768611104,126.90802425">📍 네이버 지도</a>]]></description>
        <styleUrl>#삼각점_style</styleUrl>
        <Point>
          <coordinates>126.90802425,35.7824768611104,0</coordinates>
        </Point>
      </Placemark>
      <Placemark>
        <name>△ 익산469</name>
        <description><![CDATA[<b>삼각점</b><br>명칭: 익산469<br>위도: 35.829427°N<br>경도: 126.951035°E<br><br><a href="https://map.naver.com/v5/search/35.8294266388882,126.95103525">📍 네이버 지도</a>]]></description>
        <styleUrl>#삼각점_style</styleUrl>
        <Point>
          <coordinates>126.95103525,35.8294266388882,0</coordinates>
        </Point>
      </Placemark>
      <Placemark>
        <name>△ 익산470</name>
        <description><![CDATA[<b>삼각점</b><br>명칭: 익산470<br>위도: 35.763673°N<br>경도: 126.951401°E<br><br><a href="https://map.naver.com/v5/search/35.7636733611103,126.951400611111">📍 네이버 지도</a>]]></description>
        <styleUrl>#삼각점_style</styleUrl>
        <Point>
          <coordinates>126.951400611111,35.7636733611103,0</coordinates>
        </Point>
      </Placemark>
      <Placemark>
        <name>△ 익산472</name>
        <description><![CDATA[<b>삼각점</b><br>명칭: 익산472<br>위도: 35.764205°N<br>경도: 126.981686°E<br><br><a href="https://map.naver.com/v5/search/35.7642047499992,126.981685972222">📍 네이버 지도</a>]]></description>
        <styleUrl>#삼각점_style</styleUrl>
        <Point>
          <coordinates>126.981685972222,35.7642047499992,0</coordinates>
        </Point>
      </Placemark>
      <Placemark>
        <name>△ 전주308</name>
        <description><![CDATA[<b>삼각점</b><br>명칭: 전주308<br>위도: 35.879232°N<br>경도: 127.114650°E<br><br><a href="https://map.naver.com/v5/search/35.8792318888882,127.114649916667">📍 네이버 지도</a>]]></description>
        <styleUrl>#삼각점_style</styleUrl>
        <Point>
          <coordinates>127.114649916667,35.8792318888882,0</coordinates>
        </Point>
      </Placemark>
      <Placemark>
        <name>△ 전주404</name>
        <description><![CDATA[<b>삼각점</b><br>명칭: 전주404<br>위도: 35.970256°N<br>경도: 127.030101°E<br><br><a href="https://map.naver.com/v5/search/35.9702562222215,127.030100722222">📍 네이버 지도</a>]]></description>
        <styleUrl>#삼각점_style</styleUrl>
        <Point>
          <coordinates>127.030100722222,35.9702562222215,0</coordinates>
        </Point>
      </Placemark>
      <Placemark>
        <name>△ 전주413</name>
        <description><![CDATA[<b>삼각점</b><br>명칭: 전주413<br>위도: 35.985136°N<br>경도: 127.113584°E<br><br><a href="https://map.naver.com/v5/search/35.9851364444437,127.113584194444">📍 네이버 지도</a>]]></description>
        <styleUrl>#삼각점_style</styleUrl>
        <Point>
          <coordinates>127.113584194444,35.9851364444437,0</coordinates>
        </Point>
      </Placemark>
      <Placemark>
        <name>△ 전주442</name>
        <description><![CDATA[<b>삼각점</b><br>명칭: 전주442<br>위도: 35.903764°N<br>경도: 127.126493°E<br><br><a href="https://map.naver.com/v5/search/35.9037638055549,127.126492944444">📍 네이버 지도</a>]]></description>
        <styleUrl>#삼각점_style</styleUrl>
        <Point>
          <coordinates>127.126492944444,35.9037638055549,0</coordinates>
        </Point>
      </Placemark>
      <Placemark>
        <name>△ 전주443</name>
        <description><![CDATA[<b>삼각점</b><br>명칭: 전주443<br>위도: 35.857128°N<br>경도: 127.128537°E<br><br><a href="https://map.naver.com/v5/search/35.8571284444437,127.128536833333">📍 네이버 지도</a>]]></description>
        <styleUrl>#삼각점_style</styleUrl>
        <Point>
          <coordinates>127.128536833333,35.8571284444437,0</coordinates>
        </Point>
      </Placemark>
      <Placemark>
        <name>△ 전주469</name>
        <description><![CDATA[<b>삼각점</b><br>명칭: 전주469<br>위도: 35.789377°N<br>경도: 127.121799°E<br><br><a href="https://map.naver.com/v5/search/35.7893773333326,127.121799472222">📍 네이버 지도</a>]]></description>
        <styleUrl>#삼각점_style</styleUrl>
        <Point>
          <coordinates>127.121799472222,35.7893773333326,0</coordinates>
        </Point>
      </Placemark>
      <Placemark>
        <name>△ 전주470</name>
        <description><![CDATA[<b>삼각점</b><br>명칭: 전주470<br>위도: 35.831970°N<br>경도: 127.125393°E<br><br><a href="https://map.naver.com/v5/search/35.831969777777,127.125393055556">📍 네이버 지도</a>]]></description>
        <styleUrl>#삼각점_style</styleUrl>
        <Point>
          <coordinates>127.125393055556,35.831969777777,0</coordinates>
        </Point>
      </Placemark>
      <Placemark>
        <name>△ 전주471</name>
        <description><![CDATA[<b>삼각점</b><br>명칭: 전주471<br>위도: 35.766847°N<br>경도: 127.125960°E<br><br><a href="https://map.naver.com/v5/search/35.7668471944437,127.125960444444">📍 네이버 지도</a>]]></description>
        <styleUrl>#삼각점_style</styleUrl>
        <Point>
          <coordinates>127.125960444444,35.7668471944437,0</coordinates>
        </Point>
      </Placemark>
      <Placemark>
        <name>△ 전주473</name>
        <description><![CDATA[<b>삼각점</b><br>명칭: 전주473<br>위도: 35.759097°N<br>경도: 127.146708°E<br><br><a href="https://map.naver.com/v5/search/35.7590969166659,127.146708055556">📍 네이버 지도</a>]]></description>
        <styleUrl>#삼각점_style</styleUrl>
        <Point>
          <coordinates>127.146708055556,35.7590969166659,0</coordinates>
        </Point>
      </Placemark>
      <Placemark>
        <name>△ 진안405</name>
        <description><![CDATA[<b>삼각점</b><br>명칭: 진안405<br>위도: 35.967134°N<br>경도: 127.303602°E<br><br><a href="https://map.naver.com/v5/search/35.9671342777771,127.3036025">📍 네이버 지도</a>]]></description>
        <styleUrl>#삼각점_style</styleUrl>
        <Point>
          <coordinates>127.3036025,35.9671342777771,0</coordinates>
        </Point>
      </Placemark>
      <Placemark>
        <name>△ 진안440</name>
        <description><![CDATA[<b>삼각점</b><br>명칭: 진안440<br>위도: 35.854291°N<br>경도: 127.263174°E<br><br><a href="https://map.naver.com/v5/search/35.8542906944437,127.263174027778">📍 네이버 지도</a>]]></description>
        <styleUrl>#삼각점_style</styleUrl>
        <Point>
          <coordinates>127.263174027778,35.8542906944437,0</coordinates>
        </Point>
      </Placemark>
      <Placemark>
        <name>△ 익산463</name>
        <description><![CDATA[<b>삼각점</b><br>명칭: 익산463<br>위도: 35.755843°N<br>경도: 126.909414°E<br><br><a href="https://map.naver.com/v5/search/35.7558431388881,126.909414444444">📍 네이버 지도</a>]]></description>
        <styleUrl>#삼각점_style</styleUrl>
        <Point>
          <coordinates>126.909414444444,35.7558431388881,0</coordinates>
        </Point>
      </Placemark>
      <Placemark>
        <name>△ 진안458</name>
        <description><![CDATA[<b>삼각점</b><br>명칭: 진안458<br>위도: 35.797137°N<br>경도: 127.432118°E<br><br><a href="https://map.naver.com/v5/search/35.797137027777,127.432117694444">📍 네이버 지도</a>]]></description>
        <styleUrl>#삼각점_style</styleUrl>
        <Point>
          <coordinates>127.432117694444,35.797137027777,0</coordinates>
        </Point>
      </Placemark>
      <Placemark>
        <name>△ 위도302</name>
        <description><![CDATA[<b>삼각점</b><br>명칭: 위도302<br>위도: 35.624694°N<br>경도: 126.369026°E<br><br><a href="https://map.naver.com/v5/search/35.6246940555547,126.369025944444">📍 네이버 지도</a>]]></description>
        <styleUrl>#삼각점_style</styleUrl>
        <Point>
          <coordinates>126.369025944444,35.6246940555547,0</coordinates>
        </Point>
      </Placemark>
      <Placemark>
        <name>△ 위도401</name>
        <description><![CDATA[<b>삼각점</b><br>명칭: 위도401<br>위도: 35.726731°N<br>경도: 126.459951°E<br><br><a href="https://map.naver.com/v5/search/35.7267305555548,126.459950666667">📍 네이버 지도</a>]]></description>
        <styleUrl>#삼각점_style</styleUrl>
        <Point>
          <coordinates>126.459950666667,35.7267305555548,0</coordinates>
        </Point>
      </Placemark>
      <Placemark>
        <name>△ 위도402</name>
        <description><![CDATA[<b>삼각점</b><br>명칭: 위도402<br>위도: 35.749225°N<br>경도: 126.464757°E<br><br><a href="https://map.naver.com/v5/search/35.749225277777,126.464757222222">📍 네이버 지도</a>]]></description>
        <styleUrl>#삼각점_style</styleUrl>
        <Point>
          <coordinates>126.464757222222,35.749225277777,0</coordinates>
        </Point>
      </Placemark>
      <Placemark>
        <name>△ 위도405</name>
        <description><![CDATA[<b>삼각점</b><br>명칭: 위도405<br>위도: 35.631724°N<br>경도: 126.290023°E<br><br><a href="https://map.naver.com/v5/search/35.6317235555547,126.290023305555">📍 네이버 지도</a>]]></description>
        <styleUrl>#삼각점_style</styleUrl>
        <Point>
          <coordinates>126.290023305555,35.6317235555547,0</coordinates>
        </Point>
      </Placemark>
      <Placemark>
        <name>△ 위도406</name>
        <description><![CDATA[<b>삼각점</b><br>명칭: 위도406<br>위도: 35.611914°N<br>경도: 126.280557°E<br><br><a href="https://map.naver.com/v5/search/35.611913527777,126.280557111111">📍 네이버 지도</a>]]></description>
        <styleUrl>#삼각점_style</styleUrl>
        <Point>
          <coordinates>126.280557111111,35.611913527777,0</coordinates>
        </Point>
      </Placemark>
      <Placemark>
        <name>△ 위도409</name>
        <description><![CDATA[<b>삼각점</b><br>명칭: 위도409<br>위도: 35.539601°N<br>경도: 126.482398°E<br><br><a href="https://map.naver.com/v5/search/35.5396006666658,126.482397527778">📍 네이버 지도</a>]]></description>
        <styleUrl>#삼각점_style</styleUrl>
        <Point>
          <coordinates>126.482397527778,35.5396006666658,0</coordinates>
        </Point>
      </Placemark>
      <Placemark>
        <name>△ 위도410</name>
        <description><![CDATA[<b>삼각점</b><br>명칭: 위도410<br>위도: 35.512520°N<br>경도: 126.483923°E<br><br><a href="https://map.naver.com/v5/search/35.5125195555547,126.483922638889">📍 네이버 지도</a>]]></description>
        <styleUrl>#삼각점_style</styleUrl>
        <Point>
          <coordinates>126.483922638889,35.5125195555547,0</coordinates>
        </Point>
      </Placemark>
      <Placemark>
        <name>△ 부안22</name>
        <description><![CDATA[<b>삼각점</b><br>명칭: 부안22<br>위도: 35.677598°N<br>경도: 126.596955°E<br><br><a href="https://map.naver.com/v5/search/35.6775978055548,126.596954611111">📍 네이버 지도</a>]]></description>
        <styleUrl>#삼각점_style</styleUrl>
        <Point>
          <coordinates>126.596954611111,35.6775978055548,0</coordinates>
        </Point>
      </Placemark>
      <Placemark>
        <name>△ 부안23</name>
        <description><![CDATA[<b>삼각점</b><br>명칭: 부안23<br>위도: 35.709904°N<br>경도: 126.723172°E<br><br><a href="https://map.naver.com/v5/search/35.7099043333326,126.723171583333">📍 네이버 지도</a>]]></description>
        <styleUrl>#삼각점_style</styleUrl>
        <Point>
          <coordinates>126.723171583333,35.7099043333326,0</coordinates>
        </Point>
      </Placemark>
      <Placemark>
        <name>△ 부안25</name>
        <description><![CDATA[<b>삼각점</b><br>명칭: 부안25<br>위도: 35.613313°N<br>경도: 126.623196°E<br><br><a href="https://map.naver.com/v5/search/35.6133134722214,126.623195555555">📍 네이버 지도</a>]]></description>
        <styleUrl>#삼각점_style</styleUrl>
        <Point>
          <coordinates>126.623195555555,35.6133134722214,0</coordinates>
        </Point>
      </Placemark>
      <Placemark>
        <name>△ 부안307</name>
        <description><![CDATA[<b>삼각점</b><br>명칭: 부안307<br>위도: 35.531086°N<br>경도: 126.514246°E<br><br><a href="https://map.naver.com/v5/search/35.5310855833325,126.514246388889">📍 네이버 지도</a>]]></description>
        <styleUrl>#삼각점_style</styleUrl>
        <Point>
          <coordinates>126.514246388889,35.5310855833325,0</coordinates>
        </Point>
      </Placemark>
      <Placemark>
        <name>△ 부안308</name>
        <description><![CDATA[<b>삼각점</b><br>명칭: 부안308<br>위도: 35.519023°N<br>경도: 126.576130°E<br><br><a href="https://map.naver.com/v5/search/35.5190229166658,126.576129861111">📍 네이버 지도</a>]]></description>
        <styleUrl>#삼각점_style</styleUrl>
        <Point>
          <coordinates>126.576129861111,35.5190229166658,0</coordinates>
        </Point>
      </Placemark>
      <Placemark>
        <name>△ 부안404</name>
        <description><![CDATA[<b>삼각점</b><br>명칭: 부안404<br>위도: 35.736152°N<br>경도: 126.614842°E<br><br><a href="https://map.naver.com/v5/search/35.736152277777,126.614842111111">📍 네이버 지도</a>]]></description>
        <styleUrl>#삼각점_style</styleUrl>
        <Point>
          <coordinates>126.614842111111,35.736152277777,0</coordinates>
        </Point>
      </Placemark>
      <Placemark>
        <name>△ 부안459</name>
        <description><![CDATA[<b>삼각점</b><br>명칭: 부안459<br>위도: 35.520420°N<br>경도: 126.736834°E<br><br><a href="https://map.naver.com/v5/search/35.5204199444436,126.736833638889">📍 네이버 지도</a>]]></description>
        <styleUrl>#삼각점_style</styleUrl>
        <Point>
          <coordinates>126.736833638889,35.5204199444436,0</coordinates>
        </Point>
      </Placemark>
      <Placemark>
        <name>△ 갈담446</name>
        <description><![CDATA[<b>삼각점</b><br>명칭: 갈담446<br>위도: 35.564835°N<br>경도: 126.999334°E<br><br><a href="https://map.naver.com/v5/search/35.5648348055547,126.999333972222">📍 네이버 지도</a>]]></description>
        <styleUrl>#삼각점_style</styleUrl>
        <Point>
          <coordinates>126.999333972222,35.5648348055547,0</coordinates>
        </Point>
      </Placemark>
      <Placemark>
        <name>△ 정읍11</name>
        <description><![CDATA[<b>삼각점</b><br>명칭: 정읍11<br>위도: 35.535878°N<br>경도: 126.993148°E<br><br><a href="https://map.naver.com/v5/search/35.5358778611103,126.993148472222">📍 네이버 지도</a>]]></description>
        <styleUrl>#삼각점_style</styleUrl>
        <Point>
          <coordinates>126.993148472222,35.5358778611103,0</coordinates>
        </Point>
      </Placemark>
      <Placemark>
        <name>△ 정읍21</name>
        <description><![CDATA[<b>삼각점</b><br>명칭: 정읍21<br>위도: 35.679765°N<br>경도: 126.837924°E<br><br><a href="https://map.naver.com/v5/search/35.6797647222215,126.837923944444">📍 네이버 지도</a>]]></description>
        <styleUrl>#삼각점_style</styleUrl>
        <Point>
          <coordinates>126.837923944444,35.6797647222215,0</coordinates>
        </Point>
      </Placemark>
      <Placemark>
        <name>△ 정읍402</name>
        <description><![CDATA[<b>삼각점</b><br>명칭: 정읍402<br>위도: 35.697485°N<br>경도: 126.770659°E<br><br><a href="https://map.naver.com/v5/search/35.6974851388881,126.77065925">📍 네이버 지도</a>]]></description>
        <styleUrl>#삼각점_style</styleUrl>
        <Point>
          <coordinates>126.77065925,35.6974851388881,0</coordinates>
        </Point>
      </Placemark>
      <Placemark>
        <name>△ 정읍403</name>
        <description><![CDATA[<b>삼각점</b><br>명칭: 정읍403<br>위도: 35.711802°N<br>경도: 126.780625°E<br><br><a href="https://map.naver.com/v5/search/35.7118017499992,126.780624805556">📍 네이버 지도</a>]]></description>
        <styleUrl>#삼각점_style</styleUrl>
        <Point>
          <coordinates>126.780624805556,35.7118017499992,0</coordinates>
        </Point>
      </Placemark>
      <Placemark>
        <name>△ 정읍410</name>
        <description><![CDATA[<b>삼각점</b><br>명칭: 정읍410<br>위도: 35.709014°N<br>경도: 126.832201°E<br><br><a href="https://map.naver.com/v5/search/35.7090139999992,126.832201361111">📍 네이버 지도</a>]]></description>
        <styleUrl>#삼각점_style</styleUrl>
        <Point>
          <coordinates>126.832201361111,35.7090139999992,0</coordinates>
        </Point>
      </Placemark>
      <Placemark>
        <name>△ 정읍425</name>
        <description><![CDATA[<b>삼각점</b><br>명칭: 정읍425<br>위도: 35.689587°N<br>경도: 126.991077°E<br><br><a href="https://map.naver.com/v5/search/35.6895872222214,126.99107675">📍 네이버 지도</a>]]></description>
        <styleUrl>#삼각점_style</styleUrl>
        <Point>
          <coordinates>126.99107675,35.6895872222214,0</coordinates>
        </Point>
      </Placemark>
      <Placemark>
        <name>△ 정읍434</name>
        <description><![CDATA[<b>삼각점</b><br>명칭: 정읍434<br>위도: 35.669909°N<br>경도: 126.913615°E<br><br><a href="https://map.naver.com/v5/search/35.6699093611103,126.913615277778">📍 네이버 지도</a>]]></description>
        <styleUrl>#삼각점_style</styleUrl>
        <Point>
          <coordinates>126.913615277778,35.6699093611103,0</coordinates>
        </Point>
      </Placemark>
      <Placemark>
        <name>△ 정읍452</name>
        <description><![CDATA[<b>삼각점</b><br>명칭: 정읍452<br>위도: 35.552817°N<br>경도: 126.764674°E<br><br><a href="https://map.naver.com/v5/search/35.5528167222214,126.764673805556">📍 네이버 지도</a>]]></description>
        <styleUrl>#삼각점_style</styleUrl>
        <Point>
          <coordinates>126.764673805556,35.5528167222214,0</coordinates>
        </Point>
      </Placemark>
      <Placemark>
        <name>△ 정읍457</name>
        <description><![CDATA[<b>삼각점</b><br>명칭: 정읍457<br>위도: 35.544309°N<br>경도: 126.803196°E<br><br><a href="https://map.naver.com/v5/search/35.5443092222214,126.8031955">📍 네이버 지도</a>]]></description>
        <styleUrl>#삼각점_style</styleUrl>
        <Point>
          <coordinates>126.8031955,35.5443092222214,0</coordinates>
        </Point>
      </Placemark>
      <Placemark>
        <name>△ 정읍460</name>
        <description><![CDATA[<b>삼각점</b><br>명칭: 정읍460<br>위도: 35.569512°N<br>경도: 126.816394°E<br><br><a href="https://map.naver.com/v5/search/35.5695118888881,126.816394305556">📍 네이버 지도</a>]]></description>
        <styleUrl>#삼각점_style</styleUrl>
        <Point>
          <coordinates>126.816394305556,35.5695118888881,0</coordinates>
        </Point>
      </Placemark>
      <Placemark>
        <name>△ 정읍472</name>
        <description><![CDATA[<b>삼각점</b><br>명칭: 정읍472<br>위도: 35.537349°N<br>경도: 126.920096°E<br><br><a href="https://map.naver.com/v5/search/35.5373491111103,126.920095722222">📍 네이버 지도</a>]]></description>
        <styleUrl>#삼각점_style</styleUrl>
        <Point>
          <coordinates>126.920095722222,35.5373491111103,0</coordinates>
        </Point>
      </Placemark>
      <Placemark>
        <name>△ 정읍473</name>
        <description><![CDATA[<b>삼각점</b><br>명칭: 정읍473<br>위도: 35.566602°N<br>경도: 126.932629°E<br><br><a href="https://map.naver.com/v5/search/35.5666021388881,126.93262875">📍 네이버 지도</a>]]></description>
        <styleUrl>#삼각점_style</styleUrl>
        <Point>
          <coordinates>126.93262875,35.5666021388881,0</coordinates>
        </Point>
      </Placemark>
      <Placemark>
        <name>△ 정읍478</name>
        <description><![CDATA[<b>삼각점</b><br>명칭: 정읍478<br>위도: 35.577814°N<br>경도: 126.994747°E<br><br><a href="https://map.naver.com/v5/search/35.5778137222214,126.994747444444">📍 네이버 지도</a>]]></description>
        <styleUrl>#삼각점_style</styleUrl>
        <Point>
          <coordinates>126.994747444444,35.5778137222214,0</coordinates>
        </Point>
      </Placemark>
      <Placemark>
        <name>△ 갈담23</name>
        <description><![CDATA[<b>삼각점</b><br>명칭: 갈담23<br>위도: 35.666861°N<br>경도: 127.033628°E<br><br><a href="https://map.naver.com/v5/search/35.6668614999992,127.033627638889">📍 네이버 지도</a>]]></description>
        <styleUrl>#삼각점_style</styleUrl>
        <Point>
          <coordinates>127.033627638889,35.6668614999992,0</coordinates>
        </Point>
      </Placemark>
      <Placemark>
        <name>△ 갈담303</name>
        <description><![CDATA[<b>삼각점</b><br>명칭: 갈담303<br>위도: 35.694491°N<br>경도: 127.107797°E<br><br><a href="https://map.naver.com/v5/search/35.694491027777,127.107797111111">📍 네이버 지도</a>]]></description>
        <styleUrl>#삼각점_style</styleUrl>
        <Point>
          <coordinates>127.107797111111,35.694491027777,0</coordinates>
        </Point>
      </Placemark>
      <Placemark>
        <name>△ 갈담310</name>
        <description><![CDATA[<b>삼각점</b><br>명칭: 갈담310<br>위도: 35.611779°N<br>경도: 127.125032°E<br><br><a href="https://map.naver.com/v5/search/35.6117791111103,127.125032027778">📍 네이버 지도</a>]]></description>
        <styleUrl>#삼각점_style</styleUrl>
        <Point>
          <coordinates>127.125032027778,35.6117791111103,0</coordinates>
        </Point>
      </Placemark>
      <Placemark>
        <name>△ 갈담415</name>
        <description><![CDATA[<b>삼각점</b><br>명칭: 갈담415<br>위도: 35.703217°N<br>경도: 127.177515°E<br><br><a href="https://map.naver.com/v5/search/35.7032171388881,127.177514694444">📍 네이버 지도</a>]]></description>
        <styleUrl>#삼각점_style</styleUrl>
        <Point>
          <coordinates>127.177514694444,35.7032171388881,0</coordinates>
        </Point>
      </Placemark>
      <Placemark>
        <name>△ 갈담432</name>
        <description><![CDATA[<b>삼각점</b><br>명칭: 갈담432<br>위도: 35.663402°N<br>경도: 127.129214°E<br><br><a href="https://map.naver.com/v5/search/35.6634018888881,127.129213777778">📍 네이버 지도</a>]]></description>
        <styleUrl>#삼각점_style</styleUrl>
        <Point>
          <coordinates>127.129213777778,35.6634018888881,0</coordinates>
        </Point>
      </Placemark>
      <Placemark>
        <name>△ 갈담440</name>
        <description><![CDATA[<b>삼각점</b><br>명칭: 갈담440<br>위도: 35.623582°N<br>경도: 127.054358°E<br><br><a href="https://map.naver.com/v5/search/35.6235818888881,127.054358472222">📍 네이버 지도</a>]]></description>
        <styleUrl>#삼각점_style</styleUrl>
        <Point>
          <coordinates>127.054358472222,35.6235818888881,0</coordinates>
        </Point>
      </Placemark>
      <Placemark>
        <name>△ 갈담452</name>
        <description><![CDATA[<b>삼각점</b><br>명칭: 갈담452<br>위도: 35.514487°N<br>경도: 127.051005°E<br><br><a href="https://map.naver.com/v5/search/35.5144868611103,127.051004638889">📍 네이버 지도</a>]]></description>
        <styleUrl>#삼각점_style</styleUrl>
        <Point>
          <coordinates>127.051004638889,35.5144868611103,0</coordinates>
        </Point>
      </Placemark>
      <Placemark>
        <name>△ 갈담455</name>
        <description><![CDATA[<b>삼각점</b><br>명칭: 갈담455<br>위도: 35.534914°N<br>경도: 127.084611°E<br><br><a href="https://map.naver.com/v5/search/35.5349138055547,127.084610638889">📍 네이버 지도</a>]]></description>
        <styleUrl>#삼각점_style</styleUrl>
        <Point>
          <coordinates>127.084610638889,35.5349138055547,0</coordinates>
        </Point>
      </Placemark>
      <Placemark>
        <name>△ 법성401</name>
        <description><![CDATA[<b>삼각점</b><br>명칭: 법성401<br>위도: 35.424684°N<br>경도: 126.438713°E<br><br><a href="https://map.naver.com/v5/search/35.424683888888,126.438713277778">📍 네이버 지도</a>]]></description>
        <styleUrl>#삼각점_style</styleUrl>
        <Point>
          <coordinates>126.438713277778,35.424683888888,0</coordinates>
        </Point>
      </Placemark>
      <Placemark>
        <name>△ 고창401</name>
        <description><![CDATA[<b>삼각점</b><br>명칭: 고창401<br>위도: 35.436809°N<br>경도: 126.505665°E<br><br><a href="https://map.naver.com/v5/search/35.4368092222214,126.50566525">📍 네이버 지도</a>]]></description>
        <styleUrl>#삼각점_style</styleUrl>
        <Point>
          <coordinates>126.50566525,35.4368092222214,0</coordinates>
        </Point>
      </Placemark>
      <Placemark>
        <name>△ 고창439</name>
        <description><![CDATA[<b>삼각점</b><br>명칭: 고창439<br>위도: 35.408115°N<br>경도: 126.647134°E<br><br><a href="https://map.naver.com/v5/search/35.4081150555547,126.647134027778">📍 네이버 지도</a>]]></description>
        <styleUrl>#삼각점_style</styleUrl>
        <Point>
          <coordinates>126.647134027778,35.4081150555547,0</coordinates>
        </Point>
      </Placemark>
      <Placemark>
        <name>△ 고창434</name>
        <description><![CDATA[<b>삼각점</b><br>명칭: 고창434<br>위도: 35.394275°N<br>경도: 126.716630°E<br><br><a href="https://map.naver.com/v5/search/35.3942754722214,126.716629944444">📍 네이버 지도</a>]]></description>
        <styleUrl>#삼각점_style</styleUrl>
        <Point>
          <coordinates>126.716629944444,35.3942754722214,0</coordinates>
        </Point>
      </Placemark>
      <Placemark>
        <name>△ 담양21</name>
        <description><![CDATA[<b>삼각점</b><br>명칭: 담양21<br>위도: 35.455650°N<br>경도: 126.754370°E<br><br><a href="https://map.naver.com/v5/search/35.4556496111103,126.754369777778">📍 네이버 지도</a>]]></description>
        <styleUrl>#삼각점_style</styleUrl>
        <Point>
          <coordinates>126.754369777778,35.4556496111103,0</coordinates>
        </Point>
      </Placemark>
      <Placemark>
        <name>△ 담양304</name>
        <description><![CDATA[<b>삼각점</b><br>명칭: 담양304<br>위도: 35.425477°N<br>경도: 126.902457°E<br><br><a href="https://map.naver.com/v5/search/35.4254771666658,126.902456694444">📍 네이버 지도</a>]]></description>
        <styleUrl>#삼각점_style</styleUrl>
        <Point>
          <coordinates>126.902456694444,35.4254771666658,0</coordinates>
        </Point>
      </Placemark>
      <Placemark>
        <name>△ 담양411</name>
        <description><![CDATA[<b>삼각점</b><br>명칭: 담양411<br>위도: 35.496129°N<br>경도: 126.918638°E<br><br><a href="https://map.naver.com/v5/search/35.4961292222214,126.918637638889">📍 네이버 지도</a>]]></description>
        <styleUrl>#삼각점_style</styleUrl>
        <Point>
          <coordinates>126.918637638889,35.4961292222214,0</coordinates>
        </Point>
      </Placemark>
      <Placemark>
        <name>△ 순창22</name>
        <description><![CDATA[<b>삼각점</b><br>명칭: 순창22<br>위도: 35.453947°N<br>경도: 127.174729°E<br><br><a href="https://map.naver.com/v5/search/35.4539467777769,127.174729472222">📍 네이버 지도</a>]]></description>
        <styleUrl>#삼각점_style</styleUrl>
        <Point>
          <coordinates>127.174729472222,35.4539467777769,0</coordinates>
        </Point>
      </Placemark>
      <Placemark>
        <name>△ 순창304</name>
        <description><![CDATA[<b>삼각점</b><br>명칭: 순창304<br>위도: 35.426959°N<br>경도: 127.129940°E<br><br><a href="https://map.naver.com/v5/search/35.4269594166658,127.129939916667">📍 네이버 지도</a>]]></description>
        <styleUrl>#삼각점_style</styleUrl>
        <Point>
          <coordinates>127.129939916667,35.4269594166658,0</coordinates>
        </Point>
      </Placemark>
      <Placemark>
        <name>△ 순창403</name>
        <description><![CDATA[<b>삼각점</b><br>명칭: 순창403<br>위도: 35.472150°N<br>경도: 127.034485°E<br><br><a href="https://map.naver.com/v5/search/35.472149888888,127.034485111111">📍 네이버 지도</a>]]></description>
        <styleUrl>#삼각점_style</styleUrl>
        <Point>
          <coordinates>127.034485111111,35.472149888888,0</coordinates>
        </Point>
      </Placemark>
      <Placemark>
        <name>△ 순창421</name>
        <description><![CDATA[<b>삼각점</b><br>명칭: 순창421<br>위도: 35.490321°N<br>경도: 127.216596°E<br><br><a href="https://map.naver.com/v5/search/35.4903209722214,127.216596361111">📍 네이버 지도</a>]]></description>
        <styleUrl>#삼각점_style</styleUrl>
        <Point>
          <coordinates>127.216596361111,35.4903209722214,0</coordinates>
        </Point>
      </Placemark>
      <Placemark>
        <name>△ 순창429</name>
        <description><![CDATA[<b>삼각점</b><br>명칭: 순창429<br>위도: 35.407687°N<br>경도: 127.210012°E<br><br><a href="https://map.naver.com/v5/search/35.4076874999992,127.210011777778">📍 네이버 지도</a>]]></description>
        <styleUrl>#삼각점_style</styleUrl>
        <Point>
          <coordinates>127.210011777778,35.4076874999992,0</coordinates>
        </Point>
      </Placemark>
      <Placemark>
        <name>△ 순창448</name>
        <description><![CDATA[<b>삼각점</b><br>명칭: 순창448<br>위도: 35.419167°N<br>경도: 127.027685°E<br><br><a href="https://map.naver.com/v5/search/35.4191669444436,127.027684916667">📍 네이버 지도</a>]]></description>
        <styleUrl>#삼각점_style</styleUrl>
        <Point>
          <coordinates>127.027684916667,35.4191669444436,0</coordinates>
        </Point>
      </Placemark>
      <Placemark>
        <name>△ 남원301</name>
        <description><![CDATA[<b>삼각점</b><br>명칭: 남원301<br>위도: 35.460041°N<br>경도: 127.263622°E<br><br><a href="https://map.naver.com/v5/search/35.4600409166658,127.263622472222">📍 네이버 지도</a>]]></description>
        <styleUrl>#삼각점_style</styleUrl>
        <Point>
          <coordinates>127.263622472222,35.4600409166658,0</coordinates>
        </Point>
      </Placemark>
      <Placemark>
        <name>△ 남원302</name>
        <description><![CDATA[<b>삼각점</b><br>명칭: 남원302<br>위도: 35.422277°N<br>경도: 127.276680°E<br><br><a href="https://map.naver.com/v5/search/35.4222774166658,127.276680416667">📍 네이버 지도</a>]]></description>
        <styleUrl>#삼각점_style</styleUrl>
        <Point>
          <coordinates>127.276680416667,35.4222774166658,0</coordinates>
        </Point>
      </Placemark>
      <Placemark>
        <name>△ 남원420</name>
        <description><![CDATA[<b>삼각점</b><br>명칭: 남원420<br>위도: 35.455868°N<br>경도: 127.456108°E<br><br><a href="https://map.naver.com/v5/search/35.4558676111103,127.456107694444">📍 네이버 지도</a>]]></description>
        <styleUrl>#삼각점_style</styleUrl>
        <Point>
          <coordinates>127.456107694444,35.4558676111103,0</coordinates>
        </Point>
      </Placemark>
      <Placemark>
        <name>△ 진안448</name>
        <description><![CDATA[<b>삼각점</b><br>명칭: 진안448<br>위도: 35.760177°N<br>경도: 127.307707°E<br><br><a href="https://map.naver.com/v5/search/35.7601767499992,127.307707472222">📍 네이버 지도</a>]]></description>
        <styleUrl>#삼각점_style</styleUrl>
        <Point>
          <coordinates>127.307707472222,35.7601767499992,0</coordinates>
        </Point>
      </Placemark>
      <Placemark>
        <name>△ 갈담414</name>
        <description><![CDATA[<b>삼각점</b><br>명칭: 갈담414<br>위도: 35.749672°N<br>경도: 127.169663°E<br><br><a href="https://map.naver.com/v5/search/35.749671777777,127.169663055556">📍 네이버 지도</a>]]></description>
        <styleUrl>#삼각점_style</styleUrl>
        <Point>
          <coordinates>127.169663055556,35.749671777777,0</coordinates>
        </Point>
      </Placemark>
      <Placemark>
        <name>△ 갈담419</name>
        <description><![CDATA[<b>삼각점</b><br>명칭: 갈담419<br>위도: 35.730922°N<br>경도: 127.214184°E<br><br><a href="https://map.naver.com/v5/search/35.7309217499992,127.214184416667">📍 네이버 지도</a>]]></description>
        <styleUrl>#삼각점_style</styleUrl>
        <Point>
          <coordinates>127.214184416667,35.7309217499992,0</coordinates>
        </Point>
      </Placemark>
      <Placemark>
        <name>△ 갈담464</name>
        <description><![CDATA[<b>삼각점</b><br>명칭: 갈담464<br>위도: 35.564211°N<br>경도: 127.200212°E<br><br><a href="https://map.naver.com/v5/search/35.5642111944436,127.200212194444">📍 네이버 지도</a>]]></description>
        <styleUrl>#삼각점_style</styleUrl>
        <Point>
          <coordinates>127.200212194444,35.5642111944436,0</coordinates>
        </Point>
      </Placemark>
      <Placemark>
        <name>△ 갈담467</name>
        <description><![CDATA[<b>삼각점</b><br>명칭: 갈담467<br>위도: 35.562174°N<br>경도: 127.223745°E<br><br><a href="https://map.naver.com/v5/search/35.562174277777,127.223744555556">📍 네이버 지도</a>]]></description>
        <styleUrl>#삼각점_style</styleUrl>
        <Point>
          <coordinates>127.223744555556,35.562174277777,0</coordinates>
        </Point>
      </Placemark>
      <Placemark>
        <name>△ 갈담468</name>
        <description><![CDATA[<b>삼각점</b><br>명칭: 갈담468<br>위도: 35.532479°N<br>경도: 127.232872°E<br><br><a href="https://map.naver.com/v5/search/35.5324786944436,127.232871666667">📍 네이버 지도</a>]]></description>
        <styleUrl>#삼각점_style</styleUrl>
        <Point>
          <coordinates>127.232871666667,35.5324786944436,0</coordinates>
        </Point>
      </Placemark>
      <Placemark>
        <name>△ 임실305</name>
        <description><![CDATA[<b>삼각점</b><br>명칭: 임실305<br>위도: 35.690015°N<br>경도: 127.447244°E<br><br><a href="https://map.naver.com/v5/search/35.6900148888881,127.447243888889">📍 네이버 지도</a>]]></description>
        <styleUrl>#삼각점_style</styleUrl>
        <Point>
          <coordinates>127.447243888889,35.6900148888881,0</coordinates>
        </Point>
      </Placemark>
      <Placemark>
        <name>△ 임실308</name>
        <description><![CDATA[<b>삼각점</b><br>명칭: 임실308<br>위도: 35.611901°N<br>경도: 127.398495°E<br><br><a href="https://map.naver.com/v5/search/35.611900527777,127.398495055556">📍 네이버 지도</a>]]></description>
        <styleUrl>#삼각점_style</styleUrl>
        <Point>
          <coordinates>127.398495055556,35.611900527777,0</coordinates>
        </Point>
      </Placemark>
      <Placemark>
        <name>△ 임실310</name>
        <description><![CDATA[<b>삼각점</b><br>명칭: 임실310<br>위도: 35.600075°N<br>경도: 127.308974°E<br><br><a href="https://map.naver.com/v5/search/35.6000748888881,127.30897375">📍 네이버 지도</a>]]></description>
        <styleUrl>#삼각점_style</styleUrl>
        <Point>
          <coordinates>127.30897375,35.6000748888881,0</coordinates>
        </Point>
      </Placemark>
      <Placemark>
        <name>△ 임실314</name>
        <description><![CDATA[<b>삼각점</b><br>명칭: 임실314<br>위도: 35.549432°N<br>경도: 127.341784°E<br><br><a href="https://map.naver.com/v5/search/35.5494316666658,127.341783805556">📍 네이버 지도</a>]]></description>
        <styleUrl>#삼각점_style</styleUrl>
        <Point>
          <coordinates>127.341783805556,35.5494316666658,0</coordinates>
        </Point>
      </Placemark>
      <Placemark>
        <name>△ 임실420</name>
        <description><![CDATA[<b>삼각점</b><br>명칭: 임실420<br>위도: 35.742111°N<br>경도: 127.456318°E<br><br><a href="https://map.naver.com/v5/search/35.7421114166659,127.456318444444">📍 네이버 지도</a>]]></description>
        <styleUrl>#삼각점_style</styleUrl>
        <Point>
          <coordinates>127.456318444444,35.7421114166659,0</coordinates>
        </Point>
      </Placemark>
      <Placemark>
        <name>△ 임실435</name>
        <description><![CDATA[<b>삼각점</b><br>명칭: 임실435<br>위도: 35.587448°N<br>경도: 127.337577°E<br><br><a href="https://map.naver.com/v5/search/35.5874483055547,127.337577305556">📍 네이버 지도</a>]]></description>
        <styleUrl>#삼각점_style</styleUrl>
        <Point>
          <coordinates>127.337577305556,35.5874483055547,0</coordinates>
        </Point>
      </Placemark>
      <Placemark>
        <name>△ 임실437</name>
        <description><![CDATA[<b>삼각점</b><br>명칭: 임실437<br>위도: 35.643803°N<br>경도: 127.316757°E<br><br><a href="https://map.naver.com/v5/search/35.643803277777,127.316756666667">📍 네이버 지도</a>]]></description>
        <styleUrl>#삼각점_style</styleUrl>
        <Point>
          <coordinates>127.316756666667,35.643803277777,0</coordinates>
        </Point>
      </Placemark>
      <Placemark>
        <name>△ 임실441</name>
        <description><![CDATA[<b>삼각점</b><br>명칭: 임실441<br>위도: 35.667368°N<br>경도: 127.265532°E<br><br><a href="https://map.naver.com/v5/search/35.6673681388881,127.265532472222">📍 네이버 지도</a>]]></description>
        <styleUrl>#삼각점_style</styleUrl>
        <Point>
          <coordinates>127.265532472222,35.6673681388881,0</coordinates>
        </Point>
      </Placemark>
      <Placemark>
        <name>△ 임실442</name>
        <description><![CDATA[<b>삼각점</b><br>명칭: 임실442<br>위도: 35.648026°N<br>경도: 127.264251°E<br><br><a href="https://map.naver.com/v5/search/35.6480264166659,127.264251138889">📍 네이버 지도</a>]]></description>
        <styleUrl>#삼각점_style</styleUrl>
        <Point>
          <coordinates>127.264251138889,35.6480264166659,0</coordinates>
        </Point>
      </Placemark>
      <Placemark>
        <name>△ 임실458</name>
        <description><![CDATA[<b>삼각점</b><br>명칭: 임실458<br>위도: 35.543486°N<br>경도: 127.383134°E<br><br><a href="https://map.naver.com/v5/search/35.5434859999992,127.3831345">📍 네이버 지도</a>]]></description>
        <styleUrl>#삼각점_style</styleUrl>
        <Point>
          <coordinates>127.3831345,35.5434859999992,0</coordinates>
        </Point>
      </Placemark>
      <Placemark>
        <name>△ 임실462</name>
        <description><![CDATA[<b>삼각점</b><br>명칭: 임실462<br>위도: 35.536917°N<br>경도: 127.427989°E<br><br><a href="https://map.naver.com/v5/search/35.5369166388881,127.427989305556">📍 네이버 지도</a>]]></description>
        <styleUrl>#삼각점_style</styleUrl>
        <Point>
          <coordinates>127.427989305556,35.5369166388881,0</coordinates>
        </Point>
      </Placemark>
      <Placemark>
        <name>△ 함양11</name>
        <description><![CDATA[<b>삼각점</b><br>명칭: 함양11<br>위도: 35.629213°N<br>경도: 127.595046°E<br><br><a href="https://map.naver.com/v5/search/35.6292127222214,127.595045972222">📍 네이버 지도</a>]]></description>
        <styleUrl>#삼각점_style</styleUrl>
        <Point>
          <coordinates>127.595045972222,35.6292127222214,0</coordinates>
        </Point>
      </Placemark>
      <Placemark>
        <name>△ 함양21</name>
        <description><![CDATA[<b>삼각점</b><br>명칭: 함양21<br>위도: 35.701443°N<br>경도: 127.649698°E<br><br><a href="https://map.naver.com/v5/search/35.7014434166659,127.649698027778">📍 네이버 지도</a>]]></description>
        <styleUrl>#삼각점_style</styleUrl>
        <Point>
          <coordinates>127.649698027778,35.7014434166659,0</coordinates>
        </Point>
      </Placemark>
      <Placemark>
        <name>△ 함양22</name>
        <description><![CDATA[<b>삼각점</b><br>명칭: 함양22<br>위도: 35.605379°N<br>경도: 127.698906°E<br><br><a href="https://map.naver.com/v5/search/35.6053792499992,127.698905694444">📍 네이버 지도</a>]]></description>
        <styleUrl>#삼각점_style</styleUrl>
        <Point>
          <coordinates>127.698905694444,35.6053792499992,0</coordinates>
        </Point>
      </Placemark>
      <Placemark>
        <name>△ 함양23</name>
        <description><![CDATA[<b>삼각점</b><br>명칭: 함양23<br>위도: 35.547233°N<br>경도: 127.578732°E<br><br><a href="https://map.naver.com/v5/search/35.5472329166658,127.578732361111">📍 네이버 지도</a>]]></description>
        <styleUrl>#삼각점_style</styleUrl>
        <Point>
          <coordinates>127.578732361111,35.5472329166658,0</coordinates>
        </Point>
      </Placemark>
      <Placemark>
        <name>△ 함양301</name>
        <description><![CDATA[<b>삼각점</b><br>명칭: 함양301<br>위도: 35.700829°N<br>경도: 127.548277°E<br><br><a href="https://map.naver.com/v5/search/35.7008294999992,127.548276805556">📍 네이버 지도</a>]]></description>
        <styleUrl>#삼각점_style</styleUrl>
        <Point>
          <coordinates>127.548276805556,35.7008294999992,0</coordinates>
        </Point>
      </Placemark>
      <Placemark>
        <name>△ 함양302</name>
        <description><![CDATA[<b>삼각점</b><br>명칭: 함양302<br>위도: 35.703549°N<br>경도: 127.603073°E<br><br><a href="https://map.naver.com/v5/search/35.7035487499992,127.60307275">📍 네이버 지도</a>]]></description>
        <styleUrl>#삼각점_style</styleUrl>
        <Point>
          <coordinates>127.60307275,35.7035487499992,0</coordinates>
        </Point>
      </Placemark>
      <Placemark>
        <name>△ 함양305</name>
        <description><![CDATA[<b>삼각점</b><br>명칭: 함양305<br>위도: 35.727690°N<br>경도: 127.720760°E<br><br><a href="https://map.naver.com/v5/search/35.7276895555548,127.720760138889">📍 네이버 지도</a>]]></description>
        <styleUrl>#삼각점_style</styleUrl>
        <Point>
          <coordinates>127.720760138889,35.7276895555548,0</coordinates>
        </Point>
      </Placemark>
      <Placemark>
        <name>△ 함양307</name>
        <description><![CDATA[<b>삼각점</b><br>명칭: 함양307<br>위도: 35.664553°N<br>경도: 127.694234°E<br><br><a href="https://map.naver.com/v5/search/35.6645528333326,127.694234305556">📍 네이버 지도</a>]]></description>
        <styleUrl>#삼각점_style</styleUrl>
        <Point>
          <coordinates>127.694234305556,35.6645528333326,0</coordinates>
        </Point>
      </Placemark>
      <Placemark>
        <name>△ 함양308</name>
        <description><![CDATA[<b>삼각점</b><br>명칭: 함양308<br>위도: 35.618515°N<br>경도: 127.635393°E<br><br><a href="https://map.naver.com/v5/search/35.6185152499992,127.635393388889">📍 네이버 지도</a>]]></description>
        <styleUrl>#삼각점_style</styleUrl>
        <Point>
          <coordinates>127.635393388889,35.6185152499992,0</coordinates>
        </Point>
      </Placemark>
      <Placemark>
        <name>△ 함양309</name>
        <description><![CDATA[<b>삼각점</b><br>명칭: 함양309<br>위도: 35.642736°N<br>경도: 127.620016°E<br><br><a href="https://map.naver.com/v5/search/35.6427361388881,127.620015916667">📍 네이버 지도</a>]]></description>
        <styleUrl>#삼각점_style</styleUrl>
        <Point>
          <coordinates>127.620015916667,35.6427361388881,0</coordinates>
        </Point>
      </Placemark>
      <Placemark>
        <name>△ 함양310</name>
        <description><![CDATA[<b>삼각점</b><br>명칭: 함양310<br>위도: 35.652696°N<br>경도: 127.572230°E<br><br><a href="https://map.naver.com/v5/search/35.6526963333325,127.572229777778">📍 네이버 지도</a>]]></description>
        <styleUrl>#삼각점_style</styleUrl>
        <Point>
          <coordinates>127.572229777778,35.6526963333325,0</coordinates>
        </Point>
      </Placemark>
      <Placemark>
        <name>△ 함양311</name>
        <description><![CDATA[<b>삼각점</b><br>명칭: 함양311<br>위도: 35.590734°N<br>경도: 127.542776°E<br><br><a href="https://map.naver.com/v5/search/35.5907342222214,127.542776305556">📍 네이버 지도</a>]]></description>
        <styleUrl>#삼각점_style</styleUrl>
        <Point>
          <coordinates>127.542776305556,35.5907342222214,0</coordinates>
        </Point>
      </Placemark>
      <Placemark>
        <name>△ 함양312</name>
        <description><![CDATA[<b>삼각점</b><br>명칭: 함양312<br>위도: 35.609339°N<br>경도: 127.535571°E<br><br><a href="https://map.naver.com/v5/search/35.6093386111103,127.535571">📍 네이버 지도</a>]]></description>
        <styleUrl>#삼각점_style</styleUrl>
        <Point>
          <coordinates>127.535571,35.6093386111103,0</coordinates>
        </Point>
      </Placemark>
      <Placemark>
        <name>△ 함양314</name>
        <description><![CDATA[<b>삼각점</b><br>명칭: 함양314<br>위도: 35.521417°N<br>경도: 127.501690°E<br><br><a href="https://map.naver.com/v5/search/35.521417277777,127.501690194444">📍 네이버 지도</a>]]></description>
        <styleUrl>#삼각점_style</styleUrl>
        <Point>
          <coordinates>127.501690194444,35.521417277777,0</coordinates>
        </Point>
      </Placemark>
      <Placemark>
        <name>△ 함양315</name>
        <description><![CDATA[<b>삼각점</b><br>명칭: 함양315<br>위도: 35.583553°N<br>경도: 127.612229°E<br><br><a href="https://map.naver.com/v5/search/35.5835530833325,127.612229222222">📍 네이버 지도</a>]]></description>
        <styleUrl>#삼각점_style</styleUrl>
        <Point>
          <coordinates>127.612229222222,35.5835530833325,0</coordinates>
        </Point>
      </Placemark>
      <Placemark>
        <name>△ 함양316</name>
        <description><![CDATA[<b>삼각점</b><br>명칭: 함양316<br>위도: 35.565605°N<br>경도: 127.662518°E<br><br><a href="https://map.naver.com/v5/search/35.5656052222214,127.662517777778">📍 네이버 지도</a>]]></description>
        <styleUrl>#삼각점_style</styleUrl>
        <Point>
          <coordinates>127.662517777778,35.5656052222214,0</coordinates>
        </Point>
      </Placemark>
      <Placemark>
        <name>△ 함양318</name>
        <description><![CDATA[<b>삼각점</b><br>명칭: 함양318<br>위도: 35.549111°N<br>경도: 127.729270°E<br><br><a href="https://map.naver.com/v5/search/35.5491113055547,127.729269555556">📍 네이버 지도</a>]]></description>
        <styleUrl>#삼각점_style</styleUrl>
        <Point>
          <coordinates>127.729269555556,35.5491113055547,0</coordinates>
        </Point>
      </Placemark>
      <Placemark>
        <name>△ 함양401</name>
        <description><![CDATA[<b>삼각점</b><br>명칭: 함양401<br>위도: 35.693942°N<br>경도: 127.500905°E<br><br><a href="https://map.naver.com/v5/search/35.693942277777,127.500904611111">📍 네이버 지도</a>]]></description>
        <styleUrl>#삼각점_style</styleUrl>
        <Point>
          <coordinates>127.500904611111,35.693942277777,0</coordinates>
        </Point>
      </Placemark>
      <Placemark>
        <name>△ 함양403</name>
        <description><![CDATA[<b>삼각점</b><br>명칭: 함양403<br>위도: 35.719125°N<br>경도: 127.512021°E<br><br><a href="https://map.naver.com/v5/search/35.7191252222215,127.512020666667">📍 네이버 지도</a>]]></description>
        <styleUrl>#삼각점_style</styleUrl>
        <Point>
          <coordinates>127.512020666667,35.7191252222215,0</coordinates>
        </Point>
      </Placemark>
      <Placemark>
        <name>△ 함양404</name>
        <description><![CDATA[<b>삼각점</b><br>명칭: 함양404<br>위도: 35.678921°N<br>경도: 127.531748°E<br><br><a href="https://map.naver.com/v5/search/35.6789208888881,127.531747916667">📍 네이버 지도</a>]]></description>
        <styleUrl>#삼각점_style</styleUrl>
        <Point>
          <coordinates>127.531747916667,35.6789208888881,0</coordinates>
        </Point>
      </Placemark>
      <Placemark>
        <name>△ 함양407</name>
        <description><![CDATA[<b>삼각점</b><br>명칭: 함양407<br>위도: 35.710351°N<br>경도: 127.574404°E<br><br><a href="https://map.naver.com/v5/search/35.710350527777,127.574404138889">📍 네이버 지도</a>]]></description>
        <styleUrl>#삼각점_style</styleUrl>
        <Point>
          <coordinates>127.574404138889,35.710350527777,0</coordinates>
        </Point>
      </Placemark>
      <Placemark>
        <name>△ 함양408</name>
        <description><![CDATA[<b>삼각점</b><br>명칭: 함양408<br>위도: 35.684773°N<br>경도: 127.576183°E<br><br><a href="https://map.naver.com/v5/search/35.6847730833326,127.576182972222">📍 네이버 지도</a>]]></description>
        <styleUrl>#삼각점_style</styleUrl>
        <Point>
          <coordinates>127.576182972222,35.6847730833326,0</coordinates>
        </Point>
      </Placemark>
      <Placemark>
        <name>△ 함양411</name>
        <description><![CDATA[<b>삼각점</b><br>명칭: 함양411<br>위도: 35.682874°N<br>경도: 127.612975°E<br><br><a href="https://map.naver.com/v5/search/35.6828744166659,127.612975138889">📍 네이버 지도</a>]]></description>
        <styleUrl>#삼각점_style</styleUrl>
        <Point>
          <coordinates>127.612975138889,35.6828744166659,0</coordinates>
        </Point>
      </Placemark>
      <Placemark>
        <name>△ 함양416</name>
        <description><![CDATA[<b>삼각점</b><br>명칭: 함양416<br>위도: 35.707621°N<br>경도: 127.667439°E<br><br><a href="https://map.naver.com/v5/search/35.7076206944437,127.667438833333">📍 네이버 지도</a>]]></description>
        <styleUrl>#삼각점_style</styleUrl>
        <Point>
          <coordinates>127.667438833333,35.7076206944437,0</coordinates>
        </Point>
      </Placemark>
      <Placemark>
        <name>△ 함양417</name>
        <description><![CDATA[<b>삼각점</b><br>명칭: 함양417<br>위도: 35.687516°N<br>경도: 127.684097°E<br><br><a href="https://map.naver.com/v5/search/35.6875159166659,127.684096916667">📍 네이버 지도</a>]]></description>
        <styleUrl>#삼각점_style</styleUrl>
        <Point>
          <coordinates>127.684096916667,35.6875159166659,0</coordinates>
        </Point>
      </Placemark>
      <Placemark>
        <name>△ 함양419</name>
        <description><![CDATA[<b>삼각점</b><br>명칭: 함양419<br>위도: 35.720025°N<br>경도: 127.696615°E<br><br><a href="https://map.naver.com/v5/search/35.7200245833326,127.696614888889">📍 네이버 지도</a>]]></description>
        <styleUrl>#삼각점_style</styleUrl>
        <Point>
          <coordinates>127.696614888889,35.7200245833326,0</coordinates>
        </Point>
      </Placemark>
      <Placemark>
        <name>△ 함양420</name>
        <description><![CDATA[<b>삼각점</b><br>명칭: 함양420<br>위도: 35.696601°N<br>경도: 127.698276°E<br><br><a href="https://map.naver.com/v5/search/35.6966011666659,127.698275916667">📍 네이버 지도</a>]]></description>
        <styleUrl>#삼각점_style</styleUrl>
        <Point>
          <coordinates>127.698275916667,35.6966011666659,0</coordinates>
        </Point>
      </Placemark>
      <Placemark>
        <name>△ 함양423</name>
        <description><![CDATA[<b>삼각점</b><br>명칭: 함양423<br>위도: 35.702622°N<br>경도: 127.719783°E<br><br><a href="https://map.naver.com/v5/search/35.7026216944437,127.719783277778">📍 네이버 지도</a>]]></description>
        <styleUrl>#삼각점_style</styleUrl>
        <Point>
          <coordinates>127.719783277778,35.7026216944437,0</coordinates>
        </Point>
      </Placemark>
      <Placemark>
        <name>△ 함양426</name>
        <description><![CDATA[<b>삼각점</b><br>명칭: 함양426<br>위도: 35.706859°N<br>경도: 127.732726°E<br><br><a href="https://map.naver.com/v5/search/35.7068592499992,127.732726">📍 네이버 지도</a>]]></description>
        <styleUrl>#삼각점_style</styleUrl>
        <Point>
          <coordinates>127.732726,35.7068592499992,0</coordinates>
        </Point>
      </Placemark>
      <Placemark>
        <name>△ 함양427</name>
        <description><![CDATA[<b>삼각점</b><br>명칭: 함양427<br>위도: 35.615621°N<br>경도: 127.729820°E<br><br><a href="https://map.naver.com/v5/search/35.6156211666659,127.72982025">📍 네이버 지도</a>]]></description>
        <styleUrl>#삼각점_style</styleUrl>
        <Point>
          <coordinates>127.72982025,35.6156211666659,0</coordinates>
        </Point>
      </Placemark>
      <Placemark>
        <name>△ 함양428</name>
        <description><![CDATA[<b>삼각점</b><br>명칭: 함양428<br>위도: 35.634440°N<br>경도: 127.730731°E<br><br><a href="https://map.naver.com/v5/search/35.6344404166659,127.730731472222">📍 네이버 지도</a>]]></description>
        <styleUrl>#삼각점_style</styleUrl>
        <Point>
          <coordinates>127.730731472222,35.6344404166659,0</coordinates>
        </Point>
      </Placemark>
      <Placemark>
        <name>△ 함양429</name>
        <description><![CDATA[<b>삼각점</b><br>명칭: 함양429<br>위도: 35.658210°N<br>경도: 127.724614°E<br><br><a href="https://map.naver.com/v5/search/35.6582101111103,127.724614194444">📍 네이버 지도</a>]]></description>
        <styleUrl>#삼각점_style</styleUrl>
        <Point>
          <coordinates>127.724614194444,35.6582101111103,0</coordinates>
        </Point>
      </Placemark>
      <Placemark>
        <name>△ 함양431</name>
        <description><![CDATA[<b>삼각점</b><br>명칭: 함양431<br>위도: 35.645679°N<br>경도: 127.680409°E<br><br><a href="https://map.naver.com/v5/search/35.6456789444437,127.680409166667">📍 네이버 지도</a>]]></description>
        <styleUrl>#삼각점_style</styleUrl>
        <Point>
          <coordinates>127.680409166667,35.6456789444437,0</coordinates>
        </Point>
      </Placemark>
      <Placemark>
        <name>△ 함양432</name>
        <description><![CDATA[<b>삼각점</b><br>명칭: 함양432<br>위도: 35.592076°N<br>경도: 127.669363°E<br><br><a href="https://map.naver.com/v5/search/35.592075527777,127.6693625">📍 네이버 지도</a>]]></description>
        <styleUrl>#삼각점_style</styleUrl>
        <Point>
          <coordinates>127.6693625,35.592075527777,0</coordinates>
        </Point>
      </Placemark>
      <Placemark>
        <name>△ 함양433</name>
        <description><![CDATA[<b>삼각점</b><br>명칭: 함양433<br>위도: 35.621773°N<br>경도: 127.670079°E<br><br><a href="https://map.naver.com/v5/search/35.6217727222214,127.670078638889">📍 네이버 지도</a>]]></description>
        <styleUrl>#삼각점_style</styleUrl>
        <Point>
          <coordinates>127.670078638889,35.6217727222214,0</coordinates>
        </Point>
      </Placemark>
      <Placemark>
        <name>△ 함양434</name>
        <description><![CDATA[<b>삼각점</b><br>명칭: 함양434<br>위도: 35.652392°N<br>경도: 127.654365°E<br><br><a href="https://map.naver.com/v5/search/35.6523924999992,127.654365111111">📍 네이버 지도</a>]]></description>
        <styleUrl>#삼각점_style</styleUrl>
        <Point>
          <coordinates>127.654365111111,35.6523924999992,0</coordinates>
        </Point>
      </Placemark>
      <Placemark>
        <name>△ 함양439</name>
        <description><![CDATA[<b>삼각점</b><br>명칭: 함양439<br>위도: 35.661758°N<br>경도: 127.593633°E<br><br><a href="https://map.naver.com/v5/search/35.6617584166659,127.59363325">📍 네이버 지도</a>]]></description>
        <styleUrl>#삼각점_style</styleUrl>
        <Point>
          <coordinates>127.59363325,35.6617584166659,0</coordinates>
        </Point>
      </Placemark>
      <Placemark>
        <name>△ 함양440</name>
        <description><![CDATA[<b>삼각점</b><br>명칭: 함양440<br>위도: 35.591108°N<br>경도: 127.579270°E<br><br><a href="https://map.naver.com/v5/search/35.5911082499992,127.579270472222">📍 네이버 지도</a>]]></description>
        <styleUrl>#삼각점_style</styleUrl>
        <Point>
          <coordinates>127.579270472222,35.5911082499992,0</coordinates>
        </Point>
      </Placemark>
      <Placemark>
        <name>△ 함양441</name>
        <description><![CDATA[<b>삼각점</b><br>명칭: 함양441<br>위도: 35.626745°N<br>경도: 127.552905°E<br><br><a href="https://map.naver.com/v5/search/35.6267452222214,127.552905138889">📍 네이버 지도</a>]]></description>
        <styleUrl>#삼각점_style</styleUrl>
        <Point>
          <coordinates>127.552905138889,35.6267452222214,0</coordinates>
        </Point>
      </Placemark>
      <Placemark>
        <name>△ 함양442</name>
        <description><![CDATA[<b>삼각점</b><br>명칭: 함양442<br>위도: 35.668066°N<br>경도: 127.556751°E<br><br><a href="https://map.naver.com/v5/search/35.6680659444437,127.556750722222">📍 네이버 지도</a>]]></description>
        <styleUrl>#삼각점_style</styleUrl>
        <Point>
          <coordinates>127.556750722222,35.6680659444437,0</coordinates>
        </Point>
      </Placemark>
      <Placemark>
        <name>△ 함양443</name>
        <description><![CDATA[<b>삼각점</b><br>명칭: 함양443<br>위도: 35.634744°N<br>경도: 127.534903°E<br><br><a href="https://map.naver.com/v5/search/35.6347435555548,127.534902944444">📍 네이버 지도</a>]]></description>
        <styleUrl>#삼각점_style</styleUrl>
        <Point>
          <coordinates>127.534902944444,35.6347435555548,0</coordinates>
        </Point>
      </Placemark>
      <Placemark>
        <name>△ 함양444</name>
        <description><![CDATA[<b>삼각점</b><br>명칭: 함양444<br>위도: 35.665760°N<br>경도: 127.510827°E<br><br><a href="https://map.naver.com/v5/search/35.6657597222214,127.510826944444">📍 네이버 지도</a>]]></description>
        <styleUrl>#삼각점_style</styleUrl>
        <Point>
          <coordinates>127.510826944444,35.6657597222214,0</coordinates>
        </Point>
      </Placemark>
      <Placemark>
        <name>△ 함양445</name>
        <description><![CDATA[<b>삼각점</b><br>명칭: 함양445<br>위도: 35.643953°N<br>경도: 127.507035°E<br><br><a href="https://map.naver.com/v5/search/35.6439534722214,127.507034527778">📍 네이버 지도</a>]]></description>
        <styleUrl>#삼각점_style</styleUrl>
        <Point>
          <coordinates>127.507034527778,35.6439534722214,0</coordinates>
        </Point>
      </Placemark>
      <Placemark>
        <name>△ 함양446</name>
        <description><![CDATA[<b>삼각점</b><br>명칭: 함양446<br>위도: 35.508919°N<br>경도: 127.512825°E<br><br><a href="https://map.naver.com/v5/search/35.5089189722214,127.512824916667">📍 네이버 지도</a>]]></description>
        <styleUrl>#삼각점_style</styleUrl>
        <Point>
          <coordinates>127.512824916667,35.5089189722214,0</coordinates>
        </Point>
      </Placemark>
      <Placemark>
        <name>△ 함양447</name>
        <description><![CDATA[<b>삼각점</b><br>명칭: 함양447<br>위도: 35.548618°N<br>경도: 127.514315°E<br><br><a href="https://map.naver.com/v5/search/35.5486181944436,127.514314583333">📍 네이버 지도</a>]]></description>
        <styleUrl>#삼각점_style</styleUrl>
        <Point>
          <coordinates>127.514314583333,35.5486181944436,0</coordinates>
        </Point>
      </Placemark>
      <Placemark>
        <name>△ 함양448</name>
        <description><![CDATA[<b>삼각점</b><br>명칭: 함양448<br>위도: 35.570497°N<br>경도: 127.524802°E<br><br><a href="https://map.naver.com/v5/search/35.5704973611103,127.524802">📍 네이버 지도</a>]]></description>
        <styleUrl>#삼각점_style</styleUrl>
        <Point>
          <coordinates>127.524802,35.5704973611103,0</coordinates>
        </Point>
      </Placemark>
      <Placemark>
        <name>△ 함양449</name>
        <description><![CDATA[<b>삼각점</b><br>명칭: 함양449<br>위도: 35.530715°N<br>경도: 127.533405°E<br><br><a href="https://map.naver.com/v5/search/35.5307153333325,127.533404861111">📍 네이버 지도</a>]]></description>
        <styleUrl>#삼각점_style</styleUrl>
        <Point>
          <coordinates>127.533404861111,35.5307153333325,0</coordinates>
        </Point>
      </Placemark>
      <Placemark>
        <name>△ 함양450</name>
        <description><![CDATA[<b>삼각점</b><br>명칭: 함양450<br>위도: 35.503776°N<br>경도: 127.545203°E<br><br><a href="https://map.naver.com/v5/search/35.5037755555547,127.545202694444">📍 네이버 지도</a>]]></description>
        <styleUrl>#삼각점_style</styleUrl>
        <Point>
          <coordinates>127.545202694444,35.5037755555547,0</coordinates>
        </Point>
      </Placemark>
      <Placemark>
        <name>△ 함양451</name>
        <description><![CDATA[<b>삼각점</b><br>명칭: 함양451<br>위도: 35.555324°N<br>경도: 127.545163°E<br><br><a href="https://map.naver.com/v5/search/35.5553243888881,127.54516275">📍 네이버 지도</a>]]></description>
        <styleUrl>#삼각점_style</styleUrl>
        <Point>
          <coordinates>127.54516275,35.5553243888881,0</coordinates>
        </Point>
      </Placemark>
      <Placemark>
        <name>△ 함양452</name>
        <description><![CDATA[<b>삼각점</b><br>명칭: 함양452<br>위도: 35.517169°N<br>경도: 127.573786°E<br><br><a href="https://map.naver.com/v5/search/35.5171689166658,127.5737865">📍 네이버 지도</a>]]></description>
        <styleUrl>#삼각점_style</styleUrl>
        <Point>
          <coordinates>127.5737865,35.5171689166658,0</coordinates>
        </Point>
      </Placemark>
      <Placemark>
        <name>△ 함양454</name>
        <description><![CDATA[<b>삼각점</b><br>명칭: 함양454<br>위도: 35.559855°N<br>경도: 127.624009°E<br><br><a href="https://map.naver.com/v5/search/35.5598549722214,127.624008555556">📍 네이버 지도</a>]]></description>
        <styleUrl>#삼각점_style</styleUrl>
        <Point>
          <coordinates>127.624008555556,35.5598549722214,0</coordinates>
        </Point>
      </Placemark>
      <Placemark>
        <name>△ 함양455</name>
        <description><![CDATA[<b>삼각점</b><br>명칭: 함양455<br>위도: 35.537792°N<br>경도: 127.629211°E<br><br><a href="https://map.naver.com/v5/search/35.5377921388881,127.629210638889">📍 네이버 지도</a>]]></description>
        <styleUrl>#삼각점_style</styleUrl>
        <Point>
          <coordinates>127.629210638889,35.5377921388881,0</coordinates>
        </Point>
      </Placemark>
      <Placemark>
        <name>△ 함양456</name>
        <description><![CDATA[<b>삼각점</b><br>명칭: 함양456<br>위도: 35.515629°N<br>경도: 127.672235°E<br><br><a href="https://map.naver.com/v5/search/35.5156291111103,127.672234916667">📍 네이버 지도</a>]]></description>
        <styleUrl>#삼각점_style</styleUrl>
        <Point>
          <coordinates>127.672234916667,35.5156291111103,0</coordinates>
        </Point>
      </Placemark>
      <Placemark>
        <name>△ 함양457</name>
        <description><![CDATA[<b>삼각점</b><br>명칭: 함양457<br>위도: 35.538377°N<br>경도: 127.674768°E<br><br><a href="https://map.naver.com/v5/search/35.5383766388881,127.674767611111">📍 네이버 지도</a>]]></description>
        <styleUrl>#삼각점_style</styleUrl>
        <Point>
          <coordinates>127.674767611111,35.5383766388881,0</coordinates>
        </Point>
      </Placemark>
      <Placemark>
        <name>△ 함양459</name>
        <description><![CDATA[<b>삼각점</b><br>명칭: 함양459<br>위도: 35.533137°N<br>경도: 127.705378°E<br><br><a href="https://map.naver.com/v5/search/35.5331374722214,127.705377833333">📍 네이버 지도</a>]]></description>
        <styleUrl>#삼각점_style</styleUrl>
        <Point>
          <coordinates>127.705377833333,35.5331374722214,0</coordinates>
        </Point>
      </Placemark>
      <Placemark>
        <name>△ 함양460</name>
        <description><![CDATA[<b>삼각점</b><br>명칭: 함양460<br>위도: 35.566034°N<br>경도: 127.712152°E<br><br><a href="https://map.naver.com/v5/search/35.5660343333325,127.712152361111">📍 네이버 지도</a>]]></description>
        <styleUrl>#삼각점_style</styleUrl>
        <Point>
          <coordinates>127.712152361111,35.5660343333325,0</coordinates>
        </Point>
      </Placemark>
      <Placemark>
        <name>△ 함양461</name>
        <description><![CDATA[<b>삼각점</b><br>명칭: 함양461<br>위도: 35.515014°N<br>경도: 127.718940°E<br><br><a href="https://map.naver.com/v5/search/35.5150142222214,127.718940444444">📍 네이버 지도</a>]]></description>
        <styleUrl>#삼각점_style</styleUrl>
        <Point>
          <coordinates>127.718940444444,35.5150142222214,0</coordinates>
        </Point>
      </Placemark>
      <Placemark>
        <name>△ 함양462</name>
        <description><![CDATA[<b>삼각점</b><br>명칭: 함양462<br>위도: 35.579936°N<br>경도: 127.739893°E<br><br><a href="https://map.naver.com/v5/search/35.5799364166659,127.739892805556">📍 네이버 지도</a>]]></description>
        <styleUrl>#삼각점_style</styleUrl>
        <Point>
          <coordinates>127.739892805556,35.5799364166659,0</coordinates>
        </Point>
      </Placemark>
      <Placemark>
        <name>△ 함양463</name>
        <description><![CDATA[<b>삼각점</b><br>명칭: 함양463<br>위도: 35.526977°N<br>경도: 127.735692°E<br><br><a href="https://map.naver.com/v5/search/35.5269773055547,127.735692">📍 네이버 지도</a>]]></description>
        <styleUrl>#삼각점_style</styleUrl>
        <Point>
          <coordinates>127.735692,35.5269773055547,0</coordinates>
        </Point>
      </Placemark>
      <Placemark>
        <name>△ 거창414</name>
        <description><![CDATA[<b>삼각점</b><br>명칭: 거창414<br>위도: 35.751413°N<br>경도: 127.887278°E<br><br><a href="https://map.naver.com/v5/search/35.7514134999992,127.887278472222">📍 네이버 지도</a>]]></description>
        <styleUrl>#삼각점_style</styleUrl>
        <Point>
          <coordinates>127.887278472222,35.7514134999992,0</coordinates>
        </Point>
      </Placemark>
      <Placemark>
        <name>△ 거창21</name>
        <description><![CDATA[<b>삼각점</b><br>명칭: 거창21<br>위도: 35.706936°N<br>경도: 127.781643°E<br><br><a href="https://map.naver.com/v5/search/35.7069359166659,127.781643277778">📍 네이버 지도</a>]]></description>
        <styleUrl>#삼각점_style</styleUrl>
        <Point>
          <coordinates>127.781643277778,35.7069359166659,0</coordinates>
        </Point>
      </Placemark>
      <Placemark>
        <name>△ 거창22</name>
        <description><![CDATA[<b>삼각점</b><br>명칭: 거창22<br>위도: 35.729302°N<br>경도: 127.881392°E<br><br><a href="https://map.naver.com/v5/search/35.7293023888881,127.881391833333">📍 네이버 지도</a>]]></description>
        <styleUrl>#삼각점_style</styleUrl>
        <Point>
          <coordinates>127.881391833333,35.7293023888881,0</coordinates>
        </Point>
      </Placemark>
      <Placemark>
        <name>△ 거창25</name>
        <description><![CDATA[<b>삼각점</b><br>명칭: 거창25<br>위도: 35.608037°N<br>경도: 127.820038°E<br><br><a href="https://map.naver.com/v5/search/35.6080369722214,127.820038416667">📍 네이버 지도</a>]]></description>
        <styleUrl>#삼각점_style</styleUrl>
        <Point>
          <coordinates>127.820038416667,35.6080369722214,0</coordinates>
        </Point>
      </Placemark>
      <Placemark>
        <name>△ 거창26</name>
        <description><![CDATA[<b>삼각점</b><br>명칭: 거창26<br>위도: 35.535668°N<br>경도: 127.795386°E<br><br><a href="https://map.naver.com/v5/search/35.5356684999992,127.795386138889">📍 네이버 지도</a>]]></description>
        <styleUrl>#삼각점_style</styleUrl>
        <Point>
          <coordinates>127.795386138889,35.5356684999992,0</coordinates>
        </Point>
      </Placemark>
      <Placemark>
        <name>△ 거창302</name>
        <description><![CDATA[<b>삼각점</b><br>명칭: 거창302<br>위도: 35.709556°N<br>경도: 127.826145°E<br><br><a href="https://map.naver.com/v5/search/35.7095560833326,127.826144722222">📍 네이버 지도</a>]]></description>
        <styleUrl>#삼각점_style</styleUrl>
        <Point>
          <coordinates>127.826144722222,35.7095560833326,0</coordinates>
        </Point>
      </Placemark>
      <Placemark>
        <name>△ 거창303</name>
        <description><![CDATA[<b>삼각점</b><br>명칭: 거창303<br>위도: 35.702650°N<br>경도: 127.878827°E<br><br><a href="https://map.naver.com/v5/search/35.7026498611103,127.8788275">📍 네이버 지도</a>]]></description>
        <styleUrl>#삼각점_style</styleUrl>
        <Point>
          <coordinates>127.8788275,35.7026498611103,0</coordinates>
        </Point>
      </Placemark>
      <Placemark>
        <name>△ 거창307</name>
        <description><![CDATA[<b>삼각점</b><br>명칭: 거창307<br>위도: 35.669415°N<br>경도: 127.876914°E<br><br><a href="https://map.naver.com/v5/search/35.669415277777,127.876914083333">📍 네이버 지도</a>]]></description>
        <styleUrl>#삼각점_style</styleUrl>
        <Point>
          <coordinates>127.876914083333,35.669415277777,0</coordinates>
        </Point>
      </Placemark>
      <Placemark>
        <name>△ 거창308</name>
        <description><![CDATA[<b>삼각점</b><br>명칭: 거창308<br>위도: 35.620924°N<br>경도: 127.871085°E<br><br><a href="https://map.naver.com/v5/search/35.6209236388881,127.871084527778">📍 네이버 지도</a>]]></description>
        <styleUrl>#삼각점_style</styleUrl>
        <Point>
          <coordinates>127.871084527778,35.6209236388881,0</coordinates>
        </Point>
      </Placemark>
      <Placemark>
        <name>△ 거창309</name>
        <description><![CDATA[<b>삼각점</b><br>명칭: 거창309<br>위도: 35.656217°N<br>경도: 127.826322°E<br><br><a href="https://map.naver.com/v5/search/35.6562168333325,127.826321638889">📍 네이버 지도</a>]]></description>
        <styleUrl>#삼각점_style</styleUrl>
        <Point>
          <coordinates>127.826321638889,35.6562168333325,0</coordinates>
        </Point>
      </Placemark>
      <Placemark>
        <name>△ 거창310</name>
        <description><![CDATA[<b>삼각점</b><br>명칭: 거창310<br>위도: 35.651334°N<br>경도: 127.776525°E<br><br><a href="https://map.naver.com/v5/search/35.6513341666659,127.776525222222">📍 네이버 지도</a>]]></description>
        <styleUrl>#삼각점_style</styleUrl>
        <Point>
          <coordinates>127.776525222222,35.6513341666659,0</coordinates>
        </Point>
      </Placemark>
      <Placemark>
        <name>△ 거창311</name>
        <description><![CDATA[<b>삼각점</b><br>명칭: 거창311<br>위도: 35.607945°N<br>경도: 127.751975°E<br><br><a href="https://map.naver.com/v5/search/35.6079449722214,127.751974722222">📍 네이버 지도</a>]]></description>
        <styleUrl>#삼각점_style</styleUrl>
        <Point>
          <coordinates>127.751974722222,35.6079449722214,0</coordinates>
        </Point>
      </Placemark>
      <Placemark>
        <name>△ 거창312</name>
        <description><![CDATA[<b>삼각점</b><br>명칭: 거창312<br>위도: 35.586469°N<br>경도: 127.779567°E<br><br><a href="https://map.naver.com/v5/search/35.5864685555548,127.779567305556">📍 네이버 지도</a>]]></description>
        <styleUrl>#삼각점_style</styleUrl>
        <Point>
          <coordinates>127.779567305556,35.5864685555548,0</coordinates>
        </Point>
      </Placemark>
      <Placemark>
        <name>△ 거창313</name>
        <description><![CDATA[<b>삼각점</b><br>명칭: 거창313<br>위도: 35.513095°N<br>경도: 127.863130°E<br><br><a href="https://map.naver.com/v5/search/35.5130949166658,127.863130222222">📍 네이버 지도</a>]]></description>
        <styleUrl>#삼각점_style</styleUrl>
        <Point>
          <coordinates>127.863130222222,35.5130949166658,0</coordinates>
        </Point>
      </Placemark>
      <Placemark>
        <name>△ 거창314</name>
        <description><![CDATA[<b>삼각점</b><br>명칭: 거창314<br>위도: 35.559898°N<br>경도: 127.869739°E<br><br><a href="https://map.naver.com/v5/search/35.5598983888881,127.869738944444">📍 네이버 지도</a>]]></description>
        <styleUrl>#삼각점_style</styleUrl>
        <Point>
          <coordinates>127.869738944444,35.5598983888881,0</coordinates>
        </Point>
      </Placemark>
      <Placemark>
        <name>△ 거창402</name>
        <description><![CDATA[<b>삼각점</b><br>명칭: 거창402<br>위도: 35.679678°N<br>경도: 127.775314°E<br><br><a href="https://map.naver.com/v5/search/35.6796781944437,127.775313833333">📍 네이버 지도</a>]]></description>
        <styleUrl>#삼각점_style</styleUrl>
        <Point>
          <coordinates>127.775313833333,35.6796781944437,0</coordinates>
        </Point>
      </Placemark>
      <Placemark>
        <name>△ 거창403</name>
        <description><![CDATA[<b>삼각점</b><br>명칭: 거창403<br>위도: 35.735705°N<br>경도: 127.795850°E<br><br><a href="https://map.naver.com/v5/search/35.7357046944437,127.795850166667">📍 네이버 지도</a>]]></description>
        <styleUrl>#삼각점_style</styleUrl>
        <Point>
          <coordinates>127.795850166667,35.7357046944437,0</coordinates>
        </Point>
      </Placemark>
      <Placemark>
        <name>△ 거창406</name>
        <description><![CDATA[<b>삼각점</b><br>명칭: 거창406<br>위도: 35.723359°N<br>경도: 127.813504°E<br><br><a href="https://map.naver.com/v5/search/35.7233591388881,127.813503888889">📍 네이버 지도</a>]]></description>
        <styleUrl>#삼각점_style</styleUrl>
        <Point>
          <coordinates>127.813503888889,35.7233591388881,0</coordinates>
        </Point>
      </Placemark>
      <Placemark>
        <name>△ 거창408</name>
        <description><![CDATA[<b>삼각점</b><br>명칭: 거창408<br>위도: 35.689355°N<br>경도: 127.832360°E<br><br><a href="https://map.naver.com/v5/search/35.6893551111103,127.832360166667">📍 네이버 지도</a>]]></description>
        <styleUrl>#삼각점_style</styleUrl>
        <Point>
          <coordinates>127.832360166667,35.6893551111103,0</coordinates>
        </Point>
      </Placemark>
      <Placemark>
        <name>△ 거창409</name>
        <description><![CDATA[<b>삼각점</b><br>명칭: 거창409<br>위도: 35.732953°N<br>경도: 127.840075°E<br><br><a href="https://map.naver.com/v5/search/35.7329527222214,127.840075416667">📍 네이버 지도</a>]]></description>
        <styleUrl>#삼각점_style</styleUrl>
        <Point>
          <coordinates>127.840075416667,35.7329527222214,0</coordinates>
        </Point>
      </Placemark>
      <Placemark>
        <name>△ 거창410</name>
        <description><![CDATA[<b>삼각점</b><br>명칭: 거창410<br>위도: 35.746472°N<br>경도: 127.846684°E<br><br><a href="https://map.naver.com/v5/search/35.7464719444437,127.846684027778">📍 네이버 지도</a>]]></description>
        <styleUrl>#삼각점_style</styleUrl>
        <Point>
          <coordinates>127.846684027778,35.7464719444437,0</coordinates>
        </Point>
      </Placemark>
      <Placemark>
        <name>△ 거창411</name>
        <description><![CDATA[<b>삼각점</b><br>명칭: 거창411<br>위도: 35.702582°N<br>경도: 127.849163°E<br><br><a href="https://map.naver.com/v5/search/35.7025824444437,127.849163305556">📍 네이버 지도</a>]]></description>
        <styleUrl>#삼각점_style</styleUrl>
        <Point>
          <coordinates>127.849163305556,35.7025824444437,0</coordinates>
        </Point>
      </Placemark>
      <Placemark>
        <name>△ 거창412</name>
        <description><![CDATA[<b>삼각점</b><br>명칭: 거창412<br>위도: 35.678397°N<br>경도: 127.858863°E<br><br><a href="https://map.naver.com/v5/search/35.6783966111103,127.858862722222">📍 네이버 지도</a>]]></description>
        <styleUrl>#삼각점_style</styleUrl>
        <Point>
          <coordinates>127.858862722222,35.6783966111103,0</coordinates>
        </Point>
      </Placemark>
      <Placemark>
        <name>△ 거창413</name>
        <description><![CDATA[<b>삼각점</b><br>명칭: 거창413<br>위도: 35.721548°N<br>경도: 127.858494°E<br><br><a href="https://map.naver.com/v5/search/35.7215483888881,127.858493916667">📍 네이버 지도</a>]]></description>
        <styleUrl>#삼각점_style</styleUrl>
        <Point>
          <coordinates>127.858493916667,35.7215483888881,0</coordinates>
        </Point>
      </Placemark>
      <Placemark>
        <name>△ 거창437</name>
        <description><![CDATA[<b>삼각점</b><br>명칭: 거창437<br>위도: 35.609038°N<br>경도: 127.886281°E<br><br><a href="https://map.naver.com/v5/search/35.6090383611103,127.886281111111">📍 네이버 지도</a>]]></description>
        <styleUrl>#삼각점_style</styleUrl>
        <Point>
          <coordinates>127.886281111111,35.6090383611103,0</coordinates>
        </Point>
      </Placemark>
      <Placemark>
        <name>△ 거창438</name>
        <description><![CDATA[<b>삼각점</b><br>명칭: 거창438<br>위도: 35.589162°N<br>경도: 127.885389°E<br><br><a href="https://map.naver.com/v5/search/35.5891623055547,127.885388555556">📍 네이버 지도</a>]]></description>
        <styleUrl>#삼각점_style</styleUrl>
        <Point>
          <coordinates>127.885388555556,35.5891623055547,0</coordinates>
        </Point>
      </Placemark>
      <Placemark>
        <name>△ 거창439</name>
        <description><![CDATA[<b>삼각점</b><br>명칭: 거창439<br>위도: 35.640987°N<br>경도: 127.877700°E<br><br><a href="https://map.naver.com/v5/search/35.6409866388881,127.877700416667">📍 네이버 지도</a>]]></description>
        <styleUrl>#삼각점_style</styleUrl>
        <Point>
          <coordinates>127.877700416667,35.6409866388881,0</coordinates>
        </Point>
      </Placemark>
      <Placemark>
        <name>△ 거창440</name>
        <description><![CDATA[<b>삼각점</b><br>명칭: 거창440<br>위도: 35.599431°N<br>경도: 127.865451°E<br><br><a href="https://map.naver.com/v5/search/35.5994313055548,127.865450888889">📍 네이버 지도</a>]]></description>
        <styleUrl>#삼각점_style</styleUrl>
        <Point>
          <coordinates>127.865450888889,35.5994313055548,0</coordinates>
        </Point>
      </Placemark>
      <Placemark>
        <name>△ 거창442</name>
        <description><![CDATA[<b>삼각점</b><br>명칭: 거창442<br>위도: 35.634148°N<br>경도: 127.846746°E<br><br><a href="https://map.naver.com/v5/search/35.634148027777,127.846745666667">📍 네이버 지도</a>]]></description>
        <styleUrl>#삼각점_style</styleUrl>
        <Point>
          <coordinates>127.846745666667,35.634148027777,0</coordinates>
        </Point>
      </Placemark>
      <Placemark>
        <name>△ 거창443</name>
        <description><![CDATA[<b>삼각점</b><br>명칭: 거창443<br>위도: 35.615034°N<br>경도: 127.844654°E<br><br><a href="https://map.naver.com/v5/search/35.6150336944436,127.844653777778">📍 네이버 지도</a>]]></description>
        <styleUrl>#삼각점_style</styleUrl>
        <Point>
          <coordinates>127.844653777778,35.6150336944436,0</coordinates>
        </Point>
      </Placemark>
      <Placemark>
        <name>△ 거창444</name>
        <description><![CDATA[<b>삼각점</b><br>명칭: 거창444<br>위도: 35.590766°N<br>경도: 127.843968°E<br><br><a href="https://map.naver.com/v5/search/35.5907660555548,127.843967777778">📍 네이버 지도</a>]]></description>
        <styleUrl>#삼각점_style</styleUrl>
        <Point>
          <coordinates>127.843967777778,35.5907660555548,0</coordinates>
        </Point>
      </Placemark>
      <Placemark>
        <name>△ 거창445</name>
        <description><![CDATA[<b>삼각점</b><br>명칭: 거창445<br>위도: 35.588048°N<br>경도: 127.820581°E<br><br><a href="https://map.naver.com/v5/search/35.5880476666659,127.82058125">📍 네이버 지도</a>]]></description>
        <styleUrl>#삼각점_style</styleUrl>
        <Point>
          <coordinates>127.82058125,35.5880476666659,0</coordinates>
        </Point>
      </Placemark>
      <Placemark>
        <name>△ 거창446</name>
        <description><![CDATA[<b>삼각점</b><br>명칭: 거창446<br>위도: 35.631634°N<br>경도: 127.820772°E<br><br><a href="https://map.naver.com/v5/search/35.6316337222214,127.82077175">📍 네이버 지도</a>]]></description>
        <styleUrl>#삼각점_style</styleUrl>
        <Point>
          <coordinates>127.82077175,35.6316337222214,0</coordinates>
        </Point>
      </Placemark>
      <Placemark>
        <name>△ 거창447</name>
        <description><![CDATA[<b>삼각점</b><br>명칭: 거창447<br>위도: 35.640260°N<br>경도: 127.798883°E<br><br><a href="https://map.naver.com/v5/search/35.6402599722214,127.798882611111">📍 네이버 지도</a>]]></description>
        <styleUrl>#삼각점_style</styleUrl>
        <Point>
          <coordinates>127.798882611111,35.6402599722214,0</coordinates>
        </Point>
      </Placemark>
      <Placemark>
        <name>△ 거창448</name>
        <description><![CDATA[<b>삼각점</b><br>명칭: 거창448<br>위도: 35.664854°N<br>경도: 127.798044°E<br><br><a href="https://map.naver.com/v5/search/35.6648544722214,127.798043722222">📍 네이버 지도</a>]]></description>
        <styleUrl>#삼각점_style</styleUrl>
        <Point>
          <coordinates>127.798043722222,35.6648544722214,0</coordinates>
        </Point>
      </Placemark>
      <Placemark>
        <name>△ 거창449</name>
        <description><![CDATA[<b>삼각점</b><br>명칭: 거창449<br>위도: 35.605892°N<br>경도: 127.789255°E<br><br><a href="https://map.naver.com/v5/search/35.6058918333325,127.789255388889">📍 네이버 지도</a>]]></description>
        <styleUrl>#삼각점_style</styleUrl>
        <Point>
          <coordinates>127.789255388889,35.6058918333325,0</coordinates>
        </Point>
      </Placemark>
      <Placemark>
        <name>△ 거창450</name>
        <description><![CDATA[<b>삼각점</b><br>명칭: 거창450<br>위도: 35.623465°N<br>경도: 127.788394°E<br><br><a href="https://map.naver.com/v5/search/35.6234648055548,127.788393611111">📍 네이버 지도</a>]]></description>
        <styleUrl>#삼각점_style</styleUrl>
        <Point>
          <coordinates>127.788393611111,35.6234648055548,0</coordinates>
        </Point>
      </Placemark>
      <Placemark>
        <name>△ 거창451</name>
        <description><![CDATA[<b>삼각점</b><br>명칭: 거창451<br>위도: 35.631938°N<br>경도: 127.759529°E<br><br><a href="https://map.naver.com/v5/search/35.6319379166659,127.759529083333">📍 네이버 지도</a>]]></description>
        <styleUrl>#삼각점_style</styleUrl>
        <Point>
          <coordinates>127.759529083333,35.6319379166659,0</coordinates>
        </Point>
      </Placemark>
      <Placemark>
        <name>△ 거창452</name>
        <description><![CDATA[<b>삼각점</b><br>명칭: 거창452<br>위도: 35.537011°N<br>경도: 127.761333°E<br><br><a href="https://map.naver.com/v5/search/35.5370105555547,127.761333472222">📍 네이버 지도</a>]]></description>
        <styleUrl>#삼각점_style</styleUrl>
        <Point>
          <coordinates>127.761333472222,35.5370105555547,0</coordinates>
        </Point>
      </Placemark>
      <Placemark>
        <name>△ 거창453</name>
        <description><![CDATA[<b>삼각점</b><br>명칭: 거창453<br>위도: 35.569091°N<br>경도: 127.760673°E<br><br><a href="https://map.naver.com/v5/search/35.5690913055547,127.760672666667">📍 네이버 지도</a>]]></description>
        <styleUrl>#삼각점_style</styleUrl>
        <Point>
          <coordinates>127.760672666667,35.5690913055547,0</coordinates>
        </Point>
      </Placemark>
      <Placemark>
        <name>△ 거창454</name>
        <description><![CDATA[<b>삼각점</b><br>명칭: 거창454<br>위도: 35.516916°N<br>경도: 127.766660°E<br><br><a href="https://map.naver.com/v5/search/35.5169161944436,127.766659888889">📍 네이버 지도</a>]]></description>
        <styleUrl>#삼각점_style</styleUrl>
        <Point>
          <coordinates>127.766659888889,35.5169161944436,0</coordinates>
        </Point>
      </Placemark>
      <Placemark>
        <name>△ 거창455</name>
        <description><![CDATA[<b>삼각점</b><br>명칭: 거창455<br>위도: 35.554968°N<br>경도: 127.775565°E<br><br><a href="https://map.naver.com/v5/search/35.5549683611103,127.77556525">📍 네이버 지도</a>]]></description>
        <styleUrl>#삼각점_style</styleUrl>
        <Point>
          <coordinates>127.77556525,35.5549683611103,0</coordinates>
        </Point>
      </Placemark>
      <Placemark>
        <name>△ 거창456</name>
        <description><![CDATA[<b>삼각점</b><br>명칭: 거창456<br>위도: 35.569029°N<br>경도: 127.796126°E<br><br><a href="https://map.naver.com/v5/search/35.569028527777,127.796126416667">📍 네이버 지도</a>]]></description>
        <styleUrl>#삼각점_style</styleUrl>
        <Point>
          <coordinates>127.796126416667,35.569028527777,0</coordinates>
        </Point>
      </Placemark>
      <Placemark>
        <name>△ 거창458</name>
        <description><![CDATA[<b>삼각점</b><br>명칭: 거창458<br>위도: 35.561615°N<br>경도: 127.826479°E<br><br><a href="https://map.naver.com/v5/search/35.5616152222214,127.826478638889">📍 네이버 지도</a>]]></description>
        <styleUrl>#삼각점_style</styleUrl>
        <Point>
          <coordinates>127.826478638889,35.5616152222214,0</coordinates>
        </Point>
      </Placemark>
      <Placemark>
        <name>△ 거창460</name>
        <description><![CDATA[<b>삼각점</b><br>명칭: 거창460<br>위도: 35.515039°N<br>경도: 127.836525°E<br><br><a href="https://map.naver.com/v5/search/35.5150391666658,127.836524527778">📍 네이버 지도</a>]]></description>
        <styleUrl>#삼각점_style</styleUrl>
        <Point>
          <coordinates>127.836524527778,35.5150391666658,0</coordinates>
        </Point>
      </Placemark>
      <Placemark>
        <name>△ 거창461</name>
        <description><![CDATA[<b>삼각점</b><br>명칭: 거창461<br>위도: 35.544039°N<br>경도: 127.845703°E<br><br><a href="https://map.naver.com/v5/search/35.5440386666658,127.845703444444">📍 네이버 지도</a>]]></description>
        <styleUrl>#삼각점_style</styleUrl>
        <Point>
          <coordinates>127.845703444444,35.5440386666658,0</coordinates>
        </Point>
      </Placemark>
      <Placemark>
        <name>△ 거창462</name>
        <description><![CDATA[<b>삼각점</b><br>명칭: 거창462<br>위도: 35.576151°N<br>경도: 127.863702°E<br><br><a href="https://map.naver.com/v5/search/35.5761508333325,127.863702222222">📍 네이버 지도</a>]]></description>
        <styleUrl>#삼각점_style</styleUrl>
        <Point>
          <coordinates>127.863702222222,35.5761508333325,0</coordinates>
        </Point>
      </Placemark>
      <Placemark>
        <name>△ 거창463</name>
        <description><![CDATA[<b>삼각점</b><br>명칭: 거창463<br>위도: 35.535918°N<br>경도: 127.872874°E<br><br><a href="https://map.naver.com/v5/search/35.5359179166659,127.872873944444">📍 네이버 지도</a>]]></description>
        <styleUrl>#삼각점_style</styleUrl>
        <Point>
          <coordinates>127.872873944444,35.5359179166659,0</coordinates>
        </Point>
      </Placemark>
      <Placemark>
        <name>△ 거창464</name>
        <description><![CDATA[<b>삼각점</b><br>명칭: 거창464<br>위도: 35.557719°N<br>경도: 127.889357°E<br><br><a href="https://map.naver.com/v5/search/35.5577187222214,127.889356888889">📍 네이버 지도</a>]]></description>
        <styleUrl>#삼각점_style</styleUrl>
        <Point>
          <coordinates>127.889356888889,35.5577187222214,0</coordinates>
        </Point>
      </Placemark>
      <Placemark>
        <name>△ 산청305</name>
        <description><![CDATA[<b>삼각점</b><br>명칭: 산청305<br>위도: 35.424507°N<br>경도: 127.896521°E<br><br><a href="https://map.naver.com/v5/search/35.4245068333325,127.896521416667">📍 네이버 지도</a>]]></description>
        <styleUrl>#삼각점_style</styleUrl>
        <Point>
          <coordinates>127.896521416667,35.4245068333325,0</coordinates>
        </Point>
      </Placemark>
      <Placemark>
        <name>△ 진안312</name>
        <description><![CDATA[<b>삼각점</b><br>명칭: 진안312<br>위도: 35.783652°N<br>경도: 127.314209°E<br><br><a href="https://map.naver.com/v5/search/35.7836516388882,127.314209194444">📍 네이버 지도</a>]]></description>
        <styleUrl>#삼각점_style</styleUrl>
        <Point>
          <coordinates>127.314209194444,35.7836516388882,0</coordinates>
        </Point>
      </Placemark>
      <Placemark>
        <name>△ 진안316</name>
        <description><![CDATA[<b>삼각점</b><br>명칭: 진안316<br>위도: 35.756828°N<br>경도: 127.478262°E<br><br><a href="https://map.naver.com/v5/search/35.7568277499992,127.478262194444">📍 네이버 지도</a>]]></description>
        <styleUrl>#삼각점_style</styleUrl>
        <Point>
          <coordinates>127.478262194444,35.7568277499992,0</coordinates>
        </Point>
      </Placemark>
      <Placemark>
        <name>△ 진안418</name>
        <description><![CDATA[<b>삼각점</b><br>명칭: 진안418<br>위도: 35.994115°N<br>경도: 127.493419°E<br><br><a href="https://map.naver.com/v5/search/35.9941146388882,127.493418638889">📍 네이버 지도</a>]]></description>
        <styleUrl>#삼각점_style</styleUrl>
        <Point>
          <coordinates>127.493418638889,35.9941146388882,0</coordinates>
        </Point>
      </Placemark>
      <Placemark>
        <name>△ 진안423</name>
        <description><![CDATA[<b>삼각점</b><br>명칭: 진안423<br>위도: 35.878433°N<br>경도: 127.446122°E<br><br><a href="https://map.naver.com/v5/search/35.8784329722215,127.446122222222">📍 네이버 지도</a>]]></description>
        <styleUrl>#삼각점_style</styleUrl>
        <Point>
          <coordinates>127.446122222222,35.8784329722215,0</coordinates>
        </Point>
      </Placemark>
      <Placemark>
        <name>△ 진안426</name>
        <description><![CDATA[<b>삼각점</b><br>명칭: 진안426<br>위도: 35.897013°N<br>경도: 127.404397°E<br><br><a href="https://map.naver.com/v5/search/35.8970133333326,127.404397083333">📍 네이버 지도</a>]]></description>
        <styleUrl>#삼각점_style</styleUrl>
        <Point>
          <coordinates>127.404397083333,35.8970133333326,0</coordinates>
        </Point>
      </Placemark>
      <Placemark>
        <name>△ 진안432</name>
        <description><![CDATA[<b>삼각점</b><br>명칭: 진안432<br>위도: 35.919908°N<br>경도: 127.327571°E<br><br><a href="https://map.naver.com/v5/search/35.9199082777771,127.327571166667">📍 네이버 지도</a>]]></description>
        <styleUrl>#삼각점_style</styleUrl>
        <Point>
          <coordinates>127.327571166667,35.9199082777771,0</coordinates>
        </Point>
      </Placemark>
      <Placemark>
        <name>△ 진안450</name>
        <description><![CDATA[<b>삼각점</b><br>명칭: 진안450<br>위도: 35.814016°N<br>경도: 127.328321°E<br><br><a href="https://map.naver.com/v5/search/35.8140163055548,127.328320555556">📍 네이버 지도</a>]]></description>
        <styleUrl>#삼각점_style</styleUrl>
        <Point>
          <coordinates>127.328320555556,35.8140163055548,0</coordinates>
        </Point>
      </Placemark>
      <Placemark>
        <name>△ 진안461</name>
        <description><![CDATA[<b>삼각점</b><br>명칭: 진안461<br>위도: 35.786880°N<br>경도: 127.457681°E<br><br><a href="https://map.naver.com/v5/search/35.7868799999993,127.457681055556">📍 네이버 지도</a>]]></description>
        <styleUrl>#삼각점_style</styleUrl>
        <Point>
          <coordinates>127.457681055556,35.7868799999993,0</coordinates>
        </Point>
      </Placemark>
      <Placemark>
        <name>△ 무주21</name>
        <description><![CDATA[<b>삼각점</b><br>명칭: 무주21<br>위도: 35.943557°N<br>경도: 127.553283°E<br><br><a href="https://map.naver.com/v5/search/35.9435572777771,127.553283277778">📍 네이버 지도</a>]]></description>
        <styleUrl>#삼각점_style</styleUrl>
        <Point>
          <coordinates>127.553283277778,35.9435572777771,0</coordinates>
        </Point>
      </Placemark>
      <Placemark>
        <name>△ 무주24</name>
        <description><![CDATA[<b>삼각점</b><br>명칭: 무주24<br>위도: 35.852534°N<br>경도: 127.535974°E<br><br><a href="https://map.naver.com/v5/search/35.8525339444437,127.535974416667">📍 네이버 지도</a>]]></description>
        <styleUrl>#삼각점_style</styleUrl>
        <Point>
          <coordinates>127.535974416667,35.8525339444437,0</coordinates>
        </Point>
      </Placemark>
      <Placemark>
        <name>△ 무주26</name>
        <description><![CDATA[<b>삼각점</b><br>명칭: 무주26<br>위도: 35.764993°N<br>경도: 127.579791°E<br><br><a href="https://map.naver.com/v5/search/35.7649931944437,127.5797905">📍 네이버 지도</a>]]></description>
        <styleUrl>#삼각점_style</styleUrl>
        <Point>
          <coordinates>127.5797905,35.7649931944437,0</coordinates>
        </Point>
      </Placemark>
      <Placemark>
        <name>△ 무주312</name>
        <description><![CDATA[<b>삼각점</b><br>명칭: 무주312<br>위도: 35.824963°N<br>경도: 127.501482°E<br><br><a href="https://map.naver.com/v5/search/35.8249626111104,127.501481972222">📍 네이버 지도</a>]]></description>
        <styleUrl>#삼각점_style</styleUrl>
        <Point>
          <coordinates>127.501481972222,35.8249626111104,0</coordinates>
        </Point>
      </Placemark>
      <Placemark>
        <name>△ 무주414</name>
        <description><![CDATA[<b>삼각점</b><br>명칭: 무주414<br>위도: 35.955171°N<br>경도: 127.648118°E<br><br><a href="https://map.naver.com/v5/search/35.9551710833326,127.648117777778">📍 네이버 지도</a>]]></description>
        <styleUrl>#삼각점_style</styleUrl>
        <Point>
          <coordinates>127.648117777778,35.9551710833326,0</coordinates>
        </Point>
      </Placemark>
      <Placemark>
        <name>△ 무주422</name>
        <description><![CDATA[<b>삼각점</b><br>명칭: 무주422<br>위도: 35.906796°N<br>경도: 127.743003°E<br><br><a href="https://map.naver.com/v5/search/35.9067956388882,127.743003055556">📍 네이버 지도</a>]]></description>
        <styleUrl>#삼각점_style</styleUrl>
        <Point>
          <coordinates>127.743003055556,35.9067956388882,0</coordinates>
        </Point>
      </Placemark>
      <Placemark>
        <name>△ 무주423</name>
        <description><![CDATA[<b>삼각점</b><br>명칭: 무주423<br>위도: 35.876779°N<br>경도: 127.734960°E<br><br><a href="https://map.naver.com/v5/search/35.8767793333326,127.73496025">📍 네이버 지도</a>]]></description>
        <styleUrl>#삼각점_style</styleUrl>
        <Point>
          <coordinates>127.73496025,35.8767793333326,0</coordinates>
        </Point>
      </Placemark>
      <Placemark>
        <name>△ 무주434</name>
        <description><![CDATA[<b>삼각점</b><br>명칭: 무주434<br>위도: 35.873717°N<br>경도: 127.616230°E<br><br><a href="https://map.naver.com/v5/search/35.8737171666659,127.616229861111">📍 네이버 지도</a>]]></description>
        <styleUrl>#삼각점_style</styleUrl>
        <Point>
          <coordinates>127.616229861111,35.8737171666659,0</coordinates>
        </Point>
      </Placemark>
      <Placemark>
        <name>△ 무주448</name>
        <description><![CDATA[<b>삼각점</b><br>명칭: 무주448<br>위도: 35.756154°N<br>경도: 127.552535°E<br><br><a href="https://map.naver.com/v5/search/35.7561541666659,127.552535472222">📍 네이버 지도</a>]]></description>
        <styleUrl>#삼각점_style</styleUrl>
        <Point>
          <coordinates>127.552535472222,35.7561541666659,0</coordinates>
        </Point>
      </Placemark>
      <Placemark>
        <name>△ 무주455</name>
        <description><![CDATA[<b>삼각점</b><br>명칭: 무주455<br>위도: 35.822624°N<br>경도: 127.631939°E<br><br><a href="https://map.naver.com/v5/search/35.822624277777,127.631939166667">📍 네이버 지도</a>]]></description>
        <styleUrl>#삼각점_style</styleUrl>
        <Point>
          <coordinates>127.631939166667,35.822624277777,0</coordinates>
        </Point>
      </Placemark>
      <Placemark>
        <name>△ 무주458</name>
        <description><![CDATA[<b>삼각점</b><br>명칭: 무주458<br>위도: 35.829988°N<br>경도: 127.654303°E<br><br><a href="https://map.naver.com/v5/search/35.8299879166659,127.654303388889">📍 네이버 지도</a>]]></description>
        <styleUrl>#삼각점_style</styleUrl>
        <Point>
          <coordinates>127.654303388889,35.8299879166659,0</coordinates>
        </Point>
      </Placemark>
      <Placemark>
        <name>△ 무풍303</name>
        <description><![CDATA[<b>삼각점</b><br>명칭: 무풍303<br>위도: 35.925775°N<br>경도: 127.811314°E<br><br><a href="https://map.naver.com/v5/search/35.9257750833326,127.811313833333">📍 네이버 지도</a>]]></description>
        <styleUrl>#삼각점_style</styleUrl>
        <Point>
          <coordinates>127.811313833333,35.9257750833326,0</coordinates>
        </Point>
      </Placemark>
      <Placemark>
        <name>△ 무풍304</name>
        <description><![CDATA[<b>삼각점</b><br>명칭: 무풍304<br>위도: 35.999197°N<br>경도: 127.875814°E<br><br><a href="https://map.naver.com/v5/search/35.9991969444438,127.875813944444">📍 네이버 지도</a>]]></description>
        <styleUrl>#삼각점_style</styleUrl>
        <Point>
          <coordinates>127.875813944444,35.9991969444438,0</coordinates>
        </Point>
      </Placemark>
      <Placemark>
        <name>△ 무풍310</name>
        <description><![CDATA[<b>삼각점</b><br>명칭: 무풍310<br>위도: 35.852084°N<br>경도: 127.858972°E<br><br><a href="https://map.naver.com/v5/search/35.852083777777,127.85897175">📍 네이버 지도</a>]]></description>
        <styleUrl>#삼각점_style</styleUrl>
        <Point>
          <coordinates>127.85897175,35.852083777777,0</coordinates>
        </Point>
      </Placemark>
      <Placemark>
        <name>△ 무풍406</name>
        <description><![CDATA[<b>삼각점</b><br>명칭: 무풍406<br>위도: 35.992268°N<br>경도: 127.834906°E<br><br><a href="https://map.naver.com/v5/search/35.9922684444438,127.834906388889">📍 네이버 지도</a>]]></description>
        <styleUrl>#삼각점_style</styleUrl>
        <Point>
          <coordinates>127.834906388889,35.9922684444438,0</coordinates>
        </Point>
      </Placemark>
      <Placemark>
        <name>△ 무풍434</name>
        <description><![CDATA[<b>삼각점</b><br>명칭: 무풍434<br>위도: 35.915331°N<br>경도: 127.857554°E<br><br><a href="https://map.naver.com/v5/search/35.9153305833326,127.857553527778">📍 네이버 지도</a>]]></description>
        <styleUrl>#삼각점_style</styleUrl>
        <Point>
          <coordinates>127.857553527778,35.9153305833326,0</coordinates>
        </Point>
      </Placemark>
      <Placemark>
        <name>△ 무풍437</name>
        <description><![CDATA[<b>삼각점</b><br>명칭: 무풍437<br>위도: 35.903987°N<br>경도: 127.836053°E<br><br><a href="https://map.naver.com/v5/search/35.9039873888882,127.836052666667">📍 네이버 지도</a>]]></description>
        <styleUrl>#삼각점_style</styleUrl>
        <Point>
          <coordinates>127.836052666667,35.9039873888882,0</coordinates>
        </Point>
      </Placemark>
      <Placemark>
        <name>△ 영동451</name>
        <description><![CDATA[<b>삼각점</b><br>명칭: 영동451<br>위도: 36.070569°N<br>경도: 127.774419°E<br><br><a href="https://map.naver.com/v5/search/36.0705690833327,127.77441925">📍 네이버 지도</a>]]></description>
        <styleUrl>#삼각점_style</styleUrl>
        <Point>
          <coordinates>127.77441925,36.0705690833327,0</coordinates>
        </Point>
      </Placemark>
      <Placemark>
        <name>△ 군산401</name>
        <description><![CDATA[<b>삼각점</b><br>명칭: 군산401<br>위도: 35.946067°N<br>경도: 126.527002°E<br><br><a href="https://map.naver.com/v5/search/35.9460670277771,126.52700175">📍 네이버 지도</a>]]></description>
        <styleUrl>#삼각점_style</styleUrl>
        <Point>
          <coordinates>126.52700175,35.9460670277771,0</coordinates>
        </Point>
      </Placemark>
      <Placemark>
        <name>△ 군산404</name>
        <description><![CDATA[<b>삼각점</b><br>명칭: 군산404<br>위도: 35.954654°N<br>경도: 126.618293°E<br><br><a href="https://map.naver.com/v5/search/35.9546537222215,126.618292916667">📍 네이버 지도</a>]]></description>
        <styleUrl>#삼각점_style</styleUrl>
        <Point>
          <coordinates>126.618292916667,35.9546537222215,0</coordinates>
        </Point>
      </Placemark>
      <Placemark>
        <name>△ 위도21</name>
        <description><![CDATA[<b>삼각점</b><br>명칭: 위도21<br>위도: 35.742897°N<br>경도: 126.441207°E<br><br><a href="https://map.naver.com/v5/search/35.7428974444437,126.441207166667">📍 네이버 지도</a>]]></description>
        <styleUrl>#삼각점_style</styleUrl>
        <Point>
          <coordinates>126.441207166667,35.7428974444437,0</coordinates>
        </Point>
      </Placemark>
      <Placemark>
        <name>△ 위도25</name>
        <description><![CDATA[<b>삼각점</b><br>명칭: 위도25<br>위도: 35.559111°N<br>경도: 126.356340°E<br><br><a href="https://map.naver.com/v5/search/35.5591113888881,126.356340472222">📍 네이버 지도</a>]]></description>
        <styleUrl>#삼각점_style</styleUrl>
        <Point>
          <coordinates>126.356340472222,35.5591113888881,0</coordinates>
        </Point>
      </Placemark>
      <Placemark>
        <name>△ 부안303</name>
        <description><![CDATA[<b>삼각점</b><br>명칭: 부안303<br>위도: 35.615994°N<br>경도: 126.735748°E<br><br><a href="https://map.naver.com/v5/search/35.6159939166659,126.735748305556">📍 네이버 지도</a>]]></description>
        <styleUrl>#삼각점_style</styleUrl>
        <Point>
          <coordinates>126.735748305556,35.6159939166659,0</coordinates>
        </Point>
      </Placemark>
      <Placemark>
        <name>△ 부안304</name>
        <description><![CDATA[<b>삼각점</b><br>명칭: 부안304<br>위도: 35.588734°N<br>경도: 126.674930°E<br><br><a href="https://map.naver.com/v5/search/35.5887341111103,126.674930055555">📍 네이버 지도</a>]]></description>
        <styleUrl>#삼각점_style</styleUrl>
        <Point>
          <coordinates>126.674930055555,35.5887341111103,0</coordinates>
        </Point>
      </Placemark>
      <Placemark>
        <name>△ 부안402</name>
        <description><![CDATA[<b>삼각점</b><br>명칭: 부안402<br>위도: 35.674953°N<br>경도: 126.560911°E<br><br><a href="https://map.naver.com/v5/search/35.6749528888881,126.560911472222">📍 네이버 지도</a>]]></description>
        <styleUrl>#삼각점_style</styleUrl>
        <Point>
          <coordinates>126.560911472222,35.6749528888881,0</coordinates>
        </Point>
      </Placemark>
      <Placemark>
        <name>△ 부안410</name>
        <description><![CDATA[<b>삼각점</b><br>명칭: 부안410<br>위도: 35.716996°N<br>경도: 126.673542°E<br><br><a href="https://map.naver.com/v5/search/35.7169957499992,126.673541722222">📍 네이버 지도</a>]]></description>
        <styleUrl>#삼각점_style</styleUrl>
        <Point>
          <coordinates>126.673541722222,35.7169957499992,0</coordinates>
        </Point>
      </Placemark>
      <Placemark>
        <name>△ 부안411</name>
        <description><![CDATA[<b>삼각점</b><br>명칭: 부안411<br>위도: 35.745169°N<br>경도: 126.682098°E<br><br><a href="https://map.naver.com/v5/search/35.7451686111104,126.682097666667">📍 네이버 지도</a>]]></description>
        <styleUrl>#삼각점_style</styleUrl>
        <Point>
          <coordinates>126.682097666667,35.7451686111104,0</coordinates>
        </Point>
      </Placemark>
      <Placemark>
        <name>△ 부안414</name>
        <description><![CDATA[<b>삼각점</b><br>명칭: 부안414<br>위도: 35.716552°N<br>경도: 126.696352°E<br><br><a href="https://map.naver.com/v5/search/35.716551527777,126.696351527778">📍 네이버 지도</a>]]></description>
        <styleUrl>#삼각점_style</styleUrl>
        <Point>
          <coordinates>126.696351527778,35.716551527777,0</coordinates>
        </Point>
      </Placemark>
      <Placemark>
        <name>△ 부안415</name>
        <description><![CDATA[<b>삼각점</b><br>명칭: 부안415<br>위도: 35.729971°N<br>경도: 126.706278°E<br><br><a href="https://map.naver.com/v5/search/35.729970777777,126.706278333333">📍 네이버 지도</a>]]></description>
        <styleUrl>#삼각점_style</styleUrl>
        <Point>
          <coordinates>126.706278333333,35.729970777777,0</coordinates>
        </Point>
      </Placemark>
      <Placemark>
        <name>△ 부안416</name>
        <description><![CDATA[<b>삼각점</b><br>명칭: 부안416<br>위도: 35.676886°N<br>경도: 126.709293°E<br><br><a href="https://map.naver.com/v5/search/35.676886277777,126.709292555556">📍 네이버 지도</a>]]></description>
        <styleUrl>#삼각점_style</styleUrl>
        <Point>
          <coordinates>126.709292555556,35.676886277777,0</coordinates>
        </Point>
      </Placemark>
      <Placemark>
        <name>△ 부안417</name>
        <description><![CDATA[<b>삼각점</b><br>명칭: 부안417<br>위도: 35.684208°N<br>경도: 126.719132°E<br><br><a href="https://map.naver.com/v5/search/35.6842084444437,126.719131611111">📍 네이버 지도</a>]]></description>
        <styleUrl>#삼각점_style</styleUrl>
        <Point>
          <coordinates>126.719131611111,35.6842084444437,0</coordinates>
        </Point>
      </Placemark>
      <Placemark>
        <name>△ 부안420</name>
        <description><![CDATA[<b>삼각점</b><br>명칭: 부안420<br>위도: 35.701474°N<br>경도: 126.726355°E<br><br><a href="https://map.naver.com/v5/search/35.7014735555548,126.72635525">📍 네이버 지도</a>]]></description>
        <styleUrl>#삼각점_style</styleUrl>
        <Point>
          <coordinates>126.72635525,35.7014735555548,0</coordinates>
        </Point>
      </Placemark>
      <Placemark>
        <name>△ 부안425</name>
        <description><![CDATA[<b>삼각점</b><br>명칭: 부안425<br>위도: 35.630332°N<br>경도: 126.694309°E<br><br><a href="https://map.naver.com/v5/search/35.6303316944437,126.694309333333">📍 네이버 지도</a>]]></description>
        <styleUrl>#삼각점_style</styleUrl>
        <Point>
          <coordinates>126.694309333333,35.6303316944437,0</coordinates>
        </Point>
      </Placemark>
      <Placemark>
        <name>△ 부안429</name>
        <description><![CDATA[<b>삼각점</b><br>명칭: 부안429<br>위도: 35.611323°N<br>경도: 126.653072°E<br><br><a href="https://map.naver.com/v5/search/35.6113231388881,126.653072222222">📍 네이버 지도</a>]]></description>
        <styleUrl>#삼각점_style</styleUrl>
        <Point>
          <coordinates>126.653072222222,35.6113231388881,0</coordinates>
        </Point>
      </Placemark>
      <Placemark>
        <name>△ 부안444</name>
        <description><![CDATA[<b>삼각점</b><br>명칭: 부안444<br>위도: 35.537546°N<br>경도: 126.565700°E<br><br><a href="https://map.naver.com/v5/search/35.5375463333325,126.565699694444">📍 네이버 지도</a>]]></description>
        <styleUrl>#삼각점_style</styleUrl>
        <Point>
          <coordinates>126.565699694444,35.5375463333325,0</coordinates>
        </Point>
      </Placemark>
      <Placemark>
        <name>△ 부안447</name>
        <description><![CDATA[<b>삼각점</b><br>명칭: 부안447<br>위도: 35.548038°N<br>경도: 126.612218°E<br><br><a href="https://map.naver.com/v5/search/35.5480381388881,126.612217555555">📍 네이버 지도</a>]]></description>
        <styleUrl>#삼각점_style</styleUrl>
        <Point>
          <coordinates>126.612217555555,35.5480381388881,0</coordinates>
        </Point>
      </Placemark>
      <Placemark>
        <name>△ 부안449</name>
        <description><![CDATA[<b>삼각점</b><br>명칭: 부안449<br>위도: 35.562703°N<br>경도: 126.633353°E<br><br><a href="https://map.naver.com/v5/search/35.5627031388881,126.633353083333">📍 네이버 지도</a>]]></description>
        <styleUrl>#삼각점_style</styleUrl>
        <Point>
          <coordinates>126.633353083333,35.5627031388881,0</coordinates>
        </Point>
      </Placemark>
      <Placemark>
        <name>△ 부안451</name>
        <description><![CDATA[<b>삼각점</b><br>명칭: 부안451<br>위도: 35.539707°N<br>경도: 126.661998°E<br><br><a href="https://map.naver.com/v5/search/35.5397069166658,126.661998083333">📍 네이버 지도</a>]]></description>
        <styleUrl>#삼각점_style</styleUrl>
        <Point>
          <coordinates>126.661998083333,35.5397069166658,0</coordinates>
        </Point>
      </Placemark>
      <Placemark>
        <name>△ 부안455</name>
        <description><![CDATA[<b>삼각점</b><br>명칭: 부안455<br>위도: 35.574048°N<br>경도: 126.692829°E<br><br><a href="https://map.naver.com/v5/search/35.5740476388881,126.692828666667">📍 네이버 지도</a>]]></description>
        <styleUrl>#삼각점_style</styleUrl>
        <Point>
          <coordinates>126.692828666667,35.5740476388881,0</coordinates>
        </Point>
      </Placemark>
      <Placemark>
        <name>△ 부안457</name>
        <description><![CDATA[<b>삼각점</b><br>명칭: 부안457<br>위도: 35.531255°N<br>경도: 126.627123°E<br><br><a href="https://map.naver.com/v5/search/35.531255027777,126.627122833333">📍 네이버 지도</a>]]></description>
        <styleUrl>#삼각점_style</styleUrl>
        <Point>
          <coordinates>126.627122833333,35.531255027777,0</coordinates>
        </Point>
      </Placemark>
      <Placemark>
        <name>△ 부안458</name>
        <description><![CDATA[<b>삼각점</b><br>명칭: 부안458<br>위도: 35.567509°N<br>경도: 126.738819°E<br><br><a href="https://map.naver.com/v5/search/35.5675087499992,126.738819055556">📍 네이버 지도</a>]]></description>
        <styleUrl>#삼각점_style</styleUrl>
        <Point>
          <coordinates>126.738819055556,35.5675087499992,0</coordinates>
        </Point>
      </Placemark>
      <Placemark>
        <name>△ 갈담314</name>
        <description><![CDATA[<b>삼각점</b><br>명칭: 갈담314<br>위도: 35.541869°N<br>경도: 127.062121°E<br><br><a href="https://map.naver.com/v5/search/35.5418686666658,127.062121111111">📍 네이버 지도</a>]]></description>
        <styleUrl>#삼각점_style</styleUrl>
        <Point>
          <coordinates>127.062121111111,35.5418686666658,0</coordinates>
        </Point>
      </Placemark>
      <Placemark>
        <name>△ 임실402</name>
        <description><![CDATA[<b>삼각점</b><br>명칭: 임실402<br>위도: 35.695989°N<br>경도: 127.248778°E<br><br><a href="https://map.naver.com/v5/search/35.6959886111103,127.24877775">📍 네이버 지도</a>]]></description>
        <styleUrl>#삼각점_style</styleUrl>
        <Point>
          <coordinates>127.24877775,35.6959886111103,0</coordinates>
        </Point>
      </Placemark>
      <Placemark>
        <name>△ 임실439</name>
        <description><![CDATA[<b>삼각점</b><br>명칭: 임실439<br>위도: 35.624970°N<br>경도: 127.292744°E<br><br><a href="https://map.naver.com/v5/search/35.6249704722214,127.292743916667">📍 네이버 지도</a>]]></description>
        <styleUrl>#삼각점_style</styleUrl>
        <Point>
          <coordinates>127.292743916667,35.6249704722214,0</coordinates>
        </Point>
      </Placemark>
      <Placemark>
        <name>△ 임실451</name>
        <description><![CDATA[<b>삼각점</b><br>명칭: 임실451<br>위도: 35.548093°N<br>경도: 127.313285°E<br><br><a href="https://map.naver.com/v5/search/35.5480925833325,127.313285277778">📍 네이버 지도</a>]]></description>
        <styleUrl>#삼각점_style</styleUrl>
        <Point>
          <coordinates>127.313285277778,35.5480925833325,0</coordinates>
        </Point>
      </Placemark>
      <Placemark>
        <name>△ 임실461</name>
        <description><![CDATA[<b>삼각점</b><br>명칭: 임실461<br>위도: 35.512267°N<br>경도: 127.411143°E<br><br><a href="https://map.naver.com/v5/search/35.5122669444436,127.411142666667">📍 네이버 지도</a>]]></description>
        <styleUrl>#삼각점_style</styleUrl>
        <Point>
          <coordinates>127.411142666667,35.5122669444436,0</coordinates>
        </Point>
      </Placemark>
      <Placemark>
        <name>△ 함양409</name>
        <description><![CDATA[<b>삼각점</b><br>명칭: 함양409<br>위도: 35.722108°N<br>경도: 127.581628°E<br><br><a href="https://map.naver.com/v5/search/35.7221075555548,127.581628055556">📍 네이버 지도</a>]]></description>
        <styleUrl>#삼각점_style</styleUrl>
        <Point>
          <coordinates>127.581628055556,35.7221075555548,0</coordinates>
        </Point>
      </Placemark>
      <Placemark>
        <name>△ 함양414</name>
        <description><![CDATA[<b>삼각점</b><br>명칭: 함양414<br>위도: 35.726356°N<br>경도: 127.634894°E<br><br><a href="https://map.naver.com/v5/search/35.7263559722215,127.634894388889">📍 네이버 지도</a>]]></description>
        <styleUrl>#삼각점_style</styleUrl>
        <Point>
          <coordinates>127.634894388889,35.7263559722215,0</coordinates>
        </Point>
      </Placemark>
      <Placemark>
        <name>△ 함양422</name>
        <description><![CDATA[<b>삼각점</b><br>명칭: 함양422<br>위도: 35.679927°N<br>경도: 127.704412°E<br><br><a href="https://map.naver.com/v5/search/35.6799269444437,127.704412472222">📍 네이버 지도</a>]]></description>
        <styleUrl>#삼각점_style</styleUrl>
        <Point>
          <coordinates>127.704412472222,35.6799269444437,0</coordinates>
        </Point>
      </Placemark>
      <Placemark>
        <name>△ 함양453</name>
        <description><![CDATA[<b>삼각점</b><br>명칭: 함양453<br>위도: 35.519148°N<br>경도: 127.615386°E<br><br><a href="https://map.naver.com/v5/search/35.5191481666658,127.615385527778">📍 네이버 지도</a>]]></description>
        <styleUrl>#삼각점_style</styleUrl>
        <Point>
          <coordinates>127.615385527778,35.5191481666658,0</coordinates>
        </Point>
      </Placemark>
      <Placemark>
        <name>△ 법성301</name>
        <description><![CDATA[<b>삼각점</b><br>명칭: 법성301<br>위도: 35.451998°N<br>경도: 126.456999°E<br><br><a href="https://map.naver.com/v5/search/35.4519980833325,126.456998722222">📍 네이버 지도</a>]]></description>
        <styleUrl>#삼각점_style</styleUrl>
        <Point>
          <coordinates>126.456998722222,35.4519980833325,0</coordinates>
        </Point>
      </Placemark>
      <Placemark>
        <name>△ 법성403</name>
        <description><![CDATA[<b>삼각점</b><br>명칭: 법성403<br>위도: 35.460189°N<br>경도: 126.447718°E<br><br><a href="https://map.naver.com/v5/search/35.4601889444436,126.447718">📍 네이버 지도</a>]]></description>
        <styleUrl>#삼각점_style</styleUrl>
        <Point>
          <coordinates>126.447718,35.4601889444436,0</coordinates>
        </Point>
      </Placemark>
      <Placemark>
        <name>△ 법성408</name>
        <description><![CDATA[<b>삼각점</b><br>명칭: 법성408<br>위도: 35.392810°N<br>경도: 126.491692°E<br><br><a href="https://map.naver.com/v5/search/35.392810388888,126.491691666667">📍 네이버 지도</a>]]></description>
        <styleUrl>#삼각점_style</styleUrl>
        <Point>
          <coordinates>126.491691666667,35.392810388888,0</coordinates>
        </Point>
      </Placemark>
      <Placemark>
        <name>△ 법성414</name>
        <description><![CDATA[<b>삼각점</b><br>명칭: 법성414<br>위도: 35.409792°N<br>경도: 126.448143°E<br><br><a href="https://map.naver.com/v5/search/35.4097923333325,126.448142944444">📍 네이버 지도</a>]]></description>
        <styleUrl>#삼각점_style</styleUrl>
        <Point>
          <coordinates>126.448142944444,35.4097923333325,0</coordinates>
        </Point>
      </Placemark>
      <Placemark>
        <name>△ 법성420</name>
        <description><![CDATA[<b>삼각점</b><br>명칭: 법성420<br>위도: 35.382973°N<br>경도: 126.425394°E<br><br><a href="https://map.naver.com/v5/search/35.3829725277769,126.425394138889">📍 네이버 지도</a>]]></description>
        <styleUrl>#삼각점_style</styleUrl>
        <Point>
          <coordinates>126.425394138889,35.3829725277769,0</coordinates>
        </Point>
      </Placemark>
      <Placemark>
        <name>△ 고창304</name>
        <description><![CDATA[<b>삼각점</b><br>명칭: 고창304<br>위도: 35.446452°N<br>경도: 126.698132°E<br><br><a href="https://map.naver.com/v5/search/35.4464518333325,126.698132138889">📍 네이버 지도</a>]]></description>
        <styleUrl>#삼각점_style</styleUrl>
        <Point>
          <coordinates>126.698132138889,35.4464518333325,0</coordinates>
        </Point>
      </Placemark>
      <Placemark>
        <name>△ 고창402</name>
        <description><![CDATA[<b>삼각점</b><br>명칭: 고창402<br>위도: 35.503700°N<br>경도: 126.506740°E<br><br><a href="https://map.naver.com/v5/search/35.5037003611103,126.506740083333">📍 네이버 지도</a>]]></description>
        <styleUrl>#삼각점_style</styleUrl>
        <Point>
          <coordinates>126.506740083333,35.5037003611103,0</coordinates>
        </Point>
      </Placemark>
      <Placemark>
        <name>△ 고창411</name>
        <description><![CDATA[<b>삼각점</b><br>명칭: 고창411<br>위도: 35.502130°N<br>경도: 126.582893°E<br><br><a href="https://map.naver.com/v5/search/35.5021295833325,126.582892944444">📍 네이버 지도</a>]]></description>
        <styleUrl>#삼각점_style</styleUrl>
        <Point>
          <coordinates>126.582892944444,35.5021295833325,0</coordinates>
        </Point>
      </Placemark>
      <Placemark>
        <name>△ 고창414</name>
        <description><![CDATA[<b>삼각점</b><br>명칭: 고창414<br>위도: 35.433415°N<br>경도: 126.596220°E<br><br><a href="https://map.naver.com/v5/search/35.4334152499992,126.596219805555">📍 네이버 지도</a>]]></description>
        <styleUrl>#삼각점_style</styleUrl>
        <Point>
          <coordinates>126.596219805555,35.4334152499992,0</coordinates>
        </Point>
      </Placemark>
      <Placemark>
        <name>△ 고창416</name>
        <description><![CDATA[<b>삼각점</b><br>명칭: 고창416<br>위도: 35.414690°N<br>경도: 126.626455°E<br><br><a href="https://map.naver.com/v5/search/35.4146896944436,126.626455444444">📍 네이버 지도</a>]]></description>
        <styleUrl>#삼각점_style</styleUrl>
        <Point>
          <coordinates>126.626455444444,35.4146896944436,0</coordinates>
        </Point>
      </Placemark>
      <Placemark>
        <name>△ 고창418</name>
        <description><![CDATA[<b>삼각점</b><br>명칭: 고창418<br>위도: 35.438975°N<br>경도: 126.624376°E<br><br><a href="https://map.naver.com/v5/search/35.4389749166658,126.624376472222">📍 네이버 지도</a>]]></description>
        <styleUrl>#삼각점_style</styleUrl>
        <Point>
          <coordinates>126.624376472222,35.4389749166658,0</coordinates>
        </Point>
      </Placemark>
      <Placemark>
        <name>△ 고창421</name>
        <description><![CDATA[<b>삼각점</b><br>명칭: 고창421<br>위도: 35.465136°N<br>경도: 126.672912°E<br><br><a href="https://map.naver.com/v5/search/35.4651362499992,126.672912305555">📍 네이버 지도</a>]]></description>
        <styleUrl>#삼각점_style</styleUrl>
        <Point>
          <coordinates>126.672912305555,35.4651362499992,0</coordinates>
        </Point>
      </Placemark>
      <Placemark>
        <name>△ 고창422</name>
        <description><![CDATA[<b>삼각점</b><br>명칭: 고창422<br>위도: 35.427748°N<br>경도: 126.676180°E<br><br><a href="https://map.naver.com/v5/search/35.4277483333325,126.676180138889">📍 네이버 지도</a>]]></description>
        <styleUrl>#삼각점_style</styleUrl>
        <Point>
          <coordinates>126.676180138889,35.4277483333325,0</coordinates>
        </Point>
      </Placemark>
      <Placemark>
        <name>△ 고창423</name>
        <description><![CDATA[<b>삼각점</b><br>명칭: 고창423<br>위도: 35.496133°N<br>경도: 126.682761°E<br><br><a href="https://map.naver.com/v5/search/35.4961328055547,126.682761194444">📍 네이버 지도</a>]]></description>
        <styleUrl>#삼각점_style</styleUrl>
        <Point>
          <coordinates>126.682761194444,35.4961328055547,0</coordinates>
        </Point>
      </Placemark>
      <Placemark>
        <name>△ 고창424</name>
        <description><![CDATA[<b>삼각점</b><br>명칭: 고창424<br>위도: 35.477116°N<br>경도: 126.690657°E<br><br><a href="https://map.naver.com/v5/search/35.4771162499992,126.690657361111">📍 네이버 지도</a>]]></description>
        <styleUrl>#삼각점_style</styleUrl>
        <Point>
          <coordinates>126.690657361111,35.4771162499992,0</coordinates>
        </Point>
      </Placemark>
      <Placemark>
        <name>△ 고창429</name>
        <description><![CDATA[<b>삼각점</b><br>명칭: 고창429<br>위도: 35.478018°N<br>경도: 126.737686°E<br><br><a href="https://map.naver.com/v5/search/35.4780181388881,126.737686305556">📍 네이버 지도</a>]]></description>
        <styleUrl>#삼각점_style</styleUrl>
        <Point>
          <coordinates>126.737686305556,35.4780181388881,0</coordinates>
        </Point>
      </Placemark>
      <Placemark>
        <name>△ 고창442</name>
        <description><![CDATA[<b>삼각점</b><br>명칭: 고창442<br>위도: 35.410485°N<br>경도: 126.597653°E<br><br><a href="https://map.naver.com/v5/search/35.4104845277769,126.597652833333">📍 네이버 지도</a>]]></description>
        <styleUrl>#삼각점_style</styleUrl>
        <Point>
          <coordinates>126.597652833333,35.4104845277769,0</coordinates>
        </Point>
      </Placemark>
      <Placemark>
        <name>△ 고창448</name>
        <description><![CDATA[<b>삼각점</b><br>명칭: 고창448<br>위도: 35.413358°N<br>경도: 126.563578°E<br><br><a href="https://map.naver.com/v5/search/35.4133578611103,126.563578333333">📍 네이버 지도</a>]]></description>
        <styleUrl>#삼각점_style</styleUrl>
        <Point>
          <coordinates>126.563578333333,35.4133578611103,0</coordinates>
        </Point>
      </Placemark>
      <Placemark>
        <name>△ 고창452</name>
        <description><![CDATA[<b>삼각점</b><br>명칭: 고창452<br>위도: 35.387264°N<br>경도: 126.531918°E<br><br><a href="https://map.naver.com/v5/search/35.387264388888,126.531917527778">📍 네이버 지도</a>]]></description>
        <styleUrl>#삼각점_style</styleUrl>
        <Point>
          <coordinates>126.531917527778,35.387264388888,0</coordinates>
        </Point>
      </Placemark>
      <Placemark>
        <name>△ 담양406</name>
        <description><![CDATA[<b>삼각점</b><br>명칭: 담양406<br>위도: 35.454338°N<br>경도: 126.844055°E<br><br><a href="https://map.naver.com/v5/search/35.4543381111103,126.844055027778">📍 네이버 지도</a>]]></description>
        <styleUrl>#삼각점_style</styleUrl>
        <Point>
          <coordinates>126.844055027778,35.4543381111103,0</coordinates>
        </Point>
      </Placemark>
      <Placemark>
        <name>△ 담양408</name>
        <description><![CDATA[<b>삼각점</b><br>명칭: 담양408<br>위도: 35.428951°N<br>경도: 126.933049°E<br><br><a href="https://map.naver.com/v5/search/35.4289506944436,126.933049027778">📍 네이버 지도</a>]]></description>
        <styleUrl>#삼각점_style</styleUrl>
        <Point>
          <coordinates>126.933049027778,35.4289506944436,0</coordinates>
        </Point>
      </Placemark>
      <Placemark>
        <name>△ 담양441</name>
        <description><![CDATA[<b>삼각점</b><br>명칭: 담양441<br>위도: 35.417129°N<br>경도: 126.816769°E<br><br><a href="https://map.naver.com/v5/search/35.4171291666658,126.816769277778">📍 네이버 지도</a>]]></description>
        <styleUrl>#삼각점_style</styleUrl>
        <Point>
          <coordinates>126.816769277778,35.4171291666658,0</coordinates>
        </Point>
      </Placemark>
      <Placemark>
        <name>△ 남원310</name>
        <description><![CDATA[<b>삼각점</b><br>명칭: 남원310<br>위도: 35.398807°N<br>경도: 127.306721°E<br><br><a href="https://map.naver.com/v5/search/35.3988071111103,127.306720777778">📍 네이버 지도</a>]]></description>
        <styleUrl>#삼각점_style</styleUrl>
        <Point>
          <coordinates>127.306720777778,35.3988071111103,0</coordinates>
        </Point>
      </Placemark>
      <Placemark>
        <name>△ 남원434</name>
        <description><![CDATA[<b>삼각점</b><br>명칭: 남원434<br>위도: 35.415531°N<br>경도: 127.370363°E<br><br><a href="https://map.naver.com/v5/search/35.4155309444436,127.370363027778">📍 네이버 지도</a>]]></description>
        <styleUrl>#삼각점_style</styleUrl>
        <Point>
          <coordinates>127.370363027778,35.4155309444436,0</coordinates>
        </Point>
      </Placemark>
      <Placemark>
        <name>△ 운봉401</name>
        <description><![CDATA[<b>삼각점</b><br>명칭: 운봉401<br>위도: 35.441594°N<br>경도: 127.519268°E<br><br><a href="https://map.naver.com/v5/search/35.4415943611103,127.5192685">📍 네이버 지도</a>]]></description>
        <styleUrl>#삼각점_style</styleUrl>
        <Point>
          <coordinates>127.5192685,35.4415943611103,0</coordinates>
        </Point>
      </Placemark>
      <Placemark>
        <name>△ 신시406</name>
        <description><![CDATA[<b>삼각점</b><br>명칭: 신시406<br>위도: 35.796389°N<br>경도: 126.492134°E<br><br><a href="https://map.naver.com/v5/search/35.7963891111104,126.492134055555">📍 네이버 지도</a>]]></description>
        <styleUrl>#삼각점_style</styleUrl>
        <Point>
          <coordinates>126.492134055555,35.7963891111104,0</coordinates>
        </Point>
      </Placemark>
      <Placemark>
        <name>△ 무주429</name>
        <description><![CDATA[<b>삼각점</b><br>명칭: 무주429<br>위도: 35.843474°N<br>경도: 127.668946°E<br><br><a href="https://map.naver.com/v5/search/35.843474277777,127.6689455">📍 네이버 지도</a>]]></description>
        <styleUrl>#삼각점_style</styleUrl>
        <Point>
          <coordinates>127.6689455,35.843474277777,0</coordinates>
        </Point>
      </Placemark>
      <Placemark>
        <name>△ 무주452</name>
        <description><![CDATA[<b>삼각점</b><br>명칭: 무주452<br>위도: 35.832171°N<br>경도: 127.583955°E<br><br><a href="https://map.naver.com/v5/search/35.8321706388882,127.58395475">📍 네이버 지도</a>]]></description>
        <styleUrl>#삼각점_style</styleUrl>
        <Point>
          <coordinates>127.58395475,35.8321706388882,0</coordinates>
        </Point>
      </Placemark>
      <Placemark>
        <name>△ 거창432</name>
        <description><![CDATA[<b>삼각점</b><br>명칭: 거창432<br>위도: 35.685843°N<br>경도: 127.803314°E<br><br><a href="https://map.naver.com/v5/search/35.685842527777,127.803313527778">📍 네이버 지도</a>]]></description>
        <styleUrl>#삼각점_style</styleUrl>
        <Point>
          <coordinates>127.803313527778,35.685842527777,0</coordinates>
        </Point>
      </Placemark>
      <Placemark>
        <name>△ 거창457</name>
        <description><![CDATA[<b>삼각점</b><br>명칭: 거창457<br>위도: 35.684751°N<br>경도: 127.888281°E<br><br><a href="https://map.naver.com/v5/search/35.6847514999992,127.888280722222">📍 네이버 지도</a>]]></description>
        <styleUrl>#삼각점_style</styleUrl>
        <Point>
          <coordinates>127.888280722222,35.6847514999992,0</coordinates>
        </Point>
      </Placemark>
      <Placemark>
        <name>△ 산청410</name>
        <description><![CDATA[<b>삼각점</b><br>명칭: 산청410<br>위도: 35.459201°N<br>경도: 127.863051°E<br><br><a href="https://map.naver.com/v5/search/35.4592009999992,127.863050805556">📍 네이버 지도</a>]]></description>
        <styleUrl>#삼각점_style</styleUrl>
        <Point>
          <coordinates>127.863050805556,35.4592009999992,0</coordinates>
        </Point>
      </Placemark>
    </Folder>
    <Folder>
      <name>통합기준점 (507개)</name>
      <visibility>1</visibility>
      <Placemark>
        <name>◎ U0679</name>
        <description><![CDATA[<b>통합기준점</b><br>명칭: U0679<br>위도: 35.812793°N<br>경도: 126.482155°E<br><br><a href="https://map.naver.com/v5/search/35.8127931722215,126.482154527778">📍 네이버 지도</a>]]></description>
        <styleUrl>#통합기준점_style</styleUrl>
        <Point>
          <coordinates>126.482154527778,35.8127931722215,0</coordinates>
        </Point>
      </Placemark>
      <Placemark>
        <name>◎ U0680</name>
        <description><![CDATA[<b>통합기준점</b><br>명칭: U0680<br>위도: 35.979868°N<br>경도: 126.731843°E<br><br><a href="https://map.naver.com/v5/search/35.9798678583326,126.731842583333">📍 네이버 지도</a>]]></description>
        <styleUrl>#통합기준점_style</styleUrl>
        <Point>
          <coordinates>126.731842583333,35.9798678583326,0</coordinates>
        </Point>
      </Placemark>
      <Placemark>
        <name>◎ U0681</name>
        <description><![CDATA[<b>통합기준점</b><br>명칭: U0681<br>위도: 35.968780°N<br>경도: 126.568895°E<br><br><a href="https://map.naver.com/v5/search/35.9687797722215,126.568895438889">📍 네이버 지도</a>]]></description>
        <styleUrl>#통합기준점_style</styleUrl>
        <Point>
          <coordinates>126.568895438889,35.9687797722215,0</coordinates>
        </Point>
      </Placemark>
      <Placemark>
        <name>◎ U0682</name>
        <description><![CDATA[<b>통합기준점</b><br>명칭: U0682<br>위도: 35.926124°N<br>경도: 126.641233°E<br><br><a href="https://map.naver.com/v5/search/35.9261244972215,126.641233330556">📍 네이버 지도</a>]]></description>
        <styleUrl>#통합기준점_style</styleUrl>
        <Point>
          <coordinates>126.641233330556,35.9261244972215,0</coordinates>
        </Point>
      </Placemark>
      <Placemark>
        <name>◎ U0683</name>
        <description><![CDATA[<b>통합기준점</b><br>명칭: U0683<br>위도: 35.888635°N<br>경도: 126.725605°E<br><br><a href="https://map.naver.com/v5/search/35.8886353055548,126.725604833333">📍 네이버 지도</a>]]></description>
        <styleUrl>#통합기준점_style</styleUrl>
        <Point>
          <coordinates>126.725604833333,35.8886353055548,0</coordinates>
        </Point>
      </Placemark>
      <Placemark>
        <name>◎ U0684</name>
        <description><![CDATA[<b>통합기준점</b><br>명칭: U0684<br>위도: 35.785139°N<br>경도: 126.638427°E<br><br><a href="https://map.naver.com/v5/search/35.7851390111104,126.638426619444">📍 네이버 지도</a>]]></description>
        <styleUrl>#통합기준점_style</styleUrl>
        <Point>
          <coordinates>126.638426619444,35.7851390111104,0</coordinates>
        </Point>
      </Placemark>
      <Placemark>
        <name>◎ U0686</name>
        <description><![CDATA[<b>통합기준점</b><br>명칭: U0686<br>위도: 35.892834°N<br>경도: 126.858330°E<br><br><a href="https://map.naver.com/v5/search/35.8928336749993,126.858329716667">📍 네이버 지도</a>]]></description>
        <styleUrl>#통합기준점_style</styleUrl>
        <Point>
          <coordinates>126.858329716667,35.8928336749993,0</coordinates>
        </Point>
      </Placemark>
      <Placemark>
        <name>◎ U0687</name>
        <description><![CDATA[<b>통합기준점</b><br>명칭: U0687<br>위도: 35.890951°N<br>경도: 126.967563°E<br><br><a href="https://map.naver.com/v5/search/35.8909511249993,126.967562586111">📍 네이버 지도</a>]]></description>
        <styleUrl>#통합기준점_style</styleUrl>
        <Point>
          <coordinates>126.967562586111,35.8909511249993,0</coordinates>
        </Point>
      </Placemark>
      <Placemark>
        <name>◎ U0688</name>
        <description><![CDATA[<b>통합기준점</b><br>명칭: U0688<br>위도: 35.818719°N<br>경도: 126.807958°E<br><br><a href="https://map.naver.com/v5/search/35.8187190472215,126.807958383333">📍 네이버 지도</a>]]></description>
        <styleUrl>#통합기준점_style</styleUrl>
        <Point>
          <coordinates>126.807958383333,35.8187190472215,0</coordinates>
        </Point>
      </Placemark>
      <Placemark>
        <name>◎ U0689</name>
        <description><![CDATA[<b>통합기준점</b><br>명칭: U0689<br>위도: 35.814252°N<br>경도: 126.900365°E<br><br><a href="https://map.naver.com/v5/search/35.814252152777,126.900365480556">📍 네이버 지도</a>]]></description>
        <styleUrl>#통합기준점_style</styleUrl>
        <Point>
          <coordinates>126.900365480556,35.814252152777,0</coordinates>
        </Point>
      </Placemark>
      <Placemark>
        <name>◎ U0690</name>
        <description><![CDATA[<b>통합기준점</b><br>명칭: U0690<br>위도: 35.990809°N<br>경도: 127.101821°E<br><br><a href="https://map.naver.com/v5/search/35.990809066666,127.101820808333">📍 네이버 지도</a>]]></description>
        <styleUrl>#통합기준점_style</styleUrl>
        <Point>
          <coordinates>127.101820808333,35.990809066666,0</coordinates>
        </Point>
      </Placemark>
      <Placemark>
        <name>◎ U0691</name>
        <description><![CDATA[<b>통합기준점</b><br>명칭: U0691<br>위도: 35.968788°N<br>경도: 127.006902°E<br><br><a href="https://map.naver.com/v5/search/35.9687881527771,127.006901716667">📍 네이버 지도</a>]]></description>
        <styleUrl>#통합기준점_style</styleUrl>
        <Point>
          <coordinates>127.006901716667,35.9687881527771,0</coordinates>
        </Point>
      </Placemark>
      <Placemark>
        <name>◎ U0692</name>
        <description><![CDATA[<b>통합기준점</b><br>명칭: U0692<br>위도: 35.910124°N<br>경도: 127.068405°E<br><br><a href="https://map.naver.com/v5/search/35.9101244222215,127.068405211111">📍 네이버 지도</a>]]></description>
        <styleUrl>#통합기준점_style</styleUrl>
        <Point>
          <coordinates>127.068405211111,35.9101244222215,0</coordinates>
        </Point>
      </Placemark>
      <Placemark>
        <name>◎ U0693</name>
        <description><![CDATA[<b>통합기준점</b><br>명칭: U0693<br>위도: 35.922640°N<br>경도: 127.154967°E<br><br><a href="https://map.naver.com/v5/search/35.9226395972215,127.154966508333">📍 네이버 지도</a>]]></description>
        <styleUrl>#통합기준점_style</styleUrl>
        <Point>
          <coordinates>127.154966508333,35.9226395972215,0</coordinates>
        </Point>
      </Placemark>
      <Placemark>
        <name>◎ U0694</name>
        <description><![CDATA[<b>통합기준점</b><br>명칭: U0694<br>위도: 35.856979°N<br>경도: 127.232327°E<br><br><a href="https://map.naver.com/v5/search/35.8569794972215,127.232326791667">📍 네이버 지도</a>]]></description>
        <styleUrl>#통합기준점_style</styleUrl>
        <Point>
          <coordinates>127.232326791667,35.8569794972215,0</coordinates>
        </Point>
      </Placemark>
      <Placemark>
        <name>◎ U0695</name>
        <description><![CDATA[<b>통합기준점</b><br>명칭: U0695<br>위도: 35.819312°N<br>경도: 127.024452°E<br><br><a href="https://map.naver.com/v5/search/35.8193120833326,127.024451738889">📍 네이버 지도</a>]]></description>
        <styleUrl>#통합기준점_style</styleUrl>
        <Point>
          <coordinates>127.024451738889,35.8193120833326,0</coordinates>
        </Point>
      </Placemark>
      <Placemark>
        <name>◎ U0696</name>
        <description><![CDATA[<b>통합기준점</b><br>명칭: U0696<br>위도: 35.812471°N<br>경도: 127.086242°E<br><br><a href="https://map.naver.com/v5/search/35.8124707055548,127.086241619444">📍 네이버 지도</a>]]></description>
        <styleUrl>#통합기준점_style</styleUrl>
        <Point>
          <coordinates>127.086241619444,35.8124707055548,0</coordinates>
        </Point>
      </Placemark>
      <Placemark>
        <name>◎ U0697</name>
        <description><![CDATA[<b>통합기준점</b><br>명칭: U0697<br>위도: 35.796880°N<br>경도: 127.177883°E<br><br><a href="https://map.naver.com/v5/search/35.7968797333326,127.177882958333">📍 네이버 지도</a>]]></description>
        <styleUrl>#통합기준점_style</styleUrl>
        <Point>
          <coordinates>127.177882958333,35.7968797333326,0</coordinates>
        </Point>
      </Placemark>
      <Placemark>
        <name>◎ U0699</name>
        <description><![CDATA[<b>통합기준점</b><br>명칭: U0699<br>위도: 35.967804°N<br>경도: 127.433198°E<br><br><a href="https://map.naver.com/v5/search/35.9678035555549,127.433198222222">📍 네이버 지도</a>]]></description>
        <styleUrl>#통합기준점_style</styleUrl>
        <Point>
          <coordinates>127.433198222222,35.9678035555549,0</coordinates>
        </Point>
      </Placemark>
      <Placemark>
        <name>◎ U0700</name>
        <description><![CDATA[<b>통합기준점</b><br>명칭: U0700<br>위도: 35.929716°N<br>경도: 127.348929°E<br><br><a href="https://map.naver.com/v5/search/35.9297157722215,127.348929111111">📍 네이버 지도</a>]]></description>
        <styleUrl>#통합기준점_style</styleUrl>
        <Point>
          <coordinates>127.348929111111,35.9297157722215,0</coordinates>
        </Point>
      </Placemark>
      <Placemark>
        <name>◎ U0701</name>
        <description><![CDATA[<b>통합기준점</b><br>명칭: U0701<br>위도: 35.871554°N<br>경도: 127.437285°E<br><br><a href="https://map.naver.com/v5/search/35.8715544055548,127.437285408333">📍 네이버 지도</a>]]></description>
        <styleUrl>#통합기준점_style</styleUrl>
        <Point>
          <coordinates>127.437285408333,35.8715544055548,0</coordinates>
        </Point>
      </Placemark>
      <Placemark>
        <name>◎ U0702</name>
        <description><![CDATA[<b>통합기준점</b><br>명칭: U0702<br>위도: 35.837692°N<br>경도: 127.361796°E<br><br><a href="https://map.naver.com/v5/search/35.8376919666659,127.361796177778">📍 네이버 지도</a>]]></description>
        <styleUrl>#통합기준점_style</styleUrl>
        <Point>
          <coordinates>127.361796177778,35.8376919666659,0</coordinates>
        </Point>
      </Placemark>
      <Placemark>
        <name>◎ U0703</name>
        <description><![CDATA[<b>통합기준점</b><br>명칭: U0703<br>위도: 35.822490°N<br>경도: 127.482585°E<br><br><a href="https://map.naver.com/v5/search/35.8224901861104,127.482585175">📍 네이버 지도</a>]]></description>
        <styleUrl>#통합기준점_style</styleUrl>
        <Point>
          <coordinates>127.482585175,35.8224901861104,0</coordinates>
        </Point>
      </Placemark>
      <Placemark>
        <name>◎ U0704</name>
        <description><![CDATA[<b>통합기준점</b><br>명칭: U0704<br>위도: 35.785974°N<br>경도: 127.426258°E<br><br><a href="https://map.naver.com/v5/search/35.785973602777,127.426258130556">📍 네이버 지도</a>]]></description>
        <styleUrl>#통합기준점_style</styleUrl>
        <Point>
          <coordinates>127.426258130556,35.785973602777,0</coordinates>
        </Point>
      </Placemark>
      <Placemark>
        <name>◎ U0705</name>
        <description><![CDATA[<b>통합기준점</b><br>명칭: U0705<br>위도: 35.899689°N<br>경도: 127.560539°E<br><br><a href="https://map.naver.com/v5/search/35.8996888277771,127.560539258333">📍 네이버 지도</a>]]></description>
        <styleUrl>#통합기준점_style</styleUrl>
        <Point>
          <coordinates>127.560539258333,35.8996888277771,0</coordinates>
        </Point>
      </Placemark>
      <Placemark>
        <name>◎ U0706</name>
        <description><![CDATA[<b>통합기준점</b><br>명칭: U0706<br>위도: 35.865318°N<br>경도: 127.654418°E<br><br><a href="https://map.naver.com/v5/search/35.8653180416659,127.654418238889">📍 네이버 지도</a>]]></description>
        <styleUrl>#통합기준점_style</styleUrl>
        <Point>
          <coordinates>127.654418238889,35.8653180416659,0</coordinates>
        </Point>
      </Placemark>
      <Placemark>
        <name>◎ U0707</name>
        <description><![CDATA[<b>통합기준점</b><br>명칭: U0707<br>위도: 35.839356°N<br>경도: 127.566372°E<br><br><a href="https://map.naver.com/v5/search/35.8393560249993,127.566372030556">📍 네이버 지도</a>]]></description>
        <styleUrl>#통합기준점_style</styleUrl>
        <Point>
          <coordinates>127.566372030556,35.8393560249993,0</coordinates>
        </Point>
      </Placemark>
      <Placemark>
        <name>◎ U0708</name>
        <description><![CDATA[<b>통합기준점</b><br>명칭: U0708<br>위도: 35.785299°N<br>경도: 127.612997°E<br><br><a href="https://map.naver.com/v5/search/35.7852993444437,127.612996611111">📍 네이버 지도</a>]]></description>
        <styleUrl>#통합기준점_style</styleUrl>
        <Point>
          <coordinates>127.612996611111,35.7852993444437,0</coordinates>
        </Point>
      </Placemark>
      <Placemark>
        <name>◎ U0758</name>
        <description><![CDATA[<b>통합기준점</b><br>명칭: U0758<br>위도: 35.625807°N<br>경도: 126.474619°E<br><br><a href="https://map.naver.com/v5/search/35.6258069694437,126.474618591667">📍 네이버 지도</a>]]></description>
        <styleUrl>#통합기준점_style</styleUrl>
        <Point>
          <coordinates>126.474618591667,35.6258069694437,0</coordinates>
        </Point>
      </Placemark>
      <Placemark>
        <name>◎ U0760</name>
        <description><![CDATA[<b>통합기준점</b><br>명칭: U0760<br>위도: 35.507467°N<br>경도: 126.477394°E<br><br><a href="https://map.naver.com/v5/search/35.5074665138881,126.477394083333">📍 네이버 지도</a>]]></description>
        <styleUrl>#통합기준점_style</styleUrl>
        <Point>
          <coordinates>126.477394083333,35.5074665138881,0</coordinates>
        </Point>
      </Placemark>
      <Placemark>
        <name>◎ U0761</name>
        <description><![CDATA[<b>통합기준점</b><br>명칭: U0761<br>위도: 35.717206°N<br>경도: 126.625931°E<br><br><a href="https://map.naver.com/v5/search/35.7172058861103,126.625930872222">📍 네이버 지도</a>]]></description>
        <styleUrl>#통합기준점_style</styleUrl>
        <Point>
          <coordinates>126.625930872222,35.7172058861103,0</coordinates>
        </Point>
      </Placemark>
      <Placemark>
        <name>◎ U0762</name>
        <description><![CDATA[<b>통합기준점</b><br>명칭: U0762<br>위도: 35.717965°N<br>경도: 126.716516°E<br><br><a href="https://map.naver.com/v5/search/35.7179654305548,126.716516233333">📍 네이버 지도</a>]]></description>
        <styleUrl>#통합기준점_style</styleUrl>
        <Point>
          <coordinates>126.716516233333,35.7179654305548,0</coordinates>
        </Point>
      </Placemark>
      <Placemark>
        <name>◎ U0763</name>
        <description><![CDATA[<b>통합기준점</b><br>명칭: U0763<br>위도: 35.662448°N<br>경도: 126.528228°E<br><br><a href="https://map.naver.com/v5/search/35.6624475194437,126.528228222222">📍 네이버 지도</a>]]></description>
        <styleUrl>#통합기준점_style</styleUrl>
        <Point>
          <coordinates>126.528228222222,35.6624475194437,0</coordinates>
        </Point>
      </Placemark>
      <Placemark>
        <name>◎ U0764</name>
        <description><![CDATA[<b>통합기준점</b><br>명칭: U0764<br>위도: 35.621809°N<br>경도: 126.689995°E<br><br><a href="https://map.naver.com/v5/search/35.6218091499992,126.689994713889">📍 네이버 지도</a>]]></description>
        <styleUrl>#통합기준점_style</styleUrl>
        <Point>
          <coordinates>126.689994713889,35.6218091499992,0</coordinates>
        </Point>
      </Placemark>
      <Placemark>
        <name>◎ U0765</name>
        <description><![CDATA[<b>통합기준점</b><br>명칭: U0765<br>위도: 35.595515°N<br>경도: 126.600368°E<br><br><a href="https://map.naver.com/v5/search/35.5955145388881,126.600367847222">📍 네이버 지도</a>]]></description>
        <styleUrl>#통합기준점_style</styleUrl>
        <Point>
          <coordinates>126.600367847222,35.5955145388881,0</coordinates>
        </Point>
      </Placemark>
      <Placemark>
        <name>◎ U0766</name>
        <description><![CDATA[<b>통합기준점</b><br>명칭: U0766<br>위도: 35.535933°N<br>경도: 126.609428°E<br><br><a href="https://map.naver.com/v5/search/35.5359325999992,126.609428158333">📍 네이버 지도</a>]]></description>
        <styleUrl>#통합기준점_style</styleUrl>
        <Point>
          <coordinates>126.609428158333,35.5359325999992,0</coordinates>
        </Point>
      </Placemark>
      <Placemark>
        <name>◎ U0767</name>
        <description><![CDATA[<b>통합기준점</b><br>명칭: U0767<br>위도: 35.518080°N<br>경도: 126.703755°E<br><br><a href="https://map.naver.com/v5/search/35.5180797666658,126.703755427778">📍 네이버 지도</a>]]></description>
        <styleUrl>#통합기준점_style</styleUrl>
        <Point>
          <coordinates>126.703755427778,35.5180797666658,0</coordinates>
        </Point>
      </Placemark>
      <Placemark>
        <name>◎ U0768</name>
        <description><![CDATA[<b>통합기준점</b><br>명칭: U0768<br>위도: 35.718561°N<br>경도: 126.927106°E<br><br><a href="https://map.naver.com/v5/search/35.718560827777,126.927105727778">📍 네이버 지도</a>]]></description>
        <styleUrl>#통합기준점_style</styleUrl>
        <Point>
          <coordinates>126.927105727778,35.718560827777,0</coordinates>
        </Point>
      </Placemark>
      <Placemark>
        <name>◎ U0769</name>
        <description><![CDATA[<b>통합기준점</b><br>명칭: U0769<br>위도: 35.701510°N<br>경도: 126.788694°E<br><br><a href="https://map.naver.com/v5/search/35.7015102805548,126.788694219444">📍 네이버 지도</a>]]></description>
        <styleUrl>#통합기준점_style</styleUrl>
        <Point>
          <coordinates>126.788694219444,35.7015102805548,0</coordinates>
        </Point>
      </Placemark>
      <Placemark>
        <name>◎ U0771</name>
        <description><![CDATA[<b>통합기준점</b><br>명칭: U0771<br>위도: 35.633660°N<br>경도: 126.830328°E<br><br><a href="https://map.naver.com/v5/search/35.6336602749992,126.830327716667">📍 네이버 지도</a>]]></description>
        <styleUrl>#통합기준점_style</styleUrl>
        <Point>
          <coordinates>126.830327716667,35.6336602749992,0</coordinates>
        </Point>
      </Placemark>
      <Placemark>
        <name>◎ U0772</name>
        <description><![CDATA[<b>통합기준점</b><br>명칭: U0772<br>위도: 35.525001°N<br>경도: 126.808872°E<br><br><a href="https://map.naver.com/v5/search/35.5250012999992,126.80887235">📍 네이버 지도</a>]]></description>
        <styleUrl>#통합기준점_style</styleUrl>
        <Point>
          <coordinates>126.80887235,35.5250012999992,0</coordinates>
        </Point>
      </Placemark>
      <Placemark>
        <name>◎ U0773</name>
        <description><![CDATA[<b>통합기준점</b><br>명칭: U0773<br>위도: 35.509882°N<br>경도: 126.900491°E<br><br><a href="https://map.naver.com/v5/search/35.5098818194436,126.900491063889">📍 네이버 지도</a>]]></description>
        <styleUrl>#통합기준점_style</styleUrl>
        <Point>
          <coordinates>126.900491063889,35.5098818194436,0</coordinates>
        </Point>
      </Placemark>
      <Placemark>
        <name>◎ U0774</name>
        <description><![CDATA[<b>통합기준점</b><br>명칭: U0774<br>위도: 35.720684°N<br>경도: 127.031531°E<br><br><a href="https://map.naver.com/v5/search/35.7206836833326,127.031531352778">📍 네이버 지도</a>]]></description>
        <styleUrl>#통합기준점_style</styleUrl>
        <Point>
          <coordinates>127.031531352778,35.7206836833326,0</coordinates>
        </Point>
      </Placemark>
      <Placemark>
        <name>◎ U0775</name>
        <description><![CDATA[<b>통합기준점</b><br>명칭: U0775<br>위도: 35.729421°N<br>경도: 127.110134°E<br><br><a href="https://map.naver.com/v5/search/35.7294206416659,127.110134461111">📍 네이버 지도</a>]]></description>
        <styleUrl>#통합기준점_style</styleUrl>
        <Point>
          <coordinates>127.110134461111,35.7294206416659,0</coordinates>
        </Point>
      </Placemark>
      <Placemark>
        <name>◎ U0776</name>
        <description><![CDATA[<b>통합기준점</b><br>명칭: U0776<br>위도: 35.722655°N<br>경도: 127.233036°E<br><br><a href="https://map.naver.com/v5/search/35.722655102777,127.233036483333">📍 네이버 지도</a>]]></description>
        <styleUrl>#통합기준점_style</styleUrl>
        <Point>
          <coordinates>127.233036483333,35.722655102777,0</coordinates>
        </Point>
      </Placemark>
      <Placemark>
        <name>◎ U0777</name>
        <description><![CDATA[<b>통합기준점</b><br>명칭: U0777<br>위도: 35.661287°N<br>경도: 127.111741°E<br><br><a href="https://map.naver.com/v5/search/35.6612872999992,127.111740727778">📍 네이버 지도</a>]]></description>
        <styleUrl>#통합기준점_style</styleUrl>
        <Point>
          <coordinates>127.111740727778,35.6612872999992,0</coordinates>
        </Point>
      </Placemark>
      <Placemark>
        <name>◎ U0778</name>
        <description><![CDATA[<b>통합기준점</b><br>명칭: U0778<br>위도: 35.657062°N<br>경도: 127.227226°E<br><br><a href="https://map.naver.com/v5/search/35.6570619472214,127.227225791667">📍 네이버 지도</a>]]></description>
        <styleUrl>#통합기준점_style</styleUrl>
        <Point>
          <coordinates>127.227225791667,35.6570619472214,0</coordinates>
        </Point>
      </Placemark>
      <Placemark>
        <name>◎ U0779</name>
        <description><![CDATA[<b>통합기준점</b><br>명칭: U0779<br>위도: 35.618748°N<br>경도: 127.044795°E<br><br><a href="https://map.naver.com/v5/search/35.6187478972214,127.044794644444">📍 네이버 지도</a>]]></description>
        <styleUrl>#통합기준점_style</styleUrl>
        <Point>
          <coordinates>127.044794644444,35.6187478972214,0</coordinates>
        </Point>
      </Placemark>
      <Placemark>
        <name>◎ U0780</name>
        <description><![CDATA[<b>통합기준점</b><br>명칭: U0780<br>위도: 35.587524°N<br>경도: 127.238487°E<br><br><a href="https://map.naver.com/v5/search/35.5875243333325,127.238486891667">📍 네이버 지도</a>]]></description>
        <styleUrl>#통합기준점_style</styleUrl>
        <Point>
          <coordinates>127.238486891667,35.5875243333325,0</coordinates>
        </Point>
      </Placemark>
      <Placemark>
        <name>◎ U0781</name>
        <description><![CDATA[<b>통합기준점</b><br>명칭: U0781<br>위도: 35.568540°N<br>경도: 127.030048°E<br><br><a href="https://map.naver.com/v5/search/35.5685400305547,127.030048127778">📍 네이버 지도</a>]]></description>
        <styleUrl>#통합기준점_style</styleUrl>
        <Point>
          <coordinates>127.030048127778,35.5685400305547,0</coordinates>
        </Point>
      </Placemark>
      <Placemark>
        <name>◎ U0782</name>
        <description><![CDATA[<b>통합기준점</b><br>명칭: U0782<br>위도: 35.531589°N<br>경도: 127.165595°E<br><br><a href="https://map.naver.com/v5/search/35.531589477777,127.165595441667">📍 네이버 지도</a>]]></description>
        <styleUrl>#통합기준점_style</styleUrl>
        <Point>
          <coordinates>127.165595441667,35.531589477777,0</coordinates>
        </Point>
      </Placemark>
      <Placemark>
        <name>◎ U0783</name>
        <description><![CDATA[<b>통합기준점</b><br>명칭: U0783<br>위도: 35.735609°N<br>경도: 127.370185°E<br><br><a href="https://map.naver.com/v5/search/35.7356092749992,127.370185391667">📍 네이버 지도</a>]]></description>
        <styleUrl>#통합기준점_style</styleUrl>
        <Point>
          <coordinates>127.370185391667,35.7356092749992,0</coordinates>
        </Point>
      </Placemark>
      <Placemark>
        <name>◎ U0784</name>
        <description><![CDATA[<b>통합기준점</b><br>명칭: U0784<br>위도: 35.629743°N<br>경도: 127.335600°E<br><br><a href="https://map.naver.com/v5/search/35.629742602777,127.335600322222">📍 네이버 지도</a>]]></description>
        <styleUrl>#통합기준점_style</styleUrl>
        <Point>
          <coordinates>127.335600322222,35.629742602777,0</coordinates>
        </Point>
      </Placemark>
      <Placemark>
        <name>◎ U0785</name>
        <description><![CDATA[<b>통합기준점</b><br>명칭: U0785<br>위도: 35.583986°N<br>경도: 127.396599°E<br><br><a href="https://map.naver.com/v5/search/35.5839861111103,127.396599311111">📍 네이버 지도</a>]]></description>
        <styleUrl>#통합기준점_style</styleUrl>
        <Point>
          <coordinates>127.396599311111,35.5839861111103,0</coordinates>
        </Point>
      </Placemark>
      <Placemark>
        <name>◎ U0786</name>
        <description><![CDATA[<b>통합기준점</b><br>명칭: U0786<br>위도: 35.546841°N<br>경도: 127.328151°E<br><br><a href="https://map.naver.com/v5/search/35.546840702777,127.328151213889">📍 네이버 지도</a>]]></description>
        <styleUrl>#통합기준점_style</styleUrl>
        <Point>
          <coordinates>127.328151213889,35.546840702777,0</coordinates>
        </Point>
      </Placemark>
      <Placemark>
        <name>◎ U0787</name>
        <description><![CDATA[<b>통합기준점</b><br>명칭: U0787<br>위도: 35.732534°N<br>경도: 127.531175°E<br><br><a href="https://map.naver.com/v5/search/35.7325341999992,127.531175302778">📍 네이버 지도</a>]]></description>
        <styleUrl>#통합기준점_style</styleUrl>
        <Point>
          <coordinates>127.531175302778,35.7325341999992,0</coordinates>
        </Point>
      </Placemark>
      <Placemark>
        <name>◎ U0788</name>
        <description><![CDATA[<b>통합기준점</b><br>명칭: U0788<br>위도: 35.717360°N<br>경도: 127.662968°E<br><br><a href="https://map.naver.com/v5/search/35.7173603333326,127.662967838889">📍 네이버 지도</a>]]></description>
        <styleUrl>#통합기준점_style</styleUrl>
        <Point>
          <coordinates>127.662967838889,35.7173603333326,0</coordinates>
        </Point>
      </Placemark>
      <Placemark>
        <name>◎ U0789</name>
        <description><![CDATA[<b>통합기준점</b><br>명칭: U0789<br>위도: 35.654097°N<br>경도: 127.520820°E<br><br><a href="https://map.naver.com/v5/search/35.6540968111103,127.520819872222">📍 네이버 지도</a>]]></description>
        <styleUrl>#통합기준점_style</styleUrl>
        <Point>
          <coordinates>127.520819872222,35.6540968111103,0</coordinates>
        </Point>
      </Placemark>
      <Placemark>
        <name>◎ U0790</name>
        <description><![CDATA[<b>통합기준점</b><br>명칭: U0790<br>위도: 35.648076°N<br>경도: 127.693151°E<br><br><a href="https://map.naver.com/v5/search/35.6480763833325,127.693151272222">📍 네이버 지도</a>]]></description>
        <styleUrl>#통합기준점_style</styleUrl>
        <Point>
          <coordinates>127.693151272222,35.6480763833325,0</coordinates>
        </Point>
      </Placemark>
      <Placemark>
        <name>◎ U0791</name>
        <description><![CDATA[<b>통합기준점</b><br>명칭: U0791<br>위도: 35.588408°N<br>경도: 127.637520°E<br><br><a href="https://map.naver.com/v5/search/35.5884083749992,127.637519741667">📍 네이버 지도</a>]]></description>
        <styleUrl>#통합기준점_style</styleUrl>
        <Point>
          <coordinates>127.637519741667,35.5884083749992,0</coordinates>
        </Point>
      </Placemark>
      <Placemark>
        <name>◎ U0792</name>
        <description><![CDATA[<b>통합기준점</b><br>명칭: U0792<br>위도: 35.534621°N<br>경도: 127.546527°E<br><br><a href="https://map.naver.com/v5/search/35.5346207472214,127.546526930556">📍 네이버 지도</a>]]></description>
        <styleUrl>#통합기준점_style</styleUrl>
        <Point>
          <coordinates>127.546526930556,35.5346207472214,0</coordinates>
        </Point>
      </Placemark>
      <Placemark>
        <name>◎ U0793</name>
        <description><![CDATA[<b>통합기준점</b><br>명칭: U0793<br>위도: 35.529087°N<br>경도: 127.688923°E<br><br><a href="https://map.naver.com/v5/search/35.5290870638881,127.688923441667">📍 네이버 지도</a>]]></description>
        <styleUrl>#통합기준점_style</styleUrl>
        <Point>
          <coordinates>127.688923441667,35.5290870638881,0</coordinates>
        </Point>
      </Placemark>
      <Placemark>
        <name>◎ U0845</name>
        <description><![CDATA[<b>통합기준점</b><br>명칭: U0845<br>위도: 35.444405°N<br>경도: 126.486800°E<br><br><a href="https://map.naver.com/v5/search/35.444405188888,126.486800455555">📍 네이버 지도</a>]]></description>
        <styleUrl>#통합기준점_style</styleUrl>
        <Point>
          <coordinates>126.486800455555,35.444405188888,0</coordinates>
        </Point>
      </Placemark>
      <Placemark>
        <name>◎ U0849</name>
        <description><![CDATA[<b>통합기준점</b><br>명칭: U0849<br>위도: 35.431150°N<br>경도: 126.724849°E<br><br><a href="https://map.naver.com/v5/search/35.4311504916658,126.724849136111">📍 네이버 지도</a>]]></description>
        <styleUrl>#통합기준점_style</styleUrl>
        <Point>
          <coordinates>126.724849136111,35.4311504916658,0</coordinates>
        </Point>
      </Placemark>
      <Placemark>
        <name>◎ U0850</name>
        <description><![CDATA[<b>통합기준점</b><br>명칭: U0850<br>위도: 35.414861°N<br>경도: 126.563733°E<br><br><a href="https://map.naver.com/v5/search/35.4148608583325,126.563733286111">📍 네이버 지도</a>]]></description>
        <styleUrl>#통합기준점_style</styleUrl>
        <Point>
          <coordinates>126.563733286111,35.4148608583325,0</coordinates>
        </Point>
      </Placemark>
      <Placemark>
        <name>◎ U0851</name>
        <description><![CDATA[<b>통합기준점</b><br>명칭: U0851<br>위도: 35.382096°N<br>경도: 126.698758°E<br><br><a href="https://map.naver.com/v5/search/35.3820959499991,126.698758388889">📍 네이버 지도</a>]]></description>
        <styleUrl>#통합기준점_style</styleUrl>
        <Point>
          <coordinates>126.698758388889,35.3820959499991,0</coordinates>
        </Point>
      </Placemark>
      <Placemark>
        <name>◎ U0856</name>
        <description><![CDATA[<b>통합기준점</b><br>명칭: U0856<br>위도: 35.468511°N<br>경도: 126.789348°E<br><br><a href="https://map.naver.com/v5/search/35.4685105472214,126.789348033333">📍 네이버 지도</a>]]></description>
        <styleUrl>#통합기준점_style</styleUrl>
        <Point>
          <coordinates>126.789348033333,35.4685105472214,0</coordinates>
        </Point>
      </Placemark>
      <Placemark>
        <name>◎ U0857</name>
        <description><![CDATA[<b>통합기준점</b><br>명칭: U0857<br>위도: 35.429865°N<br>경도: 126.931865°E<br><br><a href="https://map.naver.com/v5/search/35.4298653805547,126.931864944444">📍 네이버 지도</a>]]></description>
        <styleUrl>#통합기준점_style</styleUrl>
        <Point>
          <coordinates>126.931864944444,35.4298653805547,0</coordinates>
        </Point>
      </Placemark>
      <Placemark>
        <name>◎ U0858</name>
        <description><![CDATA[<b>통합기준점</b><br>명칭: U0858<br>위도: 35.384494°N<br>경도: 126.792981°E<br><br><a href="https://map.naver.com/v5/search/35.3844935166658,126.792980925">📍 네이버 지도</a>]]></description>
        <styleUrl>#통합기준점_style</styleUrl>
        <Point>
          <coordinates>126.792980925,35.3844935166658,0</coordinates>
        </Point>
      </Placemark>
      <Placemark>
        <name>◎ U0862</name>
        <description><![CDATA[<b>통합기준점</b><br>명칭: U0862<br>위도: 35.452532°N<br>경도: 127.107988°E<br><br><a href="https://map.naver.com/v5/search/35.4525322027769,127.107987947222">📍 네이버 지도</a>]]></description>
        <styleUrl>#통합기준점_style</styleUrl>
        <Point>
          <coordinates>127.107987947222,35.4525322027769,0</coordinates>
        </Point>
      </Placemark>
      <Placemark>
        <name>◎ U0863</name>
        <description><![CDATA[<b>통합기준점</b><br>명칭: U0863<br>위도: 35.449388°N<br>경도: 127.052658°E<br><br><a href="https://map.naver.com/v5/search/35.4493884805547,127.052657905556">📍 네이버 지도</a>]]></description>
        <styleUrl>#통합기준점_style</styleUrl>
        <Point>
          <coordinates>127.052657905556,35.4493884805547,0</coordinates>
        </Point>
      </Placemark>
      <Placemark>
        <name>◎ U0864</name>
        <description><![CDATA[<b>통합기준점</b><br>명칭: U0864<br>위도: 35.448060°N<br>경도: 127.240675°E<br><br><a href="https://map.naver.com/v5/search/35.4480598944436,127.240674797222">📍 네이버 지도</a>]]></description>
        <styleUrl>#통합기준점_style</styleUrl>
        <Point>
          <coordinates>127.240674797222,35.4480598944436,0</coordinates>
        </Point>
      </Placemark>
      <Placemark>
        <name>◎ U0871</name>
        <description><![CDATA[<b>통합기준점</b><br>명칭: U0871<br>위도: 35.493389°N<br>경도: 127.476950°E<br><br><a href="https://map.naver.com/v5/search/35.4933893083325,127.476950380556">📍 네이버 지도</a>]]></description>
        <styleUrl>#통합기준점_style</styleUrl>
        <Point>
          <coordinates>127.476950380556,35.4933893083325,0</coordinates>
        </Point>
      </Placemark>
      <Placemark>
        <name>◎ U0872</name>
        <description><![CDATA[<b>통합기준점</b><br>명칭: U0872<br>위도: 35.448705°N<br>경도: 127.367362°E<br><br><a href="https://map.naver.com/v5/search/35.4487050472214,127.367362475">📍 네이버 지도</a>]]></description>
        <styleUrl>#통합기준점_style</styleUrl>
        <Point>
          <coordinates>127.367362475,35.4487050472214,0</coordinates>
        </Point>
      </Placemark>
      <Placemark>
        <name>◎ U0873</name>
        <description><![CDATA[<b>통합기준점</b><br>명칭: U0873<br>위도: 35.388275°N<br>경도: 127.445802°E<br><br><a href="https://map.naver.com/v5/search/35.3882753666658,127.445801816667">📍 네이버 지도</a>]]></description>
        <styleUrl>#통합기준점_style</styleUrl>
        <Point>
          <coordinates>127.445801816667,35.3882753666658,0</coordinates>
        </Point>
      </Placemark>
      <Placemark>
        <name>◎ U0878</name>
        <description><![CDATA[<b>통합기준점</b><br>명칭: U0878<br>위도: 35.480948°N<br>경도: 127.689009°E<br><br><a href="https://map.naver.com/v5/search/35.4809475999992,127.689009191667">📍 네이버 지도</a>]]></description>
        <styleUrl>#통합기준점_style</styleUrl>
        <Point>
          <coordinates>127.689009191667,35.4809475999992,0</coordinates>
        </Point>
      </Placemark>
      <Placemark>
        <name>◎ U0879</name>
        <description><![CDATA[<b>통합기준점</b><br>명칭: U0879<br>위도: 35.461479°N<br>경도: 127.594069°E<br><br><a href="https://map.naver.com/v5/search/35.4614785111103,127.594068688889">📍 네이버 지도</a>]]></description>
        <styleUrl>#통합기준점_style</styleUrl>
        <Point>
          <coordinates>127.594068688889,35.4614785111103,0</coordinates>
        </Point>
      </Placemark>
      <Placemark>
        <name>◎ U0880</name>
        <description><![CDATA[<b>통합기준점</b><br>명칭: U0880<br>위도: 35.386793°N<br>경도: 127.658962°E<br><br><a href="https://map.naver.com/v5/search/35.3867931194436,127.658962447222">📍 네이버 지도</a>]]></description>
        <styleUrl>#통합기준점_style</styleUrl>
        <Point>
          <coordinates>127.658962447222,35.3867931194436,0</coordinates>
        </Point>
      </Placemark>
      <Placemark>
        <name>◎ U0709</name>
        <description><![CDATA[<b>통합기준점</b><br>명칭: U0709<br>위도: 35.970241°N<br>경도: 127.844601°E<br><br><a href="https://map.naver.com/v5/search/35.9702413055549,127.844600583333">📍 네이버 지도</a>]]></description>
        <styleUrl>#통합기준점_style</styleUrl>
        <Point>
          <coordinates>127.844600583333,35.9702413055549,0</coordinates>
        </Point>
      </Placemark>
      <Placemark>
        <name>◎ U0711</name>
        <description><![CDATA[<b>통합기준점</b><br>명칭: U0711<br>위도: 35.911038°N<br>경도: 127.760519°E<br><br><a href="https://map.naver.com/v5/search/35.9110383777771,127.7605187">📍 네이버 지도</a>]]></description>
        <styleUrl>#통합기준점_style</styleUrl>
        <Point>
          <coordinates>127.7605187,35.9110383777771,0</coordinates>
        </Point>
      </Placemark>
      <Placemark>
        <name>◎ U0712</name>
        <description><![CDATA[<b>통합기준점</b><br>명칭: U0712<br>위도: 35.837801°N<br>경도: 127.876880°E<br><br><a href="https://map.naver.com/v5/search/35.837801227777,127.876880130556">📍 네이버 지도</a>]]></description>
        <styleUrl>#통합기준점_style</styleUrl>
        <Point>
          <coordinates>127.876880130556,35.837801227777,0</coordinates>
        </Point>
      </Placemark>
      <Placemark>
        <name>◎ U0714</name>
        <description><![CDATA[<b>통합기준점</b><br>명칭: U0714<br>위도: 35.779909°N<br>경도: 127.817947°E<br><br><a href="https://map.naver.com/v5/search/35.7799087249992,127.817947386111">📍 네이버 지도</a>]]></description>
        <styleUrl>#통합기준점_style</styleUrl>
        <Point>
          <coordinates>127.817947386111,35.7799087249992,0</coordinates>
        </Point>
      </Placemark>
      <Placemark>
        <name>◎ U0795</name>
        <description><![CDATA[<b>통합기준점</b><br>명칭: U0795<br>위도: 35.702447°N<br>경도: 127.853994°E<br><br><a href="https://map.naver.com/v5/search/35.7024470305548,127.85399375">📍 네이버 지도</a>]]></description>
        <styleUrl>#통합기준점_style</styleUrl>
        <Point>
          <coordinates>127.85399375,35.7024470305548,0</coordinates>
        </Point>
      </Placemark>
      <Placemark>
        <name>◎ U0797</name>
        <description><![CDATA[<b>통합기준점</b><br>명칭: U0797<br>위도: 35.628226°N<br>경도: 127.818094°E<br><br><a href="https://map.naver.com/v5/search/35.6282255666659,127.818093669444">📍 네이버 지도</a>]]></description>
        <styleUrl>#통합기준점_style</styleUrl>
        <Point>
          <coordinates>127.818093669444,35.6282255666659,0</coordinates>
        </Point>
      </Placemark>
      <Placemark>
        <name>◎ U0799</name>
        <description><![CDATA[<b>통합기준점</b><br>명칭: U0799<br>위도: 35.523156°N<br>경도: 127.789567°E<br><br><a href="https://map.naver.com/v5/search/35.5231556499992,127.789566736111">📍 네이버 지도</a>]]></description>
        <styleUrl>#통합기준점_style</styleUrl>
        <Point>
          <coordinates>127.789566736111,35.5231556499992,0</coordinates>
        </Point>
      </Placemark>
      <Placemark>
        <name>◎ U0884</name>
        <description><![CDATA[<b>통합기준점</b><br>명칭: U0884<br>위도: 35.459985°N<br>경도: 127.791789°E<br><br><a href="https://map.naver.com/v5/search/35.4599853249992,127.791788752778">📍 네이버 지도</a>]]></description>
        <styleUrl>#통합기준점_style</styleUrl>
        <Point>
          <coordinates>127.791788752778,35.4599853249992,0</coordinates>
        </Point>
      </Placemark>
      <Placemark>
        <name>◎ U0885</name>
        <description><![CDATA[<b>통합기준점</b><br>명칭: U0885<br>위도: 35.420090°N<br>경도: 127.872553°E<br><br><a href="https://map.naver.com/v5/search/35.4200901194436,127.872552641667">📍 네이버 지도</a>]]></description>
        <styleUrl>#통합기준점_style</styleUrl>
        <Point>
          <coordinates>127.872552641667,35.4200901194436,0</coordinates>
        </Point>
      </Placemark>
      <Placemark>
        <name>◎ U0609</name>
        <description><![CDATA[<b>통합기준점</b><br>명칭: U0609<br>위도: 36.149175°N<br>경도: 126.505857°E<br><br><a href="https://map.naver.com/v5/search/36.1491751361105,126.505857361111">📍 네이버 지도</a>]]></description>
        <styleUrl>#통합기준점_style</styleUrl>
        <Point>
          <coordinates>126.505857361111,36.1491751361105,0</coordinates>
        </Point>
      </Placemark>
      <Placemark>
        <name>◎ U0610</name>
        <description><![CDATA[<b>통합기준점</b><br>명칭: U0610<br>위도: 36.141513°N<br>경도: 126.602628°E<br><br><a href="https://map.naver.com/v5/search/36.1415127027771,126.602628197222">📍 네이버 지도</a>]]></description>
        <styleUrl>#통합기준점_style</styleUrl>
        <Point>
          <coordinates>126.602628197222,36.1415127027771,0</coordinates>
        </Point>
      </Placemark>
      <Placemark>
        <name>◎ U0611</name>
        <description><![CDATA[<b>통합기준점</b><br>명칭: U0611<br>위도: 36.073352°N<br>경도: 126.642731°E<br><br><a href="https://map.naver.com/v5/search/36.0733516138882,126.642730786111">📍 네이버 지도</a>]]></description>
        <styleUrl>#통합기준점_style</styleUrl>
        <Point>
          <coordinates>126.642730786111,36.0733516138882,0</coordinates>
        </Point>
      </Placemark>
      <Placemark>
        <name>◎ U0614</name>
        <description><![CDATA[<b>통합기준점</b><br>명칭: U0614<br>위도: 36.107571°N<br>경도: 126.829577°E<br><br><a href="https://map.naver.com/v5/search/36.1075712833327,126.829576691667">📍 네이버 지도</a>]]></description>
        <styleUrl>#통합기준점_style</styleUrl>
        <Point>
          <coordinates>126.829576691667,36.1075712833327,0</coordinates>
        </Point>
      </Placemark>
      <Placemark>
        <name>◎ U0615</name>
        <description><![CDATA[<b>통합기준점</b><br>명칭: U0615<br>위도: 36.095284°N<br>경도: 126.962742°E<br><br><a href="https://map.naver.com/v5/search/36.0952837944438,126.962742147222">📍 네이버 지도</a>]]></description>
        <styleUrl>#통합기준점_style</styleUrl>
        <Point>
          <coordinates>126.962742147222,36.0952837944438,0</coordinates>
        </Point>
      </Placemark>
      <Placemark>
        <name>◎ U0618</name>
        <description><![CDATA[<b>통합기준점</b><br>명칭: U0618<br>위도: 36.158849°N<br>경도: 127.020342°E<br><br><a href="https://map.naver.com/v5/search/36.1588486833327,127.020341583333">📍 네이버 지도</a>]]></description>
        <styleUrl>#통합기준점_style</styleUrl>
        <Point>
          <coordinates>127.020341583333,36.1588486833327,0</coordinates>
        </Point>
      </Placemark>
      <Placemark>
        <name>◎ U0619</name>
        <description><![CDATA[<b>통합기준점</b><br>명칭: U0619<br>위도: 36.140168°N<br>경도: 127.240164°E<br><br><a href="https://map.naver.com/v5/search/36.1401681499994,127.240164316667">📍 네이버 지도</a>]]></description>
        <styleUrl>#통합기준점_style</styleUrl>
        <Point>
          <coordinates>127.240164316667,36.1401681499994,0</coordinates>
        </Point>
      </Placemark>
      <Placemark>
        <name>◎ U0620</name>
        <description><![CDATA[<b>통합기준점</b><br>명칭: U0620<br>위도: 36.124309°N<br>경도: 127.131456°E<br><br><a href="https://map.naver.com/v5/search/36.124309191666,127.131455908333">📍 네이버 지도</a>]]></description>
        <styleUrl>#통합기준점_style</styleUrl>
        <Point>
          <coordinates>127.131455908333,36.124309191666,0</coordinates>
        </Point>
      </Placemark>
      <Placemark>
        <name>◎ U0621</name>
        <description><![CDATA[<b>통합기준점</b><br>명칭: U0621<br>위도: 36.066178°N<br>경도: 127.081607°E<br><br><a href="https://map.naver.com/v5/search/36.066178291666,127.081606819444">📍 네이버 지도</a>]]></description>
        <styleUrl>#통합기준점_style</styleUrl>
        <Point>
          <coordinates>127.081606819444,36.066178291666,0</coordinates>
        </Point>
      </Placemark>
      <Placemark>
        <name>◎ U0622</name>
        <description><![CDATA[<b>통합기준점</b><br>명칭: U0622<br>위도: 36.034626°N<br>경도: 127.204373°E<br><br><a href="https://map.naver.com/v5/search/36.0346257138882,127.204372955556">📍 네이버 지도</a>]]></description>
        <styleUrl>#통합기준점_style</styleUrl>
        <Point>
          <coordinates>127.204372955556,36.0346257138882,0</coordinates>
        </Point>
      </Placemark>
      <Placemark>
        <name>◎ U0625</name>
        <description><![CDATA[<b>통합기준점</b><br>명칭: U0625<br>위도: 36.121235°N<br>경도: 127.335251°E<br><br><a href="https://map.naver.com/v5/search/36.1212353138882,127.335251297222">📍 네이버 지도</a>]]></description>
        <styleUrl>#통합기준점_style</styleUrl>
        <Point>
          <coordinates>127.335251297222,36.1212353138882,0</coordinates>
        </Point>
      </Placemark>
      <Placemark>
        <name>◎ U0626</name>
        <description><![CDATA[<b>통합기준점</b><br>명칭: U0626<br>위도: 36.103512°N<br>경도: 127.498931°E<br><br><a href="https://map.naver.com/v5/search/36.1035123083327,127.4989311">📍 네이버 지도</a>]]></description>
        <styleUrl>#통합기준점_style</styleUrl>
        <Point>
          <coordinates>127.4989311,36.1035123083327,0</coordinates>
        </Point>
      </Placemark>
      <Placemark>
        <name>◎ U0630</name>
        <description><![CDATA[<b>통합기준점</b><br>명칭: U0630<br>위도: 36.091668°N<br>경도: 127.685368°E<br><br><a href="https://map.naver.com/v5/search/36.0916683361104,127.685367525">📍 네이버 지도</a>]]></description>
        <styleUrl>#통합기준점_style</styleUrl>
        <Point>
          <coordinates>127.685367525,36.0916683361104,0</coordinates>
        </Point>
      </Placemark>
      <Placemark>
        <name>◎ U0631</name>
        <description><![CDATA[<b>통합기준점</b><br>명칭: U0631<br>위도: 36.062246°N<br>경도: 127.555228°E<br><br><a href="https://map.naver.com/v5/search/36.0622459138882,127.555227752778">📍 네이버 지도</a>]]></description>
        <styleUrl>#통합기준점_style</styleUrl>
        <Point>
          <coordinates>127.555227752778,36.0622459138882,0</coordinates>
        </Point>
      </Placemark>
      <Placemark>
        <name>◎ U0632</name>
        <description><![CDATA[<b>통합기준점</b><br>명칭: U0632<br>위도: 36.010629°N<br>경도: 127.660892°E<br><br><a href="https://map.naver.com/v5/search/36.0106290555549,127.660892219444">📍 네이버 지도</a>]]></description>
        <styleUrl>#통합기준점_style</styleUrl>
        <Point>
          <coordinates>127.660892219444,36.0106290555549,0</coordinates>
        </Point>
      </Placemark>
      <Placemark>
        <name>◎ U0637</name>
        <description><![CDATA[<b>통합기준점</b><br>명칭: U0637<br>위도: 36.023211°N<br>경도: 127.765616°E<br><br><a href="https://map.naver.com/v5/search/36.0232113333327,127.765615519444">📍 네이버 지도</a>]]></description>
        <styleUrl>#통합기준점_style</styleUrl>
        <Point>
          <coordinates>127.765615519444,36.0232113333327,0</coordinates>
        </Point>
      </Placemark>
      <Placemark>
        <name>◎ U0759</name>
        <description><![CDATA[<b>통합기준점</b><br>명칭: U0759<br>위도: 35.602888°N<br>경도: 126.292910°E<br><br><a href="https://map.naver.com/v5/search/35.6028879611103,126.292909847222">📍 네이버 지도</a>]]></description>
        <styleUrl>#통합기준점_style</styleUrl>
        <Point>
          <coordinates>126.292909847222,35.6028879611103,0</coordinates>
        </Point>
      </Placemark>
      <Placemark>
        <name>◎ U0606</name>
        <description><![CDATA[<b>통합기준점</b><br>명칭: U0606<br>위도: 36.078382°N<br>경도: 126.443588°E<br><br><a href="https://map.naver.com/v5/search/36.0783816333327,126.443588166667">📍 네이버 지도</a>]]></description>
        <styleUrl>#통합기준점_style</styleUrl>
        <Point>
          <coordinates>126.443588166667,36.0783816333327,0</coordinates>
        </Point>
      </Placemark>
      <Placemark>
        <name>◎ U고창01</name>
        <description><![CDATA[<b>통합기준점</b><br>명칭: U고창01<br>위도: 35.489649°N<br>경도: 126.513345°E<br><br><a href="https://map.naver.com/v5/search/35.489648927777,126.513345477778">📍 네이버 지도</a>]]></description>
        <styleUrl>#통합기준점_style</styleUrl>
        <Point>
          <coordinates>126.513345477778,35.489648927777,0</coordinates>
        </Point>
      </Placemark>
      <Placemark>
        <name>◎ U고창02</name>
        <description><![CDATA[<b>통합기준점</b><br>명칭: U고창02<br>위도: 35.491271°N<br>경도: 126.625351°E<br><br><a href="https://map.naver.com/v5/search/35.4912709333325,126.625351313889">📍 네이버 지도</a>]]></description>
        <styleUrl>#통합기준점_style</styleUrl>
        <Point>
          <coordinates>126.625351313889,35.4912709333325,0</coordinates>
        </Point>
      </Placemark>
      <Placemark>
        <name>◎ U고창03</name>
        <description><![CDATA[<b>통합기준점</b><br>명칭: U고창03<br>위도: 35.499437°N<br>경도: 126.741261°E<br><br><a href="https://map.naver.com/v5/search/35.4994372305547,126.741261461111">📍 네이버 지도</a>]]></description>
        <styleUrl>#통합기준점_style</styleUrl>
        <Point>
          <coordinates>126.741261461111,35.4994372305547,0</coordinates>
        </Point>
      </Placemark>
      <Placemark>
        <name>◎ U고창04</name>
        <description><![CDATA[<b>통합기준점</b><br>명칭: U고창04<br>위도: 35.465627°N<br>경도: 126.710412°E<br><br><a href="https://map.naver.com/v5/search/35.4656274249992,126.710411588889">📍 네이버 지도</a>]]></description>
        <styleUrl>#통합기준점_style</styleUrl>
        <Point>
          <coordinates>126.710411588889,35.4656274249992,0</coordinates>
        </Point>
      </Placemark>
      <Placemark>
        <name>◎ U고창05</name>
        <description><![CDATA[<b>통합기준점</b><br>명칭: U고창05<br>위도: 35.455789°N<br>경도: 126.630418°E<br><br><a href="https://map.naver.com/v5/search/35.4557885333325,126.630418272222">📍 네이버 지도</a>]]></description>
        <styleUrl>#통합기준점_style</styleUrl>
        <Point>
          <coordinates>126.630418272222,35.4557885333325,0</coordinates>
        </Point>
      </Placemark>
      <Placemark>
        <name>◎ U고창06</name>
        <description><![CDATA[<b>통합기준점</b><br>명칭: U고창06<br>위도: 35.454505°N<br>경도: 126.582463°E<br><br><a href="https://map.naver.com/v5/search/35.4545050361103,126.582463091667">📍 네이버 지도</a>]]></description>
        <styleUrl>#통합기준점_style</styleUrl>
        <Point>
          <coordinates>126.582463091667,35.4545050361103,0</coordinates>
        </Point>
      </Placemark>
      <Placemark>
        <name>◎ U고창07</name>
        <description><![CDATA[<b>통합기준점</b><br>명칭: U고창07<br>위도: 35.460858°N<br>경도: 126.537209°E<br><br><a href="https://map.naver.com/v5/search/35.4608576999992,126.537209355555">📍 네이버 지도</a>]]></description>
        <styleUrl>#통합기준점_style</styleUrl>
        <Point>
          <coordinates>126.537209355555,35.4608576999992,0</coordinates>
        </Point>
      </Placemark>
      <Placemark>
        <name>◎ U고창08</name>
        <description><![CDATA[<b>통합기준점</b><br>명칭: U고창08<br>위도: 35.430933°N<br>경도: 126.618040°E<br><br><a href="https://map.naver.com/v5/search/35.4309326333325,126.618040011111">📍 네이버 지도</a>]]></description>
        <styleUrl>#통합기준점_style</styleUrl>
        <Point>
          <coordinates>126.618040011111,35.4309326333325,0</coordinates>
        </Point>
      </Placemark>
      <Placemark>
        <name>◎ U고창09</name>
        <description><![CDATA[<b>통합기준점</b><br>명칭: U고창09<br>위도: 35.440801°N<br>경도: 126.653215°E<br><br><a href="https://map.naver.com/v5/search/35.4408013777769,126.653214827778">📍 네이버 지도</a>]]></description>
        <styleUrl>#통합기준점_style</styleUrl>
        <Point>
          <coordinates>126.653214827778,35.4408013777769,0</coordinates>
        </Point>
      </Placemark>
      <Placemark>
        <name>◎ U고창10</name>
        <description><![CDATA[<b>통합기준점</b><br>명칭: U고창10<br>위도: 35.423230°N<br>경도: 126.691686°E<br><br><a href="https://map.naver.com/v5/search/35.423230238888,126.691685969444">📍 네이버 지도</a>]]></description>
        <styleUrl>#통합기준점_style</styleUrl>
        <Point>
          <coordinates>126.691685969444,35.423230238888,0</coordinates>
        </Point>
      </Placemark>
      <Placemark>
        <name>◎ U고창11</name>
        <description><![CDATA[<b>통합기준점</b><br>명칭: U고창11<br>위도: 35.398729°N<br>경도: 126.662841°E<br><br><a href="https://map.naver.com/v5/search/35.398728888888,126.662841213889">📍 네이버 지도</a>]]></description>
        <styleUrl>#통합기준점_style</styleUrl>
        <Point>
          <coordinates>126.662841213889,35.398728888888,0</coordinates>
        </Point>
      </Placemark>
      <Placemark>
        <name>◎ U고창12</name>
        <description><![CDATA[<b>통합기준점</b><br>명칭: U고창12<br>위도: 35.389675°N<br>경도: 126.612921°E<br><br><a href="https://map.naver.com/v5/search/35.389674513888,126.612921430555">📍 네이버 지도</a>]]></description>
        <styleUrl>#통합기준점_style</styleUrl>
        <Point>
          <coordinates>126.612921430555,35.389674513888,0</coordinates>
        </Point>
      </Placemark>
      <Placemark>
        <name>◎ U담양01</name>
        <description><![CDATA[<b>통합기준점</b><br>명칭: U담양01<br>위도: 35.495191°N<br>경도: 126.792806°E<br><br><a href="https://map.naver.com/v5/search/35.4951914583325,126.792806247222">📍 네이버 지도</a>]]></description>
        <styleUrl>#통합기준점_style</styleUrl>
        <Point>
          <coordinates>126.792806247222,35.4951914583325,0</coordinates>
        </Point>
      </Placemark>
      <Placemark>
        <name>◎ U담양02</name>
        <description><![CDATA[<b>통합기준점</b><br>명칭: U담양02<br>위도: 35.488043°N<br>경도: 126.925788°E<br><br><a href="https://map.naver.com/v5/search/35.4880434333325,126.925787827778">📍 네이버 지도</a>]]></description>
        <styleUrl>#통합기준점_style</styleUrl>
        <Point>
          <coordinates>126.925787827778,35.4880434333325,0</coordinates>
        </Point>
      </Placemark>
      <Placemark>
        <name>◎ U담양03</name>
        <description><![CDATA[<b>통합기준점</b><br>명칭: U담양03<br>위도: 35.496031°N<br>경도: 126.988796°E<br><br><a href="https://map.naver.com/v5/search/35.4960314027769,126.988796436111">📍 네이버 지도</a>]]></description>
        <styleUrl>#통합기준점_style</styleUrl>
        <Point>
          <coordinates>126.988796436111,35.4960314027769,0</coordinates>
        </Point>
      </Placemark>
      <Placemark>
        <name>◎ U담양04</name>
        <description><![CDATA[<b>통합기준점</b><br>명칭: U담양04<br>위도: 35.472742°N<br>경도: 126.968998°E<br><br><a href="https://map.naver.com/v5/search/35.472741563888,126.968998283333">📍 네이버 지도</a>]]></description>
        <styleUrl>#통합기준점_style</styleUrl>
        <Point>
          <coordinates>126.968998283333,35.472741563888,0</coordinates>
        </Point>
      </Placemark>
      <Placemark>
        <name>◎ U담양05</name>
        <description><![CDATA[<b>통합기준점</b><br>명칭: U담양05<br>위도: 35.455091°N<br>경도: 126.921944°E<br><br><a href="https://map.naver.com/v5/search/35.4550905611103,126.921944022222">📍 네이버 지도</a>]]></description>
        <styleUrl>#통합기준점_style</styleUrl>
        <Point>
          <coordinates>126.921944022222,35.4550905611103,0</coordinates>
        </Point>
      </Placemark>
      <Placemark>
        <name>◎ U담양06</name>
        <description><![CDATA[<b>통합기준점</b><br>명칭: U담양06<br>위도: 35.458597°N<br>경도: 126.841155°E<br><br><a href="https://map.naver.com/v5/search/35.458596913888,126.841154961111">📍 네이버 지도</a>]]></description>
        <styleUrl>#통합기준점_style</styleUrl>
        <Point>
          <coordinates>126.841154961111,35.458596913888,0</coordinates>
        </Point>
      </Placemark>
      <Placemark>
        <name>◎ U담양07</name>
        <description><![CDATA[<b>통합기준점</b><br>명칭: U담양07<br>위도: 35.430770°N<br>경도: 126.765900°E<br><br><a href="https://map.naver.com/v5/search/35.4307703083325,126.765899755556">📍 네이버 지도</a>]]></description>
        <styleUrl>#통합기준점_style</styleUrl>
        <Point>
          <coordinates>126.765899755556,35.4307703083325,0</coordinates>
        </Point>
      </Placemark>
      <Placemark>
        <name>◎ U담양08</name>
        <description><![CDATA[<b>통합기준점</b><br>명칭: U담양08<br>위도: 35.422260°N<br>경도: 126.796425°E<br><br><a href="https://map.naver.com/v5/search/35.4222597555547,126.796425294444">📍 네이버 지도</a>]]></description>
        <styleUrl>#통합기준점_style</styleUrl>
        <Point>
          <coordinates>126.796425294444,35.4222597555547,0</coordinates>
        </Point>
      </Placemark>
      <Placemark>
        <name>◎ U담양09</name>
        <description><![CDATA[<b>통합기준점</b><br>명칭: U담양09<br>위도: 35.420919°N<br>경도: 126.839697°E<br><br><a href="https://map.naver.com/v5/search/35.420918738888,126.839697241667">📍 네이버 지도</a>]]></description>
        <styleUrl>#통합기준점_style</styleUrl>
        <Point>
          <coordinates>126.839697241667,35.420918738888,0</coordinates>
        </Point>
      </Placemark>
      <Placemark>
        <name>◎ U담양10</name>
        <description><![CDATA[<b>통합기준점</b><br>명칭: U담양10<br>위도: 35.431673°N<br>경도: 126.880345°E<br><br><a href="https://map.naver.com/v5/search/35.4316734916658,126.880344613889">📍 네이버 지도</a>]]></description>
        <styleUrl>#통합기준점_style</styleUrl>
        <Point>
          <coordinates>126.880344613889,35.4316734916658,0</coordinates>
        </Point>
      </Placemark>
      <Placemark>
        <name>◎ U담양11</name>
        <description><![CDATA[<b>통합기준점</b><br>명칭: U담양11<br>위도: 35.443004°N<br>경도: 126.970127°E<br><br><a href="https://map.naver.com/v5/search/35.4430036083325,126.970127172222">📍 네이버 지도</a>]]></description>
        <styleUrl>#통합기준점_style</styleUrl>
        <Point>
          <coordinates>126.970127172222,35.4430036083325,0</coordinates>
        </Point>
      </Placemark>
      <Placemark>
        <name>◎ U담양13</name>
        <description><![CDATA[<b>통합기준점</b><br>명칭: U담양13<br>위도: 35.399601°N<br>경도: 126.958728°E<br><br><a href="https://map.naver.com/v5/search/35.3996005999991,126.958727633333">📍 네이버 지도</a>]]></description>
        <styleUrl>#통합기준점_style</styleUrl>
        <Point>
          <coordinates>126.958727633333,35.3996005999991,0</coordinates>
        </Point>
      </Placemark>
      <Placemark>
        <name>◎ U담양15</name>
        <description><![CDATA[<b>통합기준점</b><br>명칭: U담양15<br>위도: 35.404336°N<br>경도: 126.879612°E<br><br><a href="https://map.naver.com/v5/search/35.4043360444436,126.879612038889">📍 네이버 지도</a>]]></description>
        <styleUrl>#통합기준점_style</styleUrl>
        <Point>
          <coordinates>126.879612038889,35.4043360444436,0</coordinates>
        </Point>
      </Placemark>
      <Placemark>
        <name>◎ U담양17</name>
        <description><![CDATA[<b>통합기준점</b><br>명칭: U담양17<br>위도: 35.400738°N<br>경도: 126.757224°E<br><br><a href="https://map.naver.com/v5/search/35.4007383749991,126.757224291667">📍 네이버 지도</a>]]></description>
        <styleUrl>#통합기준점_style</styleUrl>
        <Point>
          <coordinates>126.757224291667,35.4007383749991,0</coordinates>
        </Point>
      </Placemark>
      <Placemark>
        <name>◎ U순창01</name>
        <description><![CDATA[<b>통합기준점</b><br>명칭: U순창01<br>위도: 35.497582°N<br>경도: 127.028533°E<br><br><a href="https://map.naver.com/v5/search/35.4975822722214,127.028532736111">📍 네이버 지도</a>]]></description>
        <styleUrl>#통합기준점_style</styleUrl>
        <Point>
          <coordinates>127.028532736111,35.4975822722214,0</coordinates>
        </Point>
      </Placemark>
      <Placemark>
        <name>◎ U순창02</name>
        <description><![CDATA[<b>통합기준점</b><br>명칭: U순창02<br>위도: 35.479168°N<br>경도: 127.154246°E<br><br><a href="https://map.naver.com/v5/search/35.479168263888,127.154245975">📍 네이버 지도</a>]]></description>
        <styleUrl>#통합기준점_style</styleUrl>
        <Point>
          <coordinates>127.154245975,35.479168263888,0</coordinates>
        </Point>
      </Placemark>
      <Placemark>
        <name>◎ U순창03</name>
        <description><![CDATA[<b>통합기준점</b><br>명칭: U순창03<br>위도: 35.495050°N<br>경도: 127.187582°E<br><br><a href="https://map.naver.com/v5/search/35.4950501027769,127.187582258333">📍 네이버 지도</a>]]></description>
        <styleUrl>#통합기준점_style</styleUrl>
        <Point>
          <coordinates>127.187582258333,35.4950501027769,0</coordinates>
        </Point>
      </Placemark>
      <Placemark>
        <name>◎ U순창04</name>
        <description><![CDATA[<b>통합기준점</b><br>명칭: U순창04<br>위도: 35.492767°N<br>경도: 127.224911°E<br><br><a href="https://map.naver.com/v5/search/35.4927669416658,127.224910652778">📍 네이버 지도</a>]]></description>
        <styleUrl>#통합기준점_style</styleUrl>
        <Point>
          <coordinates>127.224910652778,35.4927669416658,0</coordinates>
        </Point>
      </Placemark>
      <Placemark>
        <name>◎ U순창05</name>
        <description><![CDATA[<b>통합기준점</b><br>명칭: U순창05<br>위도: 35.453213°N<br>경도: 127.150496°E<br><br><a href="https://map.naver.com/v5/search/35.453212738888,127.150495580556">📍 네이버 지도</a>]]></description>
        <styleUrl>#통합기준점_style</styleUrl>
        <Point>
          <coordinates>127.150495580556,35.453212738888,0</coordinates>
        </Point>
      </Placemark>
      <Placemark>
        <name>◎ U순창06</name>
        <description><![CDATA[<b>통합기준점</b><br>명칭: U순창06<br>위도: 35.471774°N<br>경도: 127.013465°E<br><br><a href="https://map.naver.com/v5/search/35.4717744222214,127.013465402778">📍 네이버 지도</a>]]></description>
        <styleUrl>#통합기준점_style</styleUrl>
        <Point>
          <coordinates>127.013465402778,35.4717744222214,0</coordinates>
        </Point>
      </Placemark>
      <Placemark>
        <name>◎ U순창07</name>
        <description><![CDATA[<b>통합기준점</b><br>명칭: U순창07<br>위도: 35.418234°N<br>경도: 127.060563°E<br><br><a href="https://map.naver.com/v5/search/35.4182337361103,127.060563083333">📍 네이버 지도</a>]]></description>
        <styleUrl>#통합기준점_style</styleUrl>
        <Point>
          <coordinates>127.060563083333,35.4182337361103,0</coordinates>
        </Point>
      </Placemark>
      <Placemark>
        <name>◎ U순창08</name>
        <description><![CDATA[<b>통합기준점</b><br>명칭: U순창08<br>위도: 35.419524°N<br>경도: 127.142624°E<br><br><a href="https://map.naver.com/v5/search/35.419524013888,127.142624069444">📍 네이버 지도</a>]]></description>
        <styleUrl>#통합기준점_style</styleUrl>
        <Point>
          <coordinates>127.142624069444,35.419524013888,0</coordinates>
        </Point>
      </Placemark>
      <Placemark>
        <name>◎ U순창09</name>
        <description><![CDATA[<b>통합기준점</b><br>명칭: U순창09<br>위도: 35.430436°N<br>경도: 127.179615°E<br><br><a href="https://map.naver.com/v5/search/35.4304363194436,127.179614611111">📍 네이버 지도</a>]]></description>
        <styleUrl>#통합기준점_style</styleUrl>
        <Point>
          <coordinates>127.179614611111,35.4304363194436,0</coordinates>
        </Point>
      </Placemark>
      <Placemark>
        <name>◎ U순창10</name>
        <description><![CDATA[<b>통합기준점</b><br>명칭: U순창10<br>위도: 35.390314°N<br>경도: 127.233574°E<br><br><a href="https://map.naver.com/v5/search/35.390313838888,127.233573833333">📍 네이버 지도</a>]]></description>
        <styleUrl>#통합기준점_style</styleUrl>
        <Point>
          <coordinates>127.233573833333,35.390313838888,0</coordinates>
        </Point>
      </Placemark>
      <Placemark>
        <name>◎ U순창11</name>
        <description><![CDATA[<b>통합기준점</b><br>명칭: U순창11<br>위도: 35.401616°N<br>경도: 127.178911°E<br><br><a href="https://map.naver.com/v5/search/35.401615988888,127.178911011111">📍 네이버 지도</a>]]></description>
        <styleUrl>#통합기준점_style</styleUrl>
        <Point>
          <coordinates>127.178911011111,35.401615988888,0</coordinates>
        </Point>
      </Placemark>
      <Placemark>
        <name>◎ U순창12</name>
        <description><![CDATA[<b>통합기준점</b><br>명칭: U순창12<br>위도: 35.390026°N<br>경도: 127.100455°E<br><br><a href="https://map.naver.com/v5/search/35.3900257416658,127.100454647222">📍 네이버 지도</a>]]></description>
        <styleUrl>#통합기준점_style</styleUrl>
        <Point>
          <coordinates>127.100454647222,35.3900257416658,0</coordinates>
        </Point>
      </Placemark>
      <Placemark>
        <name>◎ U남원01</name>
        <description><![CDATA[<b>통합기준점</b><br>명칭: U남원01<br>위도: 35.470245°N<br>경도: 127.272363°E<br><br><a href="https://map.naver.com/v5/search/35.4702447611103,127.272363436111">📍 네이버 지도</a>]]></description>
        <styleUrl>#통합기준점_style</styleUrl>
        <Point>
          <coordinates>127.272363436111,35.4702447611103,0</coordinates>
        </Point>
      </Placemark>
      <Placemark>
        <name>◎ U위도01</name>
        <description><![CDATA[<b>통합기준점</b><br>명칭: U위도01<br>위도: 35.604925°N<br>경도: 126.483999°E<br><br><a href="https://map.naver.com/v5/search/35.6049251583325,126.483998836111">📍 네이버 지도</a>]]></description>
        <styleUrl>#통합기준점_style</styleUrl>
        <Point>
          <coordinates>126.483998836111,35.6049251583325,0</coordinates>
        </Point>
      </Placemark>
      <Placemark>
        <name>◎ U부안01</name>
        <description><![CDATA[<b>통합기준점</b><br>명칭: U부안01<br>위도: 35.728709°N<br>경도: 126.530032°E<br><br><a href="https://map.naver.com/v5/search/35.7287087222215,126.530032416667">📍 네이버 지도</a>]]></description>
        <styleUrl>#통합기준점_style</styleUrl>
        <Point>
          <coordinates>126.530032416667,35.7287087222215,0</coordinates>
        </Point>
      </Placemark>
      <Placemark>
        <name>◎ U부안02</name>
        <description><![CDATA[<b>통합기준점</b><br>명칭: U부안02<br>위도: 35.678639°N<br>경도: 126.568897°E<br><br><a href="https://map.naver.com/v5/search/35.6786394722214,126.568896761111">📍 네이버 지도</a>]]></description>
        <styleUrl>#통합기준점_style</styleUrl>
        <Point>
          <coordinates>126.568896761111,35.6786394722214,0</coordinates>
        </Point>
      </Placemark>
      <Placemark>
        <name>◎ U부안03</name>
        <description><![CDATA[<b>통합기준점</b><br>명칭: U부안03<br>위도: 35.713103°N<br>경도: 126.596964°E<br><br><a href="https://map.naver.com/v5/search/35.7131027583326,126.596963583333">📍 네이버 지도</a>]]></description>
        <styleUrl>#통합기준점_style</styleUrl>
        <Point>
          <coordinates>126.596963583333,35.7131027583326,0</coordinates>
        </Point>
      </Placemark>
      <Placemark>
        <name>◎ U부안04</name>
        <description><![CDATA[<b>통합기준점</b><br>명칭: U부안04<br>위도: 35.695114°N<br>경도: 126.642962°E<br><br><a href="https://map.naver.com/v5/search/35.6951140055548,126.642961586111">📍 네이버 지도</a>]]></description>
        <styleUrl>#통합기준점_style</styleUrl>
        <Point>
          <coordinates>126.642961586111,35.6951140055548,0</coordinates>
        </Point>
      </Placemark>
      <Placemark>
        <name>◎ U부안05</name>
        <description><![CDATA[<b>통합기준점</b><br>명칭: U부안05<br>위도: 35.734562°N<br>경도: 126.700904°E<br><br><a href="https://map.naver.com/v5/search/35.7345623694437,126.700904136111">📍 네이버 지도</a>]]></description>
        <styleUrl>#통합기준점_style</styleUrl>
        <Point>
          <coordinates>126.700904136111,35.7345623694437,0</coordinates>
        </Point>
      </Placemark>
      <Placemark>
        <name>◎ U부안06</name>
        <description><![CDATA[<b>통합기준점</b><br>명칭: U부안06<br>위도: 35.702870°N<br>경도: 126.680260°E<br><br><a href="https://map.naver.com/v5/search/35.7028699861103,126.680260411111">📍 네이버 지도</a>]]></description>
        <styleUrl>#통합기준점_style</styleUrl>
        <Point>
          <coordinates>126.680260411111,35.7028699861103,0</coordinates>
        </Point>
      </Placemark>
      <Placemark>
        <name>◎ U부안07</name>
        <description><![CDATA[<b>통합기준점</b><br>명칭: U부안07<br>위도: 35.669864°N<br>경도: 126.679281°E<br><br><a href="https://map.naver.com/v5/search/35.6698635583325,126.679280822222">📍 네이버 지도</a>]]></description>
        <styleUrl>#통합기준점_style</styleUrl>
        <Point>
          <coordinates>126.679280822222,35.6698635583325,0</coordinates>
        </Point>
      </Placemark>
      <Placemark>
        <name>◎ U부안08</name>
        <description><![CDATA[<b>통합기준점</b><br>명칭: U부안08<br>위도: 35.716666°N<br>경도: 126.746877°E<br><br><a href="https://map.naver.com/v5/search/35.7166659861103,126.746876747222">📍 네이버 지도</a>]]></description>
        <styleUrl>#통합기준점_style</styleUrl>
        <Point>
          <coordinates>126.746876747222,35.7166659861103,0</coordinates>
        </Point>
      </Placemark>
      <Placemark>
        <name>◎ U부안09</name>
        <description><![CDATA[<b>통합기준점</b><br>명칭: U부안09<br>위도: 35.679770°N<br>경도: 126.718295°E<br><br><a href="https://map.naver.com/v5/search/35.679770177777,126.718295108333">📍 네이버 지도</a>]]></description>
        <styleUrl>#통합기준점_style</styleUrl>
        <Point>
          <coordinates>126.718295108333,35.679770177777,0</coordinates>
        </Point>
      </Placemark>
      <Placemark>
        <name>◎ U부안10</name>
        <description><![CDATA[<b>통합기준점</b><br>명칭: U부안10<br>위도: 35.644170°N<br>경도: 126.724491°E<br><br><a href="https://map.naver.com/v5/search/35.6441704972214,126.724491288889">📍 네이버 지도</a>]]></description>
        <styleUrl>#통합기준점_style</styleUrl>
        <Point>
          <coordinates>126.724491288889,35.6441704972214,0</coordinates>
        </Point>
      </Placemark>
      <Placemark>
        <name>◎ U부안11</name>
        <description><![CDATA[<b>통합기준점</b><br>명칭: U부안11<br>위도: 35.616093°N<br>경도: 126.735626°E<br><br><a href="https://map.naver.com/v5/search/35.6160930416659,126.735626194444">📍 네이버 지도</a>]]></description>
        <styleUrl>#통합기준점_style</styleUrl>
        <Point>
          <coordinates>126.735626194444,35.6160930416659,0</coordinates>
        </Point>
      </Placemark>
      <Placemark>
        <name>◎ U부안12</name>
        <description><![CDATA[<b>통합기준점</b><br>명칭: U부안12<br>위도: 35.592553°N<br>경도: 126.742945°E<br><br><a href="https://map.naver.com/v5/search/35.5925533194436,126.742945144444">📍 네이버 지도</a>]]></description>
        <styleUrl>#통합기준점_style</styleUrl>
        <Point>
          <coordinates>126.742945144444,35.5925533194436,0</coordinates>
        </Point>
      </Placemark>
      <Placemark>
        <name>◎ U부안13</name>
        <description><![CDATA[<b>통합기준점</b><br>명칭: U부안13<br>위도: 35.582639°N<br>경도: 126.705050°E<br><br><a href="https://map.naver.com/v5/search/35.5826385611103,126.705049905556">📍 네이버 지도</a>]]></description>
        <styleUrl>#통합기준점_style</styleUrl>
        <Point>
          <coordinates>126.705049905556,35.5826385611103,0</coordinates>
        </Point>
      </Placemark>
      <Placemark>
        <name>◎ U부안14</name>
        <description><![CDATA[<b>통합기준점</b><br>명칭: U부안14<br>위도: 35.640582°N<br>경도: 126.669182°E<br><br><a href="https://map.naver.com/v5/search/35.6405820944436,126.669182077778">📍 네이버 지도</a>]]></description>
        <styleUrl>#통합기준점_style</styleUrl>
        <Point>
          <coordinates>126.669182077778,35.6405820944436,0</coordinates>
        </Point>
      </Placemark>
      <Placemark>
        <name>◎ U부안15</name>
        <description><![CDATA[<b>통합기준점</b><br>명칭: U부안15<br>위도: 35.618156°N<br>경도: 126.638548°E<br><br><a href="https://map.naver.com/v5/search/35.6181559083325,126.638548161111">📍 네이버 지도</a>]]></description>
        <styleUrl>#통합기준점_style</styleUrl>
        <Point>
          <coordinates>126.638548161111,35.6181559083325,0</coordinates>
        </Point>
      </Placemark>
      <Placemark>
        <name>◎ U부안16</name>
        <description><![CDATA[<b>통합기준점</b><br>명칭: U부안16<br>위도: 35.657115°N<br>경도: 126.615205°E<br><br><a href="https://map.naver.com/v5/search/35.6571147194437,126.615205063889">📍 네이버 지도</a>]]></description>
        <styleUrl>#통합기준점_style</styleUrl>
        <Point>
          <coordinates>126.615205063889,35.6571147194437,0</coordinates>
        </Point>
      </Placemark>
      <Placemark>
        <name>◎ U부안17</name>
        <description><![CDATA[<b>통합기준점</b><br>명칭: U부안17<br>위도: 35.653809°N<br>경도: 126.506412°E<br><br><a href="https://map.naver.com/v5/search/35.6538086249992,126.506411858333">📍 네이버 지도</a>]]></description>
        <styleUrl>#통합기준점_style</styleUrl>
        <Point>
          <coordinates>126.506411858333,35.6538086249992,0</coordinates>
        </Point>
      </Placemark>
      <Placemark>
        <name>◎ U부안18</name>
        <description><![CDATA[<b>통합기준점</b><br>명칭: U부안18<br>위도: 35.622010°N<br>경도: 126.517186°E<br><br><a href="https://map.naver.com/v5/search/35.6220103583325,126.517186436111">📍 네이버 지도</a>]]></description>
        <styleUrl>#통합기준점_style</styleUrl>
        <Point>
          <coordinates>126.517186436111,35.6220103583325,0</coordinates>
        </Point>
      </Placemark>
      <Placemark>
        <name>◎ U부안19</name>
        <description><![CDATA[<b>통합기준점</b><br>명칭: U부안19<br>위도: 35.587514°N<br>경도: 126.547666°E<br><br><a href="https://map.naver.com/v5/search/35.5875144722214,126.547665958333">📍 네이버 지도</a>]]></description>
        <styleUrl>#통합기준점_style</styleUrl>
        <Point>
          <coordinates>126.547665958333,35.5875144722214,0</coordinates>
        </Point>
      </Placemark>
      <Placemark>
        <name>◎ U부안20</name>
        <description><![CDATA[<b>통합기준점</b><br>명칭: U부안20<br>위도: 35.583480°N<br>경도: 126.527012°E<br><br><a href="https://map.naver.com/v5/search/35.5834795916658,126.527012216667">📍 네이버 지도</a>]]></description>
        <styleUrl>#통합기준점_style</styleUrl>
        <Point>
          <coordinates>126.527012216667,35.5834795916658,0</coordinates>
        </Point>
      </Placemark>
      <Placemark>
        <name>◎ U부안21</name>
        <description><![CDATA[<b>통합기준점</b><br>명칭: U부안21<br>위도: 35.522587°N<br>경도: 126.546542°E<br><br><a href="https://map.naver.com/v5/search/35.5225865555547,126.546541827778">📍 네이버 지도</a>]]></description>
        <styleUrl>#통합기준점_style</styleUrl>
        <Point>
          <coordinates>126.546541827778,35.5225865555547,0</coordinates>
        </Point>
      </Placemark>
      <Placemark>
        <name>◎ U부안22</name>
        <description><![CDATA[<b>통합기준점</b><br>명칭: U부안22<br>위도: 35.504329°N<br>경도: 126.589043°E<br><br><a href="https://map.naver.com/v5/search/35.5043294833325,126.589043102778">📍 네이버 지도</a>]]></description>
        <styleUrl>#통합기준점_style</styleUrl>
        <Point>
          <coordinates>126.589043102778,35.5043294833325,0</coordinates>
        </Point>
      </Placemark>
      <Placemark>
        <name>◎ U부안23</name>
        <description><![CDATA[<b>통합기준점</b><br>명칭: U부안23<br>위도: 35.571383°N<br>경도: 126.633618°E<br><br><a href="https://map.naver.com/v5/search/35.571382902777,126.633617616667">📍 네이버 지도</a>]]></description>
        <styleUrl>#통합기준점_style</styleUrl>
        <Point>
          <coordinates>126.633617616667,35.571382902777,0</coordinates>
        </Point>
      </Placemark>
      <Placemark>
        <name>◎ U부안24</name>
        <description><![CDATA[<b>통합기준점</b><br>명칭: U부안24<br>위도: 35.540594°N<br>경도: 126.664742°E<br><br><a href="https://map.naver.com/v5/search/35.5405936194436,126.664742044444">📍 네이버 지도</a>]]></description>
        <styleUrl>#통합기준점_style</styleUrl>
        <Point>
          <coordinates>126.664742044444,35.5405936194436,0</coordinates>
        </Point>
      </Placemark>
      <Placemark>
        <name>◎ U부안25</name>
        <description><![CDATA[<b>통합기준점</b><br>명칭: U부안25<br>위도: 35.579544°N<br>경도: 126.667931°E<br><br><a href="https://map.naver.com/v5/search/35.5795439305548,126.667931347222">📍 네이버 지도</a>]]></description>
        <styleUrl>#통합기준점_style</styleUrl>
        <Point>
          <coordinates>126.667931347222,35.5795439305548,0</coordinates>
        </Point>
      </Placemark>
      <Placemark>
        <name>◎ U부안26</name>
        <description><![CDATA[<b>통합기준점</b><br>명칭: U부안26<br>위도: 35.514040°N<br>경도: 126.669932°E<br><br><a href="https://map.naver.com/v5/search/35.5140397083325,126.669932336111">📍 네이버 지도</a>]]></description>
        <styleUrl>#통합기준점_style</styleUrl>
        <Point>
          <coordinates>126.669932336111,35.5140397083325,0</coordinates>
        </Point>
      </Placemark>
      <Placemark>
        <name>◎ U부안27</name>
        <description><![CDATA[<b>통합기준점</b><br>명칭: U부안27<br>위도: 35.567766°N<br>경도: 126.739054°E<br><br><a href="https://map.naver.com/v5/search/35.5677658416659,126.739053877778">📍 네이버 지도</a>]]></description>
        <styleUrl>#통합기준점_style</styleUrl>
        <Point>
          <coordinates>126.739053877778,35.5677658416659,0</coordinates>
        </Point>
      </Placemark>
      <Placemark>
        <name>◎ U부안28</name>
        <description><![CDATA[<b>통합기준점</b><br>명칭: U부안28<br>위도: 35.535009°N<br>경도: 126.731457°E<br><br><a href="https://map.naver.com/v5/search/35.5350094749992,126.731456533333">📍 네이버 지도</a>]]></description>
        <styleUrl>#통합기준점_style</styleUrl>
        <Point>
          <coordinates>126.731456533333,35.5350094749992,0</coordinates>
        </Point>
      </Placemark>
      <Placemark>
        <name>◎ U정읍01</name>
        <description><![CDATA[<b>통합기준점</b><br>명칭: U정읍01<br>위도: 35.744886°N<br>경도: 126.763472°E<br><br><a href="https://map.naver.com/v5/search/35.744885527777,126.763472216667">📍 네이버 지도</a>]]></description>
        <styleUrl>#통합기준점_style</styleUrl>
        <Point>
          <coordinates>126.763472216667,35.744885527777,0</coordinates>
        </Point>
      </Placemark>
      <Placemark>
        <name>◎ U정읍02</name>
        <description><![CDATA[<b>통합기준점</b><br>명칭: U정읍02<br>위도: 35.683671°N<br>경도: 126.766803°E<br><br><a href="https://map.naver.com/v5/search/35.6836714416659,126.7668028">📍 네이버 지도</a>]]></description>
        <styleUrl>#통합기준점_style</styleUrl>
        <Point>
          <coordinates>126.7668028,35.6836714416659,0</coordinates>
        </Point>
      </Placemark>
      <Placemark>
        <name>◎ U정읍03</name>
        <description><![CDATA[<b>통합기준점</b><br>명칭: U정읍03<br>위도: 35.685770°N<br>경도: 126.814917°E<br><br><a href="https://map.naver.com/v5/search/35.6857695305548,126.81491735">📍 네이버 지도</a>]]></description>
        <styleUrl>#통합기준점_style</styleUrl>
        <Point>
          <coordinates>126.81491735,35.6857695305548,0</coordinates>
        </Point>
      </Placemark>
      <Placemark>
        <name>◎ U정읍04</name>
        <description><![CDATA[<b>통합기준점</b><br>명칭: U정읍04<br>위도: 35.743338°N<br>경도: 126.847624°E<br><br><a href="https://map.naver.com/v5/search/35.7433383222214,126.847623861111">📍 네이버 지도</a>]]></description>
        <styleUrl>#통합기준점_style</styleUrl>
        <Point>
          <coordinates>126.847623861111,35.7433383222214,0</coordinates>
        </Point>
      </Placemark>
      <Placemark>
        <name>◎ U정읍05</name>
        <description><![CDATA[<b>통합기준점</b><br>명칭: U정읍05<br>위도: 35.671621°N<br>경도: 126.849913°E<br><br><a href="https://map.naver.com/v5/search/35.6716208333326,126.849912563889">📍 네이버 지도</a>]]></description>
        <styleUrl>#통합기준점_style</styleUrl>
        <Point>
          <coordinates>126.849912563889,35.6716208333326,0</coordinates>
        </Point>
      </Placemark>
      <Placemark>
        <name>◎ U정읍06</name>
        <description><![CDATA[<b>통합기준점</b><br>명칭: U정읍06<br>위도: 35.696432°N<br>경도: 126.873016°E<br><br><a href="https://map.naver.com/v5/search/35.6964322805548,126.873015558333">📍 네이버 지도</a>]]></description>
        <styleUrl>#통합기준점_style</styleUrl>
        <Point>
          <coordinates>126.873015558333,35.6964322805548,0</coordinates>
        </Point>
      </Placemark>
      <Placemark>
        <name>◎ U정읍07</name>
        <description><![CDATA[<b>통합기준점</b><br>명칭: U정읍07<br>위도: 35.730154°N<br>경도: 126.904929°E<br><br><a href="https://map.naver.com/v5/search/35.7301538999992,126.904928652778">📍 네이버 지도</a>]]></description>
        <styleUrl>#통합기준점_style</styleUrl>
        <Point>
          <coordinates>126.904928652778,35.7301538999992,0</coordinates>
        </Point>
      </Placemark>
      <Placemark>
        <name>◎ U정읍08</name>
        <description><![CDATA[<b>통합기준점</b><br>명칭: U정읍08<br>위도: 35.700838°N<br>경도: 126.902279°E<br><br><a href="https://map.naver.com/v5/search/35.700837752777,126.902278716667">📍 네이버 지도</a>]]></description>
        <styleUrl>#통합기준점_style</styleUrl>
        <Point>
          <coordinates>126.902278716667,35.700837752777,0</coordinates>
        </Point>
      </Placemark>
      <Placemark>
        <name>◎ U정읍09</name>
        <description><![CDATA[<b>통합기준점</b><br>명칭: U정읍09<br>위도: 35.678271°N<br>경도: 126.890318°E<br><br><a href="https://map.naver.com/v5/search/35.6782708638881,126.890318302778">📍 네이버 지도</a>]]></description>
        <styleUrl>#통합기준점_style</styleUrl>
        <Point>
          <coordinates>126.890318302778,35.6782708638881,0</coordinates>
        </Point>
      </Placemark>
      <Placemark>
        <name>◎ U정읍10</name>
        <description><![CDATA[<b>통합기준점</b><br>명칭: U정읍10<br>위도: 35.673817°N<br>경도: 126.934512°E<br><br><a href="https://map.naver.com/v5/search/35.6738168861103,126.934512197222">📍 네이버 지도</a>]]></description>
        <styleUrl>#통합기준점_style</styleUrl>
        <Point>
          <coordinates>126.934512197222,35.6738168861103,0</coordinates>
        </Point>
      </Placemark>
      <Placemark>
        <name>◎ U정읍11</name>
        <description><![CDATA[<b>통합기준점</b><br>명칭: U정읍11<br>위도: 35.741274°N<br>경도: 126.961363°E<br><br><a href="https://map.naver.com/v5/search/35.741274352777,126.961363041667">📍 네이버 지도</a>]]></description>
        <styleUrl>#통합기준점_style</styleUrl>
        <Point>
          <coordinates>126.961363041667,35.741274352777,0</coordinates>
        </Point>
      </Placemark>
      <Placemark>
        <name>◎ U정읍12</name>
        <description><![CDATA[<b>통합기준점</b><br>명칭: U정읍12<br>위도: 35.713796°N<br>경도: 126.984101°E<br><br><a href="https://map.naver.com/v5/search/35.7137964916659,126.984101186111">📍 네이버 지도</a>]]></description>
        <styleUrl>#통합기준점_style</styleUrl>
        <Point>
          <coordinates>126.984101186111,35.7137964916659,0</coordinates>
        </Point>
      </Placemark>
      <Placemark>
        <name>◎ U정읍13</name>
        <description><![CDATA[<b>통합기준점</b><br>명칭: U정읍13<br>위도: 35.683290°N<br>경도: 126.978764°E<br><br><a href="https://map.naver.com/v5/search/35.6832901388881,126.978763961111">📍 네이버 지도</a>]]></description>
        <styleUrl>#통합기준점_style</styleUrl>
        <Point>
          <coordinates>126.978763961111,35.6832901388881,0</coordinates>
        </Point>
      </Placemark>
      <Placemark>
        <name>◎ U정읍14</name>
        <description><![CDATA[<b>통합기준점</b><br>명칭: U정읍14<br>위도: 35.643113°N<br>경도: 126.973853°E<br><br><a href="https://map.naver.com/v5/search/35.6431132388881,126.973852830556">📍 네이버 지도</a>]]></description>
        <styleUrl>#통합기준점_style</styleUrl>
        <Point>
          <coordinates>126.973852830556,35.6431132388881,0</coordinates>
        </Point>
      </Placemark>
      <Placemark>
        <name>◎ U정읍15</name>
        <description><![CDATA[<b>통합기준점</b><br>명칭: U정읍15<br>위도: 35.603195°N<br>경도: 126.988567°E<br><br><a href="https://map.naver.com/v5/search/35.6031951194436,126.988567372222">📍 네이버 지도</a>]]></description>
        <styleUrl>#통합기준점_style</styleUrl>
        <Point>
          <coordinates>126.988567372222,35.6031951194436,0</coordinates>
        </Point>
      </Placemark>
      <Placemark>
        <name>◎ U정읍16</name>
        <description><![CDATA[<b>통합기준점</b><br>명칭: U정읍16<br>위도: 35.591137°N<br>경도: 126.935912°E<br><br><a href="https://map.naver.com/v5/search/35.5911371999992,126.935911841667">📍 네이버 지도</a>]]></description>
        <styleUrl>#통합기준점_style</styleUrl>
        <Point>
          <coordinates>126.935911841667,35.5911371999992,0</coordinates>
        </Point>
      </Placemark>
      <Placemark>
        <name>◎ U정읍17</name>
        <description><![CDATA[<b>통합기준점</b><br>명칭: U정읍17<br>위도: 35.613907°N<br>경도: 126.912582°E<br><br><a href="https://map.naver.com/v5/search/35.6139070833325,126.912581938889">📍 네이버 지도</a>]]></description>
        <styleUrl>#통합기준점_style</styleUrl>
        <Point>
          <coordinates>126.912581938889,35.6139070833325,0</coordinates>
        </Point>
      </Placemark>
      <Placemark>
        <name>◎ U정읍18</name>
        <description><![CDATA[<b>통합기준점</b><br>명칭: U정읍18<br>위도: 35.656031°N<br>경도: 126.883681°E<br><br><a href="https://map.naver.com/v5/search/35.6560313833325,126.883681072222">📍 네이버 지도</a>]]></description>
        <styleUrl>#통합기준점_style</styleUrl>
        <Point>
          <coordinates>126.883681072222,35.6560313833325,0</coordinates>
        </Point>
      </Placemark>
      <Placemark>
        <name>◎ U정읍19</name>
        <description><![CDATA[<b>통합기준점</b><br>명칭: U정읍19<br>위도: 35.612164°N<br>경도: 126.856244°E<br><br><a href="https://map.naver.com/v5/search/35.6121639361103,126.856243563889">📍 네이버 지도</a>]]></description>
        <styleUrl>#통합기준점_style</styleUrl>
        <Point>
          <coordinates>126.856243563889,35.6121639361103,0</coordinates>
        </Point>
      </Placemark>
      <Placemark>
        <name>◎ U정읍20</name>
        <description><![CDATA[<b>통합기준점</b><br>명칭: U정읍20<br>위도: 35.659264°N<br>경도: 126.813159°E<br><br><a href="https://map.naver.com/v5/search/35.6592642555548,126.813159327778">📍 네이버 지도</a>]]></description>
        <styleUrl>#통합기준점_style</styleUrl>
        <Point>
          <coordinates>126.813159327778,35.6592642555548,0</coordinates>
        </Point>
      </Placemark>
      <Placemark>
        <name>◎ U정읍21</name>
        <description><![CDATA[<b>통합기준점</b><br>명칭: U정읍21<br>위도: 35.604301°N<br>경도: 126.813958°E<br><br><a href="https://map.naver.com/v5/search/35.6043009666659,126.81395825">📍 네이버 지도</a>]]></description>
        <styleUrl>#통합기준점_style</styleUrl>
        <Point>
          <coordinates>126.81395825,35.6043009666659,0</coordinates>
        </Point>
      </Placemark>
      <Placemark>
        <name>◎ U정읍22</name>
        <description><![CDATA[<b>통합기준점</b><br>명칭: U정읍22<br>위도: 35.651127°N<br>경도: 126.777681°E<br><br><a href="https://map.naver.com/v5/search/35.6511268472214,126.777680919444">📍 네이버 지도</a>]]></description>
        <styleUrl>#통합기준점_style</styleUrl>
        <Point>
          <coordinates>126.777680919444,35.6511268472214,0</coordinates>
        </Point>
      </Placemark>
      <Placemark>
        <name>◎ U정읍23</name>
        <description><![CDATA[<b>통합기준점</b><br>명칭: U정읍23<br>위도: 35.594766°N<br>경도: 126.781931°E<br><br><a href="https://map.naver.com/v5/search/35.5947660194436,126.781931138889">📍 네이버 지도</a>]]></description>
        <styleUrl>#통합기준점_style</styleUrl>
        <Point>
          <coordinates>126.781931138889,35.5947660194436,0</coordinates>
        </Point>
      </Placemark>
      <Placemark>
        <name>◎ U정읍24</name>
        <description><![CDATA[<b>통합기준점</b><br>명칭: U정읍24<br>위도: 35.558030°N<br>경도: 126.783755°E<br><br><a href="https://map.naver.com/v5/search/35.5580298333325,126.783755375">📍 네이버 지도</a>]]></description>
        <styleUrl>#통합기준점_style</styleUrl>
        <Point>
          <coordinates>126.783755375,35.5580298333325,0</coordinates>
        </Point>
      </Placemark>
      <Placemark>
        <name>◎ U정읍25</name>
        <description><![CDATA[<b>통합기준점</b><br>명칭: U정읍25<br>위도: 35.573295°N<br>경도: 126.808363°E<br><br><a href="https://map.naver.com/v5/search/35.5732952444436,126.808362563889">📍 네이버 지도</a>]]></description>
        <styleUrl>#통합기준점_style</styleUrl>
        <Point>
          <coordinates>126.808362563889,35.5732952444436,0</coordinates>
        </Point>
      </Placemark>
      <Placemark>
        <name>◎ U정읍26</name>
        <description><![CDATA[<b>통합기준점</b><br>명칭: U정읍26<br>위도: 35.563334°N<br>경도: 126.837424°E<br><br><a href="https://map.naver.com/v5/search/35.5633342305547,126.837424313889">📍 네이버 지도</a>]]></description>
        <styleUrl>#통합기준점_style</styleUrl>
        <Point>
          <coordinates>126.837424313889,35.5633342305547,0</coordinates>
        </Point>
      </Placemark>
      <Placemark>
        <name>◎ U정읍27</name>
        <description><![CDATA[<b>통합기준점</b><br>명칭: U정읍27<br>위도: 35.577330°N<br>경도: 126.871889°E<br><br><a href="https://map.naver.com/v5/search/35.5773302333325,126.871889086111">📍 네이버 지도</a>]]></description>
        <styleUrl>#통합기준점_style</styleUrl>
        <Point>
          <coordinates>126.871889086111,35.5773302333325,0</coordinates>
        </Point>
      </Placemark>
      <Placemark>
        <name>◎ U정읍28</name>
        <description><![CDATA[<b>통합기준점</b><br>명칭: U정읍28<br>위도: 35.551434°N<br>경도: 126.877631°E<br><br><a href="https://map.naver.com/v5/search/35.5514338444436,126.877631022222">📍 네이버 지도</a>]]></description>
        <styleUrl>#통합기준점_style</styleUrl>
        <Point>
          <coordinates>126.877631022222,35.5514338444436,0</coordinates>
        </Point>
      </Placemark>
      <Placemark>
        <name>◎ U정읍29</name>
        <description><![CDATA[<b>통합기준점</b><br>명칭: U정읍29<br>위도: 35.508261°N<br>경도: 126.855022°E<br><br><a href="https://map.naver.com/v5/search/35.5082614749992,126.855021708333">📍 네이버 지도</a>]]></description>
        <styleUrl>#통합기준점_style</styleUrl>
        <Point>
          <coordinates>126.855021708333,35.5082614749992,0</coordinates>
        </Point>
      </Placemark>
      <Placemark>
        <name>◎ U정읍30</name>
        <description><![CDATA[<b>통합기준점</b><br>명칭: U정읍30<br>위도: 35.525620°N<br>경도: 126.942745°E<br><br><a href="https://map.naver.com/v5/search/35.5256201249992,126.942744880556">📍 네이버 지도</a>]]></description>
        <styleUrl>#통합기준점_style</styleUrl>
        <Point>
          <coordinates>126.942744880556,35.5256201249992,0</coordinates>
        </Point>
      </Placemark>
      <Placemark>
        <name>◎ U정읍31</name>
        <description><![CDATA[<b>통합기준점</b><br>명칭: U정읍31<br>위도: 35.581335°N<br>경도: 126.978929°E<br><br><a href="https://map.naver.com/v5/search/35.581334602777,126.978929011111">📍 네이버 지도</a>]]></description>
        <styleUrl>#통합기준점_style</styleUrl>
        <Point>
          <coordinates>126.978929011111,35.581334602777,0</coordinates>
        </Point>
      </Placemark>
      <Placemark>
        <name>◎ U정읍32</name>
        <description><![CDATA[<b>통합기준점</b><br>명칭: U정읍32<br>위도: 35.522639°N<br>경도: 126.974976°E<br><br><a href="https://map.naver.com/v5/search/35.5226385666658,126.974975586111">📍 네이버 지도</a>]]></description>
        <styleUrl>#통합기준점_style</styleUrl>
        <Point>
          <coordinates>126.974975586111,35.5226385666658,0</coordinates>
        </Point>
      </Placemark>
      <Placemark>
        <name>◎ U갈담01</name>
        <description><![CDATA[<b>통합기준점</b><br>명칭: U갈담01<br>위도: 35.697804°N<br>경도: 127.017306°E<br><br><a href="https://map.naver.com/v5/search/35.6978036361103,127.017306255556">📍 네이버 지도</a>]]></description>
        <styleUrl>#통합기준점_style</styleUrl>
        <Point>
          <coordinates>127.017306255556,35.6978036361103,0</coordinates>
        </Point>
      </Placemark>
      <Placemark>
        <name>◎ U갈담02</name>
        <description><![CDATA[<b>통합기준점</b><br>명칭: U갈담02<br>위도: 35.742208°N<br>경도: 127.047331°E<br><br><a href="https://map.naver.com/v5/search/35.7422080861104,127.047330638889">📍 네이버 지도</a>]]></description>
        <styleUrl>#통합기준점_style</styleUrl>
        <Point>
          <coordinates>127.047330638889,35.7422080861104,0</coordinates>
        </Point>
      </Placemark>
      <Placemark>
        <name>◎ U갈담03</name>
        <description><![CDATA[<b>통합기준점</b><br>명칭: U갈담03<br>위도: 35.687350°N<br>경도: 127.047093°E<br><br><a href="https://map.naver.com/v5/search/35.6873504472214,127.047092619444">📍 네이버 지도</a>]]></description>
        <styleUrl>#통합기준점_style</styleUrl>
        <Point>
          <coordinates>127.047092619444,35.6873504472214,0</coordinates>
        </Point>
      </Placemark>
      <Placemark>
        <name>◎ U갈담04</name>
        <description><![CDATA[<b>통합기준점</b><br>명칭: U갈담04<br>위도: 35.683037°N<br>경도: 127.100453°E<br><br><a href="https://map.naver.com/v5/search/35.6830373194437,127.100452863889">📍 네이버 지도</a>]]></description>
        <styleUrl>#통합기준점_style</styleUrl>
        <Point>
          <coordinates>127.100452863889,35.6830373194437,0</coordinates>
        </Point>
      </Placemark>
      <Placemark>
        <name>◎ U갈담05</name>
        <description><![CDATA[<b>통합기준점</b><br>명칭: U갈담05<br>위도: 35.706975°N<br>경도: 127.119617°E<br><br><a href="https://map.naver.com/v5/search/35.7069752194437,127.119616872222">📍 네이버 지도</a>]]></description>
        <styleUrl>#통합기준점_style</styleUrl>
        <Point>
          <coordinates>127.119616872222,35.7069752194437,0</coordinates>
        </Point>
      </Placemark>
      <Placemark>
        <name>◎ U갈담06</name>
        <description><![CDATA[<b>통합기준점</b><br>명칭: U갈담06<br>위도: 35.679262°N<br>경도: 127.135776°E<br><br><a href="https://map.naver.com/v5/search/35.6792616499992,127.135776230556">📍 네이버 지도</a>]]></description>
        <styleUrl>#통합기준점_style</styleUrl>
        <Point>
          <coordinates>127.135776230556,35.6792616499992,0</coordinates>
        </Point>
      </Placemark>
      <Placemark>
        <name>◎ U갈담07</name>
        <description><![CDATA[<b>통합기준점</b><br>명칭: U갈담07<br>위도: 35.727973°N<br>경도: 127.149055°E<br><br><a href="https://map.naver.com/v5/search/35.7279726333326,127.149055033333">📍 네이버 지도</a>]]></description>
        <styleUrl>#통합기준점_style</styleUrl>
        <Point>
          <coordinates>127.149055033333,35.7279726333326,0</coordinates>
        </Point>
      </Placemark>
      <Placemark>
        <name>◎ U갈담08</name>
        <description><![CDATA[<b>통합기준점</b><br>명칭: U갈담08<br>위도: 35.667326°N<br>경도: 127.149787°E<br><br><a href="https://map.naver.com/v5/search/35.667325527777,127.149786558333">📍 네이버 지도</a>]]></description>
        <styleUrl>#통합기준점_style</styleUrl>
        <Point>
          <coordinates>127.149786558333,35.667325527777,0</coordinates>
        </Point>
      </Placemark>
      <Placemark>
        <name>◎ U갈담09</name>
        <description><![CDATA[<b>통합기준점</b><br>명칭: U갈담09<br>위도: 35.742423°N<br>경도: 127.156558°E<br><br><a href="https://map.naver.com/v5/search/35.7424233166659,127.156558297222">📍 네이버 지도</a>]]></description>
        <styleUrl>#통합기준점_style</styleUrl>
        <Point>
          <coordinates>127.156558297222,35.7424233166659,0</coordinates>
        </Point>
      </Placemark>
      <Placemark>
        <name>◎ U갈담10</name>
        <description><![CDATA[<b>통합기준점</b><br>명칭: U갈담10<br>위도: 35.701036°N<br>경도: 127.159942°E<br><br><a href="https://map.naver.com/v5/search/35.7010358722214,127.159942005556">📍 네이버 지도</a>]]></description>
        <styleUrl>#통합기준점_style</styleUrl>
        <Point>
          <coordinates>127.159942005556,35.7010358722214,0</coordinates>
        </Point>
      </Placemark>
      <Placemark>
        <name>◎ U갈담11</name>
        <description><![CDATA[<b>통합기준점</b><br>명칭: U갈담11<br>위도: 35.682784°N<br>경도: 127.175030°E<br><br><a href="https://map.naver.com/v5/search/35.6827835999992,127.175030133333">📍 네이버 지도</a>]]></description>
        <styleUrl>#통합기준점_style</styleUrl>
        <Point>
          <coordinates>127.175030133333,35.6827835999992,0</coordinates>
        </Point>
      </Placemark>
      <Placemark>
        <name>◎ U갈담12</name>
        <description><![CDATA[<b>통합기준점</b><br>명칭: U갈담12<br>위도: 35.718259°N<br>경도: 127.186445°E<br><br><a href="https://map.naver.com/v5/search/35.7182588833326,127.186445452778">📍 네이버 지도</a>]]></description>
        <styleUrl>#통합기준점_style</styleUrl>
        <Point>
          <coordinates>127.186445452778,35.7182588833326,0</coordinates>
        </Point>
      </Placemark>
      <Placemark>
        <name>◎ U갈담13</name>
        <description><![CDATA[<b>통합기준점</b><br>명칭: U갈담13<br>위도: 35.679008°N<br>경도: 127.217719°E<br><br><a href="https://map.naver.com/v5/search/35.6790078749992,127.217719447222">📍 네이버 지도</a>]]></description>
        <styleUrl>#통합기준점_style</styleUrl>
        <Point>
          <coordinates>127.217719447222,35.6790078749992,0</coordinates>
        </Point>
      </Placemark>
      <Placemark>
        <name>◎ U갈담14</name>
        <description><![CDATA[<b>통합기준점</b><br>명칭: U갈담14<br>위도: 35.688514°N<br>경도: 127.237006°E<br><br><a href="https://map.naver.com/v5/search/35.6885140583326,127.237005808333">📍 네이버 지도</a>]]></description>
        <styleUrl>#통합기준점_style</styleUrl>
        <Point>
          <coordinates>127.237005808333,35.6885140583326,0</coordinates>
        </Point>
      </Placemark>
      <Placemark>
        <name>◎ U갈담15</name>
        <description><![CDATA[<b>통합기준점</b><br>명칭: U갈담15<br>위도: 35.613743°N<br>경도: 127.232269°E<br><br><a href="https://map.naver.com/v5/search/35.613742602777,127.232268944444">📍 네이버 지도</a>]]></description>
        <styleUrl>#통합기준점_style</styleUrl>
        <Point>
          <coordinates>127.232268944444,35.613742602777,0</coordinates>
        </Point>
      </Placemark>
      <Placemark>
        <name>◎ U갈담16</name>
        <description><![CDATA[<b>통합기준점</b><br>명칭: U갈담16<br>위도: 35.633122°N<br>경도: 127.209719°E<br><br><a href="https://map.naver.com/v5/search/35.633121802777,127.209718511111">📍 네이버 지도</a>]]></description>
        <styleUrl>#통합기준점_style</styleUrl>
        <Point>
          <coordinates>127.209718511111,35.633121802777,0</coordinates>
        </Point>
      </Placemark>
      <Placemark>
        <name>◎ U갈담17</name>
        <description><![CDATA[<b>통합기준점</b><br>명칭: U갈담17<br>위도: 35.662241°N<br>경도: 127.203955°E<br><br><a href="https://map.naver.com/v5/search/35.6622414861103,127.203955433333">📍 네이버 지도</a>]]></description>
        <styleUrl>#통합기준점_style</styleUrl>
        <Point>
          <coordinates>127.203955433333,35.6622414861103,0</coordinates>
        </Point>
      </Placemark>
      <Placemark>
        <name>◎ U갈담18</name>
        <description><![CDATA[<b>통합기준점</b><br>명칭: U갈담18<br>위도: 35.609799°N<br>경도: 127.199018°E<br><br><a href="https://map.naver.com/v5/search/35.6097992166659,127.199017572222">📍 네이버 지도</a>]]></description>
        <styleUrl>#통합기준점_style</styleUrl>
        <Point>
          <coordinates>127.199017572222,35.6097992166659,0</coordinates>
        </Point>
      </Placemark>
      <Placemark>
        <name>◎ U갈담19</name>
        <description><![CDATA[<b>통합기준점</b><br>명칭: U갈담19<br>위도: 35.606155°N<br>경도: 127.168441°E<br><br><a href="https://map.naver.com/v5/search/35.6061545916659,127.168441433333">📍 네이버 지도</a>]]></description>
        <styleUrl>#통합기준점_style</styleUrl>
        <Point>
          <coordinates>127.168441433333,35.6061545916659,0</coordinates>
        </Point>
      </Placemark>
      <Placemark>
        <name>◎ U갈담20</name>
        <description><![CDATA[<b>통합기준점</b><br>명칭: U갈담20<br>위도: 35.639638°N<br>경도: 127.149326°E<br><br><a href="https://map.naver.com/v5/search/35.6396379583325,127.149326133333">📍 네이버 지도</a>]]></description>
        <styleUrl>#통합기준점_style</styleUrl>
        <Point>
          <coordinates>127.149326133333,35.6396379583325,0</coordinates>
        </Point>
      </Placemark>
      <Placemark>
        <name>◎ U갈담21</name>
        <description><![CDATA[<b>통합기준점</b><br>명칭: U갈담21<br>위도: 35.594608°N<br>경도: 127.123166°E<br><br><a href="https://map.naver.com/v5/search/35.5946084805547,127.123166091667">📍 네이버 지도</a>]]></description>
        <styleUrl>#통합기준점_style</styleUrl>
        <Point>
          <coordinates>127.123166091667,35.5946084805547,0</coordinates>
        </Point>
      </Placemark>
      <Placemark>
        <name>◎ U갈담22</name>
        <description><![CDATA[<b>통합기준점</b><br>명칭: U갈담22<br>위도: 35.630602°N<br>경도: 127.120515°E<br><br><a href="https://map.naver.com/v5/search/35.6306017555548,127.120514727778">📍 네이버 지도</a>]]></description>
        <styleUrl>#통합기준점_style</styleUrl>
        <Point>
          <coordinates>127.120514727778,35.6306017555548,0</coordinates>
        </Point>
      </Placemark>
      <Placemark>
        <name>◎ U갈담23</name>
        <description><![CDATA[<b>통합기준점</b><br>명칭: U갈담23<br>위도: 35.620281°N<br>경도: 127.108851°E<br><br><a href="https://map.naver.com/v5/search/35.6202811583325,127.108851175">📍 네이버 지도</a>]]></description>
        <styleUrl>#통합기준점_style</styleUrl>
        <Point>
          <coordinates>127.108851175,35.6202811583325,0</coordinates>
        </Point>
      </Placemark>
      <Placemark>
        <name>◎ U갈담24</name>
        <description><![CDATA[<b>통합기준점</b><br>명칭: U갈담24<br>위도: 35.649266°N<br>경도: 127.084196°E<br><br><a href="https://map.naver.com/v5/search/35.6492659166659,127.084195969444">📍 네이버 지도</a>]]></description>
        <styleUrl>#통합기준점_style</styleUrl>
        <Point>
          <coordinates>127.084195969444,35.6492659166659,0</coordinates>
        </Point>
      </Placemark>
      <Placemark>
        <name>◎ U갈담25</name>
        <description><![CDATA[<b>통합기준점</b><br>명칭: U갈담25<br>위도: 35.599079°N<br>경도: 127.084003°E<br><br><a href="https://map.naver.com/v5/search/35.5990793166659,127.084002733333">📍 네이버 지도</a>]]></description>
        <styleUrl>#통합기준점_style</styleUrl>
        <Point>
          <coordinates>127.084002733333,35.5990793166659,0</coordinates>
        </Point>
      </Placemark>
      <Placemark>
        <name>◎ U갈담26</name>
        <description><![CDATA[<b>통합기준점</b><br>명칭: U갈담26<br>위도: 35.633478°N<br>경도: 127.063414°E<br><br><a href="https://map.naver.com/v5/search/35.6334784805548,127.063414194444">📍 네이버 지도</a>]]></description>
        <styleUrl>#통합기준점_style</styleUrl>
        <Point>
          <coordinates>127.063414194444,35.6334784805548,0</coordinates>
        </Point>
      </Placemark>
      <Placemark>
        <name>◎ U갈담27</name>
        <description><![CDATA[<b>통합기준점</b><br>명칭: U갈담27<br>위도: 35.647038°N<br>경도: 127.028263°E<br><br><a href="https://map.naver.com/v5/search/35.647037827777,127.028262733333">📍 네이버 지도</a>]]></description>
        <styleUrl>#통합기준점_style</styleUrl>
        <Point>
          <coordinates>127.028262733333,35.647037827777,0</coordinates>
        </Point>
      </Placemark>
      <Placemark>
        <name>◎ U갈담28</name>
        <description><![CDATA[<b>통합기준점</b><br>명칭: U갈담28<br>위도: 35.635949°N<br>경도: 127.001610°E<br><br><a href="https://map.naver.com/v5/search/35.6359487194436,127.001610052778">📍 네이버 지도</a>]]></description>
        <styleUrl>#통합기준점_style</styleUrl>
        <Point>
          <coordinates>127.001610052778,35.6359487194436,0</coordinates>
        </Point>
      </Placemark>
      <Placemark>
        <name>◎ U갈담29</name>
        <description><![CDATA[<b>통합기준점</b><br>명칭: U갈담29<br>위도: 35.524032°N<br>경도: 127.013014°E<br><br><a href="https://map.naver.com/v5/search/35.5240322749992,127.013014383333">📍 네이버 지도</a>]]></description>
        <styleUrl>#통합기준점_style</styleUrl>
        <Point>
          <coordinates>127.013014383333,35.5240322749992,0</coordinates>
        </Point>
      </Placemark>
      <Placemark>
        <name>◎ U갈담30</name>
        <description><![CDATA[<b>통합기준점</b><br>명칭: U갈담30<br>위도: 35.551024°N<br>경도: 127.019985°E<br><br><a href="https://map.naver.com/v5/search/35.5510236694436,127.019985188889">📍 네이버 지도</a>]]></description>
        <styleUrl>#통합기준점_style</styleUrl>
        <Point>
          <coordinates>127.019985188889,35.5510236694436,0</coordinates>
        </Point>
      </Placemark>
      <Placemark>
        <name>◎ U갈담31</name>
        <description><![CDATA[<b>통합기준점</b><br>명칭: U갈담31<br>위도: 35.551077°N<br>경도: 127.052141°E<br><br><a href="https://map.naver.com/v5/search/35.5510774055547,127.052140902778">📍 네이버 지도</a>]]></description>
        <styleUrl>#통합기준점_style</styleUrl>
        <Point>
          <coordinates>127.052140902778,35.5510774055547,0</coordinates>
        </Point>
      </Placemark>
      <Placemark>
        <name>◎ U갈담32</name>
        <description><![CDATA[<b>통합기준점</b><br>명칭: U갈담32<br>위도: 35.577818°N<br>경도: 127.065229°E<br><br><a href="https://map.naver.com/v5/search/35.5778183888881,127.065229191667">📍 네이버 지도</a>]]></description>
        <styleUrl>#통합기준점_style</styleUrl>
        <Point>
          <coordinates>127.065229191667,35.5778183888881,0</coordinates>
        </Point>
      </Placemark>
      <Placemark>
        <name>◎ U갈담33</name>
        <description><![CDATA[<b>통합기준점</b><br>명칭: U갈담33<br>위도: 35.539450°N<br>경도: 127.108422°E<br><br><a href="https://map.naver.com/v5/search/35.5394495416659,127.108422372222">📍 네이버 지도</a>]]></description>
        <styleUrl>#통합기준점_style</styleUrl>
        <Point>
          <coordinates>127.108422372222,35.5394495416659,0</coordinates>
        </Point>
      </Placemark>
      <Placemark>
        <name>◎ U갈담34</name>
        <description><![CDATA[<b>통합기준점</b><br>명칭: U갈담34<br>위도: 35.573719°N<br>경도: 127.135185°E<br><br><a href="https://map.naver.com/v5/search/35.5737192499992,127.135184527778">📍 네이버 지도</a>]]></description>
        <styleUrl>#통합기준점_style</styleUrl>
        <Point>
          <coordinates>127.135184527778,35.5737192499992,0</coordinates>
        </Point>
      </Placemark>
      <Placemark>
        <name>◎ U갈담35</name>
        <description><![CDATA[<b>통합기준점</b><br>명칭: U갈담35<br>위도: 35.557109°N<br>경도: 127.141298°E<br><br><a href="https://map.naver.com/v5/search/35.5571089416659,127.141297819444">📍 네이버 지도</a>]]></description>
        <styleUrl>#통합기준점_style</styleUrl>
        <Point>
          <coordinates>127.141297819444,35.5571089416659,0</coordinates>
        </Point>
      </Placemark>
      <Placemark>
        <name>◎ U갈담36</name>
        <description><![CDATA[<b>통합기준점</b><br>명칭: U갈담36<br>위도: 35.516831°N<br>경도: 127.182369°E<br><br><a href="https://map.naver.com/v5/search/35.5168312138881,127.182369119444">📍 네이버 지도</a>]]></description>
        <styleUrl>#통합기준점_style</styleUrl>
        <Point>
          <coordinates>127.182369119444,35.5168312138881,0</coordinates>
        </Point>
      </Placemark>
      <Placemark>
        <name>◎ U갈담37</name>
        <description><![CDATA[<b>통합기준점</b><br>명칭: U갈담37<br>위도: 35.579473°N<br>경도: 127.194472°E<br><br><a href="https://map.naver.com/v5/search/35.5794727416659,127.194471511111">📍 네이버 지도</a>]]></description>
        <styleUrl>#통합기준점_style</styleUrl>
        <Point>
          <coordinates>127.194471511111,35.5794727416659,0</coordinates>
        </Point>
      </Placemark>
      <Placemark>
        <name>◎ U갈담38</name>
        <description><![CDATA[<b>통합기준점</b><br>명칭: U갈담38<br>위도: 35.543794°N<br>경도: 127.194591°E<br><br><a href="https://map.naver.com/v5/search/35.5437939638881,127.194591377778">📍 네이버 지도</a>]]></description>
        <styleUrl>#통합기준점_style</styleUrl>
        <Point>
          <coordinates>127.194591377778,35.5437939638881,0</coordinates>
        </Point>
      </Placemark>
      <Placemark>
        <name>◎ U갈담39</name>
        <description><![CDATA[<b>통합기준점</b><br>명칭: U갈담39<br>위도: 35.519088°N<br>경도: 127.239897°E<br><br><a href="https://map.naver.com/v5/search/35.5190877333325,127.239896544444">📍 네이버 지도</a>]]></description>
        <styleUrl>#통합기준점_style</styleUrl>
        <Point>
          <coordinates>127.239896544444,35.5190877333325,0</coordinates>
        </Point>
      </Placemark>
      <Placemark>
        <name>◎ U임실01</name>
        <description><![CDATA[<b>통합기준점</b><br>명칭: U임실01<br>위도: 35.611551°N<br>경도: 127.277729°E<br><br><a href="https://map.naver.com/v5/search/35.6115505638881,127.277728958333">📍 네이버 지도</a>]]></description>
        <styleUrl>#통합기준점_style</styleUrl>
        <Point>
          <coordinates>127.277728958333,35.6115505638881,0</coordinates>
        </Point>
      </Placemark>
      <Placemark>
        <name>◎ U임실02</name>
        <description><![CDATA[<b>통합기준점</b><br>명칭: U임실02<br>위도: 35.631328°N<br>경도: 127.291466°E<br><br><a href="https://map.naver.com/v5/search/35.6313275749992,127.291466055556">📍 네이버 지도</a>]]></description>
        <styleUrl>#통합기준점_style</styleUrl>
        <Point>
          <coordinates>127.291466055556,35.6313275749992,0</coordinates>
        </Point>
      </Placemark>
      <Placemark>
        <name>◎ U임실03</name>
        <description><![CDATA[<b>통합기준점</b><br>명칭: U임실03<br>위도: 35.601319°N<br>경도: 127.320537°E<br><br><a href="https://map.naver.com/v5/search/35.6013187249992,127.320536980556">📍 네이버 지도</a>]]></description>
        <styleUrl>#통합기준점_style</styleUrl>
        <Point>
          <coordinates>127.320536980556,35.6013187249992,0</coordinates>
        </Point>
      </Placemark>
      <Placemark>
        <name>◎ U임실04</name>
        <description><![CDATA[<b>통합기준점</b><br>명칭: U임실04<br>위도: 35.621818°N<br>경도: 127.358258°E<br><br><a href="https://map.naver.com/v5/search/35.6218179444436,127.358258041667">📍 네이버 지도</a>]]></description>
        <styleUrl>#통합기준점_style</styleUrl>
        <Point>
          <coordinates>127.358258041667,35.6218179444436,0</coordinates>
        </Point>
      </Placemark>
      <Placemark>
        <name>◎ U임실05</name>
        <description><![CDATA[<b>통합기준점</b><br>명칭: U임실05<br>위도: 35.600390°N<br>경도: 127.377938°E<br><br><a href="https://map.naver.com/v5/search/35.6003898861103,127.377938383333">📍 네이버 지도</a>]]></description>
        <styleUrl>#통합기준점_style</styleUrl>
        <Point>
          <coordinates>127.377938383333,35.6003898861103,0</coordinates>
        </Point>
      </Placemark>
      <Placemark>
        <name>◎ U임실06</name>
        <description><![CDATA[<b>통합기준점</b><br>명칭: U임실06<br>위도: 35.585577°N<br>경도: 127.425464°E<br><br><a href="https://map.naver.com/v5/search/35.5855770749992,127.425463872222">📍 네이버 지도</a>]]></description>
        <styleUrl>#통합기준점_style</styleUrl>
        <Point>
          <coordinates>127.425463872222,35.5855770749992,0</coordinates>
        </Point>
      </Placemark>
      <Placemark>
        <name>◎ U임실07</name>
        <description><![CDATA[<b>통합기준점</b><br>명칭: U임실07<br>위도: 35.593925°N<br>경도: 127.469472°E<br><br><a href="https://map.naver.com/v5/search/35.593925477777,127.469472486111">📍 네이버 지도</a>]]></description>
        <styleUrl>#통합기준점_style</styleUrl>
        <Point>
          <coordinates>127.469472486111,35.593925477777,0</coordinates>
        </Point>
      </Placemark>
      <Placemark>
        <name>◎ U임실08</name>
        <description><![CDATA[<b>통합기준점</b><br>명칭: U임실08<br>위도: 35.634445°N<br>경도: 127.485675°E<br><br><a href="https://map.naver.com/v5/search/35.6344451444437,127.485674647222">📍 네이버 지도</a>]]></description>
        <styleUrl>#통합기준점_style</styleUrl>
        <Point>
          <coordinates>127.485674647222,35.6344451444437,0</coordinates>
        </Point>
      </Placemark>
      <Placemark>
        <name>◎ U임실09</name>
        <description><![CDATA[<b>통합기준점</b><br>명칭: U임실09<br>위도: 35.610183°N<br>경도: 127.485414°E<br><br><a href="https://map.naver.com/v5/search/35.6101828638881,127.485413769444">📍 네이버 지도</a>]]></description>
        <styleUrl>#통합기준점_style</styleUrl>
        <Point>
          <coordinates>127.485413769444,35.6101828638881,0</coordinates>
        </Point>
      </Placemark>
      <Placemark>
        <name>◎ U임실10</name>
        <description><![CDATA[<b>통합기준점</b><br>명칭: U임실10<br>위도: 35.550915°N<br>경도: 127.485549°E<br><br><a href="https://map.naver.com/v5/search/35.5509152722214,127.485548841667">📍 네이버 지도</a>]]></description>
        <styleUrl>#통합기준점_style</styleUrl>
        <Point>
          <coordinates>127.485548841667,35.5509152722214,0</coordinates>
        </Point>
      </Placemark>
      <Placemark>
        <name>◎ U임실11</name>
        <description><![CDATA[<b>통합기준점</b><br>명칭: U임실11<br>위도: 35.516488°N<br>경도: 127.479398°E<br><br><a href="https://map.naver.com/v5/search/35.516487527777,127.479398086111">📍 네이버 지도</a>]]></description>
        <styleUrl>#통합기준점_style</styleUrl>
        <Point>
          <coordinates>127.479398086111,35.516487527777,0</coordinates>
        </Point>
      </Placemark>
      <Placemark>
        <name>◎ U임실12</name>
        <description><![CDATA[<b>통합기준점</b><br>명칭: U임실12<br>위도: 35.518656°N<br>경도: 127.418425°E<br><br><a href="https://map.naver.com/v5/search/35.5186560611103,127.418425283333">📍 네이버 지도</a>]]></description>
        <styleUrl>#통합기준점_style</styleUrl>
        <Point>
          <coordinates>127.418425283333,35.5186560611103,0</coordinates>
        </Point>
      </Placemark>
      <Placemark>
        <name>◎ U임실13</name>
        <description><![CDATA[<b>통합기준점</b><br>명칭: U임실13<br>위도: 35.531992°N<br>경도: 127.424072°E<br><br><a href="https://map.naver.com/v5/search/35.5319917055547,127.424071536111">📍 네이버 지도</a>]]></description>
        <styleUrl>#통합기준점_style</styleUrl>
        <Point>
          <coordinates>127.424071536111,35.5319917055547,0</coordinates>
        </Point>
      </Placemark>
      <Placemark>
        <name>◎ U임실14</name>
        <description><![CDATA[<b>통합기준점</b><br>명칭: U임실14<br>위도: 35.563113°N<br>경도: 127.413731°E<br><br><a href="https://map.naver.com/v5/search/35.5631131499992,127.413730769444">📍 네이버 지도</a>]]></description>
        <styleUrl>#통합기준점_style</styleUrl>
        <Point>
          <coordinates>127.413730769444,35.5631131499992,0</coordinates>
        </Point>
      </Placemark>
      <Placemark>
        <name>◎ U임실15</name>
        <description><![CDATA[<b>통합기준점</b><br>명칭: U임실15<br>위도: 35.508063°N<br>경도: 127.404150°E<br><br><a href="https://map.naver.com/v5/search/35.5080627888881,127.404150425">📍 네이버 지도</a>]]></description>
        <styleUrl>#통합기준점_style</styleUrl>
        <Point>
          <coordinates>127.404150425,35.5080627888881,0</coordinates>
        </Point>
      </Placemark>
      <Placemark>
        <name>◎ U임실16</name>
        <description><![CDATA[<b>통합기준점</b><br>명칭: U임실16<br>위도: 35.531462°N<br>경도: 127.395266°E<br><br><a href="https://map.naver.com/v5/search/35.5314620333325,127.395265761111">📍 네이버 지도</a>]]></description>
        <styleUrl>#통합기준점_style</styleUrl>
        <Point>
          <coordinates>127.395265761111,35.5314620333325,0</coordinates>
        </Point>
      </Placemark>
      <Placemark>
        <name>◎ U임실17</name>
        <description><![CDATA[<b>통합기준점</b><br>명칭: U임실17<br>위도: 35.565531°N<br>경도: 127.394321°E<br><br><a href="https://map.naver.com/v5/search/35.5655310833325,127.394320522222">📍 네이버 지도</a>]]></description>
        <styleUrl>#통합기준점_style</styleUrl>
        <Point>
          <coordinates>127.394320522222,35.5655310833325,0</coordinates>
        </Point>
      </Placemark>
      <Placemark>
        <name>◎ U임실18</name>
        <description><![CDATA[<b>통합기준점</b><br>명칭: U임실18<br>위도: 35.505804°N<br>경도: 127.371643°E<br><br><a href="https://map.naver.com/v5/search/35.5058040944436,127.371643013889">📍 네이버 지도</a>]]></description>
        <styleUrl>#통합기준점_style</styleUrl>
        <Point>
          <coordinates>127.371643013889,35.5058040944436,0</coordinates>
        </Point>
      </Placemark>
      <Placemark>
        <name>◎ U임실19</name>
        <description><![CDATA[<b>통합기준점</b><br>명칭: U임실19<br>위도: 35.546868°N<br>경도: 127.368962°E<br><br><a href="https://map.naver.com/v5/search/35.546867977777,127.368961955556">📍 네이버 지도</a>]]></description>
        <styleUrl>#통합기준점_style</styleUrl>
        <Point>
          <coordinates>127.368961955556,35.546867977777,0</coordinates>
        </Point>
      </Placemark>
      <Placemark>
        <name>◎ U임실20</name>
        <description><![CDATA[<b>통합기준점</b><br>명칭: U임실20<br>위도: 35.564837°N<br>경도: 127.358885°E<br><br><a href="https://map.naver.com/v5/search/35.5648365249992,127.358885308333">📍 네이버 지도</a>]]></description>
        <styleUrl>#통합기준점_style</styleUrl>
        <Point>
          <coordinates>127.358885308333,35.5648365249992,0</coordinates>
        </Point>
      </Placemark>
      <Placemark>
        <name>◎ U임실21</name>
        <description><![CDATA[<b>통합기준점</b><br>명칭: U임실21<br>위도: 35.525041°N<br>경도: 127.357473°E<br><br><a href="https://map.naver.com/v5/search/35.5250405805547,127.357473211111">📍 네이버 지도</a>]]></description>
        <styleUrl>#통합기준점_style</styleUrl>
        <Point>
          <coordinates>127.357473211111,35.5250405805547,0</coordinates>
        </Point>
      </Placemark>
      <Placemark>
        <name>◎ U임실22</name>
        <description><![CDATA[<b>통합기준점</b><br>명칭: U임실22<br>위도: 35.570292°N<br>경도: 127.326010°E<br><br><a href="https://map.naver.com/v5/search/35.5702915916659,127.326009886111">📍 네이버 지도</a>]]></description>
        <styleUrl>#통합기준점_style</styleUrl>
        <Point>
          <coordinates>127.326009886111,35.5702915916659,0</coordinates>
        </Point>
      </Placemark>
      <Placemark>
        <name>◎ U임실23</name>
        <description><![CDATA[<b>통합기준점</b><br>명칭: U임실23<br>위도: 35.511100°N<br>경도: 127.325283°E<br><br><a href="https://map.naver.com/v5/search/35.5110995888881,127.325282766667">📍 네이버 지도</a>]]></description>
        <styleUrl>#통합기준점_style</styleUrl>
        <Point>
          <coordinates>127.325282766667,35.5110995888881,0</coordinates>
        </Point>
      </Placemark>
      <Placemark>
        <name>◎ U임실24</name>
        <description><![CDATA[<b>통합기준점</b><br>명칭: U임실24<br>위도: 35.550115°N<br>경도: 127.293280°E<br><br><a href="https://map.naver.com/v5/search/35.5501148222214,127.293280433333">📍 네이버 지도</a>]]></description>
        <styleUrl>#통합기준점_style</styleUrl>
        <Point>
          <coordinates>127.293280433333,35.5501148222214,0</coordinates>
        </Point>
      </Placemark>
      <Placemark>
        <name>◎ U임실25</name>
        <description><![CDATA[<b>통합기준점</b><br>명칭: U임실25<br>위도: 35.526907°N<br>경도: 127.291377°E<br><br><a href="https://map.naver.com/v5/search/35.5269074111103,127.291376819444">📍 네이버 지도</a>]]></description>
        <styleUrl>#통합기준점_style</styleUrl>
        <Point>
          <coordinates>127.291376819444,35.5269074111103,0</coordinates>
        </Point>
      </Placemark>
      <Placemark>
        <name>◎ U임실26</name>
        <description><![CDATA[<b>통합기준점</b><br>명칭: U임실26<br>위도: 35.582304°N<br>경도: 127.266849°E<br><br><a href="https://map.naver.com/v5/search/35.5823035749992,127.266848558333">📍 네이버 지도</a>]]></description>
        <styleUrl>#통합기준점_style</styleUrl>
        <Point>
          <coordinates>127.266848558333,35.5823035749992,0</coordinates>
        </Point>
      </Placemark>
      <Placemark>
        <name>◎ U임실27</name>
        <description><![CDATA[<b>통합기준점</b><br>명칭: U임실27<br>위도: 35.547989°N<br>경도: 127.259691°E<br><br><a href="https://map.naver.com/v5/search/35.547988827777,127.259690511111">📍 네이버 지도</a>]]></description>
        <styleUrl>#통합기준점_style</styleUrl>
        <Point>
          <coordinates>127.259690511111,35.547988827777,0</coordinates>
        </Point>
      </Placemark>
      <Placemark>
        <name>◎ U법성01</name>
        <description><![CDATA[<b>통합기준점</b><br>명칭: U법성01<br>위도: 35.479593°N<br>경도: 126.490311°E<br><br><a href="https://map.naver.com/v5/search/35.4795926083325,126.490310911111">📍 네이버 지도</a>]]></description>
        <styleUrl>#통합기준점_style</styleUrl>
        <Point>
          <coordinates>126.490310911111,35.4795926083325,0</coordinates>
        </Point>
      </Placemark>
      <Placemark>
        <name>◎ U법성02</name>
        <description><![CDATA[<b>통합기준점</b><br>명칭: U법성02<br>위도: 35.452208°N<br>경도: 126.455234°E<br><br><a href="https://map.naver.com/v5/search/35.4522076666658,126.455233686111">📍 네이버 지도</a>]]></description>
        <styleUrl>#통합기준점_style</styleUrl>
        <Point>
          <coordinates>126.455233686111,35.4522076666658,0</coordinates>
        </Point>
      </Placemark>
      <Placemark>
        <name>◎ U법성03</name>
        <description><![CDATA[<b>통합기준점</b><br>명칭: U법성03<br>위도: 35.426396°N<br>경도: 126.431222°E<br><br><a href="https://map.naver.com/v5/search/35.4263955611103,126.431222252778">📍 네이버 지도</a>]]></description>
        <styleUrl>#통합기준점_style</styleUrl>
        <Point>
          <coordinates>126.431222252778,35.4263955611103,0</coordinates>
        </Point>
      </Placemark>
      <Placemark>
        <name>◎ U법성04</name>
        <description><![CDATA[<b>통합기준점</b><br>명칭: U법성04<br>위도: 35.403902°N<br>경도: 126.495357°E<br><br><a href="https://map.naver.com/v5/search/35.4039022499991,126.495356833333">📍 네이버 지도</a>]]></description>
        <styleUrl>#통합기준점_style</styleUrl>
        <Point>
          <coordinates>126.495356833333,35.4039022499991,0</coordinates>
        </Point>
      </Placemark>
      <Placemark>
        <name>◎ U법성05</name>
        <description><![CDATA[<b>통합기준점</b><br>명칭: U법성05<br>위도: 35.394600°N<br>경도: 126.451088°E<br><br><a href="https://map.naver.com/v5/search/35.3945996249991,126.451088005555">📍 네이버 지도</a>]]></description>
        <styleUrl>#통합기준점_style</styleUrl>
        <Point>
          <coordinates>126.451088005555,35.3945996249991,0</coordinates>
        </Point>
      </Placemark>
      <Placemark>
        <name>◎ U남원02</name>
        <description><![CDATA[<b>통합기준점</b><br>명칭: U남원02<br>위도: 35.432283°N<br>경도: 127.276477°E<br><br><a href="https://map.naver.com/v5/search/35.4322826472214,127.276476963889">📍 네이버 지도</a>]]></description>
        <styleUrl>#통합기준점_style</styleUrl>
        <Point>
          <coordinates>127.276476963889,35.4322826472214,0</coordinates>
        </Point>
      </Placemark>
      <Placemark>
        <name>◎ U남원03</name>
        <description><![CDATA[<b>통합기준점</b><br>명칭: U남원03<br>위도: 35.482958°N<br>경도: 127.320995°E<br><br><a href="https://map.naver.com/v5/search/35.4829583805547,127.320994719444">📍 네이버 지도</a>]]></description>
        <styleUrl>#통합기준점_style</styleUrl>
        <Point>
          <coordinates>127.320994719444,35.4829583805547,0</coordinates>
        </Point>
      </Placemark>
      <Placemark>
        <name>◎ U남원04</name>
        <description><![CDATA[<b>통합기준점</b><br>명칭: U남원04<br>위도: 35.428857°N<br>경도: 127.325218°E<br><br><a href="https://map.naver.com/v5/search/35.4288572944436,127.325218097222">📍 네이버 지도</a>]]></description>
        <styleUrl>#통합기준점_style</styleUrl>
        <Point>
          <coordinates>127.325218097222,35.4288572944436,0</coordinates>
        </Point>
      </Placemark>
      <Placemark>
        <name>◎ U남원05</name>
        <description><![CDATA[<b>통합기준점</b><br>명칭: U남원05<br>위도: 35.453330°N<br>경도: 127.340984°E<br><br><a href="https://map.naver.com/v5/search/35.4533297166658,127.340984025">📍 네이버 지도</a>]]></description>
        <styleUrl>#통합기준점_style</styleUrl>
        <Point>
          <coordinates>127.340984025,35.4533297166658,0</coordinates>
        </Point>
      </Placemark>
      <Placemark>
        <name>◎ U남원06</name>
        <description><![CDATA[<b>통합기준점</b><br>명칭: U남원06<br>위도: 35.495024°N<br>경도: 127.345935°E<br><br><a href="https://map.naver.com/v5/search/35.4950237222214,127.345934722222">📍 네이버 지도</a>]]></description>
        <styleUrl>#통합기준점_style</styleUrl>
        <Point>
          <coordinates>127.345934722222,35.4950237222214,0</coordinates>
        </Point>
      </Placemark>
      <Placemark>
        <name>◎ U남원07</name>
        <description><![CDATA[<b>통합기준점</b><br>명칭: U남원07<br>위도: 35.479782°N<br>경도: 127.363380°E<br><br><a href="https://map.naver.com/v5/search/35.4797819194436,127.363379777778">📍 네이버 지도</a>]]></description>
        <styleUrl>#통합기준점_style</styleUrl>
        <Point>
          <coordinates>127.363379777778,35.4797819194436,0</coordinates>
        </Point>
      </Placemark>
      <Placemark>
        <name>◎ U남원08</name>
        <description><![CDATA[<b>통합기준점</b><br>명칭: U남원08<br>위도: 35.425377°N<br>경도: 127.369389°E<br><br><a href="https://map.naver.com/v5/search/35.4253771361103,127.369389305556">📍 네이버 지도</a>]]></description>
        <styleUrl>#통합기준점_style</styleUrl>
        <Point>
          <coordinates>127.369389305556,35.4253771361103,0</coordinates>
        </Point>
      </Placemark>
      <Placemark>
        <name>◎ U남원09</name>
        <description><![CDATA[<b>통합기준점</b><br>명칭: U남원09<br>위도: 35.489047°N<br>경도: 127.402804°E<br><br><a href="https://map.naver.com/v5/search/35.4890471138881,127.402803525">📍 네이버 지도</a>]]></description>
        <styleUrl>#통합기준점_style</styleUrl>
        <Point>
          <coordinates>127.402803525,35.4890471138881,0</coordinates>
        </Point>
      </Placemark>
      <Placemark>
        <name>◎ U남원10</name>
        <description><![CDATA[<b>통합기준점</b><br>명칭: U남원10<br>위도: 35.467197°N<br>경도: 127.407996°E<br><br><a href="https://map.naver.com/v5/search/35.4671972527769,127.407996291667">📍 네이버 지도</a>]]></description>
        <styleUrl>#통합기준점_style</styleUrl>
        <Point>
          <coordinates>127.407996291667,35.4671972527769,0</coordinates>
        </Point>
      </Placemark>
      <Placemark>
        <name>◎ U남원11</name>
        <description><![CDATA[<b>통합기준점</b><br>명칭: U남원11<br>위도: 35.422389°N<br>경도: 127.413173°E<br><br><a href="https://map.naver.com/v5/search/35.422389338888,127.413173155556">📍 네이버 지도</a>]]></description>
        <styleUrl>#통합기준점_style</styleUrl>
        <Point>
          <coordinates>127.413173155556,35.422389338888,0</coordinates>
        </Point>
      </Placemark>
      <Placemark>
        <name>◎ U남원12</name>
        <description><![CDATA[<b>통합기준점</b><br>명칭: U남원12<br>위도: 35.468788°N<br>경도: 127.442593°E<br><br><a href="https://map.naver.com/v5/search/35.4687877805547,127.442592883333">📍 네이버 지도</a>]]></description>
        <styleUrl>#통합기준점_style</styleUrl>
        <Point>
          <coordinates>127.442592883333,35.4687877805547,0</coordinates>
        </Point>
      </Placemark>
      <Placemark>
        <name>◎ U남원13</name>
        <description><![CDATA[<b>통합기준점</b><br>명칭: U남원13<br>위도: 35.476922°N<br>경도: 127.467875°E<br><br><a href="https://map.naver.com/v5/search/35.4769222944436,127.467875097222">📍 네이버 지도</a>]]></description>
        <styleUrl>#통합기준점_style</styleUrl>
        <Point>
          <coordinates>127.467875097222,35.4769222944436,0</coordinates>
        </Point>
      </Placemark>
      <Placemark>
        <name>◎ U남원14</name>
        <description><![CDATA[<b>통합기준점</b><br>명칭: U남원14<br>위도: 35.450873°N<br>경도: 127.468953°E<br><br><a href="https://map.naver.com/v5/search/35.4508725055547,127.468953263889">📍 네이버 지도</a>]]></description>
        <styleUrl>#통합기준점_style</styleUrl>
        <Point>
          <coordinates>127.468953263889,35.4508725055547,0</coordinates>
        </Point>
      </Placemark>
      <Placemark>
        <name>◎ U남원15</name>
        <description><![CDATA[<b>통합기준점</b><br>명칭: U남원15<br>위도: 35.427082°N<br>경도: 127.456607°E<br><br><a href="https://map.naver.com/v5/search/35.4270816055547,127.456607161111">📍 네이버 지도</a>]]></description>
        <styleUrl>#통합기준점_style</styleUrl>
        <Point>
          <coordinates>127.456607161111,35.4270816055547,0</coordinates>
        </Point>
      </Placemark>
      <Placemark>
        <name>◎ U남원16</name>
        <description><![CDATA[<b>통합기준점</b><br>명칭: U남원16<br>위도: 35.398424°N<br>경도: 127.499382°E<br><br><a href="https://map.naver.com/v5/search/35.3984241472214,127.499381738889">📍 네이버 지도</a>]]></description>
        <styleUrl>#통합기준점_style</styleUrl>
        <Point>
          <coordinates>127.499381738889,35.3984241472214,0</coordinates>
        </Point>
      </Placemark>
      <Placemark>
        <name>◎ U남원19</name>
        <description><![CDATA[<b>통합기준점</b><br>명칭: U남원19<br>위도: 35.405407°N<br>경도: 127.421371°E<br><br><a href="https://map.naver.com/v5/search/35.4054073694436,127.421370775">📍 네이버 지도</a>]]></description>
        <styleUrl>#통합기준점_style</styleUrl>
        <Point>
          <coordinates>127.421370775,35.4054073694436,0</coordinates>
        </Point>
      </Placemark>
      <Placemark>
        <name>◎ U남원20</name>
        <description><![CDATA[<b>통합기준점</b><br>명칭: U남원20<br>위도: 35.408136°N<br>경도: 127.392098°E<br><br><a href="https://map.naver.com/v5/search/35.408135613888,127.392098455556">📍 네이버 지도</a>]]></description>
        <styleUrl>#통합기준점_style</styleUrl>
        <Point>
          <coordinates>127.392098455556,35.408135613888,0</coordinates>
        </Point>
      </Placemark>
      <Placemark>
        <name>◎ U남원24</name>
        <description><![CDATA[<b>통합기준점</b><br>명칭: U남원24<br>위도: 35.384277°N<br>경도: 127.367545°E<br><br><a href="https://map.naver.com/v5/search/35.3842767055547,127.367545416667">📍 네이버 지도</a>]]></description>
        <styleUrl>#통합기준점_style</styleUrl>
        <Point>
          <coordinates>127.367545416667,35.3842767055547,0</coordinates>
        </Point>
      </Placemark>
      <Placemark>
        <name>◎ U남원25</name>
        <description><![CDATA[<b>통합기준점</b><br>명칭: U남원25<br>위도: 35.405532°N<br>경도: 127.355784°E<br><br><a href="https://map.naver.com/v5/search/35.4055319611102,127.355783908333">📍 네이버 지도</a>]]></description>
        <styleUrl>#통합기준점_style</styleUrl>
        <Point>
          <coordinates>127.355783908333,35.4055319611102,0</coordinates>
        </Point>
      </Placemark>
      <Placemark>
        <name>◎ U남원26</name>
        <description><![CDATA[<b>통합기준점</b><br>명칭: U남원26<br>위도: 35.411231°N<br>경도: 127.319630°E<br><br><a href="https://map.naver.com/v5/search/35.4112313277769,127.319629705556">📍 네이버 지도</a>]]></description>
        <styleUrl>#통합기준점_style</styleUrl>
        <Point>
          <coordinates>127.319629705556,35.4112313277769,0</coordinates>
        </Point>
      </Placemark>
      <Placemark>
        <name>◎ U남원27</name>
        <description><![CDATA[<b>통합기준점</b><br>명칭: U남원27<br>위도: 35.380516°N<br>경도: 127.325410°E<br><br><a href="https://map.naver.com/v5/search/35.3805160777769,127.325410011111">📍 네이버 지도</a>]]></description>
        <styleUrl>#통합기준점_style</styleUrl>
        <Point>
          <coordinates>127.325410011111,35.3805160777769,0</coordinates>
        </Point>
      </Placemark>
      <Placemark>
        <name>◎ U남원29</name>
        <description><![CDATA[<b>통합기준점</b><br>명칭: U남원29<br>위도: 35.383031°N<br>경도: 127.300314°E<br><br><a href="https://map.naver.com/v5/search/35.3830310833325,127.300314044444">📍 네이버 지도</a>]]></description>
        <styleUrl>#통합기준점_style</styleUrl>
        <Point>
          <coordinates>127.300314044444,35.3830310833325,0</coordinates>
        </Point>
      </Placemark>
      <Placemark>
        <name>◎ U남원30</name>
        <description><![CDATA[<b>통합기준점</b><br>명칭: U남원30<br>위도: 35.406493°N<br>경도: 127.284311°E<br><br><a href="https://map.naver.com/v5/search/35.4064932666658,127.284310902778">📍 네이버 지도</a>]]></description>
        <styleUrl>#통합기준점_style</styleUrl>
        <Point>
          <coordinates>127.284310902778,35.4064932666658,0</coordinates>
        </Point>
      </Placemark>
      <Placemark>
        <name>◎ U영동16</name>
        <description><![CDATA[<b>통합기준점</b><br>명칭: U영동16<br>위도: 36.146346°N<br>경도: 127.777823°E<br><br><a href="https://map.naver.com/v5/search/36.1463462888882,127.77782275">📍 네이버 지도</a>]]></description>
        <styleUrl>#통합기준점_style</styleUrl>
        <Point>
          <coordinates>127.77782275,36.1463462888882,0</coordinates>
        </Point>
      </Placemark>
      <Placemark>
        <name>◎ U영동17</name>
        <description><![CDATA[<b>통합기준점</b><br>명칭: U영동17<br>위도: 36.135992°N<br>경도: 127.798435°E<br><br><a href="https://map.naver.com/v5/search/36.1359922527771,127.798435480556">📍 네이버 지도</a>]]></description>
        <styleUrl>#통합기준점_style</styleUrl>
        <Point>
          <coordinates>127.798435480556,36.1359922527771,0</coordinates>
        </Point>
      </Placemark>
      <Placemark>
        <name>◎ U영동18</name>
        <description><![CDATA[<b>통합기준점</b><br>명칭: U영동18<br>위도: 36.110834°N<br>경도: 127.756184°E<br><br><a href="https://map.naver.com/v5/search/36.1108341527771,127.756183802778">📍 네이버 지도</a>]]></description>
        <styleUrl>#통합기준점_style</styleUrl>
        <Point>
          <coordinates>127.756183802778,36.1108341527771,0</coordinates>
        </Point>
      </Placemark>
      <Placemark>
        <name>◎ U영동19</name>
        <description><![CDATA[<b>통합기준점</b><br>명칭: U영동19<br>위도: 36.114034°N<br>경도: 127.788539°E<br><br><a href="https://map.naver.com/v5/search/36.114034441666,127.7885388">📍 네이버 지도</a>]]></description>
        <styleUrl>#통합기준점_style</styleUrl>
        <Point>
          <coordinates>127.7885388,36.114034441666,0</coordinates>
        </Point>
      </Placemark>
      <Placemark>
        <name>◎ U영동20</name>
        <description><![CDATA[<b>통합기준점</b><br>명칭: U영동20<br>위도: 36.121873°N<br>경도: 127.891158°E<br><br><a href="https://map.naver.com/v5/search/36.1218734277771,127.891158061111">📍 네이버 지도</a>]]></description>
        <styleUrl>#통합기준점_style</styleUrl>
        <Point>
          <coordinates>127.891158061111,36.1218734277771,0</coordinates>
        </Point>
      </Placemark>
      <Placemark>
        <name>◎ U영동23</name>
        <description><![CDATA[<b>통합기준점</b><br>명칭: U영동23<br>위도: 36.071928°N<br>경도: 127.881668°E<br><br><a href="https://map.naver.com/v5/search/36.071927891666,127.881667558333">📍 네이버 지도</a>]]></description>
        <styleUrl>#통합기준점_style</styleUrl>
        <Point>
          <coordinates>127.881667558333,36.071927891666,0</coordinates>
        </Point>
      </Placemark>
      <Placemark>
        <name>◎ U영동24</name>
        <description><![CDATA[<b>통합기준점</b><br>명칭: U영동24<br>위도: 36.053026°N<br>경도: 127.818481°E<br><br><a href="https://map.naver.com/v5/search/36.0530257944438,127.818480938889">📍 네이버 지도</a>]]></description>
        <styleUrl>#통합기준점_style</styleUrl>
        <Point>
          <coordinates>127.818480938889,36.0530257944438,0</coordinates>
        </Point>
      </Placemark>
      <Placemark>
        <name>◎ U영동25</name>
        <description><![CDATA[<b>통합기준점</b><br>명칭: U영동25<br>위도: 36.009476°N<br>경도: 127.790444°E<br><br><a href="https://map.naver.com/v5/search/36.0094759861104,127.790444419444">📍 네이버 지도</a>]]></description>
        <styleUrl>#통합기준점_style</styleUrl>
        <Point>
          <coordinates>127.790444419444,36.0094759861104,0</coordinates>
        </Point>
      </Placemark>
      <Placemark>
        <name>◎ U영동26</name>
        <description><![CDATA[<b>통합기준점</b><br>명칭: U영동26<br>위도: 36.012631°N<br>경도: 127.817267°E<br><br><a href="https://map.naver.com/v5/search/36.0126306138882,127.817267047222">📍 네이버 지도</a>]]></description>
        <styleUrl>#통합기준점_style</styleUrl>
        <Point>
          <coordinates>127.817267047222,36.0126306138882,0</coordinates>
        </Point>
      </Placemark>
      <Placemark>
        <name>◎ U군산10</name>
        <description><![CDATA[<b>통합기준점</b><br>명칭: U군산10<br>위도: 35.988962°N<br>경도: 126.744107°E<br><br><a href="https://map.naver.com/v5/search/35.9889617777771,126.744106722222">📍 네이버 지도</a>]]></description>
        <styleUrl>#통합기준점_style</styleUrl>
        <Point>
          <coordinates>126.744106722222,35.9889617777771,0</coordinates>
        </Point>
      </Placemark>
      <Placemark>
        <name>◎ U익산75</name>
        <description><![CDATA[<b>통합기준점</b><br>명칭: U익산75<br>위도: 35.852579°N<br>경도: 126.905909°E<br><br><a href="https://map.naver.com/v5/search/35.852578877777,126.905908858333">📍 네이버 지도</a>]]></description>
        <styleUrl>#통합기준점_style</styleUrl>
        <Point>
          <coordinates>126.905908858333,35.852578877777,0</coordinates>
        </Point>
      </Placemark>
      <Placemark>
        <name>◎ U전주65</name>
        <description><![CDATA[<b>통합기준점</b><br>명칭: U전주65<br>위도: 35.840981°N<br>경도: 127.117317°E<br><br><a href="https://map.naver.com/v5/search/35.840981252777,127.117317147222">📍 네이버 지도</a>]]></description>
        <styleUrl>#통합기준점_style</styleUrl>
        <Point>
          <coordinates>127.117317147222,35.840981252777,0</coordinates>
        </Point>
      </Placemark>
      <Placemark>
        <name>◎ U부안29</name>
        <description><![CDATA[<b>통합기준점</b><br>명칭: U부안29<br>위도: 35.730658°N<br>경도: 126.740619°E<br><br><a href="https://map.naver.com/v5/search/35.7306582111103,126.740618961111">📍 네이버 지도</a>]]></description>
        <styleUrl>#통합기준점_style</styleUrl>
        <Point>
          <coordinates>126.740618961111,35.7306582111103,0</coordinates>
        </Point>
      </Placemark>
      <Placemark>
        <name>◎ U부안30</name>
        <description><![CDATA[<b>통합기준점</b><br>명칭: U부안30<br>위도: 35.695337°N<br>경도: 126.690121°E<br><br><a href="https://map.naver.com/v5/search/35.6953367361103,126.690120925">📍 네이버 지도</a>]]></description>
        <styleUrl>#통합기준점_style</styleUrl>
        <Point>
          <coordinates>126.690120925,35.6953367361103,0</coordinates>
        </Point>
      </Placemark>
      <Placemark>
        <name>◎ U임실28</name>
        <description><![CDATA[<b>통합기준점</b><br>명칭: U임실28<br>위도: 35.583883°N<br>경도: 127.436716°E<br><br><a href="https://map.naver.com/v5/search/35.5838826555548,127.436716094444">📍 네이버 지도</a>]]></description>
        <styleUrl>#통합기준점_style</styleUrl>
        <Point>
          <coordinates>127.436716094444,35.5838826555548,0</coordinates>
        </Point>
      </Placemark>
      <Placemark>
        <name>◎ U거창82</name>
        <description><![CDATA[<b>통합기준점</b><br>명칭: U거창82<br>위도: 35.524151°N<br>경도: 127.743349°E<br><br><a href="https://map.naver.com/v5/search/35.5241513611103,127.743348805556">📍 네이버 지도</a>]]></description>
        <styleUrl>#통합기준점_style</styleUrl>
        <Point>
          <coordinates>127.743348805556,35.5241513611103,0</coordinates>
        </Point>
      </Placemark>
      <Placemark>
        <name>◎ U법성16</name>
        <description><![CDATA[<b>통합기준점</b><br>명칭: U법성16<br>위도: 35.382418°N<br>경도: 126.425135°E<br><br><a href="https://map.naver.com/v5/search/35.3824181305547,126.425134672222">📍 네이버 지도</a>]]></description>
        <styleUrl>#통합기준점_style</styleUrl>
        <Point>
          <coordinates>126.425134672222,35.3824181305547,0</coordinates>
        </Point>
      </Placemark>
      <Placemark>
        <name>◎ U0698</name>
        <description><![CDATA[<b>통합기준점</b><br>명칭: U0698<br>위도: 35.986847°N<br>경도: 127.261625°E<br><br><a href="https://map.naver.com/v5/search/35.9868467777771,127.261625055556">📍 네이버 지도</a>]]></description>
        <styleUrl>#통합기준점_style</styleUrl>
        <Point>
          <coordinates>127.261625055556,35.9868467777771,0</coordinates>
        </Point>
      </Placemark>
      <Placemark>
        <name>◎ U무주91</name>
        <description><![CDATA[<b>통합기준점</b><br>명칭: U무주91<br>위도: 35.757024°N<br>경도: 127.507218°E<br><br><a href="https://map.naver.com/v5/search/35.7570235083326,127.507217622222">📍 네이버 지도</a>]]></description>
        <styleUrl>#통합기준점_style</styleUrl>
        <Point>
          <coordinates>127.507217622222,35.7570235083326,0</coordinates>
        </Point>
      </Placemark>
      <Placemark>
        <name>◎ U무주26</name>
        <description><![CDATA[<b>통합기준점</b><br>명칭: U무주26<br>위도: 35.930064°N<br>경도: 127.656225°E<br><br><a href="https://map.naver.com/v5/search/35.9300640083326,127.656224886111">📍 네이버 지도</a>]]></description>
        <styleUrl>#통합기준점_style</styleUrl>
        <Point>
          <coordinates>127.656224886111,35.9300640083326,0</coordinates>
        </Point>
      </Placemark>
      <Placemark>
        <name>◎ U함양84</name>
        <description><![CDATA[<b>통합기준점</b><br>명칭: U함양84<br>위도: 35.532458°N<br>경도: 127.585977°E<br><br><a href="https://map.naver.com/v5/search/35.5324583055547,127.5859775">📍 네이버 지도</a>]]></description>
        <styleUrl>#통합기준점_style</styleUrl>
        <Point>
          <coordinates>127.5859775,35.5324583055547,0</coordinates>
        </Point>
      </Placemark>
      <Placemark>
        <name>◎ U함양85</name>
        <description><![CDATA[<b>통합기준점</b><br>명칭: U함양85<br>위도: 35.524838°N<br>경도: 127.611249°E<br><br><a href="https://map.naver.com/v5/search/35.5248384166658,127.611249194444">📍 네이버 지도</a>]]></description>
        <styleUrl>#통합기준점_style</styleUrl>
        <Point>
          <coordinates>127.611249194444,35.5248384166658,0</coordinates>
        </Point>
      </Placemark>
      <Placemark>
        <name>◎ U함양91</name>
        <description><![CDATA[<b>통합기준점</b><br>명칭: U함양91<br>위도: 35.501839°N<br>경도: 127.520075°E<br><br><a href="https://map.naver.com/v5/search/35.5018390472214,127.520074602778">📍 네이버 지도</a>]]></description>
        <styleUrl>#통합기준점_style</styleUrl>
        <Point>
          <coordinates>127.520074602778,35.5018390472214,0</coordinates>
        </Point>
      </Placemark>
      <Placemark>
        <name>◎ U함양95</name>
        <description><![CDATA[<b>통합기준점</b><br>명칭: U함양95<br>위도: 35.504444°N<br>경도: 127.609917°E<br><br><a href="https://map.naver.com/v5/search/35.5044443888881,127.609916972222">📍 네이버 지도</a>]]></description>
        <styleUrl>#통합기준점_style</styleUrl>
        <Point>
          <coordinates>127.609916972222,35.5044443888881,0</coordinates>
        </Point>
      </Placemark>
      <Placemark>
        <name>◎ U운봉03</name>
        <description><![CDATA[<b>통합기준점</b><br>명칭: U운봉03<br>위도: 35.489192°N<br>경도: 127.572064°E<br><br><a href="https://map.naver.com/v5/search/35.4891919444436,127.572063583333">📍 네이버 지도</a>]]></description>
        <styleUrl>#통합기준점_style</styleUrl>
        <Point>
          <coordinates>127.572063583333,35.4891919444436,0</coordinates>
        </Point>
      </Placemark>
      <Placemark>
        <name>◎ U운봉05</name>
        <description><![CDATA[<b>통합기준점</b><br>명칭: U운봉05<br>위도: 35.485262°N<br>경도: 127.611067°E<br><br><a href="https://map.naver.com/v5/search/35.4852618055547,127.611067138889">📍 네이버 지도</a>]]></description>
        <styleUrl>#통합기준점_style</styleUrl>
        <Point>
          <coordinates>127.611067138889,35.4852618055547,0</coordinates>
        </Point>
      </Placemark>
      <Placemark>
        <name>◎ U운봉06</name>
        <description><![CDATA[<b>통합기준점</b><br>명칭: U운봉06<br>위도: 35.498588°N<br>경도: 127.630642°E<br><br><a href="https://map.naver.com/v5/search/35.4985878888881,127.63064225">📍 네이버 지도</a>]]></description>
        <styleUrl>#통합기준점_style</styleUrl>
        <Point>
          <coordinates>127.63064225,35.4985878888881,0</coordinates>
        </Point>
      </Placemark>
      <Placemark>
        <name>◎ U운봉11</name>
        <description><![CDATA[<b>통합기준점</b><br>명칭: U운봉11<br>위도: 35.472622°N<br>경도: 127.519710°E<br><br><a href="https://map.naver.com/v5/search/35.4726222499992,127.519710305556">📍 네이버 지도</a>]]></description>
        <styleUrl>#통합기준점_style</styleUrl>
        <Point>
          <coordinates>127.519710305556,35.4726222499992,0</coordinates>
        </Point>
      </Placemark>
      <Placemark>
        <name>◎ U운봉12</name>
        <description><![CDATA[<b>통합기준점</b><br>명칭: U운봉12<br>위도: 35.464135°N<br>경도: 127.540671°E<br><br><a href="https://map.naver.com/v5/search/35.4641354722214,127.54067125">📍 네이버 지도</a>]]></description>
        <styleUrl>#통합기준점_style</styleUrl>
        <Point>
          <coordinates>127.54067125,35.4641354722214,0</coordinates>
        </Point>
      </Placemark>
      <Placemark>
        <name>◎ U운봉13</name>
        <description><![CDATA[<b>통합기준점</b><br>명칭: U운봉13<br>위도: 35.457873°N<br>경도: 127.565270°E<br><br><a href="https://map.naver.com/v5/search/35.4578732222214,127.565269888889">📍 네이버 지도</a>]]></description>
        <styleUrl>#통합기준점_style</styleUrl>
        <Point>
          <coordinates>127.565269888889,35.4578732222214,0</coordinates>
        </Point>
      </Placemark>
      <Placemark>
        <name>◎ U운봉16</name>
        <description><![CDATA[<b>통합기준점</b><br>명칭: U운봉16<br>위도: 35.467791°N<br>경도: 127.636773°E<br><br><a href="https://map.naver.com/v5/search/35.4677906305547,127.636772963889">📍 네이버 지도</a>]]></description>
        <styleUrl>#통합기준점_style</styleUrl>
        <Point>
          <coordinates>127.636772963889,35.4677906305547,0</coordinates>
        </Point>
      </Placemark>
      <Placemark>
        <name>◎ U운봉21</name>
        <description><![CDATA[<b>통합기준점</b><br>명칭: U운봉21<br>위도: 35.446680°N<br>경도: 127.503831°E<br><br><a href="https://map.naver.com/v5/search/35.4466801666658,127.50383125">📍 네이버 지도</a>]]></description>
        <styleUrl>#통합기준점_style</styleUrl>
        <Point>
          <coordinates>127.50383125,35.4466801666658,0</coordinates>
        </Point>
      </Placemark>
      <Placemark>
        <name>◎ U운봉22</name>
        <description><![CDATA[<b>통합기준점</b><br>명칭: U운봉22<br>위도: 35.434651°N<br>경도: 127.545975°E<br><br><a href="https://map.naver.com/v5/search/35.4346513055547,127.5459755">📍 네이버 지도</a>]]></description>
        <styleUrl>#통합기준점_style</styleUrl>
        <Point>
          <coordinates>127.5459755,35.4346513055547,0</coordinates>
        </Point>
      </Placemark>
      <Placemark>
        <name>◎ U운봉31</name>
        <description><![CDATA[<b>통합기준점</b><br>명칭: U운봉31<br>위도: 35.429910°N<br>경도: 127.520413°E<br><br><a href="https://map.naver.com/v5/search/35.429910038888,127.520413169444">📍 네이버 지도</a>]]></description>
        <styleUrl>#통합기준점_style</styleUrl>
        <Point>
          <coordinates>127.520413169444,35.429910038888,0</coordinates>
        </Point>
      </Placemark>
      <Placemark>
        <name>◎ U운봉32</name>
        <description><![CDATA[<b>통합기준점</b><br>명칭: U운봉32<br>위도: 35.401879°N<br>경도: 127.534348°E<br><br><a href="https://map.naver.com/v5/search/35.4018787499991,127.534347888889">📍 네이버 지도</a>]]></description>
        <styleUrl>#통합기준점_style</styleUrl>
        <Point>
          <coordinates>127.534347888889,35.4018787499991,0</coordinates>
        </Point>
      </Placemark>
      <Placemark>
        <name>◎ U운봉35</name>
        <description><![CDATA[<b>통합기준점</b><br>명칭: U운봉35<br>위도: 35.418475°N<br>경도: 127.618321°E<br><br><a href="https://map.naver.com/v5/search/35.4184751944436,127.618321222222">📍 네이버 지도</a>]]></description>
        <styleUrl>#통합기준점_style</styleUrl>
        <Point>
          <coordinates>127.618321222222,35.4184751944436,0</coordinates>
        </Point>
      </Placemark>
      <Placemark>
        <name>◎ U운봉36</name>
        <description><![CDATA[<b>통합기준점</b><br>명칭: U운봉36<br>위도: 35.413636°N<br>경도: 127.641259°E<br><br><a href="https://map.naver.com/v5/search/35.4136358055547,127.641258527778">📍 네이버 지도</a>]]></description>
        <styleUrl>#통합기준점_style</styleUrl>
        <Point>
          <coordinates>127.641258527778,35.4136358055547,0</coordinates>
        </Point>
      </Placemark>
      <Placemark>
        <name>◎ U운봉45</name>
        <description><![CDATA[<b>통합기준점</b><br>명칭: U운봉45<br>위도: 35.399348°N<br>경도: 127.600885°E<br><br><a href="https://map.naver.com/v5/search/35.399348388888,127.600884916667">📍 네이버 지도</a>]]></description>
        <styleUrl>#통합기준점_style</styleUrl>
        <Point>
          <coordinates>127.600884916667,35.399348388888,0</coordinates>
        </Point>
      </Placemark>
      <Placemark>
        <name>◎ U서천96</name>
        <description><![CDATA[<b>통합기준점</b><br>명칭: U서천96<br>위도: 36.018600°N<br>경도: 126.671580°E<br><br><a href="https://map.naver.com/v5/search/36.0185998555549,126.67158045">📍 네이버 지도</a>]]></description>
        <styleUrl>#통합기준점_style</styleUrl>
        <Point>
          <coordinates>126.67158045,36.0185998555549,0</coordinates>
        </Point>
      </Placemark>
      <Placemark>
        <name>◎ U정읍34</name>
        <description><![CDATA[<b>통합기준점</b><br>명칭: U정읍34<br>위도: 35.650409°N<br>경도: 126.932988°E<br><br><a href="https://map.naver.com/v5/search/35.6504093055548,126.932988111111">📍 네이버 지도</a>]]></description>
        <styleUrl>#통합기준점_style</styleUrl>
        <Point>
          <coordinates>126.932988111111,35.6504093055548,0</coordinates>
        </Point>
      </Placemark>
      <Placemark>
        <name>◎ U정읍33</name>
        <description><![CDATA[<b>통합기준점</b><br>명칭: U정읍33<br>위도: 35.584750°N<br>경도: 126.842707°E<br><br><a href="https://map.naver.com/v5/search/35.5847496666659,126.842706694444">📍 네이버 지도</a>]]></description>
        <styleUrl>#통합기준점_style</styleUrl>
        <Point>
          <coordinates>126.842706694444,35.5847496666659,0</coordinates>
        </Point>
      </Placemark>
      <Placemark>
        <name>◎ U임실95</name>
        <description><![CDATA[<b>통합기준점</b><br>명칭: U임실95<br>위도: 35.513281°N<br>경도: 127.354063°E<br><br><a href="https://map.naver.com/v5/search/35.5132808055547,127.354063416667">📍 네이버 지도</a>]]></description>
        <styleUrl>#통합기준점_style</styleUrl>
        <Point>
          <coordinates>127.354063416667,35.5132808055547,0</coordinates>
        </Point>
      </Placemark>
      <Placemark>
        <name>◎ U임실29</name>
        <description><![CDATA[<b>통합기준점</b><br>명칭: U임실29<br>위도: 35.594378°N<br>경도: 127.260998°E<br><br><a href="https://map.naver.com/v5/search/35.5943780833325,127.260997972222">📍 네이버 지도</a>]]></description>
        <styleUrl>#통합기준점_style</styleUrl>
        <Point>
          <coordinates>127.260997972222,35.5943780833325,0</coordinates>
        </Point>
      </Placemark>
      <Placemark>
        <name>◎ U임실30</name>
        <description><![CDATA[<b>통합기준점</b><br>명칭: U임실30<br>위도: 35.711829°N<br>경도: 127.411739°E<br><br><a href="https://map.naver.com/v5/search/35.7118288611103,127.411739416667">📍 네이버 지도</a>]]></description>
        <styleUrl>#통합기준점_style</styleUrl>
        <Point>
          <coordinates>127.411739416667,35.7118288611103,0</coordinates>
        </Point>
      </Placemark>
      <Placemark>
        <name>◎ U함양83</name>
        <description><![CDATA[<b>통합기준점</b><br>명칭: U함양83<br>위도: 35.525716°N<br>경도: 127.558351°E<br><br><a href="https://map.naver.com/v5/search/35.5257164555547,127.558350908333">📍 네이버 지도</a>]]></description>
        <styleUrl>#통합기준점_style</styleUrl>
        <Point>
          <coordinates>127.558350908333,35.5257164555547,0</coordinates>
        </Point>
      </Placemark>
      <Placemark>
        <name>◎ U익산11</name>
        <description><![CDATA[<b>통합기준점</b><br>명칭: U익산11<br>위도: 35.959864°N<br>경도: 126.776476°E<br><br><a href="https://map.naver.com/v5/search/35.9598642222215,126.776475569444">📍 네이버 지도</a>]]></description>
        <styleUrl>#통합기준점_style</styleUrl>
        <Point>
          <coordinates>126.776475569444,35.9598642222215,0</coordinates>
        </Point>
      </Placemark>
      <Placemark>
        <name>◎ U익산26</name>
        <description><![CDATA[<b>통합기준점</b><br>명칭: U익산26<br>위도: 35.930186°N<br>경도: 126.893115°E<br><br><a href="https://map.naver.com/v5/search/35.9301862499993,126.893115486111">📍 네이버 지도</a>]]></description>
        <styleUrl>#통합기준점_style</styleUrl>
        <Point>
          <coordinates>126.893115486111,35.9301862499993,0</coordinates>
        </Point>
      </Placemark>
      <Placemark>
        <name>◎ U0006</name>
        <description><![CDATA[<b>통합기준점</b><br>명칭: U0006<br>위도: 35.838132°N<br>경도: 127.066440°E<br><br><a href="https://map.naver.com/v5/search/35.8381322916659,127.066440002778">📍 네이버 지도</a>]]></description>
        <styleUrl>#통합기준점_style</styleUrl>
        <Point>
          <coordinates>127.066440002778,35.8381322916659,0</coordinates>
        </Point>
      </Placemark>
      <Placemark>
        <name>◎ U전주57</name>
        <description><![CDATA[<b>통합기준점</b><br>명칭: U전주57<br>위도: 35.866383°N<br>경도: 127.166400°E<br><br><a href="https://map.naver.com/v5/search/35.8663827083326,127.166399508333">📍 네이버 지도</a>]]></description>
        <styleUrl>#통합기준점_style</styleUrl>
        <Point>
          <coordinates>127.166399508333,35.8663827083326,0</coordinates>
        </Point>
      </Placemark>
      <Placemark>
        <name>◎ U전주76</name>
        <description><![CDATA[<b>통합기준점</b><br>명칭: U전주76<br>위도: 35.816584°N<br>경도: 127.139096°E<br><br><a href="https://map.naver.com/v5/search/35.8165843583326,127.139096230556">📍 네이버 지도</a>]]></description>
        <styleUrl>#통합기준점_style</styleUrl>
        <Point>
          <coordinates>127.139096230556,35.8165843583326,0</coordinates>
        </Point>
      </Placemark>
      <Placemark>
        <name>◎ U전주82</name>
        <description><![CDATA[<b>통합기준점</b><br>명칭: U전주82<br>위도: 35.786315°N<br>경도: 127.028829°E<br><br><a href="https://map.naver.com/v5/search/35.7863149138881,127.028828883333">📍 네이버 지도</a>]]></description>
        <styleUrl>#통합기준점_style</styleUrl>
        <Point>
          <coordinates>127.028828883333,35.7863149138881,0</coordinates>
        </Point>
      </Placemark>
      <Placemark>
        <name>◎ U진안05</name>
        <description><![CDATA[<b>통합기준점</b><br>명칭: U진안05<br>위도: 35.977757°N<br>경도: 127.373923°E<br><br><a href="https://map.naver.com/v5/search/35.977756991666,127.373923333333">📍 네이버 지도</a>]]></description>
        <styleUrl>#통합기준점_style</styleUrl>
        <Point>
          <coordinates>127.373923333333,35.977756991666,0</coordinates>
        </Point>
      </Placemark>
      <Placemark>
        <name>◎ U진안22</name>
        <description><![CDATA[<b>통합기준점</b><br>명칭: U진안22<br>위도: 35.946834°N<br>경도: 127.289866°E<br><br><a href="https://map.naver.com/v5/search/35.9468336083326,127.289865833333">📍 네이버 지도</a>]]></description>
        <styleUrl>#통합기준점_style</styleUrl>
        <Point>
          <coordinates>127.289865833333,35.9468336083326,0</coordinates>
        </Point>
      </Placemark>
      <Placemark>
        <name>◎ U진안25</name>
        <description><![CDATA[<b>통합기준점</b><br>명칭: U진안25<br>위도: 35.961722°N<br>경도: 127.364949°E<br><br><a href="https://map.naver.com/v5/search/35.9617220249993,127.364949441667">📍 네이버 지도</a>]]></description>
        <styleUrl>#통합기준점_style</styleUrl>
        <Point>
          <coordinates>127.364949441667,35.9617220249993,0</coordinates>
        </Point>
      </Placemark>
      <Placemark>
        <name>◎ U진안51</name>
        <description><![CDATA[<b>통합기준점</b><br>명칭: U진안51<br>위도: 35.850312°N<br>경도: 127.262558°E<br><br><a href="https://map.naver.com/v5/search/35.8503115944437,127.262558311111">📍 네이버 지도</a>]]></description>
        <styleUrl>#통합기준점_style</styleUrl>
        <Point>
          <coordinates>127.262558311111,35.8503115944437,0</coordinates>
        </Point>
      </Placemark>
      <Placemark>
        <name>◎ U진안68</name>
        <description><![CDATA[<b>통합기준점</b><br>명칭: U진안68<br>위도: 35.848448°N<br>경도: 127.446078°E<br><br><a href="https://map.naver.com/v5/search/35.8484479305548,127.446077527778">📍 네이버 지도</a>]]></description>
        <styleUrl>#통합기준점_style</styleUrl>
        <Point>
          <coordinates>127.446077527778,35.8484479305548,0</coordinates>
        </Point>
      </Placemark>
      <Placemark>
        <name>◎ U진안78</name>
        <description><![CDATA[<b>통합기준점</b><br>명칭: U진안78<br>위도: 35.798921°N<br>경도: 127.436704°E<br><br><a href="https://map.naver.com/v5/search/35.7989205194437,127.436704363889">📍 네이버 지도</a>]]></description>
        <styleUrl>#통합기준점_style</styleUrl>
        <Point>
          <coordinates>127.436704363889,35.7989205194437,0</coordinates>
        </Point>
      </Placemark>
      <Placemark>
        <name>◎ U진안80</name>
        <description><![CDATA[<b>통합기준점</b><br>명칭: U진안80<br>위도: 35.817799°N<br>경도: 127.464250°E<br><br><a href="https://map.naver.com/v5/search/35.817798602777,127.464249869444">📍 네이버 지도</a>]]></description>
        <styleUrl>#통합기준점_style</styleUrl>
        <Point>
          <coordinates>127.464249869444,35.817798602777,0</coordinates>
        </Point>
      </Placemark>
      <Placemark>
        <name>◎ U진안89</name>
        <description><![CDATA[<b>통합기준점</b><br>명칭: U진안89<br>위도: 35.789087°N<br>경도: 127.465961°E<br><br><a href="https://map.naver.com/v5/search/35.7890869805548,127.465961144444">📍 네이버 지도</a>]]></description>
        <styleUrl>#통합기준점_style</styleUrl>
        <Point>
          <coordinates>127.465961144444,35.7890869805548,0</coordinates>
        </Point>
      </Placemark>
      <Placemark>
        <name>◎ U진안90</name>
        <description><![CDATA[<b>통합기준점</b><br>명칭: U진안90<br>위도: 35.777316°N<br>경도: 127.492712°E<br><br><a href="https://map.naver.com/v5/search/35.7773156694437,127.492711802778">📍 네이버 지도</a>]]></description>
        <styleUrl>#통합기준점_style</styleUrl>
        <Point>
          <coordinates>127.492711802778,35.7773156694437,0</coordinates>
        </Point>
      </Placemark>
      <Placemark>
        <name>◎ U진안95</name>
        <description><![CDATA[<b>통합기준점</b><br>명칭: U진안95<br>위도: 35.756145°N<br>경도: 127.353371°E<br><br><a href="https://map.naver.com/v5/search/35.7561445805548,127.353370505556">📍 네이버 지도</a>]]></description>
        <styleUrl>#통합기준점_style</styleUrl>
        <Point>
          <coordinates>127.353370505556,35.7561445805548,0</coordinates>
        </Point>
      </Placemark>
      <Placemark>
        <name>◎ U무주66</name>
        <description><![CDATA[<b>통합기준점</b><br>명칭: U무주66<br>위도: 35.827195°N<br>경도: 127.639045°E<br><br><a href="https://map.naver.com/v5/search/35.8271950388881,127.639044811111">📍 네이버 지도</a>]]></description>
        <styleUrl>#통합기준점_style</styleUrl>
        <Point>
          <coordinates>127.639044811111,35.8271950388881,0</coordinates>
        </Point>
      </Placemark>
      <Placemark>
        <name>◎ U정읍66</name>
        <description><![CDATA[<b>통합기준점</b><br>명칭: U정읍66<br>위도: 35.597584°N<br>경도: 126.878840°E<br><br><a href="https://map.naver.com/v5/search/35.5975841055548,126.878840063889">📍 네이버 지도</a>]]></description>
        <styleUrl>#통합기준점_style</styleUrl>
        <Point>
          <coordinates>126.878840063889,35.5975841055548,0</coordinates>
        </Point>
      </Placemark>
      <Placemark>
        <name>◎ U정읍84</name>
        <description><![CDATA[<b>통합기준점</b><br>명칭: U정읍84<br>위도: 35.546798°N<br>경도: 126.828060°E<br><br><a href="https://map.naver.com/v5/search/35.546798202777,126.828059594444">📍 네이버 지도</a>]]></description>
        <styleUrl>#통합기준점_style</styleUrl>
        <Point>
          <coordinates>126.828059594444,35.546798202777,0</coordinates>
        </Point>
      </Placemark>
      <Placemark>
        <name>◎ U갈담69</name>
        <description><![CDATA[<b>통합기준점</b><br>명칭: U갈담69<br>위도: 35.577886°N<br>경도: 127.216259°E<br><br><a href="https://map.naver.com/v5/search/35.5778859861103,127.216258913889">📍 네이버 지도</a>]]></description>
        <styleUrl>#통합기준점_style</styleUrl>
        <Point>
          <coordinates>127.216258913889,35.5778859861103,0</coordinates>
        </Point>
      </Placemark>
      <Placemark>
        <name>◎ U갈담96</name>
        <description><![CDATA[<b>통합기준점</b><br>명칭: U갈담96<br>위도: 35.517035°N<br>경도: 127.127308°E<br><br><a href="https://map.naver.com/v5/search/35.5170347944436,127.127307591667">📍 네이버 지도</a>]]></description>
        <styleUrl>#통합기준점_style</styleUrl>
        <Point>
          <coordinates>127.127307591667,35.5170347944436,0</coordinates>
        </Point>
      </Placemark>
      <Placemark>
        <name>◎ U무풍33</name>
        <description><![CDATA[<b>통합기준점</b><br>명칭: U무풍33<br>위도: 35.903162°N<br>경도: 127.808602°E<br><br><a href="https://map.naver.com/v5/search/35.9031623638882,127.808602097222">📍 네이버 지도</a>]]></description>
        <styleUrl>#통합기준점_style</styleUrl>
        <Point>
          <coordinates>127.808602097222,35.9031623638882,0</coordinates>
        </Point>
      </Placemark>
      <Placemark>
        <name>◎ U무풍54</name>
        <description><![CDATA[<b>통합기준점</b><br>명칭: U무풍54<br>위도: 35.851924°N<br>경도: 127.837366°E<br><br><a href="https://map.naver.com/v5/search/35.8519239472215,127.8373659">📍 네이버 지도</a>]]></description>
        <styleUrl>#통합기준점_style</styleUrl>
        <Point>
          <coordinates>127.8373659,35.8519239472215,0</coordinates>
        </Point>
      </Placemark>
      <Placemark>
        <name>◎ U무풍85</name>
        <description><![CDATA[<b>통합기준점</b><br>명칭: U무풍85<br>위도: 35.796655°N<br>경도: 127.872842°E<br><br><a href="https://map.naver.com/v5/search/35.7966548944437,127.872842455556">📍 네이버 지도</a>]]></description>
        <styleUrl>#통합기준점_style</styleUrl>
        <Point>
          <coordinates>127.872842455556,35.7966548944437,0</coordinates>
        </Point>
      </Placemark>
      <Placemark>
        <name>◎ U거창52</name>
        <description><![CDATA[<b>통합기준점</b><br>명칭: U거창52<br>위도: 35.619763°N<br>경도: 127.796569°E<br><br><a href="https://map.naver.com/v5/search/35.6197629111103,127.796568572222">📍 네이버 지도</a>]]></description>
        <styleUrl>#통합기준점_style</styleUrl>
        <Point>
          <coordinates>127.796568572222,35.6197629111103,0</coordinates>
        </Point>
      </Placemark>
      <Placemark>
        <name>◎ U거창61</name>
        <description><![CDATA[<b>통합기준점</b><br>명칭: U거창61<br>위도: 35.586495°N<br>경도: 127.763665°E<br><br><a href="https://map.naver.com/v5/search/35.5864947722214,127.763665183333">📍 네이버 지도</a>]]></description>
        <styleUrl>#통합기준점_style</styleUrl>
        <Point>
          <coordinates>127.763665183333,35.5864947722214,0</coordinates>
        </Point>
      </Placemark>
      <Placemark>
        <name>◎ U산청15</name>
        <description><![CDATA[<b>통합기준점</b><br>명칭: U산청15<br>위도: 35.458809°N<br>경도: 127.861979°E<br><br><a href="https://map.naver.com/v5/search/35.4588090861103,127.861978836111">📍 네이버 지도</a>]]></description>
        <styleUrl>#통합기준점_style</styleUrl>
        <Point>
          <coordinates>127.861978836111,35.4588090861103,0</coordinates>
        </Point>
      </Placemark>
      <Placemark>
        <name>◎ U산청26</name>
        <description><![CDATA[<b>통합기준점</b><br>명칭: U산청26<br>위도: 35.440100°N<br>경도: 127.899589°E<br><br><a href="https://map.naver.com/v5/search/35.4400997583325,127.899588766667">📍 네이버 지도</a>]]></description>
        <styleUrl>#통합기준점_style</styleUrl>
        <Point>
          <coordinates>127.899588766667,35.4400997583325,0</coordinates>
        </Point>
      </Placemark>
      <Placemark>
        <name>◎ U산청36</name>
        <description><![CDATA[<b>통합기준점</b><br>명칭: U산청36<br>위도: 35.408102°N<br>경도: 127.898420°E<br><br><a href="https://map.naver.com/v5/search/35.4081020527769,127.89842">📍 네이버 지도</a>]]></description>
        <styleUrl>#통합기준점_style</styleUrl>
        <Point>
          <coordinates>127.89842,35.4081020527769,0</coordinates>
        </Point>
      </Placemark>
      <Placemark>
        <name>◎ U금산91</name>
        <description><![CDATA[<b>통합기준점</b><br>명칭: U금산91<br>위도: 36.022071°N<br>경도: 127.252466°E<br><br><a href="https://map.naver.com/v5/search/36.0220708055549,127.252465630556">📍 네이버 지도</a>]]></description>
        <styleUrl>#통합기준점_style</styleUrl>
        <Point>
          <coordinates>127.252465630556,36.0220708055549,0</coordinates>
        </Point>
      </Placemark>
      <Placemark>
        <name>◎ U이원49</name>
        <description><![CDATA[<b>통합기준점</b><br>명칭: U이원49<br>위도: 36.127606°N<br>경도: 127.707287°E<br><br><a href="https://map.naver.com/v5/search/36.1276064083327,127.707286788889">📍 네이버 지도</a>]]></description>
        <styleUrl>#통합기준점_style</styleUrl>
        <Point>
          <coordinates>127.707286788889,36.1276064083327,0</coordinates>
        </Point>
      </Placemark>
      <Placemark>
        <name>◎ U이원99</name>
        <description><![CDATA[<b>통합기준점</b><br>명칭: U이원99<br>위도: 36.016926°N<br>경도: 127.715653°E<br><br><a href="https://map.naver.com/v5/search/36.016925691666,127.715653197222">📍 네이버 지도</a>]]></description>
        <styleUrl>#통합기준점_style</styleUrl>
        <Point>
          <coordinates>127.715653197222,36.016925691666,0</coordinates>
        </Point>
      </Placemark>
      <Placemark>
        <name>◎ U군산15</name>
        <description><![CDATA[<b>통합기준점</b><br>명칭: U군산15<br>위도: 35.954378°N<br>경도: 126.620237°E<br><br><a href="https://map.naver.com/v5/search/35.9543776305549,126.620236555555">📍 네이버 지도</a>]]></description>
        <styleUrl>#통합기준점_style</styleUrl>
        <Point>
          <coordinates>126.620236555555,35.9543776305549,0</coordinates>
        </Point>
      </Placemark>
      <Placemark>
        <name>◎ U군산18</name>
        <description><![CDATA[<b>통합기준점</b><br>명칭: U군산18<br>위도: 35.974920°N<br>경도: 126.682693°E<br><br><a href="https://map.naver.com/v5/search/35.9749195972215,126.682692505555">📍 네이버 지도</a>]]></description>
        <styleUrl>#통합기준점_style</styleUrl>
        <Point>
          <coordinates>126.682692505555,35.9749195972215,0</coordinates>
        </Point>
      </Placemark>
      <Placemark>
        <name>◎ U군산22</name>
        <description><![CDATA[<b>통합기준점</b><br>명칭: U군산22<br>위도: 35.937859°N<br>경도: 126.532845°E<br><br><a href="https://map.naver.com/v5/search/35.9378592999993,126.532844983333">📍 네이버 지도</a>]]></description>
        <styleUrl>#통합기준점_style</styleUrl>
        <Point>
          <coordinates>126.532844983333,35.9378592999993,0</coordinates>
        </Point>
      </Placemark>
      <Placemark>
        <name>◎ U군산31</name>
        <description><![CDATA[<b>통합기준점</b><br>명칭: U군산31<br>위도: 35.907815°N<br>경도: 126.522562°E<br><br><a href="https://map.naver.com/v5/search/35.9078146722215,126.522562194444">📍 네이버 지도</a>]]></description>
        <styleUrl>#통합기준점_style</styleUrl>
        <Point>
          <coordinates>126.522562194444,35.9078146722215,0</coordinates>
        </Point>
      </Placemark>
      <Placemark>
        <name>◎ U군산51</name>
        <description><![CDATA[<b>통합기준점</b><br>명칭: U군산51<br>위도: 35.869748°N<br>경도: 126.507055°E<br><br><a href="https://map.naver.com/v5/search/35.8697479444437,126.507054672222">📍 네이버 지도</a>]]></description>
        <styleUrl>#통합기준점_style</styleUrl>
        <Point>
          <coordinates>126.507054672222,35.8697479444437,0</coordinates>
        </Point>
      </Placemark>
      <Placemark>
        <name>◎ U군산69</name>
        <description><![CDATA[<b>통합기준점</b><br>명칭: U군산69<br>위도: 35.838503°N<br>경도: 126.717827°E<br><br><a href="https://map.naver.com/v5/search/35.8385030583326,126.717827486111">📍 네이버 지도</a>]]></description>
        <styleUrl>#통합기준점_style</styleUrl>
        <Point>
          <coordinates>126.717827486111,35.8385030583326,0</coordinates>
        </Point>
      </Placemark>
      <Placemark>
        <name>◎ U익산05</name>
        <description><![CDATA[<b>통합기준점</b><br>명칭: U익산05<br>위도: 35.995486°N<br>경도: 126.863793°E<br><br><a href="https://map.naver.com/v5/search/35.9954863499993,126.863793458333">📍 네이버 지도</a>]]></description>
        <styleUrl>#통합기준점_style</styleUrl>
        <Point>
          <coordinates>126.863793458333,35.9954863499993,0</coordinates>
        </Point>
      </Placemark>
      <Placemark>
        <name>◎ U익산09</name>
        <description><![CDATA[<b>통합기준점</b><br>명칭: U익산09<br>위도: 35.989622°N<br>경도: 126.953537°E<br><br><a href="https://map.naver.com/v5/search/35.9896224499993,126.953537466667">📍 네이버 지도</a>]]></description>
        <styleUrl>#통합기준점_style</styleUrl>
        <Point>
          <coordinates>126.953537466667,35.9896224499993,0</coordinates>
        </Point>
      </Placemark>
      <Placemark>
        <name>◎ U익산23</name>
        <description><![CDATA[<b>통합기준점</b><br>명칭: U익산23<br>위도: 35.941337°N<br>경도: 126.816699°E<br><br><a href="https://map.naver.com/v5/search/35.9413370333326,126.816698861111">📍 네이버 지도</a>]]></description>
        <styleUrl>#통합기준점_style</styleUrl>
        <Point>
          <coordinates>126.816698861111,35.9413370333326,0</coordinates>
        </Point>
      </Placemark>
      <Placemark>
        <name>◎ U익산25</name>
        <description><![CDATA[<b>통합기준점</b><br>명칭: U익산25<br>위도: 35.935599°N<br>경도: 126.867040°E<br><br><a href="https://map.naver.com/v5/search/35.9355988638882,126.867040444444">📍 네이버 지도</a>]]></description>
        <styleUrl>#통합기준점_style</styleUrl>
        <Point>
          <coordinates>126.867040444444,35.9355988638882,0</coordinates>
        </Point>
      </Placemark>
      <Placemark>
        <name>◎ U익산31</name>
        <description><![CDATA[<b>통합기준점</b><br>명칭: U익산31<br>위도: 35.922984°N<br>경도: 126.774756°E<br><br><a href="https://map.naver.com/v5/search/35.9229840749993,126.774755711111">📍 네이버 지도</a>]]></description>
        <styleUrl>#통합기준점_style</styleUrl>
        <Point>
          <coordinates>126.774755711111,35.9229840749993,0</coordinates>
        </Point>
      </Placemark>
      <Placemark>
        <name>◎ U익산38</name>
        <description><![CDATA[<b>통합기준점</b><br>명칭: U익산38<br>위도: 35.913437°N<br>경도: 126.931213°E<br><br><a href="https://map.naver.com/v5/search/35.9134368194437,126.931213027778">📍 네이버 지도</a>]]></description>
        <styleUrl>#통합기준점_style</styleUrl>
        <Point>
          <coordinates>126.931213027778,35.9134368194437,0</coordinates>
        </Point>
      </Placemark>
      <Placemark>
        <name>◎ U익산47</name>
        <description><![CDATA[<b>통합기준점</b><br>명칭: U익산47<br>위도: 35.876340°N<br>경도: 126.924435°E<br><br><a href="https://map.naver.com/v5/search/35.8763401666659,126.924434783333">📍 네이버 지도</a>]]></description>
        <styleUrl>#통합기준점_style</styleUrl>
        <Point>
          <coordinates>126.924434783333,35.8763401666659,0</coordinates>
        </Point>
      </Placemark>
      <Placemark>
        <name>◎ U익산51</name>
        <description><![CDATA[<b>통합기준점</b><br>명칭: U익산51<br>위도: 35.858850°N<br>경도: 126.766287°E<br><br><a href="https://map.naver.com/v5/search/35.8588499583326,126.766286622222">📍 네이버 지도</a>]]></description>
        <styleUrl>#통합기준점_style</styleUrl>
        <Point>
          <coordinates>126.766286622222,35.8588499583326,0</coordinates>
        </Point>
      </Placemark>
      <Placemark>
        <name>◎ U익산55</name>
        <description><![CDATA[<b>통합기준점</b><br>명칭: U익산55<br>위도: 35.857742°N<br>경도: 126.868282°E<br><br><a href="https://map.naver.com/v5/search/35.8577419222215,126.868282047222">📍 네이버 지도</a>]]></description>
        <styleUrl>#통합기준점_style</styleUrl>
        <Point>
          <coordinates>126.868282047222,35.8577419222215,0</coordinates>
        </Point>
      </Placemark>
      <Placemark>
        <name>◎ U익산59</name>
        <description><![CDATA[<b>통합기준점</b><br>명칭: U익산59<br>위도: 35.851566°N<br>경도: 126.951842°E<br><br><a href="https://map.naver.com/v5/search/35.8515655055548,126.951842436111">📍 네이버 지도</a>]]></description>
        <styleUrl>#통합기준점_style</styleUrl>
        <Point>
          <coordinates>126.951842436111,35.8515655055548,0</coordinates>
        </Point>
      </Placemark>
      <Placemark>
        <name>◎ U익산78</name>
        <description><![CDATA[<b>통합기준점</b><br>명칭: U익산78<br>위도: 35.819525°N<br>경도: 126.947779°E<br><br><a href="https://map.naver.com/v5/search/35.8195254722215,126.947779338889">📍 네이버 지도</a>]]></description>
        <styleUrl>#통합기준점_style</styleUrl>
        <Point>
          <coordinates>126.947779338889,35.8195254722215,0</coordinates>
        </Point>
      </Placemark>
      <Placemark>
        <name>◎ U익산84</name>
        <description><![CDATA[<b>통합기준점</b><br>명칭: U익산84<br>위도: 35.778116°N<br>경도: 126.830016°E<br><br><a href="https://map.naver.com/v5/search/35.7781160555548,126.830015991667">📍 네이버 지도</a>]]></description>
        <styleUrl>#통합기준점_style</styleUrl>
        <Point>
          <coordinates>126.830015991667,35.7781160555548,0</coordinates>
        </Point>
      </Placemark>
      <Placemark>
        <name>◎ U익산85</name>
        <description><![CDATA[<b>통합기준점</b><br>명칭: U익산85<br>위도: 35.794089°N<br>경도: 126.860358°E<br><br><a href="https://map.naver.com/v5/search/35.7940891749993,126.860358025">📍 네이버 지도</a>]]></description>
        <styleUrl>#통합기준점_style</styleUrl>
        <Point>
          <coordinates>126.860358025,35.7940891749993,0</coordinates>
        </Point>
      </Placemark>
      <Placemark>
        <name>◎ U익산89</name>
        <description><![CDATA[<b>통합기준점</b><br>명칭: U익산89<br>위도: 35.782557°N<br>경도: 126.970221°E<br><br><a href="https://map.naver.com/v5/search/35.7825574583326,126.970221027778">📍 네이버 지도</a>]]></description>
        <styleUrl>#통합기준점_style</styleUrl>
        <Point>
          <coordinates>126.970221027778,35.7825574583326,0</coordinates>
        </Point>
      </Placemark>
      <Placemark>
        <name>◎ U익산95</name>
        <description><![CDATA[<b>통합기준점</b><br>명칭: U익산95<br>위도: 35.766941°N<br>경도: 126.861911°E<br><br><a href="https://map.naver.com/v5/search/35.7669409305548,126.861910697222">📍 네이버 지도</a>]]></description>
        <styleUrl>#통합기준점_style</styleUrl>
        <Point>
          <coordinates>126.861910697222,35.7669409305548,0</coordinates>
        </Point>
      </Placemark>
      <Placemark>
        <name>◎ U전주03</name>
        <description><![CDATA[<b>통합기준점</b><br>명칭: U전주03<br>위도: 35.992628°N<br>경도: 127.052972°E<br><br><a href="https://map.naver.com/v5/search/35.992628216666,127.052971555556">📍 네이버 지도</a>]]></description>
        <styleUrl>#통합기준점_style</styleUrl>
        <Point>
          <coordinates>127.052971555556,35.992628216666,0</coordinates>
        </Point>
      </Placemark>
      <Placemark>
        <name>◎ U전주06</name>
        <description><![CDATA[<b>통합기준점</b><br>명칭: U전주06<br>위도: 35.998447°N<br>경도: 127.139483°E<br><br><a href="https://map.naver.com/v5/search/35.998446966666,127.139482841667">📍 네이버 지도</a>]]></description>
        <styleUrl>#통합기준점_style</styleUrl>
        <Point>
          <coordinates>127.139482841667,35.998446966666,0</coordinates>
        </Point>
      </Placemark>
      <Placemark>
        <name>◎ U전주08</name>
        <description><![CDATA[<b>통합기준점</b><br>명칭: U전주08<br>위도: 35.976244°N<br>경도: 127.199185°E<br><br><a href="https://map.naver.com/v5/search/35.9762439472215,127.199185194444">📍 네이버 지도</a>]]></description>
        <styleUrl>#통합기준점_style</styleUrl>
        <Point>
          <coordinates>127.199185194444,35.9762439472215,0</coordinates>
        </Point>
      </Placemark>
      <Placemark>
        <name>◎ U전주13</name>
        <description><![CDATA[<b>통합기준점</b><br>명칭: U전주13<br>위도: 35.950107°N<br>경도: 127.053655°E<br><br><a href="https://map.naver.com/v5/search/35.9501070083326,127.053654863889">📍 네이버 지도</a>]]></description>
        <styleUrl>#통합기준점_style</styleUrl>
        <Point>
          <coordinates>127.053654863889,35.9501070083326,0</coordinates>
        </Point>
      </Placemark>
      <Placemark>
        <name>◎ U전주16</name>
        <description><![CDATA[<b>통합기준점</b><br>명칭: U전주16<br>위도: 35.962912°N<br>경도: 127.127309°E<br><br><a href="https://map.naver.com/v5/search/35.9629122194438,127.127308844444">📍 네이버 지도</a>]]></description>
        <styleUrl>#통합기준점_style</styleUrl>
        <Point>
          <coordinates>127.127308844444,35.9629122194438,0</coordinates>
        </Point>
      </Placemark>
      <Placemark>
        <name>◎ U전주28</name>
        <description><![CDATA[<b>통합기준점</b><br>명칭: U전주28<br>위도: 35.946994°N<br>경도: 127.178463°E<br><br><a href="https://map.naver.com/v5/search/35.9469938527771,127.178462725">📍 네이버 지도</a>]]></description>
        <styleUrl>#통합기준점_style</styleUrl>
        <Point>
          <coordinates>127.178462725,35.9469938527771,0</coordinates>
        </Point>
      </Placemark>
      <Placemark>
        <name>◎ U전주40</name>
        <description><![CDATA[<b>통합기준점</b><br>명칭: U전주40<br>위도: 35.902308°N<br>경도: 127.241194°E<br><br><a href="https://map.naver.com/v5/search/35.9023084333326,127.241193947222">📍 네이버 지도</a>]]></description>
        <styleUrl>#통합기준점_style</styleUrl>
        <Point>
          <coordinates>127.241193947222,35.9023084333326,0</coordinates>
        </Point>
      </Placemark>
      <Placemark>
        <name>◎ U전주41</name>
        <description><![CDATA[<b>통합기준점</b><br>명칭: U전주41<br>위도: 35.875578°N<br>경도: 127.007158°E<br><br><a href="https://map.naver.com/v5/search/35.8755781194437,127.007157738889">📍 네이버 지도</a>]]></description>
        <styleUrl>#통합기준점_style</styleUrl>
        <Point>
          <coordinates>127.007157738889,35.8755781194437,0</coordinates>
        </Point>
      </Placemark>
      <Placemark>
        <name>◎ U전주47</name>
        <description><![CDATA[<b>통합기준점</b><br>명칭: U전주47<br>위도: 35.895508°N<br>경도: 127.156840°E<br><br><a href="https://map.naver.com/v5/search/35.8955084722215,127.156840083333">📍 네이버 지도</a>]]></description>
        <styleUrl>#통합기준점_style</styleUrl>
        <Point>
          <coordinates>127.156840083333,35.8955084722215,0</coordinates>
        </Point>
      </Placemark>
      <Placemark>
        <name>◎ U전주54</name>
        <description><![CDATA[<b>통합기준점</b><br>명칭: U전주54<br>위도: 35.868490°N<br>경도: 127.075952°E<br><br><a href="https://map.naver.com/v5/search/35.8684904499993,127.075951522222">📍 네이버 지도</a>]]></description>
        <styleUrl>#통합기준점_style</styleUrl>
        <Point>
          <coordinates>127.075951522222,35.8684904499993,0</coordinates>
        </Point>
      </Placemark>
      <Placemark>
        <name>◎ U전주83</name>
        <description><![CDATA[<b>통합기준점</b><br>명칭: U전주83<br>위도: 35.790687°N<br>경도: 127.065389°E<br><br><a href="https://map.naver.com/v5/search/35.7906871083326,127.065389275">📍 네이버 지도</a>]]></description>
        <styleUrl>#통합기준점_style</styleUrl>
        <Point>
          <coordinates>127.065389275,35.7906871083326,0</coordinates>
        </Point>
      </Placemark>
      <Placemark>
        <name>◎ U전주86</name>
        <description><![CDATA[<b>통합기준점</b><br>명칭: U전주86<br>위도: 35.784943°N<br>경도: 127.129801°E<br><br><a href="https://map.naver.com/v5/search/35.7849433499992,127.129801155556">📍 네이버 지도</a>]]></description>
        <styleUrl>#통합기준점_style</styleUrl>
        <Point>
          <coordinates>127.129801155556,35.7849433499992,0</coordinates>
        </Point>
      </Placemark>
      <Placemark>
        <name>◎ U전주91</name>
        <description><![CDATA[<b>통합기준점</b><br>명칭: U전주91<br>위도: 35.758000°N<br>경도: 127.001985°E<br><br><a href="https://map.naver.com/v5/search/35.7580002555548,127.001985477778">📍 네이버 지도</a>]]></description>
        <styleUrl>#통합기준점_style</styleUrl>
        <Point>
          <coordinates>127.001985477778,35.7580002555548,0</coordinates>
        </Point>
      </Placemark>
      <Placemark>
        <name>◎ U진안30</name>
        <description><![CDATA[<b>통합기준점</b><br>명칭: U진안30<br>위도: 35.937767°N<br>경도: 127.486900°E<br><br><a href="https://map.naver.com/v5/search/35.9377666999993,127.486899819444">📍 네이버 지도</a>]]></description>
        <styleUrl>#통합기준점_style</styleUrl>
        <Point>
          <coordinates>127.486899819444,35.9377666999993,0</coordinates>
        </Point>
      </Placemark>
      <Placemark>
        <name>◎ U진안33</name>
        <description><![CDATA[<b>통합기준점</b><br>명칭: U진안33<br>위도: 35.909650°N<br>경도: 127.306359°E<br><br><a href="https://map.naver.com/v5/search/35.9096497499993,127.306358716667">📍 네이버 지도</a>]]></description>
        <styleUrl>#통합기준점_style</styleUrl>
        <Point>
          <coordinates>127.306358716667,35.9096497499993,0</coordinates>
        </Point>
      </Placemark>
      <Placemark>
        <name>◎ U진안38</name>
        <description><![CDATA[<b>통합기준점</b><br>명칭: U진안38<br>위도: 35.923760°N<br>경도: 127.435565°E<br><br><a href="https://map.naver.com/v5/search/35.9237603444437,127.435565227778">📍 네이버 지도</a>]]></description>
        <styleUrl>#통합기준점_style</styleUrl>
        <Point>
          <coordinates>127.435565227778,35.9237603444437,0</coordinates>
        </Point>
      </Placemark>
      <Placemark>
        <name>◎ U진안43</name>
        <description><![CDATA[<b>통합기준점</b><br>명칭: U진안43<br>위도: 35.879678°N<br>경도: 127.310772°E<br><br><a href="https://map.naver.com/v5/search/35.8796781805548,127.310772333333">📍 네이버 지도</a>]]></description>
        <styleUrl>#통합기준점_style</styleUrl>
        <Point>
          <coordinates>127.310772333333,35.8796781805548,0</coordinates>
        </Point>
      </Placemark>
      <Placemark>
        <name>◎ U진안49</name>
        <description><![CDATA[<b>통합기준점</b><br>명칭: U진안49<br>위도: 35.886894°N<br>경도: 127.470377°E<br><br><a href="https://map.naver.com/v5/search/35.8868941861104,127.470376675">📍 네이버 지도</a>]]></description>
        <styleUrl>#통합기준점_style</styleUrl>
        <Point>
          <coordinates>127.470376675,35.8868941861104,0</coordinates>
        </Point>
      </Placemark>
      <Placemark>
        <name>◎ U진안60</name>
        <description><![CDATA[<b>통합기준점</b><br>명칭: U진안60<br>위도: 35.853710°N<br>경도: 127.480526°E<br><br><a href="https://map.naver.com/v5/search/35.8537104361104,127.480525658333">📍 네이버 지도</a>]]></description>
        <styleUrl>#통합기준점_style</styleUrl>
        <Point>
          <coordinates>127.480525658333,35.8537104361104,0</coordinates>
        </Point>
      </Placemark>
      <Placemark>
        <name>◎ U진안72</name>
        <description><![CDATA[<b>통합기준점</b><br>명칭: U진안72<br>위도: 35.811152°N<br>경도: 127.281620°E<br><br><a href="https://map.naver.com/v5/search/35.811151802777,127.281619527778">📍 네이버 지도</a>]]></description>
        <styleUrl>#통합기준점_style</styleUrl>
        <Point>
          <coordinates>127.281619527778,35.811151802777,0</coordinates>
        </Point>
      </Placemark>
      <Placemark>
        <name>◎ U진안85</name>
        <description><![CDATA[<b>통합기준점</b><br>명칭: U진안85<br>위도: 35.783747°N<br>경도: 127.354693°E<br><br><a href="https://map.naver.com/v5/search/35.7837470222215,127.354693111111">📍 네이버 지도</a>]]></description>
        <styleUrl>#통합기준점_style</styleUrl>
        <Point>
          <coordinates>127.354693111111,35.7837470222215,0</coordinates>
        </Point>
      </Placemark>
      <Placemark>
        <name>◎ U진안96</name>
        <description><![CDATA[<b>통합기준점</b><br>명칭: U진안96<br>위도: 35.772203°N<br>경도: 127.385466°E<br><br><a href="https://map.naver.com/v5/search/35.7722033416659,127.385466038889">📍 네이버 지도</a>]]></description>
        <styleUrl>#통합기준점_style</styleUrl>
        <Point>
          <coordinates>127.385466038889,35.7722033416659,0</coordinates>
        </Point>
      </Placemark>
      <Placemark>
        <name>◎ U무주01</name>
        <description><![CDATA[<b>통합기준점</b><br>명칭: U무주01<br>위도: 35.983803°N<br>경도: 127.513965°E<br><br><a href="https://map.naver.com/v5/search/35.9838026388882,127.513965119444">📍 네이버 지도</a>]]></description>
        <styleUrl>#통합기준점_style</styleUrl>
        <Point>
          <coordinates>127.513965119444,35.9838026388882,0</coordinates>
        </Point>
      </Placemark>
      <Placemark>
        <name>◎ U무주04</name>
        <description><![CDATA[<b>통합기준점</b><br>명칭: U무주04<br>위도: 35.975371°N<br>경도: 127.557512°E<br><br><a href="https://map.naver.com/v5/search/35.9753713611104,127.557511775">📍 네이버 지도</a>]]></description>
        <styleUrl>#통합기준점_style</styleUrl>
        <Point>
          <coordinates>127.557511775,35.9753713611104,0</coordinates>
        </Point>
      </Placemark>
      <Placemark>
        <name>◎ U무주06</name>
        <description><![CDATA[<b>통합기준점</b><br>명칭: U무주06<br>위도: 35.982424°N<br>경도: 127.646058°E<br><br><a href="https://map.naver.com/v5/search/35.9824241388882,127.646058327778">📍 네이버 지도</a>]]></description>
        <styleUrl>#통합기준점_style</styleUrl>
        <Point>
          <coordinates>127.646058327778,35.9824241388882,0</coordinates>
        </Point>
      </Placemark>
      <Placemark>
        <name>◎ U무주11</name>
        <description><![CDATA[<b>통합기준점</b><br>명칭: U무주11<br>위도: 35.951829°N<br>경도: 127.524141°E<br><br><a href="https://map.naver.com/v5/search/35.9518288749993,127.524140858333">📍 네이버 지도</a>]]></description>
        <styleUrl>#통합기준점_style</styleUrl>
        <Point>
          <coordinates>127.524140858333,35.9518288749993,0</coordinates>
        </Point>
      </Placemark>
      <Placemark>
        <name>◎ U무주19</name>
        <description><![CDATA[<b>통합기준점</b><br>명칭: U무주19<br>위도: 35.967300°N<br>경도: 127.710999°E<br><br><a href="https://map.naver.com/v5/search/35.9672997583326,127.710998669444">📍 네이버 지도</a>]]></description>
        <styleUrl>#통합기준점_style</styleUrl>
        <Point>
          <coordinates>127.710998669444,35.9672997583326,0</coordinates>
        </Point>
      </Placemark>
      <Placemark>
        <name>◎ U무주23</name>
        <description><![CDATA[<b>통합기준점</b><br>명칭: U무주23<br>위도: 35.943078°N<br>경도: 127.565883°E<br><br><a href="https://map.naver.com/v5/search/35.9430778305548,127.565883094444">📍 네이버 지도</a>]]></description>
        <styleUrl>#통합기준점_style</styleUrl>
        <Point>
          <coordinates>127.565883094444,35.9430778305548,0</coordinates>
        </Point>
      </Placemark>
      <Placemark>
        <name>◎ U무주29</name>
        <description><![CDATA[<b>통합기준점</b><br>명칭: U무주29<br>위도: 35.930023°N<br>경도: 127.715867°E<br><br><a href="https://map.naver.com/v5/search/35.9300230833326,127.715867383333">📍 네이버 지도</a>]]></description>
        <styleUrl>#통합기준점_style</styleUrl>
        <Point>
          <coordinates>127.715867383333,35.9300230833326,0</coordinates>
        </Point>
      </Placemark>
      <Placemark>
        <name>◎ U무주35</name>
        <description><![CDATA[<b>통합기준점</b><br>명칭: U무주35<br>위도: 35.918021°N<br>경도: 127.606196°E<br><br><a href="https://map.naver.com/v5/search/35.9180214083326,127.606196036111">📍 네이버 지도</a>]]></description>
        <styleUrl>#통합기준점_style</styleUrl>
        <Point>
          <coordinates>127.606196036111,35.9180214083326,0</coordinates>
        </Point>
      </Placemark>
      <Placemark>
        <name>◎ U무주41</name>
        <description><![CDATA[<b>통합기준점</b><br>명칭: U무주41<br>위도: 35.876966°N<br>경도: 127.520501°E<br><br><a href="https://map.naver.com/v5/search/35.8769661833326,127.520501058333">📍 네이버 지도</a>]]></description>
        <styleUrl>#통합기준점_style</styleUrl>
        <Point>
          <coordinates>127.520501058333,35.8769661833326,0</coordinates>
        </Point>
      </Placemark>
      <Placemark>
        <name>◎ U무주48</name>
        <description><![CDATA[<b>통합기준점</b><br>명칭: U무주48<br>위도: 35.878700°N<br>경도: 127.682700°E<br><br><a href="https://map.naver.com/v5/search/35.8786997222215,127.682700447222">📍 네이버 지도</a>]]></description>
        <styleUrl>#통합기준점_style</styleUrl>
        <Point>
          <coordinates>127.682700447222,35.8786997222215,0</coordinates>
        </Point>
      </Placemark>
      <Placemark>
        <name>◎ U무주52</name>
        <description><![CDATA[<b>통합기준점</b><br>명칭: U무주52<br>위도: 35.867400°N<br>경도: 127.548427°E<br><br><a href="https://map.naver.com/v5/search/35.8673998444437,127.548426905556">📍 네이버 지도</a>]]></description>
        <styleUrl>#통합기준점_style</styleUrl>
        <Point>
          <coordinates>127.548426905556,35.8673998444437,0</coordinates>
        </Point>
      </Placemark>
      <Placemark>
        <name>◎ U무주83</name>
        <description><![CDATA[<b>통합기준점</b><br>명칭: U무주83<br>위도: 35.788099°N<br>경도: 127.551890°E<br><br><a href="https://map.naver.com/v5/search/35.7880988111104,127.551890425">📍 네이버 지도</a>]]></description>
        <styleUrl>#통합기준점_style</styleUrl>
        <Point>
          <coordinates>127.551890425,35.7880988111104,0</coordinates>
        </Point>
      </Placemark>
      <Placemark>
        <name>◎ U무주92</name>
        <description><![CDATA[<b>통합기준점</b><br>명칭: U무주92<br>위도: 35.751332°N<br>경도: 127.544053°E<br><br><a href="https://map.naver.com/v5/search/35.7513315083326,127.544053080556">📍 네이버 지도</a>]]></description>
        <styleUrl>#통합기준점_style</styleUrl>
        <Point>
          <coordinates>127.544053080556,35.7513315083326,0</coordinates>
        </Point>
      </Placemark>
      <Placemark>
        <name>◎ U무주94</name>
        <description><![CDATA[<b>통합기준점</b><br>명칭: U무주94<br>위도: 35.759211°N<br>경도: 127.597878°E<br><br><a href="https://map.naver.com/v5/search/35.7592106111103,127.597878347222">📍 네이버 지도</a>]]></description>
        <styleUrl>#통합기준점_style</styleUrl>
        <Point>
          <coordinates>127.597878347222,35.7592106111103,0</coordinates>
        </Point>
      </Placemark>
      <Placemark>
        <name>◎ U무주99</name>
        <description><![CDATA[<b>통합기준점</b><br>명칭: U무주99<br>위도: 35.770296°N<br>경도: 127.717944°E<br><br><a href="https://map.naver.com/v5/search/35.7702956722215,127.717944041667">📍 네이버 지도</a>]]></description>
        <styleUrl>#통합기준점_style</styleUrl>
        <Point>
          <coordinates>127.717944041667,35.7702956722215,0</coordinates>
        </Point>
      </Placemark>
      <Placemark>
        <name>◎ U갈담40</name>
        <description><![CDATA[<b>통합기준점</b><br>명칭: U갈담40<br>위도: 35.747711°N<br>경도: 127.221116°E<br><br><a href="https://map.naver.com/v5/search/35.7477112583326,127.221115552778">📍 네이버 지도</a>]]></description>
        <styleUrl>#통합기준점_style</styleUrl>
        <Point>
          <coordinates>127.221115552778,35.7477112583326,0</coordinates>
        </Point>
      </Placemark>
      <Placemark>
        <name>◎ U임실31</name>
        <description><![CDATA[<b>통합기준점</b><br>명칭: U임실31<br>위도: 35.715137°N<br>경도: 127.336048°E<br><br><a href="https://map.naver.com/v5/search/35.7151369166659,127.336048108333">📍 네이버 지도</a>]]></description>
        <styleUrl>#통합기준점_style</styleUrl>
        <Point>
          <coordinates>127.336048108333,35.7151369166659,0</coordinates>
        </Point>
      </Placemark>
      <Placemark>
        <name>◎ U임실36</name>
        <description><![CDATA[<b>통합기준점</b><br>명칭: U임실36<br>위도: 35.663902°N<br>경도: 127.375262°E<br><br><a href="https://map.naver.com/v5/search/35.6639022472214,127.375261680556">📍 네이버 지도</a>]]></description>
        <styleUrl>#통합기준점_style</styleUrl>
        <Point>
          <coordinates>127.375261680556,35.6639022472214,0</coordinates>
        </Point>
      </Placemark>
      <Placemark>
        <name>◎ U함양04</name>
        <description><![CDATA[<b>통합기준점</b><br>명칭: U함양04<br>위도: 35.732090°N<br>경도: 127.588662°E<br><br><a href="https://map.naver.com/v5/search/35.7320902138881,127.588662075">📍 네이버 지도</a>]]></description>
        <styleUrl>#통합기준점_style</styleUrl>
        <Point>
          <coordinates>127.588662075,35.7320902138881,0</coordinates>
        </Point>
      </Placemark>
      <Placemark>
        <name>◎ U함양08</name>
        <description><![CDATA[<b>통합기준점</b><br>명칭: U함양08<br>위도: 35.747038°N<br>경도: 127.693720°E<br><br><a href="https://map.naver.com/v5/search/35.7470382499992,127.693720155556">📍 네이버 지도</a>]]></description>
        <styleUrl>#통합기준점_style</styleUrl>
        <Point>
          <coordinates>127.693720155556,35.7470382499992,0</coordinates>
        </Point>
      </Placemark>
      <Placemark>
        <name>◎ U함양14</name>
        <description><![CDATA[<b>통합기준점</b><br>명칭: U함양14<br>위도: 35.702128°N<br>경도: 127.577749°E<br><br><a href="https://map.naver.com/v5/search/35.7021283499992,127.577749447222">📍 네이버 지도</a>]]></description>
        <styleUrl>#통합기준점_style</styleUrl>
        <Point>
          <coordinates>127.577749447222,35.7021283499992,0</coordinates>
        </Point>
      </Placemark>
      <Placemark>
        <name>◎ U함양18</name>
        <description><![CDATA[<b>통합기준점</b><br>명칭: U함양18<br>위도: 35.707118°N<br>경도: 127.686343°E<br><br><a href="https://map.naver.com/v5/search/35.7071178388881,127.686342652778">📍 네이버 지도</a>]]></description>
        <styleUrl>#통합기준점_style</styleUrl>
        <Point>
          <coordinates>127.686342652778,35.7071178388881,0</coordinates>
        </Point>
      </Placemark>
      <Placemark>
        <name>◎ U함양21</name>
        <description><![CDATA[<b>통합기준점</b><br>명칭: U함양21<br>위도: 35.683174°N<br>경도: 127.516647°E<br><br><a href="https://map.naver.com/v5/search/35.6831740722214,127.516646677778">📍 네이버 지도</a>]]></description>
        <styleUrl>#통합기준점_style</styleUrl>
        <Point>
          <coordinates>127.516646677778,35.6831740722214,0</coordinates>
        </Point>
      </Placemark>
      <Placemark>
        <name>◎ U함양26</name>
        <description><![CDATA[<b>통합기준점</b><br>명칭: U함양26<br>위도: 35.691650°N<br>경도: 127.625159°E<br><br><a href="https://map.naver.com/v5/search/35.6916499916659,127.625158991667">📍 네이버 지도</a>]]></description>
        <styleUrl>#통합기준점_style</styleUrl>
        <Point>
          <coordinates>127.625158991667,35.6916499916659,0</coordinates>
        </Point>
      </Placemark>
      <Placemark>
        <name>◎ U함양28</name>
        <description><![CDATA[<b>통합기준점</b><br>명칭: U함양28<br>위도: 35.678046°N<br>경도: 127.687423°E<br><br><a href="https://map.naver.com/v5/search/35.678046202777,127.687422722222">📍 네이버 지도</a>]]></description>
        <styleUrl>#통합기준점_style</styleUrl>
        <Point>
          <coordinates>127.687422722222,35.678046202777,0</coordinates>
        </Point>
      </Placemark>
      <Placemark>
        <name>◎ U함양45</name>
        <description><![CDATA[<b>통합기준점</b><br>명칭: U함양45<br>위도: 35.626484°N<br>경도: 127.614418°E<br><br><a href="https://map.naver.com/v5/search/35.626483702777,127.614417727778">📍 네이버 지도</a>]]></description>
        <styleUrl>#통합기준점_style</styleUrl>
        <Point>
          <coordinates>127.614417727778,35.626483702777,0</coordinates>
        </Point>
      </Placemark>
      <Placemark>
        <name>◎ U함양58</name>
        <description><![CDATA[<b>통합기준점</b><br>명칭: U함양58<br>위도: 35.613516°N<br>경도: 127.675701°E<br><br><a href="https://map.naver.com/v5/search/35.6135161944436,127.675701086111">📍 네이버 지도</a>]]></description>
        <styleUrl>#통합기준점_style</styleUrl>
        <Point>
          <coordinates>127.675701086111,35.6135161944436,0</coordinates>
        </Point>
      </Placemark>
      <Placemark>
        <name>◎ U함양60</name>
        <description><![CDATA[<b>통합기준점</b><br>명칭: U함양60<br>위도: 35.621782°N<br>경도: 127.742568°E<br><br><a href="https://map.naver.com/v5/search/35.6217818805547,127.742568227778">📍 네이버 지도</a>]]></description>
        <styleUrl>#통합기준점_style</styleUrl>
        <Point>
          <coordinates>127.742568227778,35.6217818805547,0</coordinates>
        </Point>
      </Placemark>
      <Placemark>
        <name>◎ U함양61</name>
        <description><![CDATA[<b>통합기준점</b><br>명칭: U함양61<br>위도: 35.588958°N<br>경도: 127.505598°E<br><br><a href="https://map.naver.com/v5/search/35.5889582638881,127.505597736111">📍 네이버 지도</a>]]></description>
        <styleUrl>#통합기준점_style</styleUrl>
        <Point>
          <coordinates>127.505597736111,35.5889582638881,0</coordinates>
        </Point>
      </Placemark>
      <Placemark>
        <name>◎ U함양63</name>
        <description><![CDATA[<b>통합기준점</b><br>명칭: U함양63<br>위도: 35.578920°N<br>경도: 127.571609°E<br><br><a href="https://map.naver.com/v5/search/35.5789204444436,127.571608586111">📍 네이버 지도</a>]]></description>
        <styleUrl>#통합기준점_style</styleUrl>
        <Point>
          <coordinates>127.571608586111,35.5789204444436,0</coordinates>
        </Point>
      </Placemark>
      <Placemark>
        <name>◎ U함양76</name>
        <description><![CDATA[<b>통합기준점</b><br>명칭: U함양76<br>위도: 35.552561°N<br>경도: 127.635734°E<br><br><a href="https://map.naver.com/v5/search/35.5525613416659,127.635734297222">📍 네이버 지도</a>]]></description>
        <styleUrl>#통합기준점_style</styleUrl>
        <Point>
          <coordinates>127.635734297222,35.5525613416659,0</coordinates>
        </Point>
      </Placemark>
      <Placemark>
        <name>◎ U함양80</name>
        <description><![CDATA[<b>통합기준점</b><br>명칭: U함양80<br>위도: 35.562004°N<br>경도: 127.718270°E<br><br><a href="https://map.naver.com/v5/search/35.5620040694436,127.718270480556">📍 네이버 지도</a>]]></description>
        <styleUrl>#통합기준점_style</styleUrl>
        <Point>
          <coordinates>127.718270480556,35.5620040694436,0</coordinates>
        </Point>
      </Placemark>
      <Placemark>
        <name>◎ U운봉28</name>
        <description><![CDATA[<b>통합기준점</b><br>명칭: U운봉28<br>위도: 35.441376°N<br>경도: 127.692486°E<br><br><a href="https://map.naver.com/v5/search/35.4413756555547,127.692485677778">📍 네이버 지도</a>]]></description>
        <styleUrl>#통합기준점_style</styleUrl>
        <Point>
          <coordinates>127.692485677778,35.4413756555547,0</coordinates>
        </Point>
      </Placemark>
      <Placemark>
        <name>◎ U운봉30</name>
        <description><![CDATA[<b>통합기준점</b><br>명칭: U운봉30<br>위도: 35.428017°N<br>경도: 127.728683°E<br><br><a href="https://map.naver.com/v5/search/35.4280170777769,127.7286831">📍 네이버 지도</a>]]></description>
        <styleUrl>#통합기준점_style</styleUrl>
        <Point>
          <coordinates>127.7286831,35.4280170777769,0</coordinates>
        </Point>
      </Placemark>
      <Placemark>
        <name>◎ U운봉38</name>
        <description><![CDATA[<b>통합기준점</b><br>명칭: U운봉38<br>위도: 35.409005°N<br>경도: 127.688132°E<br><br><a href="https://map.naver.com/v5/search/35.4090051722214,127.688132372222">📍 네이버 지도</a>]]></description>
        <styleUrl>#통합기준점_style</styleUrl>
        <Point>
          <coordinates>127.688132372222,35.4090051722214,0</coordinates>
        </Point>
      </Placemark>
      <Placemark>
        <name>◎ U무풍34</name>
        <description><![CDATA[<b>통합기준점</b><br>명칭: U무풍34<br>위도: 35.917316°N<br>경도: 127.840527°E<br><br><a href="https://map.naver.com/v5/search/35.9173162972215,127.840526797222">📍 네이버 지도</a>]]></description>
        <styleUrl>#통합기준점_style</styleUrl>
        <Point>
          <coordinates>127.840526797222,35.9173162972215,0</coordinates>
        </Point>
      </Placemark>
      <Placemark>
        <name>◎ U무풍46</name>
        <description><![CDATA[<b>통합기준점</b><br>명칭: U무풍46<br>위도: 35.879790°N<br>경도: 127.878011°E<br><br><a href="https://map.naver.com/v5/search/35.8797897138882,127.878011469444">📍 네이버 지도</a>]]></description>
        <styleUrl>#통합기준점_style</styleUrl>
        <Point>
          <coordinates>127.878011469444,35.8797897138882,0</coordinates>
        </Point>
      </Placemark>
      <Placemark>
        <name>◎ U무풍63</name>
        <description><![CDATA[<b>통합기준점</b><br>명칭: U무풍63<br>위도: 35.828982°N<br>경도: 127.807871°E<br><br><a href="https://map.naver.com/v5/search/35.828982002777,127.807870530556">📍 네이버 지도</a>]]></description>
        <styleUrl>#통합기준점_style</styleUrl>
        <Point>
          <coordinates>127.807870530556,35.828982002777,0</coordinates>
        </Point>
      </Placemark>
      <Placemark>
        <name>◎ U무풍91</name>
        <description><![CDATA[<b>통합기준점</b><br>명칭: U무풍91<br>위도: 35.764688°N<br>경도: 127.751541°E<br><br><a href="https://map.naver.com/v5/search/35.764687527777,127.751541288889">📍 네이버 지도</a>]]></description>
        <styleUrl>#통합기준점_style</styleUrl>
        <Point>
          <coordinates>127.751541288889,35.764687527777,0</coordinates>
        </Point>
      </Placemark>
      <Placemark>
        <name>◎ U거창11</name>
        <description><![CDATA[<b>통합기준점</b><br>명칭: U거창11<br>위도: 35.700977°N<br>경도: 127.755173°E<br><br><a href="https://map.naver.com/v5/search/35.7009771999992,127.755172736111">📍 네이버 지도</a>]]></description>
        <styleUrl>#통합기준점_style</styleUrl>
        <Point>
          <coordinates>127.755172736111,35.7009771999992,0</coordinates>
        </Point>
      </Placemark>
      <Placemark>
        <name>◎ U거창32</name>
        <description><![CDATA[<b>통합기준점</b><br>명칭: U거창32<br>위도: 35.671083°N<br>경도: 127.784979°E<br><br><a href="https://map.naver.com/v5/search/35.671082927777,127.784978586111">📍 네이버 지도</a>]]></description>
        <styleUrl>#통합기준점_style</styleUrl>
        <Point>
          <coordinates>127.784978586111,35.671082927777,0</coordinates>
        </Point>
      </Placemark>
      <Placemark>
        <name>◎ U거창65</name>
        <description><![CDATA[<b>통합기준점</b><br>명칭: U거창65<br>위도: 35.593846°N<br>경도: 127.870308°E<br><br><a href="https://map.naver.com/v5/search/35.5938455194436,127.870307633333">📍 네이버 지도</a>]]></description>
        <styleUrl>#통합기준점_style</styleUrl>
        <Point>
          <coordinates>127.870307633333,35.5938455194436,0</coordinates>
        </Point>
      </Placemark>
      <Placemark>
        <name>◎ U거창74</name>
        <description><![CDATA[<b>통합기준점</b><br>명칭: U거창74<br>위도: 35.565314°N<br>경도: 127.838064°E<br><br><a href="https://map.naver.com/v5/search/35.5653140722214,127.838063986111">📍 네이버 지도</a>]]></description>
        <styleUrl>#통합기준점_style</styleUrl>
        <Point>
          <coordinates>127.838063986111,35.5653140722214,0</coordinates>
        </Point>
      </Placemark>
      <Placemark>
        <name>◎ U거창96</name>
        <description><![CDATA[<b>통합기준점</b><br>명칭: U거창96<br>위도: 35.500327°N<br>경도: 127.889972°E<br><br><a href="https://map.naver.com/v5/search/35.5003270749992,127.889971883333">📍 네이버 지도</a>]]></description>
        <styleUrl>#통합기준점_style</styleUrl>
        <Point>
          <coordinates>127.889971883333,35.5003270749992,0</coordinates>
        </Point>
      </Placemark>
      <Placemark>
        <name>◎ U산청01</name>
        <description><![CDATA[<b>통합기준점</b><br>명칭: U산청01<br>위도: 35.480156°N<br>경도: 127.752432°E<br><br><a href="https://map.naver.com/v5/search/35.4801558666658,127.752432158333">📍 네이버 지도</a>]]></description>
        <styleUrl>#통합기준점_style</styleUrl>
        <Point>
          <coordinates>127.752432158333,35.4801558666658,0</coordinates>
        </Point>
      </Placemark>
      <Placemark>
        <name>◎ U산청34</name>
        <description><![CDATA[<b>통합기준점</b><br>명칭: U산청34<br>위도: 35.408070°N<br>경도: 127.831982°E<br><br><a href="https://map.naver.com/v5/search/35.4080702499991,127.831982044444">📍 네이버 지도</a>]]></description>
        <styleUrl>#통합기준점_style</styleUrl>
        <Point>
          <coordinates>127.831982044444,35.4080702499991,0</coordinates>
        </Point>
      </Placemark>
      <Placemark>
        <name>◎ U서천99</name>
        <description><![CDATA[<b>통합기준점</b><br>명칭: U서천99<br>위도: 36.029401°N<br>경도: 126.709697°E<br><br><a href="https://map.naver.com/v5/search/36.0294014361104,126.709697047222">📍 네이버 지도</a>]]></description>
        <styleUrl>#통합기준점_style</styleUrl>
        <Point>
          <coordinates>126.709697047222,36.0294014361104,0</coordinates>
        </Point>
      </Placemark>
      <Placemark>
        <name>◎ U서천00</name>
        <description><![CDATA[<b>통합기준점</b><br>명칭: U서천00<br>위도: 36.005630°N<br>경도: 126.732189°E<br><br><a href="https://map.naver.com/v5/search/36.005629616666,126.732189358333">📍 네이버 지도</a>]]></description>
        <styleUrl>#통합기준점_style</styleUrl>
        <Point>
          <coordinates>126.732189358333,36.005629616666,0</coordinates>
        </Point>
      </Placemark>
      <Placemark>
        <name>◎ U서천67</name>
        <description><![CDATA[<b>통합기준점</b><br>명칭: U서천67<br>위도: 36.097280°N<br>경도: 126.670297°E<br><br><a href="https://map.naver.com/v5/search/36.0972804249993,126.670296852778">📍 네이버 지도</a>]]></description>
        <styleUrl>#통합기준점_style</styleUrl>
        <Point>
          <coordinates>126.670296852778,36.0972804249993,0</coordinates>
        </Point>
      </Placemark>
      <Placemark>
        <name>◎ U서천79</name>
        <description><![CDATA[<b>통합기준점</b><br>명칭: U서천79<br>위도: 36.061955°N<br>경도: 126.707103°E<br><br><a href="https://map.naver.com/v5/search/36.0619545833326,126.707102569444">📍 네이버 지도</a>]]></description>
        <styleUrl>#통합기준점_style</styleUrl>
        <Point>
          <coordinates>126.707102569444,36.0619545833326,0</coordinates>
        </Point>
      </Placemark>
      <Placemark>
        <name>◎ U한산41</name>
        <description><![CDATA[<b>통합기준점</b><br>명칭: U한산41<br>위도: 36.141051°N<br>경도: 126.750615°E<br><br><a href="https://map.naver.com/v5/search/36.1410511444438,126.750614780556">📍 네이버 지도</a>]]></description>
        <styleUrl>#통합기준점_style</styleUrl>
        <Point>
          <coordinates>126.750614780556,36.1410511444438,0</coordinates>
        </Point>
      </Placemark>
      <Placemark>
        <name>◎ U한산47</name>
        <description><![CDATA[<b>통합기준점</b><br>명칭: U한산47<br>위도: 36.127398°N<br>경도: 126.920799°E<br><br><a href="https://map.naver.com/v5/search/36.1273975888882,126.920799377778">📍 네이버 지도</a>]]></description>
        <styleUrl>#통합기준점_style</styleUrl>
        <Point>
          <coordinates>126.920799377778,36.1273975888882,0</coordinates>
        </Point>
      </Placemark>
      <Placemark>
        <name>◎ U한산50</name>
        <description><![CDATA[<b>통합기준점</b><br>명칭: U한산50<br>위도: 36.125999°N<br>경도: 126.981266°E<br><br><a href="https://map.naver.com/v5/search/36.1259989361105,126.981266033333">📍 네이버 지도</a>]]></description>
        <styleUrl>#통합기준점_style</styleUrl>
        <Point>
          <coordinates>126.981266033333,36.1259989361105,0</coordinates>
        </Point>
      </Placemark>
      <Placemark>
        <name>◎ U한산52</name>
        <description><![CDATA[<b>통합기준점</b><br>명칭: U한산52<br>위도: 36.118039°N<br>경도: 126.793647°E<br><br><a href="https://map.naver.com/v5/search/36.1180387472216,126.793646958333">📍 네이버 지도</a>]]></description>
        <styleUrl>#통합기준점_style</styleUrl>
        <Point>
          <coordinates>126.793646958333,36.1180387472216,0</coordinates>
        </Point>
      </Placemark>
      <Placemark>
        <name>◎ U한산56</name>
        <description><![CDATA[<b>통합기준점</b><br>명칭: U한산56<br>위도: 36.106564°N<br>경도: 126.886074°E<br><br><a href="https://map.naver.com/v5/search/36.1065641333327,126.886074486111">📍 네이버 지도</a>]]></description>
        <styleUrl>#통합기준점_style</styleUrl>
        <Point>
          <coordinates>126.886074486111,36.1065641333327,0</coordinates>
        </Point>
      </Placemark>
      <Placemark>
        <name>◎ U한산67</name>
        <description><![CDATA[<b>통합기준점</b><br>명칭: U한산67<br>위도: 36.075450°N<br>경도: 126.922614°E<br><br><a href="https://map.naver.com/v5/search/36.075449566666,126.922613533333">📍 네이버 지도</a>]]></description>
        <styleUrl>#통합기준점_style</styleUrl>
        <Point>
          <coordinates>126.922613533333,36.075449566666,0</coordinates>
        </Point>
      </Placemark>
      <Placemark>
        <name>◎ U한산71</name>
        <description><![CDATA[<b>통합기준점</b><br>명칭: U한산71<br>위도: 36.073350°N<br>경도: 126.767743°E<br><br><a href="https://map.naver.com/v5/search/36.0733503527771,126.767742802778">📍 네이버 지도</a>]]></description>
        <styleUrl>#통합기준점_style</styleUrl>
        <Point>
          <coordinates>126.767742802778,36.0733503527771,0</coordinates>
        </Point>
      </Placemark>
      <Placemark>
        <name>◎ U한산76</name>
        <description><![CDATA[<b>통합기준점</b><br>명칭: U한산76<br>위도: 36.065872°N<br>경도: 126.877861°E<br><br><a href="https://map.naver.com/v5/search/36.0658719527771,126.877860975">📍 네이버 지도</a>]]></description>
        <styleUrl>#통합기준점_style</styleUrl>
        <Point>
          <coordinates>126.877860975,36.0658719527771,0</coordinates>
        </Point>
      </Placemark>
      <Placemark>
        <name>◎ U한산82</name>
        <description><![CDATA[<b>통합기준점</b><br>명칭: U한산82<br>위도: 36.036943°N<br>경도: 126.778515°E<br><br><a href="https://map.naver.com/v5/search/36.0369426111104,126.778515058333">📍 네이버 지도</a>]]></description>
        <styleUrl>#통합기준점_style</styleUrl>
        <Point>
          <coordinates>126.778515058333,36.0369426111104,0</coordinates>
        </Point>
      </Placemark>
      <Placemark>
        <name>◎ U한산84</name>
        <description><![CDATA[<b>통합기준점</b><br>명칭: U한산84<br>위도: 36.038790°N<br>경도: 126.829872°E<br><br><a href="https://map.naver.com/v5/search/36.0387895638882,126.829872033333">📍 네이버 지도</a>]]></description>
        <styleUrl>#통합기준점_style</styleUrl>
        <Point>
          <coordinates>126.829872033333,36.0387895638882,0</coordinates>
        </Point>
      </Placemark>
      <Placemark>
        <name>◎ U한산88</name>
        <description><![CDATA[<b>통합기준점</b><br>명칭: U한산88<br>위도: 36.025327°N<br>경도: 126.944552°E<br><br><a href="https://map.naver.com/v5/search/36.0253274499993,126.944552236111">📍 네이버 지도</a>]]></description>
        <styleUrl>#통합기준점_style</styleUrl>
        <Point>
          <coordinates>126.944552236111,36.0253274499993,0</coordinates>
        </Point>
      </Placemark>
      <Placemark>
        <name>◎ U논산35</name>
        <description><![CDATA[<b>통합기준점</b><br>명칭: U논산35<br>위도: 36.152153°N<br>경도: 127.101853°E<br><br><a href="https://map.naver.com/v5/search/36.1521529472216,127.101852588889">📍 네이버 지도</a>]]></description>
        <styleUrl>#통합기준점_style</styleUrl>
        <Point>
          <coordinates>127.101852588889,36.1521529472216,0</coordinates>
        </Point>
      </Placemark>
      <Placemark>
        <name>◎ U논산52</name>
        <description><![CDATA[<b>통합기준점</b><br>명칭: U논산52<br>위도: 36.114449°N<br>경도: 127.039496°E<br><br><a href="https://map.naver.com/v5/search/36.1144485361105,127.039495552778">📍 네이버 지도</a>]]></description>
        <styleUrl>#통합기준점_style</styleUrl>
        <Point>
          <coordinates>127.039495552778,36.1144485361105,0</coordinates>
        </Point>
      </Placemark>
      <Placemark>
        <name>◎ U논산61</name>
        <description><![CDATA[<b>통합기준점</b><br>명칭: U논산61<br>위도: 36.077393°N<br>경도: 127.008869°E<br><br><a href="https://map.naver.com/v5/search/36.0773929583327,127.00886895">📍 네이버 지도</a>]]></description>
        <styleUrl>#통합기준점_style</styleUrl>
        <Point>
          <coordinates>127.00886895,36.0773929583327,0</coordinates>
        </Point>
      </Placemark>
      <Placemark>
        <name>◎ U논산67</name>
        <description><![CDATA[<b>통합기준점</b><br>명칭: U논산67<br>위도: 36.093713°N<br>경도: 127.166307°E<br><br><a href="https://map.naver.com/v5/search/36.0937134388882,127.166306558333">📍 네이버 지도</a>]]></description>
        <styleUrl>#통합기준점_style</styleUrl>
        <Point>
          <coordinates>127.166306558333,36.0937134388882,0</coordinates>
        </Point>
      </Placemark>
      <Placemark>
        <name>◎ U논산81</name>
        <description><![CDATA[<b>통합기준점</b><br>명칭: U논산81<br>위도: 36.029445°N<br>경도: 127.006148°E<br><br><a href="https://map.naver.com/v5/search/36.029444516666,127.006147961111">📍 네이버 지도</a>]]></description>
        <styleUrl>#통합기준점_style</styleUrl>
        <Point>
          <coordinates>127.006147961111,36.029444516666,0</coordinates>
        </Point>
      </Placemark>
      <Placemark>
        <name>◎ U논산94</name>
        <description><![CDATA[<b>통합기준점</b><br>명칭: U논산94<br>위도: 36.020317°N<br>경도: 127.091628°E<br><br><a href="https://map.naver.com/v5/search/36.0203168444438,127.091628066667">📍 네이버 지도</a>]]></description>
        <styleUrl>#통합기준점_style</styleUrl>
        <Point>
          <coordinates>127.091628066667,36.0203168444438,0</coordinates>
        </Point>
      </Placemark>
      <Placemark>
        <name>◎ U금산40</name>
        <description><![CDATA[<b>통합기준점</b><br>명칭: U금산40<br>위도: 36.157806°N<br>경도: 127.485843°E<br><br><a href="https://map.naver.com/v5/search/36.1578062499994,127.485842661111">📍 네이버 지도</a>]]></description>
        <styleUrl>#통합기준점_style</styleUrl>
        <Point>
          <coordinates>127.485842661111,36.1578062499994,0</coordinates>
        </Point>
      </Placemark>
      <Placemark>
        <name>◎ U금산49</name>
        <description><![CDATA[<b>통합기준점</b><br>명칭: U금산49<br>위도: 36.130248°N<br>경도: 127.453746°E<br><br><a href="https://map.naver.com/v5/search/36.130247991666,127.453745969444">📍 네이버 지도</a>]]></description>
        <styleUrl>#통합기준점_style</styleUrl>
        <Point>
          <coordinates>127.453745969444,36.130247991666,0</coordinates>
        </Point>
      </Placemark>
      <Placemark>
        <name>◎ U금산61</name>
        <description><![CDATA[<b>통합기준점</b><br>명칭: U금산61<br>위도: 36.078591°N<br>경도: 127.257189°E<br><br><a href="https://map.naver.com/v5/search/36.0785907055549,127.257189375">📍 네이버 지도</a>]]></description>
        <styleUrl>#통합기준점_style</styleUrl>
        <Point>
          <coordinates>127.257189375,36.0785907055549,0</coordinates>
        </Point>
      </Placemark>
      <Placemark>
        <name>◎ U금산62</name>
        <description><![CDATA[<b>통합기준점</b><br>명칭: U금산62<br>위도: 36.097394°N<br>경도: 127.298077°E<br><br><a href="https://map.naver.com/v5/search/36.0973937499993,127.298076805556">📍 네이버 지도</a>]]></description>
        <styleUrl>#통합기준점_style</styleUrl>
        <Point>
          <coordinates>127.298076805556,36.0973937499993,0</coordinates>
        </Point>
      </Placemark>
      <Placemark>
        <name>◎ U금산64</name>
        <description><![CDATA[<b>통합기준점</b><br>명칭: U금산64<br>위도: 36.094961°N<br>경도: 127.332689°E<br><br><a href="https://map.naver.com/v5/search/36.0949605888882,127.332689005556">📍 네이버 지도</a>]]></description>
        <styleUrl>#통합기준점_style</styleUrl>
        <Point>
          <coordinates>127.332689005556,36.0949605888882,0</coordinates>
        </Point>
      </Placemark>
      <Placemark>
        <name>◎ U금산65</name>
        <description><![CDATA[<b>통합기준점</b><br>명칭: U금산65<br>위도: 36.080997°N<br>경도: 127.369300°E<br><br><a href="https://map.naver.com/v5/search/36.0809966833327,127.369300061111">📍 네이버 지도</a>]]></description>
        <styleUrl>#통합기준점_style</styleUrl>
        <Point>
          <coordinates>127.369300061111,36.0809966833327,0</coordinates>
        </Point>
      </Placemark>
      <Placemark>
        <name>◎ U금산73</name>
        <description><![CDATA[<b>통합기준점</b><br>명칭: U금산73<br>위도: 36.065967°N<br>경도: 127.309348°E<br><br><a href="https://map.naver.com/v5/search/36.0659668499993,127.309348275">📍 네이버 지도</a>]]></description>
        <styleUrl>#통합기준점_style</styleUrl>
        <Point>
          <coordinates>127.309348275,36.0659668499993,0</coordinates>
        </Point>
      </Placemark>
      <Placemark>
        <name>◎ U금산74</name>
        <description><![CDATA[<b>통합기준점</b><br>명칭: U금산74<br>위도: 36.065663°N<br>경도: 127.336273°E<br><br><a href="https://map.naver.com/v5/search/36.0656633388882,127.336273483333">📍 네이버 지도</a>]]></description>
        <styleUrl>#통합기준점_style</styleUrl>
        <Point>
          <coordinates>127.336273483333,36.0656633388882,0</coordinates>
        </Point>
      </Placemark>
      <Placemark>
        <name>◎ U금산77</name>
        <description><![CDATA[<b>통합기준점</b><br>명칭: U금산77<br>위도: 36.063384°N<br>경도: 127.401874°E<br><br><a href="https://map.naver.com/v5/search/36.0633836694438,127.40187395">📍 네이버 지도</a>]]></description>
        <styleUrl>#통합기준점_style</styleUrl>
        <Point>
          <coordinates>127.40187395,36.0633836694438,0</coordinates>
        </Point>
      </Placemark>
      <Placemark>
        <name>◎ U금산81</name>
        <description><![CDATA[<b>통합기준점</b><br>명칭: U금산81<br>위도: 36.048545°N<br>경도: 127.261662°E<br><br><a href="https://map.naver.com/v5/search/36.0485447472215,127.26166215">📍 네이버 지도</a>]]></description>
        <styleUrl>#통합기준점_style</styleUrl>
        <Point>
          <coordinates>127.26166215,36.0485447472215,0</coordinates>
        </Point>
      </Placemark>
      <Placemark>
        <name>◎ U금산89</name>
        <description><![CDATA[<b>통합기준점</b><br>명칭: U금산89<br>위도: 36.029204°N<br>경도: 127.456326°E<br><br><a href="https://map.naver.com/v5/search/36.0292044777771,127.456326494444">📍 네이버 지도</a>]]></description>
        <styleUrl>#통합기준점_style</styleUrl>
        <Point>
          <coordinates>127.456326494444,36.0292044777771,0</coordinates>
        </Point>
      </Placemark>
      <Placemark>
        <name>◎ U이원36</name>
        <description><![CDATA[<b>통합기준점</b><br>명칭: U이원36<br>위도: 36.158696°N<br>경도: 127.633750°E<br><br><a href="https://map.naver.com/v5/search/36.1586959638882,127.633749919444">📍 네이버 지도</a>]]></description>
        <styleUrl>#통합기준점_style</styleUrl>
        <Point>
          <coordinates>127.633749919444,36.1586959638882,0</coordinates>
        </Point>
      </Placemark>
      <Placemark>
        <name>◎ U이원46</name>
        <description><![CDATA[<b>통합기준점</b><br>명칭: U이원46<br>위도: 36.130457°N<br>경도: 127.648415°E<br><br><a href="https://map.naver.com/v5/search/36.1304573249994,127.648414588889">📍 네이버 지도</a>]]></description>
        <styleUrl>#통합기준점_style</styleUrl>
        <Point>
          <coordinates>127.648414588889,36.1304573249994,0</coordinates>
        </Point>
      </Placemark>
      <Placemark>
        <name>◎ U이원53</name>
        <description><![CDATA[<b>통합기준점</b><br>명칭: U이원53<br>위도: 36.109546°N<br>경도: 127.566379°E<br><br><a href="https://map.naver.com/v5/search/36.1095458388882,127.566379388889">📍 네이버 지도</a>]]></description>
        <styleUrl>#통합기준점_style</styleUrl>
        <Point>
          <coordinates>127.566379388889,36.1095458388882,0</coordinates>
        </Point>
      </Placemark>
      <Placemark>
        <name>◎ U이원54</name>
        <description><![CDATA[<b>통합기준점</b><br>명칭: U이원54<br>위도: 36.114898°N<br>경도: 127.596380°E<br><br><a href="https://map.naver.com/v5/search/36.1148981972216,127.596379736111">📍 네이버 지도</a>]]></description>
        <styleUrl>#통합기준점_style</styleUrl>
        <Point>
          <coordinates>127.596379736111,36.1148981972216,0</coordinates>
        </Point>
      </Placemark>
      <Placemark>
        <name>◎ U이원61</name>
        <description><![CDATA[<b>통합기준점</b><br>명칭: U이원61<br>위도: 36.078372°N<br>경도: 127.518845°E<br><br><a href="https://map.naver.com/v5/search/36.0783721111104,127.518845052778">📍 네이버 지도</a>]]></description>
        <styleUrl>#통합기준점_style</styleUrl>
        <Point>
          <coordinates>127.518845052778,36.0783721111104,0</coordinates>
        </Point>
      </Placemark>
      <Placemark>
        <name>◎ U이원69</name>
        <description><![CDATA[<b>통합기준점</b><br>명칭: U이원69<br>위도: 36.093687°N<br>경도: 127.718311°E<br><br><a href="https://map.naver.com/v5/search/36.0936869861104,127.718310925">📍 네이버 지도</a>]]></description>
        <styleUrl>#통합기준점_style</styleUrl>
        <Point>
          <coordinates>127.718310925,36.0936869861104,0</coordinates>
        </Point>
      </Placemark>
      <Placemark>
        <name>◎ U이원77</name>
        <description><![CDATA[<b>통합기준점</b><br>명칭: U이원77<br>위도: 36.055136°N<br>경도: 127.659304°E<br><br><a href="https://map.naver.com/v5/search/36.0551364333326,127.659303830556">📍 네이버 지도</a>]]></description>
        <styleUrl>#통합기준점_style</styleUrl>
        <Point>
          <coordinates>127.659303830556,36.0551364333326,0</coordinates>
        </Point>
      </Placemark>
      <Placemark>
        <name>◎ U이원90</name>
        <description><![CDATA[<b>통합기준점</b><br>명칭: U이원90<br>위도: 36.049796°N<br>경도: 127.736923°E<br><br><a href="https://map.naver.com/v5/search/36.0497962249993,127.736923186111">📍 네이버 지도</a>]]></description>
        <styleUrl>#통합기준점_style</styleUrl>
        <Point>
          <coordinates>127.736923186111,36.0497962249993,0</coordinates>
        </Point>
      </Placemark>
      <Placemark>
        <name>◎ U이원91</name>
        <description><![CDATA[<b>통합기준점</b><br>명칭: U이원91<br>위도: 36.017135°N<br>경도: 127.509371°E<br><br><a href="https://map.naver.com/v5/search/36.017134616666,127.509370605556">📍 네이버 지도</a>]]></description>
        <styleUrl>#통합기준점_style</styleUrl>
        <Point>
          <coordinates>127.509370605556,36.017134616666,0</coordinates>
        </Point>
      </Placemark>
      <Placemark>
        <name>◎ U이원94</name>
        <description><![CDATA[<b>통합기준점</b><br>명칭: U이원94<br>위도: 36.014654°N<br>경도: 127.580423°E<br><br><a href="https://map.naver.com/v5/search/36.014654066666,127.580423275">📍 네이버 지도</a>]]></description>
        <styleUrl>#통합기준점_style</styleUrl>
        <Point>
          <coordinates>127.580423275,36.014654066666,0</coordinates>
        </Point>
      </Placemark>
    </Folder>
  </Folder>

</Document>
</kml>