<?xml version="1.0" encoding="UTF-8"?>
<kml xmlns="http://www.opengis.net/kml/2.2">
<Document>
  <name>1등급 후보지 63개 서브격자 + 기준점</name>
  <description>P1 63개 / 사이트당 상위5개 / 기준점 5km 반경 / 20260520_163338</description>

  <Style id="top1"><IconStyle><color>ff0000ff</color><scale>1.4</scale>
    <Icon><href>http://maps.google.com/mapfiles/kml/paddle/red-stars.png</href></Icon>
  </IconStyle><LabelStyle><scale>1.1</scale></LabelStyle></Style>
  <Style id="top5"><IconStyle><color>ff00aaff</color><scale>1.0</scale>
    <Icon><href>http://maps.google.com/mapfiles/kml/paddle/orange-circle.png</href></Icon>
  </IconStyle><LabelStyle><scale>0.85</scale></LabelStyle></Style>
  <Style id="center"><IconStyle><color>ffff8800</color><scale>1.2</scale>
    <Icon><href>http://maps.google.com/mapfiles/kml/paddle/blu-circle.png</href></Icon>
  </IconStyle><LabelStyle><scale>0.9</scale></LabelStyle></Style>
  <Style id="tri"><IconStyle><color>ff00cc00</color><scale>0.8</scale>
    <Icon><href>http://maps.google.com/mapfiles/kml/shapes/triangle.png</href></Icon>
  </IconStyle><LabelStyle><scale>0.65</scale><color>ff007700</color></LabelStyle></Style>
  <Style id="uni"><IconStyle><color>ff0088ff</color><scale>0.75</scale>
    <Icon><href>http://maps.google.com/mapfiles/kml/shapes/donut.png</href></Icon>
  </IconStyle><LabelStyle><scale>0.65</scale><color>ff0066cc</color></LabelStyle></Style>

  <Folder>
    <name>#1 (34.77°N 126.07°E) 국가71.3점</name>
    <description>서브격자 상위5개 / 근접 기준점7개</description>
    <Placemark><name>▶ P1 #1 중심</name>
      <description><![CDATA[P1 국가격자 후보지<br>점수: 71.3점<br>좌표: 34.77249°N, 126.06856°E<br>서브격자 후보: 5개 / 근접 기준점: 7개<br><br><a href="https://map.naver.com/v5/search/34.77249,126.06856">📍 네이버 지도</a>]]></description>
      <styleUrl>#center</styleUrl>
      <Point><coordinates>126.06856,34.77249,0</coordinates></Point>
    </Placemark>
    <Folder><name>📍 서브격자 후보 (5개)</name>
      <Placemark><name>#1 99.1점</name>
        <description><![CDATA[사이트 #1 / 서브격자 1위
종합점수: 99.1점
좌표: 34.799276°N, 126.046235°E

② 지형: 15.0 / 15점 (경사 0.0°)
③ 전력·철도: 14.5 / 15점
④ 인구이격: 15.0 / 15점
⑤ 모델기여: 10.0 / 10점
⑥ 암상: 5.0 / 5점
도로: 1969m

네이버: https://map.naver.com/v5/search/34.799276,126.046235
카카오: https://map.kakao.com/link/map/P1-1,34.799276,126.046235]]></description>
        <styleUrl>#top1</styleUrl>
        <Point><coordinates>126.046235,34.799276,0</coordinates></Point>
      </Placemark>
      <Placemark><name>#2 97.7점</name>
        <description><![CDATA[사이트 #1 / 서브격자 2위
종합점수: 97.7점
좌표: 34.771835°N, 126.013935°E

② 지형: 15.0 / 15점 (경사 0.0°)
③ 전력·철도: 15.0 / 15점
④ 인구이격: 14.1 / 15점
⑤ 모델기여: 10.0 / 10점
⑥ 암상: 4.5 / 5점
도로: 1482m

네이버: https://map.naver.com/v5/search/34.771835,126.013935
카카오: https://map.kakao.com/link/map/P1-2,34.771835,126.013935]]></description>
        <styleUrl>#top5</styleUrl>
        <Point><coordinates>126.013935,34.771835,0</coordinates></Point>
      </Placemark>
      <Placemark><name>#3 95.9점</name>
        <description><![CDATA[사이트 #1 / 서브격자 3위
종합점수: 95.9점
좌표: 34.772100°N, 126.035785°E

② 지형: 14.7 / 15점 (경사 0.52°)
③ 전력·철도: 14.8 / 15점
④ 인구이격: 14.4 / 15점
⑤ 모델기여: 10.0 / 10점
⑥ 암상: 3.7 / 5점
도로: 1555m

네이버: https://map.naver.com/v5/search/34.7721,126.035785
카카오: https://map.kakao.com/link/map/P1-3,34.7721,126.035785]]></description>
        <styleUrl>#top5</styleUrl>
        <Point><coordinates>126.035785,34.7721,0</coordinates></Point>
      </Placemark>
      <Placemark><name>#4 95.6점</name>
        <description><![CDATA[사이트 #1 / 서브격자 4위
종합점수: 95.6점
좌표: 34.736171°N, 126.047342°E

② 지형: 15.0 / 15점 (경사 0.0°)
③ 전력·철도: 14.8 / 15점
④ 인구이격: 13.5 / 15점
⑤ 모델기여: 10.0 / 10점
⑥ 암상: 4.0 / 5점
도로: 1837m

네이버: https://map.naver.com/v5/search/34.736171,126.047342
카카오: https://map.kakao.com/link/map/P1-4,34.736171,126.047342]]></description>
        <styleUrl>#top5</styleUrl>
        <Point><coordinates>126.047342,34.736171,0</coordinates></Point>
      </Placemark>
      <Placemark><name>#5 92.7점</name>
        <description><![CDATA[사이트 #1 / 서브격자 5위
종합점수: 92.7점
좌표: 34.790391°N, 126.057321°E

② 지형: 15.0 / 15점 (경사 0.0°)
③ 전력·철도: 14.3 / 15점
④ 인구이격: 14.4 / 15점
⑤ 모델기여: 7.0 / 10점
⑥ 암상: 4.8 / 5점
도로: 1755m

네이버: https://map.naver.com/v5/search/34.790391,126.057321
카카오: https://map.kakao.com/link/map/P1-5,34.790391,126.057321]]></description>
        <styleUrl>#top5</styleUrl>
        <Point><coordinates>126.057321,34.790391,0</coordinates></Point>
      </Placemark>
    </Folder>
    <Folder><name>📐 근접 기준점 (7개)</name>
      <Placemark><name>△ 자은25</name>
        <description><![CDATA[<b>삼각점</b><br>명칭: 자은25<br>P1 #1 원점에서 2342m<br>좌표: 34.760061°N, 126.089246°E<br><br><a href="https://map.naver.com/v5/search/34.7600613611101,126.089246138888">📍 네이버 지도</a>]]></description>
        <styleUrl>#tri</styleUrl>
        <Point><coordinates>126.089246138888,34.7600613611101,0</coordinates></Point>
      </Placemark>
      <Placemark><name>△ 자은423</name>
        <description><![CDATA[<b>삼각점</b><br>명칭: 자은423<br>P1 #1 원점에서 2657m<br>좌표: 34.759342°N, 126.044291°E<br><br><a href="https://map.naver.com/v5/search/34.7593418611101,126.04429086111">📍 네이버 지도</a>]]></description>
        <styleUrl>#tri</styleUrl>
        <Point><coordinates>126.04429086111,34.7593418611101,0</coordinates></Point>
      </Placemark>
      <Placemark><name>△ 자은424</name>
        <description><![CDATA[<b>삼각점</b><br>명칭: 자은424<br>P1 #1 원점에서 2791m<br>좌표: 34.796995°N, 126.075503°E<br><br><a href="https://map.naver.com/v5/search/34.7969951666656,126.075502805555">📍 네이버 지도</a>]]></description>
        <styleUrl>#tri</styleUrl>
        <Point><coordinates>126.075502805555,34.7969951666656,0</coordinates></Point>
      </Placemark>
      <Placemark><name>△ 자은422</name>
        <description><![CDATA[<b>삼각점</b><br>명칭: 자은422<br>P1 #1 원점에서 3480m<br>좌표: 34.778262°N, 126.031183°E<br><br><a href="https://map.naver.com/v5/search/34.7782616944434,126.031182777777">📍 네이버 지도</a>]]></description>
        <styleUrl>#tri</styleUrl>
        <Point><coordinates>126.031182777777,34.7782616944434,0</coordinates></Point>
      </Placemark>
      <Placemark><name>△ 자은426</name>
        <description><![CDATA[<b>삼각점</b><br>명칭: 자은426<br>P1 #1 원점에서 3831m<br>좌표: 34.785251°N, 126.107455°E<br><br><a href="https://map.naver.com/v5/search/34.7852506666656,126.107454583333">📍 네이버 지도</a>]]></description>
        <styleUrl>#tri</styleUrl>
        <Point><coordinates>126.107454583333,34.7852506666656,0</coordinates></Point>
      </Placemark>
      <Placemark><name>◎ U1005</name>
        <description><![CDATA[<b>통합기준점</b><br>명칭: U1005<br>P1 #1 원점에서 3883m<br>좌표: 34.807489°N, 126.067799°E<br><br><a href="https://map.naver.com/v5/search/34.8074887888879,126.067799413888">📍 네이버 지도</a>]]></description>
        <styleUrl>#uni</styleUrl>
        <Point><coordinates>126.067799413888,34.8074887888879,0</coordinates></Point>
      </Placemark>
      <Placemark><name>△ 자은421</name>
        <description><![CDATA[<b>삼각점</b><br>명칭: 자은421<br>P1 #1 원점에서 4685m<br>좌표: 34.764120°N, 126.018394°E<br><br><a href="https://map.naver.com/v5/search/34.7641201111101,126.018394027777">📍 네이버 지도</a>]]></description>
        <styleUrl>#tri</styleUrl>
        <Point><coordinates>126.018394027777,34.7641201111101,0</coordinates></Point>
      </Placemark>
    </Folder>
  </Folder>
  <Folder>
    <name>#2 (33.24°N 126.31°E) 국가85.6점</name>
    <description>서브격자 상위5개 / 근접 기준점7개</description>
    <Placemark><name>▶ P1 #2 중심</name>
      <description><![CDATA[P1 국가격자 후보지<br>점수: 85.6점<br>좌표: 33.24199°N, 126.30868°E<br>서브격자 후보: 5개 / 근접 기준점: 7개<br><br><a href="https://map.naver.com/v5/search/33.24199,126.30868">📍 네이버 지도</a>]]></description>
      <styleUrl>#center</styleUrl>
      <Point><coordinates>126.30868,33.24199,0</coordinates></Point>
    </Placemark>
    <Folder><name>📍 서브격자 후보 (5개)</name>
      <Placemark><name>#1 97.6점</name>
        <description><![CDATA[사이트 #2 / 서브격자 1위
종합점수: 97.6점
좌표: 33.215139°N, 126.330504°E

② 지형: 15.0 / 15점 (경사 0.0°)
③ 전력·철도: 13.5 / 15점
④ 인구이격: 15.0 / 15점
⑤ 모델기여: 10.0 / 10점
⑥ 암상: 5.0 / 5점
도로: 1894m

네이버: https://map.naver.com/v5/search/33.215139,126.330504
카카오: https://map.kakao.com/link/map/P2-1,33.215139,126.330504]]></description>
        <styleUrl>#top1</styleUrl>
        <Point><coordinates>126.330504,33.215139,0</coordinates></Point>
      </Placemark>
      <Placemark><name>#2 97.1점</name>
        <description><![CDATA[사이트 #2 / 서브격자 2위
종합점수: 97.1점
좌표: 33.205918°N, 126.309169°E

② 지형: 15.0 / 15점 (경사 0.0°)
③ 전력·철도: 14.8 / 15점
④ 인구이격: 14.2 / 15점
⑤ 모델기여: 10.0 / 10점
⑥ 암상: 4.2 / 5점
도로: 1589m

네이버: https://map.naver.com/v5/search/33.205918,126.309169
카카오: https://map.kakao.com/link/map/P2-2,33.205918,126.309169]]></description>
        <styleUrl>#top5</styleUrl>
        <Point><coordinates>126.309169,33.205918,0</coordinates></Point>
      </Placemark>
      <Placemark><name>#3 97.0점</name>
        <description><![CDATA[사이트 #2 / 서브격자 3위
종합점수: 97.0점
좌표: 33.215038°N, 126.319775°E

② 지형: 15.0 / 15점 (경사 0.0°)
③ 전력·철도: 14.1 / 15점
④ 인구이격: 14.7 / 15점
⑤ 모델기여: 10.0 / 10점
⑥ 암상: 4.4 / 5점
도로: 1719m

네이버: https://map.naver.com/v5/search/33.215038,126.319775
카카오: https://map.kakao.com/link/map/P2-3,33.215038,126.319775]]></description>
        <styleUrl>#top5</styleUrl>
        <Point><coordinates>126.319775,33.215038,0</coordinates></Point>
      </Placemark>
      <Placemark><name>#4 96.2점</name>
        <description><![CDATA[사이트 #2 / 서브격자 4위
종합점수: 96.2점
좌표: 33.196899°N, 126.309291°E

② 지형: 15.0 / 15점 (경사 0.0°)
③ 전력·철도: 15.0 / 15점
④ 인구이격: 14.8 / 15점
⑤ 모델기여: 8.0 / 10점
⑥ 암상: 4.9 / 5점
도로: 1492m

네이버: https://map.naver.com/v5/search/33.196899,126.309291
카카오: https://map.kakao.com/link/map/P2-4,33.196899,126.309291]]></description>
        <styleUrl>#top5</styleUrl>
        <Point><coordinates>126.309291,33.196899,0</coordinates></Point>
      </Placemark>
      <Placemark><name>#5 95.9점</name>
        <description><![CDATA[사이트 #2 / 서브격자 5위
종합점수: 95.9점
좌표: 33.214936°N, 126.309047°E

② 지형: 15.0 / 15점 (경사 0.0°)
③ 전력·철도: 14.5 / 15점
④ 인구이격: 14.0 / 15점
⑤ 모델기여: 10.0 / 10점
⑥ 암상: 4.1 / 5점
도로: 1274m

네이버: https://map.naver.com/v5/search/33.214936,126.309047
카카오: https://map.kakao.com/link/map/P2-5,33.214936,126.309047]]></description>
        <styleUrl>#top5</styleUrl>
        <Point><coordinates>126.309047,33.214936,0</coordinates></Point>
      </Placemark>
    </Folder>
    <Folder><name>📐 근접 기준점 (7개)</name>
      <Placemark><name>◎ U1166</name>
        <description><![CDATA[<b>통합기준점</b><br>명칭: U1166<br>P1 #2 원점에서 1235m<br>좌표: 33.233512°N, 126.300079°E<br><br><a href="https://map.naver.com/v5/search/33.233512458332,126.300079327777">📍 네이버 지도</a>]]></description>
        <styleUrl>#uni</styleUrl>
        <Point><coordinates>126.300079327777,33.233512458332,0</coordinates></Point>
      </Placemark>
      <Placemark><name>△ 모슬포23</name>
        <description><![CDATA[<b>삼각점</b><br>명칭: 모슬포23<br>P1 #2 원점에서 1898m<br>좌표: 33.242860°N, 126.288332°E<br><br><a href="https://map.naver.com/v5/search/33.2428604444431,126.288332333333">📍 네이버 지도</a>]]></description>
        <styleUrl>#tri</styleUrl>
        <Point><coordinates>126.288332333333,33.2428604444431,0</coordinates></Point>
      </Placemark>
      <Placemark><name>△ 모슬포425</name>
        <description><![CDATA[<b>삼각점</b><br>명칭: 모슬포425<br>P1 #2 원점에서 2087m<br>좌표: 33.225096°N, 126.298795°E<br><br><a href="https://map.naver.com/v5/search/33.2250958055542,126.298795361111">📍 네이버 지도</a>]]></description>
        <styleUrl>#tri</styleUrl>
        <Point><coordinates>126.298795361111,33.2250958055542,0</coordinates></Point>
      </Placemark>
      <Placemark><name>◎ U모슬포23</name>
        <description><![CDATA[<b>통합기준점</b><br>명칭: U모슬포23<br>P1 #2 원점에서 2658m<br>좌표: 33.257100°N, 126.330826°E<br><br><a href="https://map.naver.com/v5/search/33.2570997194431,126.330825852778">📍 네이버 지도</a>]]></description>
        <styleUrl>#uni</styleUrl>
        <Point><coordinates>126.330825852778,33.2570997194431,0</coordinates></Point>
      </Placemark>
      <Placemark><name>△ 모슬포426</name>
        <description><![CDATA[<b>삼각점</b><br>명칭: 모슬포426<br>P1 #2 원점에서 3804m<br>좌표: 33.243990°N, 126.349435°E<br><br><a href="https://map.naver.com/v5/search/33.2439895555542,126.349434972222">📍 네이버 지도</a>]]></description>
        <styleUrl>#tri</styleUrl>
        <Point><coordinates>126.349434972222,33.2439895555542,0</coordinates></Point>
      </Placemark>
      <Placemark><name>△ 모슬포403</name>
        <description><![CDATA[<b>삼각점</b><br>명칭: 모슬포403<br>P1 #2 원점에서 4224m<br>좌표: 33.271328°N, 126.337607°E<br><br><a href="https://map.naver.com/v5/search/33.2713275277764,126.337607111111">📍 네이버 지도</a>]]></description>
        <styleUrl>#tri</styleUrl>
        <Point><coordinates>126.337607111111,33.2713275277764,0</coordinates></Point>
      </Placemark>
      <Placemark><name>◎ U모슬포24</name>
        <description><![CDATA[<b>통합기준점</b><br>명칭: U모슬포24<br>P1 #2 원점에서 4287m<br>좌표: 33.251915°N, 126.264212°E<br><br><a href="https://map.naver.com/v5/search/33.2519149166653,126.264212133333">📍 네이버 지도</a>]]></description>
        <styleUrl>#uni</styleUrl>
        <Point><coordinates>126.264212133333,33.2519149166653,0</coordinates></Point>
      </Placemark>
    </Folder>
  </Folder>
  <Folder>
    <name>#3 (36.67°N 126.26°E) 국가70.8점</name>
    <description>서브격자 상위5개 / 근접 기준점7개</description>
    <Placemark><name>▶ P1 #3 중심</name>
      <description><![CDATA[P1 국가격자 후보지<br>점수: 70.8점<br>좌표: 36.66786°N, 126.25804°E<br>서브격자 후보: 5개 / 근접 기준점: 7개<br><br><a href="https://map.naver.com/v5/search/36.66786,126.25804">📍 네이버 지도</a>]]></description>
      <styleUrl>#center</styleUrl>
      <Point><coordinates>126.25804,36.66786,0</coordinates></Point>
    </Placemark>
    <Folder><name>📍 서브격자 후보 (5개)</name>
      <Placemark><name>#1 98.9점</name>
        <description><![CDATA[사이트 #3 / 서브격자 1위
종합점수: 98.9점
좌표: 36.631925°N, 126.269802°E

② 지형: 15.0 / 15점 (경사 0.0°)
③ 전력·철도: 14.3 / 15점
④ 인구이격: 15.0 / 15점
⑤ 모델기여: 10.0 / 10점
⑥ 암상: 5.0 / 5점
도로: 1663m

네이버: https://map.naver.com/v5/search/36.631925,126.269802
카카오: https://map.kakao.com/link/map/P3-1,36.631925,126.269802]]></description>
        <styleUrl>#top1</styleUrl>
        <Point><coordinates>126.269802,36.631925,0</coordinates></Point>
      </Placemark>
      <Placemark><name>#2 98.2점</name>
        <description><![CDATA[사이트 #3 / 서브격자 2위
종합점수: 98.2점
좌표: 36.658847°N, 126.258185°E

② 지형: 15.0 / 15점 (경사 0.0°)
③ 전력·철도: 14.4 / 15점
④ 인구이격: 14.8 / 15점
⑤ 모델기여: 10.0 / 10점
⑥ 암상: 4.8 / 5점
도로: 1751m

네이버: https://map.naver.com/v5/search/36.658847,126.258185
카카오: https://map.kakao.com/link/map/P3-2,36.658847,126.258185]]></description>
        <styleUrl>#top5</styleUrl>
        <Point><coordinates>126.258185,36.658847,0</coordinates></Point>
      </Placemark>
      <Placemark><name>#3 97.6점</name>
        <description><![CDATA[사이트 #3 / 서브격자 3위
종합점수: 97.6점
좌표: 36.650065°N, 126.280700°E

② 지형: 15.0 / 15점 (경사 0.0°)
③ 전력·철도: 14.1 / 15점
④ 인구이격: 14.6 / 15점
⑤ 모델기여: 10.0 / 10점
⑥ 암상: 4.8 / 5점
도로: 1517m

네이버: https://map.naver.com/v5/search/36.650065,126.2807
카카오: https://map.kakao.com/link/map/P3-3,36.650065,126.2807]]></description>
        <styleUrl>#top5</styleUrl>
        <Point><coordinates>126.2807,36.650065,0</coordinates></Point>
      </Placemark>
      <Placemark><name>#4 97.5점</name>
        <description><![CDATA[사이트 #3 / 서브격자 4위
종합점수: 97.5점
좌표: 36.658963°N, 126.269371°E

② 지형: 15.0 / 15점 (경사 0.0°)
③ 전력·철도: 14.2 / 15점
④ 인구이격: 14.5 / 15점
⑤ 모델기여: 10.0 / 10점
⑥ 암상: 4.8 / 5점
도로: 1492m

네이버: https://map.naver.com/v5/search/36.658963,126.269371
카카오: https://map.kakao.com/link/map/P3-4,36.658963,126.269371]]></description>
        <styleUrl>#top5</styleUrl>
        <Point><coordinates>126.269371,36.658963,0</coordinates></Point>
      </Placemark>
      <Placemark><name>#5 96.8점</name>
        <description><![CDATA[사이트 #3 / 서브격자 5위
종합점수: 96.8점
좌표: 36.667860°N, 126.258040°E

② 지형: 15.0 / 15점 (경사 0.0°)
③ 전력·철도: 14.3 / 15점
④ 인구이격: 14.1 / 15점
⑤ 모델기여: 10.0 / 10점
⑥ 암상: 4.7 / 5점
도로: 985m

네이버: https://map.naver.com/v5/search/36.66786,126.25804
카카오: https://map.kakao.com/link/map/P3-5,36.66786,126.25804]]></description>
        <styleUrl>#top5</styleUrl>
        <Point><coordinates>126.25804,36.66786,0</coordinates></Point>
      </Placemark>
    </Folder>
    <Folder><name>📐 근접 기준점 (7개)</name>
      <Placemark><name>△ 신온401</name>
        <description><![CDATA[<b>삼각점</b><br>명칭: 신온401<br>P1 #3 원점에서 1589m<br>좌표: 36.676310°N, 126.272391°E<br><br><a href="https://map.naver.com/v5/search/36.6763103888884,126.272391083333">📍 네이버 지도</a>]]></description>
        <styleUrl>#tri</styleUrl>
        <Point><coordinates>126.272391083333,36.6763103888884,0</coordinates></Point>
      </Placemark>
      <Placemark><name>△ 신온301</name>
        <description><![CDATA[<b>삼각점</b><br>명칭: 신온301<br>P1 #3 원점에서 2665m<br>좌표: 36.691107°N, 126.265568°E<br><br><a href="https://map.naver.com/v5/search/36.6911066666662,126.265567527777">📍 네이버 지도</a>]]></description>
        <styleUrl>#tri</styleUrl>
        <Point><coordinates>126.265567527777,36.6911066666662,0</coordinates></Point>
      </Placemark>
      <Placemark><name>△ 신온430</name>
        <description><![CDATA[<b>삼각점</b><br>명칭: 신온430<br>P1 #3 원점에서 3467m<br>좌표: 36.668087°N, 126.296831°E<br><br><a href="https://map.naver.com/v5/search/36.6680870555551,126.296831444444">📍 네이버 지도</a>]]></description>
        <styleUrl>#tri</styleUrl>
        <Point><coordinates>126.296831444444,36.6680870555551,0</coordinates></Point>
      </Placemark>
      <Placemark><name>◎ U신온22</name>
        <description><![CDATA[<b>통합기준점</b><br>명칭: U신온22<br>P1 #3 원점에서 4442m<br>좌표: 36.700602°N, 126.286652°E<br><br><a href="https://map.naver.com/v5/search/36.7006015638884,126.286651872222">📍 네이버 지도</a>]]></description>
        <styleUrl>#uni</styleUrl>
        <Point><coordinates>126.286651872222,36.7006015638884,0</coordinates></Point>
      </Placemark>
      <Placemark><name>△ 근흥410</name>
        <description><![CDATA[<b>삼각점</b><br>명칭: 근흥410<br>P1 #3 원점에서 4537m<br>좌표: 36.701052°N, 126.228373°E<br><br><a href="https://map.naver.com/v5/search/36.7010522777773,126.228372555555">📍 네이버 지도</a>]]></description>
        <styleUrl>#tri</styleUrl>
        <Point><coordinates>126.228372555555,36.7010522777773,0</coordinates></Point>
      </Placemark>
      <Placemark><name>△ 신온429</name>
        <description><![CDATA[<b>삼각점</b><br>명칭: 신온429<br>P1 #3 원점에서 4852m<br>좌표: 36.644615°N, 126.304015°E<br><br><a href="https://map.naver.com/v5/search/36.6446148611106,126.304015333333">📍 네이버 지도</a>]]></description>
        <styleUrl>#tri</styleUrl>
        <Point><coordinates>126.304015333333,36.6446148611106,0</coordinates></Point>
      </Placemark>
      <Placemark><name>◎ U신온33</name>
        <description><![CDATA[<b>통합기준점</b><br>명칭: U신온33<br>P1 #3 원점에서 4894m<br>좌표: 36.657942°N, 126.311398°E<br><br><a href="https://map.naver.com/v5/search/36.6579417527773,126.311397888889">📍 네이버 지도</a>]]></description>
        <styleUrl>#uni</styleUrl>
        <Point><coordinates>126.311397888889,36.6579417527773,0</coordinates></Point>
      </Placemark>
    </Folder>
  </Folder>
  <Folder>
    <name>#4 (34.33°N 126.51°E) 국가68.9점</name>
    <description>서브격자 상위5개 / 근접 기준점7개</description>
    <Placemark><name>▶ P1 #4 중심</name>
      <description><![CDATA[P1 국가격자 후보지<br>점수: 68.9점<br>좌표: 34.32601°N, 126.51097°E<br>서브격자 후보: 5개 / 근접 기준점: 7개<br><br><a href="https://map.naver.com/v5/search/34.32601,126.51097">📍 네이버 지도</a>]]></description>
      <styleUrl>#center</styleUrl>
      <Point><coordinates>126.51097,34.32601,0</coordinates></Point>
    </Placemark>
    <Folder><name>📍 서브격자 후보 (5개)</name>
      <Placemark><name>#1 99.6점</name>
        <description><![CDATA[사이트 #4 / 서브격자 1위
종합점수: 99.6점
좌표: 34.325559°N, 126.456627°E

② 지형: 15.0 / 15점 (경사 0.0°)
③ 전력·철도: 15.0 / 15점
④ 인구이격: 15.0 / 15점
⑤ 모델기여: 10.0 / 10점
⑥ 암상: 4.8 / 5점
도로: 1875m

네이버: https://map.naver.com/v5/search/34.325559,126.456627
카카오: https://map.kakao.com/link/map/P4-1,34.325559,126.456627]]></description>
        <styleUrl>#top1</styleUrl>
        <Point><coordinates>126.456627,34.325559,0</coordinates></Point>
      </Placemark>
      <Placemark><name>#2 98.5점</name>
        <description><![CDATA[사이트 #4 / 서브격자 2위
종합점수: 98.5점
좌표: 34.325651°N, 126.467496°E

② 지형: 15.0 / 15점 (경사 0.0°)
③ 전력·철도: 14.9 / 15점
④ 인구이격: 14.7 / 15점
⑤ 모델기여: 10.0 / 10점
⑥ 암상: 4.5 / 5점
도로: 1162m

네이버: https://map.naver.com/v5/search/34.325651,126.467496
카카오: https://map.kakao.com/link/map/P4-2,34.325651,126.467496]]></description>
        <styleUrl>#top5</styleUrl>
        <Point><coordinates>126.467496,34.325651,0</coordinates></Point>
      </Placemark>
      <Placemark><name>#3 97.9점</name>
        <description><![CDATA[사이트 #4 / 서브격자 3위
종합점수: 97.9점
좌표: 34.325833°N, 126.489233°E

② 지형: 15.0 / 15점 (경사 0.0°)
③ 전력·철도: 14.6 / 15점
④ 인구이격: 14.7 / 15점
⑤ 모델기여: 10.0 / 10점
⑥ 암상: 4.4 / 5점
도로: 1620m

네이버: https://map.naver.com/v5/search/34.325833,126.489233
카카오: https://map.kakao.com/link/map/P4-3,34.325833,126.489233]]></description>
        <styleUrl>#top5</styleUrl>
        <Point><coordinates>126.489233,34.325833,0</coordinates></Point>
      </Placemark>
      <Placemark><name>#4 97.8점</name>
        <description><![CDATA[사이트 #4 / 서브격자 4위
종합점수: 97.8점
좌표: 34.325742°N, 126.478364°E

② 지형: 15.0 / 15점 (경사 0.0°)
③ 전력·철도: 14.7 / 15점
④ 인구이격: 14.6 / 15점
⑤ 모델기여: 10.0 / 10점
⑥ 암상: 4.3 / 5점
도로: 1089m

네이버: https://map.naver.com/v5/search/34.325742,126.478364
카카오: https://map.kakao.com/link/map/P4-4,34.325742,126.478364]]></description>
        <styleUrl>#top5</styleUrl>
        <Point><coordinates>126.478364,34.325742,0</coordinates></Point>
      </Placemark>
      <Placemark><name>#5 97.6점</name>
        <description><![CDATA[사이트 #4 / 서브격자 5위
종합점수: 97.6점
좌표: 34.334939°N, 126.499994°E

② 지형: 15.0 / 15점 (경사 0.0°)
③ 전력·철도: 14.5 / 15점
④ 인구이격: 14.5 / 15점
⑤ 모델기여: 10.0 / 10점
⑥ 암상: 4.5 / 5점
도로: 1887m

네이버: https://map.naver.com/v5/search/34.334939,126.499994
카카오: https://map.kakao.com/link/map/P4-5,34.334939,126.499994]]></description>
        <styleUrl>#top5</styleUrl>
        <Point><coordinates>126.499994,34.334939,0</coordinates></Point>
      </Placemark>
    </Folder>
    <Folder><name>📐 근접 기준점 (7개)</name>
      <Placemark><name>◎ U완도13</name>
        <description><![CDATA[<b>통합기준점</b><br>명칭: U완도13<br>P1 #4 원점에서 1009m<br>좌표: 34.321853°N, 126.520725°E<br><br><a href="https://map.naver.com/v5/search/34.3218529249989,126.520724908333">📍 네이버 지도</a>]]></description>
        <styleUrl>#uni</styleUrl>
        <Point><coordinates>126.520724908333,34.3218529249989,0</coordinates></Point>
      </Placemark>
      <Placemark><name>△ 완도445</name>
        <description><![CDATA[<b>삼각점</b><br>명칭: 완도445<br>P1 #4 원점에서 2714m<br>좌표: 34.348758°N, 126.521840°E<br><br><a href="https://map.naver.com/v5/search/34.3487575277767,126.52184025">📍 네이버 지도</a>]]></description>
        <styleUrl>#tri</styleUrl>
        <Point><coordinates>126.52184025,34.3487575277767,0</coordinates></Point>
      </Placemark>
      <Placemark><name>△ 완도440</name>
        <description><![CDATA[<b>삼각점</b><br>명칭: 완도440<br>P1 #4 원점에서 3118m<br>좌표: 34.344085°N, 126.536932°E<br><br><a href="https://map.naver.com/v5/search/34.3440847777767,126.536931527778">📍 네이버 지도</a>]]></description>
        <styleUrl>#tri</styleUrl>
        <Point><coordinates>126.536931527778,34.3440847777767,0</coordinates></Point>
      </Placemark>
      <Placemark><name>◎ U1140</name>
        <description><![CDATA[<b>통합기준점</b><br>명칭: U1140<br>P1 #4 원점에서 3458m<br>좌표: 34.297877°N, 126.527175°E<br><br><a href="https://map.naver.com/v5/search/34.2978768638878,126.527175052778">📍 네이버 지도</a>]]></description>
        <styleUrl>#uni</styleUrl>
        <Point><coordinates>126.527175052778,34.2978768638878,0</coordinates></Point>
      </Placemark>
      <Placemark><name>◎ U완도73</name>
        <description><![CDATA[<b>통합기준점</b><br>명칭: U완도73<br>P1 #4 원점에서 4232m<br>좌표: 34.320883°N, 126.556550°E<br><br><a href="https://map.naver.com/v5/search/34.3208833499989,126.556550183333">📍 네이버 지도</a>]]></description>
        <styleUrl>#uni</styleUrl>
        <Point><coordinates>126.556550183333,34.3208833499989,0</coordinates></Point>
      </Placemark>
      <Placemark><name>◎ U1137</name>
        <description><![CDATA[<b>통합기준점</b><br>명칭: U1137<br>P1 #4 원점에서 4696m<br>좌표: 34.368343°N, 126.509681°E<br><br><a href="https://map.naver.com/v5/search/34.3683432833322,126.509681052778">📍 네이버 지도</a>]]></description>
        <styleUrl>#uni</styleUrl>
        <Point><coordinates>126.509681052778,34.3683432833322,0</coordinates></Point>
      </Placemark>
      <Placemark><name>△ 완도443</name>
        <description><![CDATA[<b>삼각점</b><br>명칭: 완도443<br>P1 #4 원점에서 4756m<br>좌표: 34.366951°N, 126.526387°E<br><br><a href="https://map.naver.com/v5/search/34.3669505277767,126.5263865">📍 네이버 지도</a>]]></description>
        <styleUrl>#tri</styleUrl>
        <Point><coordinates>126.5263865,34.3669505277767,0</coordinates></Point>
      </Placemark>
    </Folder>
  </Folder>
  <Folder>
    <name>#5 (36.13°N 126.60°E) 국가60.5점</name>
    <description>서브격자 상위5개 / 근접 기준점10개</description>
    <Placemark><name>▶ P1 #5 중심</name>
      <description><![CDATA[P1 국가격자 후보지<br>점수: 60.5점<br>좌표: 36.13004°N, 126.59996°E<br>서브격자 후보: 5개 / 근접 기준점: 10개<br><br><a href="https://map.naver.com/v5/search/36.13004,126.59996">📍 네이버 지도</a>]]></description>
      <styleUrl>#center</styleUrl>
      <Point><coordinates>126.59996,36.13004,0</coordinates></Point>
    </Placemark>
    <Folder><name>📍 서브격자 후보 (5개)</name>
      <Placemark><name>#1 98.0점</name>
        <description><![CDATA[사이트 #5 / 서브격자 1위
종합점수: 98.0점
좌표: 36.102912°N, 126.589160°E

② 지형: 15.0 / 15점 (경사 0.0°)
③ 전력·철도: 14.4 / 15점
④ 인구이격: 14.5 / 15점
⑤ 모델기여: 10.0 / 10점
⑥ 암상: 4.9 / 5점
도로: 1786m

네이버: https://map.naver.com/v5/search/36.102912,126.58916
카카오: https://map.kakao.com/link/map/P5-1,36.102912,126.58916]]></description>
        <styleUrl>#top1</styleUrl>
        <Point><coordinates>126.58916,36.102912,0</coordinates></Point>
      </Placemark>
      <Placemark><name>#2 96.9점</name>
        <description><![CDATA[사이트 #5 / 서브격자 2위
종합점수: 96.9점
좌표: 36.120856°N, 126.577841°E

② 지형: 15.0 / 15점 (경사 0.0°)
③ 전력·철도: 14.1 / 15점
④ 인구이격: 14.2 / 15점
⑤ 모델기여: 10.0 / 10점
⑥ 암상: 4.9 / 5점
도로: 1427m

네이버: https://map.naver.com/v5/search/36.120856,126.577841
카카오: https://map.kakao.com/link/map/P5-2,36.120856,126.577841]]></description>
        <styleUrl>#top5</styleUrl>
        <Point><coordinates>126.577841,36.120856,0</coordinates></Point>
      </Placemark>
      <Placemark><name>#3 96.3점</name>
        <description><![CDATA[사이트 #5 / 서브격자 3위
종합점수: 96.3점
좌표: 36.111927°N, 126.589056°E

② 지형: 15.0 / 15점 (경사 0.0°)
③ 전력·철도: 14.2 / 15점
④ 인구이격: 13.8 / 15점
⑤ 모델기여: 10.0 / 10점
⑥ 암상: 4.8 / 5점
도로: 1272m

네이버: https://map.naver.com/v5/search/36.111927,126.589056
카카오: https://map.kakao.com/link/map/P5-3,36.111927,126.589056]]></description>
        <styleUrl>#top5</styleUrl>
        <Point><coordinates>126.589056,36.111927,0</coordinates></Point>
      </Placemark>
      <Placemark><name>#4 95.7점</name>
        <description><![CDATA[사이트 #5 / 서브격자 4위
종합점수: 95.7점
좌표: 36.084967°N, 126.600474°E

② 지형: 15.0 / 15점 (경사 0.0°)
③ 전력·철도: 14.6 / 15점
④ 인구이격: 14.8 / 15점
⑤ 모델기여: 8.0 / 10점
⑥ 암상: 5.0 / 5점
도로: 1710m

네이버: https://map.naver.com/v5/search/36.084967,126.600474
카카오: https://map.kakao.com/link/map/P5-4,36.084967,126.600474]]></description>
        <styleUrl>#top5</styleUrl>
        <Point><coordinates>126.600474,36.084967,0</coordinates></Point>
      </Placemark>
      <Placemark><name>#5 95.3점</name>
        <description><![CDATA[사이트 #5 / 서브격자 5위
종합점수: 95.3점
좌표: 36.120683°N, 126.555619°E

② 지형: 15.0 / 15점 (경사 0.0°)
③ 전력·철도: 14.2 / 15점
④ 인구이격: 15.0 / 15점
⑤ 모델기여: 8.0 / 10점
⑥ 암상: 5.0 / 5점
도로: 1260m

네이버: https://map.naver.com/v5/search/36.120683,126.555619
카카오: https://map.kakao.com/link/map/P5-5,36.120683,126.555619]]></description>
        <styleUrl>#top5</styleUrl>
        <Point><coordinates>126.555619,36.120683,0</coordinates></Point>
      </Placemark>
    </Folder>
    <Folder><name>📐 근접 기준점 (10개)</name>
      <Placemark><name>◎ U0610</name>
        <description><![CDATA[<b>통합기준점</b><br>명칭: U0610<br>P1 #5 원점에서 1295m<br>좌표: 36.141513°N, 126.602628°E<br><br><a href="https://map.naver.com/v5/search/36.1415127027771,126.602628197222">📍 네이버 지도</a>]]></description>
        <styleUrl>#uni</styleUrl>
        <Point><coordinates>126.602628197222,36.1415127027771,0</coordinates></Point>
      </Placemark>
      <Placemark><name>△ 서천438</name>
        <description><![CDATA[<b>삼각점</b><br>명칭: 서천438<br>P1 #5 원점에서 1884m<br>좌표: 36.126719°N, 126.620493°E<br><br><a href="https://map.naver.com/v5/search/36.1267185555549,126.62049275">📍 네이버 지도</a>]]></description>
        <styleUrl>#tri</styleUrl>
        <Point><coordinates>126.62049275,36.1267185555549,0</coordinates></Point>
      </Placemark>
      <Placemark><name>△ 서천307</name>
        <description><![CDATA[<b>삼각점</b><br>명칭: 서천307<br>P1 #5 원점에서 2178m<br>좌표: 36.143568°N, 126.617508°E<br><br><a href="https://map.naver.com/v5/search/36.1435678333327,126.617507694444">📍 네이버 지도</a>]]></description>
        <styleUrl>#tri</styleUrl>
        <Point><coordinates>126.617507694444,36.1435678333327,0</coordinates></Point>
      </Placemark>
      <Placemark><name>△ 서천437</name>
        <description><![CDATA[<b>삼각점</b><br>명칭: 서천437<br>P1 #5 원점에서 3089m<br>좌표: 36.120731°N, 126.632314°E<br><br><a href="https://map.naver.com/v5/search/36.1207307222216,126.63231425">📍 네이버 지도</a>]]></description>
        <styleUrl>#tri</styleUrl>
        <Point><coordinates>126.63231425,36.1207307222216,0</coordinates></Point>
      </Placemark>
      <Placemark><name>△ 서천439</name>
        <description><![CDATA[<b>삼각점</b><br>명칭: 서천439<br>P1 #5 원점에서 3294m<br>좌표: 36.155970°N, 126.582113°E<br><br><a href="https://map.naver.com/v5/search/36.1559703888882,126.582112944444">📍 네이버 지도</a>]]></description>
        <styleUrl>#tri</styleUrl>
        <Point><coordinates>126.582112944444,36.1559703888882,0</coordinates></Point>
      </Placemark>
      <Placemark><name>△ 서천308</name>
        <description><![CDATA[<b>삼각점</b><br>명칭: 서천308<br>P1 #5 원점에서 3594m<br>좌표: 36.099530°N, 126.613411°E<br><br><a href="https://map.naver.com/v5/search/36.0995296388882,126.613410638889">📍 네이버 지도</a>]]></description>
        <styleUrl>#tri</styleUrl>
        <Point><coordinates>126.613410638889,36.0995296388882,0</coordinates></Point>
      </Placemark>
      <Placemark><name>△ 서천23</name>
        <description><![CDATA[<b>삼각점</b><br>명칭: 서천23<br>P1 #5 원점에서 3648m<br>좌표: 36.134822°N, 126.559851°E<br><br><a href="https://map.naver.com/v5/search/36.1348217777771,126.559851055555">📍 네이버 지도</a>]]></description>
        <styleUrl>#tri</styleUrl>
        <Point><coordinates>126.559851055555,36.1348217777771,0</coordinates></Point>
      </Placemark>
      <Placemark><name>△ 서천435</name>
        <description><![CDATA[<b>삼각점</b><br>명칭: 서천435<br>P1 #5 원점에서 4643m<br>좌표: 36.151256°N, 126.644441°E<br><br><a href="https://map.naver.com/v5/search/36.1512561111105,126.644440583333">📍 네이버 지도</a>]]></description>
        <styleUrl>#tri</styleUrl>
        <Point><coordinates>126.644440583333,36.1512561111105,0</coordinates></Point>
      </Placemark>
      <Placemark><name>△ 서천407</name>
        <description><![CDATA[<b>삼각점</b><br>명칭: 서천407<br>P1 #5 원점에서 4644m<br>좌표: 36.171906°N, 126.599740°E<br><br><a href="https://map.naver.com/v5/search/36.171906416666,126.59974">📍 네이버 지도</a>]]></description>
        <styleUrl>#tri</styleUrl>
        <Point><coordinates>126.59974,36.171906416666,0</coordinates></Point>
      </Placemark>
      <Placemark><name>◎ U서천35</name>
        <description><![CDATA[<b>통합기준점</b><br>명칭: U서천35<br>P1 #5 원점에서 4898m<br>좌표: 36.172760°N, 126.613736°E<br><br><a href="https://map.naver.com/v5/search/36.1727604833327,126.613736272222">📍 네이버 지도</a>]]></description>
        <styleUrl>#uni</styleUrl>
        <Point><coordinates>126.613736272222,36.1727604833327,0</coordinates></Point>
      </Placemark>
    </Folder>
  </Folder>
  <Folder>
    <name>#6 (36.22°N 126.71°E) 국가58.6점</name>
    <description>서브격자 상위5개 / 근접 기준점13개</description>
    <Placemark><name>▶ P1 #6 중심</name>
      <description><![CDATA[P1 국가격자 후보지<br>점수: 58.6점<br>좌표: 36.22097°N, 126.71018°E<br>서브격자 후보: 5개 / 근접 기준점: 13개<br><br><a href="https://map.naver.com/v5/search/36.22097,126.71018">📍 네이버 지도</a>]]></description>
      <styleUrl>#center</styleUrl>
      <Point><coordinates>126.71018,36.22097,0</coordinates></Point>
    </Placemark>
    <Folder><name>📍 서브격자 후보 (5개)</name>
      <Placemark><name>#1 90.2점</name>
        <description><![CDATA[사이트 #6 / 서브격자 1위
종합점수: 90.2점
좌표: 36.229911°N, 126.698963°E

② 지형: 13.0 / 15점 (경사 3.96°)
③ 전력·철도: 13.1 / 15점
④ 인구이격: 15.0 / 15점
⑤ 모델기여: 8.0 / 10점
⑥ 암상: 4.9 / 5점
도로: 61m

네이버: https://map.naver.com/v5/search/36.229911,126.698963
카카오: https://map.kakao.com/link/map/P6-1,36.229911,126.698963]]></description>
        <styleUrl>#top1</styleUrl>
        <Point><coordinates>126.698963,36.229911,0</coordinates></Point>
      </Placemark>
      <Placemark><name>#2 90.1점</name>
        <description><![CDATA[사이트 #6 / 서브격자 2위
종합점수: 90.1점
좌표: 36.238999°N, 126.709999°E

② 지형: 13.0 / 15점 (경사 4.08°)
③ 전력·철도: 14.1 / 15점
④ 인구이격: 15.0 / 15점
⑤ 모델기여: 8.0 / 10점
⑥ 암상: 4.0 / 5점
도로: 534m

네이버: https://map.naver.com/v5/search/36.238999,126.709999
카카오: https://map.kakao.com/link/map/P6-2,36.238999,126.709999]]></description>
        <styleUrl>#top5</styleUrl>
        <Point><coordinates>126.709999,36.238999,0</coordinates></Point>
      </Placemark>
      <Placemark><name>#3 85.6점</name>
        <description><![CDATA[사이트 #6 / 서브격자 3위
종합점수: 85.6점
좌표: 36.220896°N, 126.699055°E

② 지형: 11.5 / 15점 (경사 7.09°)
③ 전력·철도: 12.5 / 15점
④ 인구이격: 14.5 / 15점
⑤ 모델기여: 8.0 / 10점
⑥ 암상: 4.9 / 5점
도로: 162m

네이버: https://map.naver.com/v5/search/36.220896,126.699055
카카오: https://map.kakao.com/link/map/P6-3,36.220896,126.699055]]></description>
        <styleUrl>#top5</styleUrl>
        <Point><coordinates>126.699055,36.220896,0</coordinates></Point>
      </Placemark>
      <Placemark><name>#4 84.9점</name>
        <description><![CDATA[사이트 #6 / 서브격자 4위
종합점수: 84.9점
좌표: 36.248014°N, 126.709908°E

② 지형: 10.6 / 15점 (경사 8.73°)
③ 전력·철도: 14.4 / 15점
④ 인구이격: 13.8 / 15점
⑤ 모델기여: 8.0 / 10점
⑥ 암상: 4.1 / 5점
도로: 89m

네이버: https://map.naver.com/v5/search/36.248014,126.709908
카카오: https://map.kakao.com/link/map/P6-4,36.248014,126.709908]]></description>
        <styleUrl>#top5</styleUrl>
        <Point><coordinates>126.709908,36.248014,0</coordinates></Point>
      </Placemark>
      <Placemark><name>#5 84.9점</name>
        <description><![CDATA[사이트 #6 / 서브격자 5위
종합점수: 84.9점
좌표: 36.257174°N, 126.732078°E

② 지형: 10.5 / 15점 (경사 8.94°)
③ 전력·철도: 14.7 / 15점
④ 인구이격: 13.5 / 15점
⑤ 모델기여: 8.0 / 10점
⑥ 암상: 4.3 / 5점
도로: 505m

네이버: https://map.naver.com/v5/search/36.257174,126.732078
카카오: https://map.kakao.com/link/map/P6-5,36.257174,126.732078]]></description>
        <styleUrl>#top5</styleUrl>
        <Point><coordinates>126.732078,36.257174,0</coordinates></Point>
      </Placemark>
    </Folder>
    <Folder><name>📐 근접 기준점 (13개)</name>
      <Placemark><name>△ 서천423</name>
        <description><![CDATA[<b>삼각점</b><br>명칭: 서천423<br>P1 #6 원점에서 878m<br>좌표: 36.227808°N, 126.715105°E<br><br><a href="https://map.naver.com/v5/search/36.2278084999994,126.715105138889">📍 네이버 지도</a>]]></description>
        <styleUrl>#tri</styleUrl>
        <Point><coordinates>126.715105138889,36.2278084999994,0</coordinates></Point>
      </Placemark>
      <Placemark><name>△ 서천421</name>
        <description><![CDATA[<b>삼각점</b><br>명칭: 서천421<br>P1 #6 원점에서 2012m<br>좌표: 36.205794°N, 126.697915°E<br><br><a href="https://map.naver.com/v5/search/36.2057938611105,126.697915388889">📍 네이버 지도</a>]]></description>
        <styleUrl>#tri</styleUrl>
        <Point><coordinates>126.697915388889,36.2057938611105,0</coordinates></Point>
      </Placemark>
      <Placemark><name>△ 서천305</name>
        <description><![CDATA[<b>삼각점</b><br>명칭: 서천305<br>P1 #6 원점에서 2694m<br>좌표: 36.209348°N, 126.736497°E<br><br><a href="https://map.naver.com/v5/search/36.2093476388883,126.736496972222">📍 네이버 지도</a>]]></description>
        <styleUrl>#tri</styleUrl>
        <Point><coordinates>126.736496972222,36.2093476388883,0</coordinates></Point>
      </Placemark>
      <Placemark><name>△ 서천419</name>
        <description><![CDATA[<b>삼각점</b><br>명칭: 서천419<br>P1 #6 원점에서 2971m<br>좌표: 36.235761°N, 126.682626°E<br><br><a href="https://map.naver.com/v5/search/36.2357607499994,126.682625694444">📍 네이버 지도</a>]]></description>
        <styleUrl>#tri</styleUrl>
        <Point><coordinates>126.682625694444,36.2357607499994,0</coordinates></Point>
      </Placemark>
      <Placemark><name>△ 서천424</name>
        <description><![CDATA[<b>삼각점</b><br>명칭: 서천424<br>P1 #6 원점에서 3293m<br>좌표: 36.242549°N, 126.735336°E<br><br><a href="https://map.naver.com/v5/search/36.2425494999994,126.735335555556">📍 네이버 지도</a>]]></description>
        <styleUrl>#tri</styleUrl>
        <Point><coordinates>126.735335555556,36.2425494999994,0</coordinates></Point>
      </Placemark>
      <Placemark><name>△ 서천418</name>
        <description><![CDATA[<b>삼각점</b><br>명칭: 서천418<br>P1 #6 원점에서 3667m<br>좌표: 36.198818°N, 126.679900°E<br><br><a href="https://map.naver.com/v5/search/36.198817666666,126.679899833333">📍 네이버 지도</a>]]></description>
        <styleUrl>#tri</styleUrl>
        <Point><coordinates>126.679899833333,36.198817666666,0</coordinates></Point>
      </Placemark>
      <Placemark><name>◎ U서천17</name>
        <description><![CDATA[<b>통합기준점</b><br>명칭: U서천17<br>P1 #6 원점에서 3839m<br>좌표: 36.208908°N, 126.670148°E<br><br><a href="https://map.naver.com/v5/search/36.2089084722216,126.670147875">📍 네이버 지도</a>]]></description>
        <styleUrl>#uni</styleUrl>
        <Point><coordinates>126.670147875,36.2089084722216,0</coordinates></Point>
      </Placemark>
      <Placemark><name>△ 서천425</name>
        <description><![CDATA[<b>삼각점</b><br>명칭: 서천425<br>P1 #6 원점에서 3881m<br>좌표: 36.196327°N, 126.740834°E<br><br><a href="https://map.naver.com/v5/search/36.1963272777771,126.740833833333">📍 네이버 지도</a>]]></description>
        <styleUrl>#tri</styleUrl>
        <Point><coordinates>126.740833833333,36.1963272777771,0</coordinates></Point>
      </Placemark>
      <Placemark><name>△ 서천304</name>
        <description><![CDATA[<b>삼각점</b><br>명칭: 서천304<br>P1 #6 원점에서 3937m<br>좌표: 36.213427°N, 126.667384°E<br><br><a href="https://map.naver.com/v5/search/36.2134274722216,126.667383666667">📍 네이버 지도</a>]]></description>
        <styleUrl>#tri</styleUrl>
        <Point><coordinates>126.667383666667,36.2134274722216,0</coordinates></Point>
      </Placemark>
      <Placemark><name>◎ U0608</name>
        <description><![CDATA[<b>통합기준점</b><br>명칭: U0608<br>P1 #6 원점에서 3981m<br>좌표: 36.190091°N, 126.732738°E<br><br><a href="https://map.naver.com/v5/search/36.190091416666,126.732737880556">📍 네이버 지도</a>]]></description>
        <styleUrl>#uni</styleUrl>
        <Point><coordinates>126.732737880556,36.190091416666,0</coordinates></Point>
      </Placemark>
      <Placemark><name>△ 보령27</name>
        <description><![CDATA[<b>삼각점</b><br>명칭: 보령27<br>P1 #6 원점에서 4002m<br>좌표: 36.256430°N, 126.718367°E<br><br><a href="https://map.naver.com/v5/search/36.2564296944438,126.718366888889">📍 네이버 지도</a>]]></description>
        <styleUrl>#tri</styleUrl>
        <Point><coordinates>126.718366888889,36.2564296944438,0</coordinates></Point>
      </Placemark>
      <Placemark><name>△ 서천420</name>
        <description><![CDATA[<b>삼각점</b><br>명칭: 서천420<br>P1 #6 원점에서 4118m<br>좌표: 36.188730°N, 126.687470°E<br><br><a href="https://map.naver.com/v5/search/36.1887300555549,126.687469527778">📍 네이버 지도</a>]]></description>
        <styleUrl>#tri</styleUrl>
        <Point><coordinates>126.687469527778,36.1887300555549,0</coordinates></Point>
      </Placemark>
      <Placemark><name>△ 한산402</name>
        <description><![CDATA[<b>삼각점</b><br>명칭: 한산402<br>P1 #6 원점에서 4456m<br>좌표: 36.220364°N, 126.759752°E<br><br><a href="https://map.naver.com/v5/search/36.2203637777772,126.759751583333">📍 네이버 지도</a>]]></description>
        <styleUrl>#tri</styleUrl>
        <Point><coordinates>126.759751583333,36.2203637777772,0</coordinates></Point>
      </Placemark>
    </Folder>
  </Folder>
  <Folder>
    <name>#8 (35.50°N 126.94°E) 국가63.0점</name>
    <description>서브격자 상위5개 / 근접 기준점17개</description>
    <Placemark><name>▶ P1 #8 중심</name>
      <description><![CDATA[P1 국가격자 후보지<br>점수: 63.0점<br>좌표: 35.50097°N, 126.93781°E<br>서브격자 후보: 5개 / 근접 기준점: 17개<br><br><a href="https://map.naver.com/v5/search/35.50097,126.93781">📍 네이버 지도</a>]]></description>
      <styleUrl>#center</styleUrl>
      <Point><coordinates>126.93781,35.50097,0</coordinates></Point>
    </Placemark>
    <Folder><name>📍 서브격자 후보 (5개)</name>
      <Placemark><name>#1 89.0점</name>
        <description><![CDATA[사이트 #8 / 서브격자 1위
종합점수: 89.0점
좌표: 35.500970°N, 126.937810°E

② 지형: 13.4 / 15점 (경사 3.19°)
③ 전력·철도: 14.0 / 15점
④ 인구이격: 11.5 / 15점
⑤ 모델기여: 10.0 / 10점
⑥ 암상: 4.5 / 5점
도로: 214m

네이버: https://map.naver.com/v5/search/35.50097,126.93781
카카오: https://map.kakao.com/link/map/P8-1,35.50097,126.93781]]></description>
        <styleUrl>#top1</styleUrl>
        <Point><coordinates>126.93781,35.50097,0</coordinates></Point>
      </Placemark>
      <Placemark><name>#2 88.5점</name>
        <description><![CDATA[사이트 #8 / 서브격자 2위
종합점수: 88.5점
좌표: 35.509934°N, 126.926720°E

② 지형: 11.4 / 15점 (경사 7.28°)
③ 전력·철도: 14.0 / 15점
④ 인구이격: 13.2 / 15점
⑤ 모델기여: 10.0 / 10점
⑥ 암상: 4.5 / 5점
도로: 585m

네이버: https://map.naver.com/v5/search/35.509934,126.92672
카카오: https://map.kakao.com/link/map/P8-2,35.509934,126.92672]]></description>
        <styleUrl>#top5</styleUrl>
        <Point><coordinates>126.92672,35.509934,0</coordinates></Point>
      </Placemark>
      <Placemark><name>#3 88.0점</name>
        <description><![CDATA[사이트 #8 / 서브격자 3위
종합점수: 88.0점
좌표: 35.483135°N, 126.982029°E

② 지형: 14.0 / 15점 (경사 2.0°)
③ 전력·철도: 12.8 / 15점
④ 인구이격: 11.7 / 15점
⑤ 모델기여: 10.0 / 10점
⑥ 암상: 4.4 / 5점
도로: 245m

네이버: https://map.naver.com/v5/search/35.483135,126.982029
카카오: https://map.kakao.com/link/map/P8-3,35.483135,126.982029]]></description>
        <styleUrl>#top5</styleUrl>
        <Point><coordinates>126.982029,35.483135,0</coordinates></Point>
      </Placemark>
      <Placemark><name>#4 83.0점</name>
        <description><![CDATA[사이트 #8 / 서브격자 4위
종합점수: 83.0점
좌표: 35.500701°N, 126.882681°E

② 지형: 10.1 / 15점 (경사 9.83°)
③ 전력·철도: 13.4 / 15점
④ 인구이격: 15.0 / 15점
⑤ 모델기여: 7.0 / 10점
⑥ 암상: 4.3 / 5점
도로: 1082m

네이버: https://map.naver.com/v5/search/35.500701,126.882681
카카오: https://map.kakao.com/link/map/P8-4,35.500701,126.882681]]></description>
        <styleUrl>#top5</styleUrl>
        <Point><coordinates>126.882681,35.500701,0</coordinates></Point>
      </Placemark>
      <Placemark><name>#5 77.9점</name>
        <description><![CDATA[사이트 #8 / 서브격자 5위
종합점수: 77.9점
좌표: 35.474071°N, 126.971065°E

② 지형: 12.5 / 15점 (경사 4.92°)
③ 전력·철도: 13.4 / 15점
④ 인구이격: 9.7 / 15점
⑤ 모델기여: 7.0 / 10점
⑥ 암상: 4.1 / 5점
도로: 2m

네이버: https://map.naver.com/v5/search/35.474071,126.971065
카카오: https://map.kakao.com/link/map/P8-5,35.474071,126.971065]]></description>
        <styleUrl>#top5</styleUrl>
        <Point><coordinates>126.971065,35.474071,0</coordinates></Point>
      </Placemark>
    </Folder>
    <Folder><name>📐 근접 기준점 (17개)</name>
      <Placemark><name>◎ U담양02</name>
        <description><![CDATA[<b>통합기준점</b><br>명칭: U담양02<br>P1 #8 원점에서 1801m<br>좌표: 35.488043°N, 126.925788°E<br><br><a href="https://map.naver.com/v5/search/35.4880434333325,126.925787827778">📍 네이버 지도</a>]]></description>
        <styleUrl>#uni</styleUrl>
        <Point><coordinates>126.925787827778,35.4880434333325,0</coordinates></Point>
      </Placemark>
      <Placemark><name>△ 담양411</name>
        <description><![CDATA[<b>삼각점</b><br>명칭: 담양411<br>P1 #8 원점에서 1820m<br>좌표: 35.496129°N, 126.918638°E<br><br><a href="https://map.naver.com/v5/search/35.4961292222214,126.918637638889">📍 네이버 지도</a>]]></description>
        <styleUrl>#tri</styleUrl>
        <Point><coordinates>126.918637638889,35.4961292222214,0</coordinates></Point>
      </Placemark>
      <Placemark><name>△ 담양305</name>
        <description><![CDATA[<b>삼각점</b><br>명칭: 담양305<br>P1 #8 원점에서 2170m<br>좌표: 35.494662°N, 126.960460°E<br><br><a href="https://map.naver.com/v5/search/35.4946617222214,126.960459638889">📍 네이버 지도</a>]]></description>
        <styleUrl>#tri</styleUrl>
        <Point><coordinates>126.960459638889,35.4946617222214,0</coordinates></Point>
      </Placemark>
      <Placemark><name>△ 정읍474</name>
        <description><![CDATA[<b>삼각점</b><br>명칭: 정읍474<br>P1 #8 원점에서 2501m<br>좌표: 35.523453°N, 126.935736°E<br><br><a href="https://map.naver.com/v5/search/35.5234527222214,126.935736416667">📍 네이버 지도</a>]]></description>
        <styleUrl>#tri</styleUrl>
        <Point><coordinates>126.935736416667,35.5234527222214,0</coordinates></Point>
      </Placemark>
      <Placemark><name>△ 정읍471</name>
        <description><![CDATA[<b>삼각점</b><br>명칭: 정읍471<br>P1 #8 원점에서 2506m<br>좌표: 35.516084°N, 126.917273°E<br><br><a href="https://map.naver.com/v5/search/35.5160838055547,126.917272722222">📍 네이버 지도</a>]]></description>
        <styleUrl>#tri</styleUrl>
        <Point><coordinates>126.917272722222,35.5160838055547,0</coordinates></Point>
      </Placemark>
      <Placemark><name>◎ U정읍30</name>
        <description><![CDATA[<b>통합기준점</b><br>명칭: U정읍30<br>P1 #8 원점에서 2770m<br>좌표: 35.525620°N, 126.942745°E<br><br><a href="https://map.naver.com/v5/search/35.5256201249992,126.942744880556">📍 네이버 지도</a>]]></description>
        <styleUrl>#uni</styleUrl>
        <Point><coordinates>126.942744880556,35.5256201249992,0</coordinates></Point>
      </Placemark>
      <Placemark><name>△ 담양412</name>
        <description><![CDATA[<b>삼각점</b><br>명칭: 담양412<br>P1 #8 원점에서 3381m<br>좌표: 35.474614°N, 126.956549°E<br><br><a href="https://map.naver.com/v5/search/35.4746140833325,126.956549083333">📍 네이버 지도</a>]]></description>
        <styleUrl>#tri</styleUrl>
        <Point><coordinates>126.956549083333,35.4746140833325,0</coordinates></Point>
      </Placemark>
      <Placemark><name>△ 정읍475</name>
        <description><![CDATA[<b>삼각점</b><br>명칭: 정읍475<br>P1 #8 원점에서 3419m<br>좌표: 35.519491°N, 126.967947°E<br><br><a href="https://map.naver.com/v5/search/35.5194912222214,126.967946694444">📍 네이버 지도</a>]]></description>
        <styleUrl>#tri</styleUrl>
        <Point><coordinates>126.967946694444,35.5194912222214,0</coordinates></Point>
      </Placemark>
      <Placemark><name>◎ U0773</name>
        <description><![CDATA[<b>통합기준점</b><br>명칭: U0773<br>P1 #8 원점에서 3526m<br>좌표: 35.509882°N, 126.900491°E<br><br><a href="https://map.naver.com/v5/search/35.5098818194436,126.900491063889">📍 네이버 지도</a>]]></description>
        <styleUrl>#uni</styleUrl>
        <Point><coordinates>126.900491063889,35.5098818194436,0</coordinates></Point>
      </Placemark>
      <Placemark><name>△ 담양409</name>
        <description><![CDATA[<b>삼각점</b><br>명칭: 담양409<br>P1 #8 원점에서 3936m<br>좌표: 35.467215°N, 126.924404°E<br><br><a href="https://map.naver.com/v5/search/35.4672148611103,126.924404083333">📍 네이버 지도</a>]]></description>
        <styleUrl>#tri</styleUrl>
        <Point><coordinates>126.924404083333,35.4672148611103,0</coordinates></Point>
      </Placemark>
      <Placemark><name>◎ U정읍32</name>
        <description><![CDATA[<b>통합기준점</b><br>명칭: U정읍32<br>P1 #8 원점에서 4139m<br>좌표: 35.522639°N, 126.974976°E<br><br><a href="https://map.naver.com/v5/search/35.5226385666658,126.974975586111">📍 네이버 지도</a>]]></description>
        <styleUrl>#uni</styleUrl>
        <Point><coordinates>126.974975586111,35.5226385666658,0</coordinates></Point>
      </Placemark>
      <Placemark><name>◎ U담양04</name>
        <description><![CDATA[<b>통합기준점</b><br>명칭: U담양04<br>P1 #8 원점에서 4220m<br>좌표: 35.472742°N, 126.968998°E<br><br><a href="https://map.naver.com/v5/search/35.472741563888,126.968998283333">📍 네이버 지도</a>]]></description>
        <styleUrl>#uni</styleUrl>
        <Point><coordinates>126.968998283333,35.472741563888,0</coordinates></Point>
      </Placemark>
      <Placemark><name>△ 정읍472</name>
        <description><![CDATA[<b>삼각점</b><br>명칭: 정읍472<br>P1 #8 원점에서 4343m<br>좌표: 35.537349°N, 126.920096°E<br><br><a href="https://map.naver.com/v5/search/35.5373491111103,126.920095722222">📍 네이버 지도</a>]]></description>
        <styleUrl>#tri</styleUrl>
        <Point><coordinates>126.920095722222,35.5373491111103,0</coordinates></Point>
      </Placemark>
      <Placemark><name>△ 정읍316</name>
        <description><![CDATA[<b>삼각점</b><br>명칭: 정읍316<br>P1 #8 원점에서 4364m<br>좌표: 35.538357°N, 126.952803°E<br><br><a href="https://map.naver.com/v5/search/35.5383570833325,126.952803277778">📍 네이버 지도</a>]]></description>
        <styleUrl>#tri</styleUrl>
        <Point><coordinates>126.952803277778,35.5383570833325,0</coordinates></Point>
      </Placemark>
      <Placemark><name>◎ U담양03</name>
        <description><![CDATA[<b>통합기준점</b><br>명칭: U담양03<br>P1 #8 원점에서 4657m<br>좌표: 35.496031°N, 126.988796°E<br><br><a href="https://map.naver.com/v5/search/35.4960314027769,126.988796436111">📍 네이버 지도</a>]]></description>
        <styleUrl>#uni</styleUrl>
        <Point><coordinates>126.988796436111,35.4960314027769,0</coordinates></Point>
      </Placemark>
      <Placemark><name>△ 담양415</name>
        <description><![CDATA[<b>삼각점</b><br>명칭: 담양415<br>P1 #8 원점에서 4669m<br>좌표: 35.488069°N, 126.986804°E<br><br><a href="https://map.naver.com/v5/search/35.4880687777769,126.986804111111">📍 네이버 지도</a>]]></description>
        <styleUrl>#tri</styleUrl>
        <Point><coordinates>126.986804111111,35.4880687777769,0</coordinates></Point>
      </Placemark>
      <Placemark><name>△ 정읍477</name>
        <description><![CDATA[<b>삼각점</b><br>명칭: 정읍477<br>P1 #8 원점에서 4972m<br>좌표: 35.513920°N, 126.990301°E<br><br><a href="https://map.naver.com/v5/search/35.5139203611103,126.990300888889">📍 네이버 지도</a>]]></description>
        <styleUrl>#tri</styleUrl>
        <Point><coordinates>126.990300888889,35.5139203611103,0</coordinates></Point>
      </Placemark>
    </Folder>
  </Folder>
  <Folder>
    <name>#9 (36.58°N 126.93°E) 국가61.1점</name>
    <description>서브격자 상위5개 / 근접 기준점13개</description>
    <Placemark><name>▶ P1 #9 중심</name>
      <description><![CDATA[P1 국가격자 후보지<br>점수: 61.1점<br>좌표: 36.58283°N, 126.93007°E<br>서브격자 후보: 5개 / 근접 기준점: 13개<br><br><a href="https://map.naver.com/v5/search/36.58283,126.93007">📍 네이버 지도</a>]]></description>
      <styleUrl>#center</styleUrl>
      <Point><coordinates>126.93007,36.58283,0</coordinates></Point>
    </Placemark>
    <Folder><name>📍 서브격자 후보 (5개)</name>
      <Placemark><name>#1 91.1점</name>
        <description><![CDATA[사이트 #9 / 서브격자 1위
종합점수: 91.1점
좌표: 36.546607°N, 126.896818°E

② 지형: 13.5 / 15점 (경사 3.0°)
③ 전력·철도: 13.2 / 15점
④ 인구이격: 15.0 / 15점
⑤ 모델기여: 8.0 / 10점
⑥ 암상: 5.0 / 5점
도로: 260m

네이버: https://map.naver.com/v5/search/36.546607,126.896818
카카오: https://map.kakao.com/link/map/P9-1,36.546607,126.896818]]></description>
        <styleUrl>#top1</styleUrl>
        <Point><coordinates>126.896818,36.546607,0</coordinates></Point>
      </Placemark>
      <Placemark><name>#2 90.9점</name>
        <description><![CDATA[사이트 #9 / 서브격자 2위
종합점수: 90.9점
좌표: 36.537757°N, 126.930401°E

② 지형: 12.9 / 15점 (경사 4.26°)
③ 전력·철도: 14.5 / 15점
④ 인구이격: 14.5 / 15점
⑤ 모델기여: 8.0 / 10점
⑥ 암상: 4.8 / 5점
도로: 921m

네이버: https://map.naver.com/v5/search/36.537757,126.930401
카카오: https://map.kakao.com/link/map/P9-2,36.537757,126.930401]]></description>
        <styleUrl>#top5</styleUrl>
        <Point><coordinates>126.930401,36.537757,0</coordinates></Point>
      </Placemark>
      <Placemark><name>#3 90.7점</name>
        <description><![CDATA[사이트 #9 / 서브격자 3위
종합점수: 90.7점
좌표: 36.564854°N, 126.941378°E

② 지형: 13.0 / 15점 (경사 4.01°)
③ 전력·철도: 14.5 / 15점
④ 인구이격: 14.3 / 15점
⑤ 모델기여: 8.0 / 10점
⑥ 암상: 4.6 / 5점
도로: 139m

네이버: https://map.naver.com/v5/search/36.564854,126.941378
카카오: https://map.kakao.com/link/map/P9-3,36.564854,126.941378]]></description>
        <styleUrl>#top5</styleUrl>
        <Point><coordinates>126.941378,36.564854,0</coordinates></Point>
      </Placemark>
      <Placemark><name>#4 90.2점</name>
        <description><![CDATA[사이트 #9 / 서브격자 4위
종합점수: 90.2점
좌표: 36.582883°N, 126.941248°E

② 지형: 12.1 / 15점 (경사 5.77°)
③ 전력·철도: 14.5 / 15점
④ 인구이격: 15.0 / 15점
⑤ 모델기여: 8.0 / 10점
⑥ 암상: 4.6 / 5점
도로: 155m

네이버: https://map.naver.com/v5/search/36.582883,126.941248
카카오: https://map.kakao.com/link/map/P9-4,36.582883,126.941248]]></description>
        <styleUrl>#top5</styleUrl>
        <Point><coordinates>126.941248,36.582883,0</coordinates></Point>
      </Placemark>
      <Placemark><name>#5 90.0점</name>
        <description><![CDATA[사이트 #9 / 서브격자 5위
종합점수: 90.0점
좌표: 36.546663°N, 126.907990°E

② 지형: 13.0 / 15점 (경사 4.08°)
③ 전력·철도: 13.8 / 15점
④ 인구이격: 14.3 / 15점
⑤ 모델기여: 8.0 / 10점
⑥ 암상: 4.9 / 5점
도로: 552m

네이버: https://map.naver.com/v5/search/36.546663,126.90799
카카오: https://map.kakao.com/link/map/P9-5,36.546663,126.90799]]></description>
        <styleUrl>#top5</styleUrl>
        <Point><coordinates>126.90799,36.546663,0</coordinates></Point>
      </Placemark>
    </Folder>
    <Folder><name>📐 근접 기준점 (13개)</name>
      <Placemark><name>◎ U예산19</name>
        <description><![CDATA[<b>통합기준점</b><br>명칭: U예산19<br>P1 #9 원점에서 630m<br>좌표: 36.582187°N, 126.937061°E<br><br><a href="https://map.naver.com/v5/search/36.5821865361106,126.937061258333">📍 네이버 지도</a>]]></description>
        <styleUrl>#uni</styleUrl>
        <Point><coordinates>126.937061258333,36.5821865361106,0</coordinates></Point>
      </Placemark>
      <Placemark><name>△ 예산427</name>
        <description><![CDATA[<b>삼각점</b><br>명칭: 예산427<br>P1 #9 원점에서 997m<br>좌표: 36.591784°N, 126.930974°E<br><br><a href="https://map.naver.com/v5/search/36.5917839722217,126.930974083333">📍 네이버 지도</a>]]></description>
        <styleUrl>#tri</styleUrl>
        <Point><coordinates>126.930974083333,36.5917839722217,0</coordinates></Point>
      </Placemark>
      <Placemark><name>△ 예산27</name>
        <description><![CDATA[<b>삼각점</b><br>명칭: 예산27<br>P1 #9 원점에서 2780m<br>좌표: 36.557803°N, 126.928358°E<br><br><a href="https://map.naver.com/v5/search/36.5578031666661,126.928357916667">📍 네이버 지도</a>]]></description>
        <styleUrl>#tri</styleUrl>
        <Point><coordinates>126.928357916667,36.5578031666661,0</coordinates></Point>
      </Placemark>
      <Placemark><name>◎ U예산17</name>
        <description><![CDATA[<b>통합기준점</b><br>명칭: U예산17<br>P1 #9 원점에서 3245m<br>좌표: 36.607087°N, 126.909788°E<br><br><a href="https://map.naver.com/v5/search/36.6070869055551,126.909787880556">📍 네이버 지도</a>]]></description>
        <styleUrl>#uni</styleUrl>
        <Point><coordinates>126.909787880556,36.6070869055551,0</coordinates></Point>
      </Placemark>
      <Placemark><name>◎ U예산39</name>
        <description><![CDATA[<b>통합기준점</b><br>명칭: U예산39<br>P1 #9 원점에서 3804m<br>좌표: 36.590748°N, 126.971447°E<br><br><a href="https://map.naver.com/v5/search/36.5907482166662,126.971447202778">📍 네이버 지도</a>]]></description>
        <styleUrl>#uni</styleUrl>
        <Point><coordinates>126.971447202778,36.5907482166662,0</coordinates></Point>
      </Placemark>
      <Placemark><name>△ 예산309</name>
        <description><![CDATA[<b>삼각점</b><br>명칭: 예산309<br>P1 #9 원점에서 4087m<br>좌표: 36.600988°N, 126.890310°E<br><br><a href="https://map.naver.com/v5/search/36.6009879444439,126.890309861111">📍 네이버 지도</a>]]></description>
        <styleUrl>#tri</styleUrl>
        <Point><coordinates>126.890309861111,36.6009879444439,0</coordinates></Point>
      </Placemark>
      <Placemark><name>◎ U0458</name>
        <description><![CDATA[<b>통합기준점</b><br>명칭: U0458<br>P1 #9 원점에서 4112m<br>좌표: 36.549319°N, 126.949716°E<br><br><a href="https://map.naver.com/v5/search/36.5493185527773,126.949715683333">📍 네이버 지도</a>]]></description>
        <styleUrl>#uni</styleUrl>
        <Point><coordinates>126.949715683333,36.5493185527773,0</coordinates></Point>
      </Placemark>
      <Placemark><name>△ 예산428</name>
        <description><![CDATA[<b>삼각점</b><br>명칭: 예산428<br>P1 #9 원점에서 4175m<br>좌표: 36.615672°N, 126.907266°E<br><br><a href="https://map.naver.com/v5/search/36.6156722222217,126.907265555556">📍 네이버 지도</a>]]></description>
        <styleUrl>#tri</styleUrl>
        <Point><coordinates>126.907265555556,36.6156722222217,0</coordinates></Point>
      </Placemark>
      <Placemark><name>△ 예산458</name>
        <description><![CDATA[<b>삼각점</b><br>명칭: 예산458<br>P1 #9 원점에서 4346m<br>좌표: 36.562531°N, 126.971615°E<br><br><a href="https://map.naver.com/v5/search/36.5625314722217,126.971615166667">📍 네이버 지도</a>]]></description>
        <styleUrl>#tri</styleUrl>
        <Point><coordinates>126.971615166667,36.5625314722217,0</coordinates></Point>
      </Placemark>
      <Placemark><name>△ 예산318</name>
        <description><![CDATA[<b>삼각점</b><br>명칭: 예산318<br>P1 #9 원점에서 4470m<br>좌표: 36.561562°N, 126.887642°E<br><br><a href="https://map.naver.com/v5/search/36.5615621944439,126.887641972222">📍 네이버 지도</a>]]></description>
        <styleUrl>#tri</styleUrl>
        <Point><coordinates>126.887641972222,36.5615621944439,0</coordinates></Point>
      </Placemark>
      <Placemark><name>△ 예산453</name>
        <description><![CDATA[<b>삼각점</b><br>명칭: 예산453<br>P1 #9 원점에서 4679m<br>좌표: 36.545517°N, 126.905690°E<br><br><a href="https://map.naver.com/v5/search/36.5455173888884,126.905689638889">📍 네이버 지도</a>]]></description>
        <styleUrl>#tri</styleUrl>
        <Point><coordinates>126.905689638889,36.5455173888884,0</coordinates></Point>
      </Placemark>
      <Placemark><name>◎ U예산15</name>
        <description><![CDATA[<b>통합기준점</b><br>명칭: U예산15<br>P1 #9 원점에서 4835m<br>좌표: 36.625842°N, 126.921351°E<br><br><a href="https://map.naver.com/v5/search/36.6258424138884,126.92135075">📍 네이버 지도</a>]]></description>
        <styleUrl>#uni</styleUrl>
        <Point><coordinates>126.92135075,36.6258424138884,0</coordinates></Point>
      </Placemark>
      <Placemark><name>△ 예산457</name>
        <description><![CDATA[<b>삼각점</b><br>명칭: 예산457<br>P1 #9 원점에서 4960m<br>좌표: 36.542853°N, 126.954906°E<br><br><a href="https://map.naver.com/v5/search/36.5428533888884,126.954906444444">📍 네이버 지도</a>]]></description>
        <styleUrl>#tri</styleUrl>
        <Point><coordinates>126.954906444444,36.5428533888884,0</coordinates></Point>
      </Placemark>
    </Folder>
  </Folder>
  <Folder>
    <name>#12 (34.60°N 127.05°E) 국가69.9점</name>
    <description>서브격자 상위5개 / 근접 기준점3개</description>
    <Placemark><name>▶ P1 #12 중심</name>
      <description><![CDATA[P1 국가격자 후보지<br>점수: 69.9점<br>좌표: 34.59973°N, 127.05301°E<br>서브격자 후보: 5개 / 근접 기준점: 3개<br><br><a href="https://map.naver.com/v5/search/34.59973,127.05301">📍 네이버 지도</a>]]></description>
      <styleUrl>#center</styleUrl>
      <Point><coordinates>127.05301,34.59973,0</coordinates></Point>
    </Placemark>
    <Folder><name>📍 서브격자 후보 (5개)</name>
      <Placemark><name>#1 99.8점</name>
        <description><![CDATA[사이트 #12 / 서브격자 1위
종합점수: 99.8점
좌표: 34.563535°N, 127.020501°E

② 지형: 15.0 / 15점 (경사 0.0°)
③ 전력·철도: 15.0 / 15점
④ 인구이격: 15.0 / 15점
⑤ 모델기여: 10.0 / 10점
⑥ 암상: 4.9 / 5점
도로: 1324m

네이버: https://map.naver.com/v5/search/34.563535,127.020501
카카오: https://map.kakao.com/link/map/P12-1,34.563535,127.020501]]></description>
        <styleUrl>#top1</styleUrl>
        <Point><coordinates>127.020501,34.563535,0</coordinates></Point>
      </Placemark>
      <Placemark><name>#2 99.1점</name>
        <description><![CDATA[사이트 #12 / 서브격자 2위
종합점수: 99.1점
좌표: 34.572553°N, 127.020449°E

② 지형: 15.0 / 15점 (경사 0.0°)
③ 전력·철도: 15.0 / 15점
④ 인구이격: 14.7 / 15점
⑤ 모델기여: 10.0 / 10점
⑥ 암상: 4.8 / 5점
도로: 1475m

네이버: https://map.naver.com/v5/search/34.572553,127.020449
카카오: https://map.kakao.com/link/map/P12-2,34.572553,127.020449]]></description>
        <styleUrl>#top5</styleUrl>
        <Point><coordinates>127.020449,34.572553,0</coordinates></Point>
      </Placemark>
      <Placemark><name>#3 98.3점</name>
        <description><![CDATA[사이트 #12 / 서브격자 3위
종합점수: 98.3점
좌표: 34.572509°N, 127.009547°E

② 지형: 15.0 / 15점 (경사 0.0°)
③ 전력·철도: 15.0 / 15점
④ 인구이격: 14.4 / 15점
⑤ 모델기여: 10.0 / 10점
⑥ 암상: 4.6 / 5점
도로: 547m

네이버: https://map.naver.com/v5/search/34.572509,127.009547
카카오: https://map.kakao.com/link/map/P12-3,34.572509,127.009547]]></description>
        <styleUrl>#top5</styleUrl>
        <Point><coordinates>127.009547,34.572509,0</coordinates></Point>
      </Placemark>
      <Placemark><name>#4 98.3점</name>
        <description><![CDATA[사이트 #12 / 서브격자 4위
종합점수: 98.3점
좌표: 34.581570°N, 127.020397°E

② 지형: 15.0 / 15점 (경사 0.0°)
③ 전력·철도: 15.0 / 15점
④ 인구이격: 14.3 / 15점
⑤ 모델기여: 10.0 / 10점
⑥ 암상: 4.7 / 5점
도로: 1952m

네이버: https://map.naver.com/v5/search/34.58157,127.020397
카카오: https://map.kakao.com/link/map/P12-4,34.58157,127.020397]]></description>
        <styleUrl>#top5</styleUrl>
        <Point><coordinates>127.020397,34.58157,0</coordinates></Point>
      </Placemark>
      <Placemark><name>#5 97.5점</name>
        <description><![CDATA[사이트 #12 / 서브격자 5위
종합점수: 97.5점
좌표: 34.608666°N, 127.031148°E

② 지형: 15.0 / 15점 (경사 0.0°)
③ 전력·철도: 15.0 / 15점
④ 인구이격: 13.6 / 15점
⑤ 모델기여: 10.0 / 10점
⑥ 암상: 4.9 / 5점
도로: 1651m

네이버: https://map.naver.com/v5/search/34.608666,127.031148
카카오: https://map.kakao.com/link/map/P12-5,34.608666,127.031148]]></description>
        <styleUrl>#top5</styleUrl>
        <Point><coordinates>127.031148,34.608666,0</coordinates></Point>
      </Placemark>
    </Folder>
    <Folder><name>📐 근접 기준점 (3개)</name>
      <Placemark><name>△ 회천425</name>
        <description><![CDATA[<b>삼각점</b><br>명칭: 회천425<br>P1 #12 원점에서 4257m<br>좌표: 34.617354°N, 127.011759°E<br><br><a href="https://map.naver.com/v5/search/34.6173537777767,127.011759361111">📍 네이버 지도</a>]]></description>
        <styleUrl>#tri</styleUrl>
        <Point><coordinates>127.011759361111,34.6173537777767,0</coordinates></Point>
      </Placemark>
      <Placemark><name>◎ U회천43</name>
        <description><![CDATA[<b>통합기준점</b><br>명칭: U회천43<br>P1 #12 원점에서 4552m<br>좌표: 34.640741°N, 127.050907°E<br><br><a href="https://map.naver.com/v5/search/34.6407411138878,127.050906972222">📍 네이버 지도</a>]]></description>
        <styleUrl>#uni</styleUrl>
        <Point><coordinates>127.050906972222,34.6407411138878,0</coordinates></Point>
      </Placemark>
      <Placemark><name>△ 회천423</name>
        <description><![CDATA[<b>삼각점</b><br>명칭: 회천423<br>P1 #12 원점에서 4963m<br>좌표: 34.644144°N, 127.046307°E<br><br><a href="https://map.naver.com/v5/search/34.6441438333323,127.046307194444">📍 네이버 지도</a>]]></description>
        <styleUrl>#tri</styleUrl>
        <Point><coordinates>127.046307194444,34.6441438333323,0</coordinates></Point>
      </Placemark>
    </Folder>
  </Folder>
  <Folder>
    <name>#13 (36.58°N 127.04°E) 국가60.0점</name>
    <description>서브격자 상위5개 / 근접 기준점15개</description>
    <Placemark><name>▶ P1 #13 중심</name>
      <description><![CDATA[P1 국가격자 후보지<br>점수: 60.0점<br>좌표: 36.58331°N, 127.04185°E<br>서브격자 후보: 5개 / 근접 기준점: 15개<br><br><a href="https://map.naver.com/v5/search/36.58331,127.04185">📍 네이버 지도</a>]]></description>
      <styleUrl>#center</styleUrl>
      <Point><coordinates>127.04185,36.58331,0</coordinates></Point>
    </Placemark>
    <Folder><name>📍 서브격자 후보 (5개)</name>
      <Placemark><name>#1 86.1점</name>
        <description><![CDATA[사이트 #13 / 서브격자 1위
종합점수: 86.1점
좌표: 36.583310°N, 127.041850°E

② 지형: 12.1 / 15점 (경사 5.86°)
③ 전력·철도: 14.5 / 15점
④ 인구이격: 14.0 / 15점
⑤ 모델기여: 8.0 / 10점
⑥ 암상: 3.2 / 5점
도로: 375m

네이버: https://map.naver.com/v5/search/36.58331,127.04185
카카오: https://map.kakao.com/link/map/P13-1,36.58331,127.04185]]></description>
        <styleUrl>#top1</styleUrl>
        <Point><coordinates>127.04185,36.58331,0</coordinates></Point>
      </Placemark>
      <Placemark><name>#2 85.6점</name>
        <description><![CDATA[사이트 #13 / 서브격자 2위
종합점수: 85.6점
좌표: 36.610174°N, 126.996963°E

② 지형: 12.5 / 15점 (경사 4.97°)
③ 전력·철도: 14.0 / 15점
④ 인구이격: 13.2 / 15점
⑤ 모델기여: 8.0 / 10점
⑥ 암상: 3.7 / 5점
도로: 240m

네이버: https://map.naver.com/v5/search/36.610174,126.996963
카카오: https://map.kakao.com/link/map/P13-2,36.610174,126.996963]]></description>
        <styleUrl>#top5</styleUrl>
        <Point><coordinates>126.996963,36.610174,0</coordinates></Point>
      </Placemark>
      <Placemark><name>#3 85.5점</name>
        <description><![CDATA[사이트 #13 / 서브격자 3위
종합점수: 85.5점
좌표: 36.583176°N, 127.008316°E

② 지형: 10.4 / 15점 (경사 9.18°)
③ 전력·철도: 14.6 / 15점
④ 인구이격: 14.6 / 15점
⑤ 모델기여: 8.0 / 10점
⑥ 암상: 3.7 / 5점
도로: 697m

네이버: https://map.naver.com/v5/search/36.583176,127.008316
카카오: https://map.kakao.com/link/map/P13-3,36.583176,127.008316]]></description>
        <styleUrl>#top5</styleUrl>
        <Point><coordinates>127.008316,36.583176,0</coordinates></Point>
      </Placemark>
      <Placemark><name>#4 85.0점</name>
        <description><![CDATA[사이트 #13 / 서브격자 4위
종합점수: 85.0점
좌표: 36.565280°N, 127.041956°E

② 지형: 13.9 / 15점 (경사 2.29°)
③ 전력·철도: 14.8 / 15점
④ 인구이격: 12.9 / 15점
⑤ 모델기여: 5.0 / 10점
⑥ 암상: 4.5 / 5점
도로: 321m

네이버: https://map.naver.com/v5/search/36.56528,127.041956
카카오: https://map.kakao.com/link/map/P13-4,36.56528,127.041956]]></description>
        <styleUrl>#top5</styleUrl>
        <Point><coordinates>127.041956,36.56528,0</coordinates></Point>
      </Placemark>
      <Placemark><name>#5 84.6점</name>
        <description><![CDATA[사이트 #13 / 서브격자 5위
종합점수: 84.6점
좌표: 36.583082°N, 126.985961°E

② 지형: 12.7 / 15점 (경사 4.64°)
③ 전력·철도: 14.7 / 15점
④ 인구이격: 12.4 / 15점
⑤ 모델기여: 8.0 / 10점
⑥ 암상: 3.0 / 5점
도로: 162m

네이버: https://map.naver.com/v5/search/36.583082,126.985961
카카오: https://map.kakao.com/link/map/P13-5,36.583082,126.985961]]></description>
        <styleUrl>#top5</styleUrl>
        <Point><coordinates>126.985961,36.583082,0</coordinates></Point>
      </Placemark>
    </Folder>
    <Folder><name>📐 근접 기준점 (15개)</name>
      <Placemark><name>△ 전의443</name>
        <description><![CDATA[<b>삼각점</b><br>명칭: 전의443<br>P1 #13 원점에서 369m<br>좌표: 36.580748°N, 127.039224°E<br><br><a href="https://map.naver.com/v5/search/36.5807484722217,127.039224166667">📍 네이버 지도</a>]]></description>
        <styleUrl>#tri</styleUrl>
        <Point><coordinates>127.039224166667,36.5807484722217,0</coordinates></Point>
      </Placemark>
      <Placemark><name>◎ U전의28</name>
        <description><![CDATA[<b>통합기준점</b><br>명칭: U전의28<br>P1 #13 원점에서 1203m<br>좌표: 36.572559°N, 127.040125°E<br><br><a href="https://map.naver.com/v5/search/36.5725591111106,127.040125111111">📍 네이버 지도</a>]]></description>
        <styleUrl>#uni</styleUrl>
        <Point><coordinates>127.040125111111,36.5725591111106,0</coordinates></Point>
      </Placemark>
      <Placemark><name>◎ U전의17</name>
        <description><![CDATA[<b>통합기준점</b><br>명칭: U전의17<br>P1 #13 원점에서 1454m<br>좌표: 36.595526°N, 127.047740°E<br><br><a href="https://map.naver.com/v5/search/36.5955260222217,127.04773955">📍 네이버 지도</a>]]></description>
        <styleUrl>#uni</styleUrl>
        <Point><coordinates>127.04773955,36.5955260222217,0</coordinates></Point>
      </Placemark>
      <Placemark><name>△ 전의445</name>
        <description><![CDATA[<b>삼각점</b><br>명칭: 전의445<br>P1 #13 원점에서 1808m<br>좌표: 36.568082°N, 127.049050°E<br><br><a href="https://map.naver.com/v5/search/36.5680819722217,127.049050472222">📍 네이버 지도</a>]]></description>
        <styleUrl>#tri</styleUrl>
        <Point><coordinates>127.049050472222,36.5680819722217,0</coordinates></Point>
      </Placemark>
      <Placemark><name>△ 전의26</name>
        <description><![CDATA[<b>삼각점</b><br>명칭: 전의26<br>P1 #13 원점에서 2336m<br>좌표: 36.602771°N, 127.031884°E<br><br><a href="https://map.naver.com/v5/search/36.6027706388884,127.031883833333">📍 네이버 지도</a>]]></description>
        <styleUrl>#tri</styleUrl>
        <Point><coordinates>127.031883833333,36.6027706388884,0</coordinates></Point>
      </Placemark>
      <Placemark><name>△ 전의447</name>
        <description><![CDATA[<b>삼각점</b><br>명칭: 전의447<br>P1 #13 원점에서 2818m<br>좌표: 36.570121°N, 127.068766°E<br><br><a href="https://map.naver.com/v5/search/36.5701205833328,127.068766444444">📍 네이버 지도</a>]]></description>
        <styleUrl>#tri</styleUrl>
        <Point><coordinates>127.068766444444,36.5701205833328,0</coordinates></Point>
      </Placemark>
      <Placemark><name>△ 전의315</name>
        <description><![CDATA[<b>삼각점</b><br>명칭: 전의315<br>P1 #13 원점에서 2960m<br>좌표: 36.598760°N, 127.068824°E<br><br><a href="https://map.naver.com/v5/search/36.5987600277773,127.068824222222">📍 네이버 지도</a>]]></description>
        <styleUrl>#tri</styleUrl>
        <Point><coordinates>127.068824222222,36.5987600277773,0</coordinates></Point>
      </Placemark>
      <Placemark><name>△ 전의440</name>
        <description><![CDATA[<b>삼각점</b><br>명칭: 전의440<br>P1 #13 원점에서 2967m<br>좌표: 36.558653°N, 127.028997°E<br><br><a href="https://map.naver.com/v5/search/36.5586529999995,127.028997055556">📍 네이버 지도</a>]]></description>
        <styleUrl>#tri</styleUrl>
        <Point><coordinates>127.028997055556,36.5586529999995,0</coordinates></Point>
      </Placemark>
      <Placemark><name>△ 전의439</name>
        <description><![CDATA[<b>삼각점</b><br>명칭: 전의439<br>P1 #13 원점에서 3047m<br>좌표: 36.586395°N, 127.008004°E<br><br><a href="https://map.naver.com/v5/search/36.586395055555,127.008003805556">📍 네이버 지도</a>]]></description>
        <styleUrl>#tri</styleUrl>
        <Point><coordinates>127.008003805556,36.586395055555,0</coordinates></Point>
      </Placemark>
      <Placemark><name>◎ U전의23</name>
        <description><![CDATA[<b>통합기준점</b><br>명칭: U전의23<br>P1 #13 원점에서 3542m<br>좌표: 36.556273°N, 127.020790°E<br><br><a href="https://map.naver.com/v5/search/36.5562727277773,127.020790127778">📍 네이버 지도</a>]]></description>
        <styleUrl>#uni</styleUrl>
        <Point><coordinates>127.020790127778,36.5562727277773,0</coordinates></Point>
      </Placemark>
      <Placemark><name>◎ U전의15</name>
        <description><![CDATA[<b>통합기준점</b><br>명칭: U전의15<br>P1 #13 원점에서 3826m<br>좌표: 36.612200°N, 127.018477°E<br><br><a href="https://map.naver.com/v5/search/36.6122000083328,127.018476794444">📍 네이버 지도</a>]]></description>
        <styleUrl>#uni</styleUrl>
        <Point><coordinates>127.018476794444,36.6122000083328,0</coordinates></Point>
      </Placemark>
      <Placemark><name>△ 전의436</name>
        <description><![CDATA[<b>삼각점</b><br>명칭: 전의436<br>P1 #13 원점에서 3920m<br>좌표: 36.618098°N, 127.049553°E<br><br><a href="https://map.naver.com/v5/search/36.6180976944439,127.049553111111">📍 네이버 지도</a>]]></description>
        <styleUrl>#tri</styleUrl>
        <Point><coordinates>127.049553111111,36.6180976944439,0</coordinates></Point>
      </Placemark>
      <Placemark><name>△ 전의27</name>
        <description><![CDATA[<b>삼각점</b><br>명칭: 전의27<br>P1 #13 원점에서 4153m<br>좌표: 36.548503°N, 127.058949°E<br><br><a href="https://map.naver.com/v5/search/36.548503305555,127.058949111111">📍 네이버 지도</a>]]></description>
        <styleUrl>#tri</styleUrl>
        <Point><coordinates>127.058949111111,36.548503305555,0</coordinates></Point>
      </Placemark>
      <Placemark><name>◎ U전의29</name>
        <description><![CDATA[<b>통합기준점</b><br>명칭: U전의29<br>P1 #13 원점에서 4731m<br>좌표: 36.624187°N, 127.056953°E<br><br><a href="https://map.naver.com/v5/search/36.6241874999995,127.056953416667">📍 네이버 지도</a>]]></description>
        <styleUrl>#uni</styleUrl>
        <Point><coordinates>127.056953416667,36.6241874999995,0</coordinates></Point>
      </Placemark>
      <Placemark><name>△ 예산463</name>
        <description><![CDATA[<b>삼각점</b><br>명칭: 예산463<br>P1 #13 원점에서 4829m<br>좌표: 36.578792°N, 126.988165°E<br><br><a href="https://map.naver.com/v5/search/36.5787918611106,126.988165111111">📍 네이버 지도</a>]]></description>
        <styleUrl>#tri</styleUrl>
        <Point><coordinates>126.988165111111,36.5787918611106,0</coordinates></Point>
      </Placemark>
    </Folder>
  </Folder>
  <Folder>
    <name>#14 (38.21°N 127.03°E) 국가58.0점</name>
    <description>서브격자 상위5개 / 근접 기준점9개</description>
    <Placemark><name>▶ P1 #14 중심</name>
      <description><![CDATA[P1 국가격자 후보지<br>점수: 58.0점<br>좌표: 38.20574°N, 127.03186°E<br>서브격자 후보: 5개 / 근접 기준점: 9개<br><br><a href="https://map.naver.com/v5/search/38.20574,127.03186">📍 네이버 지도</a>]]></description>
      <styleUrl>#center</styleUrl>
      <Point><coordinates>127.03186,38.20574,0</coordinates></Point>
    </Placemark>
    <Folder><name>📍 서브격자 후보 (5개)</name>
      <Placemark><name>#1 89.9점</name>
        <description><![CDATA[사이트 #14 / 서브격자 1위
종합점수: 89.9점
좌표: 38.196728°N, 127.031918°E

② 지형: 14.5 / 15점 (경사 1.06°)
③ 전력·철도: 14.0 / 15점
④ 인구이격: 14.7 / 15점
⑤ 모델기여: 6.0 / 10점
⑥ 암상: 4.7 / 5점
도로: 162m

네이버: https://map.naver.com/v5/search/38.196728,127.031918
카카오: https://map.kakao.com/link/map/P14-1,38.196728,127.031918]]></description>
        <styleUrl>#top1</styleUrl>
        <Point><coordinates>127.031918,38.196728,0</coordinates></Point>
      </Placemark>
      <Placemark><name>#2 88.4점</name>
        <description><![CDATA[사이트 #14 / 서브격자 2위
종합점수: 88.4점
좌표: 38.178657°N, 127.020616°E

② 지형: 13.6 / 15점 (경사 2.89°)
③ 전력·철도: 14.1 / 15점
④ 인구이격: 14.6 / 15점
⑤ 모델기여: 6.0 / 10점
⑥ 암상: 4.8 / 5점
도로: 1054m

네이버: https://map.naver.com/v5/search/38.178657,127.020616
카카오: https://map.kakao.com/link/map/P14-2,38.178657,127.020616]]></description>
        <styleUrl>#top5</styleUrl>
        <Point><coordinates>127.020616,38.178657,0</coordinates></Point>
      </Placemark>
      <Placemark><name>#3 88.3점</name>
        <description><![CDATA[사이트 #14 / 서브격자 3위
종합점수: 88.3점
좌표: 38.187669°N, 127.020557°E

② 지형: 12.9 / 15점 (경사 4.17°)
③ 전력·철도: 14.3 / 15점
④ 인구이격: 15.0 / 15점
⑤ 모델기여: 6.0 / 10점
⑥ 암상: 4.8 / 5점
도로: 1405m

네이버: https://map.naver.com/v5/search/38.187669,127.020557
카카오: https://map.kakao.com/link/map/P14-3,38.187669,127.020557]]></description>
        <styleUrl>#top5</styleUrl>
        <Point><coordinates>127.020557,38.187669,0</coordinates></Point>
      </Placemark>
      <Placemark><name>#4 87.9점</name>
        <description><![CDATA[사이트 #14 / 서브격자 4위
종합점수: 87.9점
좌표: 38.187622°N, 127.009138°E

② 지형: 14.0 / 15점 (경사 2.0°)
③ 전력·철도: 14.6 / 15점
④ 인구이격: 13.3 / 15점
⑤ 모델기여: 6.0 / 10점
⑥ 암상: 4.9 / 5점
도로: 822m

네이버: https://map.naver.com/v5/search/38.187622,127.009138
카카오: https://map.kakao.com/link/map/P14-4,38.187622,127.009138]]></description>
        <styleUrl>#top5</styleUrl>
        <Point><coordinates>127.009138,38.187622,0</coordinates></Point>
      </Placemark>
      <Placemark><name>#5 87.4점</name>
        <description><![CDATA[사이트 #14 / 서브격자 5위
종합점수: 87.4점
좌표: 38.196773°N, 127.043338°E

② 지형: 13.7 / 15점 (경사 2.6°)
③ 전력·철도: 13.3 / 15점
④ 인구이격: 14.8 / 15점
⑤ 모델기여: 6.0 / 10점
⑥ 암상: 4.6 / 5점
도로: 789m

네이버: https://map.naver.com/v5/search/38.196773,127.043338
카카오: https://map.kakao.com/link/map/P14-5,38.196773,127.043338]]></description>
        <styleUrl>#top5</styleUrl>
        <Point><coordinates>127.043338,38.196773,0</coordinates></Point>
      </Placemark>
    </Folder>
    <Folder><name>📐 근접 기준점 (9개)</name>
      <Placemark><name>△ 철원302</name>
        <description><![CDATA[<b>삼각점</b><br>명칭: 철원302<br>P1 #14 원점에서 968m<br>좌표: 38.204664°N, 127.042835°E<br><br><a href="https://map.naver.com/v5/search/38.2046644722223,127.042835138889">📍 네이버 지도</a>]]></description>
        <styleUrl>#tri</styleUrl>
        <Point><coordinates>127.042835138889,38.2046644722223,0</coordinates></Point>
      </Placemark>
      <Placemark><name>△ 철원401</name>
        <description><![CDATA[<b>삼각점</b><br>명칭: 철원401<br>P1 #14 원점에서 3091m<br>좌표: 38.177880°N, 127.031858°E<br><br><a href="https://map.naver.com/v5/search/38.1778798611112,127.031857833333">📍 네이버 지도</a>]]></description>
        <styleUrl>#tri</styleUrl>
        <Point><coordinates>127.031857833333,38.1778798611112,0</coordinates></Point>
      </Placemark>
      <Placemark><name>△ 철원405</name>
        <description><![CDATA[<b>삼각점</b><br>명칭: 철원405<br>P1 #14 원점에서 3271m<br>좌표: 38.201106°N, 127.068755°E<br><br><a href="https://map.naver.com/v5/search/38.2011056944445,127.068755083333">📍 네이버 지도</a>]]></description>
        <styleUrl>#tri</styleUrl>
        <Point><coordinates>127.068755083333,38.2011056944445,0</coordinates></Point>
      </Placemark>
      <Placemark><name>△ 철원402</name>
        <description><![CDATA[<b>삼각점</b><br>명칭: 철원402<br>P1 #14 원점에서 3455m<br>좌표: 38.233240°N, 127.050364°E<br><br><a href="https://map.naver.com/v5/search/38.2332397500001,127.050363694444">📍 네이버 지도</a>]]></description>
        <styleUrl>#tri</styleUrl>
        <Point><coordinates>127.050363694444,38.2332397500001,0</coordinates></Point>
      </Placemark>
      <Placemark><name>△ 철원21</name>
        <description><![CDATA[<b>삼각점</b><br>명칭: 철원21<br>P1 #14 원점에서 3464m<br>좌표: 38.184878°N, 127.002439°E<br><br><a href="https://map.naver.com/v5/search/38.1848776111112,127.002438777778">📍 네이버 지도</a>]]></description>
        <styleUrl>#tri</styleUrl>
        <Point><coordinates>127.002438777778,38.1848776111112,0</coordinates></Point>
      </Placemark>
      <Placemark><name>△ 철원403</name>
        <description><![CDATA[<b>삼각점</b><br>명칭: 철원403<br>P1 #14 원점에서 3693m<br>좌표: 38.184034°N, 127.063825°E<br><br><a href="https://map.naver.com/v5/search/38.1840342777779,127.063825083333">📍 네이버 지도</a>]]></description>
        <styleUrl>#tri</styleUrl>
        <Point><coordinates>127.063825083333,38.1840342777779,0</coordinates></Point>
      </Placemark>
      <Placemark><name>△ 철원404</name>
        <description><![CDATA[<b>삼각점</b><br>명칭: 철원404<br>P1 #14 원점에서 3733m<br>좌표: 38.226236°N, 127.065674°E<br><br><a href="https://map.naver.com/v5/search/38.2262364444446,127.065673916667">📍 네이버 지도</a>]]></description>
        <styleUrl>#tri</styleUrl>
        <Point><coordinates>127.065673916667,38.2262364444446,0</coordinates></Point>
      </Placemark>
      <Placemark><name>△ 철원445</name>
        <description><![CDATA[<b>삼각점</b><br>명칭: 철원445<br>P1 #14 원점에서 4833m<br>좌표: 38.165476°N, 127.010811°E<br><br><a href="https://map.naver.com/v5/search/38.1654760277778,127.010810694444">📍 네이버 지도</a>]]></description>
        <styleUrl>#tri</styleUrl>
        <Point><coordinates>127.010810694444,38.1654760277778,0</coordinates></Point>
      </Placemark>
      <Placemark><name>△ 철원441</name>
        <description><![CDATA[<b>삼각점</b><br>명칭: 철원441<br>P1 #14 원점에서 4985m<br>좌표: 38.160969°N, 127.036627°E<br><br><a href="https://map.naver.com/v5/search/38.1609685000001,127.036626944444">📍 네이버 지도</a>]]></description>
        <styleUrl>#tri</styleUrl>
        <Point><coordinates>127.036626944444,38.1609685000001,0</coordinates></Point>
      </Placemark>
    </Folder>
  </Folder>
  <Folder>
    <name>#15 (34.69°N 127.16°E) 국가65.6점</name>
    <description>서브격자 상위5개 / 근접 기준점5개</description>
    <Placemark><name>▶ P1 #15 중심</name>
      <description><![CDATA[P1 국가격자 후보지<br>점수: 65.6점<br>좌표: 34.69026°N, 127.1617°E<br>서브격자 후보: 5개 / 근접 기준점: 5개<br><br><a href="https://map.naver.com/v5/search/34.69026,127.1617">📍 네이버 지도</a>]]></description>
      <styleUrl>#center</styleUrl>
      <Point><coordinates>127.1617,34.69026,0</coordinates></Point>
    </Placemark>
    <Folder><name>📍 서브격자 후보 (5개)</name>
      <Placemark><name>#1 99.0점</name>
        <description><![CDATA[사이트 #15 / 서브격자 1위
종합점수: 99.0점
좌표: 34.654219°N, 127.172759°E

② 지형: 15.0 / 15점 (경사 0.0°)
③ 전력·철도: 15.0 / 15점
④ 인구이격: 14.4 / 15점
⑤ 모델기여: 10.0 / 10점
⑥ 암상: 5.0 / 5점
도로: 1976m

네이버: https://map.naver.com/v5/search/34.654219,127.172759
카카오: https://map.kakao.com/link/map/P15-1,34.654219,127.172759]]></description>
        <styleUrl>#top1</styleUrl>
        <Point><coordinates>127.172759,34.654219,0</coordinates></Point>
      </Placemark>
      <Placemark><name>#2 98.5점</name>
        <description><![CDATA[사이트 #15 / 서브격자 2위
종합점수: 98.5점
좌표: 34.681329°N, 127.194486°E

② 지형: 15.0 / 15점 (경사 0.0°)
③ 전력·철도: 14.5 / 15점
④ 인구이격: 15.0 / 15점
⑤ 모델기여: 10.0 / 10점
⑥ 암상: 4.6 / 5점
도로: 1793m

네이버: https://map.naver.com/v5/search/34.681329,127.194486
카카오: https://map.kakao.com/link/map/P15-2,34.681329,127.194486]]></description>
        <styleUrl>#top5</styleUrl>
        <Point><coordinates>127.194486,34.681329,0</coordinates></Point>
      </Placemark>
      <Placemark><name>#3 98.3점</name>
        <description><![CDATA[사이트 #15 / 서브격자 3위
종합점수: 98.3점
좌표: 34.663265°N, 127.183638°E

② 지형: 15.0 / 15점 (경사 0.0°)
③ 전력·철도: 14.8 / 15점
④ 인구이격: 14.2 / 15점
⑤ 모델기여: 10.0 / 10점
⑥ 암상: 4.9 / 5점
도로: 1806m

네이버: https://map.naver.com/v5/search/34.663265,127.183638
카카오: https://map.kakao.com/link/map/P15-3,34.663265,127.183638]]></description>
        <styleUrl>#top5</styleUrl>
        <Point><coordinates>127.183638,34.663265,0</coordinates></Point>
      </Placemark>
      <Placemark><name>#4 97.8점</name>
        <description><![CDATA[사이트 #15 / 서브격자 4위
종합점수: 97.8점
좌표: 34.681301°N, 127.183569°E

② 지형: 15.0 / 15점 (경사 0.0°)
③ 전력·철도: 14.5 / 15점
④ 인구이격: 14.7 / 15점
⑤ 모델기여: 10.0 / 10점
⑥ 암상: 4.5 / 5점
도로: 1376m

네이버: https://map.naver.com/v5/search/34.681301,127.183569
카카오: https://map.kakao.com/link/map/P15-4,34.681301,127.183569]]></description>
        <styleUrl>#top5</styleUrl>
        <Point><coordinates>127.183569,34.681301,0</coordinates></Point>
      </Placemark>
      <Placemark><name>#5 97.6점</name>
        <description><![CDATA[사이트 #15 / 서브격자 5위
종합점수: 97.6점
좌표: 34.681180°N, 127.139904°E

② 지형: 15.0 / 15점 (경사 0.0°)
③ 전력·철도: 14.7 / 15점
④ 인구이격: 14.6 / 15점
⑤ 모델기여: 10.0 / 10점
⑥ 암상: 4.3 / 5점
도로: 1716m

네이버: https://map.naver.com/v5/search/34.68118,127.139904
카카오: https://map.kakao.com/link/map/P15-5,34.68118,127.139904]]></description>
        <styleUrl>#top5</styleUrl>
        <Point><coordinates>127.139904,34.68118,0</coordinates></Point>
      </Placemark>
    </Folder>
    <Folder><name>📐 근접 기준점 (5개)</name>
      <Placemark><name>◎ U회천28</name>
        <description><![CDATA[<b>통합기준점</b><br>명칭: U회천28<br>P1 #15 원점에서 2123m<br>좌표: 34.696168°N, 127.183752°E<br><br><a href="https://map.naver.com/v5/search/34.6961680222212,127.183752466667">📍 네이버 지도</a>]]></description>
        <styleUrl>#uni</styleUrl>
        <Point><coordinates>127.183752466667,34.6961680222212,0</coordinates></Point>
      </Placemark>
      <Placemark><name>△ 회천22</name>
        <description><![CDATA[<b>삼각점</b><br>명칭: 회천22<br>P1 #15 원점에서 2425m<br>좌표: 34.708704°N, 127.175921°E<br><br><a href="https://map.naver.com/v5/search/34.7087041388879,127.175920833333">📍 네이버 지도</a>]]></description>
        <styleUrl>#tri</styleUrl>
        <Point><coordinates>127.175920833333,34.7087041388879,0</coordinates></Point>
      </Placemark>
      <Placemark><name>△ 회천417</name>
        <description><![CDATA[<b>삼각점</b><br>명칭: 회천417<br>P1 #15 원점에서 2540m<br>좌표: 34.707752°N, 127.143788°E<br><br><a href="https://map.naver.com/v5/search/34.7077521944434,127.143787944444">📍 네이버 지도</a>]]></description>
        <styleUrl>#tri</styleUrl>
        <Point><coordinates>127.143787944444,34.7077521944434,0</coordinates></Point>
      </Placemark>
      <Placemark><name>◎ U회천16</name>
        <description><![CDATA[<b>통합기준점</b><br>명칭: U회천16<br>P1 #15 원점에서 3060m<br>좌표: 34.704652°N, 127.133191°E<br><br><a href="https://map.naver.com/v5/search/34.7046524166656,127.133191291667">📍 네이버 지도</a>]]></description>
        <styleUrl>#uni</styleUrl>
        <Point><coordinates>127.133191291667,34.7046524166656,0</coordinates></Point>
      </Placemark>
      <Placemark><name>△ 회천414</name>
        <description><![CDATA[<b>삼각점</b><br>명칭: 회천414<br>P1 #15 원점에서 3833m<br>좌표: 34.698737°N, 127.121127°E<br><br><a href="https://map.naver.com/v5/search/34.6987370555545,127.121126722222">📍 네이버 지도</a>]]></description>
        <styleUrl>#tri</styleUrl>
        <Point><coordinates>127.121126722222,34.6987370555545,0</coordinates></Point>
      </Placemark>
    </Folder>
  </Folder>
  <Folder>
    <name>#16 (35.59°N 127.16°E) 국가60.1점</name>
    <description>서브격자 상위5개 / 근접 기준점13개</description>
    <Placemark><name>▶ P1 #16 중심</name>
      <description><![CDATA[P1 국가격자 후보지<br>점수: 60.1점<br>좌표: 35.59196°N, 127.15795°E<br>서브격자 후보: 5개 / 근접 기준점: 13개<br><br><a href="https://map.naver.com/v5/search/35.59196,127.15795">📍 네이버 지도</a>]]></description>
      <styleUrl>#center</styleUrl>
      <Point><coordinates>127.15795,35.59196,0</coordinates></Point>
    </Placemark>
    <Folder><name>📍 서브격자 후보 (5개)</name>
      <Placemark><name>#1 91.2점</name>
        <description><![CDATA[사이트 #16 / 서브격자 1위
종합점수: 91.2점
좌표: 35.600976°N, 127.157912°E

② 지형: 13.5 / 15점 (경사 3.03°)
③ 전력·철도: 14.5 / 15점
④ 인구이격: 14.4 / 15점
⑤ 모델기여: 8.0 / 10점
⑥ 암상: 4.4 / 5점
도로: 787m

네이버: https://map.naver.com/v5/search/35.600976,127.157912
카카오: https://map.kakao.com/link/map/P16-1,35.600976,127.157912]]></description>
        <styleUrl>#top1</styleUrl>
        <Point><coordinates>127.157912,35.600976,0</coordinates></Point>
      </Placemark>
      <Placemark><name>#2 88.0점</name>
        <description><![CDATA[사이트 #16 / 서브격자 2위
종합점수: 88.0점
좌표: 35.601094°N, 127.202071°E

② 지형: 12.8 / 15점 (경사 4.4°)
③ 전력·철도: 13.5 / 15점
④ 인구이격: 13.6 / 15점
⑤ 모델기여: 8.0 / 10점
⑥ 암상: 4.8 / 5점
도로: 893m

네이버: https://map.naver.com/v5/search/35.601094,127.202071
카카오: https://map.kakao.com/link/map/P16-2,35.601094,127.202071]]></description>
        <styleUrl>#top5</styleUrl>
        <Point><coordinates>127.202071,35.601094,0</coordinates></Point>
      </Placemark>
      <Placemark><name>#3 86.8점</name>
        <description><![CDATA[사이트 #16 / 서브격자 3위
종합점수: 86.8점
좌표: 35.591928°N, 127.146911°E

② 지형: 8.6 / 15점 (경사 12.86°)
③ 전력·철도: 14.4 / 15점
④ 인구이격: 14.5 / 15점
⑤ 모델기여: 10.0 / 10점
⑥ 암상: 4.5 / 5점
도로: 890m

네이버: https://map.naver.com/v5/search/35.591928,127.146911
카카오: https://map.kakao.com/link/map/P16-3,35.591928,127.146911]]></description>
        <styleUrl>#top5</styleUrl>
        <Point><coordinates>127.146911,35.591928,0</coordinates></Point>
      </Placemark>
      <Placemark><name>#4 86.8점</name>
        <description><![CDATA[사이트 #16 / 서브격자 4위
종합점수: 86.8점
좌표: 35.591960°N, 127.157950°E

② 지형: 10.1 / 15점 (경사 9.89°)
③ 전력·철도: 14.5 / 15점
④ 인구이격: 15.0 / 15점
⑤ 모델기여: 8.0 / 10점
⑥ 암상: 4.5 / 5점
도로: 1158m

네이버: https://map.naver.com/v5/search/35.59196,127.15795
카카오: https://map.kakao.com/link/map/P16-4,35.59196,127.15795]]></description>
        <styleUrl>#top5</styleUrl>
        <Point><coordinates>127.15795,35.59196,0</coordinates></Point>
      </Placemark>
      <Placemark><name>#5 85.4점</name>
        <description><![CDATA[사이트 #16 / 서브격자 5위
종합점수: 85.4점
좌표: 35.582944°N, 127.157988°E

② 지형: 10.0 / 15점 (경사 9.96°)
③ 전력·철도: 14.6 / 15점
④ 인구이격: 14.0 / 15점
⑤ 모델기여: 8.0 / 10점
⑥ 암상: 4.6 / 5점
도로: 858m

네이버: https://map.naver.com/v5/search/35.582944,127.157988
카카오: https://map.kakao.com/link/map/P16-5,35.582944,127.157988]]></description>
        <styleUrl>#top5</styleUrl>
        <Point><coordinates>127.157988,35.582944,0</coordinates></Point>
      </Placemark>
    </Folder>
    <Folder><name>📐 근접 기준점 (13개)</name>
      <Placemark><name>△ 갈담431</name>
        <description><![CDATA[<b>삼각점</b><br>명칭: 갈담431<br>P1 #16 원점에서 1623m<br>좌표: 35.591770°N, 127.140035°E<br><br><a href="https://map.naver.com/v5/search/35.5917703055548,127.140035472222">📍 네이버 지도</a>]]></description>
        <styleUrl>#tri</styleUrl>
        <Point><coordinates>127.140035472222,35.5917703055548,0</coordinates></Point>
      </Placemark>
      <Placemark><name>◎ U갈담19</name>
        <description><![CDATA[<b>통합기준점</b><br>명칭: U갈담19<br>P1 #16 원점에서 1839m<br>좌표: 35.606155°N, 127.168441°E<br><br><a href="https://map.naver.com/v5/search/35.6061545916659,127.168441433333">📍 네이버 지도</a>]]></description>
        <styleUrl>#uni</styleUrl>
        <Point><coordinates>127.168441433333,35.6061545916659,0</coordinates></Point>
      </Placemark>
      <Placemark><name>△ 갈담428</name>
        <description><![CDATA[<b>삼각점</b><br>명칭: 갈담428<br>P1 #16 원점에서 1866m<br>좌표: 35.607974°N, 127.164280°E<br><br><a href="https://map.naver.com/v5/search/35.607974277777,127.16428025">📍 네이버 지도</a>]]></description>
        <styleUrl>#tri</styleUrl>
        <Point><coordinates>127.16428025,35.607974277777,0</coordinates></Point>
      </Placemark>
      <Placemark><name>◎ U갈담34</name>
        <description><![CDATA[<b>통합기준점</b><br>명칭: U갈담34<br>P1 #16 원점에서 2889m<br>좌표: 35.573719°N, 127.135185°E<br><br><a href="https://map.naver.com/v5/search/35.5737192499992,127.135184527778">📍 네이버 지도</a>]]></description>
        <styleUrl>#uni</styleUrl>
        <Point><coordinates>127.135184527778,35.5737192499992,0</coordinates></Point>
      </Placemark>
      <Placemark><name>△ 갈담25</name>
        <description><![CDATA[<b>삼각점</b><br>명칭: 갈담25<br>P1 #16 원점에서 2900m<br>좌표: 35.567359°N, 127.168786°E<br><br><a href="https://map.naver.com/v5/search/35.5673589999992,127.168786333333">📍 네이버 지도</a>]]></description>
        <styleUrl>#tri</styleUrl>
        <Point><coordinates>127.168786333333,35.5673589999992,0</coordinates></Point>
      </Placemark>
      <Placemark><name>◎ U갈담21</name>
        <description><![CDATA[<b>통합기준점</b><br>명칭: U갈담21<br>P1 #16 원점에서 3165m<br>좌표: 35.594608°N, 127.123166°E<br><br><a href="https://map.naver.com/v5/search/35.5946084805547,127.123166091667">📍 네이버 지도</a>]]></description>
        <styleUrl>#uni</styleUrl>
        <Point><coordinates>127.123166091667,35.5946084805547,0</coordinates></Point>
      </Placemark>
      <Placemark><name>◎ U갈담37</name>
        <description><![CDATA[<b>통합기준점</b><br>명칭: U갈담37<br>P1 #16 원점에서 3587m<br>좌표: 35.579473°N, 127.194472°E<br><br><a href="https://map.naver.com/v5/search/35.5794727416659,127.194471511111">📍 네이버 지도</a>]]></description>
        <styleUrl>#uni</styleUrl>
        <Point><coordinates>127.194471511111,35.5794727416659,0</coordinates></Point>
      </Placemark>
      <Placemark><name>△ 갈담458</name>
        <description><![CDATA[<b>삼각점</b><br>명칭: 갈담458<br>P1 #16 원점에서 3701m<br>좌표: 35.567721°N, 127.129883°E<br><br><a href="https://map.naver.com/v5/search/35.5677205555547,127.129882638889">📍 네이버 지도</a>]]></description>
        <styleUrl>#tri</styleUrl>
        <Point><coordinates>127.129882638889,35.5677205555547,0</coordinates></Point>
      </Placemark>
      <Placemark><name>△ 갈담310</name>
        <description><![CDATA[<b>삼각점</b><br>명칭: 갈담310<br>P1 #16 원점에서 3704m<br>좌표: 35.611779°N, 127.125032°E<br><br><a href="https://map.naver.com/v5/search/35.6117791111103,127.125032027778">📍 네이버 지도</a>]]></description>
        <styleUrl>#tri</styleUrl>
        <Point><coordinates>127.125032027778,35.6117791111103,0</coordinates></Point>
      </Placemark>
      <Placemark><name>◎ U갈담35</name>
        <description><![CDATA[<b>통합기준점</b><br>명칭: U갈담35<br>P1 #16 원점에서 4149m<br>좌표: 35.557109°N, 127.141298°E<br><br><a href="https://map.naver.com/v5/search/35.5571089416659,127.141297819444">📍 네이버 지도</a>]]></description>
        <styleUrl>#uni</styleUrl>
        <Point><coordinates>127.141297819444,35.5571089416659,0</coordinates></Point>
      </Placemark>
      <Placemark><name>◎ U갈담18</name>
        <description><![CDATA[<b>통합기준점</b><br>명칭: U갈담18<br>P1 #16 원점에서 4213m<br>좌표: 35.609799°N, 127.199018°E<br><br><a href="https://map.naver.com/v5/search/35.6097992166659,127.199017572222">📍 네이버 지도</a>]]></description>
        <styleUrl>#uni</styleUrl>
        <Point><coordinates>127.199017572222,35.6097992166659,0</coordinates></Point>
      </Placemark>
      <Placemark><name>△ 갈담464</name>
        <description><![CDATA[<b>삼각점</b><br>명칭: 갈담464<br>P1 #16 원점에서 4913m<br>좌표: 35.564211°N, 127.200212°E<br><br><a href="https://map.naver.com/v5/search/35.5642111944436,127.200212194444">📍 네이버 지도</a>]]></description>
        <styleUrl>#tri</styleUrl>
        <Point><coordinates>127.200212194444,35.5642111944436,0</coordinates></Point>
      </Placemark>
      <Placemark><name>△ 갈담466</name>
        <description><![CDATA[<b>삼각점</b><br>명칭: 갈담466<br>P1 #16 원점에서 4959m<br>좌표: 35.580778°N, 127.210948°E<br><br><a href="https://map.naver.com/v5/search/35.5807778055547,127.210948111111">📍 네이버 지도</a>]]></description>
        <styleUrl>#tri</styleUrl>
        <Point><coordinates>127.210948111111,35.5807778055547,0</coordinates></Point>
      </Placemark>
    </Folder>
  </Folder>
  <Folder>
    <name>#17 (34.87°N 127.27°E) 국가59.4점</name>
    <description>서브격자 상위5개 / 근접 기준점10개</description>
    <Placemark><name>▶ P1 #17 중심</name>
      <description><![CDATA[P1 국가격자 후보지<br>점수: 59.4점<br>좌표: 34.87087°N, 127.27038°E<br>서브격자 후보: 5개 / 근접 기준점: 10개<br><br><a href="https://map.naver.com/v5/search/34.87087,127.27038">📍 네이버 지도</a>]]></description>
      <styleUrl>#center</styleUrl>
      <Point><coordinates>127.27038,34.87087,0</coordinates></Point>
    </Placemark>
    <Folder><name>📍 서브격자 후보 (5개)</name>
      <Placemark><name>#1 85.6점</name>
        <description><![CDATA[사이트 #17 / 서브격자 1위
종합점수: 85.6점
좌표: 34.888884°N, 127.259386°E

② 지형: 11.5 / 15점 (경사 6.94°)
③ 전력·철도: 14.3 / 15점
④ 인구이격: 15.0 / 15점
⑤ 모델기여: 8.0 / 10점
⑥ 암상: 2.5 / 5점
도로: 260m

네이버: https://map.naver.com/v5/search/34.888884,127.259386
카카오: https://map.kakao.com/link/map/P17-1,34.888884,127.259386]]></description>
        <styleUrl>#top1</styleUrl>
        <Point><coordinates>127.259386,34.888884,0</coordinates></Point>
      </Placemark>
      <Placemark><name>#2 85.3점</name>
        <description><![CDATA[사이트 #17 / 서브격자 2위
종합점수: 85.3점
좌표: 34.906980°N, 127.292172°E

② 지형: 12.7 / 15점 (경사 4.69°)
③ 전력·철도: 14.4 / 15점
④ 인구이격: 13.6 / 15점
⑤ 모델기여: 8.0 / 10점
⑥ 암상: 2.5 / 5점
도로: 229m

네이버: https://map.naver.com/v5/search/34.90698,127.292172
카카오: https://map.kakao.com/link/map/P17-2,34.90698,127.292172]]></description>
        <styleUrl>#top5</styleUrl>
        <Point><coordinates>127.292172,34.90698,0</coordinates></Point>
      </Placemark>
      <Placemark><name>#3 85.0점</name>
        <description><![CDATA[사이트 #17 / 서브격자 3위
종합점수: 85.0점
좌표: 34.897901°N, 127.259360°E

② 지형: 12.0 / 15점 (경사 6.08°)
③ 전력·철도: 14.2 / 15점
④ 인구이격: 14.3 / 15점
⑤ 모델기여: 8.0 / 10점
⑥ 암상: 2.5 / 5점
도로: 229m

네이버: https://map.naver.com/v5/search/34.897901,127.25936
카카오: https://map.kakao.com/link/map/P17-3,34.897901,127.25936]]></description>
        <styleUrl>#top5</styleUrl>
        <Point><coordinates>127.25936,34.897901,0</coordinates></Point>
      </Placemark>
      <Placemark><name>#4 84.0점</name>
        <description><![CDATA[사이트 #17 / 서브격자 4위
종합점수: 84.0점
좌표: 34.879866°N, 127.259412°E

② 지형: 10.9 / 15점 (경사 8.11°)
③ 전력·철도: 14.1 / 15점
④ 인구이격: 14.9 / 15점
⑤ 모델기여: 8.0 / 10점
⑥ 암상: 2.5 / 5점
도로: 237m

네이버: https://map.naver.com/v5/search/34.879866,127.259412
카카오: https://map.kakao.com/link/map/P17-4,34.879866,127.259412]]></description>
        <styleUrl>#top5</styleUrl>
        <Point><coordinates>127.259412,34.879866,0</coordinates></Point>
      </Placemark>
      <Placemark><name>#5 83.0점</name>
        <description><![CDATA[사이트 #17 / 서브격자 5위
종합점수: 83.0점
좌표: 34.906998°N, 127.303118°E

② 지형: 10.9 / 15점 (경사 8.18°)
③ 전력·철도: 14.5 / 15점
④ 인구이격: 13.9 / 15점
⑤ 모델기여: 8.0 / 10점
⑥ 암상: 2.5 / 5점
도로: 415m

네이버: https://map.naver.com/v5/search/34.906998,127.303118
카카오: https://map.kakao.com/link/map/P17-5,34.906998,127.303118]]></description>
        <styleUrl>#top5</styleUrl>
        <Point><coordinates>127.303118,34.906998,0</coordinates></Point>
      </Placemark>
    </Folder>
    <Folder><name>📐 근접 기준점 (10개)</name>
      <Placemark><name>△ 순천443</name>
        <description><![CDATA[<b>삼각점</b><br>명칭: 순천443<br>P1 #17 원점에서 1045m<br>좌표: 34.874712°N, 127.280822°E<br><br><a href="https://map.naver.com/v5/search/34.8747120555546,127.280822194444">📍 네이버 지도</a>]]></description>
        <styleUrl>#tri</styleUrl>
        <Point><coordinates>127.280822194444,34.8747120555546,0</coordinates></Point>
      </Placemark>
      <Placemark><name>△ 순천445</name>
        <description><![CDATA[<b>삼각점</b><br>명칭: 순천445<br>P1 #17 원점에서 1994m<br>좌표: 34.885863°N, 127.258342°E<br><br><a href="https://map.naver.com/v5/search/34.8858633333323,127.258341638889">📍 네이버 지도</a>]]></description>
        <styleUrl>#tri</styleUrl>
        <Point><coordinates>127.258341638889,34.8858633333323,0</coordinates></Point>
      </Placemark>
      <Placemark><name>△ 순천444</name>
        <description><![CDATA[<b>삼각점</b><br>명칭: 순천444<br>P1 #17 원점에서 2188m<br>좌표: 34.852034°N, 127.277519°E<br><br><a href="https://map.naver.com/v5/search/34.8520342777768,127.277519361111">📍 네이버 지도</a>]]></description>
        <styleUrl>#tri</styleUrl>
        <Point><coordinates>127.277519361111,34.8520342777768,0</coordinates></Point>
      </Placemark>
      <Placemark><name>△ 순천313</name>
        <description><![CDATA[<b>삼각점</b><br>명칭: 순천313<br>P1 #17 원점에서 3448m<br>좌표: 34.901484°N, 127.263801°E<br><br><a href="https://map.naver.com/v5/search/34.9014844444435,127.2638005">📍 네이버 지도</a>]]></description>
        <styleUrl>#tri</styleUrl>
        <Point><coordinates>127.2638005,34.9014844444435,0</coordinates></Point>
      </Placemark>
      <Placemark><name>◎ U복내50</name>
        <description><![CDATA[<b>통합기준점</b><br>명칭: U복내50<br>P1 #17 원점에서 3694m<br>좌표: 34.878998°N, 127.231181°E<br><br><a href="https://map.naver.com/v5/search/34.8789982472212,127.231181427778">📍 네이버 지도</a>]]></description>
        <styleUrl>#uni</styleUrl>
        <Point><coordinates>127.231181427778,34.8789982472212,0</coordinates></Point>
      </Placemark>
      <Placemark><name>◎ U순천43</name>
        <description><![CDATA[<b>통합기준점</b><br>명칭: U순천43<br>P1 #17 원점에서 4080m<br>좌표: 34.875634°N, 127.314652°E<br><br><a href="https://map.naver.com/v5/search/34.8756335305546,127.314652338889">📍 네이버 지도</a>]]></description>
        <styleUrl>#uni</styleUrl>
        <Point><coordinates>127.314652338889,34.8756335305546,0</coordinates></Point>
      </Placemark>
      <Placemark><name>△ 순천448</name>
        <description><![CDATA[<b>삼각점</b><br>명칭: 순천448<br>P1 #17 원점에서 4317m<br>좌표: 34.833613°N, 127.256681°E<br><br><a href="https://map.naver.com/v5/search/34.833612999999,127.256680972222">📍 네이버 지도</a>]]></description>
        <styleUrl>#tri</styleUrl>
        <Point><coordinates>127.256680972222,34.833612999999,0</coordinates></Point>
      </Placemark>
      <Placemark><name>△ 순천23</name>
        <description><![CDATA[<b>삼각점</b><br>명칭: 순천23<br>P1 #17 원점에서 4394m<br>좌표: 34.900359°N, 127.302505°E<br><br><a href="https://map.naver.com/v5/search/34.9003593611101,127.302504694444">📍 네이버 지도</a>]]></description>
        <styleUrl>#tri</styleUrl>
        <Point><coordinates>127.302504694444,34.9003593611101,0</coordinates></Point>
      </Placemark>
      <Placemark><name>◎ U1030</name>
        <description><![CDATA[<b>통합기준점</b><br>명칭: U1030<br>P1 #17 원점에서 4650m<br>좌표: 34.912575°N, 127.275660°E<br><br><a href="https://map.naver.com/v5/search/34.9125750583324,127.275659636111">📍 네이버 지도</a>]]></description>
        <styleUrl>#uni</styleUrl>
        <Point><coordinates>127.275659636111,34.9125750583324,0</coordinates></Point>
      </Placemark>
      <Placemark><name>△ 순천441</name>
        <description><![CDATA[<b>삼각점</b><br>명칭: 순천441<br>P1 #17 원점에서 4651m<br>좌표: 34.881665°N, 127.319558°E<br><br><a href="https://map.naver.com/v5/search/34.8816647777768,127.319558027778">📍 네이버 지도</a>]]></description>
        <styleUrl>#tri</styleUrl>
        <Point><coordinates>127.319558027778,34.8816647777768,0</coordinates></Point>
      </Placemark>
    </Folder>
  </Folder>
  <Folder>
    <name>#18 (35.86°N 127.27°E) 국가58.8점</name>
    <description>서브격자 상위5개 / 근접 기준점19개</description>
    <Placemark><name>▶ P1 #18 중심</name>
      <description><![CDATA[P1 국가격자 후보지<br>점수: 58.8점<br>좌표: 35.86272°N, 127.26755°E<br>서브격자 후보: 5개 / 근접 기준점: 19개<br><br><a href="https://map.naver.com/v5/search/35.86272,127.26755">📍 네이버 지도</a>]]></description>
      <styleUrl>#center</styleUrl>
      <Point><coordinates>127.26755,35.86272,0</coordinates></Point>
    </Placemark>
    <Folder><name>📍 서브격자 후보 (5개)</name>
      <Placemark><name>#1 93.9점</name>
        <description><![CDATA[사이트 #18 / 서브격자 1위
종합점수: 93.9점
좌표: 35.817639°N, 127.267681°E

② 지형: 12.6 / 15점 (경사 4.84°)
③ 전력·철도: 14.1 / 15점
④ 인구이격: 15.0 / 15점
⑤ 모델기여: 10.0 / 10점
⑥ 암상: 4.7 / 5점
도로: 922m

네이버: https://map.naver.com/v5/search/35.817639,127.267681
카카오: https://map.kakao.com/link/map/P18-1,35.817639,127.267681]]></description>
        <styleUrl>#top1</styleUrl>
        <Point><coordinates>127.267681,35.817639,0</coordinates></Point>
      </Placemark>
      <Placemark><name>#2 91.7점</name>
        <description><![CDATA[사이트 #18 / 서브격자 2위
종합점수: 91.7점
좌표: 35.844688°N, 127.267603°E

② 지형: 12.4 / 15점 (경사 5.27°)
③ 전력·철도: 14.5 / 15점
④ 인구이격: 14.1 / 15점
⑤ 모델기여: 10.0 / 10점
⑥ 암상: 4.1 / 5점
도로: 60m

네이버: https://map.naver.com/v5/search/35.844688,127.267603
카카오: https://map.kakao.com/link/map/P18-2,35.844688,127.267603]]></description>
        <styleUrl>#top5</styleUrl>
        <Point><coordinates>127.267603,35.844688,0</coordinates></Point>
      </Placemark>
      <Placemark><name>#3 90.9점</name>
        <description><![CDATA[사이트 #18 / 서브격자 3위
종합점수: 90.9점
좌표: 35.880730°N, 127.256419°E

② 지형: 13.2 / 15점 (경사 3.63°)
③ 전력·철도: 14.4 / 15점
④ 인구이격: 14.8 / 15점
⑤ 모델기여: 8.0 / 10점
⑥ 암상: 4.2 / 5점
도로: 89m

네이버: https://map.naver.com/v5/search/35.88073,127.256419
카카오: https://map.kakao.com/link/map/P18-3,35.88073,127.256419]]></description>
        <styleUrl>#top5</styleUrl>
        <Point><coordinates>127.256419,35.88073,0</coordinates></Point>
      </Placemark>
      <Placemark><name>#4 90.8점</name>
        <description><![CDATA[사이트 #18 / 서브격자 4위
종합점수: 90.8점
좌표: 35.826696°N, 127.289797°E

② 지형: 10.3 / 15점 (경사 9.37°)
③ 전력·철도: 15.0 / 15점
④ 인구이격: 14.7 / 15점
⑤ 모델기여: 10.0 / 10점
⑥ 암상: 4.5 / 5점
도로: 194m

네이버: https://map.naver.com/v5/search/35.826696,127.289797
카카오: https://map.kakao.com/link/map/P18-4,35.826696,127.289797]]></description>
        <styleUrl>#top5</styleUrl>
        <Point><coordinates>127.289797,35.826696,0</coordinates></Point>
      </Placemark>
      <Placemark><name>#5 89.6점</name>
        <description><![CDATA[사이트 #18 / 서브격자 5위
종합점수: 89.6점
좌표: 35.844666°N, 127.256529°E

② 지형: 10.9 / 15점 (경사 8.21°)
③ 전력·철도: 14.1 / 15점
④ 인구이격: 14.7 / 15점
⑤ 모델기여: 10.0 / 10점
⑥ 암상: 4.0 / 5점
도로: 226m

네이버: https://map.naver.com/v5/search/35.844666,127.256529
카카오: https://map.kakao.com/link/map/P18-5,35.844666,127.256529]]></description>
        <styleUrl>#top5</styleUrl>
        <Point><coordinates>127.256529,35.844666,0</coordinates></Point>
      </Placemark>
    </Folder>
    <Folder><name>📐 근접 기준점 (19개)</name>
      <Placemark><name>△ 진안440</name>
        <description><![CDATA[<b>삼각점</b><br>명칭: 진안440<br>P1 #18 원점에서 1015m<br>좌표: 35.854291°N, 127.263174°E<br><br><a href="https://map.naver.com/v5/search/35.8542906944437,127.263174027778">📍 네이버 지도</a>]]></description>
        <styleUrl>#tri</styleUrl>
        <Point><coordinates>127.263174027778,35.8542906944437,0</coordinates></Point>
      </Placemark>
      <Placemark><name>△ 진안439</name>
        <description><![CDATA[<b>삼각점</b><br>명칭: 진안439<br>P1 #18 원점에서 1282m<br>좌표: 35.874262°N, 127.266784°E<br><br><a href="https://map.naver.com/v5/search/35.8742618888882,127.266784416667">📍 네이버 지도</a>]]></description>
        <styleUrl>#tri</styleUrl>
        <Point><coordinates>127.266784416667,35.8742618888882,0</coordinates></Point>
      </Placemark>
      <Placemark><name>◎ U진안51</name>
        <description><![CDATA[<b>통합기준점</b><br>명칭: U진안51<br>P1 #18 원점에서 1448m<br>좌표: 35.850312°N, 127.262558°E<br><br><a href="https://map.naver.com/v5/search/35.8503115944437,127.262558311111">📍 네이버 지도</a>]]></description>
        <styleUrl>#uni</styleUrl>
        <Point><coordinates>127.262558311111,35.8503115944437,0</coordinates></Point>
      </Placemark>
      <Placemark><name>△ 진안437</name>
        <description><![CDATA[<b>삼각점</b><br>명칭: 진안437<br>P1 #18 원점에서 1970m<br>좌표: 35.857130°N, 127.288256°E<br><br><a href="https://map.naver.com/v5/search/35.8571302222215,127.288255916667">📍 네이버 지도</a>]]></description>
        <styleUrl>#tri</styleUrl>
        <Point><coordinates>127.288255916667,35.8571302222215,0</coordinates></Point>
      </Placemark>
      <Placemark><name>△ 전주430</name>
        <description><![CDATA[<b>삼각점</b><br>명칭: 전주430<br>P1 #18 원점에서 2541m<br>좌표: 35.871085°N, 127.241342°E<br><br><a href="https://map.naver.com/v5/search/35.871084777777,127.241342416667">📍 네이버 지도</a>]]></description>
        <styleUrl>#tri</styleUrl>
        <Point><coordinates>127.241342416667,35.871084777777,0</coordinates></Point>
      </Placemark>
      <Placemark><name>△ 전주431</name>
        <description><![CDATA[<b>삼각점</b><br>명칭: 전주431<br>P1 #18 원점에서 2932m<br>좌표: 35.860374°N, 127.235202°E<br><br><a href="https://map.naver.com/v5/search/35.8603739999993,127.235201805556">📍 네이버 지도</a>]]></description>
        <styleUrl>#tri</styleUrl>
        <Point><coordinates>127.235201805556,35.8603739999993,0</coordinates></Point>
      </Placemark>
      <Placemark><name>△ 진안311</name>
        <description><![CDATA[<b>삼각점</b><br>명칭: 진안311<br>P1 #18 원점에서 3129m<br>좌표: 35.837692°N, 127.251554°E<br><br><a href="https://map.naver.com/v5/search/35.8376922499993,127.251554111111">📍 네이버 지도</a>]]></description>
        <styleUrl>#tri</styleUrl>
        <Point><coordinates>127.251554111111,35.8376922499993,0</coordinates></Point>
      </Placemark>
      <Placemark><name>◎ U0694</name>
        <description><![CDATA[<b>통합기준점</b><br>명칭: U0694<br>P1 #18 원점에서 3243m<br>좌표: 35.856979°N, 127.232327°E<br><br><a href="https://map.naver.com/v5/search/35.8569794972215,127.232326791667">📍 네이버 지도</a>]]></description>
        <styleUrl>#uni</styleUrl>
        <Point><coordinates>127.232326791667,35.8569794972215,0</coordinates></Point>
      </Placemark>
      <Placemark><name>△ 진안436</name>
        <description><![CDATA[<b>삼각점</b><br>명칭: 진안436<br>P1 #18 원점에서 3319m<br>좌표: 35.843850°N, 127.296078°E<br><br><a href="https://map.naver.com/v5/search/35.8438496388882,127.29607775">📍 네이버 지도</a>]]></description>
        <styleUrl>#tri</styleUrl>
        <Point><coordinates>127.29607775,35.8438496388882,0</coordinates></Point>
      </Placemark>
      <Placemark><name>△ 진안444</name>
        <description><![CDATA[<b>삼각점</b><br>명칭: 진안444<br>P1 #18 원점에서 3416m<br>좌표: 35.832758°N, 127.276315°E<br><br><a href="https://map.naver.com/v5/search/35.8327584166659,127.276315277778">📍 네이버 지도</a>]]></description>
        <styleUrl>#tri</styleUrl>
        <Point><coordinates>127.276315277778,35.8327584166659,0</coordinates></Point>
      </Placemark>
      <Placemark><name>△ 진안310</name>
        <description><![CDATA[<b>삼각점</b><br>명칭: 진안310<br>P1 #18 원점에서 3491m<br>좌표: 35.886202°N, 127.293294°E<br><br><a href="https://map.naver.com/v5/search/35.8862019444437,127.293293861111">📍 네이버 지도</a>]]></description>
        <styleUrl>#tri</styleUrl>
        <Point><coordinates>127.293293861111,35.8862019444437,0</coordinates></Point>
      </Placemark>
      <Placemark><name>△ 진안438</name>
        <description><![CDATA[<b>삼각점</b><br>명칭: 진안438<br>P1 #18 원점에서 3493m<br>좌표: 35.892371°N, 127.280604°E<br><br><a href="https://map.naver.com/v5/search/35.8923707777771,127.280603555556">📍 네이버 지도</a>]]></description>
        <styleUrl>#tri</styleUrl>
        <Point><coordinates>127.280603555556,35.8923707777771,0</coordinates></Point>
      </Placemark>
      <Placemark><name>△ 전주429</name>
        <description><![CDATA[<b>삼각점</b><br>명칭: 전주429<br>P1 #18 원점에서 4228m<br>좌표: 35.897565°N, 127.248548°E<br><br><a href="https://map.naver.com/v5/search/35.8975648611104,127.24854775">📍 네이버 지도</a>]]></description>
        <styleUrl>#tri</styleUrl>
        <Point><coordinates>127.24854775,35.8975648611104,0</coordinates></Point>
      </Placemark>
      <Placemark><name>◎ U진안43</name>
        <description><![CDATA[<b>통합기준점</b><br>명칭: U진안43<br>P1 #18 원점에서 4332m<br>좌표: 35.879678°N, 127.310772°E<br><br><a href="https://map.naver.com/v5/search/35.8796781805548,127.310772333333">📍 네이버 지도</a>]]></description>
        <styleUrl>#uni</styleUrl>
        <Point><coordinates>127.310772333333,35.8796781805548,0</coordinates></Point>
      </Placemark>
      <Placemark><name>△ 전주432</name>
        <description><![CDATA[<b>삼각점</b><br>명칭: 전주432<br>P1 #18 원점에서 4576m<br>좌표: 35.868425°N, 127.217349°E<br><br><a href="https://map.naver.com/v5/search/35.8684254722215,127.217349472222">📍 네이버 지도</a>]]></description>
        <styleUrl>#tri</styleUrl>
        <Point><coordinates>127.217349472222,35.8684254722215,0</coordinates></Point>
      </Placemark>
      <Placemark><name>△ 전주484</name>
        <description><![CDATA[<b>삼각점</b><br>명칭: 전주484<br>P1 #18 원점에서 4710m<br>좌표: 35.830098°N, 127.234155°E<br><br><a href="https://map.naver.com/v5/search/35.8300980555548,127.2341545">📍 네이버 지도</a>]]></description>
        <styleUrl>#tri</styleUrl>
        <Point><coordinates>127.2341545,35.8300980555548,0</coordinates></Point>
      </Placemark>
      <Placemark><name>△ 전주433</name>
        <description><![CDATA[<b>삼각점</b><br>명칭: 전주433<br>P1 #18 원점에서 4835m<br>좌표: 35.849085°N, 127.216688°E<br><br><a href="https://map.naver.com/v5/search/35.849085027777,127.216687722222">📍 네이버 지도</a>]]></description>
        <styleUrl>#tri</styleUrl>
        <Point><coordinates>127.216687722222,35.849085027777,0</coordinates></Point>
      </Placemark>
      <Placemark><name>△ 진안433</name>
        <description><![CDATA[<b>삼각점</b><br>명칭: 진안433<br>P1 #18 원점에서 4850m<br>좌표: 35.868131°N, 127.320858°E<br><br><a href="https://map.naver.com/v5/search/35.8681308611104,127.320858388889">📍 네이버 지도</a>]]></description>
        <styleUrl>#tri</styleUrl>
        <Point><coordinates>127.320858388889,35.8681308611104,0</coordinates></Point>
      </Placemark>
      <Placemark><name>◎ U전주40</name>
        <description><![CDATA[<b>통합기준점</b><br>명칭: U전주40<br>P1 #18 원점에서 4994m<br>좌표: 35.902308°N, 127.241194°E<br><br><a href="https://map.naver.com/v5/search/35.9023084333326,127.241193947222">📍 네이버 지도</a>]]></description>
        <styleUrl>#uni</styleUrl>
        <Point><coordinates>127.241193947222,35.9023084333326,0</coordinates></Point>
      </Placemark>
    </Folder>
  </Folder>
  <Folder>
    <name>#33 (35.32°N 127.60°E) 국가58.2점</name>
    <description>서브격자 상위5개 / 근접 기준점1개</description>
    <Placemark><name>▶ P1 #33 중심</name>
      <description><![CDATA[P1 국가격자 후보지<br>점수: 58.2점<br>좌표: 35.32191°N, 127.59917°E<br>서브격자 후보: 5개 / 근접 기준점: 1개<br><br><a href="https://map.naver.com/v5/search/35.32191,127.59917">📍 네이버 지도</a>]]></description>
      <styleUrl>#center</styleUrl>
      <Point><coordinates>127.59917,35.32191,0</coordinates></Point>
    </Placemark>
    <Folder><name>📍 서브격자 후보 (5개)</name>
      <Placemark><name>#1 87.7점</name>
        <description><![CDATA[사이트 #33 / 서브격자 1위
종합점수: 87.7점
좌표: 35.357958°N, 127.621228°E

② 지형: 9.4 / 15점 (경사 11.27°)
③ 전력·철도: 14.8 / 15점
④ 인구이격: 13.9 / 15점
⑤ 모델기여: 10.0 / 10점
⑥ 암상: 4.5 / 5점
도로: 672m

네이버: https://map.naver.com/v5/search/35.357958,127.621228
카카오: https://map.kakao.com/link/map/P33-1,35.357958,127.621228]]></description>
        <styleUrl>#top1</styleUrl>
        <Point><coordinates>127.621228,35.357958,0</coordinates></Point>
      </Placemark>
      <Placemark><name>#2 87.2점</name>
        <description><![CDATA[사이트 #33 / 서브격자 2위
종합점수: 87.2점
좌표: 35.339924°N, 127.621201°E

② 지형: 10.9 / 15점 (경사 8.23°)
③ 전력·철도: 14.6 / 15점
④ 인구이격: 14.1 / 15점
⑤ 모델기여: 8.0 / 10점
⑥ 암상: 4.8 / 5점
도로: 1789m

네이버: https://map.naver.com/v5/search/35.339924,127.621201
카카오: https://map.kakao.com/link/map/P33-2,35.339924,127.621201]]></description>
        <styleUrl>#top5</styleUrl>
        <Point><coordinates>127.621201,35.339924,0</coordinates></Point>
      </Placemark>
      <Placemark><name>#3 86.8점</name>
        <description><![CDATA[사이트 #33 / 서브격자 3위
종합점수: 86.8점
좌표: 35.303845°N, 127.632146°E

② 지형: 11.1 / 15점 (경사 7.89°)
③ 전력·철도: 13.6 / 15점
④ 인구이격: 14.4 / 15점
⑤ 모델기여: 8.0 / 10점
⑥ 암상: 5.0 / 5점
도로: 264m

네이버: https://map.naver.com/v5/search/35.303845,127.632146
카카오: https://map.kakao.com/link/map/P33-3,35.303845,127.632146]]></description>
        <styleUrl>#top5</styleUrl>
        <Point><coordinates>127.632146,35.303845,0</coordinates></Point>
      </Placemark>
      <Placemark><name>#4 85.0점</name>
        <description><![CDATA[사이트 #33 / 서브격자 4위
종합점수: 85.0점
좌표: 35.357968°N, 127.610221°E

② 지형: 10.1 / 15점 (경사 9.87°)
③ 전력·철도: 14.8 / 15점
④ 인구이격: 12.3 / 15점
⑤ 모델기여: 10.0 / 10점
⑥ 암상: 3.8 / 5점
도로: 1385m

네이버: https://map.naver.com/v5/search/35.357968,127.610221
카카오: https://map.kakao.com/link/map/P33-4,35.357968,127.610221]]></description>
        <styleUrl>#top5</styleUrl>
        <Point><coordinates>127.610221,35.357968,0</coordinates></Point>
      </Placemark>
      <Placemark><name>#5 84.9점</name>
        <description><![CDATA[사이트 #33 / 서브격자 5위
종합점수: 84.9점
좌표: 35.303832°N, 127.643146°E

② 지형: 11.1 / 15점 (경사 7.8°)
③ 전력·철도: 13.3 / 15점
④ 인구이격: 13.8 / 15점
⑤ 모델기여: 8.0 / 10점
⑥ 암상: 4.7 / 5점
도로: 756m

네이버: https://map.naver.com/v5/search/35.303832,127.643146
카카오: https://map.kakao.com/link/map/P33-5,35.303832,127.643146]]></description>
        <styleUrl>#top5</styleUrl>
        <Point><coordinates>127.643146,35.303832,0</coordinates></Point>
      </Placemark>
    </Folder>
    <Folder><name>📐 근접 기준점 (1개)</name>
      <Placemark><name>△ 운봉26</name>
        <description><![CDATA[<b>삼각점</b><br>명칭: 운봉26<br>P1 #33 원점에서 1412m<br>좌표: 35.328114°N, 127.612738°E<br><br><a href="https://map.naver.com/v5/search/35.3281138055547,127.612738333333">📍 네이버 지도</a>]]></description>
        <styleUrl>#tri</styleUrl>
        <Point><coordinates>127.612738333333,35.3281138055547,0</coordinates></Point>
      </Placemark>
    </Folder>
  </Folder>
  <Folder>
    <name>#35 (35.59°N 127.60°E) 국가58.4점</name>
    <description>서브격자 상위5개 / 근접 기준점8개</description>
    <Placemark><name>▶ P1 #35 중심</name>
      <description><![CDATA[P1 국가격자 후보지<br>점수: 58.4점<br>좌표: 35.59241°N, 127.5995°E<br>서브격자 후보: 5개 / 근접 기준점: 8개<br><br><a href="https://map.naver.com/v5/search/35.59241,127.5995">📍 네이버 지도</a>]]></description>
      <styleUrl>#center</styleUrl>
      <Point><coordinates>127.5995,35.59241,0</coordinates></Point>
    </Placemark>
    <Folder><name>📍 서브격자 후보 (5개)</name>
      <Placemark><name>#1 90.7점</name>
        <description><![CDATA[사이트 #35 / 서브격자 1위
종합점수: 90.7점
좌표: 35.583362°N, 127.632602°E

② 지형: 13.6 / 15점 (경사 2.9°)
③ 전력·철도: 14.8 / 15점
④ 인구이격: 13.3 / 15점
⑤ 모델기여: 8.0 / 10점
⑥ 암상: 4.8 / 5점
도로: 62m

네이버: https://map.naver.com/v5/search/35.583362,127.632602
카카오: https://map.kakao.com/link/map/P35-1,35.583362,127.632602]]></description>
        <styleUrl>#top1</styleUrl>
        <Point><coordinates>127.632602,35.583362,0</coordinates></Point>
      </Placemark>
      <Placemark><name>#2 90.5점</name>
        <description><![CDATA[사이트 #35 / 서브격자 2위
종합점수: 90.5점
좌표: 35.619428°N, 127.632661°E

② 지형: 12.0 / 15점 (경사 6.01°)
③ 전력·철도: 15.0 / 15점
④ 인구이격: 14.4 / 15점
⑤ 모델기여: 8.0 / 10점
⑥ 암상: 5.0 / 5점
도로: 1661m

네이버: https://map.naver.com/v5/search/35.619428,127.632661
카카오: https://map.kakao.com/link/map/P35-2,35.619428,127.632661]]></description>
        <styleUrl>#top5</styleUrl>
        <Point><coordinates>127.632661,35.619428,0</coordinates></Point>
      </Placemark>
      <Placemark><name>#3 89.4점</name>
        <description><![CDATA[사이트 #35 / 서브격자 3위
종합점수: 89.4점
좌표: 35.556344°N, 127.599455°E

② 지형: 12.0 / 15점 (경사 6.06°)
③ 전력·철도: 14.3 / 15점
④ 인구이격: 13.0 / 15점
⑤ 모델기여: 10.0 / 10점
⑥ 암상: 4.4 / 5점
도로: 103m

네이버: https://map.naver.com/v5/search/35.556344,127.599455
카카오: https://map.kakao.com/link/map/P35-3,35.556344,127.599455]]></description>
        <styleUrl>#top5</styleUrl>
        <Point><coordinates>127.599455,35.556344,0</coordinates></Point>
      </Placemark>
      <Placemark><name>#4 88.7점</name>
        <description><![CDATA[사이트 #35 / 서브격자 4위
종합점수: 88.7점
좌표: 35.565340°N, 127.621537°E

② 지형: 13.2 / 15점 (경사 3.63°)
③ 전력·철도: 14.6 / 15점
④ 인구이격: 12.8 / 15점
⑤ 모델기여: 8.0 / 10점
⑥ 암상: 4.6 / 5점
도로: 267m

네이버: https://map.naver.com/v5/search/35.56534,127.621537
카카오: https://map.kakao.com/link/map/P35-4,35.56534,127.621537]]></description>
        <styleUrl>#top5</styleUrl>
        <Point><coordinates>127.621537,35.56534,0</coordinates></Point>
      </Placemark>
      <Placemark><name>#5 88.1점</name>
        <description><![CDATA[사이트 #35 / 서브격자 5위
종합점수: 88.1점
좌표: 35.583402°N, 127.588451°E

② 지형: 11.5 / 15점 (경사 7.07°)
③ 전력·철도: 14.4 / 15점
④ 인구이격: 14.4 / 15점
⑤ 모델기여: 8.0 / 10점
⑥ 암상: 4.6 / 5점
도로: 363m

네이버: https://map.naver.com/v5/search/35.583402,127.588451
카카오: https://map.kakao.com/link/map/P35-5,35.583402,127.588451]]></description>
        <styleUrl>#top5</styleUrl>
        <Point><coordinates>127.588451,35.583402,0</coordinates></Point>
      </Placemark>
    </Folder>
    <Folder><name>📐 근접 기준점 (8개)</name>
      <Placemark><name>△ 함양315</name>
        <description><![CDATA[<b>삼각점</b><br>명칭: 함양315<br>P1 #35 원점에서 1515m<br>좌표: 35.583553°N, 127.612229°E<br><br><a href="https://map.naver.com/v5/search/35.5835530833325,127.612229222222">📍 네이버 지도</a>]]></description>
        <styleUrl>#tri</styleUrl>
        <Point><coordinates>127.612229222222,35.5835530833325,0</coordinates></Point>
      </Placemark>
      <Placemark><name>△ 함양440</name>
        <description><![CDATA[<b>삼각점</b><br>명칭: 함양440<br>P1 #35 원점에서 1838m<br>좌표: 35.591108°N, 127.579270°E<br><br><a href="https://map.naver.com/v5/search/35.5911082499992,127.579270472222">📍 네이버 지도</a>]]></description>
        <styleUrl>#tri</styleUrl>
        <Point><coordinates>127.579270472222,35.5911082499992,0</coordinates></Point>
      </Placemark>
      <Placemark><name>◎ U함양63</name>
        <description><![CDATA[<b>통합기준점</b><br>명칭: U함양63<br>P1 #35 원점에서 2937m<br>좌표: 35.578920°N, 127.571609°E<br><br><a href="https://map.naver.com/v5/search/35.5789204444436,127.571608586111">📍 네이버 지도</a>]]></description>
        <styleUrl>#uni</styleUrl>
        <Point><coordinates>127.571608586111,35.5789204444436,0</coordinates></Point>
      </Placemark>
      <Placemark><name>◎ U0791</name>
        <description><![CDATA[<b>통합기준점</b><br>명칭: U0791<br>P1 #35 원점에서 3473m<br>좌표: 35.588408°N, 127.637520°E<br><br><a href="https://map.naver.com/v5/search/35.5884083749992,127.637519741667">📍 네이버 지도</a>]]></description>
        <styleUrl>#uni</styleUrl>
        <Point><coordinates>127.637519741667,35.5884083749992,0</coordinates></Point>
      </Placemark>
      <Placemark><name>◎ U함양45</name>
        <description><![CDATA[<b>통합기준점</b><br>명칭: U함양45<br>P1 #35 원점에서 4013m<br>좌표: 35.626484°N, 127.614418°E<br><br><a href="https://map.naver.com/v5/search/35.626483702777,127.614417727778">📍 네이버 지도</a>]]></description>
        <styleUrl>#uni</styleUrl>
        <Point><coordinates>127.614417727778,35.626483702777,0</coordinates></Point>
      </Placemark>
      <Placemark><name>△ 함양11</name>
        <description><![CDATA[<b>삼각점</b><br>명칭: 함양11<br>P1 #35 원점에서 4102m<br>좌표: 35.629213°N, 127.595046°E<br><br><a href="https://map.naver.com/v5/search/35.6292127222214,127.595045972222">📍 네이버 지도</a>]]></description>
        <styleUrl>#tri</styleUrl>
        <Point><coordinates>127.595045972222,35.6292127222214,0</coordinates></Point>
      </Placemark>
      <Placemark><name>△ 함양454</name>
        <description><![CDATA[<b>삼각점</b><br>명칭: 함양454<br>P1 #35 원점에서 4239m<br>좌표: 35.559855°N, 127.624009°E<br><br><a href="https://map.naver.com/v5/search/35.5598549722214,127.624008555556">📍 네이버 지도</a>]]></description>
        <styleUrl>#tri</styleUrl>
        <Point><coordinates>127.624008555556,35.5598549722214,0</coordinates></Point>
      </Placemark>
      <Placemark><name>△ 함양308</name>
        <description><![CDATA[<b>삼각점</b><br>명칭: 함양308<br>P1 #35 원점에서 4353m<br>좌표: 35.618515°N, 127.635393°E<br><br><a href="https://map.naver.com/v5/search/35.6185152499992,127.635393388889">📍 네이버 지도</a>]]></description>
        <styleUrl>#tri</styleUrl>
        <Point><coordinates>127.635393388889,35.6185152499992,0</coordinates></Point>
      </Placemark>
    </Folder>
  </Folder>
  <Folder>
    <name>#38 (36.13°N 127.60°E) 국가58.6점</name>
    <description>서브격자 상위5개 / 근접 기준점18개</description>
    <Placemark><name>▶ P1 #38 중심</name>
      <description><![CDATA[P1 국가격자 후보지<br>점수: 58.6점<br>좌표: 36.13338°N, 127.60018°E<br>서브격자 후보: 5개 / 근접 기준점: 18개<br><br><a href="https://map.naver.com/v5/search/36.13338,127.60018">📍 네이버 지도</a>]]></description>
      <styleUrl>#center</styleUrl>
      <Point><coordinates>127.60018,36.13338,0</coordinates></Point>
    </Placemark>
    <Folder><name>📍 서브격자 후보 (5개)</name>
      <Placemark><name>#1 86.7점</name>
        <description><![CDATA[사이트 #38 / 서브격자 1위
종합점수: 86.7점
좌표: 36.115303°N, 127.644603°E

② 지형: 12.3 / 15점 (경사 5.46°)
③ 전력·철도: 15.0 / 15점
④ 인구이격: 14.3 / 15점
⑤ 모델기여: 8.0 / 10점
⑥ 암상: 2.5 / 5점
도로: 177m

네이버: https://map.naver.com/v5/search/36.115303,127.644603
카카오: https://map.kakao.com/link/map/P38-1,36.115303,127.644603]]></description>
        <styleUrl>#top1</styleUrl>
        <Point><coordinates>127.644603,36.115303,0</coordinates></Point>
      </Placemark>
      <Placemark><name>#2 86.2점</name>
        <description><![CDATA[사이트 #38 / 서브격자 2위
종합점수: 86.2점
좌표: 36.115339°N, 127.611269°E

② 지형: 11.6 / 15점 (경사 6.73°)
③ 전력·철도: 14.6 / 15점
④ 인구이격: 15.0 / 15점
⑤ 모델기여: 8.0 / 10점
⑥ 암상: 2.5 / 5점
도로: 1113m

네이버: https://map.naver.com/v5/search/36.115339,127.611269
카카오: https://map.kakao.com/link/map/P38-2,36.115339,127.611269]]></description>
        <styleUrl>#top5</styleUrl>
        <Point><coordinates>127.611269,36.115339,0</coordinates></Point>
      </Placemark>
      <Placemark><name>#3 86.1점</name>
        <description><![CDATA[사이트 #38 / 서브격자 3위
종합점수: 86.1점
좌표: 36.142412°N, 127.577961°E

② 지형: 13.4 / 15점 (경사 3.14°)
③ 전력·철도: 13.9 / 15점
④ 인구이격: 13.9 / 15점
⑤ 모델기여: 8.0 / 10점
⑥ 암상: 2.5 / 5점
도로: 306m

네이버: https://map.naver.com/v5/search/36.142412,127.577961
카카오: https://map.kakao.com/link/map/P38-3,36.142412,127.577961]]></description>
        <styleUrl>#top5</styleUrl>
        <Point><coordinates>127.577961,36.142412,0</coordinates></Point>
      </Placemark>
      <Placemark><name>#4 86.1점</name>
        <description><![CDATA[사이트 #38 / 서브격자 4위
종합점수: 86.1점
좌표: 36.133321°N, 127.655750°E

② 지형: 13.9 / 15점 (경사 2.14°)
③ 전력·철도: 14.7 / 15점
④ 인구이격: 12.6 / 15점
⑤ 모델기여: 8.0 / 10점
⑥ 암상: 2.5 / 5점
도로: 74m

네이버: https://map.naver.com/v5/search/36.133321,127.65575
카카오: https://map.kakao.com/link/map/P38-4,36.133321,127.65575]]></description>
        <styleUrl>#top5</styleUrl>
        <Point><coordinates>127.65575,36.133321,0</coordinates></Point>
      </Placemark>
      <Placemark><name>#5 85.7점</name>
        <description><![CDATA[사이트 #38 / 서브격자 5위
종합점수: 85.7점
좌표: 36.151402°N, 127.611320°E

② 지형: 12.0 / 15점 (경사 5.98°)
③ 전력·철도: 14.6 / 15점
④ 인구이격: 14.3 / 15점
⑤ 모델기여: 8.0 / 10점
⑥ 암상: 2.5 / 5점
도로: 919m

네이버: https://map.naver.com/v5/search/36.151402,127.61132
카카오: https://map.kakao.com/link/map/P38-5,36.151402,127.61132]]></description>
        <styleUrl>#top5</styleUrl>
        <Point><coordinates>127.61132,36.151402,0</coordinates></Point>
      </Placemark>
    </Folder>
    <Folder><name>📐 근접 기준점 (18개)</name>
      <Placemark><name>△ 이원440</name>
        <description><![CDATA[<b>삼각점</b><br>명칭: 이원440<br>P1 #38 원점에서 476m<br>좌표: 36.137070°N, 127.597488°E<br><br><a href="https://map.naver.com/v5/search/36.1370699999994,127.597487722222">📍 네이버 지도</a>]]></description>
        <styleUrl>#tri</styleUrl>
        <Point><coordinates>127.597487722222,36.1370699999994,0</coordinates></Point>
      </Placemark>
      <Placemark><name>△ 이원307</name>
        <description><![CDATA[<b>삼각점</b><br>명칭: 이원307<br>P1 #38 원점에서 1797m<br>좌표: 36.118728°N, 127.608700°E<br><br><a href="https://map.naver.com/v5/search/36.1187278611105,127.608699805556">📍 네이버 지도</a>]]></description>
        <styleUrl>#tri</styleUrl>
        <Point><coordinates>127.608699805556,36.1187278611105,0</coordinates></Point>
      </Placemark>
      <Placemark><name>△ 이원442</name>
        <description><![CDATA[<b>삼각점</b><br>명칭: 이원442<br>P1 #38 원점에서 1963m<br>좌표: 36.129534°N, 127.578882°E<br><br><a href="https://map.naver.com/v5/search/36.1295337777771,127.578881944444">📍 네이버 지도</a>]]></description>
        <styleUrl>#tri</styleUrl>
        <Point><coordinates>127.578881944444,36.1295337777771,0</coordinates></Point>
      </Placemark>
      <Placemark><name>△ 이원437</name>
        <description><![CDATA[<b>삼각점</b><br>명칭: 이원437<br>P1 #38 원점에서 2044m<br>좌표: 36.132556°N, 127.622875°E<br><br><a href="https://map.naver.com/v5/search/36.1325557222216,127.622875277778">📍 네이버 지도</a>]]></description>
        <styleUrl>#tri</styleUrl>
        <Point><coordinates>127.622875277778,36.1325557222216,0</coordinates></Point>
      </Placemark>
      <Placemark><name>◎ U이원54</name>
        <description><![CDATA[<b>통합기준점</b><br>명칭: U이원54<br>P1 #38 원점에서 2078m<br>좌표: 36.114898°N, 127.596380°E<br><br><a href="https://map.naver.com/v5/search/36.1148981972216,127.596379736111">📍 네이버 지도</a>]]></description>
        <styleUrl>#uni</styleUrl>
        <Point><coordinates>127.596379736111,36.1148981972216,0</coordinates></Point>
      </Placemark>
      <Placemark><name>△ 이원441</name>
        <description><![CDATA[<b>삼각점</b><br>명칭: 이원441<br>P1 #38 원점에서 2672m<br>좌표: 36.109614°N, 127.595318°E<br><br><a href="https://map.naver.com/v5/search/36.1096141111105,127.595318194444">📍 네이버 지도</a>]]></description>
        <styleUrl>#tri</styleUrl>
        <Point><coordinates>127.595318194444,36.1096141111105,0</coordinates></Point>
      </Placemark>
      <Placemark><name>△ 이원308</name>
        <description><![CDATA[<b>삼각점</b><br>명칭: 이원308<br>P1 #38 원점에서 2861m<br>좌표: 36.159170°N, 127.600100°E<br><br><a href="https://map.naver.com/v5/search/36.1591695555549,127.600099972222">📍 네이버 지도</a>]]></description>
        <styleUrl>#tri</styleUrl>
        <Point><coordinates>127.600099972222,36.1591695555549,0</coordinates></Point>
      </Placemark>
      <Placemark><name>△ 이원443</name>
        <description><![CDATA[<b>삼각점</b><br>명칭: 이원443<br>P1 #38 원점에서 2907m<br>좌표: 36.120605°N, 127.571973°E<br><br><a href="https://map.naver.com/v5/search/36.1206047777771,127.571973138889">📍 네이버 지도</a>]]></description>
        <styleUrl>#tri</styleUrl>
        <Point><coordinates>127.571973138889,36.1206047777771,0</coordinates></Point>
      </Placemark>
      <Placemark><name>△ 이원444</name>
        <description><![CDATA[<b>삼각점</b><br>명칭: 이원444<br>P1 #38 원점에서 3903m<br>좌표: 36.160011°N, 127.571830°E<br><br><a href="https://map.naver.com/v5/search/36.1600111111105,127.571829805556">📍 네이버 지도</a>]]></description>
        <styleUrl>#tri</styleUrl>
        <Point><coordinates>127.571829805556,36.1600111111105,0</coordinates></Point>
      </Placemark>
      <Placemark><name>◎ U이원53</name>
        <description><![CDATA[<b>통합기준점</b><br>명칭: U이원53<br>P1 #38 원점에서 4030m<br>좌표: 36.109546°N, 127.566379°E<br><br><a href="https://map.naver.com/v5/search/36.1095458388882,127.566379388889">📍 네이버 지도</a>]]></description>
        <styleUrl>#uni</styleUrl>
        <Point><coordinates>127.566379388889,36.1095458388882,0</coordinates></Point>
      </Placemark>
      <Placemark><name>◎ U이원36</name>
        <description><![CDATA[<b>통합기준점</b><br>명칭: U이원36<br>P1 #38 원점에서 4124m<br>좌표: 36.158696°N, 127.633750°E<br><br><a href="https://map.naver.com/v5/search/36.1586959638882,127.633749919444">📍 네이버 지도</a>]]></description>
        <styleUrl>#uni</styleUrl>
        <Point><coordinates>127.633749919444,36.1586959638882,0</coordinates></Point>
      </Placemark>
      <Placemark><name>△ 이원445</name>
        <description><![CDATA[<b>삼각점</b><br>명칭: 이원445<br>P1 #38 원점에서 4199m<br>좌표: 36.140557°N, 127.554359°E<br><br><a href="https://map.naver.com/v5/search/36.1405573888882,127.554359166667">📍 네이버 지도</a>]]></description>
        <styleUrl>#tri</styleUrl>
        <Point><coordinates>127.554359166667,36.1405573888882,0</coordinates></Point>
      </Placemark>
      <Placemark><name>◎ U이원46</name>
        <description><![CDATA[<b>통합기준점</b><br>명칭: U이원46<br>P1 #38 원점에서 4352m<br>좌표: 36.130457°N, 127.648415°E<br><br><a href="https://map.naver.com/v5/search/36.1304573249994,127.648414588889">📍 네이버 지도</a>]]></description>
        <styleUrl>#uni</styleUrl>
        <Point><coordinates>127.648414588889,36.1304573249994,0</coordinates></Point>
      </Placemark>
      <Placemark><name>△ 이원439</name>
        <description><![CDATA[<b>삼각점</b><br>명칭: 이원439<br>P1 #38 원점에서 4573m<br>좌표: 36.092152°N, 127.599834°E<br><br><a href="https://map.naver.com/v5/search/36.0921516944438,127.599833555556">📍 네이버 지도</a>]]></description>
        <styleUrl>#tri</styleUrl>
        <Point><coordinates>127.599833555556,36.0921516944438,0</coordinates></Point>
      </Placemark>
      <Placemark><name>△ 이원436</name>
        <description><![CDATA[<b>삼각점</b><br>명칭: 이원436<br>P1 #38 원점에서 4643m<br>좌표: 36.103028°N, 127.635710°E<br><br><a href="https://map.naver.com/v5/search/36.1030278055549,127.635710166667">📍 네이버 지도</a>]]></description>
        <styleUrl>#tri</styleUrl>
        <Point><coordinates>127.635710166667,36.1030278055549,0</coordinates></Point>
      </Placemark>
      <Placemark><name>△ 이원306</name>
        <description><![CDATA[<b>삼각점</b><br>명칭: 이원306<br>P1 #38 원점에서 4681m<br>좌표: 36.121633°N, 127.650141°E<br><br><a href="https://map.naver.com/v5/search/36.1216333888882,127.650140916667">📍 네이버 지도</a>]]></description>
        <styleUrl>#tri</styleUrl>
        <Point><coordinates>127.650140916667,36.1216333888882,0</coordinates></Point>
      </Placemark>
      <Placemark><name>△ 이원435</name>
        <description><![CDATA[<b>삼각점</b><br>명칭: 이원435<br>P1 #38 원점에서 4742m<br>좌표: 36.157215°N, 127.643934°E<br><br><a href="https://map.naver.com/v5/search/36.157215166666,127.643934361111">📍 네이버 지도</a>]]></description>
        <styleUrl>#tri</styleUrl>
        <Point><coordinates>127.643934361111,36.157215166666,0</coordinates></Point>
      </Placemark>
      <Placemark><name>△ 이원24</name>
        <description><![CDATA[<b>삼각점</b><br>명칭: 이원24<br>P1 #38 원점에서 4917m<br>좌표: 36.103248°N, 127.560109°E<br><br><a href="https://map.naver.com/v5/search/36.103248166666,127.560108722222">📍 네이버 지도</a>]]></description>
        <styleUrl>#tri</styleUrl>
        <Point><coordinates>127.560108722222,36.103248166666,0</coordinates></Point>
      </Placemark>
    </Folder>
  </Folder>
  <Folder>
    <name>#46 (35.32°N 127.71°E) 국가58.0점</name>
    <description>서브격자 상위5개 / 근접 기준점0개</description>
    <Placemark><name>▶ P1 #46 중심</name>
      <description><![CDATA[P1 국가격자 후보지<br>점수: 58.0점<br>좌표: 35.32177°N, 127.70919°E<br>서브격자 후보: 5개 / 근접 기준점: 0개<br><br><a href="https://map.naver.com/v5/search/35.32177,127.70919">📍 네이버 지도</a>]]></description>
      <styleUrl>#center</styleUrl>
      <Point><coordinates>127.70919,35.32177,0</coordinates></Point>
    </Placemark>
    <Folder><name>📍 서브격자 후보 (5개)</name>
      <Placemark><name>#1 88.0점</name>
        <description><![CDATA[사이트 #46 / 서브격자 1위
종합점수: 88.0점
좌표: 35.294719°N, 127.709120°E

② 지형: 11.3 / 15점 (경사 7.38°)
③ 전력·철도: 14.6 / 15점
④ 인구이격: 14.3 / 15점
⑤ 모델기여: 8.0 / 10점
⑥ 암상: 4.6 / 5점
도로: 1475m

네이버: https://map.naver.com/v5/search/35.294719,127.70912
카카오: https://map.kakao.com/link/map/P46-1,35.294719,127.70912]]></description>
        <styleUrl>#top1</styleUrl>
        <Point><coordinates>127.70912,35.294719,0</coordinates></Point>
      </Placemark>
      <Placemark><name>#2 87.6점</name>
        <description><![CDATA[사이트 #46 / 서브격자 2위
종합점수: 87.6점
좌표: 35.321662°N, 127.764199°E

② 지형: 9.9 / 15점 (경사 10.26°)
③ 전력·철도: 14.7 / 15점
④ 인구이격: 15.0 / 15점
⑤ 모델기여: 8.0 / 10점
⑥ 암상: 5.0 / 5점
도로: 688m

네이버: https://map.naver.com/v5/search/35.321662,127.764199
카카오: https://map.kakao.com/link/map/P46-2,35.321662,127.764199]]></description>
        <styleUrl>#top5</styleUrl>
        <Point><coordinates>127.764199,35.321662,0</coordinates></Point>
      </Placemark>
      <Placemark><name>#3 86.7점</name>
        <description><![CDATA[사이트 #46 / 서브격자 3위
종합점수: 86.7점
좌표: 35.294658°N, 127.742115°E

② 지형: 12.0 / 15점 (경사 6.1°)
③ 전력·철도: 14.4 / 15점
④ 인구이격: 12.7 / 15점
⑤ 모델기여: 8.0 / 10점
⑥ 암상: 5.0 / 5점
도로: 650m

네이버: https://map.naver.com/v5/search/35.294658,127.742115
카카오: https://map.kakao.com/link/map/P46-3,35.294658,127.742115]]></description>
        <styleUrl>#top5</styleUrl>
        <Point><coordinates>127.742115,35.294658,0</coordinates></Point>
      </Placemark>
      <Placemark><name>#4 86.4점</name>
        <description><![CDATA[사이트 #46 / 서브격자 4위
종합점수: 86.4점
좌표: 35.294679°N, 127.731117°E

② 지형: 10.7 / 15점 (경사 8.67°)
③ 전력·철도: 14.5 / 15점
④ 인구이격: 13.8 / 15점
⑤ 모델기여: 8.0 / 10점
⑥ 암상: 4.9 / 5점
도로: 1217m

네이버: https://map.naver.com/v5/search/35.294679,127.731117
카카오: https://map.kakao.com/link/map/P46-4,35.294679,127.731117]]></description>
        <styleUrl>#top5</styleUrl>
        <Point><coordinates>127.731117,35.294679,0</coordinates></Point>
      </Placemark>
      <Placemark><name>#5 86.2점</name>
        <description><![CDATA[사이트 #46 / 서브격자 5위
종합점수: 86.2점
좌표: 35.330703°N, 127.753226°E

② 지형: 9.0 / 15점 (경사 11.94°)
③ 전력·철도: 14.9 / 15점
④ 인구이격: 15.0 / 15점
⑤ 모델기여: 8.0 / 10점
⑥ 암상: 4.8 / 5점
도로: 1211m

네이버: https://map.naver.com/v5/search/35.330703,127.753226
카카오: https://map.kakao.com/link/map/P46-5,35.330703,127.753226]]></description>
        <styleUrl>#top5</styleUrl>
        <Point><coordinates>127.753226,35.330703,0</coordinates></Point>
      </Placemark>
    </Folder>
  </Folder>
  <Folder>
    <name>#57 (35.95°N 127.82°E) 국가58.6점</name>
    <description>서브격자 상위5개 / 근접 기준점11개</description>
    <Placemark><name>▶ P1 #57 중심</name>
      <description><![CDATA[P1 국가격자 후보지<br>점수: 58.6점<br>좌표: 35.95267°N, 127.82173°E<br>서브격자 후보: 5개 / 근접 기준점: 11개<br><br><a href="https://map.naver.com/v5/search/35.95267,127.82173">📍 네이버 지도</a>]]></description>
      <styleUrl>#center</styleUrl>
      <Point><coordinates>127.82173,35.95267,0</coordinates></Point>
    </Placemark>
    <Folder><name>📍 서브격자 후보 (5개)</name>
      <Placemark><name>#1 91.2점</name>
        <description><![CDATA[사이트 #57 / 서브격자 1위
종합점수: 91.2점
좌표: 35.916691°N, 127.788333°E

② 지형: 12.4 / 15점 (경사 5.19°)
③ 전력·철도: 15.0 / 15점
④ 인구이격: 14.8 / 15점
⑤ 모델기여: 10.0 / 10점
⑥ 암상: 2.5 / 5점
도로: 1029m

네이버: https://map.naver.com/v5/search/35.916691,127.788333
카카오: https://map.kakao.com/link/map/P57-1,35.916691,127.788333]]></description>
        <styleUrl>#top1</styleUrl>
        <Point><coordinates>127.788333,35.916691,0</coordinates></Point>
      </Placemark>
      <Placemark><name>#2 89.7점</name>
        <description><![CDATA[사이트 #57 / 서브격자 2위
종합점수: 89.7점
좌표: 35.925680°N, 127.799451°E

② 지형: 12.1 / 15점 (경사 5.88°)
③ 전력·철도: 15.0 / 15점
④ 인구이격: 14.2 / 15점
⑤ 모델기여: 10.0 / 10점
⑥ 암상: 2.5 / 5점
도로: 1637m

네이버: https://map.naver.com/v5/search/35.92568,127.799451
카카오: https://map.kakao.com/link/map/P57-2,35.92568,127.799451]]></description>
        <styleUrl>#top5</styleUrl>
        <Point><coordinates>127.799451,35.92568,0</coordinates></Point>
      </Placemark>
      <Placemark><name>#3 88.4점</name>
        <description><![CDATA[사이트 #57 / 서브격자 3위
종합점수: 88.4점
좌표: 35.988672°N, 127.844064°E

② 지형: 12.0 / 15점 (경사 5.98°)
③ 전력·철도: 15.0 / 15점
④ 인구이격: 13.5 / 15점
⑤ 모델기여: 10.0 / 10점
⑥ 암상: 2.5 / 5점
도로: 310m

네이버: https://map.naver.com/v5/search/35.988672,127.844064
카카오: https://map.kakao.com/link/map/P57-3,35.988672,127.844064]]></description>
        <styleUrl>#top5</styleUrl>
        <Point><coordinates>127.844064,35.988672,0</coordinates></Point>
      </Placemark>
      <Placemark><name>#4 87.8점</name>
        <description><![CDATA[사이트 #57 / 서브격자 4위
종합점수: 87.8점
좌표: 35.970731°N, 127.810712°E

② 지형: 11.9 / 15점 (경사 6.11°)
③ 전력·철도: 15.0 / 15점
④ 인구이격: 13.2 / 15점
⑤ 모델기여: 10.0 / 10점
⑥ 암상: 2.5 / 5점
도로: 1087m

네이버: https://map.naver.com/v5/search/35.970731,127.810712
카카오: https://map.kakao.com/link/map/P57-4,35.970731,127.810712]]></description>
        <styleUrl>#top5</styleUrl>
        <Point><coordinates>127.810712,35.970731,0</coordinates></Point>
      </Placemark>
      <Placemark><name>#5 87.3점</name>
        <description><![CDATA[사이트 #57 / 서브격자 5위
종합점수: 87.3점
좌표: 35.943712°N, 127.799519°E

② 지형: 10.7 / 15점 (경사 8.57°)
③ 전력·철도: 15.0 / 15점
④ 인구이격: 14.1 / 15점
⑤ 모델기여: 10.0 / 10점
⑥ 암상: 2.5 / 5점
도로: 21m

네이버: https://map.naver.com/v5/search/35.943712,127.799519
카카오: https://map.kakao.com/link/map/P57-5,35.943712,127.799519]]></description>
        <styleUrl>#top5</styleUrl>
        <Point><coordinates>127.799519,35.943712,0</coordinates></Point>
      </Placemark>
    </Folder>
    <Folder><name>📐 근접 기준점 (11개)</name>
      <Placemark><name>△ 무풍408</name>
        <description><![CDATA[<b>삼각점</b><br>명칭: 무풍408<br>P1 #57 원점에서 1503m<br>좌표: 35.949891°N, 127.838044°E<br><br><a href="https://map.naver.com/v5/search/35.9498911111104,127.838043722222">📍 네이버 지도</a>]]></description>
        <styleUrl>#tri</styleUrl>
        <Point><coordinates>127.838043722222,35.9498911111104,0</coordinates></Point>
      </Placemark>
      <Placemark><name>△ 무풍302</name>
        <description><![CDATA[<b>삼각점</b><br>명칭: 무풍302<br>P1 #57 원점에서 2729m<br>좌표: 35.974031°N, 127.806715°E<br><br><a href="https://map.naver.com/v5/search/35.9740311944437,127.806714722222">📍 네이버 지도</a>]]></description>
        <styleUrl>#tri</styleUrl>
        <Point><coordinates>127.806714722222,35.9740311944437,0</coordinates></Point>
      </Placemark>
      <Placemark><name>△ 무풍407</name>
        <description><![CDATA[<b>삼각점</b><br>명칭: 무풍407<br>P1 #57 원점에서 2736m<br>좌표: 35.974807°N, 127.835126°E<br><br><a href="https://map.naver.com/v5/search/35.9748065555549,127.835125722222">📍 네이버 지도</a>]]></description>
        <styleUrl>#tri</styleUrl>
        <Point><coordinates>127.835125722222,35.9748065555549,0</coordinates></Point>
      </Placemark>
      <Placemark><name>◎ U0709</name>
        <description><![CDATA[<b>통합기준점</b><br>명칭: U0709<br>P1 #57 원점에서 2837m<br>좌표: 35.970241°N, 127.844601°E<br><br><a href="https://map.naver.com/v5/search/35.9702413055549,127.844600583333">📍 네이버 지도</a>]]></description>
        <styleUrl>#uni</styleUrl>
        <Point><coordinates>127.844600583333,35.9702413055549,0</coordinates></Point>
      </Placemark>
      <Placemark><name>△ 무풍303</name>
        <description><![CDATA[<b>삼각점</b><br>명칭: 무풍303<br>P1 #57 원점에서 3127m<br>좌표: 35.925775°N, 127.811314°E<br><br><a href="https://map.naver.com/v5/search/35.9257750833326,127.811313833333">📍 네이버 지도</a>]]></description>
        <styleUrl>#tri</styleUrl>
        <Point><coordinates>127.811313833333,35.9257750833326,0</coordinates></Point>
      </Placemark>
      <Placemark><name>△ 무풍412</name>
        <description><![CDATA[<b>삼각점</b><br>명칭: 무풍412<br>P1 #57 원점에서 3368m<br>좌표: 35.960381°N, 127.857858°E<br><br><a href="https://map.naver.com/v5/search/35.9603808611104,127.857858305556">📍 네이버 지도</a>]]></description>
        <styleUrl>#tri</styleUrl>
        <Point><coordinates>127.857858305556,35.9603808611104,0</coordinates></Point>
      </Placemark>
      <Placemark><name>△ 무풍409</name>
        <description><![CDATA[<b>삼각점</b><br>명칭: 무풍409<br>P1 #57 원점에서 3463m<br>좌표: 35.930715°N, 127.849023°E<br><br><a href="https://map.naver.com/v5/search/35.9307153333326,127.849023111111">📍 네이버 지도</a>]]></description>
        <styleUrl>#tri</styleUrl>
        <Point><coordinates>127.849023111111,35.9307153333326,0</coordinates></Point>
      </Placemark>
      <Placemark><name>△ 무풍301</name>
        <description><![CDATA[<b>삼각점</b><br>명칭: 무풍301<br>P1 #57 원점에서 3724m<br>좌표: 35.940993°N, 127.783021°E<br><br><a href="https://map.naver.com/v5/search/35.9409925277771,127.783020944444">📍 네이버 지도</a>]]></description>
        <styleUrl>#tri</styleUrl>
        <Point><coordinates>127.783020944444,35.9409925277771,0</coordinates></Point>
      </Placemark>
      <Placemark><name>◎ U무풍34</name>
        <description><![CDATA[<b>통합기준점</b><br>명칭: U무풍34<br>P1 #57 원점에서 4272m<br>좌표: 35.917316°N, 127.840527°E<br><br><a href="https://map.naver.com/v5/search/35.9173162972215,127.840526797222">📍 네이버 지도</a>]]></description>
        <styleUrl>#uni</styleUrl>
        <Point><coordinates>127.840526797222,35.9173162972215,0</coordinates></Point>
      </Placemark>
      <Placemark><name>△ 무풍406</name>
        <description><![CDATA[<b>삼각점</b><br>명칭: 무풍406<br>P1 #57 원점에서 4550m<br>좌표: 35.992268°N, 127.834906°E<br><br><a href="https://map.naver.com/v5/search/35.9922684444438,127.834906388889">📍 네이버 지도</a>]]></description>
        <styleUrl>#tri</styleUrl>
        <Point><coordinates>127.834906388889,35.9922684444438,0</coordinates></Point>
      </Placemark>
      <Placemark><name>△ 무풍411</name>
        <description><![CDATA[<b>삼각점</b><br>명칭: 무풍411<br>P1 #57 원점에서 4606m<br>좌표: 35.974060°N, 127.865514°E<br><br><a href="https://map.naver.com/v5/search/35.9740595277771,127.865513805556">📍 네이버 지도</a>]]></description>
        <styleUrl>#tri</styleUrl>
        <Point><coordinates>127.865513805556,35.9740595277771,0</coordinates></Point>
      </Placemark>
    </Folder>
  </Folder>
  <Folder>
    <name>#59 (36.58°N 127.82°E) 국가57.7점</name>
    <description>서브격자 상위5개 / 근접 기준점10개</description>
    <Placemark><name>▶ P1 #59 중심</name>
      <description><![CDATA[P1 국가격자 후보지<br>점수: 57.7점<br>좌표: 36.58375°N, 127.82433°E<br>서브격자 후보: 5개 / 근접 기준점: 10개<br><br><a href="https://map.naver.com/v5/search/36.58375,127.82433">📍 네이버 지도</a>]]></description>
      <styleUrl>#center</styleUrl>
      <Point><coordinates>127.82433,36.58375,0</coordinates></Point>
    </Placemark>
    <Folder><name>📍 서브격자 후보 (5개)</name>
      <Placemark><name>#1 90.2점</name>
        <description><![CDATA[사이트 #59 / 서브격자 1위
종합점수: 90.2점
좌표: 36.592635°N, 127.869085°E

② 지형: 13.1 / 15점 (경사 3.85°)
③ 전력·철도: 15.0 / 15점
④ 인구이격: 13.4 / 15점
⑤ 모델기여: 8.0 / 10점
⑥ 암상: 4.6 / 5점
도로: 154m

네이버: https://map.naver.com/v5/search/36.592635,127.869085
카카오: https://map.kakao.com/link/map/P59-1,36.592635,127.869085]]></description>
        <styleUrl>#top1</styleUrl>
        <Point><coordinates>127.869085,36.592635,0</coordinates></Point>
      </Placemark>
      <Placemark><name>#2 90.1점</name>
        <description><![CDATA[사이트 #59 / 서브격자 2위
종합점수: 90.1점
좌표: 36.583719°N, 127.835508°E

② 지형: 12.2 / 15점 (경사 5.55°)
③ 전력·철도: 15.0 / 15점
④ 인구이격: 14.2 / 15점
⑤ 모델기여: 8.0 / 10점
⑥ 암상: 4.6 / 5점
도로: 1025m

네이버: https://map.naver.com/v5/search/36.583719,127.835508
카카오: https://map.kakao.com/link/map/P59-2,36.583719,127.835508]]></description>
        <styleUrl>#top5</styleUrl>
        <Point><coordinates>127.835508,36.583719,0</coordinates></Point>
      </Placemark>
      <Placemark><name>#3 89.8점</name>
        <description><![CDATA[사이트 #59 / 서브격자 3위
종합점수: 89.8점
좌표: 36.556764°N, 127.801868°E

② 지형: 13.6 / 15점 (경사 2.8°)
③ 전력·철도: 15.0 / 15점
④ 인구이격: 13.3 / 15점
⑤ 모델기여: 8.0 / 10점
⑥ 암상: 4.0 / 5점
도로: 316m

네이버: https://map.naver.com/v5/search/36.556764,127.801868
카카오: https://map.kakao.com/link/map/P59-3,36.556764,127.801868]]></description>
        <styleUrl>#top5</styleUrl>
        <Point><coordinates>127.801868,36.556764,0</coordinates></Point>
      </Placemark>
      <Placemark><name>#4 89.1점</name>
        <description><![CDATA[사이트 #59 / 서브격자 4위
종합점수: 89.1점
좌표: 36.610881°N, 127.790897°E

② 지형: 11.8 / 15점 (경사 6.36°)
③ 전력·철도: 15.0 / 15점
④ 인구이격: 13.8 / 15점
⑤ 모델기여: 8.0 / 10점
⑥ 암상: 4.9 / 5점
도로: 1096m

네이버: https://map.naver.com/v5/search/36.610881,127.790897
카카오: https://map.kakao.com/link/map/P59-4,36.610881,127.790897]]></description>
        <styleUrl>#top5</styleUrl>
        <Point><coordinates>127.790897,36.610881,0</coordinates></Point>
      </Placemark>
      <Placemark><name>#5 88.9점</name>
        <description><![CDATA[사이트 #59 / 서브격자 5위
종합점수: 88.9점
좌표: 36.565657°N, 127.846606°E

② 지형: 11.2 / 15점 (경사 7.51°)
③ 전력·철도: 15.0 / 15점
④ 인구이격: 14.7 / 15점
⑤ 모델기여: 8.0 / 10점
⑥ 암상: 4.4 / 5점
도로: 1952m

네이버: https://map.naver.com/v5/search/36.565657,127.846606
카카오: https://map.kakao.com/link/map/P59-5,36.565657,127.846606]]></description>
        <styleUrl>#top5</styleUrl>
        <Point><coordinates>127.846606,36.565657,0</coordinates></Point>
      </Placemark>
    </Folder>
    <Folder><name>📐 근접 기준점 (10개)</name>
      <Placemark><name>△ 속리311</name>
        <description><![CDATA[<b>삼각점</b><br>명칭: 속리311<br>P1 #59 원점에서 1397m<br>좌표: 36.571309°N, 127.826754°E<br><br><a href="https://map.naver.com/v5/search/36.5713094166661,127.826754194444">📍 네이버 지도</a>]]></description>
        <styleUrl>#tri</styleUrl>
        <Point><coordinates>127.826754194444,36.5713094166661,0</coordinates></Point>
      </Placemark>
      <Placemark><name>△ 속리433</name>
        <description><![CDATA[<b>삼각점</b><br>명칭: 속리433<br>P1 #59 원점에서 1876m<br>좌표: 36.587788°N, 127.844693°E<br><br><a href="https://map.naver.com/v5/search/36.5877878333328,127.844692972222">📍 네이버 지도</a>]]></description>
        <styleUrl>#tri</styleUrl>
        <Point><coordinates>127.844692972222,36.5877878333328,0</coordinates></Point>
      </Placemark>
      <Placemark><name>◎ U0485</name>
        <description><![CDATA[<b>통합기준점</b><br>명칭: U0485<br>P1 #59 원점에서 2101m<br>좌표: 36.602670°N, 127.825286°E<br><br><a href="https://map.naver.com/v5/search/36.6026704611106,127.825286077778">📍 네이버 지도</a>]]></description>
        <styleUrl>#uni</styleUrl>
        <Point><coordinates>127.825286077778,36.6026704611106,0</coordinates></Point>
      </Placemark>
      <Placemark><name>△ 속리435</name>
        <description><![CDATA[<b>삼각점</b><br>명칭: 속리435<br>P1 #59 원점에서 2114m<br>좌표: 36.601701°N, 127.816404°E<br><br><a href="https://map.naver.com/v5/search/36.6017013611106,127.816403972222">📍 네이버 지도</a>]]></description>
        <styleUrl>#tri</styleUrl>
        <Point><coordinates>127.816403972222,36.6017013611106,0</coordinates></Point>
      </Placemark>
      <Placemark><name>△ 속리446</name>
        <description><![CDATA[<b>삼각점</b><br>명칭: 속리446<br>P1 #59 원점에서 3405m<br>좌표: 36.561730°N, 127.797817°E<br><br><a href="https://map.naver.com/v5/search/36.5617302499995,127.797817416667">📍 네이버 지도</a>]]></description>
        <styleUrl>#tri</styleUrl>
        <Point><coordinates>127.797817416667,36.5617302499995,0</coordinates></Point>
      </Placemark>
      <Placemark><name>△ 속리437</name>
        <description><![CDATA[<b>삼각점</b><br>명칭: 속리437<br>P1 #59 원점에서 3652m<br>좌표: 36.584834°N, 127.783530°E<br><br><a href="https://map.naver.com/v5/search/36.5848335277773,127.783529583333">📍 네이버 지도</a>]]></description>
        <styleUrl>#tri</styleUrl>
        <Point><coordinates>127.783529583333,36.5848335277773,0</coordinates></Point>
      </Placemark>
      <Placemark><name>△ 속리449</name>
        <description><![CDATA[<b>삼각점</b><br>명칭: 속리449<br>P1 #59 원점에서 4176m<br>좌표: 36.546606°N, 127.831898°E<br><br><a href="https://map.naver.com/v5/search/36.5466062499995,127.831898166667">📍 네이버 지도</a>]]></description>
        <styleUrl>#tri</styleUrl>
        <Point><coordinates>127.831898166667,36.5466062499995,0</coordinates></Point>
      </Placemark>
      <Placemark><name>△ 속리308</name>
        <description><![CDATA[<b>삼각점</b><br>명칭: 속리308<br>P1 #59 원점에서 4541m<br>좌표: 36.619978°N, 127.847972°E<br><br><a href="https://map.naver.com/v5/search/36.6199779166662,127.847972305556">📍 네이버 지도</a>]]></description>
        <styleUrl>#tri</styleUrl>
        <Point><coordinates>127.847972305556,36.6199779166662,0</coordinates></Point>
      </Placemark>
      <Placemark><name>△ 속리448</name>
        <description><![CDATA[<b>삼각점</b><br>명칭: 속리448<br>P1 #59 원점에서 4651m<br>좌표: 36.542764°N, 127.813349°E<br><br><a href="https://map.naver.com/v5/search/36.542764305555,127.813348944444">📍 네이버 지도</a>]]></description>
        <styleUrl>#tri</styleUrl>
        <Point><coordinates>127.813348944444,36.542764305555,0</coordinates></Point>
      </Placemark>
      <Placemark><name>△ 속리26</name>
        <description><![CDATA[<b>삼각점</b><br>명칭: 속리26<br>P1 #59 원점에서 4759m<br>좌표: 36.613760°N, 127.786306°E<br><br><a href="https://map.naver.com/v5/search/36.6137597777773,127.786306138889">📍 네이버 지도</a>]]></description>
        <styleUrl>#tri</styleUrl>
        <Point><coordinates>127.786306138889,36.6137597777773,0</coordinates></Point>
      </Placemark>
    </Folder>
  </Folder>
  <Folder>
    <name>#65 (34.87°N 127.93°E) 국가64.5점</name>
    <description>서브격자 상위5개 / 근접 기준점7개</description>
    <Placemark><name>▶ P1 #65 중심</name>
      <description><![CDATA[P1 국가격자 후보지<br>점수: 64.5점<br>좌표: 34.87033°N, 127.92687°E<br>서브격자 후보: 5개 / 근접 기준점: 7개<br><br><a href="https://map.naver.com/v5/search/34.87033,127.92687">📍 네이버 지도</a>]]></description>
      <styleUrl>#center</styleUrl>
      <Point><coordinates>127.92687,34.87033,0</coordinates></Point>
    </Placemark>
    <Folder><name>📍 서브격자 후보 (5개)</name>
      <Placemark><name>#1 95.2점</name>
        <description><![CDATA[사이트 #65 / 서브격자 1위
종합점수: 95.2점
좌표: 34.834141°N, 127.959493°E

② 지형: 15.0 / 15점 (경사 0.0°)
③ 전력·철도: 14.8 / 15점
④ 인구이격: 14.9 / 15점
⑤ 모델기여: 10.0 / 10점
⑥ 암상: 2.5 / 5점
도로: 1532m

네이버: https://map.naver.com/v5/search/34.834141,127.959493
카카오: https://map.kakao.com/link/map/P65-1,34.834141,127.959493]]></description>
        <styleUrl>#top1</styleUrl>
        <Point><coordinates>127.959493,34.834141,0</coordinates></Point>
      </Placemark>
      <Placemark><name>#2 94.6점</name>
        <description><![CDATA[사이트 #65 / 서브격자 2위
종합점수: 94.6점
좌표: 34.843158°N, 127.959543°E

② 지형: 15.0 / 15점 (경사 0.0°)
③ 전력·철도: 14.7 / 15점
④ 인구이격: 14.5 / 15점
⑤ 모델기여: 10.0 / 10점
⑥ 암상: 2.5 / 5점
도로: 1160m

네이버: https://map.naver.com/v5/search/34.843158,127.959543
카카오: https://map.kakao.com/link/map/P65-2,34.843158,127.959543]]></description>
        <styleUrl>#top5</styleUrl>
        <Point><coordinates>127.959543,34.843158,0</coordinates></Point>
      </Placemark>
      <Placemark><name>#3 92.4점</name>
        <description><![CDATA[사이트 #65 / 서브격자 3위
종합점수: 92.4점
좌표: 34.870368°N, 127.915929°E

② 지형: 15.0 / 15점 (경사 0.0°)
③ 전력·철도: 13.9 / 15점
④ 인구이격: 14.0 / 15점
⑤ 모델기여: 10.0 / 10점
⑥ 암상: 2.5 / 5점
도로: 1417m

네이버: https://map.naver.com/v5/search/34.870368,127.915929
카카오: https://map.kakao.com/link/map/P65-3,34.870368,127.915929]]></description>
        <styleUrl>#top5</styleUrl>
        <Point><coordinates>127.915929,34.870368,0</coordinates></Point>
      </Placemark>
      <Placemark><name>#4 92.0점</name>
        <description><![CDATA[사이트 #65 / 서브격자 4위
종합점수: 92.0점
좌표: 34.879269°N, 127.948801°E

② 지형: 15.0 / 15점 (경사 0.0°)
③ 전력·철도: 14.7 / 15점
④ 인구이격: 15.0 / 15점
⑤ 모델기여: 8.0 / 10점
⑥ 암상: 2.5 / 5점
도로: 1624m

네이버: https://map.naver.com/v5/search/34.879269,127.948801
카카오: https://map.kakao.com/link/map/P65-4,34.879269,127.948801]]></description>
        <styleUrl>#top5</styleUrl>
        <Point><coordinates>127.948801,34.879269,0</coordinates></Point>
      </Placemark>
      <Placemark><name>#5 91.7점</name>
        <description><![CDATA[사이트 #65 / 서브격자 5위
종합점수: 91.7점
좌표: 34.888245°N, 127.959794°E

② 지형: 15.0 / 15점 (경사 0.0°)
③ 전력·철도: 14.9 / 15점
④ 인구이격: 14.6 / 15점
⑤ 모델기여: 8.0 / 10점
⑥ 암상: 2.5 / 5점
도로: 1709m

네이버: https://map.naver.com/v5/search/34.888245,127.959794
카카오: https://map.kakao.com/link/map/P65-5,34.888245,127.959794]]></description>
        <styleUrl>#top5</styleUrl>
        <Point><coordinates>127.959794,34.888245,0</coordinates></Point>
      </Placemark>
    </Folder>
    <Folder><name>📐 근접 기준점 (7개)</name>
      <Placemark><name>△ 남해418</name>
        <description><![CDATA[<b>삼각점</b><br>명칭: 남해418<br>P1 #65 원점에서 2781m<br>좌표: 34.848672°N, 127.911541°E<br><br><a href="https://map.naver.com/v5/search/34.8486716111101,127.911540666667">📍 네이버 지도</a>]]></description>
        <styleUrl>#tri</styleUrl>
        <Point><coordinates>127.911540666667,34.8486716111101,0</coordinates></Point>
      </Placemark>
      <Placemark><name>△ 남해417</name>
        <description><![CDATA[<b>삼각점</b><br>명칭: 남해417<br>P1 #65 원점에서 3339m<br>좌표: 34.899324°N, 127.917005°E<br><br><a href="https://map.naver.com/v5/search/34.8993239722212,127.917004777778">📍 네이버 지도</a>]]></description>
        <styleUrl>#tri</styleUrl>
        <Point><coordinates>127.917004777778,34.8993239722212,0</coordinates></Point>
      </Placemark>
      <Placemark><name>△ 남해419</name>
        <description><![CDATA[<b>삼각점</b><br>명칭: 남해419<br>P1 #65 원점에서 3429m<br>좌표: 34.885190°N, 127.893963°E<br><br><a href="https://map.naver.com/v5/search/34.8851895277768,127.893962583333">📍 네이버 지도</a>]]></description>
        <styleUrl>#tri</styleUrl>
        <Point><coordinates>127.893962583333,34.8851895277768,0</coordinates></Point>
      </Placemark>
      <Placemark><name>◎ U1046</name>
        <description><![CDATA[<b>통합기준점</b><br>명칭: U1046<br>P1 #65 원점에서 3712m<br>좌표: 34.845745°N, 127.899311°E<br><br><a href="https://map.naver.com/v5/search/34.8457454972212,127.899310538889">📍 네이버 지도</a>]]></description>
        <styleUrl>#uni</styleUrl>
        <Point><coordinates>127.899310538889,34.8457454972212,0</coordinates></Point>
      </Placemark>
      <Placemark><name>△ 남해420</name>
        <description><![CDATA[<b>삼각점</b><br>명칭: 남해420<br>P1 #65 원점에서 3738m<br>좌표: 34.861115°N, 127.887535°E<br><br><a href="https://map.naver.com/v5/search/34.8611153888879,127.8875355">📍 네이버 지도</a>]]></description>
        <styleUrl>#tri</styleUrl>
        <Point><coordinates>127.8875355,34.8611153888879,0</coordinates></Point>
      </Placemark>
      <Placemark><name>◎ U남해37</name>
        <description><![CDATA[<b>통합기준점</b><br>명칭: U남해37<br>P1 #65 원점에서 4794m<br>좌표: 34.912888°N, 127.917663°E<br><br><a href="https://map.naver.com/v5/search/34.9128881277768,127.917663458333">📍 네이버 지도</a>]]></description>
        <styleUrl>#uni</styleUrl>
        <Point><coordinates>127.917663458333,34.9128881277768,0</coordinates></Point>
      </Placemark>
      <Placemark><name>◎ U남해67</name>
        <description><![CDATA[<b>통합기준점</b><br>명칭: U남해67<br>P1 #65 원점에서 4861m<br>좌표: 34.828599°N, 127.910611°E<br><br><a href="https://map.naver.com/v5/search/34.8285991583323,127.910611041667">📍 네이버 지도</a>]]></description>
        <styleUrl>#uni</styleUrl>
        <Point><coordinates>127.910611041667,34.8285991583323,0</coordinates></Point>
      </Placemark>
    </Folder>
  </Folder>
  <Folder>
    <name>#67 (35.95°N 127.93°E) 국가59.8점</name>
    <description>서브격자 상위5개 / 근접 기준점11개</description>
    <Placemark><name>▶ P1 #67 중심</name>
      <description><![CDATA[P1 국가격자 후보지<br>점수: 59.8점<br>좌표: 35.95232°N, 127.93261°E<br>서브격자 후보: 5개 / 근접 기준점: 11개<br><br><a href="https://map.naver.com/v5/search/35.95232,127.93261">📍 네이버 지도</a>]]></description>
      <styleUrl>#center</styleUrl>
      <Point><coordinates>127.93261,35.95232,0</coordinates></Point>
    </Placemark>
    <Folder><name>📍 서브격자 후보 (5개)</name>
      <Placemark><name>#1 90.7점</name>
        <description><![CDATA[사이트 #67 / 서브격자 1위
종합점수: 90.7점
좌표: 35.943180°N, 127.965822°E

② 지형: 13.8 / 15점 (경사 2.49°)
③ 전력·철도: 14.5 / 15점
④ 인구이격: 13.7 / 15점
⑤ 모델기여: 10.0 / 10점
⑥ 암상: 2.5 / 5점
도로: 475m

네이버: https://map.naver.com/v5/search/35.94318,127.965822
카카오: https://map.kakao.com/link/map/P67-1,35.94318,127.965822]]></description>
        <styleUrl>#top1</styleUrl>
        <Point><coordinates>127.965822,35.94318,0</coordinates></Point>
      </Placemark>
      <Placemark><name>#2 90.5점</name>
        <description><![CDATA[사이트 #67 / 서브격자 2위
종합점수: 90.5점
좌표: 35.952359°N, 127.921522°E

② 지형: 13.0 / 15점 (경사 4.0°)
③ 전력·철도: 14.7 / 15점
④ 인구이격: 14.1 / 15점
⑤ 모델기여: 10.0 / 10점
⑥ 암상: 2.5 / 5점
도로: 1764m

네이버: https://map.naver.com/v5/search/35.952359,127.921522
카카오: https://map.kakao.com/link/map/P67-2,35.952359,127.921522]]></description>
        <styleUrl>#top5</styleUrl>
        <Point><coordinates>127.921522,35.952359,0</coordinates></Point>
      </Placemark>
      <Placemark><name>#3 89.9점</name>
        <description><![CDATA[사이트 #67 / 서브격자 3위
종합점수: 89.9점
좌표: 35.988422°N, 127.921713°E

② 지형: 13.4 / 15점 (경사 3.29°)
③ 전력·철도: 14.4 / 15점
④ 인구이격: 13.7 / 15점
⑤ 모델기여: 10.0 / 10점
⑥ 암상: 2.5 / 5점
도로: 599m

네이버: https://map.naver.com/v5/search/35.988422,127.921713
카카오: https://map.kakao.com/link/map/P67-3,35.988422,127.921713]]></description>
        <styleUrl>#top5</styleUrl>
        <Point><coordinates>127.921713,35.988422,0</coordinates></Point>
      </Placemark>
      <Placemark><name>#4 88.0점</name>
        <description><![CDATA[사이트 #67 / 서브격자 4위
종합점수: 88.0점
좌표: 35.979407°N, 127.921665°E

② 지형: 12.4 / 15점 (경사 5.15°)
③ 전력·철도: 14.5 / 15점
④ 인구이격: 13.4 / 15점
⑤ 모델기여: 10.0 / 10점
⑥ 암상: 2.5 / 5점
도로: 286m

네이버: https://map.naver.com/v5/search/35.979407,127.921665
카카오: https://map.kakao.com/link/map/P67-4,35.979407,127.921665]]></description>
        <styleUrl>#top5</styleUrl>
        <Point><coordinates>127.921665,35.979407,0</coordinates></Point>
      </Placemark>
      <Placemark><name>#5 87.7점</name>
        <description><![CDATA[사이트 #67 / 서브격자 5위
종합점수: 87.7점
좌표: 35.943222°N, 127.954735°E

② 지형: 11.7 / 15점 (경사 6.52°)
③ 전력·철도: 14.6 / 15점
④ 인구이격: 13.8 / 15점
⑤ 모델기여: 10.0 / 10점
⑥ 암상: 2.5 / 5점
도로: 693m

네이버: https://map.naver.com/v5/search/35.943222,127.954735
카카오: https://map.kakao.com/link/map/P67-5,35.943222,127.954735]]></description>
        <styleUrl>#top5</styleUrl>
        <Point><coordinates>127.954735,35.943222,0</coordinates></Point>
      </Placemark>
    </Folder>
    <Folder><name>📐 근접 기준점 (11개)</name>
      <Placemark><name>△ 무풍416</name>
        <description><![CDATA[<b>삼각점</b><br>명칭: 무풍416<br>P1 #67 원점에서 1125m<br>좌표: 35.962095°N, 127.929284°E<br><br><a href="https://map.naver.com/v5/search/35.9620945277771,127.929284444444">📍 네이버 지도</a>]]></description>
        <styleUrl>#tri</styleUrl>
        <Point><coordinates>127.929284444444,35.9620945277771,0</coordinates></Point>
      </Placemark>
      <Placemark><name>△ 무풍414</name>
        <description><![CDATA[<b>삼각점</b><br>명칭: 무풍414<br>P1 #67 원점에서 2440m<br>좌표: 35.941398°N, 127.909122°E<br><br><a href="https://map.naver.com/v5/search/35.9413983611104,127.909121888889">📍 네이버 지도</a>]]></description>
        <styleUrl>#tri</styleUrl>
        <Point><coordinates>127.909121888889,35.9413983611104,0</coordinates></Point>
      </Placemark>
      <Placemark><name>△ 무풍305</name>
        <description><![CDATA[<b>삼각점</b><br>명칭: 무풍305<br>P1 #67 원점에서 2627m<br>좌표: 35.970523°N, 127.951247°E<br><br><a href="https://map.naver.com/v5/search/35.9705228333326,127.95124725">📍 네이버 지도</a>]]></description>
        <styleUrl>#tri</styleUrl>
        <Point><coordinates>127.95124725,35.9705228333326,0</coordinates></Point>
      </Placemark>
      <Placemark><name>△ 무풍413</name>
        <description><![CDATA[<b>삼각점</b><br>명칭: 무풍413<br>P1 #67 원점에서 2896m<br>좌표: 35.960307°N, 127.902039°E<br><br><a href="https://map.naver.com/v5/search/35.9603072777771,127.902039444444">📍 네이버 지도</a>]]></description>
        <styleUrl>#tri</styleUrl>
        <Point><coordinates>127.902039444444,35.9603072777771,0</coordinates></Point>
      </Placemark>
      <Placemark><name>◎ U무풍27</name>
        <description><![CDATA[<b>통합기준점</b><br>명칭: U무풍27<br>P1 #67 원점에서 3040m<br>좌표: 35.927313°N, 127.918819°E<br><br><a href="https://map.naver.com/v5/search/35.9273133972215,127.918819422222">📍 네이버 지도</a>]]></description>
        <styleUrl>#uni</styleUrl>
        <Point><coordinates>127.918819422222,35.9273133972215,0</coordinates></Point>
      </Placemark>
      <Placemark><name>◎ U무풍07</name>
        <description><![CDATA[<b>통합기준점</b><br>명칭: U무풍07<br>P1 #67 원점에서 3280m<br>좌표: 35.977179°N, 127.912904°E<br><br><a href="https://map.naver.com/v5/search/35.977179266666,127.912903783333">📍 네이버 지도</a>]]></description>
        <styleUrl>#uni</styleUrl>
        <Point><coordinates>127.912903783333,35.977179266666,0</coordinates></Point>
      </Placemark>
      <Placemark><name>△ 무풍306</name>
        <description><![CDATA[<b>삼각점</b><br>명칭: 무풍306<br>P1 #67 원점에서 3318m<br>좌표: 35.927868°N, 127.953793°E<br><br><a href="https://map.naver.com/v5/search/35.9278683333326,127.953793361111">📍 네이버 지도</a>]]></description>
        <styleUrl>#tri</styleUrl>
        <Point><coordinates>127.953793361111,35.9278683333326,0</coordinates></Point>
      </Placemark>
      <Placemark><name>◎ U0638</name>
        <description><![CDATA[<b>통합기준점</b><br>명칭: U0638<br>P1 #67 원점에서 3919m<br>좌표: 35.986845°N, 127.941863°E<br><br><a href="https://map.naver.com/v5/search/35.9868445777771,127.941863433333">📍 네이버 지도</a>]]></description>
        <styleUrl>#uni</styleUrl>
        <Point><coordinates>127.941863433333,35.9868445777771,0</coordinates></Point>
      </Placemark>
      <Placemark><name>△ 무풍427</name>
        <description><![CDATA[<b>삼각점</b><br>명칭: 무풍427<br>P1 #67 원점에서 3935m<br>좌표: 35.918714°N, 127.918645°E<br><br><a href="https://map.naver.com/v5/search/35.9187137499993,127.918644694444">📍 네이버 지도</a>]]></description>
        <styleUrl>#tri</styleUrl>
        <Point><coordinates>127.918644694444,35.9187137499993,0</coordinates></Point>
      </Placemark>
      <Placemark><name>△ 무풍419</name>
        <description><![CDATA[<b>삼각점</b><br>명칭: 무풍419<br>P1 #67 원점에서 4126m<br>좌표: 35.950600°N, 127.978312°E<br><br><a href="https://map.naver.com/v5/search/35.950600166666,127.978312305556">📍 네이버 지도</a>]]></description>
        <styleUrl>#tri</styleUrl>
        <Point><coordinates>127.978312305556,35.950600166666,0</coordinates></Point>
      </Placemark>
      <Placemark><name>△ 무풍415</name>
        <description><![CDATA[<b>삼각점</b><br>명칭: 무풍415<br>P1 #67 원점에서 4605m<br>좌표: 35.992292°N, 127.918809°E<br><br><a href="https://map.naver.com/v5/search/35.9922916944438,127.918809194444">📍 네이버 지도</a>]]></description>
        <styleUrl>#tri</styleUrl>
        <Point><coordinates>127.918809194444,35.9922916944438,0</coordinates></Point>
      </Placemark>
    </Folder>
  </Folder>
  <Folder>
    <name>#69 (36.31°N 127.93°E) 국가59.5점</name>
    <description>서브격자 상위5개 / 근접 기준점16개</description>
    <Placemark><name>▶ P1 #69 중심</name>
      <description><![CDATA[P1 국가격자 후보지<br>점수: 59.5점<br>좌표: 36.31294°N, 127.93459°E<br>서브격자 후보: 5개 / 근접 기준점: 16개<br><br><a href="https://map.naver.com/v5/search/36.31294,127.93459">📍 네이버 지도</a>]]></description>
      <styleUrl>#center</styleUrl>
      <Point><coordinates>127.93459,36.31294,0</coordinates></Point>
    </Placemark>
    <Folder><name>📍 서브격자 후보 (5개)</name>
      <Placemark><name>#1 91.6점</name>
        <description><![CDATA[사이트 #69 / 서브격자 1위
종합점수: 91.6점
좌표: 36.330844°N, 127.968115°E

② 지형: 14.6 / 15점 (경사 0.77°)
③ 전력·철도: 15.0 / 15점
④ 인구이격: 13.0 / 15점
⑤ 모델기여: 8.0 / 10점
⑥ 암상: 4.3 / 5점
도로: 247m

네이버: https://map.naver.com/v5/search/36.330844,127.968115
카카오: https://map.kakao.com/link/map/P69-1,36.330844,127.968115]]></description>
        <styleUrl>#top1</styleUrl>
        <Point><coordinates>127.968115,36.330844,0</coordinates></Point>
      </Placemark>
      <Placemark><name>#2 91.0점</name>
        <description><![CDATA[사이트 #69 / 서브격자 2위
종합점수: 91.0점
좌표: 36.321829°N, 127.968061°E

② 지형: 14.7 / 15점 (경사 0.57°)
③ 전력·철도: 14.9 / 15점
④ 인구이격: 13.0 / 15점
⑤ 모델기여: 8.0 / 10점
⑥ 암상: 4.0 / 5점
도로: 211m

네이버: https://map.naver.com/v5/search/36.321829,127.968061
카카오: https://map.kakao.com/link/map/P69-2,36.321829,127.968061]]></description>
        <styleUrl>#top5</styleUrl>
        <Point><coordinates>127.968061,36.321829,0</coordinates></Point>
      </Placemark>
      <Placemark><name>#3 90.6점</name>
        <description><![CDATA[사이트 #69 / 서브격자 3위
종합점수: 90.6점
좌표: 36.321995°N, 127.923500°E

② 지형: 10.1 / 15점 (경사 9.76°)
③ 전력·철도: 14.8 / 15점
④ 인구이격: 14.7 / 15점
⑤ 모델기여: 10.0 / 10점
⑥ 암상: 4.8 / 5점
도로: 1822m

네이버: https://map.naver.com/v5/search/36.321995,127.9235
카카오: https://map.kakao.com/link/map/P69-3,36.321995,127.9235]]></description>
        <styleUrl>#top5</styleUrl>
        <Point><coordinates>127.9235,36.321995,0</coordinates></Point>
      </Placemark>
      <Placemark><name>#4 90.0점</name>
        <description><![CDATA[사이트 #69 / 서브격자 4위
종합점수: 90.0점
좌표: 36.340139°N, 127.890168°E

② 지형: 13.0 / 15점 (경사 4.03°)
③ 전력·철도: 15.0 / 15점
④ 인구이격: 12.1 / 15점
⑤ 모델기여: 10.0 / 10점
⑥ 암상: 3.9 / 5점
도로: 1134m

네이버: https://map.naver.com/v5/search/36.340139,127.890168
카카오: https://map.kakao.com/link/map/P69-4,36.340139,127.890168]]></description>
        <styleUrl>#top5</styleUrl>
        <Point><coordinates>127.890168,36.340139,0</coordinates></Point>
      </Placemark>
      <Placemark><name>#5 89.1점</name>
        <description><![CDATA[사이트 #69 / 서브격자 5위
종합점수: 89.1점
좌표: 36.312857°N, 127.956868°E

② 지형: 14.5 / 15점 (경사 0.92°)
③ 전력·철도: 14.7 / 15점
④ 인구이격: 12.0 / 15점
⑤ 모델기여: 8.0 / 10점
⑥ 암상: 4.3 / 5점
도로: 101m

네이버: https://map.naver.com/v5/search/36.312857,127.956868
카카오: https://map.kakao.com/link/map/P69-5,36.312857,127.956868]]></description>
        <styleUrl>#top5</styleUrl>
        <Point><coordinates>127.956868,36.312857,0</coordinates></Point>
      </Placemark>
    </Folder>
    <Folder><name>📐 근접 기준점 (16개)</name>
      <Placemark><name>△ 관기464</name>
        <description><![CDATA[<b>삼각점</b><br>명칭: 관기464<br>P1 #69 원점에서 1317m<br>좌표: 36.313717°N, 127.949234°E<br><br><a href="https://map.naver.com/v5/search/36.3137165833327,127.949233527778">📍 네이버 지도</a>]]></description>
        <styleUrl>#tri</styleUrl>
        <Point><coordinates>127.949233527778,36.3137165833327,0</coordinates></Point>
      </Placemark>
      <Placemark><name>△ 관기463</name>
        <description><![CDATA[<b>삼각점</b><br>명칭: 관기463<br>P1 #69 원점에서 1701m<br>좌표: 36.297609°N, 127.934506°E<br><br><a href="https://map.naver.com/v5/search/36.2976092222216,127.934506194444">📍 네이버 지도</a>]]></description>
        <styleUrl>#tri</styleUrl>
        <Point><coordinates>127.934506194444,36.2976092222216,0</coordinates></Point>
      </Placemark>
      <Placemark><name>◎ U관기79</name>
        <description><![CDATA[<b>통합기준점</b><br>명칭: U관기79<br>P1 #69 원점에서 2338m<br>좌표: 36.317245°N, 127.960084°E<br><br><a href="https://map.naver.com/v5/search/36.3172450583327,127.960084086111">📍 네이버 지도</a>]]></description>
        <styleUrl>#uni</styleUrl>
        <Point><coordinates>127.960084086111,36.3172450583327,0</coordinates></Point>
      </Placemark>
      <Placemark><name>△ 관기467</name>
        <description><![CDATA[<b>삼각점</b><br>명칭: 관기467<br>P1 #69 원점에서 2817m<br>좌표: 36.329043°N, 127.958856°E<br><br><a href="https://map.naver.com/v5/search/36.3290425277772,127.958856194444">📍 네이버 지도</a>]]></description>
        <styleUrl>#tri</styleUrl>
        <Point><coordinates>127.958856194444,36.3290425277772,0</coordinates></Point>
      </Placemark>
      <Placemark><name>△ 관기11</name>
        <description><![CDATA[<b>삼각점</b><br>명칭: 관기11<br>P1 #69 원점에서 2890m<br>좌표: 36.302317°N, 127.905202°E<br><br><a href="https://map.naver.com/v5/search/36.3023169722216,127.905202444444">📍 네이버 지도</a>]]></description>
        <styleUrl>#tri</styleUrl>
        <Point><coordinates>127.905202444444,36.3023169722216,0</coordinates></Point>
      </Placemark>
      <Placemark><name>△ 관기459</name>
        <description><![CDATA[<b>삼각점</b><br>명칭: 관기459<br>P1 #69 원점에서 2958m<br>좌표: 36.329512°N, 127.908769°E<br><br><a href="https://map.naver.com/v5/search/36.3295123611105,127.908768888889">📍 네이버 지도</a>]]></description>
        <styleUrl>#tri</styleUrl>
        <Point><coordinates>127.908768888889,36.3295123611105,0</coordinates></Point>
      </Placemark>
      <Placemark><name>△ 관기428</name>
        <description><![CDATA[<b>삼각점</b><br>명칭: 관기428<br>P1 #69 원점에서 3252m<br>좌표: 36.342020°N, 127.930000°E<br><br><a href="https://map.naver.com/v5/search/36.3420203611105,127.929999611111">📍 네이버 지도</a>]]></description>
        <styleUrl>#tri</styleUrl>
        <Point><coordinates>127.929999611111,36.3420203611105,0</coordinates></Point>
      </Placemark>
      <Placemark><name>△ 관기465</name>
        <description><![CDATA[<b>삼각점</b><br>명칭: 관기465<br>P1 #69 원점에서 3263m<br>좌표: 36.287667°N, 127.953191°E<br><br><a href="https://map.naver.com/v5/search/36.287667055555,127.953191277778">📍 네이버 지도</a>]]></description>
        <styleUrl>#tri</styleUrl>
        <Point><coordinates>127.953191277778,36.287667055555,0</coordinates></Point>
      </Placemark>
      <Placemark><name>△ 관기469</name>
        <description><![CDATA[<b>삼각점</b><br>명칭: 관기469<br>P1 #69 원점에서 3712m<br>좌표: 36.306000°N, 127.975041°E<br><br><a href="https://map.naver.com/v5/search/36.3059999444439,127.975041">📍 네이버 지도</a>]]></description>
        <styleUrl>#tri</styleUrl>
        <Point><coordinates>127.975041,36.3059999444439,0</coordinates></Point>
      </Placemark>
      <Placemark><name>◎ U관기67</name>
        <description><![CDATA[<b>통합기준점</b><br>명칭: U관기67<br>P1 #69 원점에서 3738m<br>좌표: 36.338589°N, 127.907573°E<br><br><a href="https://map.naver.com/v5/search/36.3385887833328,127.907572741667">📍 네이버 지도</a>]]></description>
        <styleUrl>#uni</styleUrl>
        <Point><coordinates>127.907572741667,36.3385887833328,0</coordinates></Point>
      </Placemark>
      <Placemark><name>◎ U관기68</name>
        <description><![CDATA[<b>통합기준점</b><br>명칭: U관기68<br>P1 #69 원점에서 3791m<br>좌표: 36.346979°N, 127.938362°E<br><br><a href="https://map.naver.com/v5/search/36.3469786194439,127.938361863889">📍 네이버 지도</a>]]></description>
        <styleUrl>#uni</styleUrl>
        <Point><coordinates>127.938361863889,36.3469786194439,0</coordinates></Point>
      </Placemark>
      <Placemark><name>△ 관기462</name>
        <description><![CDATA[<b>삼각점</b><br>명칭: 관기462<br>P1 #69 원점에서 3956m<br>좌표: 36.277359°N, 127.931569°E<br><br><a href="https://map.naver.com/v5/search/36.2773589999994,127.93156875">📍 네이버 지도</a>]]></description>
        <styleUrl>#tri</styleUrl>
        <Point><coordinates>127.93156875,36.2773589999994,0</coordinates></Point>
      </Placemark>
      <Placemark><name>◎ U0571</name>
        <description><![CDATA[<b>통합기준점</b><br>명칭: U0571<br>P1 #69 원점에서 4041m<br>좌표: 36.342640°N, 127.960654°E<br><br><a href="https://map.naver.com/v5/search/36.342640005555,127.960654219444">📍 네이버 지도</a>]]></description>
        <styleUrl>#uni</styleUrl>
        <Point><coordinates>127.960654219444,36.342640005555,0</coordinates></Point>
      </Placemark>
      <Placemark><name>△ 관기458</name>
        <description><![CDATA[<b>삼각점</b><br>명칭: 관기458<br>P1 #69 원점에서 4600m<br>좌표: 36.309774°N, 127.883499°E<br><br><a href="https://map.naver.com/v5/search/36.3097738333327,127.883498638889">📍 네이버 지도</a>]]></description>
        <styleUrl>#tri</styleUrl>
        <Point><coordinates>127.883498638889,36.3097738333327,0</coordinates></Point>
      </Placemark>
      <Placemark><name>◎ U관기90</name>
        <description><![CDATA[<b>통합기준점</b><br>명칭: U관기90<br>P1 #69 원점에서 4649m<br>좌표: 36.292678°N, 127.979920°E<br><br><a href="https://map.naver.com/v5/search/36.2926783722216,127.979920038889">📍 네이버 지도</a>]]></description>
        <styleUrl>#uni</styleUrl>
        <Point><coordinates>127.979920038889,36.2926783722216,0</coordinates></Point>
      </Placemark>
      <Placemark><name>△ 관기305</name>
        <description><![CDATA[<b>삼각점</b><br>명칭: 관기305<br>P1 #69 원점에서 4911m<br>좌표: 36.338079°N, 127.979631°E<br><br><a href="https://map.naver.com/v5/search/36.3380791944439,127.979630694444">📍 네이버 지도</a>]]></description>
        <styleUrl>#tri</styleUrl>
        <Point><coordinates>127.979630694444,36.3380791944439,0</coordinates></Point>
      </Placemark>
    </Folder>
  </Folder>
  <Folder>
    <name>#70 (36.49°N 127.94°E) 국가57.8점</name>
    <description>서브격자 상위5개 / 근접 기준점12개</description>
    <Placemark><name>▶ P1 #70 중심</name>
      <description><![CDATA[P1 국가격자 후보지<br>점수: 57.8점<br>좌표: 36.49324°N, 127.9356°E<br>서브격자 후보: 5개 / 근접 기준점: 12개<br><br><a href="https://map.naver.com/v5/search/36.49324,127.9356">📍 네이버 지도</a>]]></description>
      <styleUrl>#center</styleUrl>
      <Point><coordinates>127.9356,36.49324,0</coordinates></Point>
    </Placemark>
    <Folder><name>📍 서브격자 후보 (5개)</name>
      <Placemark><name>#1 91.0점</name>
        <description><![CDATA[사이트 #70 / 서브격자 1위
종합점수: 91.0점
좌표: 36.529172°N, 127.969313°E

② 지형: 12.6 / 15점 (경사 4.87°)
③ 전력·철도: 15.0 / 15점
④ 인구이격: 14.4 / 15점
⑤ 모델기여: 8.0 / 10점
⑥ 암상: 4.6 / 5점
도로: 144m

네이버: https://map.naver.com/v5/search/36.529172,127.969313
카카오: https://map.kakao.com/link/map/P70-1,36.529172,127.969313]]></description>
        <styleUrl>#top1</styleUrl>
        <Point><coordinates>127.969313,36.529172,0</coordinates></Point>
      </Placemark>
      <Placemark><name>#2 90.3점</name>
        <description><![CDATA[사이트 #70 / 서브격자 2위
종합점수: 90.3점
좌표: 36.511310°N, 127.924533°E

② 지형: 12.3 / 15점 (경사 5.46°)
③ 전력·철도: 15.0 / 15점
④ 인구이격: 14.3 / 15점
⑤ 모델기여: 8.0 / 10점
⑥ 암상: 4.6 / 5점
도로: 246m

네이버: https://map.naver.com/v5/search/36.51131,127.924533
카카오: https://map.kakao.com/link/map/P70-2,36.51131,127.924533]]></description>
        <styleUrl>#top5</styleUrl>
        <Point><coordinates>127.924533,36.51131,0</coordinates></Point>
      </Placemark>
      <Placemark><name>#3 90.0점</name>
        <description><![CDATA[사이트 #70 / 서브격자 3위
종합점수: 90.0점
좌표: 36.493069°N, 127.980260°E

② 지형: 14.1 / 15점 (경사 1.89°)
③ 전력·철도: 15.0 / 15점
④ 인구이격: 12.6 / 15점
⑤ 모델기여: 8.0 / 10점
⑥ 암상: 4.3 / 5점
도로: 1517m

네이버: https://map.naver.com/v5/search/36.493069,127.98026
카카오: https://map.kakao.com/link/map/P70-3,36.493069,127.98026]]></description>
        <styleUrl>#top5</styleUrl>
        <Point><coordinates>127.98026,36.493069,0</coordinates></Point>
      </Placemark>
      <Placemark><name>#4 90.0점</name>
        <description><![CDATA[사이트 #70 / 서브격자 4위
종합점수: 90.0점
좌표: 36.529216°N, 127.958142°E

② 지형: 11.4 / 15점 (경사 7.17°)
③ 전력·철도: 15.0 / 15점
④ 인구이격: 15.0 / 15점
⑤ 모델기여: 8.0 / 10점
⑥ 암상: 4.6 / 5점
도로: 286m

네이버: https://map.naver.com/v5/search/36.529216,127.958142
카카오: https://map.kakao.com/link/map/P70-4,36.529216,127.958142]]></description>
        <styleUrl>#top5</styleUrl>
        <Point><coordinates>127.958142,36.529216,0</coordinates></Point>
      </Placemark>
      <Placemark><name>#5 89.7점</name>
        <description><![CDATA[사이트 #70 / 서브격자 5위
종합점수: 89.7점
좌표: 36.502410°N, 127.890985°E

② 지형: 13.9 / 15점 (경사 2.2°)
③ 전력·철도: 15.0 / 15점
④ 인구이격: 12.8 / 15점
⑤ 모델기여: 8.0 / 10점
⑥ 암상: 4.1 / 5점
도로: 848m

네이버: https://map.naver.com/v5/search/36.50241,127.890985
카카오: https://map.kakao.com/link/map/P70-5,36.50241,127.890985]]></description>
        <styleUrl>#top5</styleUrl>
        <Point><coordinates>127.890985,36.50241,0</coordinates></Point>
      </Placemark>
    </Folder>
    <Folder><name>📐 근접 기준점 (12개)</name>
      <Placemark><name>△ 관기23</name>
        <description><![CDATA[<b>삼각점</b><br>명칭: 관기23<br>P1 #70 원점에서 649m<br>좌표: 36.490916°N, 127.942254°E<br><br><a href="https://map.naver.com/v5/search/36.4909159444439,127.942254083333">📍 네이버 지도</a>]]></description>
        <styleUrl>#tri</styleUrl>
        <Point><coordinates>127.942254083333,36.4909159444439,0</coordinates></Point>
      </Placemark>
      <Placemark><name>◎ U관기08</name>
        <description><![CDATA[<b>통합기준점</b><br>명칭: U관기08<br>P1 #70 원점에서 1401m<br>좌표: 36.480902°N, 127.932245°E<br><br><a href="https://map.naver.com/v5/search/36.4809024722217,127.932244969444">📍 네이버 지도</a>]]></description>
        <styleUrl>#uni</styleUrl>
        <Point><coordinates>127.932244969444,36.4809024722217,0</coordinates></Point>
      </Placemark>
      <Placemark><name>△ 관기416</name>
        <description><![CDATA[<b>삼각점</b><br>명칭: 관기416<br>P1 #70 원점에서 2943m<br>좌표: 36.482998°N, 127.965916°E<br><br><a href="https://map.naver.com/v5/search/36.482998055555,127.965915722222">📍 네이버 지도</a>]]></description>
        <styleUrl>#tri</styleUrl>
        <Point><coordinates>127.965915722222,36.482998055555,0</coordinates></Point>
      </Placemark>
      <Placemark><name>◎ U관기17</name>
        <description><![CDATA[<b>통합기준점</b><br>명칭: U관기17<br>P1 #70 원점에서 3199m<br>좌표: 36.473334°N, 127.909754°E<br><br><a href="https://map.naver.com/v5/search/36.473334155555,127.909753641667">📍 네이버 지도</a>]]></description>
        <styleUrl>#uni</styleUrl>
        <Point><coordinates>127.909753641667,36.473334155555,0</coordinates></Point>
      </Placemark>
      <Placemark><name>△ 관기303</name>
        <description><![CDATA[<b>삼각점</b><br>명칭: 관기303<br>P1 #70 원점에서 3308m<br>좌표: 36.463631°N, 127.939990°E<br><br><a href="https://map.naver.com/v5/search/36.4636309444439,127.939989611111">📍 네이버 지도</a>]]></description>
        <styleUrl>#tri</styleUrl>
        <Point><coordinates>127.939989611111,36.4636309444439,0</coordinates></Point>
      </Placemark>
      <Placemark><name>◎ U속리99</name>
        <description><![CDATA[<b>통합기준점</b><br>명칭: U속리99<br>P1 #70 원점에서 3817m<br>좌표: 36.521688°N, 127.959587°E<br><br><a href="https://map.naver.com/v5/search/36.5216881972217,127.959587061111">📍 네이버 지도</a>]]></description>
        <styleUrl>#uni</styleUrl>
        <Point><coordinates>127.959587061111,36.5216881972217,0</coordinates></Point>
      </Placemark>
      <Placemark><name>△ 관기413</name>
        <description><![CDATA[<b>삼각점</b><br>명칭: 관기413<br>P1 #70 원점에서 3884m<br>좌표: 36.468747°N, 127.904623°E<br><br><a href="https://map.naver.com/v5/search/36.468747055555,127.9046225">📍 네이버 지도</a>]]></description>
        <styleUrl>#tri</styleUrl>
        <Point><coordinates>127.9046225,36.468747055555,0</coordinates></Point>
      </Placemark>
      <Placemark><name>△ 속리453</name>
        <description><![CDATA[<b>삼각점</b><br>명칭: 속리453<br>P1 #70 원점에서 4148m<br>좌표: 36.526022°N, 127.913319°E<br><br><a href="https://map.naver.com/v5/search/36.5260223611106,127.913318694444">📍 네이버 지도</a>]]></description>
        <styleUrl>#tri</styleUrl>
        <Point><coordinates>127.913318694444,36.5260223611106,0</coordinates></Point>
      </Placemark>
      <Placemark><name>△ 속리315</name>
        <description><![CDATA[<b>삼각점</b><br>명칭: 속리315<br>P1 #70 원점에서 4303m<br>좌표: 36.513308°N, 127.976719°E<br><br><a href="https://map.naver.com/v5/search/36.5133076666661,127.976718916667">📍 네이버 지도</a>]]></description>
        <styleUrl>#tri</styleUrl>
        <Point><coordinates>127.976718916667,36.5133076666661,0</coordinates></Point>
      </Placemark>
      <Placemark><name>◎ U관기06</name>
        <description><![CDATA[<b>통합기준점</b><br>명칭: U관기06<br>P1 #70 원점에서 4475m<br>좌표: 36.487560°N, 127.886134°E<br><br><a href="https://map.naver.com/v5/search/36.4875604222217,127.886133813889">📍 네이버 지도</a>]]></description>
        <styleUrl>#uni</styleUrl>
        <Point><coordinates>127.886133813889,36.4875604222217,0</coordinates></Point>
      </Placemark>
      <Placemark><name>△ 관기411</name>
        <description><![CDATA[<b>삼각점</b><br>명칭: 관기411<br>P1 #70 원점에서 4797m<br>좌표: 36.493196°N, 127.882041°E<br><br><a href="https://map.naver.com/v5/search/36.4931964999995,127.882041277778">📍 네이버 지도</a>]]></description>
        <styleUrl>#tri</styleUrl>
        <Point><coordinates>127.882041277778,36.4931964999995,0</coordinates></Point>
      </Placemark>
      <Placemark><name>△ 관기419</name>
        <description><![CDATA[<b>삼각점</b><br>명칭: 관기419<br>P1 #70 원점에서 4849m<br>좌표: 36.495957°N, 127.989631°E<br><br><a href="https://map.naver.com/v5/search/36.4959573333328,127.989630722222">📍 네이버 지도</a>]]></description>
        <styleUrl>#tri</styleUrl>
        <Point><coordinates>127.989630722222,36.4959573333328,0</coordinates></Point>
      </Placemark>
    </Folder>
  </Folder>
  <Folder>
    <name>#71 (36.67°N 127.94°E) 국가58.9점</name>
    <description>서브격자 상위5개 / 근접 기준점15개</description>
    <Placemark><name>▶ P1 #71 중심</name>
      <description><![CDATA[P1 국가격자 후보지<br>점수: 58.9점<br>좌표: 36.67354°N, 127.93661°E<br>서브격자 후보: 5개 / 근접 기준점: 15개<br><br><a href="https://map.naver.com/v5/search/36.67354,127.93661">📍 네이버 지도</a>]]></description>
      <styleUrl>#center</styleUrl>
      <Point><coordinates>127.93661,36.67354,0</coordinates></Point>
    </Placemark>
    <Folder><name>📍 서브격자 후보 (5개)</name>
      <Placemark><name>#1 92.3점</name>
        <description><![CDATA[사이트 #71 / 서브격자 1위
종합점수: 92.3점
좌표: 36.673732°N, 127.880655°E

② 지형: 13.1 / 15점 (경사 3.89°)
③ 전력·철도: 14.9 / 15점
④ 인구이격: 14.5 / 15점
⑤ 모델기여: 8.0 / 10점
⑥ 암상: 4.9 / 5점
도로: 221m

네이버: https://map.naver.com/v5/search/36.673732,127.880655
카카오: https://map.kakao.com/link/map/P71-1,36.673732,127.880655]]></description>
        <styleUrl>#top1</styleUrl>
        <Point><coordinates>127.880655,36.673732,0</coordinates></Point>
      </Placemark>
      <Placemark><name>#2 92.2점</name>
        <description><![CDATA[사이트 #71 / 서브격자 2위
종합점수: 92.2점
좌표: 36.673696°N, 127.891846°E

② 지형: 13.4 / 15점 (경사 3.26°)
③ 전력·철도: 14.9 / 15점
④ 인구이격: 14.3 / 15점
⑤ 모델기여: 8.0 / 10점
⑥ 암상: 4.8 / 5점
도로: 725m

네이버: https://map.naver.com/v5/search/36.673696,127.891846
카카오: https://map.kakao.com/link/map/P71-2,36.673696,127.891846]]></description>
        <styleUrl>#top5</styleUrl>
        <Point><coordinates>127.891846,36.673696,0</coordinates></Point>
      </Placemark>
      <Placemark><name>#3 90.9점</name>
        <description><![CDATA[사이트 #71 / 서브격자 3위
종합점수: 90.9점
좌표: 36.709639°N, 127.925618°E

② 지형: 13.2 / 15점 (경사 3.67°)
③ 전력·철도: 14.5 / 15점
④ 인구이격: 13.9 / 15점
⑤ 모델기여: 8.0 / 10점
⑥ 암상: 4.9 / 5점
도로: 965m

네이버: https://map.naver.com/v5/search/36.709639,127.925618
카카오: https://map.kakao.com/link/map/P71-3,36.709639,127.925618]]></description>
        <styleUrl>#top5</styleUrl>
        <Point><coordinates>127.925618,36.709639,0</coordinates></Point>
      </Placemark>
      <Placemark><name>#4 89.8점</name>
        <description><![CDATA[사이트 #71 / 서브격자 4위
종합점수: 89.8점
좌표: 36.664484°N, 127.947749°E

② 지형: 12.7 / 15점 (경사 4.61°)
③ 전력·철도: 14.6 / 15점
④ 인구이격: 13.9 / 15점
⑤ 모델기여: 8.0 / 10점
⑥ 암상: 4.6 / 5점
도로: 1278m

네이버: https://map.naver.com/v5/search/36.664484,127.947749
카카오: https://map.kakao.com/link/map/P71-4,36.664484,127.947749]]></description>
        <styleUrl>#top5</styleUrl>
        <Point><coordinates>127.947749,36.664484,0</coordinates></Point>
      </Placemark>
      <Placemark><name>#5 89.7점</name>
        <description><![CDATA[사이트 #71 / 서브격자 5위
종합점수: 89.7점
좌표: 36.673412°N, 127.970183°E

② 지형: 12.6 / 15점 (경사 4.86°)
③ 전력·철도: 14.4 / 15점
④ 인구이격: 14.4 / 15점
⑤ 모델기여: 8.0 / 10점
⑥ 암상: 4.4 / 5점
도로: 92m

네이버: https://map.naver.com/v5/search/36.673412,127.970183
카카오: https://map.kakao.com/link/map/P71-5,36.673412,127.970183]]></description>
        <styleUrl>#top5</styleUrl>
        <Point><coordinates>127.970183,36.673412,0</coordinates></Point>
      </Placemark>
    </Folder>
    <Folder><name>📐 근접 기준점 (15개)</name>
      <Placemark><name>△ 속리305</name>
        <description><![CDATA[<b>삼각점</b><br>명칭: 속리305<br>P1 #71 원점에서 796m<br>좌표: 36.669196°N, 127.929519°E<br><br><a href="https://map.naver.com/v5/search/36.6691961111106,127.929518611111">📍 네이버 지도</a>]]></description>
        <styleUrl>#tri</styleUrl>
        <Point><coordinates>127.929518611111,36.6691961111106,0</coordinates></Point>
      </Placemark>
      <Placemark><name>◎ U속리28</name>
        <description><![CDATA[<b>통합기준점</b><br>명칭: U속리28<br>P1 #71 원점에서 2033m<br>좌표: 36.689878°N, 127.926297°E<br><br><a href="https://map.naver.com/v5/search/36.6898784916662,127.92629735">📍 네이버 지도</a>]]></description>
        <styleUrl>#uni</styleUrl>
        <Point><coordinates>127.92629735,36.6898784916662,0</coordinates></Point>
      </Placemark>
      <Placemark><name>△ 속리417</name>
        <description><![CDATA[<b>삼각점</b><br>명칭: 속리417<br>P1 #71 원점에서 2165m<br>좌표: 36.691864°N, 127.928257°E<br><br><a href="https://map.naver.com/v5/search/36.6918637499995,127.928257166667">📍 네이버 지도</a>]]></description>
        <styleUrl>#tri</styleUrl>
        <Point><coordinates>127.928257166667,36.6918637499995,0</coordinates></Point>
      </Placemark>
      <Placemark><name>△ 속리423</name>
        <description><![CDATA[<b>삼각점</b><br>명칭: 속리423<br>P1 #71 원점에서 2375m<br>좌표: 36.663464°N, 127.960066°E<br><br><a href="https://map.naver.com/v5/search/36.6634639999995,127.960065555556">📍 네이버 지도</a>]]></description>
        <styleUrl>#tri</styleUrl>
        <Point><coordinates>127.960065555556,36.6634639999995,0</coordinates></Point>
      </Placemark>
      <Placemark><name>△ 속리425</name>
        <description><![CDATA[<b>삼각점</b><br>명칭: 속리425<br>P1 #71 원점에서 3175m<br>좌표: 36.656962°N, 127.907649°E<br><br><a href="https://map.naver.com/v5/search/36.6569615277773,127.907648888889">📍 네이버 지도</a>]]></description>
        <styleUrl>#tri</styleUrl>
        <Point><coordinates>127.907648888889,36.6569615277773,0</coordinates></Point>
      </Placemark>
      <Placemark><name>△ 속리418</name>
        <description><![CDATA[<b>삼각점</b><br>명칭: 속리418<br>P1 #71 원점에서 3237m<br>좌표: 36.688222°N, 127.967920°E<br><br><a href="https://map.naver.com/v5/search/36.6882223888884,127.96791975">📍 네이버 지도</a>]]></description>
        <styleUrl>#tri</styleUrl>
        <Point><coordinates>127.96791975,36.6882223888884,0</coordinates></Point>
      </Placemark>
      <Placemark><name>△ 속리416</name>
        <description><![CDATA[<b>삼각점</b><br>명칭: 속리416<br>P1 #71 원점에서 3272m<br>좌표: 36.673119°N, 127.899992°E<br><br><a href="https://map.naver.com/v5/search/36.6731191388884,127.899992194444">📍 네이버 지도</a>]]></description>
        <styleUrl>#tri</styleUrl>
        <Point><coordinates>127.899992194444,36.6731191388884,0</coordinates></Point>
      </Placemark>
      <Placemark><name>△ 속리24</name>
        <description><![CDATA[<b>삼각점</b><br>명칭: 속리24<br>P1 #71 원점에서 3597m<br>좌표: 36.702303°N, 127.955195°E<br><br><a href="https://map.naver.com/v5/search/36.7023033611106,127.955194611111">📍 네이버 지도</a>]]></description>
        <styleUrl>#tri</styleUrl>
        <Point><coordinates>127.955194611111,36.7023033611106,0</coordinates></Point>
      </Placemark>
      <Placemark><name>△ 속리303</name>
        <description><![CDATA[<b>삼각점</b><br>명칭: 속리303<br>P1 #71 원점에서 3960m<br>좌표: 36.651399°N, 127.971370°E<br><br><a href="https://map.naver.com/v5/search/36.651399444444,127.971370388889">📍 네이버 지도</a>]]></description>
        <styleUrl>#tri</styleUrl>
        <Point><coordinates>127.971370388889,36.651399444444,0</coordinates></Point>
      </Placemark>
      <Placemark><name>◎ U속리27</name>
        <description><![CDATA[<b>통합기준점</b><br>명칭: U속리27<br>P1 #71 원점에서 4040m<br>좌표: 36.692902°N, 127.898318°E<br><br><a href="https://map.naver.com/v5/search/36.6929016388884,127.898317927778">📍 네이버 지도</a>]]></description>
        <styleUrl>#uni</styleUrl>
        <Point><coordinates>127.898317927778,36.6929016388884,0</coordinates></Point>
      </Placemark>
      <Placemark><name>◎ U속리17</name>
        <description><![CDATA[<b>통합기준점</b><br>명칭: U속리17<br>P1 #71 원점에서 4111m<br>좌표: 36.706137°N, 127.914723°E<br><br><a href="https://map.naver.com/v5/search/36.7061373805551,127.914722841667">📍 네이버 지도</a>]]></description>
        <styleUrl>#uni</styleUrl>
        <Point><coordinates>127.914722841667,36.7061373805551,0</coordinates></Point>
      </Placemark>
      <Placemark><name>△ 속리419</name>
        <description><![CDATA[<b>삼각점</b><br>명칭: 속리419<br>P1 #71 원점에서 4361m<br>좌표: 36.672955°N, 127.985410°E<br><br><a href="https://map.naver.com/v5/search/36.6729553888884,127.985410166667">📍 네이버 지도</a>]]></description>
        <styleUrl>#tri</styleUrl>
        <Point><coordinates>127.985410166667,36.6729553888884,0</coordinates></Point>
      </Placemark>
      <Placemark><name>△ 속리415</name>
        <description><![CDATA[<b>삼각점</b><br>명칭: 속리415<br>P1 #71 원점에서 4569m<br>좌표: 36.703085°N, 127.900970°E<br><br><a href="https://map.naver.com/v5/search/36.7030845555551,127.900969638889">📍 네이버 지도</a>]]></description>
        <styleUrl>#tri</styleUrl>
        <Point><coordinates>127.900969638889,36.7030845555551,0</coordinates></Point>
      </Placemark>
      <Placemark><name>△ 속리414</name>
        <description><![CDATA[<b>삼각점</b><br>명칭: 속리414<br>P1 #71 원점에서 4846m<br>좌표: 36.683799°N, 127.883887°E<br><br><a href="https://map.naver.com/v5/search/36.6837993611106,127.883887277778">📍 네이버 지도</a>]]></description>
        <styleUrl>#tri</styleUrl>
        <Point><coordinates>127.883887277778,36.6837993611106,0</coordinates></Point>
      </Placemark>
      <Placemark><name>△ 속리429</name>
        <description><![CDATA[<b>삼각점</b><br>명칭: 속리429<br>P1 #71 원점에서 4959m<br>좌표: 36.671728°N, 127.881157°E<br><br><a href="https://map.naver.com/v5/search/36.6717278888884,127.881156583333">📍 네이버 지도</a>]]></description>
        <styleUrl>#tri</styleUrl>
        <Point><coordinates>127.881156583333,36.6717278888884,0</coordinates></Point>
      </Placemark>
    </Folder>
  </Folder>
  <Folder>
    <name>#77 (34.69°N 128.04°E) 국가66.5점</name>
    <description>서브격자 상위5개 / 근접 기준점4개</description>
    <Placemark><name>▶ P1 #77 중심</name>
      <description><![CDATA[P1 국가격자 후보지<br>점수: 66.5점<br>좌표: 34.68955°N, 128.03511°E<br>서브격자 후보: 5개 / 근접 기준점: 4개<br><br><a href="https://map.naver.com/v5/search/34.68955,128.03511">📍 네이버 지도</a>]]></description>
      <styleUrl>#center</styleUrl>
      <Point><coordinates>128.03511,34.68955,0</coordinates></Point>
    </Placemark>
    <Folder><name>📍 서브격자 후보 (5개)</name>
      <Placemark><name>#1 94.3점</name>
        <description><![CDATA[사이트 #77 / 서브격자 1위
종합점수: 94.3점
좌표: 34.725472°N, 128.068108°E

② 지형: 15.0 / 15점 (경사 0.0°)
③ 전력·철도: 15.0 / 15점
④ 인구이격: 14.1 / 15점
⑤ 모델기여: 10.0 / 10점
⑥ 암상: 2.5 / 5점
도로: 1923m

네이버: https://map.naver.com/v5/search/34.725472,128.068108
카카오: https://map.kakao.com/link/map/P77-1,34.725472,128.068108]]></description>
        <styleUrl>#top1</styleUrl>
        <Point><coordinates>128.068108,34.725472,0</coordinates></Point>
      </Placemark>
      <Placemark><name>#2 94.1점</name>
        <description><![CDATA[사이트 #77 / 서브격자 2위
종합점수: 94.1점
좌표: 34.707437°N, 128.067985°E

② 지형: 15.0 / 15점 (경사 0.0°)
③ 전력·철도: 15.0 / 15점
④ 인구이격: 13.9 / 15점
⑤ 모델기여: 10.0 / 10점
⑥ 암상: 2.5 / 5점
도로: 1351m

네이버: https://map.naver.com/v5/search/34.707437,128.067985
카카오: https://map.kakao.com/link/map/P77-2,34.707437,128.067985]]></description>
        <styleUrl>#top5</styleUrl>
        <Point><coordinates>128.067985,34.707437,0</coordinates></Point>
      </Placemark>
      <Placemark><name>#3 94.0점</name>
        <description><![CDATA[사이트 #77 / 서브격자 3위
종합점수: 94.0점
좌표: 34.716454°N, 128.068046°E

② 지형: 15.0 / 15점 (경사 0.0°)
③ 전력·철도: 15.0 / 15점
④ 인구이격: 13.9 / 15점
⑤ 모델기여: 10.0 / 10점
⑥ 암상: 2.5 / 5점
도로: 1421m

네이버: https://map.naver.com/v5/search/34.716454,128.068046
카카오: https://map.kakao.com/link/map/P77-3,34.716454,128.068046]]></description>
        <styleUrl>#top5</styleUrl>
        <Point><coordinates>128.068046,34.716454,0</coordinates></Point>
      </Placemark>
      <Placemark><name>#4 93.6점</name>
        <description><![CDATA[사이트 #77 / 서브격자 4위
종합점수: 93.6점
좌표: 34.698751°N, 127.991494°E

② 지형: 15.0 / 15점 (경사 0.0°)
③ 전력·철도: 15.0 / 15점
④ 인구이격: 13.6 / 15점
⑤ 모델기여: 10.0 / 10점
⑥ 암상: 2.5 / 5점
도로: 1629m

네이버: https://map.naver.com/v5/search/34.698751,127.991494
카카오: https://map.kakao.com/link/map/P77-4,34.698751,127.991494]]></description>
        <styleUrl>#top5</styleUrl>
        <Point><coordinates>127.991494,34.698751,0</coordinates></Point>
      </Placemark>
      <Placemark><name>#5 93.2점</name>
        <description><![CDATA[사이트 #77 / 서브격자 5위
종합점수: 93.2점
좌표: 34.707724°N, 128.002467°E

② 지형: 15.0 / 15점 (경사 0.0°)
③ 전력·철도: 15.0 / 15점
④ 인구이격: 13.4 / 15점
⑤ 모델기여: 10.0 / 10점
⑥ 암상: 2.5 / 5점
도로: 1025m

네이버: https://map.naver.com/v5/search/34.707724,128.002467
카카오: https://map.kakao.com/link/map/P77-5,34.707724,128.002467]]></description>
        <styleUrl>#top5</styleUrl>
        <Point><coordinates>128.002467,34.707724,0</coordinates></Point>
      </Placemark>
    </Folder>
    <Folder><name>📐 근접 기준점 (4개)</name>
      <Placemark><name>△ 두미21</name>
        <description><![CDATA[<b>삼각점</b><br>명칭: 두미21<br>P1 #77 원점에서 1282m<br>좌표: 34.687714°N, 128.048928°E<br><br><a href="https://map.naver.com/v5/search/34.6877141111101,128.048928361111">📍 네이버 지도</a>]]></description>
        <styleUrl>#tri</styleUrl>
        <Point><coordinates>128.048928361111,34.6877141111101,0</coordinates></Point>
      </Placemark>
      <Placemark><name>△ 두미403</name>
        <description><![CDATA[<b>삼각점</b><br>명칭: 두미403<br>P1 #77 원점에서 1842m<br>좌표: 34.697235°N, 128.052935°E<br><br><a href="https://map.naver.com/v5/search/34.6972352777767,128.052935083333">📍 네이버 지도</a>]]></description>
        <styleUrl>#tri</styleUrl>
        <Point><coordinates>128.052935083333,34.6972352777767,0</coordinates></Point>
      </Placemark>
      <Placemark><name>△ 두미402</name>
        <description><![CDATA[<b>삼각점</b><br>명칭: 두미402<br>P1 #77 원점에서 2706m<br>좌표: 34.713946°N, 128.034758°E<br><br><a href="https://map.naver.com/v5/search/34.7139461388879,128.034758">📍 네이버 지도</a>]]></description>
        <styleUrl>#tri</styleUrl>
        <Point><coordinates>128.034758,34.7139461388879,0</coordinates></Point>
      </Placemark>
      <Placemark><name>◎ U1119</name>
        <description><![CDATA[<b>통합기준점</b><br>명칭: U1119<br>P1 #77 원점에서 2960m<br>좌표: 34.716008°N, 128.039400°E<br><br><a href="https://map.naver.com/v5/search/34.7160083388879,128.039400375">📍 네이버 지도</a>]]></description>
        <styleUrl>#uni</styleUrl>
        <Point><coordinates>128.039400375,34.7160083388879,0</coordinates></Point>
      </Placemark>
    </Folder>
  </Folder>
  <Folder>
    <name>#78 (35.77°N 128.04°E) 국가60.3점</name>
    <description>서브격자 상위5개 / 근접 기준점11개</description>
    <Placemark><name>▶ P1 #78 중심</name>
      <description><![CDATA[P1 국가격자 후보지<br>점수: 60.3점<br>좌표: 35.77156°N, 128.04226°E<br>서브격자 후보: 5개 / 근접 기준점: 11개<br><br><a href="https://map.naver.com/v5/search/35.77156,128.04226">📍 네이버 지도</a>]]></description>
      <styleUrl>#center</styleUrl>
      <Point><coordinates>128.04226,35.77156,0</coordinates></Point>
    </Placemark>
    <Folder><name>📍 서브격자 후보 (5개)</name>
      <Placemark><name>#1 92.0점</name>
        <description><![CDATA[사이트 #78 / 서브격자 1위
종합점수: 92.0점
좌표: 35.789592°N, 128.042382°E

② 지형: 13.5 / 15점 (경사 3.03°)
③ 전력·철도: 14.4 / 15점
④ 인구이격: 14.8 / 15점
⑤ 모델기여: 10.0 / 10점
⑥ 암상: 2.5 / 5점
도로: 75m

네이버: https://map.naver.com/v5/search/35.789592,128.042382
카카오: https://map.kakao.com/link/map/P78-1,35.789592,128.042382]]></description>
        <styleUrl>#top1</styleUrl>
        <Point><coordinates>128.042382,35.789592,0</coordinates></Point>
      </Placemark>
      <Placemark><name>#2 91.0점</name>
        <description><![CDATA[사이트 #78 / 서브격자 2위
종합점수: 91.0점
좌표: 35.780525°N, 128.053386°E

② 지형: 12.7 / 15점 (경사 4.54°)
③ 전력·철도: 14.6 / 15점
④ 인구이격: 14.7 / 15점
⑤ 모델기여: 10.0 / 10점
⑥ 암상: 2.5 / 5점
도로: 529m

네이버: https://map.naver.com/v5/search/35.780525,128.053386
카카오: https://map.kakao.com/link/map/P78-2,35.780525,128.053386]]></description>
        <styleUrl>#top5</styleUrl>
        <Point><coordinates>128.053386,35.780525,0</coordinates></Point>
      </Placemark>
      <Placemark><name>#3 89.7점</name>
        <description><![CDATA[사이트 #78 / 서브격자 3위
종합점수: 89.7점
좌표: 35.771510°N, 128.053323°E

② 지형: 12.6 / 15점 (경사 4.75°)
③ 전력·철도: 14.5 / 15점
④ 인구이격: 14.2 / 15점
⑤ 모델기여: 10.0 / 10점
⑥ 암상: 2.5 / 5점
도로: 1476m

네이버: https://map.naver.com/v5/search/35.77151,128.053323
카카오: https://map.kakao.com/link/map/P78-3,35.77151,128.053323]]></description>
        <styleUrl>#top5</styleUrl>
        <Point><coordinates>128.053323,35.77151,0</coordinates></Point>
      </Placemark>
      <Placemark><name>#4 89.7점</name>
        <description><![CDATA[사이트 #78 / 서브격자 4위
종합점수: 89.7점
좌표: 35.780576°N, 128.042321°E

② 지형: 12.0 / 15점 (경사 6.1°)
③ 전력·철도: 14.4 / 15점
④ 인구이격: 15.0 / 15점
⑤ 모델기여: 10.0 / 10점
⑥ 암상: 2.5 / 5점
도로: 709m

네이버: https://map.naver.com/v5/search/35.780576,128.042321
카카오: https://map.kakao.com/link/map/P78-4,35.780576,128.042321]]></description>
        <styleUrl>#top5</styleUrl>
        <Point><coordinates>128.042321,35.780576,0</coordinates></Point>
      </Placemark>
      <Placemark><name>#5 89.6점</name>
        <description><![CDATA[사이트 #78 / 서브격자 5위
종합점수: 89.6점
좌표: 35.780625°N, 128.031257°E

② 지형: 12.7 / 15점 (경사 4.65°)
③ 전력·철도: 14.1 / 15점
④ 인구이격: 14.5 / 15점
⑤ 모델기여: 10.0 / 10점
⑥ 암상: 2.5 / 5점
도로: 617m

네이버: https://map.naver.com/v5/search/35.780625,128.031257
카카오: https://map.kakao.com/link/map/P78-5,35.780625,128.031257]]></description>
        <styleUrl>#top5</styleUrl>
        <Point><coordinates>128.031257,35.780625,0</coordinates></Point>
      </Placemark>
    </Folder>
    <Folder><name>📐 근접 기준점 (11개)</name>
      <Placemark><name>△ 가야449</name>
        <description><![CDATA[<b>삼각점</b><br>명칭: 가야449<br>P1 #78 원점에서 1591m<br>좌표: 35.785901°N, 128.041675°E<br><br><a href="https://map.naver.com/v5/search/35.7859006944437,128.041674805556">📍 네이버 지도</a>]]></description>
        <styleUrl>#tri</styleUrl>
        <Point><coordinates>128.041674805556,35.7859006944437,0</coordinates></Point>
      </Placemark>
      <Placemark><name>△ 가야448</name>
        <description><![CDATA[<b>삼각점</b><br>명칭: 가야448<br>P1 #78 원점에서 2318m<br>좌표: 35.780570°N, 128.019126°E<br><br><a href="https://map.naver.com/v5/search/35.7805703888881,128.019125777778">📍 네이버 지도</a>]]></description>
        <styleUrl>#tri</styleUrl>
        <Point><coordinates>128.019125777778,35.7805703888881,0</coordinates></Point>
      </Placemark>
      <Placemark><name>◎ U가야83</name>
        <description><![CDATA[<b>통합기준점</b><br>명칭: U가야83<br>P1 #78 원점에서 2900m<br>좌표: 35.791750°N, 128.062657°E<br><br><a href="https://map.naver.com/v5/search/35.7917498111104,128.062656558333">📍 네이버 지도</a>]]></description>
        <styleUrl>#uni</styleUrl>
        <Point><coordinates>128.062656558333,35.7917498111104,0</coordinates></Point>
      </Placemark>
      <Placemark><name>△ 가야453</name>
        <description><![CDATA[<b>삼각점</b><br>명칭: 가야453<br>P1 #78 원점에서 2917m<br>좌표: 35.782715°N, 128.071486°E<br><br><a href="https://map.naver.com/v5/search/35.7827147499993,128.071485861111">📍 네이버 지도</a>]]></description>
        <styleUrl>#tri</styleUrl>
        <Point><coordinates>128.071485861111,35.7827147499993,0</coordinates></Point>
      </Placemark>
      <Placemark><name>△ 가야446</name>
        <description><![CDATA[<b>삼각점</b><br>명칭: 가야446<br>P1 #78 원점에서 2989m<br>좌표: 35.761119°N, 128.011778°E<br><br><a href="https://map.naver.com/v5/search/35.7611194999992,128.011777833333">📍 네이버 지도</a>]]></description>
        <styleUrl>#tri</styleUrl>
        <Point><coordinates>128.011777833333,35.7611194999992,0</coordinates></Point>
      </Placemark>
      <Placemark><name>◎ U0720</name>
        <description><![CDATA[<b>통합기준점</b><br>명칭: U0720<br>P1 #78 원점에서 3600m<br>좌표: 35.800406°N, 128.023989°E<br><br><a href="https://map.naver.com/v5/search/35.8004062722215,128.023989436111">📍 네이버 지도</a>]]></description>
        <styleUrl>#uni</styleUrl>
        <Point><coordinates>128.023989436111,35.8004062722215,0</coordinates></Point>
      </Placemark>
      <Placemark><name>△ 가야311</name>
        <description><![CDATA[<b>삼각점</b><br>명칭: 가야311<br>P1 #78 원점에서 3831m<br>좌표: 35.796455°N, 128.012872°E<br><br><a href="https://map.naver.com/v5/search/35.7964554722215,128.012872027778">📍 네이버 지도</a>]]></description>
        <styleUrl>#tri</styleUrl>
        <Point><coordinates>128.012872027778,35.7964554722215,0</coordinates></Point>
      </Placemark>
      <Placemark><name>△ 합천403</name>
        <description><![CDATA[<b>삼각점</b><br>명칭: 합천403<br>P1 #78 원점에서 3925m<br>좌표: 35.738854°N, 128.025695°E<br><br><a href="https://map.naver.com/v5/search/35.738853527777,128.025694972222">📍 네이버 지도</a>]]></description>
        <styleUrl>#tri</styleUrl>
        <Point><coordinates>128.025694972222,35.738853527777,0</coordinates></Point>
      </Placemark>
      <Placemark><name>△ 가야450</name>
        <description><![CDATA[<b>삼각점</b><br>명칭: 가야450<br>P1 #78 원점에서 4602m<br>좌표: 35.812701°N, 128.048888°E<br><br><a href="https://map.naver.com/v5/search/35.8127008333326,128.048888027778">📍 네이버 지도</a>]]></description>
        <styleUrl>#tri</styleUrl>
        <Point><coordinates>128.048888027778,35.8127008333326,0</coordinates></Point>
      </Placemark>
      <Placemark><name>◎ U합천04</name>
        <description><![CDATA[<b>통합기준점</b><br>명칭: U합천04<br>P1 #78 원점에서 4741m<br>좌표: 35.746020°N, 128.084306°E<br><br><a href="https://map.naver.com/v5/search/35.7460199166659,128.084305891667">📍 네이버 지도</a>]]></description>
        <styleUrl>#uni</styleUrl>
        <Point><coordinates>128.084305891667,35.7460199166659,0</coordinates></Point>
      </Placemark>
      <Placemark><name>△ 가야313</name>
        <description><![CDATA[<b>삼각점</b><br>명칭: 가야313<br>P1 #78 원점에서 4767m<br>좌표: 35.807811°N, 128.070604°E<br><br><a href="https://map.naver.com/v5/search/35.8078108611104,128.070603611111">📍 네이버 지도</a>]]></description>
        <styleUrl>#tri</styleUrl>
        <Point><coordinates>128.070603611111,35.8078108611104,0</coordinates></Point>
      </Placemark>
    </Folder>
  </Folder>
  <Folder>
    <name>#84 (37.75°N 128.06°E) 국가58.1점</name>
    <description>서브격자 상위5개 / 근접 기준점17개</description>
    <Placemark><name>▶ P1 #84 중심</name>
      <description><![CDATA[P1 국가격자 후보지<br>점수: 58.1점<br>좌표: 37.75472°N, 128.05641°E<br>서브격자 후보: 5개 / 근접 기준점: 17개<br><br><a href="https://map.naver.com/v5/search/37.75472,128.05641">📍 네이버 지도</a>]]></description>
      <styleUrl>#center</styleUrl>
      <Point><coordinates>128.05641,37.75472,0</coordinates></Point>
    </Placemark>
    <Folder><name>📍 서브격자 후보 (5개)</name>
      <Placemark><name>#1 92.6점</name>
        <description><![CDATA[사이트 #84 / 서브격자 1위
종합점수: 92.6점
좌표: 37.763510°N, 128.101889°E

② 지형: 13.6 / 15점 (경사 2.83°)
③ 전력·철도: 14.7 / 15점
④ 인구이격: 14.6 / 15점
⑤ 모델기여: 8.0 / 10점
⑥ 암상: 4.7 / 5점
도로: 372m

네이버: https://map.naver.com/v5/search/37.76351,128.101889
카카오: https://map.kakao.com/link/map/P84-1,37.76351,128.101889]]></description>
        <styleUrl>#top1</styleUrl>
        <Point><coordinates>128.101889,37.76351,0</coordinates></Point>
      </Placemark>
      <Placemark><name>#2 91.7점</name>
        <description><![CDATA[사이트 #84 / 서브격자 2위
종합점수: 91.7점
좌표: 37.754554°N, 128.090465°E

② 지형: 14.2 / 15점 (경사 1.52°)
③ 전력·철도: 14.7 / 15점
④ 인구이격: 13.4 / 15점
⑤ 모델기여: 8.0 / 10점
⑥ 암상: 4.7 / 5점
도로: 951m

네이버: https://map.naver.com/v5/search/37.754554,128.090465
카카오: https://map.kakao.com/link/map/P84-2,37.754554,128.090465]]></description>
        <styleUrl>#top5</styleUrl>
        <Point><coordinates>128.090465,37.754554,0</coordinates></Point>
      </Placemark>
      <Placemark><name>#3 91.2점</name>
        <description><![CDATA[사이트 #84 / 서브격자 3위
종합점수: 91.2점
좌표: 37.772746°N, 128.056545°E

② 지형: 13.5 / 15점 (경사 3.05°)
③ 전력·철도: 14.1 / 15점
④ 인구이격: 14.5 / 15점
⑤ 모델기여: 8.0 / 10점
⑥ 암상: 4.7 / 5점
도로: 312m

네이버: https://map.naver.com/v5/search/37.772746,128.056545
카카오: https://map.kakao.com/link/map/P84-3,37.772746,128.056545]]></description>
        <styleUrl>#top5</styleUrl>
        <Point><coordinates>128.056545,37.772746,0</coordinates></Point>
      </Placemark>
      <Placemark><name>#4 90.4점</name>
        <description><![CDATA[사이트 #84 / 서브격자 4위
종합점수: 90.4점
좌표: 37.754611°N, 128.079113°E

② 지형: 13.6 / 15점 (경사 2.83°)
③ 전력·철도: 14.6 / 15점
④ 인구이격: 13.4 / 15점
⑤ 모델기여: 8.0 / 10점
⑥ 암상: 4.6 / 5점
도로: 899m

네이버: https://map.naver.com/v5/search/37.754611,128.079113
카카오: https://map.kakao.com/link/map/P84-4,37.754611,128.079113]]></description>
        <styleUrl>#top5</styleUrl>
        <Point><coordinates>128.079113,37.754611,0</coordinates></Point>
      </Placemark>
      <Placemark><name>#5 90.3점</name>
        <description><![CDATA[사이트 #84 / 서브격자 5위
종합점수: 90.3점
좌표: 37.736900°N, 128.010879°E

② 지형: 13.3 / 15점 (경사 3.48°)
③ 전력·철도: 13.9 / 15점
④ 인구이격: 14.6 / 15점
⑤ 모델기여: 8.0 / 10점
⑥ 암상: 4.5 / 5점
도로: 153m

네이버: https://map.naver.com/v5/search/37.7369,128.010879
카카오: https://map.kakao.com/link/map/P84-5,37.7369,128.010879]]></description>
        <styleUrl>#top5</styleUrl>
        <Point><coordinates>128.010879,37.7369,0</coordinates></Point>
      </Placemark>
    </Folder>
    <Folder><name>📐 근접 기준점 (17개)</name>
      <Placemark><name>△ 어론448</name>
        <description><![CDATA[<b>삼각점</b><br>명칭: 어론448<br>P1 #84 원점에서 706m<br>좌표: 37.756869°N, 128.063955°E<br><br><a href="https://map.naver.com/v5/search/37.7568694999999,128.063954777778">📍 네이버 지도</a>]]></description>
        <styleUrl>#tri</styleUrl>
        <Point><coordinates>128.063954777778,37.7568694999999,0</coordinates></Point>
      </Placemark>
      <Placemark><name>△ 청일408</name>
        <description><![CDATA[<b>삼각점</b><br>명칭: 청일408<br>P1 #84 원점에서 1715m<br>좌표: 37.751458°N, 128.075440°E<br><br><a href="https://map.naver.com/v5/search/37.7514580277777,128.075440111111">📍 네이버 지도</a>]]></description>
        <styleUrl>#tri</styleUrl>
        <Point><coordinates>128.075440111111,37.7514580277777,0</coordinates></Point>
      </Placemark>
      <Placemark><name>△ 청일301</name>
        <description><![CDATA[<b>삼각점</b><br>명칭: 청일301<br>P1 #84 원점에서 1925m<br>좌표: 37.737390°N, 128.055335°E<br><br><a href="https://map.naver.com/v5/search/37.7373900277777,128.055334861111">📍 네이버 지도</a>]]></description>
        <styleUrl>#tri</styleUrl>
        <Point><coordinates>128.055334861111,37.7373900277777,0</coordinates></Point>
      </Placemark>
      <Placemark><name>◎ U청일03</name>
        <description><![CDATA[<b>통합기준점</b><br>명칭: U청일03<br>P1 #84 원점에서 2152m<br>좌표: 37.748739°N, 128.033168°E<br><br><a href="https://map.naver.com/v5/search/37.7487391999999,128.033168194444">📍 네이버 지도</a>]]></description>
        <styleUrl>#uni</styleUrl>
        <Point><coordinates>128.033168194444,37.7487391999999,0</coordinates></Point>
      </Placemark>
      <Placemark><name>◎ U청일04</name>
        <description><![CDATA[<b>통합기준점</b><br>명칭: U청일04<br>P1 #84 원점에서 2261m<br>좌표: 37.744066°N, 128.078284°E<br><br><a href="https://map.naver.com/v5/search/37.7440657166666,128.078284430556">📍 네이버 지도</a>]]></description>
        <styleUrl>#uni</styleUrl>
        <Point><coordinates>128.078284430556,37.7440657166666,0</coordinates></Point>
      </Placemark>
      <Placemark><name>△ 어론445</name>
        <description><![CDATA[<b>삼각점</b><br>명칭: 어론445<br>P1 #84 원점에서 2300m<br>좌표: 37.761909°N, 128.031918°E<br><br><a href="https://map.naver.com/v5/search/37.7619086944444,128.031918083333">📍 네이버 지도</a>]]></description>
        <styleUrl>#tri</styleUrl>
        <Point><coordinates>128.031918083333,37.7619086944444,0</coordinates></Point>
      </Placemark>
      <Placemark><name>△ 청일403</name>
        <description><![CDATA[<b>삼각점</b><br>명칭: 청일403<br>P1 #84 원점에서 3042m<br>좌표: 37.750702°N, 128.022254°E<br><br><a href="https://map.naver.com/v5/search/37.7507022499999,128.022254194444">📍 네이버 지도</a>]]></description>
        <styleUrl>#tri</styleUrl>
        <Point><coordinates>128.022254194444,37.7507022499999,0</coordinates></Point>
      </Placemark>
      <Placemark><name>△ 청일407</name>
        <description><![CDATA[<b>삼각점</b><br>명칭: 청일407<br>P1 #84 원점에서 3095m<br>좌표: 37.729454°N, 128.071295°E<br><br><a href="https://map.naver.com/v5/search/37.7294538333332,128.071294722222">📍 네이버 지도</a>]]></description>
        <styleUrl>#tri</styleUrl>
        <Point><coordinates>128.071294722222,37.7294538333332,0</coordinates></Point>
      </Placemark>
      <Placemark><name>△ 어론27</name>
        <description><![CDATA[<b>삼각점</b><br>명칭: 어론27<br>P1 #84 원점에서 3271m<br>좌표: 37.769371°N, 128.088630°E<br><br><a href="https://map.naver.com/v5/search/37.7693705277777,128.088629861111">📍 네이버 지도</a>]]></description>
        <styleUrl>#tri</styleUrl>
        <Point><coordinates>128.088629861111,37.7693705277777,0</coordinates></Point>
      </Placemark>
      <Placemark><name>◎ U청일33</name>
        <description><![CDATA[<b>통합기준점</b><br>명칭: U청일33<br>P1 #84 원점에서 3659m<br>좌표: 37.730309°N, 128.084332°E<br><br><a href="https://map.naver.com/v5/search/37.7303087694443,128.084331686111">📍 네이버 지도</a>]]></description>
        <styleUrl>#uni</styleUrl>
        <Point><coordinates>128.084331686111,37.7303087694443,0</coordinates></Point>
      </Placemark>
      <Placemark><name>◎ U청일32</name>
        <description><![CDATA[<b>통합기준점</b><br>명칭: U청일32<br>P1 #84 원점에서 3701m<br>좌표: 37.725209°N, 128.036837°E<br><br><a href="https://map.naver.com/v5/search/37.7252089916666,128.036836672222">📍 네이버 지도</a>]]></description>
        <styleUrl>#uni</styleUrl>
        <Point><coordinates>128.036836672222,37.7252089916666,0</coordinates></Point>
      </Placemark>
      <Placemark><name>△ 어론447</name>
        <description><![CDATA[<b>삼각점</b><br>명칭: 어론447<br>P1 #84 원점에서 3892m<br>좌표: 37.789787°N, 128.057492°E<br><br><a href="https://map.naver.com/v5/search/37.7897866388888,128.057492305556">📍 네이버 지도</a>]]></description>
        <styleUrl>#tri</styleUrl>
        <Point><coordinates>128.057492305556,37.7897866388888,0</coordinates></Point>
      </Placemark>
      <Placemark><name>△ 어론449</name>
        <description><![CDATA[<b>삼각점</b><br>명칭: 어론449<br>P1 #84 원점에서 4185m<br>좌표: 37.789132°N, 128.075862°E<br><br><a href="https://map.naver.com/v5/search/37.7891318333333,128.075861944444">📍 네이버 지도</a>]]></description>
        <styleUrl>#tri</styleUrl>
        <Point><coordinates>128.075861944444,37.7891318333333,0</coordinates></Point>
      </Placemark>
      <Placemark><name>△ 청일405</name>
        <description><![CDATA[<b>삼각점</b><br>명칭: 청일405<br>P1 #84 원점에서 4286m<br>좌표: 37.717534°N, 128.043232°E<br><br><a href="https://map.naver.com/v5/search/37.7175340833332,128.043232138889">📍 네이버 지도</a>]]></description>
        <styleUrl>#tri</styleUrl>
        <Point><coordinates>128.043232138889,37.7175340833332,0</coordinates></Point>
      </Placemark>
      <Placemark><name>△ 어론444</name>
        <description><![CDATA[<b>삼각점</b><br>명칭: 어론444<br>P1 #84 원점에서 4399m<br>좌표: 37.783575°N, 128.022150°E<br><br><a href="https://map.naver.com/v5/search/37.7835747499999,128.022149861111">📍 네이버 지도</a>]]></description>
        <styleUrl>#tri</styleUrl>
        <Point><coordinates>128.022149861111,37.7835747499999,0</coordinates></Point>
      </Placemark>
      <Placemark><name>△ 어론442</name>
        <description><![CDATA[<b>삼각점</b><br>명칭: 어론442<br>P1 #84 원점에서 4680m<br>좌표: 37.766273°N, 128.005316°E<br><br><a href="https://map.naver.com/v5/search/37.7662727777777,128.005316166667">📍 네이버 지도</a>]]></description>
        <styleUrl>#tri</styleUrl>
        <Point><coordinates>128.005316166667,37.7662727777777,0</coordinates></Point>
      </Placemark>
      <Placemark><name>△ 청일411</name>
        <description><![CDATA[<b>삼각점</b><br>명칭: 청일411<br>P1 #84 원점에서 4924m<br>좌표: 37.743804°N, 128.110584°E<br><br><a href="https://map.naver.com/v5/search/37.7438035833332,128.110583527778">📍 네이버 지도</a>]]></description>
        <styleUrl>#tri</styleUrl>
        <Point><coordinates>128.110583527778,37.7438035833332,0</coordinates></Point>
      </Placemark>
    </Folder>
  </Folder>
  <Folder>
    <name>#87 (35.77°N 128.15°E) 국가57.7점</name>
    <description>서브격자 상위5개 / 근접 기준점12개</description>
    <Placemark><name>▶ P1 #87 중심</name>
      <description><![CDATA[P1 국가격자 후보지<br>점수: 57.7점<br>좌표: 35.77101°N, 128.15289°E<br>서브격자 후보: 5개 / 근접 기준점: 12개<br><br><a href="https://map.naver.com/v5/search/35.77101,128.15289">📍 네이버 지도</a>]]></description>
      <styleUrl>#center</styleUrl>
      <Point><coordinates>128.15289,35.77101,0</coordinates></Point>
    </Placemark>
    <Folder><name>📍 서브격자 후보 (5개)</name>
      <Placemark><name>#1 90.1점</name>
        <description><![CDATA[사이트 #87 / 서브격자 1위
종합점수: 90.1점
좌표: 35.807249°N, 128.119982°E

② 지형: 11.8 / 15점 (경사 6.4°)
③ 전력·철도: 14.8 / 15점
④ 인구이격: 15.0 / 15점
⑤ 모델기여: 10.0 / 10점
⑥ 암상: 2.5 / 5점
도로: 1588m

네이버: https://map.naver.com/v5/search/35.807249,128.119982
카카오: https://map.kakao.com/link/map/P87-1,35.807249,128.119982]]></description>
        <styleUrl>#top1</styleUrl>
        <Point><coordinates>128.119982,35.807249,0</coordinates></Point>
      </Placemark>
      <Placemark><name>#2 88.9점</name>
        <description><![CDATA[사이트 #87 / 서브격자 2위
종합점수: 88.9점
좌표: 35.789101°N, 128.141972°E

② 지형: 12.0 / 15점 (경사 6.06°)
③ 전력·철도: 14.7 / 15점
④ 인구이격: 14.2 / 15점
⑤ 모델기여: 10.0 / 10점
⑥ 암상: 2.5 / 5점
도로: 30m

네이버: https://map.naver.com/v5/search/35.789101,128.141972
카카오: https://map.kakao.com/link/map/P87-2,35.789101,128.141972]]></description>
        <styleUrl>#top5</styleUrl>
        <Point><coordinates>128.141972,35.789101,0</coordinates></Point>
      </Placemark>
      <Placemark><name>#3 88.4점</name>
        <description><![CDATA[사이트 #87 / 서브격자 3위
종합점수: 88.4점
좌표: 35.788981°N, 128.164103°E

② 지형: 11.1 / 15점 (경사 7.88°)
③ 전력·철도: 14.9 / 15점
④ 인구이격: 14.6 / 15점
⑤ 모델기여: 10.0 / 10점
⑥ 암상: 2.5 / 5점
도로: 480m

네이버: https://map.naver.com/v5/search/35.788981,128.164103
카카오: https://map.kakao.com/link/map/P87-3,35.788981,128.164103]]></description>
        <styleUrl>#top5</styleUrl>
        <Point><coordinates>128.164103,35.788981,0</coordinates></Point>
      </Placemark>
      <Placemark><name>#4 88.3점</name>
        <description><![CDATA[사이트 #87 / 서브격자 4위
종합점수: 88.3점
좌표: 35.771298°N, 128.097576°E

② 지형: 11.6 / 15점 (경사 6.76°)
③ 전력·철도: 14.0 / 15점
④ 인구이격: 14.8 / 15점
⑤ 모델기여: 10.0 / 10점
⑥ 암상: 2.5 / 5점
도로: 1068m

네이버: https://map.naver.com/v5/search/35.771298,128.097576
카카오: https://map.kakao.com/link/map/P87-4,35.771298,128.097576]]></description>
        <styleUrl>#top5</styleUrl>
        <Point><coordinates>128.097576,35.771298,0</coordinates></Point>
      </Placemark>
      <Placemark><name>#5 88.0점</name>
        <description><![CDATA[사이트 #87 / 서브격자 5위
종합점수: 88.0점
좌표: 35.743963°N, 128.152669°E

② 지형: 12.5 / 15점 (경사 4.94°)
③ 전력·철도: 14.6 / 15점
④ 인구이격: 13.2 / 15점
⑤ 모델기여: 10.0 / 10점
⑥ 암상: 2.5 / 5점
도로: 243m

네이버: https://map.naver.com/v5/search/35.743963,128.152669
카카오: https://map.kakao.com/link/map/P87-5,35.743963,128.152669]]></description>
        <styleUrl>#top5</styleUrl>
        <Point><coordinates>128.152669,35.743963,0</coordinates></Point>
      </Placemark>
    </Folder>
    <Folder><name>📐 근접 기준점 (12개)</name>
      <Placemark><name>△ 가야316</name>
        <description><![CDATA[<b>삼각점</b><br>명칭: 가야316<br>P1 #87 원점에서 990m<br>좌표: 35.774267°N, 128.163084°E<br><br><a href="https://map.naver.com/v5/search/35.7742670555548,128.163083666667">📍 네이버 지도</a>]]></description>
        <styleUrl>#tri</styleUrl>
        <Point><coordinates>128.163083666667,35.7742670555548,0</coordinates></Point>
      </Placemark>
      <Placemark><name>△ 가야459</name>
        <description><![CDATA[<b>삼각점</b><br>명칭: 가야459<br>P1 #87 원점에서 1993m<br>좌표: 35.754333°N, 128.161091°E<br><br><a href="https://map.naver.com/v5/search/35.7543334999992,128.161091277778">📍 네이버 지도</a>]]></description>
        <styleUrl>#tri</styleUrl>
        <Point><coordinates>128.161091277778,35.7543334999992,0</coordinates></Point>
      </Placemark>
      <Placemark><name>△ 가야315</name>
        <description><![CDATA[<b>삼각점</b><br>명칭: 가야315<br>P1 #87 원점에서 2159m<br>좌표: 35.784292°N, 128.135430°E<br><br><a href="https://map.naver.com/v5/search/35.7842923055548,128.135429722222">📍 네이버 지도</a>]]></description>
        <styleUrl>#tri</styleUrl>
        <Point><coordinates>128.135429722222,35.7842923055548,0</coordinates></Point>
      </Placemark>
      <Placemark><name>△ 가야462</name>
        <description><![CDATA[<b>삼각점</b><br>명칭: 가야462<br>P1 #87 원점에서 2629m<br>좌표: 35.769970°N, 128.181948°E<br><br><a href="https://map.naver.com/v5/search/35.7699701111104,128.181948166667">📍 네이버 지도</a>]]></description>
        <styleUrl>#tri</styleUrl>
        <Point><coordinates>128.181948166667,35.7699701111104,0</coordinates></Point>
      </Placemark>
      <Placemark><name>◎ U0800</name>
        <description><![CDATA[<b>통합기준점</b><br>명칭: U0800<br>P1 #87 원점에서 3314m<br>좌표: 35.749196°N, 128.127846°E<br><br><a href="https://map.naver.com/v5/search/35.7491955111104,128.127845886111">📍 네이버 지도</a>]]></description>
        <styleUrl>#uni</styleUrl>
        <Point><coordinates>128.127845886111,35.7491955111104,0</coordinates></Point>
      </Placemark>
      <Placemark><name>△ 가야463</name>
        <description><![CDATA[<b>삼각점</b><br>명칭: 가야463<br>P1 #87 원점에서 3343m<br>좌표: 35.784986°N, 128.185656°E<br><br><a href="https://map.naver.com/v5/search/35.7849858055548,128.185655583333">📍 네이버 지도</a>]]></description>
        <styleUrl>#tri</styleUrl>
        <Point><coordinates>128.185655583333,35.7849858055548,0</coordinates></Point>
      </Placemark>
      <Placemark><name>◎ U가야98</name>
        <description><![CDATA[<b>통합기준점</b><br>명칭: U가야98<br>P1 #87 원점에서 3425m<br>좌표: 35.773469°N, 128.190662°E<br><br><a href="https://map.naver.com/v5/search/35.7734687638881,128.190661713889">📍 네이버 지도</a>]]></description>
        <styleUrl>#uni</styleUrl>
        <Point><coordinates>128.190661713889,35.7734687638881,0</coordinates></Point>
      </Placemark>
      <Placemark><name>△ 가야456</name>
        <description><![CDATA[<b>삼각점</b><br>명칭: 가야456<br>P1 #87 원점에서 3443m<br>좌표: 35.755639°N, 128.119796°E<br><br><a href="https://map.naver.com/v5/search/35.7556389722215,128.119795666667">📍 네이버 지도</a>]]></description>
        <styleUrl>#tri</styleUrl>
        <Point><coordinates>128.119795666667,35.7556389722215,0</coordinates></Point>
      </Placemark>
      <Placemark><name>△ 가야458</name>
        <description><![CDATA[<b>삼각점</b><br>명칭: 가야458<br>P1 #87 원점에서 3566m<br>좌표: 35.803091°N, 128.155408°E<br><br><a href="https://map.naver.com/v5/search/35.8030906944437,128.155408472222">📍 네이버 지도</a>]]></description>
        <styleUrl>#tri</styleUrl>
        <Point><coordinates>128.155408472222,35.8030906944437,0</coordinates></Point>
      </Placemark>
      <Placemark><name>△ 합천413</name>
        <description><![CDATA[<b>삼각점</b><br>명칭: 합천413<br>P1 #87 원점에서 4004m<br>좌표: 35.735456°N, 128.145234°E<br><br><a href="https://map.naver.com/v5/search/35.7354556944437,128.145234111111">📍 네이버 지도</a>]]></description>
        <styleUrl>#tri</styleUrl>
        <Point><coordinates>128.145234111111,35.7354556944437,0</coordinates></Point>
      </Placemark>
      <Placemark><name>△ 가야314</name>
        <description><![CDATA[<b>삼각점</b><br>명칭: 가야314<br>P1 #87 원점에서 4652m<br>좌표: 35.762623°N, 128.102470°E<br><br><a href="https://map.naver.com/v5/search/35.762622777777,128.102469944444">📍 네이버 지도</a>]]></description>
        <styleUrl>#tri</styleUrl>
        <Point><coordinates>128.102469944444,35.762622777777,0</coordinates></Point>
      </Placemark>
      <Placemark><name>△ 가야461</name>
        <description><![CDATA[<b>삼각점</b><br>명칭: 가야461<br>P1 #87 원점에서 4893m<br>좌표: 35.810999°N, 128.175749°E<br><br><a href="https://map.naver.com/v5/search/35.8109989166659,128.1757495">📍 네이버 지도</a>]]></description>
        <styleUrl>#tri</styleUrl>
        <Point><coordinates>128.1757495,35.8109989166659,0</coordinates></Point>
      </Placemark>
    </Folder>
  </Folder>
  <Folder>
    <name>#88 (35.86°N 128.15°E) 국가58.3점</name>
    <description>서브격자 상위5개 / 근접 기준점11개</description>
    <Placemark><name>▶ P1 #88 중심</name>
      <description><![CDATA[P1 국가격자 후보지<br>점수: 58.3점<br>좌표: 35.86116°N, 128.15363°E<br>서브격자 후보: 5개 / 근접 기준점: 11개<br><br><a href="https://map.naver.com/v5/search/35.86116,128.15363">📍 네이버 지도</a>]]></description>
      <styleUrl>#center</styleUrl>
      <Point><coordinates>128.15363,35.86116,0</coordinates></Point>
    </Placemark>
    <Folder><name>📍 서브격자 후보 (5개)</name>
      <Placemark><name>#1 92.7점</name>
        <description><![CDATA[사이트 #88 / 서브격자 1위
종합점수: 92.7점
좌표: 35.843305°N, 128.120264°E

② 지형: 12.2 / 15점 (경사 5.69°)
③ 전력·철도: 14.8 / 15점
④ 인구이격: 13.8 / 15점
⑤ 모델기여: 10.0 / 10점
⑥ 암상: 4.9 / 5점
도로: 913m

네이버: https://map.naver.com/v5/search/35.843305,128.120264
카카오: https://map.kakao.com/link/map/P88-1,35.843305,128.120264]]></description>
        <styleUrl>#top1</styleUrl>
        <Point><coordinates>128.120264,35.843305,0</coordinates></Point>
      </Placemark>
      <Placemark><name>#2 90.9점</name>
        <description><![CDATA[사이트 #88 / 서브격자 2위
종합점수: 90.9점
좌표: 35.834113°N, 128.153408°E

② 지형: 11.5 / 15점 (경사 7.07°)
③ 전력·철도: 14.5 / 15점
④ 인구이격: 13.9 / 15점
⑤ 모델기여: 10.0 / 10점
⑥ 암상: 4.7 / 5점
도로: 37m

네이버: https://map.naver.com/v5/search/35.834113,128.153408
카카오: https://map.kakao.com/link/map/P88-2,35.834113,128.153408]]></description>
        <styleUrl>#top5</styleUrl>
        <Point><coordinates>128.153408,35.834113,0</coordinates></Point>
      </Placemark>
      <Placemark><name>#3 90.6점</name>
        <description><![CDATA[사이트 #88 / 서브격자 3위
종합점수: 90.6점
좌표: 35.870294°N, 128.131551°E

② 지형: 13.1 / 15점 (경사 3.82°)
③ 전력·철도: 14.2 / 15점
④ 인구이격: 12.2 / 15점
⑤ 모델기여: 10.0 / 10점
⑥ 암상: 4.8 / 5점
도로: 145m

네이버: https://map.naver.com/v5/search/35.870294,128.131551
카카오: https://map.kakao.com/link/map/P88-3,35.870294,128.131551]]></description>
        <styleUrl>#top5</styleUrl>
        <Point><coordinates>128.131551,35.870294,0</coordinates></Point>
      </Placemark>
      <Placemark><name>#4 90.4점</name>
        <description><![CDATA[사이트 #88 / 서브격자 4위
종합점수: 90.4점
좌표: 35.852321°N, 128.120334°E

② 지형: 11.1 / 15점 (경사 7.87°)
③ 전력·철도: 14.7 / 15점
④ 인구이격: 13.6 / 15점
⑤ 모델기여: 10.0 / 10점
⑥ 암상: 4.9 / 5점
도로: 61m

네이버: https://map.naver.com/v5/search/35.852321,128.120334
카카오: https://map.kakao.com/link/map/P88-4,35.852321,128.120334]]></description>
        <styleUrl>#top5</styleUrl>
        <Point><coordinates>128.120334,35.852321,0</coordinates></Point>
      </Placemark>
      <Placemark><name>#5 90.4점</name>
        <description><![CDATA[사이트 #88 / 서브격자 5위
종합점수: 90.4점
좌표: 35.834173°N, 128.142337°E

② 지형: 10.7 / 15점 (경사 8.67°)
③ 전력·철도: 14.7 / 15점
④ 인구이격: 14.1 / 15점
⑤ 모델기여: 10.0 / 10점
⑥ 암상: 4.8 / 5점
도로: 974m

네이버: https://map.naver.com/v5/search/35.834173,128.142337
카카오: https://map.kakao.com/link/map/P88-5,35.834173,128.142337]]></description>
        <styleUrl>#top5</styleUrl>
        <Point><coordinates>128.142337,35.834173,0</coordinates></Point>
      </Placemark>
    </Folder>
    <Folder><name>📐 근접 기준점 (11개)</name>
      <Placemark><name>△ 가야433</name>
        <description><![CDATA[<b>삼각점</b><br>명칭: 가야433<br>P1 #88 원점에서 664m<br>좌표: 35.856613°N, 128.148845°E<br><br><a href="https://map.naver.com/v5/search/35.8566125555548,128.148845222222">📍 네이버 지도</a>]]></description>
        <styleUrl>#tri</styleUrl>
        <Point><coordinates>128.148845222222,35.8566125555548,0</coordinates></Point>
      </Placemark>
      <Placemark><name>△ 가야434</name>
        <description><![CDATA[<b>삼각점</b><br>명칭: 가야434<br>P1 #88 원점에서 1840m<br>좌표: 35.877054°N, 128.147793°E<br><br><a href="https://map.naver.com/v5/search/35.8770544444437,128.147792722222">📍 네이버 지도</a>]]></description>
        <styleUrl>#tri</styleUrl>
        <Point><coordinates>128.147792722222,35.8770544444437,0</coordinates></Point>
      </Placemark>
      <Placemark><name>△ 가야306</name>
        <description><![CDATA[<b>삼각점</b><br>명칭: 가야306<br>P1 #88 원점에서 2250m<br>좌표: 35.853065°N, 128.176479°E<br><br><a href="https://map.naver.com/v5/search/35.8530650833326,128.1764785">📍 네이버 지도</a>]]></description>
        <styleUrl>#tri</styleUrl>
        <Point><coordinates>128.1764785,35.8530650833326,0</coordinates></Point>
      </Placemark>
      <Placemark><name>△ 가야436</name>
        <description><![CDATA[<b>삼각점</b><br>명칭: 가야436<br>P1 #88 원점에서 2707m<br>좌표: 35.840472°N, 128.137732°E<br><br><a href="https://map.naver.com/v5/search/35.8404719166659,128.137732194444">📍 네이버 지도</a>]]></description>
        <styleUrl>#tri</styleUrl>
        <Point><coordinates>128.137732194444,35.8404719166659,0</coordinates></Point>
      </Placemark>
      <Placemark><name>△ 가야308</name>
        <description><![CDATA[<b>삼각점</b><br>명칭: 가야308<br>P1 #88 원점에서 2918m<br>좌표: 35.857972°N, 128.121550°E<br><br><a href="https://map.naver.com/v5/search/35.8579718055548,128.121550416667">📍 네이버 지도</a>]]></description>
        <styleUrl>#tri</styleUrl>
        <Point><coordinates>128.121550416667,35.8579718055548,0</coordinates></Point>
      </Placemark>
      <Placemark><name>◎ U0718</name>
        <description><![CDATA[<b>통합기준점</b><br>명칭: U0718<br>P1 #88 원점에서 2986m<br>좌표: 35.885335°N, 128.168194°E<br><br><a href="https://map.naver.com/v5/search/35.8853351611104,128.168193936111">📍 네이버 지도</a>]]></description>
        <styleUrl>#uni</styleUrl>
        <Point><coordinates>128.168193936111,35.8853351611104,0</coordinates></Point>
      </Placemark>
      <Placemark><name>△ 가야432</name>
        <description><![CDATA[<b>삼각점</b><br>명칭: 가야432<br>P1 #88 원점에서 3145m<br>좌표: 35.883921°N, 128.174399°E<br><br><a href="https://map.naver.com/v5/search/35.8839214444437,128.174399138889">📍 네이버 지도</a>]]></description>
        <styleUrl>#tri</styleUrl>
        <Point><coordinates>128.174399138889,35.8839214444437,0</coordinates></Point>
      </Placemark>
      <Placemark><name>△ 가야460</name>
        <description><![CDATA[<b>삼각점</b><br>명칭: 가야460<br>P1 #88 원점에서 3674m<br>좌표: 35.833929°N, 128.176790°E<br><br><a href="https://map.naver.com/v5/search/35.8339286666659,128.1767895">📍 네이버 지도</a>]]></description>
        <styleUrl>#tri</styleUrl>
        <Point><coordinates>128.1767895,35.8339286666659,0</coordinates></Point>
      </Placemark>
      <Placemark><name>△ 가야437</name>
        <description><![CDATA[<b>삼각점</b><br>명칭: 가야437<br>P1 #88 원점에서 3882m<br>좌표: 35.878270°N, 128.116118°E<br><br><a href="https://map.naver.com/v5/search/35.8782703888882,128.116117861111">📍 네이버 지도</a>]]></description>
        <styleUrl>#tri</styleUrl>
        <Point><coordinates>128.116117861111,35.8782703888882,0</coordinates></Point>
      </Placemark>
      <Placemark><name>△ 가야435</name>
        <description><![CDATA[<b>삼각점</b><br>명칭: 가야435<br>P1 #88 원점에서 4468m<br>좌표: 35.899077°N, 128.136923°E<br><br><a href="https://map.naver.com/v5/search/35.8990773055548,128.136923222222">📍 네이버 지도</a>]]></description>
        <styleUrl>#tri</styleUrl>
        <Point><coordinates>128.136923222222,35.8990773055548,0</coordinates></Point>
      </Placemark>
      <Placemark><name>◎ U가야55</name>
        <description><![CDATA[<b>통합기준점</b><br>명칭: U가야55<br>P1 #88 원점에서 4595m<br>좌표: 35.858286°N, 128.102866°E<br><br><a href="https://map.naver.com/v5/search/35.8582860611104,128.102865677778">📍 네이버 지도</a>]]></description>
        <styleUrl>#uni</styleUrl>
        <Point><coordinates>128.102865677778,35.8582860611104,0</coordinates></Point>
      </Placemark>
    </Folder>
  </Folder>
  <Folder>
    <name>#89 (36.85°N 128.16°E) 국가58.6점</name>
    <description>서브격자 상위5개 / 근접 기준점11개</description>
    <Placemark><name>▶ P1 #89 중심</name>
      <description><![CDATA[P1 국가격자 후보지<br>점수: 58.6점<br>좌표: 36.85279°N, 128.16198°E<br>서브격자 후보: 5개 / 근접 기준점: 11개<br><br><a href="https://map.naver.com/v5/search/36.85279,128.16198">📍 네이버 지도</a>]]></description>
      <styleUrl>#center</styleUrl>
      <Point><coordinates>128.16198,36.85279,0</coordinates></Point>
    </Placemark>
    <Folder><name>📍 서브격자 후보 (5개)</name>
      <Placemark><name>#1 90.2점</name>
        <description><![CDATA[사이트 #89 / 서브격자 1위
종합점수: 90.2점
좌표: 36.843776°N, 128.161902°E

② 지형: 11.9 / 15점 (경사 6.12°)
③ 전력·철도: 15.0 / 15점
④ 인구이격: 14.6 / 15점
⑤ 모델기여: 8.0 / 10점
⑥ 암상: 4.6 / 5점
도로: 1404m

네이버: https://map.naver.com/v5/search/36.843776,128.161902
카카오: https://map.kakao.com/link/map/P89-1,36.843776,128.161902]]></description>
        <styleUrl>#top1</styleUrl>
        <Point><coordinates>128.161902,36.843776,0</coordinates></Point>
      </Placemark>
      <Placemark><name>#2 89.3점</name>
        <description><![CDATA[사이트 #89 / 서브격자 2위
종합점수: 89.3점
좌표: 36.852598°N, 128.195630°E

② 지형: 11.8 / 15점 (경사 6.43°)
③ 전력·철도: 15.0 / 15점
④ 인구이격: 14.2 / 15점
⑤ 모델기여: 8.0 / 10점
⑥ 암상: 4.6 / 5점
도로: 1527m

네이버: https://map.naver.com/v5/search/36.852598,128.19563
카카오: https://map.kakao.com/link/map/P89-2,36.852598,128.19563]]></description>
        <styleUrl>#top5</styleUrl>
        <Point><coordinates>128.19563,36.852598,0</coordinates></Point>
      </Placemark>
      <Placemark><name>#3 88.7점</name>
        <description><![CDATA[사이트 #89 / 서브격자 3위
종합점수: 88.7점
좌표: 36.852790°N, 128.161980°E

② 지형: 11.3 / 15점 (경사 7.43°)
③ 전력·철도: 15.0 / 15점
④ 인구이격: 14.2 / 15점
⑤ 모델기여: 8.0 / 10점
⑥ 암상: 4.7 / 5점
도로: 464m

네이버: https://map.naver.com/v5/search/36.85279,128.16198
카카오: https://map.kakao.com/link/map/P89-3,36.85279,128.16198]]></description>
        <styleUrl>#top5</styleUrl>
        <Point><coordinates>128.16198,36.85279,0</coordinates></Point>
      </Placemark>
      <Placemark><name>#4 88.3점</name>
        <description><![CDATA[사이트 #89 / 서브격자 4위
종합점수: 88.3점
좌표: 36.853089°N, 128.105896°E

② 지형: 10.6 / 15점 (경사 8.8°)
③ 전력·철도: 15.0 / 15점
④ 인구이격: 14.5 / 15점
⑤ 모델기여: 8.0 / 10점
⑥ 암상: 4.9 / 5점
도로: 1166m

네이버: https://map.naver.com/v5/search/36.853089,128.105896
카카오: https://map.kakao.com/link/map/P89-4,36.853089,128.105896]]></description>
        <styleUrl>#top5</styleUrl>
        <Point><coordinates>128.105896,36.853089,0</coordinates></Point>
      </Placemark>
      <Placemark><name>#5 88.2점</name>
        <description><![CDATA[사이트 #89 / 서브격자 5위
종합점수: 88.2점
좌표: 36.852913°N, 128.139547°E

② 지형: 11.0 / 15점 (경사 7.98°)
③ 전력·철도: 15.0 / 15점
④ 인구이격: 14.1 / 15점
⑤ 모델기여: 8.0 / 10점
⑥ 암상: 4.8 / 5점
도로: 1976m

네이버: https://map.naver.com/v5/search/36.852913,128.139547
카카오: https://map.kakao.com/link/map/P89-5,36.852913,128.139547]]></description>
        <styleUrl>#top5</styleUrl>
        <Point><coordinates>128.139547,36.852913,0</coordinates></Point>
      </Placemark>
    </Folder>
    <Folder><name>📐 근접 기준점 (11개)</name>
      <Placemark><name>◎ U덕산13</name>
        <description><![CDATA[<b>통합기준점</b><br>명칭: U덕산13<br>P1 #89 원점에서 597m<br>좌표: 36.858152°N, 128.161396°E<br><br><a href="https://map.naver.com/v5/search/36.8581517861107,128.161396044444">📍 네이버 지도</a>]]></description>
        <styleUrl>#uni</styleUrl>
        <Point><coordinates>128.161396044444,36.8581517861107,0</coordinates></Point>
      </Placemark>
      <Placemark><name>△ 덕산433</name>
        <description><![CDATA[<b>삼각점</b><br>명칭: 덕산433<br>P1 #89 원점에서 1983m<br>좌표: 36.864403°N, 128.145063°E<br><br><a href="https://map.naver.com/v5/search/36.8644034166662,128.145062861111">📍 네이버 지도</a>]]></description>
        <styleUrl>#tri</styleUrl>
        <Point><coordinates>128.145062861111,36.8644034166662,0</coordinates></Point>
      </Placemark>
      <Placemark><name>△ 덕산430</name>
        <description><![CDATA[<b>삼각점</b><br>명칭: 덕산430<br>P1 #89 원점에서 2028m<br>좌표: 36.844553°N, 128.182291°E<br><br><a href="https://map.naver.com/v5/search/36.8445530833329,128.18229075">📍 네이버 지도</a>]]></description>
        <styleUrl>#tri</styleUrl>
        <Point><coordinates>128.18229075,36.8445530833329,0</coordinates></Point>
      </Placemark>
      <Placemark><name>△ 덕산307</name>
        <description><![CDATA[<b>삼각점</b><br>명칭: 덕산307<br>P1 #89 원점에서 2697m<br>좌표: 36.874406°N, 128.175835°E<br><br><a href="https://map.naver.com/v5/search/36.874406194444,128.1758345">📍 네이버 지도</a>]]></description>
        <styleUrl>#tri</styleUrl>
        <Point><coordinates>128.1758345,36.874406194444,0</coordinates></Point>
      </Placemark>
      <Placemark><name>△ 덕산313</name>
        <description><![CDATA[<b>삼각점</b><br>명칭: 덕산313<br>P1 #89 원점에서 2934m<br>좌표: 36.833227°N, 128.139841°E<br><br><a href="https://map.naver.com/v5/search/36.8332273333329,128.139840805556">📍 네이버 지도</a>]]></description>
        <styleUrl>#tri</styleUrl>
        <Point><coordinates>128.139840805556,36.8332273333329,0</coordinates></Point>
      </Placemark>
      <Placemark><name>△ 덕산434</name>
        <description><![CDATA[<b>삼각점</b><br>명칭: 덕산434<br>P1 #89 원점에서 3187m<br>좌표: 36.852967°N, 128.126235°E<br><br><a href="https://map.naver.com/v5/search/36.8529666111107,128.126234833333">📍 네이버 지도</a>]]></description>
        <styleUrl>#tri</styleUrl>
        <Point><coordinates>128.126234833333,36.8529666111107,0</coordinates></Point>
      </Placemark>
      <Placemark><name>△ 덕산428</name>
        <description><![CDATA[<b>삼각점</b><br>명칭: 덕산428<br>P1 #89 원점에서 3920m<br>좌표: 36.868849°N, 128.201145°E<br><br><a href="https://map.naver.com/v5/search/36.8688491388885,128.201145111111">📍 네이버 지도</a>]]></description>
        <styleUrl>#tri</styleUrl>
        <Point><coordinates>128.201145111111,36.8688491388885,0</coordinates></Point>
      </Placemark>
      <Placemark><name>△ 덕산432</name>
        <description><![CDATA[<b>삼각점</b><br>명칭: 덕산432<br>P1 #89 원점에서 4357m<br>좌표: 36.891570°N, 128.154248°E<br><br><a href="https://map.naver.com/v5/search/36.8915702222218,128.154248444444">📍 네이버 지도</a>]]></description>
        <styleUrl>#tri</styleUrl>
        <Point><coordinates>128.154248444444,36.8915702222218,0</coordinates></Point>
      </Placemark>
      <Placemark><name>△ 덕산455</name>
        <description><![CDATA[<b>삼각점</b><br>명칭: 덕산455<br>P1 #89 원점에서 4571m<br>좌표: 36.816228°N, 128.138351°E<br><br><a href="https://map.naver.com/v5/search/36.8162283333329,128.138350638889">📍 네이버 지도</a>]]></description>
        <styleUrl>#tri</styleUrl>
        <Point><coordinates>128.138350638889,36.8162283333329,0</coordinates></Point>
      </Placemark>
      <Placemark><name>△ 덕산23</name>
        <description><![CDATA[<b>삼각점</b><br>명칭: 덕산23<br>P1 #89 원점에서 4618m<br>좌표: 36.850123°N, 128.213677°E<br><br><a href="https://map.naver.com/v5/search/36.8501231111107,128.213676722222">📍 네이버 지도</a>]]></description>
        <styleUrl>#tri</styleUrl>
        <Point><coordinates>128.213676722222,36.8501231111107,0</coordinates></Point>
      </Placemark>
      <Placemark><name>△ 덕산315</name>
        <description><![CDATA[<b>삼각점</b><br>명칭: 덕산315<br>P1 #89 원점에서 4718m<br>좌표: 36.817066°N, 128.190682°E<br><br><a href="https://map.naver.com/v5/search/36.8170660277773,128.190681777778">📍 네이버 지도</a>]]></description>
        <styleUrl>#tri</styleUrl>
        <Point><coordinates>128.190681777778,36.8170660277773,0</coordinates></Point>
      </Placemark>
    </Folder>
  </Folder>
  <Folder>
    <name>#94 (37.66°N 128.17°E) 국가57.7점</name>
    <description>서브격자 상위5개 / 근접 기준점22개</description>
    <Placemark><name>▶ P1 #94 중심</name>
      <description><![CDATA[P1 국가격자 후보지<br>점수: 57.7점<br>좌표: 37.664°N, 128.16911°E<br>서브격자 후보: 5개 / 근접 기준점: 22개<br><br><a href="https://map.naver.com/v5/search/37.664,128.16911">📍 네이버 지도</a>]]></description>
      <styleUrl>#center</styleUrl>
      <Point><coordinates>128.16911,37.664,0</coordinates></Point>
    </Placemark>
    <Folder><name>📍 서브격자 후보 (5개)</name>
      <Placemark><name>#1 91.0점</name>
        <description><![CDATA[사이트 #94 / 서브격자 1위
종합점수: 91.0점
좌표: 37.681895°N, 128.191952°E

② 지형: 13.2 / 15점 (경사 3.68°)
③ 전력·철도: 14.9 / 15점
④ 인구이격: 13.9 / 15점
⑤ 모델기여: 8.0 / 10점
⑥ 암상: 4.7 / 5점
도로: 507m

네이버: https://map.naver.com/v5/search/37.681895,128.191952
카카오: https://map.kakao.com/link/map/P94-1,37.681895,128.191952]]></description>
        <styleUrl>#top1</styleUrl>
        <Point><coordinates>128.191952,37.681895,0</coordinates></Point>
      </Placemark>
      <Placemark><name>#2 91.0점</name>
        <description><![CDATA[사이트 #94 / 서브격자 2위
종합점수: 91.0점
좌표: 37.691038°N, 128.169353°E

② 지형: 12.9 / 15점 (경사 4.14°)
③ 전력·철도: 14.9 / 15점
④ 인구이격: 14.3 / 15점
⑤ 모델기여: 8.0 / 10점
⑥ 암상: 4.4 / 5점
도로: 640m

네이버: https://map.naver.com/v5/search/37.691038,128.169353
카카오: https://map.kakao.com/link/map/P94-2,37.691038,128.169353]]></description>
        <styleUrl>#top5</styleUrl>
        <Point><coordinates>128.169353,37.691038,0</coordinates></Point>
      </Placemark>
      <Placemark><name>#3 90.8점</name>
        <description><![CDATA[사이트 #94 / 서브격자 3위
종합점수: 90.8점
좌표: 37.673013°N, 128.169191°E

② 지형: 12.8 / 15점 (경사 4.42°)
③ 전력·철도: 14.7 / 15점
④ 인구이격: 14.4 / 15점
⑤ 모델기여: 8.0 / 10점
⑥ 암상: 4.5 / 5점
도로: 219m

네이버: https://map.naver.com/v5/search/37.673013,128.169191
카카오: https://map.kakao.com/link/map/P94-3,37.673013,128.169191]]></description>
        <styleUrl>#top5</styleUrl>
        <Point><coordinates>128.169191,37.673013,0</coordinates></Point>
      </Placemark>
      <Placemark><name>#4 90.7점</name>
        <description><![CDATA[사이트 #94 / 서브격자 4위
종합점수: 90.7점
좌표: 37.681961°N, 128.180612°E

② 지형: 12.7 / 15점 (경사 4.6°)
③ 전력·철도: 14.9 / 15점
④ 인구이격: 14.2 / 15점
⑤ 모델기여: 8.0 / 10점
⑥ 암상: 4.6 / 5점
도로: 33m

네이버: https://map.naver.com/v5/search/37.681961,128.180612
카카오: https://map.kakao.com/link/map/P94-4,37.681961,128.180612]]></description>
        <styleUrl>#top5</styleUrl>
        <Point><coordinates>128.180612,37.681961,0</coordinates></Point>
      </Placemark>
      <Placemark><name>#5 90.4점</name>
        <description><![CDATA[사이트 #94 / 서브격자 5위
종합점수: 90.4점
좌표: 37.682026°N, 128.169272°E

② 지형: 12.3 / 15점 (경사 5.4°)
③ 전력·철도: 14.8 / 15점
④ 인구이격: 14.7 / 15점
⑤ 모델기여: 8.0 / 10점
⑥ 암상: 4.4 / 5점
도로: 218m

네이버: https://map.naver.com/v5/search/37.682026,128.169272
카카오: https://map.kakao.com/link/map/P94-5,37.682026,128.169272]]></description>
        <styleUrl>#top5</styleUrl>
        <Point><coordinates>128.169272,37.682026,0</coordinates></Point>
      </Placemark>
    </Folder>
    <Folder><name>📐 근접 기준점 (22개)</name>
      <Placemark><name>△ 청일433</name>
        <description><![CDATA[<b>삼각점</b><br>명칭: 청일433<br>P1 #94 원점에서 351m<br>좌표: 37.665607°N, 128.165684°E<br><br><a href="https://map.naver.com/v5/search/37.6656066944443,128.165684388889">📍 네이버 지도</a>]]></description>
        <styleUrl>#tri</styleUrl>
        <Point><coordinates>128.165684388889,37.6656066944443,0</coordinates></Point>
      </Placemark>
      <Placemark><name>△ 청일432</name>
        <description><![CDATA[<b>삼각점</b><br>명칭: 청일432<br>P1 #94 원점에서 1148m<br>좌표: 37.655988°N, 128.177340°E<br><br><a href="https://map.naver.com/v5/search/37.6559883055554,128.177339666667">📍 네이버 지도</a>]]></description>
        <styleUrl>#tri</styleUrl>
        <Point><coordinates>128.177339666667,37.6559883055554,0</coordinates></Point>
      </Placemark>
      <Placemark><name>◎ U청일37</name>
        <description><![CDATA[<b>통합기준점</b><br>명칭: U청일37<br>P1 #94 원점에서 1490m<br>좌표: 37.676638°N, 128.174815°E<br><br><a href="https://map.naver.com/v5/search/37.6766381083332,128.174814608333">📍 네이버 지도</a>]]></description>
        <styleUrl>#uni</styleUrl>
        <Point><coordinates>128.174814608333,37.6766381083332,0</coordinates></Point>
      </Placemark>
      <Placemark><name>◎ U청일17</name>
        <description><![CDATA[<b>통합기준점</b><br>명칭: U청일17<br>P1 #94 원점에서 1707m<br>좌표: 37.650064°N, 128.160923°E<br><br><a href="https://map.naver.com/v5/search/37.6500641555554,128.160922997222">📍 네이버 지도</a>]]></description>
        <styleUrl>#uni</styleUrl>
        <Point><coordinates>128.160922997222,37.6500641555554,0</coordinates></Point>
      </Placemark>
      <Placemark><name>△ 청일419</name>
        <description><![CDATA[<b>삼각점</b><br>명칭: 청일419<br>P1 #94 원점에서 2390m<br>좌표: 37.671617°N, 128.194457°E<br><br><a href="https://map.naver.com/v5/search/37.6716173333332,128.1944575">📍 네이버 지도</a>]]></description>
        <styleUrl>#tri</styleUrl>
        <Point><coordinates>128.1944575,37.6716173333332,0</coordinates></Point>
      </Placemark>
      <Placemark><name>△ 청일416</name>
        <description><![CDATA[<b>삼각점</b><br>명칭: 청일416<br>P1 #94 원점에서 2399m<br>좌표: 37.685367°N, 128.173298°E<br><br><a href="https://map.naver.com/v5/search/37.6853669722221,128.173297555556">📍 네이버 지도</a>]]></description>
        <styleUrl>#tri</styleUrl>
        <Point><coordinates>128.173297555556,37.6853669722221,0</coordinates></Point>
      </Placemark>
      <Placemark><name>◎ U청일41</name>
        <description><![CDATA[<b>통합기준점</b><br>명칭: U청일41<br>P1 #94 원점에서 2862m<br>좌표: 37.648542°N, 128.143141°E<br><br><a href="https://map.naver.com/v5/search/37.6485421888888,128.143140977778">📍 네이버 지도</a>]]></description>
        <styleUrl>#uni</styleUrl>
        <Point><coordinates>128.143140977778,37.6485421888888,0</coordinates></Point>
      </Placemark>
      <Placemark><name>◎ U청일35</name>
        <description><![CDATA[<b>통합기준점</b><br>명칭: U청일35<br>P1 #94 원점에서 3149m<br>좌표: 37.688621°N, 128.151344°E<br><br><a href="https://map.naver.com/v5/search/37.6886211138888,128.151344297222">📍 네이버 지도</a>]]></description>
        <styleUrl>#uni</styleUrl>
        <Point><coordinates>128.151344297222,37.6886211138888,0</coordinates></Point>
      </Placemark>
      <Placemark><name>△ 청일305</name>
        <description><![CDATA[<b>삼각점</b><br>명칭: 청일305<br>P1 #94 원점에서 3234m<br>좌표: 37.679216°N, 128.137839°E<br><br><a href="https://map.naver.com/v5/search/37.6792164999999,128.137838777778">📍 네이버 지도</a>]]></description>
        <styleUrl>#tri</styleUrl>
        <Point><coordinates>128.137838777778,37.6792164999999,0</coordinates></Point>
      </Placemark>
      <Placemark><name>△ 청일22</name>
        <description><![CDATA[<b>삼각점</b><br>명칭: 청일22<br>P1 #94 원점에서 3286m<br>좌표: 37.650253°N, 128.202112°E<br><br><a href="https://map.naver.com/v5/search/37.6502532222221,128.202112472222">📍 네이버 지도</a>]]></description>
        <styleUrl>#tri</styleUrl>
        <Point><coordinates>128.202112472222,37.6502532222221,0</coordinates></Point>
      </Placemark>
      <Placemark><name>△ 청일437</name>
        <description><![CDATA[<b>삼각점</b><br>명칭: 청일437<br>P1 #94 원점에서 3408m<br>좌표: 37.645586°N, 128.138184°E<br><br><a href="https://map.naver.com/v5/search/37.6455855555554,128.138184055556">📍 네이버 지도</a>]]></description>
        <styleUrl>#tri</styleUrl>
        <Point><coordinates>128.138184055556,37.6455855555554,0</coordinates></Point>
      </Placemark>
      <Placemark><name>△ 청일435</name>
        <description><![CDATA[<b>삼각점</b><br>명칭: 청일435<br>P1 #94 원점에서 3730m<br>좌표: 37.637312°N, 128.143403°E<br><br><a href="https://map.naver.com/v5/search/37.6373122499999,128.143402583333">📍 네이버 지도</a>]]></description>
        <styleUrl>#tri</styleUrl>
        <Point><coordinates>128.143402583333,37.6373122499999,0</coordinates></Point>
      </Placemark>
      <Placemark><name>◎ U청일38</name>
        <description><![CDATA[<b>통합기준점</b><br>명칭: U청일38<br>P1 #94 원점에서 3795m<br>좌표: 37.678191°N, 128.208259°E<br><br><a href="https://map.naver.com/v5/search/37.6781912805554,128.208259225">📍 네이버 지도</a>]]></description>
        <styleUrl>#uni</styleUrl>
        <Point><coordinates>128.208259225,37.6781912805554,0</coordinates></Point>
      </Placemark>
      <Placemark><name>◎ U청일09</name>
        <description><![CDATA[<b>통합기준점</b><br>명칭: U청일09<br>P1 #94 원점에서 3859m<br>좌표: 37.694252°N, 128.190713°E<br><br><a href="https://map.naver.com/v5/search/37.6942523083332,128.190713258333">📍 네이버 지도</a>]]></description>
        <styleUrl>#uni</styleUrl>
        <Point><coordinates>128.190713258333,37.6942523083332,0</coordinates></Point>
      </Placemark>
      <Placemark><name>△ 청일417</name>
        <description><![CDATA[<b>삼각점</b><br>명칭: 청일417<br>P1 #94 원점에서 3867m<br>좌표: 37.696176°N, 128.185966°E<br><br><a href="https://map.naver.com/v5/search/37.6961764444443,128.185966138889">📍 네이버 지도</a>]]></description>
        <styleUrl>#tri</styleUrl>
        <Point><coordinates>128.185966138889,37.6961764444443,0</coordinates></Point>
      </Placemark>
      <Placemark><name>△ 청일434</name>
        <description><![CDATA[<b>삼각점</b><br>명칭: 청일434<br>P1 #94 원점에서 4111m<br>좌표: 37.627529°N, 128.160911°E<br><br><a href="https://map.naver.com/v5/search/37.6275294444443,128.160911472222">📍 네이버 지도</a>]]></description>
        <styleUrl>#tri</styleUrl>
        <Point><coordinates>128.160911472222,37.6275294444443,0</coordinates></Point>
      </Placemark>
      <Placemark><name>△ 청일430</name>
        <description><![CDATA[<b>삼각점</b><br>명칭: 청일430<br>P1 #94 원점에서 4192m<br>좌표: 37.628966°N, 128.186914°E<br><br><a href="https://map.naver.com/v5/search/37.6289660277776,128.186914388889">📍 네이버 지도</a>]]></description>
        <styleUrl>#tri</styleUrl>
        <Point><coordinates>128.186914388889,37.6289660277776,0</coordinates></Point>
      </Placemark>
      <Placemark><name>◎ U청일43</name>
        <description><![CDATA[<b>통합기준점</b><br>명칭: U청일43<br>P1 #94 원점에서 4479m<br>좌표: 37.623751°N, 128.172963°E<br><br><a href="https://map.naver.com/v5/search/37.6237506888887,128.172962927778">📍 네이버 지도</a>]]></description>
        <styleUrl>#uni</styleUrl>
        <Point><coordinates>128.172962927778,37.6237506888887,0</coordinates></Point>
      </Placemark>
      <Placemark><name>◎ U청일16</name>
        <description><![CDATA[<b>통합기준점</b><br>명칭: U청일16<br>P1 #94 원점에서 4573m<br>좌표: 37.632193°N, 128.136151°E<br><br><a href="https://map.naver.com/v5/search/37.6321929416665,128.136151330556">📍 네이버 지도</a>]]></description>
        <styleUrl>#uni</styleUrl>
        <Point><coordinates>128.136151330556,37.6321929416665,0</coordinates></Point>
      </Placemark>
      <Placemark><name>△ 청일421</name>
        <description><![CDATA[<b>삼각점</b><br>명칭: 청일421<br>P1 #94 원점에서 4600m<br>좌표: 37.690388°N, 128.209350°E<br><br><a href="https://map.naver.com/v5/search/37.6903880833332,128.209350055556">📍 네이버 지도</a>]]></description>
        <styleUrl>#tri</styleUrl>
        <Point><coordinates>128.209350055556,37.6903880833332,0</coordinates></Point>
      </Placemark>
      <Placemark><name>◎ U청일12</name>
        <description><![CDATA[<b>통합기준점</b><br>명칭: U청일12<br>P1 #94 원점에서 4695m<br>좌표: 37.654579°N, 128.220999°E<br><br><a href="https://map.naver.com/v5/search/37.6545793055554,128.220999116667">📍 네이버 지도</a>]]></description>
        <styleUrl>#uni</styleUrl>
        <Point><coordinates>128.220999116667,37.6545793055554,0</coordinates></Point>
      </Placemark>
      <Placemark><name>△ 청일11</name>
        <description><![CDATA[<b>삼각점</b><br>명칭: 청일11<br>P1 #94 원점에서 4947m<br>좌표: 37.654672°N, 128.114271°E<br><br><a href="https://map.naver.com/v5/search/37.6546720277777,128.114271222222">📍 네이버 지도</a>]]></description>
        <styleUrl>#tri</styleUrl>
        <Point><coordinates>128.114271222222,37.6546720277777,0</coordinates></Point>
      </Placemark>
    </Folder>
  </Folder>
  <Folder>
    <name>#98 (35.68°N 128.26°E) 국가60.8점</name>
    <description>서브격자 상위5개 / 근접 기준점19개</description>
    <Placemark><name>▶ P1 #98 중심</name>
      <description><![CDATA[P1 국가격자 후보지<br>점수: 60.8점<br>좌표: 35.6802°N, 128.26266°E<br>서브격자 후보: 5개 / 근접 기준점: 19개<br><br><a href="https://map.naver.com/v5/search/35.6802,128.26266">📍 네이버 지도</a>]]></description>
      <styleUrl>#center</styleUrl>
      <Point><coordinates>128.26266,35.6802,0</coordinates></Point>
    </Placemark>
    <Folder><name>📍 서브격자 후보 (5개)</name>
      <Placemark><name>#1 91.1점</name>
        <description><![CDATA[사이트 #98 / 서브격자 1위
종합점수: 91.1점
좌표: 35.689285°N, 128.251695°E

② 지형: 14.0 / 15점 (경사 2.05°)
③ 전력·철도: 15.0 / 15점
④ 인구이격: 13.2 / 15점
⑤ 모델기여: 10.0 / 10점
⑥ 암상: 2.5 / 5점
도로: 269m

네이버: https://map.naver.com/v5/search/35.689285,128.251695
카카오: https://map.kakao.com/link/map/P98-1,35.689285,128.251695]]></description>
        <styleUrl>#top1</styleUrl>
        <Point><coordinates>128.251695,35.689285,0</coordinates></Point>
      </Placemark>
      <Placemark><name>#2 91.0점</name>
        <description><![CDATA[사이트 #98 / 서브격자 2위
종합점수: 91.0점
좌표: 35.680269°N, 128.251610°E

② 지형: 13.7 / 15점 (경사 2.6°)
③ 전력·철도: 14.1 / 15점
④ 인구이격: 14.3 / 15점
⑤ 모델기여: 10.0 / 10점
⑥ 암상: 2.5 / 5점
도로: 68m

네이버: https://map.naver.com/v5/search/35.680269,128.25161
카카오: https://map.kakao.com/link/map/P98-2,35.680269,128.25161]]></description>
        <styleUrl>#top5</styleUrl>
        <Point><coordinates>128.25161,35.680269,0</coordinates></Point>
      </Placemark>
      <Placemark><name>#3 88.8점</name>
        <description><![CDATA[사이트 #98 / 서브격자 3위
종합점수: 88.8점
좌표: 35.680200°N, 128.262660°E

② 지형: 11.7 / 15점 (경사 6.66°)
③ 전력·철도: 14.1 / 15점
④ 인구이격: 15.0 / 15점
⑤ 모델기여: 10.0 / 10점
⑥ 암상: 2.5 / 5점
도로: 367m

네이버: https://map.naver.com/v5/search/35.6802,128.26266
카카오: https://map.kakao.com/link/map/P98-3,35.6802,128.26266]]></description>
        <styleUrl>#top5</styleUrl>
        <Point><coordinates>128.26266,35.6802,0</coordinates></Point>
      </Placemark>
      <Placemark><name>#4 86.1점</name>
        <description><![CDATA[사이트 #98 / 서브격자 4위
종합점수: 86.1점
좌표: 35.671322°N, 128.240477°E

② 지형: 11.9 / 15점 (경사 6.15°)
③ 전력·철도: 12.7 / 15점
④ 인구이격: 14.5 / 15점
⑤ 모델기여: 10.0 / 10점
⑥ 암상: 2.5 / 5점
도로: 85m

네이버: https://map.naver.com/v5/search/35.671322,128.240477
카카오: https://map.kakao.com/link/map/P98-4,35.671322,128.240477]]></description>
        <styleUrl>#top5</styleUrl>
        <Point><coordinates>128.240477,35.671322,0</coordinates></Point>
      </Placemark>
      <Placemark><name>#5 75.4점</name>
        <description><![CDATA[사이트 #98 / 서브격자 5위
종합점수: 75.4점
좌표: 35.680129°N, 128.273710°E

② 지형: 12.6 / 15점 (경사 4.72°)
③ 전력·철도: 7.5 / 15점
④ 인구이격: 12.6 / 15점
⑤ 모델기여: 10.0 / 10점
⑥ 암상: 2.5 / 5점
도로: 401m

네이버: https://map.naver.com/v5/search/35.680129,128.27371
카카오: https://map.kakao.com/link/map/P98-5,35.680129,128.27371]]></description>
        <styleUrl>#top5</styleUrl>
        <Point><coordinates>128.27371,35.680129,0</coordinates></Point>
      </Placemark>
    </Folder>
    <Folder><name>📐 근접 기준점 (19개)</name>
      <Placemark><name>△ 창녕403</name>
        <description><![CDATA[<b>삼각점</b><br>명칭: 창녕403<br>P1 #98 원점에서 1165m<br>좌표: 35.669701°N, 128.262902°E<br><br><a href="https://map.naver.com/v5/search/35.6697011388881,128.262901972222">📍 네이버 지도</a>]]></description>
        <styleUrl>#tri</styleUrl>
        <Point><coordinates>128.262901972222,35.6697011388881,0</coordinates></Point>
      </Placemark>
      <Placemark><name>△ 창녕21</name>
        <description><![CDATA[<b>삼각점</b><br>명칭: 창녕21<br>P1 #98 원점에서 1513m<br>좌표: 35.690187°N, 128.274052°E<br><br><a href="https://map.naver.com/v5/search/35.6901869722214,128.274052027778">📍 네이버 지도</a>]]></description>
        <styleUrl>#tri</styleUrl>
        <Point><coordinates>128.274052027778,35.6901869722214,0</coordinates></Point>
      </Placemark>
      <Placemark><name>◎ U0803</name>
        <description><![CDATA[<b>통합기준점</b><br>명칭: U0803<br>P1 #98 원점에서 1844m<br>좌표: 35.681531°N, 128.242346°E<br><br><a href="https://map.naver.com/v5/search/35.6815309166659,128.242345627778">📍 네이버 지도</a>]]></description>
        <styleUrl>#uni</styleUrl>
        <Point><coordinates>128.242345627778,35.6815309166659,0</coordinates></Point>
      </Placemark>
      <Placemark><name>◎ U창녕31</name>
        <description><![CDATA[<b>통합기준점</b><br>명칭: U창녕31<br>P1 #98 원점에서 2173m<br>좌표: 35.661953°N, 128.253913°E<br><br><a href="https://map.naver.com/v5/search/35.6619528444437,128.253912516667">📍 네이버 지도</a>]]></description>
        <styleUrl>#uni</styleUrl>
        <Point><coordinates>128.253912516667,35.6619528444437,0</coordinates></Point>
      </Placemark>
      <Placemark><name>△ 합천423</name>
        <description><![CDATA[<b>삼각점</b><br>명칭: 합천423<br>P1 #98 원점에서 2225m<br>좌표: 35.691183°N, 128.242086°E<br><br><a href="https://map.naver.com/v5/search/35.6911834999992,128.242085861111">📍 네이버 지도</a>]]></description>
        <styleUrl>#tri</styleUrl>
        <Point><coordinates>128.242085861111,35.6911834999992,0</coordinates></Point>
      </Placemark>
      <Placemark><name>△ 창녕405</name>
        <description><![CDATA[<b>삼각점</b><br>명칭: 창녕405<br>P1 #98 원점에서 2421m<br>좌표: 35.673197°N, 128.287999°E<br><br><a href="https://map.naver.com/v5/search/35.6731966666659,128.287998527778">📍 네이버 지도</a>]]></description>
        <styleUrl>#tri</styleUrl>
        <Point><coordinates>128.287998527778,35.6731966666659,0</coordinates></Point>
      </Placemark>
      <Placemark><name>◎ U창녕11</name>
        <description><![CDATA[<b>통합기준점</b><br>명칭: U창녕11<br>P1 #98 원점에서 2438m<br>좌표: 35.700678°N, 128.252863°E<br><br><a href="https://map.naver.com/v5/search/35.7006782722214,128.252863441667">📍 네이버 지도</a>]]></description>
        <styleUrl>#uni</styleUrl>
        <Point><coordinates>128.252863441667,35.7006782722214,0</coordinates></Point>
      </Placemark>
      <Placemark><name>△ 합천306</name>
        <description><![CDATA[<b>삼각점</b><br>명칭: 합천306<br>P1 #98 원점에서 3090m<br>좌표: 35.656936°N, 128.243869°E<br><br><a href="https://map.naver.com/v5/search/35.6569363333325,128.243869166667">📍 네이버 지도</a>]]></description>
        <styleUrl>#tri</styleUrl>
        <Point><coordinates>128.243869166667,35.6569363333325,0</coordinates></Point>
      </Placemark>
      <Placemark><name>△ 합천422</name>
        <description><![CDATA[<b>삼각점</b><br>명칭: 합천422<br>P1 #98 원점에서 3320m<br>좌표: 35.673166°N, 128.227003°E<br><br><a href="https://map.naver.com/v5/search/35.673166027777,128.227003388889">📍 네이버 지도</a>]]></description>
        <styleUrl>#tri</styleUrl>
        <Point><coordinates>128.227003388889,35.673166027777,0</coordinates></Point>
      </Placemark>
      <Placemark><name>△ 창녕401</name>
        <description><![CDATA[<b>삼각점</b><br>명칭: 창녕401<br>P1 #98 원점에서 3463m<br>좌표: 35.711227°N, 128.258360°E<br><br><a href="https://map.naver.com/v5/search/35.7112265833326,128.258360027778">📍 네이버 지도</a>]]></description>
        <styleUrl>#tri</styleUrl>
        <Point><coordinates>128.258360027778,35.7112265833326,0</coordinates></Point>
      </Placemark>
      <Placemark><name>△ 창녕330</name>
        <description><![CDATA[<b>삼각점</b><br>명칭: 창녕330<br>P1 #98 원점에서 3522m<br>좌표: 35.650810°N, 128.277384°E<br><br><a href="https://map.naver.com/v5/search/35.6508095833325,128.277384083333">📍 네이버 지도</a>]]></description>
        <styleUrl>#tri</styleUrl>
        <Point><coordinates>128.277384083333,35.6508095833325,0</coordinates></Point>
      </Placemark>
      <Placemark><name>△ 창녕404</name>
        <description><![CDATA[<b>삼각점</b><br>명칭: 창녕404<br>P1 #98 원점에서 3779m<br>좌표: 35.708849°N, 128.285262°E<br><br><a href="https://map.naver.com/v5/search/35.7088492222214,128.285261555556">📍 네이버 지도</a>]]></description>
        <styleUrl>#tri</styleUrl>
        <Point><coordinates>128.285261555556,35.7088492222214,0</coordinates></Point>
      </Placemark>
      <Placemark><name>△ 창녕452</name>
        <description><![CDATA[<b>삼각점</b><br>명칭: 창녕452<br>P1 #98 원점에서 4039m<br>좌표: 35.656448°N, 128.296483°E<br><br><a href="https://map.naver.com/v5/search/35.6564479999992,128.296482611111">📍 네이버 지도</a>]]></description>
        <styleUrl>#tri</styleUrl>
        <Point><coordinates>128.296482611111,35.6564479999992,0</coordinates></Point>
      </Placemark>
      <Placemark><name>△ 창녕406</name>
        <description><![CDATA[<b>삼각점</b><br>명칭: 창녕406<br>P1 #98 원점에서 4174m<br>좌표: 35.697673°N, 128.303512°E<br><br><a href="https://map.naver.com/v5/search/35.6976731944437,128.303511833333">📍 네이버 지도</a>]]></description>
        <styleUrl>#tri</styleUrl>
        <Point><coordinates>128.303511833333,35.6976731944437,0</coordinates></Point>
      </Placemark>
      <Placemark><name>△ 창녕302</name>
        <description><![CDATA[<b>삼각점</b><br>명칭: 창녕302<br>P1 #98 원점에서 4620m<br>좌표: 35.721662°N, 128.267574°E<br><br><a href="https://map.naver.com/v5/search/35.721662277777,128.267573972222">📍 네이버 지도</a>]]></description>
        <styleUrl>#tri</styleUrl>
        <Point><coordinates>128.267573972222,35.721662277777,0</coordinates></Point>
      </Placemark>
      <Placemark><name>△ 합천425</name>
        <description><![CDATA[<b>삼각점</b><br>명칭: 합천425<br>P1 #98 원점에서 4672m<br>좌표: 35.657353°N, 128.219291°E<br><br><a href="https://map.naver.com/v5/search/35.6573533611103,128.219291027778">📍 네이버 지도</a>]]></description>
        <styleUrl>#tri</styleUrl>
        <Point><coordinates>128.219291027778,35.6573533611103,0</coordinates></Point>
      </Placemark>
      <Placemark><name>△ 합천305</name>
        <description><![CDATA[<b>삼각점</b><br>명칭: 합천305<br>P1 #98 원점에서 4729m<br>좌표: 35.695033°N, 128.213659°E<br><br><a href="https://map.naver.com/v5/search/35.6950325555548,128.213658944444">📍 네이버 지도</a>]]></description>
        <styleUrl>#tri</styleUrl>
        <Point><coordinates>128.213658944444,35.6950325555548,0</coordinates></Point>
      </Placemark>
      <Placemark><name>△ 창녕305</name>
        <description><![CDATA[<b>삼각점</b><br>명칭: 창녕305<br>P1 #98 원점에서 4765m<br>좌표: 35.674100°N, 128.314780°E<br><br><a href="https://map.naver.com/v5/search/35.6740997222214,128.314780361111">📍 네이버 지도</a>]]></description>
        <styleUrl>#tri</styleUrl>
        <Point><coordinates>128.314780361111,35.6740997222214,0</coordinates></Point>
      </Placemark>
      <Placemark><name>△ 합천420</name>
        <description><![CDATA[<b>삼각점</b><br>명칭: 합천420<br>P1 #98 원점에서 4985m<br>좌표: 35.712195°N, 128.223972°E<br><br><a href="https://map.naver.com/v5/search/35.7121951388881,128.223972083333">📍 네이버 지도</a>]]></description>
        <styleUrl>#tri</styleUrl>
        <Point><coordinates>128.223972083333,35.7121951388881,0</coordinates></Point>
      </Placemark>
    </Folder>
  </Folder>
  <Folder>
    <name>#102 (37.75°N 128.28°E) 국가58.8점</name>
    <description>서브격자 상위5개 / 근접 기준점13개</description>
    <Placemark><name>▶ P1 #102 중심</name>
      <description><![CDATA[P1 국가격자 후보지<br>점수: 58.8점<br>좌표: 37.75343°N, 128.28344°E<br>서브격자 후보: 5개 / 근접 기준점: 13개<br><br><a href="https://map.naver.com/v5/search/37.75343,128.28344">📍 네이버 지도</a>]]></description>
      <styleUrl>#center</styleUrl>
      <Point><coordinates>128.28344,37.75343,0</coordinates></Point>
    </Placemark>
    <Folder><name>📍 서브격자 후보 (5개)</name>
      <Placemark><name>#1 93.1점</name>
        <description><![CDATA[사이트 #102 / 서브격자 1위
종합점수: 93.1점
좌표: 37.798492°N, 128.283916°E

② 지형: 13.8 / 15점 (경사 2.4°)
③ 전력·철도: 15.0 / 15점
④ 인구이격: 14.5 / 15점
⑤ 모델기여: 8.0 / 10점
⑥ 암상: 4.5 / 5점
도로: 1180m

네이버: https://map.naver.com/v5/search/37.798492,128.283916
카카오: https://map.kakao.com/link/map/P102-1,37.798492,128.283916]]></description>
        <styleUrl>#top1</styleUrl>
        <Point><coordinates>128.283916,37.798492,0</coordinates></Point>
      </Placemark>
      <Placemark><name>#2 93.1점</name>
        <description><![CDATA[사이트 #102 / 서브격자 2위
종합점수: 93.1점
좌표: 37.753277°N, 128.306142°E

② 지형: 14.2 / 15점 (경사 1.6°)
③ 전력·철도: 15.0 / 15점
④ 인구이격: 14.6 / 15점
⑤ 모델기여: 8.0 / 10점
⑥ 암상: 4.1 / 5점
도로: 327m

네이버: https://map.naver.com/v5/search/37.753277,128.306142
카카오: https://map.kakao.com/link/map/P102-2,37.753277,128.306142]]></description>
        <styleUrl>#top5</styleUrl>
        <Point><coordinates>128.306142,37.753277,0</coordinates></Point>
      </Placemark>
      <Placemark><name>#3 91.4점</name>
        <description><![CDATA[사이트 #102 / 서브격자 3위
종합점수: 91.4점
좌표: 37.726162°N, 128.317195°E

② 지형: 12.5 / 15점 (경사 4.97°)
③ 전력·철도: 15.0 / 15점
④ 인구이격: 14.8 / 15점
⑤ 모델기여: 8.0 / 10점
⑥ 암상: 4.5 / 5점
도로: 1866m

네이버: https://map.naver.com/v5/search/37.726162,128.317195
카카오: https://map.kakao.com/link/map/P102-3,37.726162,128.317195]]></description>
        <styleUrl>#top5</styleUrl>
        <Point><coordinates>128.317195,37.726162,0</coordinates></Point>
      </Placemark>
      <Placemark><name>#4 91.4점</name>
        <description><![CDATA[사이트 #102 / 서브격자 4위
종합점수: 91.4점
좌표: 37.726082°N, 128.328542°E

② 지형: 12.4 / 15점 (경사 5.15°)
③ 전력·철도: 15.0 / 15점
④ 인구이격: 15.0 / 15점
⑤ 모델기여: 8.0 / 10점
⑥ 암상: 4.4 / 5점
도로: 1705m

네이버: https://map.naver.com/v5/search/37.726082,128.328542
카카오: https://map.kakao.com/link/map/P102-4,37.726082,128.328542]]></description>
        <styleUrl>#top5</styleUrl>
        <Point><coordinates>128.328542,37.726082,0</coordinates></Point>
      </Placemark>
      <Placemark><name>#5 91.0점</name>
        <description><![CDATA[사이트 #102 / 서브격자 5위
종합점수: 91.0점
좌표: 37.735095°N, 128.328642°E

② 지형: 12.3 / 15점 (경사 5.45°)
③ 전력·철도: 15.0 / 15점
④ 인구이격: 14.8 / 15점
⑤ 모델기여: 8.0 / 10점
⑥ 암상: 4.5 / 5점
도로: 714m

네이버: https://map.naver.com/v5/search/37.735095,128.328642
카카오: https://map.kakao.com/link/map/P102-5,37.735095,128.328642]]></description>
        <styleUrl>#top5</styleUrl>
        <Point><coordinates>128.328642,37.735095,0</coordinates></Point>
      </Placemark>
    </Folder>
    <Folder><name>📐 근접 기준점 (13개)</name>
      <Placemark><name>△ 봉평301</name>
        <description><![CDATA[<b>삼각점</b><br>명칭: 봉평301<br>P1 #102 원점에서 642m<br>좌표: 37.748827°N, 128.287859°E<br><br><a href="https://map.naver.com/v5/search/37.7488269444444,128.287858666667">📍 네이버 지도</a>]]></description>
        <styleUrl>#tri</styleUrl>
        <Point><coordinates>128.287858666667,37.7488269444444,0</coordinates></Point>
      </Placemark>
      <Placemark><name>△ 현리454</name>
        <description><![CDATA[<b>삼각점</b><br>명칭: 현리454<br>P1 #102 원점에서 1927m<br>좌표: 37.770756°N, 128.284994°E<br><br><a href="https://map.naver.com/v5/search/37.7707564166666,128.284993611111">📍 네이버 지도</a>]]></description>
        <styleUrl>#tri</styleUrl>
        <Point><coordinates>128.284993611111,37.7707564166666,0</coordinates></Point>
      </Placemark>
      <Placemark><name>◎ U0179</name>
        <description><![CDATA[<b>통합기준점</b><br>명칭: U0179<br>P1 #102 원점에서 2137m<br>좌표: 37.749806°N, 128.307262°E<br><br><a href="https://map.naver.com/v5/search/37.7498064499999,128.307261572222">📍 네이버 지도</a>]]></description>
        <styleUrl>#uni</styleUrl>
        <Point><coordinates>128.307261572222,37.7498064499999,0</coordinates></Point>
      </Placemark>
      <Placemark><name>△ 현리457</name>
        <description><![CDATA[<b>삼각점</b><br>명칭: 현리457<br>P1 #102 원점에서 2420m<br>좌표: 37.757662°N, 128.310394°E<br><br><a href="https://map.naver.com/v5/search/37.757661611111,128.310393972222">📍 네이버 지도</a>]]></description>
        <styleUrl>#tri</styleUrl>
        <Point><coordinates>128.310393972222,37.757661611111,0</coordinates></Point>
      </Placemark>
      <Placemark><name>△ 봉평404</name>
        <description><![CDATA[<b>삼각점</b><br>명칭: 봉평404<br>P1 #102 원점에서 2868m<br>좌표: 37.739055°N, 128.310500°E<br><br><a href="https://map.naver.com/v5/search/37.7390545833332,128.310499777778">📍 네이버 지도</a>]]></description>
        <styleUrl>#tri</styleUrl>
        <Point><coordinates>128.310499777778,37.7390545833332,0</coordinates></Point>
      </Placemark>
      <Placemark><name>△ 현리450</name>
        <description><![CDATA[<b>삼각점</b><br>명칭: 현리450<br>P1 #102 원점에서 3049m<br>좌표: 37.758066°N, 128.249330°E<br><br><a href="https://map.naver.com/v5/search/37.7580660555555,128.249329722222">📍 네이버 지도</a>]]></description>
        <styleUrl>#tri</styleUrl>
        <Point><coordinates>128.249329722222,37.7580660555555,0</coordinates></Point>
      </Placemark>
      <Placemark><name>△ 현리455</name>
        <description><![CDATA[<b>삼각점</b><br>명칭: 현리455<br>P1 #102 원점에서 3554m<br>좌표: 37.783776°N, 128.296339°E<br><br><a href="https://map.naver.com/v5/search/37.7837764166666,128.29633875">📍 네이버 지도</a>]]></description>
        <styleUrl>#tri</styleUrl>
        <Point><coordinates>128.29633875,37.7837764166666,0</coordinates></Point>
      </Placemark>
      <Placemark><name>△ 봉평402</name>
        <description><![CDATA[<b>삼각점</b><br>명칭: 봉평402<br>P1 #102 원점에서 3700m<br>좌표: 37.724656°N, 128.262221°E<br><br><a href="https://map.naver.com/v5/search/37.724655861111,128.262220861111">📍 네이버 지도</a>]]></description>
        <styleUrl>#tri</styleUrl>
        <Point><coordinates>128.262220861111,37.724655861111,0</coordinates></Point>
      </Placemark>
      <Placemark><name>△ 현리449</name>
        <description><![CDATA[<b>삼각점</b><br>명칭: 현리449<br>P1 #102 원점에서 3851m<br>좌표: 37.776597°N, 128.250878°E<br><br><a href="https://map.naver.com/v5/search/37.7765973055555,128.250877861111">📍 네이버 지도</a>]]></description>
        <styleUrl>#tri</styleUrl>
        <Point><coordinates>128.250877861111,37.7765973055555,0</coordinates></Point>
      </Placemark>
      <Placemark><name>△ 현리451</name>
        <description><![CDATA[<b>삼각점</b><br>명칭: 현리451<br>P1 #102 원점에서 4205m<br>좌표: 37.787472°N, 128.262462°E<br><br><a href="https://map.naver.com/v5/search/37.7874724722221,128.262461972222">📍 네이버 지도</a>]]></description>
        <styleUrl>#tri</styleUrl>
        <Point><coordinates>128.262461972222,37.7874724722221,0</coordinates></Point>
      </Placemark>
      <Placemark><name>◎ U봉평01</name>
        <description><![CDATA[<b>통합기준점</b><br>명칭: U봉평01<br>P1 #102 원점에서 4481m<br>좌표: 37.713548°N, 128.275428°E<br><br><a href="https://map.naver.com/v5/search/37.7135479999999,128.275427977778">📍 네이버 지도</a>]]></description>
        <styleUrl>#uni</styleUrl>
        <Point><coordinates>128.275427977778,37.7135479999999,0</coordinates></Point>
      </Placemark>
      <Placemark><name>△ 현리458</name>
        <description><![CDATA[<b>삼각점</b><br>명칭: 현리458<br>P1 #102 원점에서 4526m<br>좌표: 37.772364°N, 128.328955°E<br><br><a href="https://map.naver.com/v5/search/37.7723644722221,128.328955166667">📍 네이버 지도</a>]]></description>
        <styleUrl>#tri</styleUrl>
        <Point><coordinates>128.328955166667,37.7723644722221,0</coordinates></Point>
      </Placemark>
      <Placemark><name>△ 봉평405</name>
        <description><![CDATA[<b>삼각점</b><br>명칭: 봉평405<br>P1 #102 원점에서 4794m<br>좌표: 37.719486°N, 128.317099°E<br><br><a href="https://map.naver.com/v5/search/37.7194855555554,128.317098944444">📍 네이버 지도</a>]]></description>
        <styleUrl>#tri</styleUrl>
        <Point><coordinates>128.317098944444,37.7194855555554,0</coordinates></Point>
      </Placemark>
    </Folder>
  </Folder>
  <Folder>
    <name>#108 (34.87°N 128.36°E) 국가62.1점</name>
    <description>서브격자 상위5개 / 근접 기준점9개</description>
    <Placemark><name>▶ P1 #108 중심</name>
      <description><![CDATA[P1 국가격자 후보지<br>점수: 62.1점<br>좌표: 34.86801°N, 128.36449°E<br>서브격자 후보: 5개 / 근접 기준점: 9개<br><br><a href="https://map.naver.com/v5/search/34.86801,128.36449">📍 네이버 지도</a>]]></description>
      <styleUrl>#center</styleUrl>
      <Point><coordinates>128.36449,34.86801,0</coordinates></Point>
    </Placemark>
    <Folder><name>📍 서브격자 후보 (5개)</name>
      <Placemark><name>#1 94.3점</name>
        <description><![CDATA[사이트 #108 / 서브격자 1위
종합점수: 94.3점
좌표: 34.841263°N, 128.320461°E

② 지형: 15.0 / 15점 (경사 0.0°)
③ 전력·철도: 15.0 / 15점
④ 인구이격: 14.9 / 15점
⑤ 모델기여: 7.0 / 10점
⑥ 암상: 4.7 / 5점
도로: 1930m

네이버: https://map.naver.com/v5/search/34.841263,128.320461
카카오: https://map.kakao.com/link/map/P108-1,34.841263,128.320461]]></description>
        <styleUrl>#top1</styleUrl>
        <Point><coordinates>128.320461,34.841263,0</coordinates></Point>
      </Placemark>
      <Placemark><name>#2 94.2점</name>
        <description><![CDATA[사이트 #108 / 서브격자 2위
종합점수: 94.2점
좌표: 34.868387°N, 128.309790°E

② 지형: 15.0 / 15점 (경사 0.0°)
③ 전력·철도: 15.0 / 15점
④ 인구이격: 14.6 / 15점
⑤ 모델기여: 7.0 / 10점
⑥ 암상: 4.9 / 5점
도로: 1557m

네이버: https://map.naver.com/v5/search/34.868387,128.30979
카카오: https://map.kakao.com/link/map/P108-2,34.868387,128.30979]]></description>
        <styleUrl>#top5</styleUrl>
        <Point><coordinates>128.30979,34.868387,0</coordinates></Point>
      </Placemark>
      <Placemark><name>#3 94.0점</name>
        <description><![CDATA[사이트 #108 / 서브격자 3위
종합점수: 94.0점
좌표: 34.850206°N, 128.331489°E

② 지형: 15.0 / 15점 (경사 0.0°)
③ 전력·철도: 14.8 / 15점
④ 인구이격: 14.8 / 15점
⑤ 모델기여: 7.0 / 10점
⑥ 암상: 4.7 / 5점
도로: 1402m

네이버: https://map.naver.com/v5/search/34.850206,128.331489
카카오: https://map.kakao.com/link/map/P108-3,34.850206,128.331489]]></description>
        <styleUrl>#top5</styleUrl>
        <Point><coordinates>128.331489,34.850206,0</coordinates></Point>
      </Placemark>
      <Placemark><name>#4 93.7점</name>
        <description><![CDATA[사이트 #108 / 서브격자 4위
종합점수: 93.7점
좌표: 34.859071°N, 128.353457°E

② 지형: 15.0 / 15점 (경사 0.0°)
③ 전력·철도: 14.5 / 15점
④ 인구이격: 15.0 / 15점
⑤ 모델기여: 7.0 / 10점
⑥ 암상: 4.8 / 5점
도로: 1360m

네이버: https://map.naver.com/v5/search/34.859071,128.353457
카카오: https://map.kakao.com/link/map/P108-4,34.859071,128.353457]]></description>
        <styleUrl>#top5</styleUrl>
        <Point><coordinates>128.353457,34.859071,0</coordinates></Point>
      </Placemark>
      <Placemark><name>#5 93.5점</name>
        <description><![CDATA[사이트 #108 / 서브격자 5위
종합점수: 93.5점
좌표: 34.859147°N, 128.342518°E

② 지형: 15.0 / 15점 (경사 0.0°)
③ 전력·철도: 14.7 / 15점
④ 인구이격: 14.7 / 15점
⑤ 모델기여: 7.0 / 10점
⑥ 암상: 4.7 / 5점
도로: 1879m

네이버: https://map.naver.com/v5/search/34.859147,128.342518
카카오: https://map.kakao.com/link/map/P108-5,34.859147,128.342518]]></description>
        <styleUrl>#top5</styleUrl>
        <Point><coordinates>128.342518,34.859147,0</coordinates></Point>
      </Placemark>
    </Folder>
    <Folder><name>📐 근접 기준점 (9개)</name>
      <Placemark><name>△ 통영432</name>
        <description><![CDATA[<b>삼각점</b><br>명칭: 통영432<br>P1 #108 원점에서 1978m<br>좌표: 34.877782°N, 128.346384°E<br><br><a href="https://map.naver.com/v5/search/34.8777818055546,128.346384166667">📍 네이버 지도</a>]]></description>
        <styleUrl>#tri</styleUrl>
        <Point><coordinates>128.346384166667,34.8777818055546,0</coordinates></Point>
      </Placemark>
      <Placemark><name>△ 통영308</name>
        <description><![CDATA[<b>삼각점</b><br>명칭: 통영308<br>P1 #108 원점에서 3410m<br>좌표: 34.879007°N, 128.399331°E<br><br><a href="https://map.naver.com/v5/search/34.879006749999,128.399331138889">📍 네이버 지도</a>]]></description>
        <styleUrl>#tri</styleUrl>
        <Point><coordinates>128.399331138889,34.879006749999,0</coordinates></Point>
      </Placemark>
      <Placemark><name>◎ U통영36</name>
        <description><![CDATA[<b>통합기준점</b><br>명칭: U통영36<br>P1 #108 원점에서 4567m<br>좌표: 34.903652°N, 128.389515°E<br><br><a href="https://map.naver.com/v5/search/34.9036521888879,128.389515113889">📍 네이버 지도</a>]]></description>
        <styleUrl>#uni</styleUrl>
        <Point><coordinates>128.389515113889,34.9036521888879,0</coordinates></Point>
      </Placemark>
      <Placemark><name>△ 통영433</name>
        <description><![CDATA[<b>삼각점</b><br>명칭: 통영433<br>P1 #108 원점에서 4601m<br>좌표: 34.905553°N, 128.343067°E<br><br><a href="https://map.naver.com/v5/search/34.9055531944435,128.343067027778">📍 네이버 지도</a>]]></description>
        <styleUrl>#tri</styleUrl>
        <Point><coordinates>128.343067027778,34.9055531944435,0</coordinates></Point>
      </Placemark>
      <Placemark><name>◎ U1063</name>
        <description><![CDATA[<b>통합기준점</b><br>명칭: U1063<br>P1 #108 원점에서 4616m<br>좌표: 34.826731°N, 128.358045°E<br><br><a href="https://map.naver.com/v5/search/34.8267314805545,128.358045341667">📍 네이버 지도</a>]]></description>
        <styleUrl>#uni</styleUrl>
        <Point><coordinates>128.358045341667,34.8267314805545,0</coordinates></Point>
      </Placemark>
      <Placemark><name>△ 통영24</name>
        <description><![CDATA[<b>삼각점</b><br>명칭: 통영24<br>P1 #108 원점에서 4635m<br>좌표: 34.828293°N, 128.348691°E<br><br><a href="https://map.naver.com/v5/search/34.828292999999,128.348690666667">📍 네이버 지도</a>]]></description>
        <styleUrl>#tri</styleUrl>
        <Point><coordinates>128.348690666667,34.828292999999,0</coordinates></Point>
      </Placemark>
      <Placemark><name>△ 통영430</name>
        <description><![CDATA[<b>삼각점</b><br>명칭: 통영430<br>P1 #108 원점에서 4770m<br>좌표: 34.908724°N, 128.381311°E<br><br><a href="https://map.naver.com/v5/search/34.9087239444435,128.381310527778">📍 네이버 지도</a>]]></description>
        <styleUrl>#tri</styleUrl>
        <Point><coordinates>128.381310527778,34.9087239444435,0</coordinates></Point>
      </Placemark>
      <Placemark><name>◎ U1062</name>
        <description><![CDATA[<b>통합기준점</b><br>명칭: U1062<br>P1 #108 원점에서 4869m<br>좌표: 34.868943°N, 128.417748°E<br><br><a href="https://map.naver.com/v5/search/34.8689428527768,128.417748252778">📍 네이버 지도</a>]]></description>
        <styleUrl>#uni</styleUrl>
        <Point><coordinates>128.417748252778,34.8689428527768,0</coordinates></Point>
      </Placemark>
      <Placemark><name>△ 통영428</name>
        <description><![CDATA[<b>삼각점</b><br>명칭: 통영428<br>P1 #108 원점에서 4954m<br>좌표: 34.846173°N, 128.411766°E<br><br><a href="https://map.naver.com/v5/search/34.8461725833323,128.41176625">📍 네이버 지도</a>]]></description>
        <styleUrl>#tri</styleUrl>
        <Point><coordinates>128.41176625,34.8461725833323,0</coordinates></Point>
      </Placemark>
    </Folder>
  </Folder>
  <Folder>
    <name>#119 (36.49°N 128.49°E) 국가60.3점</name>
    <description>서브격자 상위5개 / 근접 기준점15개</description>
    <Placemark><name>▶ P1 #119 중심</name>
      <description><![CDATA[P1 국가격자 후보지<br>점수: 60.3점<br>좌표: 36.4899°N, 128.49381°E<br>서브격자 후보: 5개 / 근접 기준점: 15개<br><br><a href="https://map.naver.com/v5/search/36.4899,128.49381">📍 네이버 지도</a>]]></description>
      <styleUrl>#center</styleUrl>
      <Point><coordinates>128.49381,36.4899,0</coordinates></Point>
    </Placemark>
    <Folder><name>📍 서브격자 후보 (5개)</name>
      <Placemark><name>#1 92.4점</name>
        <description><![CDATA[사이트 #119 / 서브격자 1위
종합점수: 92.4점
좌표: 36.481160°N, 128.460209°E

② 지형: 12.7 / 15점 (경사 4.54°)
③ 전력·철도: 15.0 / 15점
④ 인구이격: 14.9 / 15점
⑤ 모델기여: 8.0 / 10점
⑥ 암상: 4.7 / 5점
도로: 242m

네이버: https://map.naver.com/v5/search/36.48116,128.460209
카카오: https://map.kakao.com/link/map/P119-1,36.48116,128.460209]]></description>
        <styleUrl>#top1</styleUrl>
        <Point><coordinates>128.460209,36.48116,0</coordinates></Point>
      </Placemark>
      <Placemark><name>#2 91.2점</name>
        <description><![CDATA[사이트 #119 / 서브격자 2위
종합점수: 91.2점
좌표: 36.489422°N, 128.549625°E

② 지형: 13.0 / 15점 (경사 4.08°)
③ 전력·철도: 15.0 / 15점
④ 인구이격: 13.9 / 15점
⑤ 모델기여: 8.0 / 10점
⑥ 암상: 4.9 / 5점
도로: 495m

네이버: https://map.naver.com/v5/search/36.489422,128.549625
카카오: https://map.kakao.com/link/map/P119-2,36.489422,128.549625]]></description>
        <styleUrl>#top5</styleUrl>
        <Point><coordinates>128.549625,36.489422,0</coordinates></Point>
      </Placemark>
      <Placemark><name>#3 91.2점</name>
        <description><![CDATA[사이트 #119 / 서브격자 3위
종합점수: 91.2점
좌표: 36.489806°N, 128.504973°E

② 지형: 12.5 / 15점 (경사 5.01°)
③ 전력·철도: 15.0 / 15점
④ 인구이격: 14.5 / 15점
⑤ 모델기여: 8.0 / 10점
⑥ 암상: 4.7 / 5점
도로: 759m

네이버: https://map.naver.com/v5/search/36.489806,128.504973
카카오: https://map.kakao.com/link/map/P119-3,36.489806,128.504973]]></description>
        <styleUrl>#top5</styleUrl>
        <Point><coordinates>128.504973,36.489806,0</coordinates></Point>
      </Placemark>
      <Placemark><name>#4 90.8점</name>
        <description><![CDATA[사이트 #119 / 서브격자 4위
종합점수: 90.8점
좌표: 36.480979°N, 128.482533°E

② 지형: 12.9 / 15점 (경사 4.11°)
③ 전력·철도: 15.0 / 15점
④ 인구이격: 13.8 / 15점
⑤ 모델기여: 8.0 / 10점
⑥ 암상: 4.8 / 5점
도로: 325m

네이버: https://map.naver.com/v5/search/36.480979,128.482533
카카오: https://map.kakao.com/link/map/P119-4,36.480979,128.482533]]></description>
        <styleUrl>#top5</styleUrl>
        <Point><coordinates>128.482533,36.480979,0</coordinates></Point>
      </Placemark>
      <Placemark><name>#5 90.7점</name>
        <description><![CDATA[사이트 #119 / 서브격자 5위
종합점수: 90.7점
좌표: 36.490352°N, 128.437994°E

② 지형: 12.6 / 15점 (경사 4.84°)
③ 전력·철도: 15.0 / 15점
④ 인구이격: 14.2 / 15점
⑤ 모델기여: 8.0 / 10점
⑥ 암상: 4.6 / 5점
도로: 226m

네이버: https://map.naver.com/v5/search/36.490352,128.437994
카카오: https://map.kakao.com/link/map/P119-5,36.490352,128.437994]]></description>
        <styleUrl>#top5</styleUrl>
        <Point><coordinates>128.437994,36.490352,0</coordinates></Point>
      </Placemark>
    </Folder>
    <Folder><name>📐 근접 기준점 (15개)</name>
      <Placemark><name>△ 안계426</name>
        <description><![CDATA[<b>삼각점</b><br>명칭: 안계426<br>P1 #119 원점에서 43m<br>좌표: 36.489637°N, 128.494168°E<br><br><a href="https://map.naver.com/v5/search/36.4896368888883,128.49416775">📍 네이버 지도</a>]]></description>
        <styleUrl>#tri</styleUrl>
        <Point><coordinates>128.49416775,36.4896368888883,0</coordinates></Point>
      </Placemark>
      <Placemark><name>△ 안동449</name>
        <description><![CDATA[<b>삼각점</b><br>명칭: 안동449<br>P1 #119 원점에서 1702m<br>좌표: 36.503530°N, 128.502539°E<br><br><a href="https://map.naver.com/v5/search/36.5035297222217,128.502538861111">📍 네이버 지도</a>]]></description>
        <styleUrl>#tri</styleUrl>
        <Point><coordinates>128.502538861111,36.5035297222217,0</coordinates></Point>
      </Placemark>
      <Placemark><name>◎ U의성11</name>
        <description><![CDATA[<b>통합기준점</b><br>명칭: U의성11<br>P1 #119 원점에서 2031m<br>좌표: 36.473663°N, 128.504288°E<br><br><a href="https://map.naver.com/v5/search/36.4736625694439,128.504288055556">📍 네이버 지도</a>]]></description>
        <styleUrl>#uni</styleUrl>
        <Point><coordinates>128.504288055556,36.4736625694439,0</coordinates></Point>
      </Placemark>
      <Placemark><name>△ 의성403</name>
        <description><![CDATA[<b>삼각점</b><br>명칭: 의성403<br>P1 #119 원점에서 2692m<br>좌표: 36.480534°N, 128.521539°E<br><br><a href="https://map.naver.com/v5/search/36.4805344722217,128.521538666667">📍 네이버 지도</a>]]></description>
        <styleUrl>#tri</styleUrl>
        <Point><coordinates>128.521538666667,36.4805344722217,0</coordinates></Point>
      </Placemark>
      <Placemark><name>△ 예천25</name>
        <description><![CDATA[<b>삼각점</b><br>명칭: 예천25<br>P1 #119 원점에서 2799m<br>좌표: 36.514461°N, 128.486679°E<br><br><a href="https://map.naver.com/v5/search/36.5144614166661,128.486678611111">📍 네이버 지도</a>]]></description>
        <styleUrl>#tri</styleUrl>
        <Point><coordinates>128.486678611111,36.5144614166661,0</coordinates></Point>
      </Placemark>
      <Placemark><name>△ 안계423</name>
        <description><![CDATA[<b>삼각점</b><br>명칭: 안계423<br>P1 #119 원점에서 2831m<br>좌표: 36.498860°N, 128.464216°E<br><br><a href="https://map.naver.com/v5/search/36.498859805555,128.464215861111">📍 네이버 지도</a>]]></description>
        <styleUrl>#tri</styleUrl>
        <Point><coordinates>128.464215861111,36.498859805555,0</coordinates></Point>
      </Placemark>
      <Placemark><name>◎ U안동91</name>
        <description><![CDATA[<b>통합기준점</b><br>명칭: U안동91<br>P1 #119 원점에서 3217m<br>좌표: 36.506808°N, 128.522989°E<br><br><a href="https://map.naver.com/v5/search/36.5068081249995,128.522989027778">📍 네이버 지도</a>]]></description>
        <styleUrl>#uni</styleUrl>
        <Point><coordinates>128.522989027778,36.5068081249995,0</coordinates></Point>
      </Placemark>
      <Placemark><name>△ 안계422</name>
        <description><![CDATA[<b>삼각점</b><br>명칭: 안계422<br>P1 #119 원점에서 3702m<br>좌표: 36.483838°N, 128.453170°E<br><br><a href="https://map.naver.com/v5/search/36.4838378611106,128.453169805556">📍 네이버 지도</a>]]></description>
        <styleUrl>#tri</styleUrl>
        <Point><coordinates>128.453169805556,36.4838378611106,0</coordinates></Point>
      </Placemark>
      <Placemark><name>△ 안계427</name>
        <description><![CDATA[<b>삼각점</b><br>명칭: 안계427<br>P1 #119 원점에서 3702m<br>좌표: 36.456531°N, 128.493704°E<br><br><a href="https://map.naver.com/v5/search/36.4565313611105,128.493704333333">📍 네이버 지도</a>]]></description>
        <styleUrl>#tri</styleUrl>
        <Point><coordinates>128.493704333333,36.4565313611105,0</coordinates></Point>
      </Placemark>
      <Placemark><name>△ 의성405</name>
        <description><![CDATA[<b>삼각점</b><br>명칭: 의성405<br>P1 #119 원점에서 4538m<br>좌표: 36.490215°N, 128.544470°E<br><br><a href="https://map.naver.com/v5/search/36.4902153888884,128.544470277778">📍 네이버 지도</a>]]></description>
        <styleUrl>#tri</styleUrl>
        <Point><coordinates>128.544470277778,36.4902153888884,0</coordinates></Point>
      </Placemark>
      <Placemark><name>△ 안동450</name>
        <description><![CDATA[<b>삼각점</b><br>명칭: 안동450<br>P1 #119 원점에서 4559m<br>좌표: 36.528070°N, 128.512692°E<br><br><a href="https://map.naver.com/v5/search/36.528069555555,128.512692055556">📍 네이버 지도</a>]]></description>
        <styleUrl>#tri</styleUrl>
        <Point><coordinates>128.512692055556,36.528069555555,0</coordinates></Point>
      </Placemark>
      <Placemark><name>△ 안계425</name>
        <description><![CDATA[<b>삼각점</b><br>명칭: 안계425<br>P1 #119 원점에서 4741m<br>좌표: 36.451540°N, 128.470477°E<br><br><a href="https://map.naver.com/v5/search/36.4515401666661,128.470476805556">📍 네이버 지도</a>]]></description>
        <styleUrl>#tri</styleUrl>
        <Point><coordinates>128.470476805556,36.4515401666661,0</coordinates></Point>
      </Placemark>
      <Placemark><name>△ 예천470</name>
        <description><![CDATA[<b>삼각점</b><br>명칭: 예천470<br>P1 #119 원점에서 4757m<br>좌표: 36.532377°N, 128.486564°E<br><br><a href="https://map.naver.com/v5/search/36.5323768611106,128.486564472222">📍 네이버 지도</a>]]></description>
        <styleUrl>#tri</styleUrl>
        <Point><coordinates>128.486564472222,36.5323768611106,0</coordinates></Point>
      </Placemark>
      <Placemark><name>△ 안계421</name>
        <description><![CDATA[<b>삼각점</b><br>명칭: 안계421<br>P1 #119 원점에서 4796m<br>좌표: 36.465400°N, 128.449705°E<br><br><a href="https://map.naver.com/v5/search/36.4654001666661,128.449704694445">📍 네이버 지도</a>]]></description>
        <styleUrl>#tri</styleUrl>
        <Point><coordinates>128.449704694445,36.4654001666661,0</coordinates></Point>
      </Placemark>
      <Placemark><name>△ 안동314</name>
        <description><![CDATA[<b>삼각점</b><br>명칭: 안동314<br>P1 #119 원점에서 4855m<br>좌표: 36.519492°N, 128.533749°E<br><br><a href="https://map.naver.com/v5/search/36.5194919166661,128.533749222222">📍 네이버 지도</a>]]></description>
        <styleUrl>#tri</styleUrl>
        <Point><coordinates>128.533749222222,36.5194919166661,0</coordinates></Point>
      </Placemark>
    </Folder>
  </Folder>
  <Folder>
    <name>#125 (37.75°N 128.51°E) 국가59.3점</name>
    <description>서브격자 상위5개 / 근접 기준점11개</description>
    <Placemark><name>▶ P1 #125 중심</name>
      <description><![CDATA[P1 국가격자 후보지<br>점수: 59.3점<br>좌표: 37.7517°N, 128.51044°E<br>서브격자 후보: 5개 / 근접 기준점: 11개<br><br><a href="https://map.naver.com/v5/search/37.7517,128.51044">📍 네이버 지도</a>]]></description>
      <styleUrl>#center</styleUrl>
      <Point><coordinates>128.51044,37.7517,0</coordinates></Point>
    </Placemark>
    <Folder><name>📍 서브격자 후보 (5개)</name>
      <Placemark><name>#1 85.6점</name>
        <description><![CDATA[사이트 #125 / 서브격자 1위
종합점수: 85.6점
좌표: 37.752173°N, 128.453690°E

② 지형: 11.6 / 15점 (경사 6.9°)
③ 전력·철도: 14.9 / 15점
④ 인구이격: 14.4 / 15점
⑤ 모델기여: 8.0 / 10점
⑥ 암상: 2.5 / 5점
도로: 1544m

네이버: https://map.naver.com/v5/search/37.752173,128.45369
카카오: https://map.kakao.com/link/map/P125-1,37.752173,128.45369]]></description>
        <styleUrl>#top1</styleUrl>
        <Point><coordinates>128.45369,37.752173,0</coordinates></Point>
      </Placemark>
      <Placemark><name>#2 83.4점</name>
        <description><![CDATA[사이트 #125 / 서브격자 2위
종합점수: 83.4점
좌표: 37.779023°N, 128.476745°E

② 지형: 9.8 / 15점 (경사 10.42°)
③ 전력·철도: 15.0 / 15점
④ 인구이격: 14.8 / 15점
⑤ 모델기여: 8.0 / 10점
⑥ 암상: 2.5 / 5점
도로: 1740m

네이버: https://map.naver.com/v5/search/37.779023,128.476745
카카오: https://map.kakao.com/link/map/P125-2,37.779023,128.476745]]></description>
        <styleUrl>#top5</styleUrl>
        <Point><coordinates>128.476745,37.779023,0</coordinates></Point>
      </Placemark>
      <Placemark><name>#3 82.7점</name>
        <description><![CDATA[사이트 #125 / 서브격자 3위
종합점수: 82.7점
좌표: 37.761093°N, 128.465157°E

② 지형: 9.6 / 15점 (경사 10.8°)
③ 전력·철도: 14.9 / 15점
④ 인구이격: 14.6 / 15점
⑤ 모델기여: 8.0 / 10점
⑥ 암상: 2.5 / 5점
도로: 1414m

네이버: https://map.naver.com/v5/search/37.761093,128.465157
카카오: https://map.kakao.com/link/map/P125-3,37.761093,128.465157]]></description>
        <styleUrl>#top5</styleUrl>
        <Point><coordinates>128.465157,37.761093,0</coordinates></Point>
      </Placemark>
      <Placemark><name>#4 82.6점</name>
        <description><![CDATA[사이트 #125 / 서브격자 4위
종합점수: 82.6점
좌표: 37.796759°N, 128.511053°E

② 지형: 10.2 / 15점 (경사 9.67°)
③ 전력·철도: 15.0 / 15점
④ 인구이격: 13.9 / 15점
⑤ 모델기여: 8.0 / 10점
⑥ 암상: 2.5 / 5점
도로: 1854m

네이버: https://map.naver.com/v5/search/37.796759,128.511053
카카오: https://map.kakao.com/link/map/P125-4,37.796759,128.511053]]></description>
        <styleUrl>#top5</styleUrl>
        <Point><coordinates>128.511053,37.796759,0</coordinates></Point>
      </Placemark>
      <Placemark><name>#5 81.6점</name>
        <description><![CDATA[사이트 #125 / 서브격자 5위
종합점수: 81.6점
좌표: 37.779116°N, 128.465391°E

② 지형: 8.5 / 15점 (경사 13.02°)
③ 전력·철도: 15.0 / 15점
④ 인구이격: 15.0 / 15점
⑤ 모델기여: 8.0 / 10점
⑥ 암상: 2.5 / 5점
도로: 1765m

네이버: https://map.naver.com/v5/search/37.779116,128.465391
카카오: https://map.kakao.com/link/map/P125-5,37.779116,128.465391]]></description>
        <styleUrl>#top5</styleUrl>
        <Point><coordinates>128.465391,37.779116,0</coordinates></Point>
      </Placemark>
    </Folder>
    <Folder><name>📐 근접 기준점 (11개)</name>
      <Placemark><name>△ 도암403</name>
        <description><![CDATA[<b>삼각점</b><br>명칭: 도암403<br>P1 #125 원점에서 1560m<br>좌표: 37.742695°N, 128.524034°E<br><br><a href="https://map.naver.com/v5/search/37.7426953333332,128.524034361111">📍 네이버 지도</a>]]></description>
        <styleUrl>#tri</styleUrl>
        <Point><coordinates>128.524034361111,37.7426953333332,0</coordinates></Point>
      </Placemark>
      <Placemark><name>△ 연곡444</name>
        <description><![CDATA[<b>삼각점</b><br>명칭: 연곡444<br>P1 #125 원점에서 1953m<br>좌표: 37.764653°N, 128.525444°E<br><br><a href="https://map.naver.com/v5/search/37.7646534999999,128.525444444445">📍 네이버 지도</a>]]></description>
        <styleUrl>#tri</styleUrl>
        <Point><coordinates>128.525444444445,37.7646534999999,0</coordinates></Point>
      </Placemark>
      <Placemark><name>△ 현리475</name>
        <description><![CDATA[<b>삼각점</b><br>명칭: 현리475<br>P1 #125 원점에서 2254m<br>좌표: 37.757798°N, 128.486041°E<br><br><a href="https://map.naver.com/v5/search/37.7577984444443,128.486040694445">📍 네이버 지도</a>]]></description>
        <styleUrl>#tri</styleUrl>
        <Point><coordinates>128.486040694445,37.7577984444443,0</coordinates></Point>
      </Placemark>
      <Placemark><name>△ 도암301</name>
        <description><![CDATA[<b>삼각점</b><br>명칭: 도암301<br>P1 #125 원점에서 2659m<br>좌표: 37.729649°N, 128.522265°E<br><br><a href="https://map.naver.com/v5/search/37.7296487777777,128.522264805556">📍 네이버 지도</a>]]></description>
        <styleUrl>#tri</styleUrl>
        <Point><coordinates>128.522264805556,37.7296487777777,0</coordinates></Point>
      </Placemark>
      <Placemark><name>△ 봉평424</name>
        <description><![CDATA[<b>삼각점</b><br>명칭: 봉평424<br>P1 #125 원점에서 2896m<br>좌표: 37.734070°N, 128.486203°E<br><br><a href="https://map.naver.com/v5/search/37.7340696944443,128.486202555556">📍 네이버 지도</a>]]></description>
        <styleUrl>#tri</styleUrl>
        <Point><coordinates>128.486202555556,37.7340696944443,0</coordinates></Point>
      </Placemark>
      <Placemark><name>△ 현리322</name>
        <description><![CDATA[<b>삼각점</b><br>명칭: 현리322<br>P1 #125 원점에서 3188m<br>좌표: 37.754286°N, 128.474397°E<br><br><a href="https://map.naver.com/v5/search/37.7542864444443,128.474396722222">📍 네이버 지도</a>]]></description>
        <styleUrl>#tri</styleUrl>
        <Point><coordinates>128.474396722222,37.7542864444443,0</coordinates></Point>
      </Placemark>
      <Placemark><name>△ 연곡443</name>
        <description><![CDATA[<b>삼각점</b><br>명칭: 연곡443<br>P1 #125 원점에서 3489m<br>좌표: 37.782398°N, 128.519036°E<br><br><a href="https://map.naver.com/v5/search/37.782397861111,128.519036361111">📍 네이버 지도</a>]]></description>
        <styleUrl>#tri</styleUrl>
        <Point><coordinates>128.519036361111,37.782397861111,0</coordinates></Point>
      </Placemark>
      <Placemark><name>△ 도암405</name>
        <description><![CDATA[<b>삼각점</b><br>명칭: 도암405<br>P1 #125 원점에서 3560m<br>좌표: 37.736646°N, 128.546126°E<br><br><a href="https://map.naver.com/v5/search/37.7366462222221,128.546125611111">📍 네이버 지도</a>]]></description>
        <styleUrl>#tri</styleUrl>
        <Point><coordinates>128.546125611111,37.7366462222221,0</coordinates></Point>
      </Placemark>
      <Placemark><name>△ 연곡446</name>
        <description><![CDATA[<b>삼각점</b><br>명칭: 연곡446<br>P1 #125 원점에서 4402m<br>좌표: 37.761104°N, 128.558982°E<br><br><a href="https://map.naver.com/v5/search/37.761104361111,128.558981805556">📍 네이버 지도</a>]]></description>
        <styleUrl>#tri</styleUrl>
        <Point><coordinates>128.558981805556,37.761104361111,0</coordinates></Point>
      </Placemark>
      <Placemark><name>△ 봉평421</name>
        <description><![CDATA[<b>삼각점</b><br>명칭: 봉평421<br>P1 #125 원점에서 4523m<br>좌표: 37.748154°N, 128.459302°E<br><br><a href="https://map.naver.com/v5/search/37.7481542777777,128.459302111111">📍 네이버 지도</a>]]></description>
        <styleUrl>#tri</styleUrl>
        <Point><coordinates>128.459302111111,37.7481542777777,0</coordinates></Point>
      </Placemark>
      <Placemark><name>△ 현리473</name>
        <description><![CDATA[<b>삼각점</b><br>명칭: 현리473<br>P1 #125 원점에서 4749m<br>좌표: 37.777453°N, 128.467380°E<br><br><a href="https://map.naver.com/v5/search/37.7774530833332,128.467380333333">📍 네이버 지도</a>]]></description>
        <styleUrl>#tri</styleUrl>
        <Point><coordinates>128.467380333333,37.7774530833332,0</coordinates></Point>
      </Placemark>
    </Folder>
  </Folder>
  <Folder>
    <name>#126 (37.93°N 128.51°E) 국가58.3점</name>
    <description>서브격자 상위5개 / 근접 기준점14개</description>
    <Placemark><name>▶ P1 #126 중심</name>
      <description><![CDATA[P1 국가격자 후보지<br>점수: 58.3점<br>좌표: 37.93193°N, 128.51291°E<br>서브격자 후보: 5개 / 근접 기준점: 14개<br><br><a href="https://map.naver.com/v5/search/37.93193,128.51291">📍 네이버 지도</a>]]></description>
      <styleUrl>#center</styleUrl>
      <Point><coordinates>128.51291,37.93193,0</coordinates></Point>
    </Placemark>
    <Folder><name>📍 서브격자 후보 (5개)</name>
      <Placemark><name>#1 88.3점</name>
        <description><![CDATA[사이트 #126 / 서브격자 1위
종합점수: 88.3점
좌표: 37.914290°N, 128.467163°E

② 지형: 11.9 / 15점 (경사 6.11°)
③ 전력·철도: 14.6 / 15점
④ 인구이격: 14.3 / 15점
⑤ 모델기여: 8.0 / 10점
⑥ 암상: 4.1 / 5점
도로: 1816m

네이버: https://map.naver.com/v5/search/37.91429,128.467163
카카오: https://map.kakao.com/link/map/P126-1,37.91429,128.467163]]></description>
        <styleUrl>#top1</styleUrl>
        <Point><coordinates>128.467163,37.91429,0</coordinates></Point>
      </Placemark>
      <Placemark><name>#2 87.3점</name>
        <description><![CDATA[사이트 #126 / 서브격자 2위
종합점수: 87.3점
좌표: 37.905278°N, 128.467045°E

② 지형: 11.0 / 15점 (경사 7.91°)
③ 전력·철도: 14.8 / 15점
④ 인구이격: 14.3 / 15점
⑤ 모델기여: 8.0 / 10점
⑥ 암상: 4.3 / 5점
도로: 1970m

네이버: https://map.naver.com/v5/search/37.905278,128.467045
카카오: https://map.kakao.com/link/map/P126-2,37.905278,128.467045]]></description>
        <styleUrl>#top5</styleUrl>
        <Point><coordinates>128.467045,37.905278,0</coordinates></Point>
      </Placemark>
      <Placemark><name>#3 87.1점</name>
        <description><![CDATA[사이트 #126 / 서브격자 3위
종합점수: 87.1점
좌표: 37.904895°N, 128.512539°E

② 지형: 13.0 / 15점 (경사 3.97°)
③ 전력·철도: 14.8 / 15점
④ 인구이격: 12.0 / 15점
⑤ 모델기여: 8.0 / 10점
⑥ 암상: 4.5 / 5점
도로: 60m

네이버: https://map.naver.com/v5/search/37.904895,128.512539
카카오: https://map.kakao.com/link/map/P126-3,37.904895,128.512539]]></description>
        <styleUrl>#top5</styleUrl>
        <Point><coordinates>128.512539,37.904895,0</coordinates></Point>
      </Placemark>
      <Placemark><name>#4 86.2점</name>
        <description><![CDATA[사이트 #126 / 서브격자 4위
종합점수: 86.2점
좌표: 37.959254°N, 128.479136°E

② 지형: 11.9 / 15점 (경사 6.29°)
③ 전력·철도: 12.8 / 15점
④ 인구이격: 14.7 / 15점
⑤ 모델기여: 8.0 / 10점
⑥ 암상: 4.5 / 5점
도로: 1868m

네이버: https://map.naver.com/v5/search/37.959254,128.479136
카카오: https://map.kakao.com/link/map/P126-4,37.959254,128.479136]]></description>
        <styleUrl>#top5</styleUrl>
        <Point><coordinates>128.479136,37.959254,0</coordinates></Point>
      </Placemark>
      <Placemark><name>#5 85.2점</name>
        <description><![CDATA[사이트 #126 / 서브격자 5위
종합점수: 85.2점
좌표: 37.886872°N, 128.512292°E

② 지형: 9.3 / 15점 (경사 11.38°)
③ 전력·철도: 15.0 / 15점
④ 인구이격: 14.0 / 15점
⑤ 모델기여: 8.0 / 10점
⑥ 암상: 4.8 / 5점
도로: 474m

네이버: https://map.naver.com/v5/search/37.886872,128.512292
카카오: https://map.kakao.com/link/map/P126-5,37.886872,128.512292]]></description>
        <styleUrl>#top5</styleUrl>
        <Point><coordinates>128.512292,37.886872,0</coordinates></Point>
      </Placemark>
    </Folder>
    <Folder><name>📐 근접 기준점 (14개)</name>
      <Placemark><name>△ 연곡402</name>
        <description><![CDATA[<b>삼각점</b><br>명칭: 연곡402<br>P1 #126 원점에서 457m<br>좌표: 37.929596°N, 128.508624°E<br><br><a href="https://map.naver.com/v5/search/37.9295956944444,128.508624361111">📍 네이버 지도</a>]]></description>
        <styleUrl>#tri</styleUrl>
        <Point><coordinates>128.508624361111,37.9295956944444,0</coordinates></Point>
      </Placemark>
      <Placemark><name>△ 연곡301</name>
        <description><![CDATA[<b>삼각점</b><br>명칭: 연곡301<br>P1 #126 원점에서 2233m<br>좌표: 37.951143°N, 128.520453°E<br><br><a href="https://map.naver.com/v5/search/37.9511425555555,128.520452944445">📍 네이버 지도</a>]]></description>
        <styleUrl>#tri</styleUrl>
        <Point><coordinates>128.520452944445,37.9511425555555,0</coordinates></Point>
      </Placemark>
      <Placemark><name>△ 연곡314</name>
        <description><![CDATA[<b>삼각점</b><br>명칭: 연곡314<br>P1 #126 원점에서 2285m<br>좌표: 37.916377°N, 128.529953°E<br><br><a href="https://map.naver.com/v5/search/37.9163773333333,128.529953333333">📍 네이버 지도</a>]]></description>
        <styleUrl>#tri</styleUrl>
        <Point><coordinates>128.529953333333,37.9163773333333,0</coordinates></Point>
      </Placemark>
      <Placemark><name>△ 현리421</name>
        <description><![CDATA[<b>삼각점</b><br>명칭: 현리421<br>P1 #126 원점에서 2338m<br>좌표: 37.943192°N, 128.490431°E<br><br><a href="https://map.naver.com/v5/search/37.9431918611111,128.490431138889">📍 네이버 지도</a>]]></description>
        <styleUrl>#tri</styleUrl>
        <Point><coordinates>128.490431138889,37.9431918611111,0</coordinates></Point>
      </Placemark>
      <Placemark><name>◎ U연곡11</name>
        <description><![CDATA[<b>통합기준점</b><br>명칭: U연곡11<br>P1 #126 원점에서 2631m<br>좌표: 37.909435°N, 128.503438°E<br><br><a href="https://map.naver.com/v5/search/37.9094348194444,128.503437536111">📍 네이버 지도</a>]]></description>
        <styleUrl>#uni</styleUrl>
        <Point><coordinates>128.503437536111,37.9094348194444,0</coordinates></Point>
      </Placemark>
      <Placemark><name>△ 현리423</name>
        <description><![CDATA[<b>삼각점</b><br>명칭: 현리423<br>P1 #126 원점에서 3089m<br>좌표: 37.907139°N, 128.496913°E<br><br><a href="https://map.naver.com/v5/search/37.9071388333333,128.496912861111">📍 네이버 지도</a>]]></description>
        <styleUrl>#tri</styleUrl>
        <Point><coordinates>128.496912861111,37.9071388333333,0</coordinates></Point>
      </Placemark>
      <Placemark><name>◎ U연곡01</name>
        <description><![CDATA[<b>통합기준점</b><br>명칭: U연곡01<br>P1 #126 원점에서 3345m<br>좌표: 37.962022°N, 128.515094°E<br><br><a href="https://map.naver.com/v5/search/37.9620224972222,128.515093886111">📍 네이버 지도</a>]]></description>
        <styleUrl>#uni</styleUrl>
        <Point><coordinates>128.515093886111,37.9620224972222,0</coordinates></Point>
      </Placemark>
      <Placemark><name>△ 현리308</name>
        <description><![CDATA[<b>삼각점</b><br>명칭: 현리308<br>P1 #126 원점에서 3602m<br>좌표: 37.926795°N, 128.472445°E<br><br><a href="https://map.naver.com/v5/search/37.9267954166666,128.47244525">📍 네이버 지도</a>]]></description>
        <styleUrl>#tri</styleUrl>
        <Point><coordinates>128.47244525,37.9267954166666,0</coordinates></Point>
      </Placemark>
      <Placemark><name>△ 연곡401</name>
        <description><![CDATA[<b>삼각점</b><br>명칭: 연곡401<br>P1 #126 원점에서 4061m<br>좌표: 37.966905°N, 128.499304°E<br><br><a href="https://map.naver.com/v5/search/37.9669048611111,128.499304444445">📍 네이버 지도</a>]]></description>
        <styleUrl>#tri</styleUrl>
        <Point><coordinates>128.499304444445,37.9669048611111,0</coordinates></Point>
      </Placemark>
      <Placemark><name>△ 연곡438</name>
        <description><![CDATA[<b>삼각점</b><br>명칭: 연곡438<br>P1 #126 원점에서 4076m<br>좌표: 37.904071°N, 128.543135°E<br><br><a href="https://map.naver.com/v5/search/37.9040705,128.543134805556">📍 네이버 지도</a>]]></description>
        <styleUrl>#tri</styleUrl>
        <Point><coordinates>128.543134805556,37.9040705,0</coordinates></Point>
      </Placemark>
      <Placemark><name>△ 연곡21</name>
        <description><![CDATA[<b>삼각점</b><br>명칭: 연곡21<br>P1 #126 원점에서 4425m<br>좌표: 37.944919°N, 128.560514°E<br><br><a href="https://map.naver.com/v5/search/37.9449188055555,128.560513916667">📍 네이버 지도</a>]]></description>
        <styleUrl>#tri</styleUrl>
        <Point><coordinates>128.560513916667,37.9449188055555,0</coordinates></Point>
      </Placemark>
      <Placemark><name>△ 현리420</name>
        <description><![CDATA[<b>삼각점</b><br>명칭: 현리420<br>P1 #126 원점에서 4463m<br>좌표: 37.948178°N, 128.466452°E<br><br><a href="https://map.naver.com/v5/search/37.9481784166667,128.466451722222">📍 네이버 지도</a>]]></description>
        <styleUrl>#tri</styleUrl>
        <Point><coordinates>128.466451722222,37.9481784166667,0</coordinates></Point>
      </Placemark>
      <Placemark><name>△ 현리426</name>
        <description><![CDATA[<b>삼각점</b><br>명칭: 현리426<br>P1 #126 원점에서 4550m<br>좌표: 37.904221°N, 128.474749°E<br><br><a href="https://map.naver.com/v5/search/37.9042214166666,128.4747485">📍 네이버 지도</a>]]></description>
        <styleUrl>#tri</styleUrl>
        <Point><coordinates>128.4747485,37.9042214166666,0</coordinates></Point>
      </Placemark>
      <Placemark><name>△ 연곡403</name>
        <description><![CDATA[<b>삼각점</b><br>명칭: 연곡403<br>P1 #126 원점에서 4791m<br>좌표: 37.971729°N, 128.534048°E<br><br><a href="https://map.naver.com/v5/search/37.9717288611111,128.534048138889">📍 네이버 지도</a>]]></description>
        <styleUrl>#tri</styleUrl>
        <Point><coordinates>128.534048138889,37.9717288611111,0</coordinates></Point>
      </Placemark>
    </Folder>
  </Folder>
  <Folder>
    <name>#128 (38.38°N 128.52°E) 국가58.6점</name>
    <description>서브격자 상위5개 / 근접 기준점5개</description>
    <Placemark><name>▶ P1 #128 중심</name>
      <description><![CDATA[P1 국가격자 후보지<br>점수: 58.6점<br>좌표: 38.3825°N, 128.51916°E<br>서브격자 후보: 5개 / 근접 기준점: 5개<br><br><a href="https://map.naver.com/v5/search/38.3825,128.51916">📍 네이버 지도</a>]]></description>
      <styleUrl>#center</styleUrl>
      <Point><coordinates>128.51916,38.3825,0</coordinates></Point>
    </Placemark>
    <Folder><name>📍 서브격자 후보 (5개)</name>
      <Placemark><name>#1 89.1점</name>
        <description><![CDATA[사이트 #128 / 서브격자 1위
종합점수: 89.1점
좌표: 38.373389°N, 128.530480°E

② 지형: 15.0 / 15점 (경사 0.0°)
③ 전력·철도: 15.0 / 15점
④ 인구이격: 15.0 / 15점
⑤ 모델기여: 6.0 / 10점
⑥ 암상: 2.5 / 5점
도로: 1650m

네이버: https://map.naver.com/v5/search/38.373389,128.53048
카카오: https://map.kakao.com/link/map/P128-1,38.373389,128.53048]]></description>
        <styleUrl>#top1</styleUrl>
        <Point><coordinates>128.53048,38.373389,0</coordinates></Point>
      </Placemark>
      <Placemark><name>#2 88.6점</name>
        <description><![CDATA[사이트 #128 / 서브격자 2위
종합점수: 88.6점
좌표: 38.400621°N, 128.507962°E

② 지형: 15.0 / 15점 (경사 0.0°)
③ 전력·철도: 15.0 / 15점
④ 인구이격: 14.7 / 15점
⑤ 모델기여: 6.0 / 10점
⑥ 암상: 2.5 / 5점
도로: 1989m

네이버: https://map.naver.com/v5/search/38.400621,128.507962
카카오: https://map.kakao.com/link/map/P128-2,38.400621,128.507962]]></description>
        <styleUrl>#top5</styleUrl>
        <Point><coordinates>128.507962,38.400621,0</coordinates></Point>
      </Placemark>
      <Placemark><name>#3 88.4점</name>
        <description><![CDATA[사이트 #128 / 서브격자 3위
종합점수: 88.4점
좌표: 38.409730°N, 128.496635°E

② 지형: 15.0 / 15점 (경사 0.0°)
③ 전력·철도: 14.9 / 15점
④ 인구이격: 14.6 / 15점
⑤ 모델기여: 6.0 / 10점
⑥ 암상: 2.5 / 5점
도로: 1800m

네이버: https://map.naver.com/v5/search/38.40973,128.496635
카카오: https://map.kakao.com/link/map/P128-3,38.40973,128.496635]]></description>
        <styleUrl>#top5</styleUrl>
        <Point><coordinates>128.496635,38.40973,0</coordinates></Point>
      </Placemark>
      <Placemark><name>#4 88.3점</name>
        <description><![CDATA[사이트 #128 / 서브격자 4위
종합점수: 88.3점
좌표: 38.364378°N, 128.530352°E

② 지형: 15.0 / 15점 (경사 0.0°)
③ 전력·철도: 14.9 / 15점
④ 인구이격: 14.6 / 15점
⑤ 모델기여: 6.0 / 10점
⑥ 암상: 2.5 / 5점
도로: 1575m

네이버: https://map.naver.com/v5/search/38.364378,128.530352
카카오: https://map.kakao.com/link/map/P128-4,38.364378,128.530352]]></description>
        <styleUrl>#top5</styleUrl>
        <Point><coordinates>128.530352,38.364378,0</coordinates></Point>
      </Placemark>
      <Placemark><name>#5 87.8점</name>
        <description><![CDATA[사이트 #128 / 서브격자 5위
종합점수: 87.8점
좌표: 38.382500°N, 128.519160°E

② 지형: 15.0 / 15점 (경사 0.0°)
③ 전력·철도: 14.9 / 15점
④ 인구이격: 14.3 / 15점
⑤ 모델기여: 6.0 / 10점
⑥ 암상: 2.5 / 5점
도로: 1258m

네이버: https://map.naver.com/v5/search/38.3825,128.51916
카카오: https://map.kakao.com/link/map/P128-5,38.3825,128.51916]]></description>
        <styleUrl>#top5</styleUrl>
        <Point><coordinates>128.51916,38.3825,0</coordinates></Point>
      </Placemark>
    </Folder>
    <Folder><name>📐 근접 기준점 (5개)</name>
      <Placemark><name>◎ U오호01</name>
        <description><![CDATA[<b>통합기준점</b><br>명칭: U오호01<br>P1 #128 원점에서 3039m<br>좌표: 38.355697°N, 128.511994°E<br><br><a href="https://map.naver.com/v5/search/38.3556974250002,128.511994116667">📍 네이버 지도</a>]]></description>
        <styleUrl>#uni</styleUrl>
        <Point><coordinates>128.511994116667,38.3556974250002,0</coordinates></Point>
      </Placemark>
      <Placemark><name>△ 간성418</name>
        <description><![CDATA[<b>삼각점</b><br>명칭: 간성418<br>P1 #128 원점에서 3202m<br>좌표: 38.394176°N, 128.485635°E<br><br><a href="https://map.naver.com/v5/search/38.3941760000002,128.485634972222">📍 네이버 지도</a>]]></description>
        <styleUrl>#tri</styleUrl>
        <Point><coordinates>128.485634972222,38.3941760000002,0</coordinates></Point>
      </Placemark>
      <Placemark><name>△ 간성420</name>
        <description><![CDATA[<b>삼각점</b><br>명칭: 간성420<br>P1 #128 원점에서 4239m<br>좌표: 38.371581°N, 128.472656°E<br><br><a href="https://map.naver.com/v5/search/38.3715813611113,128.472655666667">📍 네이버 지도</a>]]></description>
        <styleUrl>#tri</styleUrl>
        <Point><coordinates>128.472655666667,38.3715813611113,0</coordinates></Point>
      </Placemark>
      <Placemark><name>△ 간성419</name>
        <description><![CDATA[<b>삼각점</b><br>명칭: 간성419<br>P1 #128 원점에서 4433m<br>좌표: 38.354240°N, 128.483301°E<br><br><a href="https://map.naver.com/v5/search/38.3542401111113,128.48330075">📍 네이버 지도</a>]]></description>
        <styleUrl>#tri</styleUrl>
        <Point><coordinates>128.48330075,38.3542401111113,0</coordinates></Point>
      </Placemark>
      <Placemark><name>◎ U0004</name>
        <description><![CDATA[<b>통합기준점</b><br>명칭: U0004<br>P1 #128 원점에서 4783m<br>좌표: 38.377329°N, 128.464801°E<br><br><a href="https://map.naver.com/v5/search/38.3773289944446,128.464801427778">📍 네이버 지도</a>]]></description>
        <styleUrl>#uni</styleUrl>
        <Point><coordinates>128.464801427778,38.3773289944446,0</coordinates></Point>
      </Placemark>
    </Folder>
  </Folder>
  <Folder>
    <name>#129 (34.96°N 128.58°E) 국가65.6점</name>
    <description>서브격자 상위5개 / 근접 기준점5개</description>
    <Placemark><name>▶ P1 #129 중심</name>
      <description><![CDATA[P1 국가격자 후보지<br>점수: 65.6점<br>좌표: 34.95642°N, 128.58447°E<br>서브격자 후보: 5개 / 근접 기준점: 5개<br><br><a href="https://map.naver.com/v5/search/34.95642,128.58447">📍 네이버 지도</a>]]></description>
      <styleUrl>#center</styleUrl>
      <Point><coordinates>128.58447,34.95642,0</coordinates></Point>
    </Placemark>
    <Folder><name>📍 서브격자 후보 (5개)</name>
      <Placemark><name>#1 99.9점</name>
        <description><![CDATA[사이트 #129 / 서브격자 1위
종합점수: 99.9점
좌표: 34.992385°N, 128.595901°E

② 지형: 15.0 / 15점 (경사 0.0°)
③ 전력·철도: 15.0 / 15점
④ 인구이격: 15.0 / 15점
⑤ 모델기여: 10.0 / 10점
⑥ 암상: 5.0 / 5점
도로: 1999m

네이버: https://map.naver.com/v5/search/34.992385,128.595901
카카오: https://map.kakao.com/link/map/P129-1,34.992385,128.595901]]></description>
        <styleUrl>#top1</styleUrl>
        <Point><coordinates>128.595901,34.992385,0</coordinates></Point>
      </Placemark>
      <Placemark><name>#2 98.9점</name>
        <description><![CDATA[사이트 #129 / 서브격자 2위
종합점수: 98.9점
좌표: 34.974353°N, 128.595661°E

② 지형: 15.0 / 15점 (경사 0.0°)
③ 전력·철도: 14.8 / 15점
④ 인구이격: 14.7 / 15점
⑤ 모델기여: 10.0 / 10점
⑥ 암상: 4.9 / 5점
도로: 1482m

네이버: https://map.naver.com/v5/search/34.974353,128.595661
카카오: https://map.kakao.com/link/map/P129-2,34.974353,128.595661]]></description>
        <styleUrl>#top5</styleUrl>
        <Point><coordinates>128.595661,34.974353,0</coordinates></Point>
      </Placemark>
      <Placemark><name>#3 98.6점</name>
        <description><![CDATA[사이트 #129 / 서브격자 3위
종합점수: 98.6점
좌표: 34.956709°N, 128.551617°E

② 지형: 15.0 / 15점 (경사 0.0°)
③ 전력·철도: 14.7 / 15점
④ 인구이격: 14.9 / 15점
⑤ 모델기여: 10.0 / 10점
⑥ 암상: 4.5 / 5점
도로: 1505m

네이버: https://map.naver.com/v5/search/34.956709,128.551617
카카오: https://map.kakao.com/link/map/P129-3,34.956709,128.551617]]></description>
        <styleUrl>#top5</styleUrl>
        <Point><coordinates>128.551617,34.956709,0</coordinates></Point>
      </Placemark>
      <Placemark><name>#4 98.5점</name>
        <description><![CDATA[사이트 #129 / 서브격자 4위
종합점수: 98.5점
좌표: 34.992286°N, 128.606857°E

② 지형: 15.0 / 15점 (경사 0.0°)
③ 전력·철도: 15.0 / 15점
④ 인구이격: 14.1 / 15점
⑤ 모델기여: 10.0 / 10점
⑥ 암상: 5.0 / 5점
도로: 1033m

네이버: https://map.naver.com/v5/search/34.992286,128.606857
카카오: https://map.kakao.com/link/map/P129-4,34.992286,128.606857]]></description>
        <styleUrl>#top5</styleUrl>
        <Point><coordinates>128.606857,34.992286,0</coordinates></Point>
      </Placemark>
      <Placemark><name>#5 98.1점</name>
        <description><![CDATA[사이트 #129 / 서브격자 5위
종합점수: 98.1점
좌표: 34.974741°N, 128.551847°E

② 지형: 15.0 / 15점 (경사 0.0°)
③ 전력·철도: 14.9 / 15점
④ 인구이격: 14.3 / 15점
⑤ 모델기여: 10.0 / 10점
⑥ 암상: 4.7 / 5점
도로: 1565m

네이버: https://map.naver.com/v5/search/34.974741,128.551847
카카오: https://map.kakao.com/link/map/P129-5,34.974741,128.551847]]></description>
        <styleUrl>#top5</styleUrl>
        <Point><coordinates>128.551847,34.974741,0</coordinates></Point>
      </Placemark>
    </Folder>
    <Folder><name>📐 근접 기준점 (5개)</name>
      <Placemark><name>△ 거제406</name>
        <description><![CDATA[<b>삼각점</b><br>명칭: 거제406<br>P1 #129 원점에서 2892m<br>좌표: 34.961716°N, 128.615480°E<br><br><a href="https://map.naver.com/v5/search/34.9617155833324,128.615479944445">📍 네이버 지도</a>]]></description>
        <styleUrl>#tri</styleUrl>
        <Point><coordinates>128.615479944445,34.9617155833324,0</coordinates></Point>
      </Placemark>
      <Placemark><name>△ 거제22</name>
        <description><![CDATA[<b>삼각점</b><br>명칭: 거제22<br>P1 #129 원점에서 3040m<br>좌표: 34.941034°N, 128.612023°E<br><br><a href="https://map.naver.com/v5/search/34.9410339444435,128.612023416667">📍 네이버 지도</a>]]></description>
        <styleUrl>#tri</styleUrl>
        <Point><coordinates>128.612023416667,34.9410339444435,0</coordinates></Point>
      </Placemark>
      <Placemark><name>△ 거제403</name>
        <description><![CDATA[<b>삼각점</b><br>명칭: 거제403<br>P1 #129 원점에서 3623m<br>좌표: 34.930009°N, 128.607825°E<br><br><a href="https://map.naver.com/v5/search/34.9300093055546,128.607824861111">📍 네이버 지도</a>]]></description>
        <styleUrl>#tri</styleUrl>
        <Point><coordinates>128.607824861111,34.9300093055546,0</coordinates></Point>
      </Placemark>
      <Placemark><name>△ 거제405</name>
        <description><![CDATA[<b>삼각점</b><br>명칭: 거제405<br>P1 #129 원점에서 4566m<br>좌표: 34.922658°N, 128.613084°E<br><br><a href="https://map.naver.com/v5/search/34.9226580277768,128.61308375">📍 네이버 지도</a>]]></description>
        <styleUrl>#tri</styleUrl>
        <Point><coordinates>128.61308375,34.9226580277768,0</coordinates></Point>
      </Placemark>
      <Placemark><name>△ 거제408</name>
        <description><![CDATA[<b>삼각점</b><br>명칭: 거제408<br>P1 #129 원점에서 4961m<br>좌표: 34.949096°N, 128.638064°E<br><br><a href="https://map.naver.com/v5/search/34.9490964722212,128.638064277778">📍 네이버 지도</a>]]></description>
        <styleUrl>#tri</styleUrl>
        <Point><coordinates>128.638064277778,34.9490964722212,0</coordinates></Point>
      </Placemark>
    </Folder>
  </Folder>
  <Folder>
    <name>#130 (35.77°N 128.60°E) 국가57.7점</name>
    <description>서브격자 상위5개 / 근접 기준점19개</description>
    <Placemark><name>▶ P1 #130 중심</name>
      <description><![CDATA[P1 국가격자 후보지<br>점수: 57.7점<br>좌표: 35.76779°N, 128.59537°E<br>서브격자 후보: 5개 / 근접 기준점: 19개<br><br><a href="https://map.naver.com/v5/search/35.76779,128.59537">📍 네이버 지도</a>]]></description>
      <styleUrl>#center</styleUrl>
      <Point><coordinates>128.59537,35.76779,0</coordinates></Point>
    </Placemark>
    <Folder><name>📍 서브격자 후보 (5개)</name>
      <Placemark><name>#1 86.8점</name>
        <description><![CDATA[사이트 #130 / 서브격자 1위
종합점수: 86.8점
좌표: 35.777102°N, 128.562307°E

② 지형: 10.9 / 15점 (경사 8.18°)
③ 전력·철도: 11.6 / 15점
④ 인구이격: 15.0 / 15점
⑤ 모델기여: 10.0 / 10점
⑥ 암상: 4.6 / 5점
도로: 1108m

네이버: https://map.naver.com/v5/search/35.777102,128.562307
카카오: https://map.kakao.com/link/map/P130-1,35.777102,128.562307]]></description>
        <styleUrl>#top1</styleUrl>
        <Point><coordinates>128.562307,35.777102,0</coordinates></Point>
      </Placemark>
      <Placemark><name>#2 85.2점</name>
        <description><![CDATA[사이트 #130 / 서브격자 2위
종합점수: 85.2점
좌표: 35.758876°N, 128.584187°E

② 지형: 10.6 / 15점 (경사 8.73°)
③ 전력·철도: 13.8 / 15점
④ 인구이격: 14.8 / 15점
⑤ 모델기여: 7.0 / 10점
⑥ 암상: 4.9 / 5점
도로: 426m

네이버: https://map.naver.com/v5/search/35.758876,128.584187
카카오: https://map.kakao.com/link/map/P130-2,35.758876,128.584187]]></description>
        <styleUrl>#top5</styleUrl>
        <Point><coordinates>128.584187,35.758876,0</coordinates></Point>
      </Placemark>
      <Placemark><name>#3 85.1점</name>
        <description><![CDATA[사이트 #130 / 서브격자 3위
종합점수: 85.1점
좌표: 35.767989°N, 128.573248°E

② 지형: 11.2 / 15점 (경사 7.63°)
③ 전력·철도: 13.7 / 15점
④ 인구이격: 14.4 / 15점
⑤ 모델기여: 7.0 / 10점
⑥ 암상: 4.8 / 5점
도로: 44m

네이버: https://map.naver.com/v5/search/35.767989,128.573248
카카오: https://map.kakao.com/link/map/P130-3,35.767989,128.573248]]></description>
        <styleUrl>#top5</styleUrl>
        <Point><coordinates>128.573248,35.767989,0</coordinates></Point>
      </Placemark>
      <Placemark><name>#4 84.0점</name>
        <description><![CDATA[사이트 #130 / 서브격자 4위
종합점수: 84.0점
좌표: 35.758775°N, 128.595246°E

② 지형: 9.8 / 15점 (경사 10.4°)
③ 전력·철도: 14.1 / 15점
④ 인구이격: 14.7 / 15점
⑤ 모델기여: 7.0 / 10점
⑥ 암상: 4.8 / 5점
도로: 539m

네이버: https://map.naver.com/v5/search/35.758775,128.595246
카카오: https://map.kakao.com/link/map/P130-4,35.758775,128.595246]]></description>
        <styleUrl>#top5</styleUrl>
        <Point><coordinates>128.595246,35.758775,0</coordinates></Point>
      </Placemark>
      <Placemark><name>#5 83.5점</name>
        <description><![CDATA[사이트 #130 / 서브격자 5위
종합점수: 83.5점
좌표: 35.768088°N, 128.562187°E

② 지형: 10.2 / 15점 (경사 9.56°)
③ 전력·철도: 13.3 / 15점
④ 인구이격: 14.9 / 15점
⑤ 모델기여: 7.0 / 10점
⑥ 암상: 4.7 / 5점
도로: 789m

네이버: https://map.naver.com/v5/search/35.768088,128.562187
카카오: https://map.kakao.com/link/map/P130-5,35.768088,128.562187]]></description>
        <styleUrl>#top5</styleUrl>
        <Point><coordinates>128.562187,35.768088,0</coordinates></Point>
      </Placemark>
    </Folder>
    <Folder><name>📐 근접 기준점 (19개)</name>
      <Placemark><name>△ 대구486</name>
        <description><![CDATA[<b>삼각점</b><br>명칭: 대구486<br>P1 #130 원점에서 949m<br>좌표: 35.776254°N, 128.593843°E<br><br><a href="https://map.naver.com/v5/search/35.7762538333326,128.593842555556">📍 네이버 지도</a>]]></description>
        <styleUrl>#tri</styleUrl>
        <Point><coordinates>128.593842555556,35.7762538333326,0</coordinates></Point>
      </Placemark>
      <Placemark><name>△ 대구485</name>
        <description><![CDATA[<b>삼각점</b><br>명칭: 대구485<br>P1 #130 원점에서 1698m<br>좌표: 35.762013°N, 128.577976°E<br><br><a href="https://map.naver.com/v5/search/35.7620129444437,128.577975638889">📍 네이버 지도</a>]]></description>
        <styleUrl>#tri</styleUrl>
        <Point><coordinates>128.577975638889,35.7620129444437,0</coordinates></Point>
      </Placemark>
      <Placemark><name>△ 대구338</name>
        <description><![CDATA[<b>삼각점</b><br>명칭: 대구338<br>P1 #130 원점에서 1940m<br>좌표: 35.773139°N, 128.615798°E<br><br><a href="https://map.naver.com/v5/search/35.7731391944437,128.615797972222">📍 네이버 지도</a>]]></description>
        <styleUrl>#tri</styleUrl>
        <Point><coordinates>128.615797972222,35.7731391944437,0</coordinates></Point>
      </Placemark>
      <Placemark><name>△ 청도307</name>
        <description><![CDATA[<b>삼각점</b><br>명칭: 청도307<br>P1 #130 원점에서 2149m<br>좌표: 35.749162°N, 128.601901°E<br><br><a href="https://map.naver.com/v5/search/35.7491622499992,128.601901277778">📍 네이버 지도</a>]]></description>
        <styleUrl>#tri</styleUrl>
        <Point><coordinates>128.601901277778,35.7491622499992,0</coordinates></Point>
      </Placemark>
      <Placemark><name>△ 대구490</name>
        <description><![CDATA[<b>삼각점</b><br>명칭: 대구490<br>P1 #130 원점에서 2298m<br>좌표: 35.759992°N, 128.618915°E<br><br><a href="https://map.naver.com/v5/search/35.7599919722215,128.618915444445">📍 네이버 지도</a>]]></description>
        <styleUrl>#tri</styleUrl>
        <Point><coordinates>128.618915444445,35.7599919722215,0</coordinates></Point>
      </Placemark>
      <Placemark><name>◎ U대구24</name>
        <description><![CDATA[<b>통합기준점</b><br>명칭: U대구24<br>P1 #130 원점에서 2436m<br>좌표: 35.789563°N, 128.598850°E<br><br><a href="https://map.naver.com/v5/search/35.789563352777,128.598849838889">📍 네이버 지도</a>]]></description>
        <styleUrl>#uni</styleUrl>
        <Point><coordinates>128.598849838889,35.789563352777,0</coordinates></Point>
      </Placemark>
      <Placemark><name>△ 대구337</name>
        <description><![CDATA[<b>삼각점</b><br>명칭: 대구337<br>P1 #130 원점에서 2991m<br>좌표: 35.785475°N, 128.570389°E<br><br><a href="https://map.naver.com/v5/search/35.7854749166659,128.570389305556">📍 네이버 지도</a>]]></description>
        <styleUrl>#tri</styleUrl>
        <Point><coordinates>128.570389305556,35.7854749166659,0</coordinates></Point>
      </Placemark>
      <Placemark><name>△ 청도408</name>
        <description><![CDATA[<b>삼각점</b><br>명칭: 청도408<br>P1 #130 원점에서 3469m<br>좌표: 35.739124°N, 128.580021°E<br><br><a href="https://map.naver.com/v5/search/35.7391236666659,128.580021277778">📍 네이버 지도</a>]]></description>
        <styleUrl>#tri</styleUrl>
        <Point><coordinates>128.580021277778,35.7391236666659,0</coordinates></Point>
      </Placemark>
      <Placemark><name>△ 대구487</name>
        <description><![CDATA[<b>삼각점</b><br>명칭: 대구487<br>P1 #130 원점에서 3482m<br>좌표: 35.799142°N, 128.593350°E<br><br><a href="https://map.naver.com/v5/search/35.7991418055548,128.593349916667">📍 네이버 지도</a>]]></description>
        <styleUrl>#tri</styleUrl>
        <Point><coordinates>128.593349916667,35.7991418055548,0</coordinates></Point>
      </Placemark>
      <Placemark><name>△ 청도306</name>
        <description><![CDATA[<b>삼각점</b><br>명칭: 청도306<br>P1 #130 원점에서 4030m<br>좌표: 35.731792°N, 128.589376°E<br><br><a href="https://map.naver.com/v5/search/35.7317923611103,128.589376444445">📍 네이버 지도</a>]]></description>
        <styleUrl>#tri</styleUrl>
        <Point><coordinates>128.589376444445,35.7317923611103,0</coordinates></Point>
      </Placemark>
      <Placemark><name>◎ U대구26</name>
        <description><![CDATA[<b>통합기준점</b><br>명칭: U대구26<br>P1 #130 원점에서 4210m<br>좌표: 35.793709°N, 128.629390°E<br><br><a href="https://map.naver.com/v5/search/35.7937091888881,128.629390194445">📍 네이버 지도</a>]]></description>
        <styleUrl>#uni</styleUrl>
        <Point><coordinates>128.629390194445,35.7937091888881,0</coordinates></Point>
      </Placemark>
      <Placemark><name>△ 청도309</name>
        <description><![CDATA[<b>삼각점</b><br>명칭: 청도309<br>P1 #130 원점에서 4252m<br>좌표: 35.741968°N, 128.630132°E<br><br><a href="https://map.naver.com/v5/search/35.7419679444437,128.6301315">📍 네이버 지도</a>]]></description>
        <styleUrl>#tri</styleUrl>
        <Point><coordinates>128.6301315,35.7419679444437,0</coordinates></Point>
      </Placemark>
      <Placemark><name>△ 대구489</name>
        <description><![CDATA[<b>삼각점</b><br>명칭: 대구489<br>P1 #130 원점에서 4290m<br>좌표: 35.802032°N, 128.617446°E<br><br><a href="https://map.naver.com/v5/search/35.8020315555548,128.617445638889">📍 네이버 지도</a>]]></description>
        <styleUrl>#tri</styleUrl>
        <Point><coordinates>128.617445638889,35.8020315555548,0</coordinates></Point>
      </Placemark>
      <Placemark><name>△ 대구494</name>
        <description><![CDATA[<b>삼각점</b><br>명칭: 대구494<br>P1 #130 원점에서 4304m<br>좌표: 35.766234°N, 128.642938°E<br><br><a href="https://map.naver.com/v5/search/35.766234277777,128.642938444445">📍 네이버 지도</a>]]></description>
        <styleUrl>#tri</styleUrl>
        <Point><coordinates>128.642938444445,35.766234277777,0</coordinates></Point>
      </Placemark>
      <Placemark><name>△ 대구493</name>
        <description><![CDATA[<b>삼각점</b><br>명칭: 대구493<br>P1 #130 원점에서 4370m<br>좌표: 35.792402°N, 128.633115°E<br><br><a href="https://map.naver.com/v5/search/35.7924024722215,128.633115">📍 네이버 지도</a>]]></description>
        <styleUrl>#tri</styleUrl>
        <Point><coordinates>128.633115,35.7924024722215,0</coordinates></Point>
      </Placemark>
      <Placemark><name>△ 청도304</name>
        <description><![CDATA[<b>삼각점</b><br>명칭: 청도304<br>P1 #130 원점에서 4487m<br>좌표: 35.736278°N, 128.564259°E<br><br><a href="https://map.naver.com/v5/search/35.7362784999992,128.564258972222">📍 네이버 지도</a>]]></description>
        <styleUrl>#tri</styleUrl>
        <Point><coordinates>128.564258972222,35.7362784999992,0</coordinates></Point>
      </Placemark>
      <Placemark><name>△ 대구323</name>
        <description><![CDATA[<b>삼각점</b><br>명칭: 대구323<br>P1 #130 원점에서 4669m<br>좌표: 35.809728°N, 128.590965°E<br><br><a href="https://map.naver.com/v5/search/35.8097284999992,128.590964527778">📍 네이버 지도</a>]]></description>
        <styleUrl>#tri</styleUrl>
        <Point><coordinates>128.590964527778,35.8097284999992,0</coordinates></Point>
      </Placemark>
      <Placemark><name>◎ U0735</name>
        <description><![CDATA[<b>통합기준점</b><br>명칭: U0735<br>P1 #130 원점에서 4754m<br>좌표: 35.771084°N, 128.647808°E<br><br><a href="https://map.naver.com/v5/search/35.7710843999992,128.647807688889">📍 네이버 지도</a>]]></description>
        <styleUrl>#uni</styleUrl>
        <Point><coordinates>128.647807688889,35.7710843999992,0</coordinates></Point>
      </Placemark>
      <Placemark><name>△ 청도413</name>
        <description><![CDATA[<b>삼각점</b><br>명칭: 청도413<br>P1 #130 원점에서 4898m<br>좌표: 35.725312°N, 128.610171°E<br><br><a href="https://map.naver.com/v5/search/35.7253124999992,128.610170861111">📍 네이버 지도</a>]]></description>
        <styleUrl>#tri</styleUrl>
        <Point><coordinates>128.610170861111,35.7253124999992,0</coordinates></Point>
      </Placemark>
    </Folder>
  </Folder>
  <Folder>
    <name>#138 (34.78°N 128.69°E) 국가69.7점</name>
    <description>서브격자 상위5개 / 근접 기준점6개</description>
    <Placemark><name>▶ P1 #138 중심</name>
      <description><![CDATA[P1 국가격자 후보지<br>점수: 69.7점<br>좌표: 34.77508°N, 128.69137°E<br>서브격자 후보: 5개 / 근접 기준점: 6개<br><br><a href="https://map.naver.com/v5/search/34.77508,128.69137">📍 네이버 지도</a>]]></description>
      <styleUrl>#center</styleUrl>
      <Point><coordinates>128.69137,34.77508,0</coordinates></Point>
    </Placemark>
    <Folder><name>📍 서브격자 후보 (5개)</name>
      <Placemark><name>#1 99.7점</name>
        <description><![CDATA[사이트 #138 / 서브격자 1위
종합점수: 99.7점
좌표: 34.756833°N, 128.712959°E

② 지형: 15.0 / 15점 (경사 0.0°)
③ 전력·철도: 15.0 / 15점
④ 인구이격: 15.0 / 15점
⑤ 모델기여: 10.0 / 10점
⑥ 암상: 4.8 / 5점
도로: 1339m

네이버: https://map.naver.com/v5/search/34.756833,128.712959
카카오: https://map.kakao.com/link/map/P138-1,34.756833,128.712959]]></description>
        <styleUrl>#top1</styleUrl>
        <Point><coordinates>128.712959,34.756833,0</coordinates></Point>
      </Placemark>
      <Placemark><name>#2 99.6점</name>
        <description><![CDATA[사이트 #138 / 서브격자 2위
종합점수: 99.6점
좌표: 34.756723°N, 128.723883°E

② 지형: 15.0 / 15점 (경사 0.0°)
③ 전력·철도: 15.0 / 15점
④ 인구이격: 14.9 / 15점
⑤ 모델기여: 10.0 / 10점
⑥ 암상: 4.9 / 5점
도로: 1677m

네이버: https://map.naver.com/v5/search/34.756723,128.723883
카카오: https://map.kakao.com/link/map/P138-2,34.756723,128.723883]]></description>
        <styleUrl>#top5</styleUrl>
        <Point><coordinates>128.723883,34.756723,0</coordinates></Point>
      </Placemark>
      <Placemark><name>#3 99.4점</name>
        <description><![CDATA[사이트 #138 / 서브격자 3위
종합점수: 99.4점
좌표: 34.765957°N, 128.702166°E

② 지형: 15.0 / 15점 (경사 0.0°)
③ 전력·철도: 15.0 / 15점
④ 인구이격: 14.9 / 15점
⑤ 모델기여: 10.0 / 10점
⑥ 암상: 4.8 / 5점
도로: 804m

네이버: https://map.naver.com/v5/search/34.765957,128.702166
카카오: https://map.kakao.com/link/map/P138-3,34.765957,128.702166]]></description>
        <styleUrl>#top5</styleUrl>
        <Point><coordinates>128.702166,34.765957,0</coordinates></Point>
      </Placemark>
      <Placemark><name>#4 99.0점</name>
        <description><![CDATA[사이트 #138 / 서브격자 4위
종합점수: 99.0점
좌표: 34.756941°N, 128.702035°E

② 지형: 15.0 / 15점 (경사 0.0°)
③ 전력·철도: 15.0 / 15점
④ 인구이격: 14.6 / 15점
⑤ 모델기여: 10.0 / 10점
⑥ 암상: 4.7 / 5점
도로: 1578m

네이버: https://map.naver.com/v5/search/34.756941,128.702035
카카오: https://map.kakao.com/link/map/P138-4,34.756941,128.702035]]></description>
        <styleUrl>#top5</styleUrl>
        <Point><coordinates>128.702035,34.756941,0</coordinates></Point>
      </Placemark>
      <Placemark><name>#5 98.9점</name>
        <description><![CDATA[사이트 #138 / 서브격자 5위
종합점수: 98.9점
좌표: 34.774973°N, 128.702296°E

② 지형: 15.0 / 15점 (경사 0.0°)
③ 전력·철도: 15.0 / 15점
④ 인구이격: 14.5 / 15점
⑤ 모델기여: 10.0 / 10점
⑥ 암상: 4.8 / 5점
도로: 877m

네이버: https://map.naver.com/v5/search/34.774973,128.702296
카카오: https://map.kakao.com/link/map/P138-5,34.774973,128.702296]]></description>
        <styleUrl>#top5</styleUrl>
        <Point><coordinates>128.702296,34.774973,0</coordinates></Point>
      </Placemark>
    </Folder>
    <Folder><name>📐 근접 기준점 (6개)</name>
      <Placemark><name>△ 거제444</name>
        <description><![CDATA[<b>삼각점</b><br>명칭: 거제444<br>P1 #138 원점에서 2402m<br>좌표: 34.782277°N, 128.666617°E<br><br><a href="https://map.naver.com/v5/search/34.7822765555545,128.666617305556">📍 네이버 지도</a>]]></description>
        <styleUrl>#tri</styleUrl>
        <Point><coordinates>128.666617305556,34.7822765555545,0</coordinates></Point>
      </Placemark>
      <Placemark><name>△ 거제456</name>
        <description><![CDATA[<b>삼각점</b><br>명칭: 거제456<br>P1 #138 원점에서 2680m<br>좌표: 34.798936°N, 128.696018°E<br><br><a href="https://map.naver.com/v5/search/34.7989361666657,128.696018388889">📍 네이버 지도</a>]]></description>
        <styleUrl>#tri</styleUrl>
        <Point><coordinates>128.696018388889,34.7989361666657,0</coordinates></Point>
      </Placemark>
      <Placemark><name>◎ U거제78</name>
        <description><![CDATA[<b>통합기준점</b><br>명칭: U거제78<br>P1 #138 원점에서 4042m<br>좌표: 34.811289°N, 128.686408°E<br><br><a href="https://map.naver.com/v5/search/34.8112893694434,128.686407766667">📍 네이버 지도</a>]]></description>
        <styleUrl>#uni</styleUrl>
        <Point><coordinates>128.686407766667,34.8112893694434,0</coordinates></Point>
      </Placemark>
      <Placemark><name>△ 매물406</name>
        <description><![CDATA[<b>삼각점</b><br>명칭: 매물406<br>P1 #138 원점에서 4370m<br>좌표: 34.740802°N, 128.667838°E<br><br><a href="https://map.naver.com/v5/search/34.7408016111101,128.667837583334">📍 네이버 지도</a>]]></description>
        <styleUrl>#tri</styleUrl>
        <Point><coordinates>128.667837583334,34.7408016111101,0</coordinates></Point>
      </Placemark>
      <Placemark><name>△ 거제26</name>
        <description><![CDATA[<b>삼각점</b><br>명칭: 거제26<br>P1 #138 원점에서 4532m<br>좌표: 34.791875°N, 128.736525°E<br><br><a href="https://map.naver.com/v5/search/34.7918750555545,128.736525083334">📍 네이버 지도</a>]]></description>
        <styleUrl>#tri</styleUrl>
        <Point><coordinates>128.736525083334,34.7918750555545,0</coordinates></Point>
      </Placemark>
      <Placemark><name>△ 거제453</name>
        <description><![CDATA[<b>삼각점</b><br>명칭: 거제453<br>P1 #138 원점에서 4551m<br>좌표: 34.775493°N, 128.641646°E<br><br><a href="https://map.naver.com/v5/search/34.7754926944434,128.641645583334">📍 네이버 지도</a>]]></description>
        <styleUrl>#tri</styleUrl>
        <Point><coordinates>128.641645583334,34.7754926944434,0</coordinates></Point>
      </Placemark>
    </Folder>
  </Folder>
  <Folder>
    <name>#144 (36.49°N 128.83°E) 국가60.0점</name>
    <description>서브격자 상위4개 / 근접 기준점14개</description>
    <Placemark><name>▶ P1 #144 중심</name>
      <description><![CDATA[P1 국가격자 후보지<br>점수: 60.0점<br>좌표: 36.48664°N, 128.82868°E<br>서브격자 후보: 4개 / 근접 기준점: 14개<br><br><a href="https://map.naver.com/v5/search/36.48664,128.82868">📍 네이버 지도</a>]]></description>
      <styleUrl>#center</styleUrl>
      <Point><coordinates>128.82868,36.48664,0</coordinates></Point>
    </Placemark>
    <Folder><name>📍 서브격자 후보 (4개)</name>
      <Placemark><name>#1 93.5점</name>
        <description><![CDATA[사이트 #144 / 서브격자 1위
종합점수: 93.5점
좌표: 36.477250°N, 128.862006°E

② 지형: 12.2 / 15점 (경사 5.64°)
③ 전력·철도: 15.0 / 15점
④ 인구이격: 15.0 / 15점
⑤ 모델기여: 10.0 / 10점
⑥ 암상: 3.9 / 5점
도로: 1165m

네이버: https://map.naver.com/v5/search/36.47725,128.862006
카카오: https://map.kakao.com/link/map/P144-1,36.47725,128.862006]]></description>
        <styleUrl>#top1</styleUrl>
        <Point><coordinates>128.862006,36.47725,0</coordinates></Point>
      </Placemark>
      <Placemark><name>#2 89.1점</name>
        <description><![CDATA[사이트 #144 / 서브격자 2위
종합점수: 89.1점
좌표: 36.486640°N, 128.828680°E

② 지형: 11.5 / 15점 (경사 6.93°)
③ 전력·철도: 13.4 / 15점
④ 인구이격: 14.2 / 15점
⑤ 모델기여: 10.0 / 10점
⑥ 암상: 4.3 / 5점
도로: 556m

네이버: https://map.naver.com/v5/search/36.48664,128.82868
카카오: https://map.kakao.com/link/map/P144-2,36.48664,128.82868]]></description>
        <styleUrl>#top5</styleUrl>
        <Point><coordinates>128.82868,36.48664,0</coordinates></Point>
      </Placemark>
      <Placemark><name>#3 86.6점</name>
        <description><![CDATA[사이트 #144 / 서브격자 3위
종합점수: 86.6점
좌표: 36.478116°N, 128.783885°E

② 지형: 11.2 / 15점 (경사 7.66°)
③ 전력·철도: 14.8 / 15점
④ 인구이격: 13.3 / 15점
⑤ 모델기여: 8.0 / 10점
⑥ 암상: 4.7 / 5점
도로: 1894m

네이버: https://map.naver.com/v5/search/36.478116,128.783885
카카오: https://map.kakao.com/link/map/P144-3,36.478116,128.783885]]></description>
        <styleUrl>#top5</styleUrl>
        <Point><coordinates>128.783885,36.478116,0</coordinates></Point>
      </Placemark>
      <Placemark><name>#4 79.3점</name>
        <description><![CDATA[사이트 #144 / 서브격자 4위
종합점수: 79.3점
좌표: 36.487129°N, 128.784034°E

② 지형: 11.9 / 15점 (경사 6.29°)
③ 전력·철도: 13.4 / 15점
④ 인구이격: 9.3 / 15점
⑤ 모델기여: 8.0 / 10점
⑥ 암상: 5.0 / 5점
도로: 988m

네이버: https://map.naver.com/v5/search/36.487129,128.784034
카카오: https://map.kakao.com/link/map/P144-4,36.487129,128.784034]]></description>
        <styleUrl>#top5</styleUrl>
        <Point><coordinates>128.784034,36.487129,0</coordinates></Point>
      </Placemark>
    </Folder>
    <Folder><name>📐 근접 기준점 (14개)</name>
      <Placemark><name>△ 길안407</name>
        <description><![CDATA[<b>삼각점</b><br>명칭: 길안407<br>P1 #144 원점에서 660m<br>좌표: 36.485756°N, 128.821395°E<br><br><a href="https://map.naver.com/v5/search/36.4857561388883,128.821395138889">📍 네이버 지도</a>]]></description>
        <styleUrl>#tri</styleUrl>
        <Point><coordinates>128.821395138889,36.4857561388883,0</coordinates></Point>
      </Placemark>
      <Placemark><name>△ 길안409</name>
        <description><![CDATA[<b>삼각점</b><br>명칭: 길안409<br>P1 #144 원점에서 1080m<br>좌표: 36.495940°N, 128.832257°E<br><br><a href="https://map.naver.com/v5/search/36.4959402222217,128.832256861112">📍 네이버 지도</a>]]></description>
        <styleUrl>#tri</styleUrl>
        <Point><coordinates>128.832256861112,36.4959402222217,0</coordinates></Point>
      </Placemark>
      <Placemark><name>△ 길안410</name>
        <description><![CDATA[<b>삼각점</b><br>명칭: 길안410<br>P1 #144 원점에서 2348m<br>좌표: 36.466194°N, 128.835460°E<br><br><a href="https://map.naver.com/v5/search/36.4661936944439,128.835459500001">📍 네이버 지도</a>]]></description>
        <styleUrl>#tri</styleUrl>
        <Point><coordinates>128.835459500001,36.4661936944439,0</coordinates></Point>
      </Placemark>
      <Placemark><name>△ 예안310</name>
        <description><![CDATA[<b>삼각점</b><br>명칭: 예안310<br>P1 #144 원점에서 3081m<br>좌표: 36.503544°N, 128.801389°E<br><br><a href="https://map.naver.com/v5/search/36.5035444166661,128.801388611112">📍 네이버 지도</a>]]></description>
        <styleUrl>#tri</styleUrl>
        <Point><coordinates>128.801388611112,36.5035444166661,0</coordinates></Point>
      </Placemark>
      <Placemark><name>△ 길안413</name>
        <description><![CDATA[<b>삼각점</b><br>명칭: 길안413<br>P1 #144 원점에서 3158m<br>좌표: 36.486414°N, 128.863933°E<br><br><a href="https://map.naver.com/v5/search/36.4864138888884,128.863933166667">📍 네이버 지도</a>]]></description>
        <styleUrl>#tri</styleUrl>
        <Point><coordinates>128.863933166667,36.4864138888884,0</coordinates></Point>
      </Placemark>
      <Placemark><name>△ 예안457</name>
        <description><![CDATA[<b>삼각점</b><br>명칭: 예안457<br>P1 #144 원점에서 3522m<br>좌표: 36.518282°N, 128.825572°E<br><br><a href="https://map.naver.com/v5/search/36.5182821666661,128.825571833334">📍 네이버 지도</a>]]></description>
        <styleUrl>#tri</styleUrl>
        <Point><coordinates>128.825571833334,36.5182821666661,0</coordinates></Point>
      </Placemark>
      <Placemark><name>△ 길안405</name>
        <description><![CDATA[<b>삼각점</b><br>명칭: 길안405<br>P1 #144 원점에서 3605m<br>좌표: 36.470264°N, 128.793930°E<br><br><a href="https://map.naver.com/v5/search/36.4702637777772,128.793929861112">📍 네이버 지도</a>]]></description>
        <styleUrl>#tri</styleUrl>
        <Point><coordinates>128.793929861112,36.4702637777772,0</coordinates></Point>
      </Placemark>
      <Placemark><name>△ 길안403</name>
        <description><![CDATA[<b>삼각점</b><br>명칭: 길안403<br>P1 #144 원점에서 3610m<br>좌표: 36.498153°N, 128.790989°E<br><br><a href="https://map.naver.com/v5/search/36.4981530277772,128.790989194445">📍 네이버 지도</a>]]></description>
        <styleUrl>#tri</styleUrl>
        <Point><coordinates>128.790989194445,36.4981530277772,0</coordinates></Point>
      </Placemark>
      <Placemark><name>◎ U길안16</name>
        <description><![CDATA[<b>통합기준점</b><br>명칭: U길안16<br>P1 #144 원점에서 3737m<br>좌표: 36.491085°N, 128.870028°E<br><br><a href="https://map.naver.com/v5/search/36.491084855555,128.870027758334">📍 네이버 지도</a>]]></description>
        <styleUrl>#uni</styleUrl>
        <Point><coordinates>128.870027758334,36.491084855555,0</coordinates></Point>
      </Placemark>
      <Placemark><name>△ 예안461</name>
        <description><![CDATA[<b>삼각점</b><br>명칭: 예안461<br>P1 #144 원점에서 3852m<br>좌표: 36.514624°N, 128.854129°E<br><br><a href="https://map.naver.com/v5/search/36.514624305555,128.854129000001">📍 네이버 지도</a>]]></description>
        <styleUrl>#tri</styleUrl>
        <Point><coordinates>128.854129000001,36.514624305555,0</coordinates></Point>
      </Placemark>
      <Placemark><name>△ 길안21</name>
        <description><![CDATA[<b>삼각점</b><br>명칭: 길안21<br>P1 #144 원점에서 3859m<br>좌표: 36.452163°N, 128.822986°E<br><br><a href="https://map.naver.com/v5/search/36.4521631388883,128.822985611112">📍 네이버 지도</a>]]></description>
        <styleUrl>#tri</styleUrl>
        <Point><coordinates>128.822985611112,36.4521631388883,0</coordinates></Point>
      </Placemark>
      <Placemark><name>△ 길안414</name>
        <description><![CDATA[<b>삼각점</b><br>명칭: 길안414<br>P1 #144 원점에서 4287m<br>좌표: 36.465226°N, 128.868510°E<br><br><a href="https://map.naver.com/v5/search/36.4652259999994,128.868509916667">📍 네이버 지도</a>]]></description>
        <styleUrl>#tri</styleUrl>
        <Point><coordinates>128.868509916667,36.4652259999994,0</coordinates></Point>
      </Placemark>
      <Placemark><name>◎ U0514</name>
        <description><![CDATA[<b>통합기준점</b><br>명칭: U0514<br>P1 #144 원점에서 4381m<br>좌표: 36.526112°N, 128.827258°E<br><br><a href="https://map.naver.com/v5/search/36.5261121194439,128.827257963889">📍 네이버 지도</a>]]></description>
        <styleUrl>#uni</styleUrl>
        <Point><coordinates>128.827257963889,36.5261121194439,0</coordinates></Point>
      </Placemark>
      <Placemark><name>△ 길안411</name>
        <description><![CDATA[<b>삼각점</b><br>명칭: 길안411<br>P1 #144 원점에서 4499m<br>좌표: 36.449075°N, 128.847602°E<br><br><a href="https://map.naver.com/v5/search/36.4490745833328,128.847602194445">📍 네이버 지도</a>]]></description>
        <styleUrl>#tri</styleUrl>
        <Point><coordinates>128.847602194445,36.4490745833328,0</coordinates></Point>
      </Placemark>
    </Folder>
  </Folder>
  <Folder>
    <name>#145 (36.76°N 128.83°E) 국가57.7점</name>
    <description>서브격자 상위5개 / 근접 기준점15개</description>
    <Placemark><name>▶ P1 #145 중심</name>
      <description><![CDATA[P1 국가격자 후보지<br>점수: 57.7점<br>좌표: 36.75702°N, 128.83333°E<br>서브격자 후보: 5개 / 근접 기준점: 15개<br><br><a href="https://map.naver.com/v5/search/36.75702,128.83333">📍 네이버 지도</a>]]></description>
      <styleUrl>#center</styleUrl>
      <Point><coordinates>128.83333,36.75702,0</coordinates></Point>
    </Placemark>
    <Folder><name>📍 서브격자 후보 (5개)</name>
      <Placemark><name>#1 93.4점</name>
        <description><![CDATA[사이트 #145 / 서브격자 1위
종합점수: 93.4점
좌표: 36.721342°N, 128.799121°E

② 지형: 14.0 / 15점 (경사 1.98°)
③ 전력·철도: 15.0 / 15점
④ 인구이격: 14.1 / 15점
⑤ 모델기여: 8.0 / 10점
⑥ 암상: 5.0 / 5점
도로: 318m

네이버: https://map.naver.com/v5/search/36.721342,128.799121
카카오: https://map.kakao.com/link/map/P145-1,36.721342,128.799121]]></description>
        <styleUrl>#top1</styleUrl>
        <Point><coordinates>128.799121,36.721342,0</coordinates></Point>
      </Placemark>
      <Placemark><name>#2 92.0점</name>
        <description><![CDATA[사이트 #145 / 서브격자 2위
종합점수: 92.0점
좌표: 36.775045°N, 128.833642°E

② 지형: 13.8 / 15점 (경사 2.46°)
③ 전력·철도: 14.6 / 15점
④ 인구이격: 14.4 / 15점
⑤ 모델기여: 8.0 / 10점
⑥ 암상: 4.4 / 5점
도로: 19m

네이버: https://map.naver.com/v5/search/36.775045,128.833642
카카오: https://map.kakao.com/link/map/P145-2,36.775045,128.833642]]></description>
        <styleUrl>#top5</styleUrl>
        <Point><coordinates>128.833642,36.775045,0</coordinates></Point>
      </Placemark>
      <Placemark><name>#3 91.6점</name>
        <description><![CDATA[사이트 #145 / 서브격자 3위
종합점수: 91.6점
좌표: 36.766157°N, 128.822284°E

② 지형: 13.9 / 15점 (경사 2.2°)
③ 전력·철도: 14.6 / 15점
④ 인구이격: 13.9 / 15점
⑤ 모델기여: 8.0 / 10점
⑥ 암상: 4.6 / 5점
도로: 477m

네이버: https://map.naver.com/v5/search/36.766157,128.822284
카카오: https://map.kakao.com/link/map/P145-3,36.766157,128.822284]]></description>
        <styleUrl>#top5</styleUrl>
        <Point><coordinates>128.822284,36.766157,0</coordinates></Point>
      </Placemark>
      <Placemark><name>#4 91.6점</name>
        <description><![CDATA[사이트 #145 / 서브격자 4위
종합점수: 91.6점
좌표: 36.721219°N, 128.810316°E

② 지형: 13.1 / 15점 (경사 3.77°)
③ 전력·철도: 15.0 / 15점
④ 인구이격: 13.8 / 15점
⑤ 모델기여: 8.0 / 10점
⑥ 암상: 5.0 / 5점
도로: 84m

네이버: https://map.naver.com/v5/search/36.721219,128.810316
카카오: https://map.kakao.com/link/map/P145-4,36.721219,128.810316]]></description>
        <styleUrl>#top5</styleUrl>
        <Point><coordinates>128.810316,36.721219,0</coordinates></Point>
      </Placemark>
      <Placemark><name>#5 91.0점</name>
        <description><![CDATA[사이트 #145 / 서브격자 5위
종합점수: 91.0점
좌표: 36.730476°N, 128.788076°E

② 지형: 13.7 / 15점 (경사 2.55°)
③ 전력·철도: 14.9 / 15점
④ 인구이격: 13.1 / 15점
⑤ 모델기여: 8.0 / 10점
⑥ 암상: 5.0 / 5점
도로: 299m

네이버: https://map.naver.com/v5/search/36.730476,128.788076
카카오: https://map.kakao.com/link/map/P145-5,36.730476,128.788076]]></description>
        <styleUrl>#top5</styleUrl>
        <Point><coordinates>128.788076,36.730476,0</coordinates></Point>
      </Placemark>
    </Folder>
    <Folder><name>📐 근접 기준점 (15개)</name>
      <Placemark><name>◎ U0422</name>
        <description><![CDATA[<b>통합기준점</b><br>명칭: U0422<br>P1 #145 원점에서 78m<br>좌표: 36.757065°N, 128.834207°E<br><br><a href="https://map.naver.com/v5/search/36.7570650416662,128.834207425001">📍 네이버 지도</a>]]></description>
        <styleUrl>#uni</styleUrl>
        <Point><coordinates>128.834207425001,36.7570650416662,0</coordinates></Point>
      </Placemark>
      <Placemark><name>△ 춘양461</name>
        <description><![CDATA[<b>삼각점</b><br>명칭: 춘양461<br>P1 #145 원점에서 844m<br>좌표: 36.760259°N, 128.824777°E<br><br><a href="https://map.naver.com/v5/search/36.7602588611107,128.824777333334">📍 네이버 지도</a>]]></description>
        <styleUrl>#tri</styleUrl>
        <Point><coordinates>128.824777333334,36.7602588611107,0</coordinates></Point>
      </Placemark>
      <Placemark><name>△ 예안408</name>
        <description><![CDATA[<b>삼각점</b><br>명칭: 예안408<br>P1 #145 원점에서 1910m<br>좌표: 36.741314°N, 128.824560°E<br><br><a href="https://map.naver.com/v5/search/36.7413143888884,128.824560277778">📍 네이버 지도</a>]]></description>
        <styleUrl>#tri</styleUrl>
        <Point><coordinates>128.824560277778,36.7413143888884,0</coordinates></Point>
      </Placemark>
      <Placemark><name>△ 예안410</name>
        <description><![CDATA[<b>삼각점</b><br>명칭: 예안410<br>P1 #145 원점에서 1977m<br>좌표: 36.745846°N, 128.850581°E<br><br><a href="https://map.naver.com/v5/search/36.7458458333329,128.85058138889">📍 네이버 지도</a>]]></description>
        <styleUrl>#tri</styleUrl>
        <Point><coordinates>128.85058138889,36.7458458333329,0</coordinates></Point>
      </Placemark>
      <Placemark><name>△ 춘양313</name>
        <description><![CDATA[<b>삼각점</b><br>명칭: 춘양313<br>P1 #145 원점에서 2176m<br>좌표: 36.765338°N, 128.855404°E<br><br><a href="https://map.naver.com/v5/search/36.7653384999995,128.855404416667">📍 네이버 지도</a>]]></description>
        <styleUrl>#tri</styleUrl>
        <Point><coordinates>128.855404416667,36.7653384999995,0</coordinates></Point>
      </Placemark>
      <Placemark><name>△ 춘양462</name>
        <description><![CDATA[<b>삼각점</b><br>명칭: 춘양462<br>P1 #145 원점에서 2229m<br>좌표: 36.776889°N, 128.837060°E<br><br><a href="https://map.naver.com/v5/search/36.7768885277773,128.837059916667">📍 네이버 지도</a>]]></description>
        <styleUrl>#tri</styleUrl>
        <Point><coordinates>128.837059916667,36.7768885277773,0</coordinates></Point>
      </Placemark>
      <Placemark><name>△ 춘양458</name>
        <description><![CDATA[<b>삼각점</b><br>명칭: 춘양458<br>P1 #145 원점에서 3023m<br>좌표: 36.760877°N, 128.799804°E<br><br><a href="https://map.naver.com/v5/search/36.7608768611107,128.799804388889">📍 네이버 지도</a>]]></description>
        <styleUrl>#tri</styleUrl>
        <Point><coordinates>128.799804388889,36.7608768611107,0</coordinates></Point>
      </Placemark>
      <Placemark><name>△ 예안411</name>
        <description><![CDATA[<b>삼각점</b><br>명칭: 예안411<br>P1 #145 원점에서 3402m<br>좌표: 36.730028°N, 128.851418°E<br><br><a href="https://map.naver.com/v5/search/36.730028194444,128.851417805556">📍 네이버 지도</a>]]></description>
        <styleUrl>#tri</styleUrl>
        <Point><coordinates>128.851417805556,36.730028194444,0</coordinates></Point>
      </Placemark>
      <Placemark><name>△ 예안406</name>
        <description><![CDATA[<b>삼각점</b><br>명칭: 예안406<br>P1 #145 원점에서 3603m<br>좌표: 36.741775°N, 128.797695°E<br><br><a href="https://map.naver.com/v5/search/36.7417753055551,128.797694527778">📍 네이버 지도</a>]]></description>
        <styleUrl>#tri</styleUrl>
        <Point><coordinates>128.797694527778,36.7417753055551,0</coordinates></Point>
      </Placemark>
      <Placemark><name>△ 예안21</name>
        <description><![CDATA[<b>삼각점</b><br>명칭: 예안21<br>P1 #145 원점에서 3688m<br>좌표: 36.724939°N, 128.822517°E<br><br><a href="https://map.naver.com/v5/search/36.7249391111106,128.822517444445">📍 네이버 지도</a>]]></description>
        <styleUrl>#tri</styleUrl>
        <Point><coordinates>128.822517444445,36.7249391111106,0</coordinates></Point>
      </Placemark>
      <Placemark><name>△ 춘양459</name>
        <description><![CDATA[<b>삼각점</b><br>명칭: 춘양459<br>P1 #145 원점에서 3851m<br>좌표: 36.782282°N, 128.803747°E<br><br><a href="https://map.naver.com/v5/search/36.7822820833329,128.803747111112">📍 네이버 지도</a>]]></description>
        <styleUrl>#tri</styleUrl>
        <Point><coordinates>128.803747111112,36.7822820833329,0</coordinates></Point>
      </Placemark>
      <Placemark><name>△ 예안413</name>
        <description><![CDATA[<b>삼각점</b><br>명칭: 예안413<br>P1 #145 원점에서 3864m<br>좌표: 36.742159°N, 128.872473°E<br><br><a href="https://map.naver.com/v5/search/36.742159444444,128.872473027778">📍 네이버 지도</a>]]></description>
        <styleUrl>#tri</styleUrl>
        <Point><coordinates>128.872473027778,36.742159444444,0</coordinates></Point>
      </Placemark>
      <Placemark><name>◎ U예안14</name>
        <description><![CDATA[<b>통합기준점</b><br>명칭: U예안14<br>P1 #145 원점에서 4033m<br>좌표: 36.720761°N, 128.830113°E<br><br><a href="https://map.naver.com/v5/search/36.720761069444,128.830113219445">📍 네이버 지도</a>]]></description>
        <styleUrl>#uni</styleUrl>
        <Point><coordinates>128.830113219445,36.720761069444,0</coordinates></Point>
      </Placemark>
      <Placemark><name>△ 춘양463</name>
        <description><![CDATA[<b>삼각점</b><br>명칭: 춘양463<br>P1 #145 원점에서 4347m<br>좌표: 36.789082°N, 128.861332°E<br><br><a href="https://map.naver.com/v5/search/36.7890823333329,128.861331583334">📍 네이버 지도</a>]]></description>
        <styleUrl>#tri</styleUrl>
        <Point><coordinates>128.861331583334,36.7890823333329,0</coordinates></Point>
      </Placemark>
      <Placemark><name>△ 춘양465</name>
        <description><![CDATA[<b>삼각점</b><br>명칭: 춘양465<br>P1 #145 원점에서 4974m<br>좌표: 36.783663°N, 128.878154°E<br><br><a href="https://map.naver.com/v5/search/36.7836625277773,128.878154194445">📍 네이버 지도</a>]]></description>
        <styleUrl>#tri</styleUrl>
        <Point><coordinates>128.878154194445,36.7836625277773,0</coordinates></Point>
      </Placemark>
    </Folder>
  </Folder>
  <Folder>
    <name>#149 (35.58°N 128.92°E) 국가60.0점</name>
    <description>서브격자 상위5개 / 근접 기준점14개</description>
    <Placemark><name>▶ P1 #149 중심</name>
      <description><![CDATA[P1 국가격자 후보지<br>점수: 60.0점<br>좌표: 35.58404°N, 128.92397°E<br>서브격자 후보: 5개 / 근접 기준점: 14개<br><br><a href="https://map.naver.com/v5/search/35.58404,128.92397">📍 네이버 지도</a>]]></description>
      <styleUrl>#center</styleUrl>
      <Point><coordinates>128.92397,35.58404,0</coordinates></Point>
    </Placemark>
    <Folder><name>📍 서브격자 후보 (5개)</name>
      <Placemark><name>#1 92.4점</name>
        <description><![CDATA[사이트 #149 / 서브격자 1위
종합점수: 92.4점
좌표: 35.629109°N, 128.924769°E

② 지형: 11.0 / 15점 (경사 7.92°)
③ 전력·철도: 15.0 / 15점
④ 인구이격: 14.5 / 15점
⑤ 모델기여: 10.0 / 10점
⑥ 암상: 4.9 / 5점
도로: 1434m

네이버: https://map.naver.com/v5/search/35.629109,128.924769
카카오: https://map.kakao.com/link/map/P149-1,35.629109,128.924769]]></description>
        <styleUrl>#top1</styleUrl>
        <Point><coordinates>128.924769,35.629109,0</coordinates></Point>
      </Placemark>
      <Placemark><name>#2 89.0점</name>
        <description><![CDATA[사이트 #149 / 서브격자 2위
종합점수: 89.0점
좌표: 35.548371°N, 128.890244°E

② 지형: 12.1 / 15점 (경사 5.78°)
③ 전력·철도: 12.5 / 15점
④ 인구이격: 14.0 / 15점
⑤ 모델기여: 10.0 / 10점
⑥ 암상: 4.8 / 5점
도로: 732m

네이버: https://map.naver.com/v5/search/35.548371,128.890244
카카오: https://map.kakao.com/link/map/P149-2,35.548371,128.890244]]></description>
        <styleUrl>#top5</styleUrl>
        <Point><coordinates>128.890244,35.548371,0</coordinates></Point>
      </Placemark>
      <Placemark><name>#3 88.9점</name>
        <description><![CDATA[사이트 #149 / 서브격자 3위
종합점수: 88.9점
좌표: 35.565882°N, 128.934683°E

② 지형: 11.2 / 15점 (경사 7.7°)
③ 전력·철도: 14.3 / 15점
④ 인구이격: 14.3 / 15점
⑤ 모델기여: 10.0 / 10점
⑥ 암상: 3.6 / 5점
도로: 701m

네이버: https://map.naver.com/v5/search/35.565882,128.934683
카카오: https://map.kakao.com/link/map/P149-3,35.565882,128.934683]]></description>
        <styleUrl>#top5</styleUrl>
        <Point><coordinates>128.934683,35.565882,0</coordinates></Point>
      </Placemark>
      <Placemark><name>#4 87.6점</name>
        <description><![CDATA[사이트 #149 / 서브격자 4위
종합점수: 87.6점
좌표: 35.557128°N, 128.912461°E

② 지형: 9.7 / 15점 (경사 10.58°)
③ 전력·철도: 13.7 / 15점
④ 인구이격: 14.7 / 15점
⑤ 모델기여: 10.0 / 10점
⑥ 암상: 4.4 / 5점
도로: 463m

네이버: https://map.naver.com/v5/search/35.557128,128.912461
카카오: https://map.kakao.com/link/map/P149-4,35.557128,128.912461]]></description>
        <styleUrl>#top5</styleUrl>
        <Point><coordinates>128.912461,35.557128,0</coordinates></Point>
      </Placemark>
      <Placemark><name>#5 87.4점</name>
        <description><![CDATA[사이트 #149 / 서브격자 5위
종합점수: 87.4점
좌표: 35.548243°N, 128.901273°E

② 지형: 12.7 / 15점 (경사 4.52°)
③ 전력·철도: 12.7 / 15점
④ 인구이격: 14.5 / 15점
⑤ 모델기여: 8.0 / 10점
⑥ 암상: 4.6 / 5점
도로: 681m

네이버: https://map.naver.com/v5/search/35.548243,128.901273
카카오: https://map.kakao.com/link/map/P149-5,35.548243,128.901273]]></description>
        <styleUrl>#top5</styleUrl>
        <Point><coordinates>128.901273,35.548243,0</coordinates></Point>
      </Placemark>
    </Folder>
    <Folder><name>📐 근접 기준점 (14개)</name>
      <Placemark><name>△ 동곡336</name>
        <description><![CDATA[<b>삼각점</b><br>명칭: 동곡336<br>P1 #149 원점에서 805m<br>좌표: 35.581459°N, 128.932271°E<br><br><a href="https://map.naver.com/v5/search/35.5814591666658,128.93227113889">📍 네이버 지도</a>]]></description>
        <styleUrl>#tri</styleUrl>
        <Point><coordinates>128.93227113889,35.5814591666658,0</coordinates></Point>
      </Placemark>
      <Placemark><name>△ 동곡444</name>
        <description><![CDATA[<b>삼각점</b><br>명칭: 동곡444<br>P1 #149 원점에서 1681m<br>좌표: 35.593411°N, 128.938546°E<br><br><a href="https://map.naver.com/v5/search/35.5934114722214,128.938546277779">📍 네이버 지도</a>]]></description>
        <styleUrl>#tri</styleUrl>
        <Point><coordinates>128.938546277779,35.5934114722214,0</coordinates></Point>
      </Placemark>
      <Placemark><name>△ 동곡446</name>
        <description><![CDATA[<b>삼각점</b><br>명칭: 동곡446<br>P1 #149 원점에서 1804m<br>좌표: 35.599395°N, 128.917407°E<br><br><a href="https://map.naver.com/v5/search/35.5993951944436,128.917406944445">📍 네이버 지도</a>]]></description>
        <styleUrl>#tri</styleUrl>
        <Point><coordinates>128.917406944445,35.5993951944436,0</coordinates></Point>
      </Placemark>
      <Placemark><name>◎ U동곡10</name>
        <description><![CDATA[<b>통합기준점</b><br>명칭: U동곡10<br>P1 #149 원점에서 2386m<br>좌표: 35.604936°N, 128.917741°E<br><br><a href="https://map.naver.com/v5/search/35.6049358472214,128.917741483334">📍 네이버 지도</a>]]></description>
        <styleUrl>#uni</styleUrl>
        <Point><coordinates>128.917741483334,35.6049358472214,0</coordinates></Point>
      </Placemark>
      <Placemark><name>△ 동곡485</name>
        <description><![CDATA[<b>삼각점</b><br>명칭: 동곡485<br>P1 #149 원점에서 2723m<br>좌표: 35.578079°N, 128.894817°E<br><br><a href="https://map.naver.com/v5/search/35.5780788888881,128.894817000001">📍 네이버 지도</a>]]></description>
        <styleUrl>#tri</styleUrl>
        <Point><coordinates>128.894817000001,35.5780788888881,0</coordinates></Point>
      </Placemark>
      <Placemark><name>◎ U0825</name>
        <description><![CDATA[<b>통합기준점</b><br>명칭: U0825<br>P1 #149 원점에서 2769m<br>좌표: 35.588034°N, 128.954139°E<br><br><a href="https://map.naver.com/v5/search/35.5880336444436,128.954138975001">📍 네이버 지도</a>]]></description>
        <styleUrl>#uni</styleUrl>
        <Point><coordinates>128.954138975001,35.5880336444436,0</coordinates></Point>
      </Placemark>
      <Placemark><name>◎ U동곡22</name>
        <description><![CDATA[<b>통합기준점</b><br>명칭: U동곡22<br>P1 #149 원점에서 2974m<br>좌표: 35.562068°N, 128.942775°E<br><br><a href="https://map.naver.com/v5/search/35.5620676833325,128.942774819445">📍 네이버 지도</a>]]></description>
        <styleUrl>#uni</styleUrl>
        <Point><coordinates>128.942774819445,35.5620676833325,0</coordinates></Point>
      </Placemark>
      <Placemark><name>△ 동곡488</name>
        <description><![CDATA[<b>삼각점</b><br>명칭: 동곡488<br>P1 #149 원점에서 3047m<br>좌표: 35.557115°N, 128.930601°E<br><br><a href="https://map.naver.com/v5/search/35.5571147777769,128.930600833334">📍 네이버 지도</a>]]></description>
        <styleUrl>#tri</styleUrl>
        <Point><coordinates>128.930600833334,35.5571147777769,0</coordinates></Point>
      </Placemark>
      <Placemark><name>△ 동곡490</name>
        <description><![CDATA[<b>삼각점</b><br>명칭: 동곡490<br>P1 #149 원점에서 3128m<br>좌표: 35.578215°N, 128.957744°E<br><br><a href="https://map.naver.com/v5/search/35.5782153055547,128.957744250001">📍 네이버 지도</a>]]></description>
        <styleUrl>#tri</styleUrl>
        <Point><coordinates>128.957744250001,35.5782153055547,0</coordinates></Point>
      </Placemark>
      <Placemark><name>△ 동곡442</name>
        <description><![CDATA[<b>삼각점</b><br>명칭: 동곡442<br>P1 #149 원점에서 3568m<br>좌표: 35.595959°N, 128.960543°E<br><br><a href="https://map.naver.com/v5/search/35.5959585833325,128.960543472223">📍 네이버 지도</a>]]></description>
        <styleUrl>#tri</styleUrl>
        <Point><coordinates>128.960543472223,35.5959585833325,0</coordinates></Point>
      </Placemark>
      <Placemark><name>△ 동곡448</name>
        <description><![CDATA[<b>삼각점</b><br>명칭: 동곡448<br>P1 #149 원점에서 3614m<br>좌표: 35.606202°N, 128.894728°E<br><br><a href="https://map.naver.com/v5/search/35.606201777777,128.894728111112">📍 네이버 지도</a>]]></description>
        <styleUrl>#tri</styleUrl>
        <Point><coordinates>128.894728111112,35.606201777777,0</coordinates></Point>
      </Placemark>
      <Placemark><name>◎ U0826</name>
        <description><![CDATA[<b>통합기준점</b><br>명칭: U0826<br>P1 #149 원점에서 3926m<br>좌표: 35.584590°N, 128.880652°E<br><br><a href="https://map.naver.com/v5/search/35.5845902194436,128.880652022223">📍 네이버 지도</a>]]></description>
        <styleUrl>#uni</styleUrl>
        <Point><coordinates>128.880652022223,35.5845902194436,0</coordinates></Point>
      </Placemark>
      <Placemark><name>△ 동곡317</name>
        <description><![CDATA[<b>삼각점</b><br>명칭: 동곡317<br>P1 #149 원점에서 4154m<br>좌표: 35.612873°N, 128.953227°E<br><br><a href="https://map.naver.com/v5/search/35.6128726388881,128.953227222223">📍 네이버 지도</a>]]></description>
        <styleUrl>#tri</styleUrl>
        <Point><coordinates>128.953227222223,35.6128726388881,0</coordinates></Point>
      </Placemark>
      <Placemark><name>△ 동곡335</name>
        <description><![CDATA[<b>삼각점</b><br>명칭: 동곡335<br>P1 #149 원점에서 4403m<br>좌표: 35.547830°N, 128.904078°E<br><br><a href="https://map.naver.com/v5/search/35.5478298055547,128.904077527779">📍 네이버 지도</a>]]></description>
        <styleUrl>#tri</styleUrl>
        <Point><coordinates>128.904077527779,35.5478298055547,0</coordinates></Point>
      </Placemark>
    </Folder>
  </Folder>
  <Folder>
    <name>#150 (37.03°N 128.95°E) 국가61.6점</name>
    <description>서브격자 상위5개 / 근접 기준점4개</description>
    <Placemark><name>▶ P1 #150 중심</name>
      <description><![CDATA[P1 국가격자 후보지<br>점수: 61.6점<br>좌표: 37.02606°N, 128.95044°E<br>서브격자 후보: 5개 / 근접 기준점: 4개<br><br><a href="https://map.naver.com/v5/search/37.02606,128.95044">📍 네이버 지도</a>]]></description>
      <styleUrl>#center</styleUrl>
      <Point><coordinates>128.95044,37.02606,0</coordinates></Point>
    </Placemark>
    <Folder><name>📍 서브격자 후보 (5개)</name>
      <Placemark><name>#1 95.8점</name>
        <description><![CDATA[사이트 #150 / 서브격자 1위
종합점수: 95.8점
좌표: 37.044624°N, 128.905815°E

② 지형: 13.1 / 15점 (경사 3.83°)
③ 전력·철도: 14.6 / 15점
④ 인구이격: 15.0 / 15점
⑤ 모델기여: 10.0 / 10점
⑥ 암상: 4.8 / 5점
도로: 1496m

네이버: https://map.naver.com/v5/search/37.044624,128.905815
카카오: https://map.kakao.com/link/map/P150-1,37.044624,128.905815]]></description>
        <styleUrl>#top1</styleUrl>
        <Point><coordinates>128.905815,37.044624,0</coordinates></Point>
      </Placemark>
      <Placemark><name>#2 93.3점</name>
        <description><![CDATA[사이트 #150 / 서브격자 2위
종합점수: 93.3점
좌표: 37.035613°N, 128.905649°E

② 지형: 11.8 / 15점 (경사 6.5°)
③ 전력·철도: 14.5 / 15점
④ 인구이격: 14.9 / 15점
⑤ 모델기여: 10.0 / 10점
⑥ 암상: 4.8 / 5점
도로: 1746m

네이버: https://map.naver.com/v5/search/37.035613,128.905649
카카오: https://map.kakao.com/link/map/P150-2,37.035613,128.905649]]></description>
        <styleUrl>#top5</styleUrl>
        <Point><coordinates>128.905649,37.035613,0</coordinates></Point>
      </Placemark>
      <Placemark><name>#3 91.9점</name>
        <description><![CDATA[사이트 #150 / 서브격자 3위
종합점수: 91.9점
좌표: 37.053367°N, 128.928468°E

② 지형: 12.2 / 15점 (경사 5.7°)
③ 전력·철도: 14.2 / 15점
④ 인구이격: 14.3 / 15점
⑤ 모델기여: 10.0 / 10점
⑥ 암상: 4.5 / 5점
도로: 1172m

네이버: https://map.naver.com/v5/search/37.053367,128.928468
카카오: https://map.kakao.com/link/map/P150-3,37.053367,128.928468]]></description>
        <styleUrl>#top5</styleUrl>
        <Point><coordinates>128.928468,37.053367,0</coordinates></Point>
      </Placemark>
      <Placemark><name>#4 91.7점</name>
        <description><![CDATA[사이트 #150 / 서브격자 4위
종합점수: 91.7점
좌표: 37.053502°N, 128.917225°E

② 지형: 11.3 / 15점 (경사 7.43°)
③ 전력·철도: 14.4 / 15점
④ 인구이격: 14.7 / 15점
⑤ 모델기여: 10.0 / 10점
⑥ 암상: 4.7 / 5점
도로: 1200m

네이버: https://map.naver.com/v5/search/37.053502,128.917225
카카오: https://map.kakao.com/link/map/P150-4,37.053502,128.917225]]></description>
        <styleUrl>#top5</styleUrl>
        <Point><coordinates>128.917225,37.053502,0</coordinates></Point>
      </Placemark>
      <Placemark><name>#5 90.5점</name>
        <description><![CDATA[사이트 #150 / 서브격자 5위
종합점수: 90.5점
좌표: 37.026467°N, 128.916722°E

② 지형: 10.7 / 15점 (경사 8.66°)
③ 전력·철도: 14.3 / 15점
④ 인구이격: 14.5 / 15점
⑤ 모델기여: 10.0 / 10점
⑥ 암상: 4.8 / 5점
도로: 1602m

네이버: https://map.naver.com/v5/search/37.026467,128.916722
카카오: https://map.kakao.com/link/map/P150-5,37.026467,128.916722]]></description>
        <styleUrl>#top5</styleUrl>
        <Point><coordinates>128.916722,37.026467,0</coordinates></Point>
      </Placemark>
    </Folder>
    <Folder><name>📐 근접 기준점 (4개)</name>
      <Placemark><name>△ 태백318</name>
        <description><![CDATA[<b>삼각점</b><br>명칭: 태백318<br>P1 #150 원점에서 2183m<br>좌표: 37.043281°N, 128.962316°E<br><br><a href="https://map.naver.com/v5/search/37.0432808055552,128.962316416668">📍 네이버 지도</a>]]></description>
        <styleUrl>#tri</styleUrl>
        <Point><coordinates>128.962316416668,37.0432808055552,0</coordinates></Point>
      </Placemark>
      <Placemark><name>△ 태백317</name>
        <description><![CDATA[<b>삼각점</b><br>명칭: 태백317<br>P1 #150 원점에서 4499m<br>좌표: 37.034114°N, 128.900870°E<br><br><a href="https://map.naver.com/v5/search/37.0341143055552,128.900869805556">📍 네이버 지도</a>]]></description>
        <styleUrl>#tri</styleUrl>
        <Point><coordinates>128.900869805556,37.0341143055552,0</coordinates></Point>
      </Placemark>
      <Placemark><name>△ 춘양305</name>
        <description><![CDATA[<b>삼각점</b><br>명칭: 춘양305<br>P1 #150 원점에서 4703m<br>좌표: 37.002193°N, 128.906765°E<br><br><a href="https://map.naver.com/v5/search/37.0021934722218,128.906765250001">📍 네이버 지도</a>]]></description>
        <styleUrl>#tri</styleUrl>
        <Point><coordinates>128.906765250001,37.0021934722218,0</coordinates></Point>
      </Placemark>
      <Placemark><name>△ 춘양21</name>
        <description><![CDATA[<b>삼각점</b><br>명칭: 춘양21<br>P1 #150 원점에서 4747m<br>좌표: 36.990451°N, 128.920863°E<br><br><a href="https://map.naver.com/v5/search/36.9904513611107,128.920862583334">📍 네이버 지도</a>]]></description>
        <styleUrl>#tri</styleUrl>
        <Point><coordinates>128.920862583334,36.9904513611107,0</coordinates></Point>
      </Placemark>
    </Folder>
  </Folder>
  <Folder>
    <name>#152 (37.39°N 128.96°E) 국가60.6점</name>
    <description>서브격자 상위5개 / 근접 기준점14개</description>
    <Placemark><name>▶ P1 #152 중심</name>
      <description><![CDATA[P1 국가격자 후보지<br>점수: 60.6점<br>좌표: 37.38651°N, 128.95735°E<br>서브격자 후보: 5개 / 근접 기준점: 14개<br><br><a href="https://map.naver.com/v5/search/37.38651,128.95735">📍 네이버 지도</a>]]></description>
      <styleUrl>#center</styleUrl>
      <Point><coordinates>128.95735,37.38651,0</coordinates></Point>
    </Placemark>
    <Folder><name>📍 서브격자 후보 (5개)</name>
      <Placemark><name>#1 94.6점</name>
        <description><![CDATA[사이트 #152 / 서브격자 1위
종합점수: 94.6점
좌표: 37.386786°N, 128.934764°E

② 지형: 13.5 / 15점 (경사 3.08°)
③ 전력·철도: 14.8 / 15점
④ 인구이격: 14.3 / 15점
⑤ 모델기여: 10.0 / 10점
⑥ 암상: 4.2 / 5점
도로: 252m

네이버: https://map.naver.com/v5/search/37.386786,128.934764
카카오: https://map.kakao.com/link/map/P152-1,37.386786,128.934764]]></description>
        <styleUrl>#top1</styleUrl>
        <Point><coordinates>128.934764,37.386786,0</coordinates></Point>
      </Placemark>
      <Placemark><name>#2 90.9점</name>
        <description><![CDATA[사이트 #152 / 서브격자 2위
종합점수: 90.9점
좌표: 37.377219°N, 128.979758°E

② 지형: 11.9 / 15점 (경사 6.28°)
③ 전력·철도: 14.4 / 15점
④ 인구이격: 13.5 / 15점
⑤ 모델기여: 10.0 / 10점
⑥ 암상: 4.8 / 5점
도로: 1982m

네이버: https://map.naver.com/v5/search/37.377219,128.979758
카카오: https://map.kakao.com/link/map/P152-2,37.377219,128.979758]]></description>
        <styleUrl>#top5</styleUrl>
        <Point><coordinates>128.979758,37.377219,0</coordinates></Point>
      </Placemark>
      <Placemark><name>#3 90.5점</name>
        <description><![CDATA[사이트 #152 / 서브격자 3위
종합점수: 90.5점
좌표: 37.359338°N, 128.968116°E

② 지형: 11.0 / 15점 (경사 7.9°)
③ 전력·철도: 14.4 / 15점
④ 인구이격: 14.4 / 15점
⑤ 모델기여: 10.0 / 10점
⑥ 암상: 4.5 / 5점
도로: 1491m

네이버: https://map.naver.com/v5/search/37.359338,128.968116
카카오: https://map.kakao.com/link/map/P152-3,37.359338,128.968116]]></description>
        <styleUrl>#top5</styleUrl>
        <Point><coordinates>128.968116,37.359338,0</coordinates></Point>
      </Placemark>
      <Placemark><name>#4 90.4점</name>
        <description><![CDATA[사이트 #152 / 서브격자 4위
종합점수: 90.4점
좌표: 37.394955°N, 129.002700°E

② 지형: 12.4 / 15점 (경사 5.26°)
③ 전력·철도: 14.5 / 15점
④ 인구이격: 12.7 / 15점
⑤ 모델기여: 10.0 / 10점
⑥ 암상: 4.6 / 5점
도로: 851m

네이버: https://map.naver.com/v5/search/37.394955,129.0027
카카오: https://map.kakao.com/link/map/P152-4,37.394955,129.0027]]></description>
        <styleUrl>#top5</styleUrl>
        <Point><coordinates>129.0027,37.394955,0</coordinates></Point>
      </Placemark>
      <Placemark><name>#5 90.4점</name>
        <description><![CDATA[사이트 #152 / 서브격자 5위
종합점수: 90.4점
좌표: 37.368208°N, 128.979581°E

② 지형: 11.1 / 15점 (경사 7.81°)
③ 전력·철도: 14.3 / 15점
④ 인구이격: 14.4 / 15점
⑤ 모델기여: 10.0 / 10점
⑥ 암상: 4.4 / 5점
도로: 1427m

네이버: https://map.naver.com/v5/search/37.368208,128.979581
카카오: https://map.kakao.com/link/map/P152-5,37.368208,128.979581]]></description>
        <styleUrl>#top5</styleUrl>
        <Point><coordinates>128.979581,37.368208,0</coordinates></Point>
      </Placemark>
    </Folder>
    <Folder><name>📐 근접 기준점 (14개)</name>
      <Placemark><name>△ 임계427</name>
        <description><![CDATA[<b>삼각점</b><br>명칭: 임계427<br>P1 #152 원점에서 316m<br>좌표: 37.389154°N, 128.956036°E<br><br><a href="https://map.naver.com/v5/search/37.3891536666664,128.956035833334">📍 네이버 지도</a>]]></description>
        <styleUrl>#tri</styleUrl>
        <Point><coordinates>128.956035833334,37.3891536666664,0</coordinates></Point>
      </Placemark>
      <Placemark><name>△ 임계428</name>
        <description><![CDATA[<b>삼각점</b><br>명칭: 임계428<br>P1 #152 원점에서 1968m<br>좌표: 37.403220°N, 128.949886°E<br><br><a href="https://map.naver.com/v5/search/37.4032202499998,128.949886027779">📍 네이버 지도</a>]]></description>
        <styleUrl>#tri</styleUrl>
        <Point><coordinates>128.949886027779,37.4032202499998,0</coordinates></Point>
      </Placemark>
      <Placemark><name>△ 임계430</name>
        <description><![CDATA[<b>삼각점</b><br>명칭: 임계430<br>P1 #152 원점에서 2055m<br>좌표: 37.379892°N, 128.935668°E<br><br><a href="https://map.naver.com/v5/search/37.379891972222,128.935668111112">📍 네이버 지도</a>]]></description>
        <styleUrl>#tri</styleUrl>
        <Point><coordinates>128.935668111112,37.379891972222,0</coordinates></Point>
      </Placemark>
      <Placemark><name>△ 임계308</name>
        <description><![CDATA[<b>삼각점</b><br>명칭: 임계308<br>P1 #152 원점에서 2308m<br>좌표: 37.366134°N, 128.962581°E<br><br><a href="https://map.naver.com/v5/search/37.3661338611109,128.962581111112">📍 네이버 지도</a>]]></description>
        <styleUrl>#tri</styleUrl>
        <Point><coordinates>128.962581111112,37.3661338611109,0</coordinates></Point>
      </Placemark>
      <Placemark><name>△ 임계307</name>
        <description><![CDATA[<b>삼각점</b><br>명칭: 임계307<br>P1 #152 원점에서 2783m<br>좌표: 37.403620°N, 128.980342°E<br><br><a href="https://map.naver.com/v5/search/37.4036198333331,128.98034163889">📍 네이버 지도</a>]]></description>
        <styleUrl>#tri</styleUrl>
        <Point><coordinates>128.98034163889,37.4036198333331,0</coordinates></Point>
      </Placemark>
      <Placemark><name>◎ U임계01</name>
        <description><![CDATA[<b>통합기준점</b><br>명칭: U임계01<br>P1 #152 원점에서 3023m<br>좌표: 37.381257°N, 128.923844°E<br><br><a href="https://map.naver.com/v5/search/37.3812568694442,128.923844050001">📍 네이버 지도</a>]]></description>
        <styleUrl>#uni</styleUrl>
        <Point><coordinates>128.923844050001,37.3812568694442,0</coordinates></Point>
      </Placemark>
      <Placemark><name>△ 임계426</name>
        <description><![CDATA[<b>삼각점</b><br>명칭: 임계426<br>P1 #152 원점에서 3282m<br>좌표: 37.378833°N, 128.993142°E<br><br><a href="https://map.naver.com/v5/search/37.3788333055553,128.993141527779">📍 네이버 지도</a>]]></description>
        <styleUrl>#tri</styleUrl>
        <Point><coordinates>128.993141527779,37.3788333055553,0</coordinates></Point>
      </Placemark>
      <Placemark><name>△ 임계429</name>
        <description><![CDATA[<b>삼각점</b><br>명칭: 임계429<br>P1 #152 원점에서 3459m<br>좌표: 37.358227°N, 128.940918°E<br><br><a href="https://map.naver.com/v5/search/37.3582273055553,128.940918277779">📍 네이버 지도</a>]]></description>
        <styleUrl>#tri</styleUrl>
        <Point><coordinates>128.940918277779,37.3582273055553,0</coordinates></Point>
      </Placemark>
      <Placemark><name>△ 임계309</name>
        <description><![CDATA[<b>삼각점</b><br>명칭: 임계309<br>P1 #152 원점에서 3820m<br>좌표: 37.398474°N, 128.916887°E<br><br><a href="https://map.naver.com/v5/search/37.3984741388887,128.916887027779">📍 네이버 지도</a>]]></description>
        <styleUrl>#tri</styleUrl>
        <Point><coordinates>128.916887027779,37.3984741388887,0</coordinates></Point>
      </Placemark>
      <Placemark><name>◎ U삼척09</name>
        <description><![CDATA[<b>통합기준점</b><br>명칭: U삼척09<br>P1 #152 원점에서 4015m<br>좌표: 37.387202°N, 129.002687°E<br><br><a href="https://map.naver.com/v5/search/37.3872018499998,129.002686716668">📍 네이버 지도</a>]]></description>
        <styleUrl>#uni</styleUrl>
        <Point><coordinates>129.002686716668,37.3872018499998,0</coordinates></Point>
      </Placemark>
      <Placemark><name>◎ U임계34</name>
        <description><![CDATA[<b>통합기준점</b><br>명칭: U임계34<br>P1 #152 원점에서 4340m<br>좌표: 37.351771°N, 128.934825°E<br><br><a href="https://map.naver.com/v5/search/37.3517708944442,128.934824858334">📍 네이버 지도</a>]]></description>
        <styleUrl>#uni</styleUrl>
        <Point><coordinates>128.934824858334,37.3517708944442,0</coordinates></Point>
      </Placemark>
      <Placemark><name>△ 삼척442</name>
        <description><![CDATA[<b>삼각점</b><br>명칭: 삼척442<br>P1 #152 원점에서 4484m<br>좌표: 37.401045°N, 129.004612°E<br><br><a href="https://map.naver.com/v5/search/37.4010454999998,129.004612305557">📍 네이버 지도</a>]]></description>
        <styleUrl>#tri</styleUrl>
        <Point><coordinates>129.004612305557,37.4010454999998,0</coordinates></Point>
      </Placemark>
      <Placemark><name>◎ U0273</name>
        <description><![CDATA[<b>통합기준점</b><br>명칭: U0273<br>P1 #152 원점에서 4856m<br>좌표: 37.343108°N, 128.950280°E<br><br><a href="https://map.naver.com/v5/search/37.3431084861109,128.950280027779">📍 네이버 지도</a>]]></description>
        <styleUrl>#uni</styleUrl>
        <Point><coordinates>128.950280027779,37.3431084861109,0</coordinates></Point>
      </Placemark>
      <Placemark><name>△ 임계425</name>
        <description><![CDATA[<b>삼각점</b><br>명칭: 임계425<br>P1 #152 원점에서 4971m<br>좌표: 37.353642°N, 128.995498°E<br><br><a href="https://map.naver.com/v5/search/37.3536424999997,128.995498194446">📍 네이버 지도</a>]]></description>
        <styleUrl>#tri</styleUrl>
        <Point><coordinates>128.995498194446,37.3536424999997,0</coordinates></Point>
      </Placemark>
    </Folder>
  </Folder>
  <Folder>
    <name>#154 (35.49°N 129.03°E) 국가58.6점</name>
    <description>서브격자 상위5개 / 근접 기준점13개</description>
    <Placemark><name>▶ P1 #154 중심</name>
      <description><![CDATA[P1 국가격자 후보지<br>점수: 58.6점<br>좌표: 35.49255°N, 129.03259°E<br>서브격자 후보: 5개 / 근접 기준점: 13개<br><br><a href="https://map.naver.com/v5/search/35.49255,129.03259">📍 네이버 지도</a>]]></description>
      <styleUrl>#center</styleUrl>
      <Point><coordinates>129.03259,35.49255,0</coordinates></Point>
    </Placemark>
    <Folder><name>📍 서브격자 후보 (5개)</name>
      <Placemark><name>#1 90.9점</name>
        <description><![CDATA[사이트 #154 / 서브격자 1위
종합점수: 90.9점
좌표: 35.537617°N, 129.033447°E

② 지형: 11.8 / 15점 (경사 6.31°)
③ 전력·철도: 14.5 / 15점
④ 인구이격: 13.9 / 15점
⑤ 모델기여: 10.0 / 10점
⑥ 암상: 4.3 / 5점
도로: 1317m

네이버: https://map.naver.com/v5/search/35.537617,129.033447
카카오: https://map.kakao.com/link/map/P154-1,35.537617,129.033447]]></description>
        <styleUrl>#top1</styleUrl>
        <Point><coordinates>129.033447,35.537617,0</coordinates></Point>
      </Placemark>
      <Placemark><name>#2 90.2점</name>
        <description><![CDATA[사이트 #154 / 서브격자 2위
종합점수: 90.2점
좌표: 35.519450°N, 129.044129°E

② 지형: 10.7 / 15점 (경사 8.56°)
③ 전력·철도: 13.9 / 15점
④ 인구이격: 14.6 / 15점
⑤ 모델기여: 10.0 / 10점
⑥ 암상: 4.8 / 5점
도로: 1784m

네이버: https://map.naver.com/v5/search/35.51945,129.044129
카카오: https://map.kakao.com/link/map/P154-2,35.51945,129.044129]]></description>
        <styleUrl>#top5</styleUrl>
        <Point><coordinates>129.044129,35.51945,0</coordinates></Point>
      </Placemark>
      <Placemark><name>#3 90.1점</name>
        <description><![CDATA[사이트 #154 / 서브격자 3위
종합점수: 90.1점
좌표: 35.528463°N, 129.044302°E

② 지형: 10.6 / 15점 (경사 8.7°)
③ 전력·철도: 14.0 / 15점
④ 인구이격: 14.7 / 15점
⑤ 모델기여: 10.0 / 10점
⑥ 암상: 4.7 / 5점
도로: 1616m

네이버: https://map.naver.com/v5/search/35.528463,129.044302
카카오: https://map.kakao.com/link/map/P154-3,35.528463,129.044302]]></description>
        <styleUrl>#top5</styleUrl>
        <Point><coordinates>129.044302,35.528463,0</coordinates></Point>
      </Placemark>
      <Placemark><name>#4 89.3점</name>
        <description><![CDATA[사이트 #154 / 서브격자 4위
종합점수: 89.3점
좌표: 35.519590°N, 129.033104°E

② 지형: 9.8 / 15점 (경사 10.39°)
③ 전력·철도: 14.2 / 15점
④ 인구이격: 15.0 / 15점
⑤ 모델기여: 10.0 / 10점
⑥ 암상: 4.6 / 5점
도로: 967m

네이버: https://map.naver.com/v5/search/35.51959,129.033104
카카오: https://map.kakao.com/link/map/P154-4,35.51959,129.033104]]></description>
        <styleUrl>#top5</styleUrl>
        <Point><coordinates>129.033104,35.51959,0</coordinates></Point>
      </Placemark>
      <Placemark><name>#5 89.0점</name>
        <description><![CDATA[사이트 #154 / 서브격자 5위
종합점수: 89.0점
좌표: 35.519730°N, 129.022079°E

② 지형: 10.4 / 15점 (경사 9.23°)
③ 전력·철도: 14.3 / 15점
④ 인구이격: 14.6 / 15점
⑤ 모델기여: 10.0 / 10점
⑥ 암상: 4.1 / 5점
도로: 423m

네이버: https://map.naver.com/v5/search/35.51973,129.022079
카카오: https://map.kakao.com/link/map/P154-5,35.51973,129.022079]]></description>
        <styleUrl>#top5</styleUrl>
        <Point><coordinates>129.022079,35.51973,0</coordinates></Point>
      </Placemark>
    </Folder>
    <Folder><name>📐 근접 기준점 (13개)</name>
      <Placemark><name>△ 양산404</name>
        <description><![CDATA[<b>삼각점</b><br>명칭: 양산404<br>P1 #154 원점에서 843m<br>좌표: 35.497851°N, 129.039250°E<br><br><a href="https://map.naver.com/v5/search/35.4978512499991,129.039249944446">📍 네이버 지도</a>]]></description>
        <styleUrl>#tri</styleUrl>
        <Point><coordinates>129.039249944446,35.4978512499991,0</coordinates></Point>
      </Placemark>
      <Placemark><name>△ 양산21</name>
        <description><![CDATA[<b>삼각점</b><br>명칭: 양산21<br>P1 #154 원점에서 958m<br>좌표: 35.497049°N, 129.023573°E<br><br><a href="https://map.naver.com/v5/search/35.497049138888,129.023572611112">📍 네이버 지도</a>]]></description>
        <styleUrl>#tri</styleUrl>
        <Point><coordinates>129.023572611112,35.497049138888,0</coordinates></Point>
      </Placemark>
      <Placemark><name>△ 양산403</name>
        <description><![CDATA[<b>삼각점</b><br>명칭: 양산403<br>P1 #154 원점에서 1404m<br>좌표: 35.482639°N, 129.042222°E<br><br><a href="https://map.naver.com/v5/search/35.4826386944436,129.042221527779">📍 네이버 지도</a>]]></description>
        <styleUrl>#tri</styleUrl>
        <Point><coordinates>129.042221527779,35.4826386944436,0</coordinates></Point>
      </Placemark>
      <Placemark><name>△ 양산401</name>
        <description><![CDATA[<b>삼각점</b><br>명칭: 양산401<br>P1 #154 원점에서 2412m<br>좌표: 35.470861°N, 129.030760°E<br><br><a href="https://map.naver.com/v5/search/35.4708610277769,129.030760250001">📍 네이버 지도</a>]]></description>
        <styleUrl>#tri</styleUrl>
        <Point><coordinates>129.030760250001,35.4708610277769,0</coordinates></Point>
      </Placemark>
      <Placemark><name>△ 언양452</name>
        <description><![CDATA[<b>삼각점</b><br>명칭: 언양452<br>P1 #154 원점에서 3178m<br>좌표: 35.516022°N, 129.052677°E<br><br><a href="https://map.naver.com/v5/search/35.5160215277769,129.052676694446">📍 네이버 지도</a>]]></description>
        <styleUrl>#tri</styleUrl>
        <Point><coordinates>129.052676694446,35.5160215277769,0</coordinates></Point>
      </Placemark>
      <Placemark><name>◎ U언양32</name>
        <description><![CDATA[<b>통합기준점</b><br>명칭: U언양32<br>P1 #154 원점에서 3371m<br>좌표: 35.505348°N, 128.998887°E<br><br><a href="https://map.naver.com/v5/search/35.505348113888,128.998887300001">📍 네이버 지도</a>]]></description>
        <styleUrl>#uni</styleUrl>
        <Point><coordinates>128.998887300001,35.505348113888,0</coordinates></Point>
      </Placemark>
      <Placemark><name>△ 양산407</name>
        <description><![CDATA[<b>삼각점</b><br>명칭: 양산407<br>P1 #154 원점에서 3485m<br>좌표: 35.501963°N, 129.069236°E<br><br><a href="https://map.naver.com/v5/search/35.5019633055547,129.069236166668">📍 네이버 지도</a>]]></description>
        <styleUrl>#tri</styleUrl>
        <Point><coordinates>129.069236166668,35.5019633055547,0</coordinates></Point>
      </Placemark>
      <Placemark><name>△ 양산302</name>
        <description><![CDATA[<b>삼각점</b><br>명칭: 양산302<br>P1 #154 원점에서 3548m<br>좌표: 35.476366°N, 129.066312°E<br><br><a href="https://map.naver.com/v5/search/35.4763659166658,129.066312444446">📍 네이버 지도</a>]]></description>
        <styleUrl>#tri</styleUrl>
        <Point><coordinates>129.066312444446,35.4763659166658,0</coordinates></Point>
      </Placemark>
      <Placemark><name>◎ U밀양08</name>
        <description><![CDATA[<b>통합기준점</b><br>명칭: U밀양08<br>P1 #154 원점에서 4102m<br>좌표: 35.488359°N, 128.987672°E<br><br><a href="https://map.naver.com/v5/search/35.4883589111103,128.98767218889">📍 네이버 지도</a>]]></description>
        <styleUrl>#uni</styleUrl>
        <Point><coordinates>128.98767218889,35.4883589111103,0</coordinates></Point>
      </Placemark>
      <Placemark><name>△ 밀양423</name>
        <description><![CDATA[<b>삼각점</b><br>명칭: 밀양423<br>P1 #154 원점에서 4482m<br>좌표: 35.481832°N, 128.984965°E<br><br><a href="https://map.naver.com/v5/search/35.4818323333325,128.984964527779">📍 네이버 지도</a>]]></description>
        <styleUrl>#tri</styleUrl>
        <Point><coordinates>128.984964527779,35.4818323333325,0</coordinates></Point>
      </Placemark>
      <Placemark><name>△ 양산402</name>
        <description><![CDATA[<b>삼각점</b><br>명칭: 양산402<br>P1 #154 원점에서 4687m<br>좌표: 35.450307°N, 129.033590°E<br><br><a href="https://map.naver.com/v5/search/35.4503067777769,129.033590083335">📍 네이버 지도</a>]]></description>
        <styleUrl>#tri</styleUrl>
        <Point><coordinates>129.033590083335,35.4503067777769,0</coordinates></Point>
      </Placemark>
      <Placemark><name>△ 언양451</name>
        <description><![CDATA[<b>삼각점</b><br>명칭: 언양451<br>P1 #154 원점에서 4722m<br>좌표: 35.533939°N, 129.020422°E<br><br><a href="https://map.naver.com/v5/search/35.5339386944436,129.020422305557">📍 네이버 지도</a>]]></description>
        <styleUrl>#tri</styleUrl>
        <Point><coordinates>129.020422305557,35.5339386944436,0</coordinates></Point>
      </Placemark>
      <Placemark><name>◎ U양산06</name>
        <description><![CDATA[<b>통합기준점</b><br>명칭: U양산06<br>P1 #154 원점에서 4942m<br>좌표: 35.448985°N, 129.021184°E<br><br><a href="https://map.naver.com/v5/search/35.4489846916658,129.021184100001">📍 네이버 지도</a>]]></description>
        <styleUrl>#uni</styleUrl>
        <Point><coordinates>129.021184100001,35.4489846916658,0</coordinates></Point>
      </Placemark>
    </Folder>
  </Folder>
  <Folder>
    <name>#155 (35.67°N 129.04°E) 국가61.5점</name>
    <description>서브격자 상위5개 / 근접 기준점14개</description>
    <Placemark><name>▶ P1 #155 중심</name>
      <description><![CDATA[P1 국가격자 후보지<br>점수: 61.5점<br>좌표: 35.67282°N, 129.03603°E<br>서브격자 후보: 5개 / 근접 기준점: 14개<br><br><a href="https://map.naver.com/v5/search/35.67282,129.03603">📍 네이버 지도</a>]]></description>
      <styleUrl>#center</styleUrl>
      <Point><coordinates>129.03603,35.67282,0</coordinates></Point>
    </Placemark>
    <Folder><name>📍 서브격자 후보 (5개)</name>
      <Placemark><name>#1 93.1점</name>
        <description><![CDATA[사이트 #155 / 서브격자 1위
종합점수: 93.1점
좌표: 35.663807°N, 129.035857°E

② 지형: 11.9 / 15점 (경사 6.17°)
③ 전력·철도: 14.1 / 15점
④ 인구이격: 14.9 / 15점
⑤ 모델기여: 10.0 / 10점
⑥ 암상: 4.9 / 5점
도로: 1115m

네이버: https://map.naver.com/v5/search/35.663807,129.035857
카카오: https://map.kakao.com/link/map/P155-1,35.663807,129.035857]]></description>
        <styleUrl>#top1</styleUrl>
        <Point><coordinates>129.035857,35.663807,0</coordinates></Point>
      </Placemark>
      <Placemark><name>#2 93.0점</name>
        <description><![CDATA[사이트 #155 / 서브격자 2위
종합점수: 93.0점
좌표: 35.645780°N, 129.035512°E

② 지형: 11.8 / 15점 (경사 6.5°)
③ 전력·철도: 14.3 / 15점
④ 인구이격: 14.9 / 15점
⑤ 모델기여: 10.0 / 10점
⑥ 암상: 4.9 / 5점
도로: 66m

네이버: https://map.naver.com/v5/search/35.64578,129.035512
카카오: https://map.kakao.com/link/map/P155-2,35.64578,129.035512]]></description>
        <styleUrl>#top5</styleUrl>
        <Point><coordinates>129.035512,35.64578,0</coordinates></Point>
      </Placemark>
      <Placemark><name>#3 90.5점</name>
        <description><![CDATA[사이트 #155 / 서브격자 3위
종합점수: 90.5점
좌표: 35.654510°N, 129.057771°E

② 지형: 11.8 / 15점 (경사 6.5°)
③ 전력·철도: 13.8 / 15점
④ 인구이격: 14.6 / 15점
⑤ 모델기여: 10.0 / 10점
⑥ 암상: 4.1 / 5점
도로: 6m

네이버: https://map.naver.com/v5/search/35.65451,129.057771
카카오: https://map.kakao.com/link/map/P155-3,35.65451,129.057771]]></description>
        <styleUrl>#top5</styleUrl>
        <Point><coordinates>129.057771,35.65451,0</coordinates></Point>
      </Placemark>
      <Placemark><name>#4 90.3점</name>
        <description><![CDATA[사이트 #155 / 서브격자 4위
종합점수: 90.3점
좌표: 35.663523°N, 129.057947°E

② 지형: 11.8 / 15점 (경사 6.43°)
③ 전력·철도: 13.7 / 15점
④ 인구이격: 14.3 / 15점
⑤ 모델기여: 10.0 / 10점
⑥ 암상: 4.4 / 5점
도로: 37m

네이버: https://map.naver.com/v5/search/35.663523,129.057947
카카오: https://map.kakao.com/link/map/P155-4,35.663523,129.057947]]></description>
        <styleUrl>#top5</styleUrl>
        <Point><coordinates>129.057947,35.663523,0</coordinates></Point>
      </Placemark>
      <Placemark><name>#5 89.4점</name>
        <description><![CDATA[사이트 #155 / 서브격자 5위
종합점수: 89.4점
좌표: 35.636767°N, 129.035340°E

② 지형: 9.7 / 15점 (경사 10.66°)
③ 전력·철도: 14.4 / 15점
④ 인구이격: 14.9 / 15점
⑤ 모델기여: 10.0 / 10점
⑥ 암상: 4.7 / 5점
도로: 255m

네이버: https://map.naver.com/v5/search/35.636767,129.03534
카카오: https://map.kakao.com/link/map/P155-5,35.636767,129.03534]]></description>
        <styleUrl>#top5</styleUrl>
        <Point><coordinates>129.03534,35.636767,0</coordinates></Point>
      </Placemark>
    </Folder>
    <Folder><name>📐 근접 기준점 (14개)</name>
      <Placemark><name>△ 언양301</name>
        <description><![CDATA[<b>삼각점</b><br>명칭: 언양301<br>P1 #155 원점에서 402m<br>좌표: 35.676108°N, 129.034158°E<br><br><a href="https://map.naver.com/v5/search/35.6761084999992,129.034158083335">📍 네이버 지도</a>]]></description>
        <styleUrl>#tri</styleUrl>
        <Point><coordinates>129.034158083335,35.6761084999992,0</coordinates></Point>
      </Placemark>
      <Placemark><name>◎ U언양10</name>
        <description><![CDATA[<b>통합기준점</b><br>명칭: U언양10<br>P1 #155 원점에서 1398m<br>좌표: 35.672917°N, 129.051476°E<br><br><a href="https://map.naver.com/v5/search/35.6729169749992,129.051476150001">📍 네이버 지도</a>]]></description>
        <styleUrl>#uni</styleUrl>
        <Point><coordinates>129.051476150001,35.6729169749992,0</coordinates></Point>
      </Placemark>
      <Placemark><name>△ 언양447</name>
        <description><![CDATA[<b>삼각점</b><br>명칭: 언양447<br>P1 #155 원점에서 2690m<br>좌표: 35.650321°N, 129.047097°E<br><br><a href="https://map.naver.com/v5/search/35.6503206388881,129.047096527779">📍 네이버 지도</a>]]></description>
        <styleUrl>#tri</styleUrl>
        <Point><coordinates>129.047096527779,35.6503206388881,0</coordinates></Point>
      </Placemark>
      <Placemark><name>△ 언양444</name>
        <description><![CDATA[<b>삼각점</b><br>명칭: 언양444<br>P1 #155 원점에서 3070m<br>좌표: 35.661981°N, 129.067228°E<br><br><a href="https://map.naver.com/v5/search/35.6619811944436,129.067227694446">📍 네이버 지도</a>]]></description>
        <styleUrl>#tri</styleUrl>
        <Point><coordinates>129.067227694446,35.6619811944436,0</coordinates></Point>
      </Placemark>
      <Placemark><name>△ 언양449</name>
        <description><![CDATA[<b>삼각점</b><br>명칭: 언양449<br>P1 #155 원점에서 3107m<br>좌표: 35.646377°N, 129.024711°E<br><br><a href="https://map.naver.com/v5/search/35.6463765833325,129.024710972223">📍 네이버 지도</a>]]></description>
        <styleUrl>#tri</styleUrl>
        <Point><coordinates>129.024710972223,35.6463765833325,0</coordinates></Point>
      </Placemark>
      <Placemark><name>△ 언양405</name>
        <description><![CDATA[<b>삼각점</b><br>명칭: 언양405<br>P1 #155 원점에서 3245m<br>좌표: 35.700729°N, 129.046762°E<br><br><a href="https://map.naver.com/v5/search/35.7007289444436,129.04676213889">📍 네이버 지도</a>]]></description>
        <styleUrl>#tri</styleUrl>
        <Point><coordinates>129.04676213889,35.7007289444436,0</coordinates></Point>
      </Placemark>
      <Placemark><name>△ 언양401</name>
        <description><![CDATA[<b>삼각점</b><br>명칭: 언양401<br>P1 #155 원점에서 3541m<br>좌표: 35.681398°N, 128.998344°E<br><br><a href="https://map.naver.com/v5/search/35.6813981944436,128.998344361112">📍 네이버 지도</a>]]></description>
        <styleUrl>#tri</styleUrl>
        <Point><coordinates>128.998344361112,35.6813981944436,0</coordinates></Point>
      </Placemark>
      <Placemark><name>△ 동곡441</name>
        <description><![CDATA[<b>삼각점</b><br>명칭: 동곡441<br>P1 #155 원점에서 3844m<br>좌표: 35.664581°N, 128.994784°E<br><br><a href="https://map.naver.com/v5/search/35.6645813611103,128.994783750001">📍 네이버 지도</a>]]></description>
        <styleUrl>#tri</styleUrl>
        <Point><coordinates>128.994783750001,35.6645813611103,0</coordinates></Point>
      </Placemark>
      <Placemark><name>△ 언양23</name>
        <description><![CDATA[<b>삼각점</b><br>명칭: 언양23<br>P1 #155 원점에서 3856m<br>좌표: 35.646970°N, 129.064499°E<br><br><a href="https://map.naver.com/v5/search/35.6469699444436,129.064498805557">📍 네이버 지도</a>]]></description>
        <styleUrl>#tri</styleUrl>
        <Point><coordinates>129.064498805557,35.6469699444436,0</coordinates></Point>
      </Placemark>
      <Placemark><name>△ 언양407</name>
        <description><![CDATA[<b>삼각점</b><br>명칭: 언양407<br>P1 #155 원점에서 4015m<br>좌표: 35.697208°N, 129.068815°E<br><br><a href="https://map.naver.com/v5/search/35.6972079166659,129.068814833335">📍 네이버 지도</a>]]></description>
        <styleUrl>#tri</styleUrl>
        <Point><coordinates>129.068814833335,35.6972079166659,0</coordinates></Point>
      </Placemark>
      <Placemark><name>◎ U0831</name>
        <description><![CDATA[<b>통합기준점</b><br>명칭: U0831<br>P1 #155 원점에서 4570m<br>좌표: 35.670584°N, 129.086442°E<br><br><a href="https://map.naver.com/v5/search/35.6705835361103,129.086441850002">📍 네이버 지도</a>]]></description>
        <styleUrl>#uni</styleUrl>
        <Point><coordinates>129.086441850002,35.6705835361103,0</coordinates></Point>
      </Placemark>
      <Placemark><name>△ 언양406</name>
        <description><![CDATA[<b>삼각점</b><br>명칭: 언양406<br>P1 #155 원점에서 4708m<br>좌표: 35.706690°N, 129.067370°E<br><br><a href="https://map.naver.com/v5/search/35.7066899722214,129.067370166668">📍 네이버 지도</a>]]></description>
        <styleUrl>#tri</styleUrl>
        <Point><coordinates>129.067370166668,35.7066899722214,0</coordinates></Point>
      </Placemark>
      <Placemark><name>△ 언양403</name>
        <description><![CDATA[<b>삼각점</b><br>명칭: 언양403<br>P1 #155 원점에서 4720m<br>좌표: 35.713732°N, 129.021696°E<br><br><a href="https://map.naver.com/v5/search/35.7137316666659,129.021695722223">📍 네이버 지도</a>]]></description>
        <styleUrl>#tri</styleUrl>
        <Point><coordinates>129.021695722223,35.7137316666659,0</coordinates></Point>
      </Placemark>
      <Placemark><name>△ 언양445</name>
        <description><![CDATA[<b>삼각점</b><br>명칭: 언양445<br>P1 #155 원점에서 4802m<br>좌표: 35.638189°N, 129.067850°E<br><br><a href="https://map.naver.com/v5/search/35.6381891111103,129.067850194446">📍 네이버 지도</a>]]></description>
        <styleUrl>#tri</styleUrl>
        <Point><coordinates>129.067850194446,35.6381891111103,0</coordinates></Point>
      </Placemark>
    </Folder>
  </Folder>
  <Folder>
    <name>#156 (35.76°N 129.04°E) 국가59.0점</name>
    <description>서브격자 상위5개 / 근접 기준점15개</description>
    <Placemark><name>▶ P1 #156 중심</name>
      <description><![CDATA[P1 국가격자 후보지<br>점수: 59.0점<br>좌표: 35.76295°N, 129.03776°E<br>서브격자 후보: 5개 / 근접 기준점: 15개<br><br><a href="https://map.naver.com/v5/search/35.76295,129.03776">📍 네이버 지도</a>]]></description>
      <styleUrl>#center</styleUrl>
      <Point><coordinates>129.03776,35.76295,0</coordinates></Point>
    </Placemark>
    <Folder><name>📍 서브격자 후보 (5개)</name>
      <Placemark><name>#1 92.8점</name>
        <description><![CDATA[사이트 #156 / 서브격자 1위
종합점수: 92.8점
좌표: 35.754356°N, 129.004415°E

② 지형: 14.4 / 15점 (경사 1.17°)
③ 전력·철도: 14.0 / 15점
④ 인구이격: 12.4 / 15점
⑤ 모델기여: 10.0 / 10점
⑥ 암상: 4.9 / 5점
도로: 73m

네이버: https://map.naver.com/v5/search/35.754356,129.004415
카카오: https://map.kakao.com/link/map/P156-1,35.754356,129.004415]]></description>
        <styleUrl>#top1</styleUrl>
        <Point><coordinates>129.004415,35.754356,0</coordinates></Point>
      </Placemark>
      <Placemark><name>#2 91.5점</name>
        <description><![CDATA[사이트 #156 / 서브격자 2위
종합점수: 91.5점
좌표: 35.736468°N, 128.993021°E

② 지형: 12.4 / 15점 (경사 5.21°)
③ 전력·철도: 13.3 / 15점
④ 인구이격: 14.2 / 15점
⑤ 모델기여: 10.0 / 10점
⑥ 암상: 4.9 / 5점
도로: 1267m

네이버: https://map.naver.com/v5/search/35.736468,128.993021
카카오: https://map.kakao.com/link/map/P156-2,35.736468,128.993021]]></description>
        <styleUrl>#top5</styleUrl>
        <Point><coordinates>128.993021,35.736468,0</coordinates></Point>
      </Placemark>
      <Placemark><name>#3 91.2점</name>
        <description><![CDATA[사이트 #156 / 서브격자 3위
종합점수: 91.2점
좌표: 35.780976°N, 129.038107°E

② 지형: 12.2 / 15점 (경사 5.61°)
③ 전력·철도: 13.5 / 15점
④ 인구이격: 14.6 / 15점
⑤ 모델기여: 10.0 / 10점
⑥ 암상: 4.4 / 5점
도로: 796m

네이버: https://map.naver.com/v5/search/35.780976,129.038107
카카오: https://map.kakao.com/link/map/P156-3,35.780976,129.038107]]></description>
        <styleUrl>#top5</styleUrl>
        <Point><coordinates>129.038107,35.780976,0</coordinates></Point>
      </Placemark>
      <Placemark><name>#4 90.2점</name>
        <description><![CDATA[사이트 #156 / 서브격자 4위
종합점수: 90.2점
좌표: 35.745481°N, 128.993189°E

② 지형: 12.6 / 15점 (경사 4.88°)
③ 전력·철도: 13.8 / 15점
④ 인구이격: 12.8 / 15점
⑤ 모델기여: 10.0 / 10점
⑥ 암상: 5.0 / 5점
도로: 786m

네이버: https://map.naver.com/v5/search/35.745481,128.993189
카카오: https://map.kakao.com/link/map/P156-4,35.745481,128.993189]]></description>
        <styleUrl>#top5</styleUrl>
        <Point><coordinates>128.993189,35.745481,0</coordinates></Point>
      </Placemark>
      <Placemark><name>#5 90.1점</name>
        <description><![CDATA[사이트 #156 / 서브격자 5위
종합점수: 90.1점
좌표: 35.789989°N, 129.038281°E

② 지형: 12.4 / 15점 (경사 5.14°)
③ 전력·철도: 13.1 / 15점
④ 인구이격: 14.0 / 15점
⑤ 모델기여: 10.0 / 10점
⑥ 암상: 4.5 / 5점
도로: 585m

네이버: https://map.naver.com/v5/search/35.789989,129.038281
카카오: https://map.kakao.com/link/map/P156-5,35.789989,129.038281]]></description>
        <styleUrl>#top5</styleUrl>
        <Point><coordinates>129.038281,35.789989,0</coordinates></Point>
      </Placemark>
    </Folder>
    <Folder><name>📐 근접 기준점 (15개)</name>
      <Placemark><name>△ 경주460</name>
        <description><![CDATA[<b>삼각점</b><br>명칭: 경주460<br>P1 #156 원점에서 122m<br>좌표: 35.762875°N, 129.039107°E<br><br><a href="https://map.naver.com/v5/search/35.7628748888881,129.039107000001">📍 네이버 지도</a>]]></description>
        <styleUrl>#tri</styleUrl>
        <Point><coordinates>129.039107000001,35.7628748888881,0</coordinates></Point>
      </Placemark>
      <Placemark><name>△ 경주459</name>
        <description><![CDATA[<b>삼각점</b><br>명칭: 경주459<br>P1 #156 원점에서 1565m<br>좌표: 35.751554°N, 129.027550°E<br><br><a href="https://map.naver.com/v5/search/35.751553527777,129.027550111112">📍 네이버 지도</a>]]></description>
        <styleUrl>#tri</styleUrl>
        <Point><coordinates>129.027550111112,35.751553527777,0</coordinates></Point>
      </Placemark>
      <Placemark><name>△ 경주320</name>
        <description><![CDATA[<b>삼각점</b><br>명칭: 경주320<br>P1 #156 원점에서 1664m<br>좌표: 35.777952°N, 129.038031°E<br><br><a href="https://map.naver.com/v5/search/35.7779515555548,129.038030611112">📍 네이버 지도</a>]]></description>
        <styleUrl>#tri</styleUrl>
        <Point><coordinates>129.038030611112,35.7779515555548,0</coordinates></Point>
      </Placemark>
      <Placemark><name>△ 경주457</name>
        <description><![CDATA[<b>삼각점</b><br>명칭: 경주457<br>P1 #156 원점에서 1921m<br>좌표: 35.763643°N, 129.016527°E<br><br><a href="https://map.naver.com/v5/search/35.7636426388881,129.016526916668">📍 네이버 지도</a>]]></description>
        <styleUrl>#tri</styleUrl>
        <Point><coordinates>129.016526916668,35.7636426388881,0</coordinates></Point>
      </Placemark>
      <Placemark><name>△ 경주461</name>
        <description><![CDATA[<b>삼각점</b><br>명칭: 경주461<br>P1 #156 원점에서 2147m<br>좌표: 35.769331°N, 129.060174°E<br><br><a href="https://map.naver.com/v5/search/35.7693311666659,129.060173555557">📍 네이버 지도</a>]]></description>
        <styleUrl>#tri</styleUrl>
        <Point><coordinates>129.060173555557,35.7693311666659,0</coordinates></Point>
      </Placemark>
      <Placemark><name>△ 언양402</name>
        <description><![CDATA[<b>삼각점</b><br>명칭: 언양402<br>P1 #156 원점에서 3484m<br>좌표: 35.739061°N, 129.012749°E<br><br><a href="https://map.naver.com/v5/search/35.7390605555548,129.012748944446">📍 네이버 지도</a>]]></description>
        <styleUrl>#tri</styleUrl>
        <Point><coordinates>129.012748944446,35.7390605555548,0</coordinates></Point>
      </Placemark>
      <Placemark><name>△ 언양302</name>
        <description><![CDATA[<b>삼각점</b><br>명칭: 언양302<br>P1 #156 원점에서 3584m<br>좌표: 35.731504°N, 129.046869°E<br><br><a href="https://map.naver.com/v5/search/35.7315038055548,129.046869416668">📍 네이버 지도</a>]]></description>
        <styleUrl>#tri</styleUrl>
        <Point><coordinates>129.046869416668,35.7315038055548,0</coordinates></Point>
      </Placemark>
      <Placemark><name>◎ U언양02</name>
        <description><![CDATA[<b>통합기준점</b><br>명칭: U언양02<br>P1 #156 원점에서 3708m<br>좌표: 35.735050°N, 129.060347°E<br><br><a href="https://map.naver.com/v5/search/35.7350502388881,129.060346780557">📍 네이버 지도</a>]]></description>
        <styleUrl>#uni</styleUrl>
        <Point><coordinates>129.060346780557,35.7350502388881,0</coordinates></Point>
      </Placemark>
      <Placemark><name>◎ U영천30</name>
        <description><![CDATA[<b>통합기준점</b><br>명칭: U영천30<br>P1 #156 원점에서 3884m<br>좌표: 35.761171°N, 128.994863°E<br><br><a href="https://map.naver.com/v5/search/35.761171327777,128.994863455557">📍 네이버 지도</a>]]></description>
        <styleUrl>#uni</styleUrl>
        <Point><coordinates>128.994863455557,35.761171327777,0</coordinates></Point>
      </Placemark>
      <Placemark><name>◎ U언양01</name>
        <description><![CDATA[<b>통합기준점</b><br>명칭: U언양01<br>P1 #156 원점에서 4043m<br>좌표: 35.734409°N, 129.009967°E<br><br><a href="https://map.naver.com/v5/search/35.7344087694437,129.009967097223">📍 네이버 지도</a>]]></description>
        <styleUrl>#uni</styleUrl>
        <Point><coordinates>129.009967097223,35.7344087694437,0</coordinates></Point>
      </Placemark>
      <Placemark><name>△ 경주319</name>
        <description><![CDATA[<b>삼각점</b><br>명칭: 경주319<br>P1 #156 원점에서 4091m<br>좌표: 35.777847°N, 128.996365°E<br><br><a href="https://map.naver.com/v5/search/35.7778465833326,128.996365416668">📍 네이버 지도</a>]]></description>
        <styleUrl>#tri</styleUrl>
        <Point><coordinates>128.996365416668,35.7778465833326,0</coordinates></Point>
      </Placemark>
      <Placemark><name>△ 동곡314</name>
        <description><![CDATA[<b>삼각점</b><br>명칭: 동곡314<br>P1 #156 원점에서 4466m<br>좌표: 35.749021°N, 128.991423°E<br><br><a href="https://map.naver.com/v5/search/35.7490212222214,128.991422555557">📍 네이버 지도</a>]]></description>
        <styleUrl>#tri</styleUrl>
        <Point><coordinates>128.991422555557,35.7490212222214,0</coordinates></Point>
      </Placemark>
      <Placemark><name>△ 경주462</name>
        <description><![CDATA[<b>삼각점</b><br>명칭: 경주462<br>P1 #156 원점에서 4486m<br>좌표: 35.797999°N, 129.062510°E<br><br><a href="https://map.naver.com/v5/search/35.7979986111103,129.062509833335">📍 네이버 지도</a>]]></description>
        <styleUrl>#tri</styleUrl>
        <Point><coordinates>129.062509833335,35.7979986111103,0</coordinates></Point>
      </Placemark>
      <Placemark><name>△ 언양408</name>
        <description><![CDATA[<b>삼각점</b><br>명칭: 언양408<br>P1 #156 원점에서 4794m<br>좌표: 35.731973°N, 129.074720°E<br><br><a href="https://map.naver.com/v5/search/35.7319731111103,129.074719500001">📍 네이버 지도</a>]]></description>
        <styleUrl>#tri</styleUrl>
        <Point><coordinates>129.074719500001,35.7319731111103,0</coordinates></Point>
      </Placemark>
      <Placemark><name>△ 언양404</name>
        <description><![CDATA[<b>삼각점</b><br>명칭: 언양404<br>P1 #156 원점에서 4902m<br>좌표: 35.718968°N, 129.042961°E<br><br><a href="https://map.naver.com/v5/search/35.7189676944436,129.04296138889">📍 네이버 지도</a>]]></description>
        <styleUrl>#tri</styleUrl>
        <Point><coordinates>129.04296138889,35.7189676944436,0</coordinates></Point>
      </Placemark>
    </Folder>
  </Folder>
  <Folder>
    <name>#157 (36.12°N 129.04°E) 국가62.5점</name>
    <description>서브격자 상위5개 / 근접 기준점24개</description>
    <Placemark><name>▶ P1 #157 중심</name>
      <description><![CDATA[P1 국가격자 후보지<br>점수: 62.5점<br>좌표: 36.12346°N, 129.04476°E<br>서브격자 후보: 5개 / 근접 기준점: 24개<br><br><a href="https://map.naver.com/v5/search/36.12346,129.04476">📍 네이버 지도</a>]]></description>
      <styleUrl>#center</styleUrl>
      <Point><coordinates>129.04476,36.12346,0</coordinates></Point>
    </Placemark>
    <Folder><name>📍 서브격자 후보 (5개)</name>
      <Placemark><name>#1 92.5점</name>
        <description><![CDATA[사이트 #157 / 서브격자 1위
종합점수: 92.5점
좌표: 36.132472°N, 129.044937°E

② 지형: 12.3 / 15점 (경사 5.31°)
③ 전력·철도: 14.5 / 15점
④ 인구이격: 13.8 / 15점
⑤ 모델기여: 10.0 / 10점
⑥ 암상: 4.9 / 5점
도로: 22m

네이버: https://map.naver.com/v5/search/36.132472,129.044937
카카오: https://map.kakao.com/link/map/P157-1,36.132472,129.044937]]></description>
        <styleUrl>#top1</styleUrl>
        <Point><coordinates>129.044937,36.132472,0</coordinates></Point>
      </Placemark>
      <Placemark><name>#2 92.2점</name>
        <description><![CDATA[사이트 #157 / 서브격자 2위
종합점수: 92.2점
좌표: 36.114448°N, 129.044583°E

② 지형: 11.7 / 15점 (경사 6.63°)
③ 전력·철도: 14.6 / 15점
④ 인구이격: 14.3 / 15점
⑤ 모델기여: 10.0 / 10점
⑥ 암상: 4.7 / 5점
도로: 1373m

네이버: https://map.naver.com/v5/search/36.114448,129.044583
카카오: https://map.kakao.com/link/map/P157-2,36.114448,129.044583]]></description>
        <styleUrl>#top5</styleUrl>
        <Point><coordinates>129.044583,36.114448,0</coordinates></Point>
      </Placemark>
      <Placemark><name>#3 91.0점</name>
        <description><![CDATA[사이트 #157 / 서브격자 3위
종합점수: 91.0점
좌표: 36.159366°N, 129.056581°E

② 지형: 11.3 / 15점 (경사 7.39°)
③ 전력·철도: 14.1 / 15점
④ 인구이격: 14.3 / 15점
⑤ 모델기여: 10.0 / 10점
⑥ 암상: 4.9 / 5점
도로: 1041m

네이버: https://map.naver.com/v5/search/36.159366,129.056581
카카오: https://map.kakao.com/link/map/P157-3,36.159366,129.056581]]></description>
        <styleUrl>#top5</styleUrl>
        <Point><coordinates>129.056581,36.159366,0</coordinates></Point>
      </Placemark>
      <Placemark><name>#4 90.9점</name>
        <description><![CDATA[사이트 #157 / 서브격자 4위
종합점수: 90.9점
좌표: 36.150497°N, 129.045290°E

② 지형: 11.2 / 15점 (경사 7.54°)
③ 전력·철도: 14.3 / 15점
④ 인구이격: 14.1 / 15점
⑤ 모델기여: 10.0 / 10점
⑥ 암상: 4.9 / 5점
도로: 817m

네이버: https://map.naver.com/v5/search/36.150497,129.04529
카카오: https://map.kakao.com/link/map/P157-4,36.150497,129.04529]]></description>
        <styleUrl>#top5</styleUrl>
        <Point><coordinates>129.04529,36.150497,0</coordinates></Point>
      </Placemark>
      <Placemark><name>#5 90.7점</name>
        <description><![CDATA[사이트 #157 / 서브격자 5위
종합점수: 90.7점
좌표: 36.159510°N, 129.045467°E

② 지형: 10.3 / 15점 (경사 9.4°)
③ 전력·철도: 14.2 / 15점
④ 인구이격: 15.0 / 15점
⑤ 모델기여: 10.0 / 10점
⑥ 암상: 4.9 / 5점
도로: 360m

네이버: https://map.naver.com/v5/search/36.15951,129.045467
카카오: https://map.kakao.com/link/map/P157-5,36.15951,129.045467]]></description>
        <styleUrl>#top5</styleUrl>
        <Point><coordinates>129.045467,36.15951,0</coordinates></Point>
      </Placemark>
    </Folder>
    <Folder><name>📐 근접 기준점 (24개)</name>
      <Placemark><name>△ 기계314</name>
        <description><![CDATA[<b>삼각점</b><br>명칭: 기계314<br>P1 #157 원점에서 581m<br>좌표: 36.118893°N, 129.041611°E<br><br><a href="https://map.naver.com/v5/search/36.1188934444438,129.041610527779">📍 네이버 지도</a>]]></description>
        <styleUrl>#tri</styleUrl>
        <Point><coordinates>129.041610527779,36.1188934444438,0</coordinates></Point>
      </Placemark>
      <Placemark><name>△ 기계443</name>
        <description><![CDATA[<b>삼각점</b><br>명칭: 기계443<br>P1 #157 원점에서 957m<br>좌표: 36.118088°N, 129.053073°E<br><br><a href="https://map.naver.com/v5/search/36.1180877222215,129.053073055557">📍 네이버 지도</a>]]></description>
        <styleUrl>#tri</styleUrl>
        <Point><coordinates>129.053073055557,36.1180877222215,0</coordinates></Point>
      </Placemark>
      <Placemark><name>△ 기계446</name>
        <description><![CDATA[<b>삼각점</b><br>명칭: 기계446<br>P1 #157 원점에서 1665m<br>좌표: 36.129918°N, 129.028062°E<br><br><a href="https://map.naver.com/v5/search/36.1299176944438,129.028062027779">📍 네이버 지도</a>]]></description>
        <styleUrl>#tri</styleUrl>
        <Point><coordinates>129.028062027779,36.1299176944438,0</coordinates></Point>
      </Placemark>
      <Placemark><name>△ 기계444</name>
        <description><![CDATA[<b>삼각점</b><br>명칭: 기계444<br>P1 #157 원점에서 1735m<br>좌표: 36.138870°N, 129.048079°E<br><br><a href="https://map.naver.com/v5/search/36.1388695833327,129.048079166668">📍 네이버 지도</a>]]></description>
        <styleUrl>#tri</styleUrl>
        <Point><coordinates>129.048079166668,36.1388695833327,0</coordinates></Point>
      </Placemark>
      <Placemark><name>△ 기계442</name>
        <description><![CDATA[<b>삼각점</b><br>명칭: 기계442<br>P1 #157 원점에서 2553m<br>좌표: 36.132989°N, 129.070576°E<br><br><a href="https://map.naver.com/v5/search/36.1329886111104,129.070575861113">📍 네이버 지도</a>]]></description>
        <styleUrl>#tri</styleUrl>
        <Point><coordinates>129.070575861113,36.1329886111104,0</coordinates></Point>
      </Placemark>
      <Placemark><name>△ 기계312</name>
        <description><![CDATA[<b>삼각점</b><br>명칭: 기계312<br>P1 #157 원점에서 2625m<br>좌표: 36.143921°N, 129.059403°E<br><br><a href="https://map.naver.com/v5/search/36.1439211111104,129.059402694446">📍 네이버 지도</a>]]></description>
        <styleUrl>#tri</styleUrl>
        <Point><coordinates>129.059402694446,36.1439211111104,0</coordinates></Point>
      </Placemark>
      <Placemark><name>△ 기계447</name>
        <description><![CDATA[<b>삼각점</b><br>명칭: 기계447<br>P1 #157 원점에서 2820m<br>좌표: 36.143856°N, 129.026054°E<br><br><a href="https://map.naver.com/v5/search/36.1438556111104,129.026054222223">📍 네이버 지도</a>]]></description>
        <styleUrl>#tri</styleUrl>
        <Point><coordinates>129.026054222223,36.1438556111104,0</coordinates></Point>
      </Placemark>
      <Placemark><name>△ 기계317</name>
        <description><![CDATA[<b>삼각점</b><br>명칭: 기계317<br>P1 #157 원점에서 2884m<br>좌표: 36.120381°N, 129.012946°E<br><br><a href="https://map.naver.com/v5/search/36.1203812499993,129.012946472223">📍 네이버 지도</a>]]></description>
        <styleUrl>#tri</styleUrl>
        <Point><coordinates>129.012946472223,36.1203812499993,0</coordinates></Point>
      </Placemark>
      <Placemark><name>△ 기계24</name>
        <description><![CDATA[<b>삼각점</b><br>명칭: 기계24<br>P1 #157 원점에서 2974m<br>좌표: 36.149193°N, 129.054010°E<br><br><a href="https://map.naver.com/v5/search/36.1491932222215,129.054009611112">📍 네이버 지도</a>]]></description>
        <styleUrl>#tri</styleUrl>
        <Point><coordinates>129.054009611112,36.1491932222215,0</coordinates></Point>
      </Placemark>
      <Placemark><name>△ 기계445</name>
        <description><![CDATA[<b>삼각점</b><br>명칭: 기계445<br>P1 #157 원점에서 2982m<br>좌표: 36.096658°N, 129.042300°E<br><br><a href="https://map.naver.com/v5/search/36.096658166666,129.042300194446">📍 네이버 지도</a>]]></description>
        <styleUrl>#tri</styleUrl>
        <Point><coordinates>129.042300194446,36.096658166666,0</coordinates></Point>
      </Placemark>
      <Placemark><name>△ 기계311</name>
        <description><![CDATA[<b>삼각점</b><br>명칭: 기계311<br>P1 #157 원점에서 3241m<br>좌표: 36.098011°N, 129.062434°E<br><br><a href="https://map.naver.com/v5/search/36.098010666666,129.062434250001">📍 네이버 지도</a>]]></description>
        <styleUrl>#tri</styleUrl>
        <Point><coordinates>129.062434250001,36.098010666666,0</coordinates></Point>
      </Placemark>
      <Placemark><name>◎ U기계54</name>
        <description><![CDATA[<b>통합기준점</b><br>명칭: U기계54<br>P1 #157 원점에서 3377m<br>좌표: 36.122318°N, 129.082255°E<br><br><a href="https://map.naver.com/v5/search/36.1223184833326,129.082255208335">📍 네이버 지도</a>]]></description>
        <styleUrl>#uni</styleUrl>
        <Point><coordinates>129.082255208335,36.1223184833326,0</coordinates></Point>
      </Placemark>
      <Placemark><name>△ 기계316</name>
        <description><![CDATA[<b>삼각점</b><br>명칭: 기계316<br>P1 #157 원점에서 3865m<br>좌표: 36.096232°N, 129.017972°E<br><br><a href="https://map.naver.com/v5/search/36.0962319722215,129.017972000001">📍 네이버 지도</a>]]></description>
        <styleUrl>#tri</styleUrl>
        <Point><coordinates>129.017972000001,36.0962319722215,0</coordinates></Point>
      </Placemark>
      <Placemark><name>△ 기계441</name>
        <description><![CDATA[<b>삼각점</b><br>명칭: 기계441<br>P1 #157 원점에서 3906m<br>좌표: 36.107843°N, 129.083653°E<br><br><a href="https://map.naver.com/v5/search/36.1078426944438,129.083652527779">📍 네이버 지도</a>]]></description>
        <styleUrl>#tri</styleUrl>
        <Point><coordinates>129.083652527779,36.1078426944438,0</coordinates></Point>
      </Placemark>
      <Placemark><name>△ 기계313</name>
        <description><![CDATA[<b>삼각점</b><br>명칭: 기계313<br>P1 #157 원점에서 4003m<br>좌표: 36.089117°N, 129.058385°E<br><br><a href="https://map.naver.com/v5/search/36.0891168611104,129.05838513889">📍 네이버 지도</a>]]></description>
        <styleUrl>#tri</styleUrl>
        <Point><coordinates>129.05838513889,36.0891168611104,0</coordinates></Point>
      </Placemark>
      <Placemark><name>◎ U기계63</name>
        <description><![CDATA[<b>통합기준점</b><br>명칭: U기계63<br>P1 #157 원점에서 4232m<br>좌표: 36.085949°N, 129.053320°E<br><br><a href="https://map.naver.com/v5/search/36.0859493138882,129.053320480557">📍 네이버 지도</a>]]></description>
        <styleUrl>#uni</styleUrl>
        <Point><coordinates>129.053320480557,36.0859493138882,0</coordinates></Point>
      </Placemark>
      <Placemark><name>△ 기계448</name>
        <description><![CDATA[<b>삼각점</b><br>명칭: 기계448<br>P1 #157 원점에서 4316m<br>좌표: 36.141575°N, 129.002326°E<br><br><a href="https://map.naver.com/v5/search/36.1415753888882,129.002326027779">📍 네이버 지도</a>]]></description>
        <styleUrl>#tri</styleUrl>
        <Point><coordinates>129.002326027779,36.1415753888882,0</coordinates></Point>
      </Placemark>
      <Placemark><name>△ 기계412</name>
        <description><![CDATA[<b>삼각점</b><br>명칭: 기계412<br>P1 #157 원점에서 4364m<br>좌표: 36.145188°N, 129.085187°E<br><br><a href="https://map.naver.com/v5/search/36.1451877499993,129.085187000001">📍 네이버 지도</a>]]></description>
        <styleUrl>#tri</styleUrl>
        <Point><coordinates>129.085187000001,36.1451877499993,0</coordinates></Point>
      </Placemark>
      <Placemark><name>△ 기계310</name>
        <description><![CDATA[<b>삼각점</b><br>명칭: 기계310<br>P1 #157 원점에서 4581m<br>좌표: 36.121211°N, 129.095581°E<br><br><a href="https://map.naver.com/v5/search/36.1212109722215,129.095580750002">📍 네이버 지도</a>]]></description>
        <styleUrl>#tri</styleUrl>
        <Point><coordinates>129.095580750002,36.1212109722215,0</coordinates></Point>
      </Placemark>
      <Placemark><name>△ 기계315</name>
        <description><![CDATA[<b>삼각점</b><br>명칭: 기계315<br>P1 #157 원점에서 4610m<br>좌표: 36.160100°N, 129.020600°E<br><br><a href="https://map.naver.com/v5/search/36.1600998055549,129.020600333335">📍 네이버 지도</a>]]></description>
        <styleUrl>#tri</styleUrl>
        <Point><coordinates>129.020600333335,36.1600998055549,0</coordinates></Point>
      </Placemark>
      <Placemark><name>△ 기계439</name>
        <description><![CDATA[<b>삼각점</b><br>명칭: 기계439<br>P1 #157 원점에서 4613m<br>좌표: 36.138304°N, 129.092641°E<br><br><a href="https://map.naver.com/v5/search/36.1383037499993,129.092641444446">📍 네이버 지도</a>]]></description>
        <styleUrl>#tri</styleUrl>
        <Point><coordinates>129.092641444446,36.1383037499993,0</coordinates></Point>
      </Placemark>
      <Placemark><name>△ 기계449</name>
        <description><![CDATA[<b>삼각점</b><br>명칭: 기계449<br>P1 #157 원점에서 4737m<br>좌표: 36.100506°N, 129.000385°E<br><br><a href="https://map.naver.com/v5/search/36.1005058333327,129.000385055557">📍 네이버 지도</a>]]></description>
        <styleUrl>#tri</styleUrl>
        <Point><coordinates>129.000385055557,36.1005058333327,0</coordinates></Point>
      </Placemark>
      <Placemark><name>△ 기계320</name>
        <description><![CDATA[<b>삼각점</b><br>명칭: 기계320<br>P1 #157 원점에서 4891m<br>좌표: 36.167545°N, 129.044044°E<br><br><a href="https://map.naver.com/v5/search/36.1675449444438,129.044043750001">📍 네이버 지도</a>]]></description>
        <styleUrl>#tri</styleUrl>
        <Point><coordinates>129.044043750001,36.1675449444438,0</coordinates></Point>
      </Placemark>
      <Placemark><name>△ 기계450</name>
        <description><![CDATA[<b>삼각점</b><br>명칭: 기계450<br>P1 #157 원점에서 4943m<br>좌표: 36.147607°N, 128.998602°E<br><br><a href="https://map.naver.com/v5/search/36.1476073611104,128.998602472223">📍 네이버 지도</a>]]></description>
        <styleUrl>#tri</styleUrl>
        <Point><coordinates>128.998602472223,36.1476073611104,0</coordinates></Point>
      </Placemark>
    </Folder>
  </Folder>
  <Folder>
    <name>#160 (36.39°N 129.16°E) 국가60.3점</name>
    <description>서브격자 상위5개 / 근접 기준점15개</description>
    <Placemark><name>▶ P1 #160 중심</name>
      <description><![CDATA[P1 국가격자 후보지<br>점수: 60.3점<br>좌표: 36.39233°N, 129.16156°E<br>서브격자 후보: 5개 / 근접 기준점: 15개<br><br><a href="https://map.naver.com/v5/search/36.39233,129.16156">📍 네이버 지도</a>]]></description>
      <styleUrl>#center</styleUrl>
      <Point><coordinates>129.16156,36.39233,0</coordinates></Point>
    </Placemark>
    <Folder><name>📍 서브격자 후보 (5개)</name>
      <Placemark><name>#1 93.8점</name>
        <description><![CDATA[사이트 #160 / 서브격자 1위
종합점수: 93.8점
좌표: 36.428376°N, 129.162328°E

② 지형: 11.4 / 15점 (경사 7.11°)
③ 전력·철도: 15.0 / 15점
④ 인구이격: 15.0 / 15점
⑤ 모델기여: 10.0 / 10점
⑥ 암상: 4.9 / 5점
도로: 1428m

네이버: https://map.naver.com/v5/search/36.428376,129.162328
카카오: https://map.kakao.com/link/map/P160-1,36.428376,129.162328]]></description>
        <styleUrl>#top1</styleUrl>
        <Point><coordinates>129.162328,36.428376,0</coordinates></Point>
      </Placemark>
      <Placemark><name>#2 91.1점</name>
        <description><![CDATA[사이트 #160 / 서브격자 2위
종합점수: 91.1점
좌표: 36.437388°N, 129.162520°E

② 지형: 9.9 / 15점 (경사 10.13°)
③ 전력·철도: 15.0 / 15점
④ 인구이격: 14.7 / 15점
⑤ 모델기여: 10.0 / 10점
⑥ 암상: 5.0 / 5점
도로: 1016m

네이버: https://map.naver.com/v5/search/36.437388,129.16252
카카오: https://map.kakao.com/link/map/P160-2,36.437388,129.16252]]></description>
        <styleUrl>#top5</styleUrl>
        <Point><coordinates>129.16252,36.437388,0</coordinates></Point>
      </Placemark>
      <Placemark><name>#3 89.4점</name>
        <description><![CDATA[사이트 #160 / 서브격자 3위
종합점수: 89.4점
좌표: 36.428837°N, 129.128874°E

② 지형: 11.6 / 15점 (경사 6.8°)
③ 전력·철도: 15.0 / 15점
④ 인구이격: 12.2 / 15점
⑤ 모델기여: 10.0 / 10점
⑥ 암상: 4.8 / 5점
도로: 1432m

네이버: https://map.naver.com/v5/search/36.428837,129.128874
카카오: https://map.kakao.com/link/map/P160-3,36.428837,129.128874]]></description>
        <styleUrl>#top5</styleUrl>
        <Point><coordinates>129.128874,36.428837,0</coordinates></Point>
      </Placemark>
      <Placemark><name>#4 89.3점</name>
        <description><![CDATA[사이트 #160 / 서브격자 4위
종합점수: 89.3점
좌표: 36.392330°N, 129.161560°E

② 지형: 10.5 / 15점 (경사 9.01°)
③ 전력·철도: 15.0 / 15점
④ 인구이격: 13.8 / 15점
⑤ 모델기여: 10.0 / 10점
⑥ 암상: 4.3 / 5점
도로: 1493m

네이버: https://map.naver.com/v5/search/36.39233,129.16156
카카오: https://map.kakao.com/link/map/P160-4,36.39233,129.16156]]></description>
        <styleUrl>#top5</styleUrl>
        <Point><coordinates>129.16156,36.39233,0</coordinates></Point>
      </Placemark>
      <Placemark><name>#5 88.0점</name>
        <description><![CDATA[사이트 #160 / 서브격자 5위
종합점수: 88.0점
좌표: 36.410814°N, 129.128497°E

② 지형: 10.1 / 15점 (경사 9.87°)
③ 전력·철도: 15.0 / 15점
④ 인구이격: 13.5 / 15점
⑤ 모델기여: 10.0 / 10점
⑥ 암상: 4.2 / 5점
도로: 1243m

네이버: https://map.naver.com/v5/search/36.410814,129.128497
카카오: https://map.kakao.com/link/map/P160-5,36.410814,129.128497]]></description>
        <styleUrl>#top5</styleUrl>
        <Point><coordinates>129.128497,36.410814,0</coordinates></Point>
      </Placemark>
    </Folder>
    <Folder><name>📐 근접 기준점 (15개)</name>
      <Placemark><name>△ 청송306</name>
        <description><![CDATA[<b>삼각점</b><br>명칭: 청송306<br>P1 #160 원점에서 441m<br>좌표: 36.388370°N, 129.161146°E<br><br><a href="https://map.naver.com/v5/search/36.3883698333327,129.161146000002">📍 네이버 지도</a>]]></description>
        <styleUrl>#tri</styleUrl>
        <Point><coordinates>129.161146000002,36.3883698333327,0</coordinates></Point>
      </Placemark>
      <Placemark><name>△ 청송430</name>
        <description><![CDATA[<b>삼각점</b><br>명칭: 청송430<br>P1 #160 원점에서 2423m<br>좌표: 36.379676°N, 129.183573°E<br><br><a href="https://map.naver.com/v5/search/36.3796758888883,129.183572972224">📍 네이버 지도</a>]]></description>
        <styleUrl>#tri</styleUrl>
        <Point><coordinates>129.183572972224,36.3796758888883,0</coordinates></Point>
      </Placemark>
      <Placemark><name>△ 청송435</name>
        <description><![CDATA[<b>삼각점</b><br>명칭: 청송435<br>P1 #160 원점에서 2627m<br>좌표: 36.390148°N, 129.132396°E<br><br><a href="https://map.naver.com/v5/search/36.3901481944438,129.132395805557">📍 네이버 지도</a>]]></description>
        <styleUrl>#tri</styleUrl>
        <Point><coordinates>129.132395805557,36.3901481944438,0</coordinates></Point>
      </Placemark>
      <Placemark><name>△ 청송307</name>
        <description><![CDATA[<b>삼각점</b><br>명칭: 청송307<br>P1 #160 원점에서 2653m<br>좌표: 36.407265°N, 129.138461°E<br><br><a href="https://map.naver.com/v5/search/36.4072652222216,129.138460750002">📍 네이버 지도</a>]]></description>
        <styleUrl>#tri</styleUrl>
        <Point><coordinates>129.138460750002,36.4072652222216,0</coordinates></Point>
      </Placemark>
      <Placemark><name>△ 청송434</name>
        <description><![CDATA[<b>삼각점</b><br>명칭: 청송434<br>P1 #160 원점에서 2712m<br>좌표: 36.371468°N, 129.145803°E<br><br><a href="https://map.naver.com/v5/search/36.3714676111105,129.145802805557">📍 네이버 지도</a>]]></description>
        <styleUrl>#tri</styleUrl>
        <Point><coordinates>129.145802805557,36.3714676111105,0</coordinates></Point>
      </Placemark>
      <Placemark><name>△ 청송432</name>
        <description><![CDATA[<b>삼각점</b><br>명칭: 청송432<br>P1 #160 원점에서 2954m<br>좌표: 36.418937°N, 129.162558°E<br><br><a href="https://map.naver.com/v5/search/36.4189374444438,129.162557833335">📍 네이버 지도</a>]]></description>
        <styleUrl>#tri</styleUrl>
        <Point><coordinates>129.162557833335,36.4189374444438,0</coordinates></Point>
      </Placemark>
      <Placemark><name>◎ U0596</name>
        <description><![CDATA[<b>통합기준점</b><br>명칭: U0596<br>P1 #160 원점에서 3871m<br>좌표: 36.357553°N, 129.158103°E<br><br><a href="https://map.naver.com/v5/search/36.3575531666661,129.158102766669">📍 네이버 지도</a>]]></description>
        <styleUrl>#uni</styleUrl>
        <Point><coordinates>129.158102766669,36.3575531666661,0</coordinates></Point>
      </Placemark>
      <Placemark><name>△ 청송431</name>
        <description><![CDATA[<b>삼각점</b><br>명칭: 청송431<br>P1 #160 원점에서 4034m<br>좌표: 36.357730°N, 129.175375°E<br><br><a href="https://map.naver.com/v5/search/36.3577300277772,129.175375055558">📍 네이버 지도</a>]]></description>
        <styleUrl>#tri</styleUrl>
        <Point><coordinates>129.175375055558,36.3577300277772,0</coordinates></Point>
      </Placemark>
      <Placemark><name>△ 청송429</name>
        <description><![CDATA[<b>삼각점</b><br>명칭: 청송429<br>P1 #160 원점에서 4183m<br>좌표: 36.382108°N, 129.206437°E<br><br><a href="https://map.naver.com/v5/search/36.3821081666661,129.206437416669">📍 네이버 지도</a>]]></description>
        <styleUrl>#tri</styleUrl>
        <Point><coordinates>129.206437416669,36.3821081666661,0</coordinates></Point>
      </Placemark>
      <Placemark><name>△ 청송437</name>
        <description><![CDATA[<b>삼각점</b><br>명칭: 청송437<br>P1 #160 원점에서 4307m<br>좌표: 36.374533°N, 129.118890°E<br><br><a href="https://map.naver.com/v5/search/36.3745331666661,129.118890111113">📍 네이버 지도</a>]]></description>
        <styleUrl>#tri</styleUrl>
        <Point><coordinates>129.118890111113,36.3745331666661,0</coordinates></Point>
      </Placemark>
      <Placemark><name>△ 청송418</name>
        <description><![CDATA[<b>삼각점</b><br>명칭: 청송418<br>P1 #160 원점에서 4441m<br>좌표: 36.426208°N, 129.187923°E<br><br><a href="https://map.naver.com/v5/search/36.4262081111105,129.18792277778">📍 네이버 지도</a>]]></description>
        <styleUrl>#tri</styleUrl>
        <Point><coordinates>129.18792277778,36.4262081111105,0</coordinates></Point>
      </Placemark>
      <Placemark><name>△ 청송24</name>
        <description><![CDATA[<b>삼각점</b><br>명칭: 청송24<br>P1 #160 원점에서 4494m<br>좌표: 36.407782°N, 129.207869°E<br><br><a href="https://map.naver.com/v5/search/36.407781805555,129.207869361113">📍 네이버 지도</a>]]></description>
        <styleUrl>#tri</styleUrl>
        <Point><coordinates>129.207869361113,36.407781805555,0</coordinates></Point>
      </Placemark>
      <Placemark><name>△ 청송438</name>
        <description><![CDATA[<b>삼각점</b><br>명칭: 청송438<br>P1 #160 원점에서 4847m<br>좌표: 36.409773°N, 129.112009°E<br><br><a href="https://map.naver.com/v5/search/36.409772555555,129.112009333335">📍 네이버 지도</a>]]></description>
        <styleUrl>#tri</styleUrl>
        <Point><coordinates>129.112009333335,36.409772555555,0</coordinates></Point>
      </Placemark>
      <Placemark><name>△ 청송413</name>
        <description><![CDATA[<b>삼각점</b><br>명칭: 청송413<br>P1 #160 원점에서 4928m<br>좌표: 36.433655°N, 129.141417°E<br><br><a href="https://map.naver.com/v5/search/36.4336554722216,129.141416638891">📍 네이버 지도</a>]]></description>
        <styleUrl>#tri</styleUrl>
        <Point><coordinates>129.141416638891,36.4336554722216,0</coordinates></Point>
      </Placemark>
      <Placemark><name>△ 청송417</name>
        <description><![CDATA[<b>삼각점</b><br>명칭: 청송417<br>P1 #160 원점에서 4990m<br>좌표: 36.436715°N, 129.170549°E<br><br><a href="https://map.naver.com/v5/search/36.4367151666661,129.170548916669">📍 네이버 지도</a>]]></description>
        <styleUrl>#tri</styleUrl>
        <Point><coordinates>129.170548916669,36.4367151666661,0</coordinates></Point>
      </Placemark>
    </Folder>
  </Folder>
  <Folder>
    <name>#161 (36.66°N 129.17°E) 국가58.3점</name>
    <description>서브격자 상위5개 / 근접 기준점17개</description>
    <Placemark><name>▶ P1 #161 중심</name>
      <description><![CDATA[P1 국가격자 후보지<br>점수: 58.3점<br>좌표: 36.66267°N, 129.16736°E<br>서브격자 후보: 5개 / 근접 기준점: 17개<br><br><a href="https://map.naver.com/v5/search/36.66267,129.16736">📍 네이버 지도</a>]]></description>
      <styleUrl>#center</styleUrl>
      <Point><coordinates>129.16736,36.66267,0</coordinates></Point>
    </Placemark>
    <Folder><name>📍 서브격자 후보 (5개)</name>
      <Placemark><name>#1 93.8점</name>
        <description><![CDATA[사이트 #161 / 서브격자 1위
종합점수: 93.8점
좌표: 36.680057°N, 129.212499°E

② 지형: 12.7 / 15점 (경사 4.61°)
③ 전력·철도: 14.6 / 15점
④ 인구이격: 14.1 / 15점
⑤ 모델기여: 10.0 / 10점
⑥ 암상: 5.0 / 5점
도로: 140m

네이버: https://map.naver.com/v5/search/36.680057,129.212499
카카오: https://map.kakao.com/link/map/P161-1,36.680057,129.212499]]></description>
        <styleUrl>#top1</styleUrl>
        <Point><coordinates>129.212499,36.680057,0</coordinates></Point>
      </Placemark>
      <Placemark><name>#2 92.5점</name>
        <description><![CDATA[사이트 #161 / 서브격자 2위
종합점수: 92.5점
좌표: 36.680217°N, 129.201311°E

② 지형: 13.3 / 15점 (경사 3.34°)
③ 전력·철도: 14.6 / 15점
④ 인구이격: 12.8 / 15점
⑤ 모델기여: 10.0 / 10점
⑥ 암상: 4.8 / 5점
도로: 1096m

네이버: https://map.naver.com/v5/search/36.680217,129.201311
카카오: https://map.kakao.com/link/map/P161-2,36.680217,129.201311]]></description>
        <styleUrl>#top5</styleUrl>
        <Point><coordinates>129.201311,36.680217,0</coordinates></Point>
      </Placemark>
      <Placemark><name>#3 92.2점</name>
        <description><![CDATA[사이트 #161 / 서브격자 3위
종합점수: 92.2점
좌표: 36.661874°N, 129.223284°E

② 지형: 13.0 / 15점 (경사 3.94°)
③ 전력·철도: 14.3 / 15점
④ 인구이격: 15.0 / 15점
⑤ 모델기여: 8.0 / 10점
⑥ 암상: 5.0 / 5점
도로: 907m

네이버: https://map.naver.com/v5/search/36.661874,129.223284
카카오: https://map.kakao.com/link/map/P161-3,36.661874,129.223284]]></description>
        <styleUrl>#top5</styleUrl>
        <Point><coordinates>129.223284,36.661874,0</coordinates></Point>
      </Placemark>
      <Placemark><name>#4 91.2점</name>
        <description><![CDATA[사이트 #161 / 서브격자 4위
종합점수: 91.2점
좌표: 36.671046°N, 129.212299°E

② 지형: 13.1 / 15점 (경사 3.79°)
③ 전력·철도: 14.4 / 15점
④ 인구이격: 14.4 / 15점
⑤ 모델기여: 8.0 / 10점
⑥ 암상: 4.8 / 5점
도로: 8m

네이버: https://map.naver.com/v5/search/36.671046,129.212299
카카오: https://map.kakao.com/link/map/P161-4,36.671046,129.212299]]></description>
        <styleUrl>#top5</styleUrl>
        <Point><coordinates>129.212299,36.671046,0</coordinates></Point>
      </Placemark>
      <Placemark><name>#5 90.5점</name>
        <description><![CDATA[사이트 #161 / 서브격자 5위
종합점수: 90.5점
좌표: 36.617614°N, 129.166389°E

② 지형: 14.0 / 15점 (경사 1.92°)
③ 전력·철도: 14.0 / 15점
④ 인구이격: 14.1 / 15점
⑤ 모델기여: 8.0 / 10점
⑥ 암상: 4.1 / 5점
도로: 1442m

네이버: https://map.naver.com/v5/search/36.617614,129.166389
카카오: https://map.kakao.com/link/map/P161-5,36.617614,129.166389]]></description>
        <styleUrl>#top5</styleUrl>
        <Point><coordinates>129.166389,36.617614,0</coordinates></Point>
      </Placemark>
    </Folder>
    <Folder><name>📐 근접 기준점 (17개)</name>
      <Placemark><name>△ 영양433</name>
        <description><![CDATA[<b>삼각점</b><br>명칭: 영양433<br>P1 #161 원점에서 1195m<br>좌표: 36.654854°N, 129.158163°E<br><br><a href="https://map.naver.com/v5/search/36.6548543333328,129.158162861113">📍 네이버 지도</a>]]></description>
        <styleUrl>#tri</styleUrl>
        <Point><coordinates>129.158162861113,36.6548543333328,0</coordinates></Point>
      </Placemark>
      <Placemark><name>△ 영양418</name>
        <description><![CDATA[<b>삼각점</b><br>명칭: 영양418<br>P1 #161 원점에서 1416m<br>좌표: 36.672013°N, 129.178156°E<br><br><a href="https://map.naver.com/v5/search/36.6720130277773,129.178155694447">📍 네이버 지도</a>]]></description>
        <styleUrl>#tri</styleUrl>
        <Point><coordinates>129.178155694447,36.6720130277773,0</coordinates></Point>
      </Placemark>
      <Placemark><name>△ 영양416</name>
        <description><![CDATA[<b>삼각점</b><br>명칭: 영양416<br>P1 #161 원점에서 1759m<br>좌표: 36.674988°N, 129.154977°E<br><br><a href="https://map.naver.com/v5/search/36.6749884166662,129.154976500002">📍 네이버 지도</a>]]></description>
        <styleUrl>#tri</styleUrl>
        <Point><coordinates>129.154976500002,36.6749884166662,0</coordinates></Point>
      </Placemark>
      <Placemark><name>◎ U영양36</name>
        <description><![CDATA[<b>통합기준점</b><br>명칭: U영양36<br>P1 #161 원점에서 1967m<br>좌표: 36.655554°N, 129.147208°E<br><br><a href="https://map.naver.com/v5/search/36.6555536749995,129.147208036113">📍 네이버 지도</a>]]></description>
        <styleUrl>#uni</styleUrl>
        <Point><coordinates>129.147208036113,36.6555536749995,0</coordinates></Point>
      </Placemark>
      <Placemark><name>◎ U영양47</name>
        <description><![CDATA[<b>통합기준점</b><br>명칭: U영양47<br>P1 #161 원점에서 2601m<br>좌표: 36.639938°N, 129.174461°E<br><br><a href="https://map.naver.com/v5/search/36.6399381694439,129.174461497224">📍 네이버 지도</a>]]></description>
        <styleUrl>#uni</styleUrl>
        <Point><coordinates>129.174461497224,36.6399381694439,0</coordinates></Point>
      </Placemark>
      <Placemark><name>△ 영양431</name>
        <description><![CDATA[<b>삼각점</b><br>명칭: 영양431<br>P1 #161 원점에서 2780m<br>좌표: 36.644972°N, 129.189371°E<br><br><a href="https://map.naver.com/v5/search/36.6449721388884,129.189370555558">📍 네이버 지도</a>]]></description>
        <styleUrl>#tri</styleUrl>
        <Point><coordinates>129.189370555558,36.6449721388884,0</coordinates></Point>
      </Placemark>
      <Placemark><name>△ 영양23</name>
        <description><![CDATA[<b>삼각점</b><br>명칭: 영양23<br>P1 #161 원점에서 3373m<br>좌표: 36.675033°N, 129.201833°E<br><br><a href="https://map.naver.com/v5/search/36.6750328333328,129.201832944447">📍 네이버 지도</a>]]></description>
        <styleUrl>#tri</styleUrl>
        <Point><coordinates>129.201832944447,36.6750328333328,0</coordinates></Point>
      </Placemark>
      <Placemark><name>△ 영양307</name>
        <description><![CDATA[<b>삼각점</b><br>명칭: 영양307<br>P1 #161 원점에서 3478m<br>좌표: 36.631413°N, 129.164430°E<br><br><a href="https://map.naver.com/v5/search/36.631413055555,129.164429833335">📍 네이버 지도</a>]]></description>
        <styleUrl>#tri</styleUrl>
        <Point><coordinates>129.164429833335,36.631413055555,0</coordinates></Point>
      </Placemark>
      <Placemark><name>◎ U영양48</name>
        <description><![CDATA[<b>통합기준점</b><br>명칭: U영양48<br>P1 #161 원점에서 3512m<br>좌표: 36.638436°N, 129.192637°E<br><br><a href="https://map.naver.com/v5/search/36.6384363638884,129.192637066669">📍 네이버 지도</a>]]></description>
        <styleUrl>#uni</styleUrl>
        <Point><coordinates>129.192637066669,36.6384363638884,0</coordinates></Point>
      </Placemark>
      <Placemark><name>△ 영양436</name>
        <description><![CDATA[<b>삼각점</b><br>명칭: 영양436<br>P1 #161 원점에서 3621m<br>좌표: 36.645429°N, 129.132971°E<br><br><a href="https://map.naver.com/v5/search/36.6454285277772,129.132971222224">📍 네이버 지도</a>]]></description>
        <styleUrl>#tri</styleUrl>
        <Point><coordinates>129.132971222224,36.6454285277772,0</coordinates></Point>
      </Placemark>
      <Placemark><name>△ 영양303</name>
        <description><![CDATA[<b>삼각점</b><br>명칭: 영양303<br>P1 #161 원점에서 4221m<br>좌표: 36.696804°N, 129.146520°E<br><br><a href="https://map.naver.com/v5/search/36.6968041944439,129.146520166668">📍 네이버 지도</a>]]></description>
        <styleUrl>#tri</styleUrl>
        <Point><coordinates>129.146520166668,36.6968041944439,0</coordinates></Point>
      </Placemark>
      <Placemark><name>△ 영양417</name>
        <description><![CDATA[<b>삼각점</b><br>명칭: 영양417<br>P1 #161 원점에서 4311m<br>좌표: 36.701021°N, 129.175082°E<br><br><a href="https://map.naver.com/v5/search/36.7010210277773,129.175081972224">📍 네이버 지도</a>]]></description>
        <styleUrl>#tri</styleUrl>
        <Point><coordinates>129.175081972224,36.7010210277773,0</coordinates></Point>
      </Placemark>
      <Placemark><name>△ 영양438</name>
        <description><![CDATA[<b>삼각점</b><br>명칭: 영양438<br>P1 #161 원점에서 4348m<br>좌표: 36.667497°N, 129.119092°E<br><br><a href="https://map.naver.com/v5/search/36.6674968888884,129.119092250002">📍 네이버 지도</a>]]></description>
        <styleUrl>#tri</styleUrl>
        <Point><coordinates>129.119092250002,36.6674968888884,0</coordinates></Point>
      </Placemark>
      <Placemark><name>◎ U0517</name>
        <description><![CDATA[<b>통합기준점</b><br>명칭: U0517<br>P1 #161 원점에서 4417m<br>좌표: 36.657565°N, 129.118352°E<br><br><a href="https://map.naver.com/v5/search/36.6575647777773,129.118352305557">📍 네이버 지도</a>]]></description>
        <styleUrl>#uni</styleUrl>
        <Point><coordinates>129.118352305557,36.6575647777773,0</coordinates></Point>
      </Placemark>
      <Placemark><name>△ 영양427</name>
        <description><![CDATA[<b>삼각점</b><br>명칭: 영양427<br>P1 #161 원점에서 4477m<br>좌표: 36.651769°N, 129.215577°E<br><br><a href="https://map.naver.com/v5/search/36.6517688888883,129.215576916669">📍 네이버 지도</a>]]></description>
        <styleUrl>#tri</styleUrl>
        <Point><coordinates>129.215576916669,36.6517688888883,0</coordinates></Point>
      </Placemark>
      <Placemark><name>△ 영양435</name>
        <description><![CDATA[<b>삼각점</b><br>명칭: 영양435<br>P1 #161 원점에서 4772m<br>좌표: 36.623884°N, 129.144307°E<br><br><a href="https://map.naver.com/v5/search/36.6238836388884,129.144306666668">📍 네이버 지도</a>]]></description>
        <styleUrl>#tri</styleUrl>
        <Point><coordinates>129.144306666668,36.6238836388884,0</coordinates></Point>
      </Placemark>
      <Placemark><name>◎ U0516</name>
        <description><![CDATA[<b>통합기준점</b><br>명칭: U0516<br>P1 #161 원점에서 4850m<br>좌표: 36.700797°N, 129.193905°E<br><br><a href="https://map.naver.com/v5/search/36.7007969194439,129.193905425002">📍 네이버 지도</a>]]></description>
        <styleUrl>#uni</styleUrl>
        <Point><coordinates>129.193905425002,36.7007969194439,0</coordinates></Point>
      </Placemark>
    </Folder>
  </Folder>
  <Folder>
    <name>#162 (36.75°N 129.17°E) 국가61.2점</name>
    <description>서브격자 상위5개 / 근접 기준점16개</description>
    <Placemark><name>▶ P1 #162 중심</name>
      <description><![CDATA[P1 국가격자 후보지<br>점수: 61.2점<br>좌표: 36.75278°N, 129.16931°E<br>서브격자 후보: 5개 / 근접 기준점: 16개<br><br><a href="https://map.naver.com/v5/search/36.75278,129.16931">📍 네이버 지도</a>]]></description>
      <styleUrl>#center</styleUrl>
      <Point><coordinates>129.16931,36.75278,0</coordinates></Point>
    </Placemark>
    <Folder><name>📍 서브격자 후보 (5개)</name>
      <Placemark><name>#1 96.8점</name>
        <description><![CDATA[사이트 #162 / 서브격자 1위
종합점수: 96.8점
좌표: 36.788981°N, 129.158888°E

② 지형: 13.8 / 15점 (경사 2.49°)
③ 전력·철도: 15.0 / 15점
④ 인구이격: 14.5 / 15점
⑤ 모델기여: 10.0 / 10점
⑥ 암상: 4.8 / 5점
도로: 621m

네이버: https://map.naver.com/v5/search/36.788981,129.158888
카카오: https://map.kakao.com/link/map/P162-1,36.788981,129.158888]]></description>
        <styleUrl>#top1</styleUrl>
        <Point><coordinates>129.158888,36.788981,0</coordinates></Point>
      </Placemark>
      <Placemark><name>#2 96.7점</name>
        <description><![CDATA[사이트 #162 / 서브격자 2위
종합점수: 96.7점
좌표: 36.744236°N, 129.135524°E

② 지형: 13.5 / 15점 (경사 3.06°)
③ 전력·철도: 15.0 / 15점
④ 인구이격: 14.8 / 15점
⑤ 모델기여: 10.0 / 10점
⑥ 암상: 4.8 / 5점
도로: 111m

네이버: https://map.naver.com/v5/search/36.744236,129.135524
카카오: https://map.kakao.com/link/map/P162-2,36.744236,129.135524]]></description>
        <styleUrl>#top5</styleUrl>
        <Point><coordinates>129.135524,36.744236,0</coordinates></Point>
      </Placemark>
      <Placemark><name>#3 95.6점</name>
        <description><![CDATA[사이트 #162 / 서브격자 3위
종합점수: 95.6점
좌표: 36.744389°N, 129.124327°E

② 지형: 13.0 / 15점 (경사 4.08°)
③ 전력·철도: 15.0 / 15점
④ 인구이격: 14.7 / 15점
⑤ 모델기여: 10.0 / 10점
⑥ 암상: 4.7 / 5점
도로: 503m

네이버: https://map.naver.com/v5/search/36.744389,129.124327
카카오: https://map.kakao.com/link/map/P162-3,36.744389,129.124327]]></description>
        <styleUrl>#top5</styleUrl>
        <Point><coordinates>129.124327,36.744389,0</coordinates></Point>
      </Placemark>
      <Placemark><name>#4 94.8점</name>
        <description><![CDATA[사이트 #162 / 서브격자 4위
종합점수: 94.8점
좌표: 36.735224°N, 129.135333°E

② 지형: 12.6 / 15점 (경사 4.9°)
③ 전력·철도: 15.0 / 15점
④ 인구이격: 14.7 / 15점
⑤ 모델기여: 10.0 / 10점
⑥ 암상: 4.7 / 5점
도로: 614m

네이버: https://map.naver.com/v5/search/36.735224,129.135333
카카오: https://map.kakao.com/link/map/P162-4,36.735224,129.135333]]></description>
        <styleUrl>#top5</styleUrl>
        <Point><coordinates>129.135333,36.735224,0</coordinates></Point>
      </Placemark>
      <Placemark><name>#5 93.7점</name>
        <description><![CDATA[사이트 #162 / 서브격자 5위
종합점수: 93.7점
좌표: 36.770802°N, 129.169701°E

② 지형: 13.4 / 15점 (경사 3.11°)
③ 전력·철도: 15.0 / 15점
④ 인구이격: 13.1 / 15점
⑤ 모델기여: 10.0 / 10점
⑥ 암상: 4.6 / 5점
도로: 249m

네이버: https://map.naver.com/v5/search/36.770802,129.169701
카카오: https://map.kakao.com/link/map/P162-5,36.770802,129.169701]]></description>
        <styleUrl>#top5</styleUrl>
        <Point><coordinates>129.169701,36.770802,0</coordinates></Point>
      </Placemark>
    </Folder>
    <Folder><name>📐 근접 기준점 (16개)</name>
      <Placemark><name>△ 영양22</name>
        <description><![CDATA[<b>삼각점</b><br>명칭: 영양22<br>P1 #162 원점에서 834m<br>좌표: 36.748009°N, 129.176525°E<br><br><a href="https://map.naver.com/v5/search/36.7480089166662,129.176524972224">📍 네이버 지도</a>]]></description>
        <styleUrl>#tri</styleUrl>
        <Point><coordinates>129.176524972224,36.7480089166662,0</coordinates></Point>
      </Placemark>
      <Placemark><name>△ 영양414</name>
        <description><![CDATA[<b>삼각점</b><br>명칭: 영양414<br>P1 #162 원점에서 1839m<br>좌표: 36.753283°N, 129.148721°E<br><br><a href="https://map.naver.com/v5/search/36.7532828611106,129.14872127778">📍 네이버 지도</a>]]></description>
        <styleUrl>#tri</styleUrl>
        <Point><coordinates>129.14872127778,36.7532828611106,0</coordinates></Point>
      </Placemark>
      <Placemark><name>△ 소천461</name>
        <description><![CDATA[<b>삼각점</b><br>명칭: 소천461<br>P1 #162 원점에서 2300m<br>좌표: 36.773508°N, 129.169058°E<br><br><a href="https://map.naver.com/v5/search/36.7735075833328,129.169057611113">📍 네이버 지도</a>]]></description>
        <styleUrl>#tri</styleUrl>
        <Point><coordinates>129.169057611113,36.7735075833328,0</coordinates></Point>
      </Placemark>
      <Placemark><name>△ 영양419</name>
        <description><![CDATA[<b>삼각점</b><br>명칭: 영양419<br>P1 #162 원점에서 2436m<br>좌표: 36.733062°N, 129.181294°E<br><br><a href="https://map.naver.com/v5/search/36.7330619166661,129.181294138891">📍 네이버 지도</a>]]></description>
        <styleUrl>#tri</styleUrl>
        <Point><coordinates>129.181294138891,36.7330619166661,0</coordinates></Point>
      </Placemark>
      <Placemark><name>△ 소천464</name>
        <description><![CDATA[<b>삼각점</b><br>명칭: 소천464<br>P1 #162 원점에서 2815m<br>좌표: 36.760775°N, 129.199234°E<br><br><a href="https://map.naver.com/v5/search/36.7607753611106,129.199233500002">📍 네이버 지도</a>]]></description>
        <styleUrl>#tri</styleUrl>
        <Point><coordinates>129.199233500002,36.7607753611106,0</coordinates></Point>
      </Placemark>
      <Placemark><name>◎ U0431</name>
        <description><![CDATA[<b>통합기준점</b><br>명칭: U0431<br>P1 #162 원점에서 3231m<br>좌표: 36.766214°N, 129.201419°E<br><br><a href="https://map.naver.com/v5/search/36.766214344444,129.201419488891">📍 네이버 지도</a>]]></description>
        <styleUrl>#uni</styleUrl>
        <Point><coordinates>129.201419488891,36.766214344444,0</coordinates></Point>
      </Placemark>
      <Placemark><name>△ 영양413</name>
        <description><![CDATA[<b>삼각점</b><br>명칭: 영양413<br>P1 #162 원점에서 3445m<br>좌표: 36.733571°N, 129.139003°E<br><br><a href="https://map.naver.com/v5/search/36.7335706111106,129.139003361113">📍 네이버 지도</a>]]></description>
        <styleUrl>#tri</styleUrl>
        <Point><coordinates>129.139003361113,36.7335706111106,0</coordinates></Point>
      </Placemark>
      <Placemark><name>△ 소천459</name>
        <description><![CDATA[<b>삼각점</b><br>명칭: 소천459<br>P1 #162 원점에서 3756m<br>좌표: 36.784813°N, 129.155695°E<br><br><a href="https://map.naver.com/v5/search/36.7848129166662,129.155695361113">📍 네이버 지도</a>]]></description>
        <styleUrl>#tri</styleUrl>
        <Point><coordinates>129.155695361113,36.7848129166662,0</coordinates></Point>
      </Placemark>
      <Placemark><name>△ 영양420</name>
        <description><![CDATA[<b>삼각점</b><br>명칭: 영양420<br>P1 #162 원점에서 4012m<br>좌표: 36.719722°N, 129.187515°E<br><br><a href="https://map.naver.com/v5/search/36.7197221388884,129.187514750002">📍 네이버 지도</a>]]></description>
        <styleUrl>#tri</styleUrl>
        <Point><coordinates>129.187514750002,36.7197221388884,0</coordinates></Point>
      </Placemark>
      <Placemark><name>△ 영양415</name>
        <description><![CDATA[<b>삼각점</b><br>명칭: 영양415<br>P1 #162 원점에서 4159m<br>좌표: 36.721098°N, 129.144422°E<br><br><a href="https://map.naver.com/v5/search/36.7210978611106,129.144421583335">📍 네이버 지도</a>]]></description>
        <styleUrl>#tri</styleUrl>
        <Point><coordinates>129.144421583335,36.7210978611106,0</coordinates></Point>
      </Placemark>
      <Placemark><name>△ 소천313</name>
        <description><![CDATA[<b>삼각점</b><br>명칭: 소천313<br>P1 #162 원점에서 4198m<br>좌표: 36.790364°N, 129.163911°E<br><br><a href="https://map.naver.com/v5/search/36.7903637777773,129.163911083335">📍 네이버 지도</a>]]></description>
        <styleUrl>#tri</styleUrl>
        <Point><coordinates>129.163911083335,36.7903637777773,0</coordinates></Point>
      </Placemark>
      <Placemark><name>△ 소천312</name>
        <description><![CDATA[<b>삼각점</b><br>명칭: 소천312<br>P1 #162 원점에서 4239m<br>좌표: 36.759435°N, 129.122563°E<br><br><a href="https://map.naver.com/v5/search/36.7594351388884,129.122562805557">📍 네이버 지도</a>]]></description>
        <styleUrl>#tri</styleUrl>
        <Point><coordinates>129.122562805557,36.7594351388884,0</coordinates></Point>
      </Placemark>
      <Placemark><name>△ 소천465</name>
        <description><![CDATA[<b>삼각점</b><br>명칭: 소천465<br>P1 #162 원점에서 4422m<br>좌표: 36.783174°N, 129.201345°E<br><br><a href="https://map.naver.com/v5/search/36.7831737777773,129.201344861113">📍 네이버 지도</a>]]></description>
        <styleUrl>#tri</styleUrl>
        <Point><coordinates>129.201344861113,36.7831737777773,0</coordinates></Point>
      </Placemark>
      <Placemark><name>△ 소천463</name>
        <description><![CDATA[<b>삼각점</b><br>명칭: 소천463<br>P1 #162 원점에서 4498m<br>좌표: 36.790337°N, 129.188271°E<br><br><a href="https://map.naver.com/v5/search/36.7903368055551,129.188271222224">📍 네이버 지도</a>]]></description>
        <styleUrl>#tri</styleUrl>
        <Point><coordinates>129.188271222224,36.7903368055551,0</coordinates></Point>
      </Placemark>
      <Placemark><name>△ 소천466</name>
        <description><![CDATA[<b>삼각점</b><br>명칭: 소천466<br>P1 #162 원점에서 4578m<br>좌표: 36.758276°N, 129.220124°E<br><br><a href="https://map.naver.com/v5/search/36.7582763055551,129.220124194447">📍 네이버 지도</a>]]></description>
        <styleUrl>#tri</styleUrl>
        <Point><coordinates>129.220124194447,36.7582763055551,0</coordinates></Point>
      </Placemark>
      <Placemark><name>△ 영양421</name>
        <description><![CDATA[<b>삼각점</b><br>명칭: 영양421<br>P1 #162 원점에서 4605m<br>좌표: 36.737347°N, 129.217180°E<br><br><a href="https://map.naver.com/v5/search/36.7373466388884,129.217179944447">📍 네이버 지도</a>]]></description>
        <styleUrl>#tri</styleUrl>
        <Point><coordinates>129.217179944447,36.7373466388884,0</coordinates></Point>
      </Placemark>
    </Folder>
  </Folder>
  <Folder>
    <name>#163 (37.02°N 129.18°E) 국가58.4점</name>
    <description>서브격자 상위5개 / 근접 기준점13개</description>
    <Placemark><name>▶ P1 #163 중심</name>
      <description><![CDATA[P1 국가격자 후보지<br>점수: 58.4점<br>좌표: 37.0231°N, 129.1752°E<br>서브격자 후보: 5개 / 근접 기준점: 13개<br><br><a href="https://map.naver.com/v5/search/37.0231,129.1752">📍 네이버 지도</a>]]></description>
      <styleUrl>#center</styleUrl>
      <Point><coordinates>129.1752,37.0231,0</coordinates></Point>
    </Placemark>
    <Folder><name>📍 서브격자 후보 (5개)</name>
      <Placemark><name>#1 90.4점</name>
        <description><![CDATA[사이트 #163 / 서브격자 1위
종합점수: 90.4점
좌표: 37.031467°N, 129.220353°E

② 지형: 13.2 / 15점 (경사 3.68°)
③ 전력·철도: 14.5 / 15점
④ 인구이격: 13.9 / 15점
⑤ 모델기여: 8.0 / 10점
⑥ 암상: 4.7 / 5점
도로: 990m

네이버: https://map.naver.com/v5/search/37.031467,129.220353
카카오: https://map.kakao.com/link/map/P163-1,37.031467,129.220353]]></description>
        <styleUrl>#top1</styleUrl>
        <Point><coordinates>129.220353,37.031467,0</coordinates></Point>
      </Placemark>
      <Placemark><name>#2 89.5점</name>
        <description><![CDATA[사이트 #163 / 서브격자 2위
종합점수: 89.5점
좌표: 37.050290°N, 129.164552°E

② 지형: 11.9 / 15점 (경사 6.14°)
③ 전력·철도: 14.2 / 15점
④ 인구이격: 14.8 / 15점
⑤ 모델기여: 8.0 / 10점
⑥ 암상: 4.7 / 5점
도로: 1025m

네이버: https://map.naver.com/v5/search/37.05029,129.164552
카카오: https://map.kakao.com/link/map/P163-2,37.05029,129.164552]]></description>
        <styleUrl>#top5</styleUrl>
        <Point><coordinates>129.164552,37.05029,0</coordinates></Point>
      </Placemark>
      <Placemark><name>#3 89.1점</name>
        <description><![CDATA[사이트 #163 / 서브격자 3위
종합점수: 89.1점
좌표: 37.059142°N, 129.175992°E

② 지형: 11.4 / 15점 (경사 7.16°)
③ 전력·철도: 14.5 / 15점
④ 인구이격: 14.9 / 15점
⑤ 모델기여: 8.0 / 10점
⑥ 암상: 4.7 / 5점
도로: 1789m

네이버: https://map.naver.com/v5/search/37.059142,129.175992
카카오: https://map.kakao.com/link/map/P163-3,37.059142,129.175992]]></description>
        <styleUrl>#top5</styleUrl>
        <Point><coordinates>129.175992,37.059142,0</coordinates></Point>
      </Placemark>
      <Placemark><name>#4 89.0점</name>
        <description><![CDATA[사이트 #163 / 서브격자 4위
종합점수: 89.0점
좌표: 37.031630°N, 129.209114°E

② 지형: 12.5 / 15점 (경사 5.07°)
③ 전력·철도: 14.4 / 15점
④ 인구이격: 13.8 / 15점
⑤ 모델기여: 8.0 / 10점
⑥ 암상: 4.7 / 5점
도로: 775m

네이버: https://map.naver.com/v5/search/37.03163,129.209114
카카오: https://map.kakao.com/link/map/P163-4,37.03163,129.209114]]></description>
        <styleUrl>#top5</styleUrl>
        <Point><coordinates>129.209114,37.03163,0</coordinates></Point>
      </Placemark>
      <Placemark><name>#5 88.6점</name>
        <description><![CDATA[사이트 #163 / 서브격자 5위
종합점수: 88.6점
좌표: 37.041279°N, 129.164356°E

② 지형: 11.7 / 15점 (경사 6.53°)
③ 전력·철도: 14.1 / 15점
④ 인구이격: 14.6 / 15점
⑤ 모델기여: 8.0 / 10점
⑥ 암상: 4.8 / 5점
도로: 1850m

네이버: https://map.naver.com/v5/search/37.041279,129.164356
카카오: https://map.kakao.com/link/map/P163-5,37.041279,129.164356]]></description>
        <styleUrl>#top5</styleUrl>
        <Point><coordinates>129.164356,37.041279,0</coordinates></Point>
      </Placemark>
    </Folder>
    <Folder><name>📐 근접 기준점 (13개)</name>
      <Placemark><name>△ 장성317</name>
        <description><![CDATA[<b>삼각점</b><br>명칭: 장성317<br>P1 #163 원점에서 1519m<br>좌표: 37.016333°N, 129.160367°E<br><br><a href="https://map.naver.com/v5/search/37.0163326666663,129.16036652778">📍 네이버 지도</a>]]></description>
        <styleUrl>#tri</styleUrl>
        <Point><coordinates>129.16036652778,37.0163326666663,0</coordinates></Point>
      </Placemark>
      <Placemark><name>△ 장성457</name>
        <description><![CDATA[<b>삼각점</b><br>명칭: 장성457<br>P1 #163 원점에서 1704m<br>좌표: 37.019990°N, 129.193953°E<br><br><a href="https://map.naver.com/v5/search/37.0199899166663,129.193953055558">📍 네이버 지도</a>]]></description>
        <styleUrl>#tri</styleUrl>
        <Point><coordinates>129.193953055558,37.0199899166663,0</coordinates></Point>
      </Placemark>
      <Placemark><name>△ 장성318</name>
        <description><![CDATA[<b>삼각점</b><br>명칭: 장성318<br>P1 #163 원점에서 2009m<br>좌표: 37.005178°N, 129.178395°E<br><br><a href="https://map.naver.com/v5/search/37.005178194444,129.178395444446">📍 네이버 지도</a>]]></description>
        <styleUrl>#tri</styleUrl>
        <Point><coordinates>129.178395444446,37.005178194444,0</coordinates></Point>
      </Placemark>
      <Placemark><name>△ 장성456</name>
        <description><![CDATA[<b>삼각점</b><br>명칭: 장성456<br>P1 #163 원점에서 2266m<br>좌표: 37.041848°N, 129.185290°E<br><br><a href="https://map.naver.com/v5/search/37.0418479166663,129.185290166669">📍 네이버 지도</a>]]></description>
        <styleUrl>#tri</styleUrl>
        <Point><coordinates>129.185290166669,37.0418479166663,0</coordinates></Point>
      </Placemark>
      <Placemark><name>△ 소천415</name>
        <description><![CDATA[<b>삼각점</b><br>명칭: 소천415<br>P1 #163 원점에서 3490m<br>좌표: 37.001512°N, 129.146671°E<br><br><a href="https://map.naver.com/v5/search/37.0015120555552,129.146671000002">📍 네이버 지도</a>]]></description>
        <styleUrl>#tri</styleUrl>
        <Point><coordinates>129.146671000002,37.0015120555552,0</coordinates></Point>
      </Placemark>
      <Placemark><name>△ 장성455</name>
        <description><![CDATA[<b>삼각점</b><br>명칭: 장성455<br>P1 #163 원점에서 3955m<br>좌표: 37.058733°N, 129.173997°E<br><br><a href="https://map.naver.com/v5/search/37.0587334722218,129.173996916669">📍 네이버 지도</a>]]></description>
        <styleUrl>#tri</styleUrl>
        <Point><coordinates>129.173996916669,37.0587334722218,0</coordinates></Point>
      </Placemark>
      <Placemark><name>△ 소천418</name>
        <description><![CDATA[<b>삼각점</b><br>명칭: 소천418<br>P1 #163 원점에서 4038m<br>좌표: 36.986933°N, 129.180182°E<br><br><a href="https://map.naver.com/v5/search/36.9869333333329,129.180182055558">📍 네이버 지도</a>]]></description>
        <styleUrl>#tri</styleUrl>
        <Point><coordinates>129.180182055558,36.9869333333329,0</coordinates></Point>
      </Placemark>
      <Placemark><name>△ 장성319</name>
        <description><![CDATA[<b>삼각점</b><br>명칭: 장성319<br>P1 #163 원점에서 4084m<br>좌표: 37.043033°N, 129.213790°E<br><br><a href="https://map.naver.com/v5/search/37.0430328333329,129.213789694447">📍 네이버 지도</a>]]></description>
        <styleUrl>#tri</styleUrl>
        <Point><coordinates>129.213789694447,37.0430328333329,0</coordinates></Point>
      </Placemark>
      <Placemark><name>△ 장성460</name>
        <description><![CDATA[<b>삼각점</b><br>명칭: 장성460<br>P1 #163 원점에서 4226m<br>좌표: 37.009335°N, 129.219478°E<br><br><a href="https://map.naver.com/v5/search/37.0093351111107,129.219478444447">📍 네이버 지도</a>]]></description>
        <styleUrl>#tri</styleUrl>
        <Point><coordinates>129.219478444447,37.0093351111107,0</coordinates></Point>
      </Placemark>
      <Placemark><name>△ 장성461</name>
        <description><![CDATA[<b>삼각점</b><br>명칭: 장성461<br>P1 #163 원점에서 4347m<br>좌표: 37.024006°N, 129.224041°E<br><br><a href="https://map.naver.com/v5/search/37.0240059722218,129.22404102778">📍 네이버 지도</a>]]></description>
        <styleUrl>#tri</styleUrl>
        <Point><coordinates>129.22404102778,37.0240059722218,0</coordinates></Point>
      </Placemark>
      <Placemark><name>△ 장성452</name>
        <description><![CDATA[<b>삼각점</b><br>명칭: 장성452<br>P1 #163 원점에서 4704m<br>좌표: 37.011534°N, 129.124339°E<br><br><a href="https://map.naver.com/v5/search/37.0115336666663,129.124338722224">📍 네이버 지도</a>]]></description>
        <styleUrl>#tri</styleUrl>
        <Point><coordinates>129.124338722224,37.0115336666663,0</coordinates></Point>
      </Placemark>
      <Placemark><name>△ 소천22</name>
        <description><![CDATA[<b>삼각점</b><br>명칭: 소천22<br>P1 #163 원점에서 4924m<br>좌표: 36.980926°N, 129.158004°E<br><br><a href="https://map.naver.com/v5/search/36.9809257499996,129.158004416669">📍 네이버 지도</a>]]></description>
        <styleUrl>#tri</styleUrl>
        <Point><coordinates>129.158004416669,36.9809257499996,0</coordinates></Point>
      </Placemark>
      <Placemark><name>△ 장성458</name>
        <description><![CDATA[<b>삼각점</b><br>명칭: 장성458<br>P1 #163 원점에서 4993m<br>좌표: 37.061867°N, 129.203703°E<br><br><a href="https://map.naver.com/v5/search/37.0618667499996,129.203703388891">📍 네이버 지도</a>]]></description>
        <styleUrl>#tri</styleUrl>
        <Point><coordinates>129.203703388891,37.0618667499996,0</coordinates></Point>
      </Placemark>
    </Folder>
  </Folder>
  <Folder>
    <name>#164 (37.20°N 129.18°E) 국가58.7점</name>
    <description>서브격자 상위5개 / 근접 기준점17개</description>
    <Placemark><name>▶ P1 #164 중심</name>
      <description><![CDATA[P1 국가격자 후보지<br>점수: 58.7점<br>좌표: 37.20331°N, 129.17918°E<br>서브격자 후보: 5개 / 근접 기준점: 17개<br><br><a href="https://map.naver.com/v5/search/37.20331,129.17918">📍 네이버 지도</a>]]></description>
      <styleUrl>#center</styleUrl>
      <Point><coordinates>129.17918,37.20331,0</coordinates></Point>
    </Placemark>
    <Folder><name>📍 서브격자 후보 (5개)</name>
      <Placemark><name>#1 90.9점</name>
        <description><![CDATA[사이트 #164 / 서브격자 1위
종합점수: 90.9점
좌표: 37.211999°N, 129.201911°E

② 지형: 12.5 / 15점 (경사 4.95°)
③ 전력·철도: 14.3 / 15점
④ 인구이격: 15.0 / 15점
⑤ 모델기여: 8.0 / 10점
⑥ 암상: 4.8 / 5점
도로: 1875m

네이버: https://map.naver.com/v5/search/37.211999,129.201911
카카오: https://map.kakao.com/link/map/P164-1,37.211999,129.201911]]></description>
        <styleUrl>#top1</styleUrl>
        <Point><coordinates>129.201911,37.211999,0</coordinates></Point>
      </Placemark>
      <Placemark><name>#2 90.5점</name>
        <description><![CDATA[사이트 #164 / 서브격자 2위
종합점수: 90.5점
좌표: 37.221170°N, 129.190846°E

② 지형: 13.4 / 15점 (경사 3.23°)
③ 전력·철도: 14.2 / 15점
④ 인구이격: 14.0 / 15점
⑤ 모델기여: 8.0 / 10점
⑥ 암상: 4.7 / 5점
도로: 1544m

네이버: https://map.naver.com/v5/search/37.22117,129.190846
카카오: https://map.kakao.com/link/map/P164-2,37.22117,129.190846]]></description>
        <styleUrl>#top5</styleUrl>
        <Point><coordinates>129.190846,37.22117,0</coordinates></Point>
      </Placemark>
      <Placemark><name>#3 90.2점</name>
        <description><![CDATA[사이트 #164 / 서브격자 3위
종합점수: 90.2점
좌표: 37.202988°N, 129.201708°E

② 지형: 12.2 / 15점 (경사 5.56°)
③ 전력·철도: 14.2 / 15점
④ 인구이격: 15.0 / 15점
⑤ 모델기여: 8.0 / 10점
⑥ 암상: 4.7 / 5점
도로: 1845m

네이버: https://map.naver.com/v5/search/37.202988,129.201708
카카오: https://map.kakao.com/link/map/P164-3,37.202988,129.201708]]></description>
        <styleUrl>#top5</styleUrl>
        <Point><coordinates>129.201708,37.202988,0</coordinates></Point>
      </Placemark>
      <Placemark><name>#4 88.6점</name>
        <description><![CDATA[사이트 #164 / 서브격자 4위
종합점수: 88.6점
좌표: 37.212160°N, 129.190645°E

② 지형: 11.9 / 15점 (경사 6.29°)
③ 전력·철도: 14.1 / 15점
④ 인구이격: 14.5 / 15점
⑤ 모델기여: 8.0 / 10점
⑥ 암상: 4.7 / 5점
도로: 967m

네이버: https://map.naver.com/v5/search/37.21216,129.190645
카카오: https://map.kakao.com/link/map/P164-4,37.21216,129.190645]]></description>
        <styleUrl>#top5</styleUrl>
        <Point><coordinates>129.190645,37.21216,0</coordinates></Point>
      </Placemark>
      <Placemark><name>#5 88.4점</name>
        <description><![CDATA[사이트 #164 / 서브격자 5위
종합점수: 88.4점
좌표: 37.203310°N, 129.179180°E

② 지형: 12.3 / 15점 (경사 5.39°)
③ 전력·철도: 13.7 / 15점
④ 인구이격: 14.5 / 15점
⑤ 모델기여: 8.0 / 10점
⑥ 암상: 4.5 / 5점
도로: 351m

네이버: https://map.naver.com/v5/search/37.20331,129.17918
카카오: https://map.kakao.com/link/map/P164-5,37.20331,129.17918]]></description>
        <styleUrl>#top5</styleUrl>
        <Point><coordinates>129.17918,37.20331,0</coordinates></Point>
      </Placemark>
    </Folder>
    <Folder><name>📐 근접 기준점 (17개)</name>
      <Placemark><name>△ 장성304</name>
        <description><![CDATA[<b>삼각점</b><br>명칭: 장성304<br>P1 #164 원점에서 569m<br>좌표: 37.201588°N, 129.185221°E<br><br><a href="https://map.naver.com/v5/search/37.2015883055552,129.185220944447">📍 네이버 지도</a>]]></description>
        <styleUrl>#tri</styleUrl>
        <Point><coordinates>129.185220944447,37.2015883055552,0</coordinates></Point>
      </Placemark>
      <Placemark><name>△ 장성419</name>
        <description><![CDATA[<b>삼각점</b><br>명칭: 장성419<br>P1 #164 원점에서 2020m<br>좌표: 37.216881°N, 129.164010°E<br><br><a href="https://map.naver.com/v5/search/37.2168809722219,129.164009611113">📍 네이버 지도</a>]]></description>
        <styleUrl>#tri</styleUrl>
        <Point><coordinates>129.164009611113,37.2168809722219,0</coordinates></Point>
      </Placemark>
      <Placemark><name>△ 장성420</name>
        <description><![CDATA[<b>삼각점</b><br>명칭: 장성420<br>P1 #164 원점에서 2209m<br>좌표: 37.186672°N, 129.165514°E<br><br><a href="https://map.naver.com/v5/search/37.1866722222219,129.165514194446">📍 네이버 지도</a>]]></description>
        <styleUrl>#tri</styleUrl>
        <Point><coordinates>129.165514194446,37.1866722222219,0</coordinates></Point>
      </Placemark>
      <Placemark><name>△ 장성417</name>
        <description><![CDATA[<b>삼각점</b><br>명칭: 장성417<br>P1 #164 원점에서 2366m<br>좌표: 37.200754°N, 129.152720°E<br><br><a href="https://map.naver.com/v5/search/37.200754083333,129.152719944446">📍 네이버 지도</a>]]></description>
        <styleUrl>#tri</styleUrl>
        <Point><coordinates>129.152719944446,37.200754083333,0</coordinates></Point>
      </Placemark>
      <Placemark><name>△ 장성423</name>
        <description><![CDATA[<b>삼각점</b><br>명칭: 장성423<br>P1 #164 원점에서 2520m<br>좌표: 37.186740°N, 129.198598°E<br><br><a href="https://map.naver.com/v5/search/37.1867402499997,129.198598361113">📍 네이버 지도</a>]]></description>
        <styleUrl>#tri</styleUrl>
        <Point><coordinates>129.198598361113,37.1867402499997,0</coordinates></Point>
      </Placemark>
      <Placemark><name>△ 장성422</name>
        <description><![CDATA[<b>삼각점</b><br>명칭: 장성422<br>P1 #164 원점에서 2801m<br>좌표: 37.222922°N, 129.199057°E<br><br><a href="https://map.naver.com/v5/search/37.2229219999997,129.199056500002">📍 네이버 지도</a>]]></description>
        <styleUrl>#tri</styleUrl>
        <Point><coordinates>129.199056500002,37.2229219999997,0</coordinates></Point>
      </Placemark>
      <Placemark><name>◎ U0337</name>
        <description><![CDATA[<b>통합기준점</b><br>명칭: U0337<br>P1 #164 원점에서 3034m<br>좌표: 37.208364°N, 129.145585°E<br><br><a href="https://map.naver.com/v5/search/37.2083642777774,129.145585330557">📍 네이버 지도</a>]]></description>
        <styleUrl>#uni</styleUrl>
        <Point><coordinates>129.145585330557,37.2083642777774,0</coordinates></Point>
      </Placemark>
      <Placemark><name>△ 장성416</name>
        <description><![CDATA[<b>삼각점</b><br>명칭: 장성416<br>P1 #164 원점에서 3270m<br>좌표: 37.188256°N, 129.147513°E<br><br><a href="https://map.naver.com/v5/search/37.1882559722219,129.147513333335">📍 네이버 지도</a>]]></description>
        <styleUrl>#tri</styleUrl>
        <Point><coordinates>129.147513333335,37.1882559722219,0</coordinates></Point>
      </Placemark>
      <Placemark><name>△ 장성424</name>
        <description><![CDATA[<b>삼각점</b><br>명칭: 장성424<br>P1 #164 원점에서 3289m<br>좌표: 37.207093°N, 129.215929°E<br><br><a href="https://map.naver.com/v5/search/37.2070929999997,129.215929416669">📍 네이버 지도</a>]]></description>
        <styleUrl>#tri</styleUrl>
        <Point><coordinates>129.215929416669,37.2070929999997,0</coordinates></Point>
      </Placemark>
      <Placemark><name>◎ U장성05</name>
        <description><![CDATA[<b>통합기준점</b><br>명칭: U장성05<br>P1 #164 원점에서 3471m<br>좌표: 37.232691°N, 129.165758°E<br><br><a href="https://map.naver.com/v5/search/37.2326909277775,129.165757983335">📍 네이버 지도</a>]]></description>
        <styleUrl>#uni</styleUrl>
        <Point><coordinates>129.165757983335,37.2326909277775,0</coordinates></Point>
      </Placemark>
      <Placemark><name>△ 장성421</name>
        <description><![CDATA[<b>삼각점</b><br>명칭: 장성421<br>P1 #164 원점에서 3660m<br>좌표: 37.235976°N, 129.184880°E<br><br><a href="https://map.naver.com/v5/search/37.2359764444441,129.184879805558">📍 네이버 지도</a>]]></description>
        <styleUrl>#tri</styleUrl>
        <Point><coordinates>129.184879805558,37.2359764444441,0</coordinates></Point>
      </Placemark>
      <Placemark><name>◎ U장성06</name>
        <description><![CDATA[<b>통합기준점</b><br>명칭: U장성06<br>P1 #164 원점에서 3711m<br>좌표: 37.170286°N, 129.172606°E<br><br><a href="https://map.naver.com/v5/search/37.170285908333,129.172606286113">📍 네이버 지도</a>]]></description>
        <styleUrl>#uni</styleUrl>
        <Point><coordinates>129.172606286113,37.170285908333,0</coordinates></Point>
      </Placemark>
      <Placemark><name>△ 장성418</name>
        <description><![CDATA[<b>삼각점</b><br>명칭: 장성418<br>P1 #164 원점에서 4199m<br>좌표: 37.172001°N, 129.152612°E<br><br><a href="https://map.naver.com/v5/search/37.1720007499997,129.152611638891">📍 네이버 지도</a>]]></description>
        <styleUrl>#tri</styleUrl>
        <Point><coordinates>129.152611638891,37.1720007499997,0</coordinates></Point>
      </Placemark>
      <Placemark><name>◎ U장성04</name>
        <description><![CDATA[<b>통합기준점</b><br>명칭: U장성04<br>P1 #164 원점에서 4619m<br>좌표: 37.180222°N, 129.135892°E<br><br><a href="https://map.naver.com/v5/search/37.180222433333,129.135892147224">📍 네이버 지도</a>]]></description>
        <styleUrl>#uni</styleUrl>
        <Point><coordinates>129.135892147224,37.180222433333,0</coordinates></Point>
      </Placemark>
      <Placemark><name>△ 장성414</name>
        <description><![CDATA[<b>삼각점</b><br>명칭: 장성414<br>P1 #164 원점에서 4801m<br>좌표: 37.188225°N, 129.128490°E<br><br><a href="https://map.naver.com/v5/search/37.1882251388885,129.128489750002">📍 네이버 지도</a>]]></description>
        <styleUrl>#tri</styleUrl>
        <Point><coordinates>129.128489750002,37.1882251388885,0</coordinates></Point>
      </Placemark>
      <Placemark><name>△ 장성11</name>
        <description><![CDATA[<b>삼각점</b><br>명칭: 장성11<br>P1 #164 원점에서 4861m<br>좌표: 37.224739°N, 129.131408°E<br><br><a href="https://map.naver.com/v5/search/37.2247389999997,129.131408388891">📍 네이버 지도</a>]]></description>
        <styleUrl>#tri</styleUrl>
        <Point><coordinates>129.131408388891,37.2247389999997,0</coordinates></Point>
      </Placemark>
      <Placemark><name>△ 장성412</name>
        <description><![CDATA[<b>삼각점</b><br>명칭: 장성412<br>P1 #164 원점에서 4871m<br>좌표: 37.207297°N, 129.124532°E<br><br><a href="https://map.naver.com/v5/search/37.2072969166663,129.124532277779">📍 네이버 지도</a>]]></description>
        <styleUrl>#tri</styleUrl>
        <Point><coordinates>129.124532277779,37.2072969166663,0</coordinates></Point>
      </Placemark>
    </Folder>
  </Folder>
  <Folder>
    <name>#167 (36.30°N 129.27°E) 국가59.0점</name>
    <description>서브격자 상위5개 / 근접 기준점12개</description>
    <Placemark><name>▶ P1 #167 중심</name>
      <description><![CDATA[P1 국가격자 후보지<br>점수: 59.0점<br>좌표: 36.30061°N, 129.27098°E<br>서브격자 후보: 5개 / 근접 기준점: 12개<br><br><a href="https://map.naver.com/v5/search/36.30061,129.27098">📍 네이버 지도</a>]]></description>
      <styleUrl>#center</styleUrl>
      <Point><coordinates>129.27098,36.30061,0</coordinates></Point>
    </Placemark>
    <Folder><name>📍 서브격자 후보 (5개)</name>
      <Placemark><name>#1 94.9점</name>
        <description><![CDATA[사이트 #167 / 서브격자 1위
종합점수: 94.9점
좌표: 36.301422°N, 129.215317°E

② 지형: 12.6 / 15점 (경사 4.72°)
③ 전력·철도: 15.0 / 15점
④ 인구이격: 15.0 / 15점
⑤ 모델기여: 10.0 / 10점
⑥ 암상: 4.3 / 5점
도로: 1378m

네이버: https://map.naver.com/v5/search/36.301422,129.215317
카카오: https://map.kakao.com/link/map/P167-1,36.301422,129.215317]]></description>
        <styleUrl>#top1</styleUrl>
        <Point><coordinates>129.215317,36.301422,0</coordinates></Point>
      </Placemark>
      <Placemark><name>#2 92.3점</name>
        <description><![CDATA[사이트 #167 / 서브격자 2위
종합점수: 92.3점
좌표: 36.309949°N, 129.248916°E

② 지형: 12.8 / 15점 (경사 4.41°)
③ 전력·철도: 14.4 / 15점
④ 인구이격: 13.3 / 15점
⑤ 모델기여: 10.0 / 10점
⑥ 암상: 4.8 / 5점
도로: 169m

네이버: https://map.naver.com/v5/search/36.309949,129.248916
카카오: https://map.kakao.com/link/map/P167-2,36.309949,129.248916]]></description>
        <styleUrl>#top5</styleUrl>
        <Point><coordinates>129.248916,36.309949,0</coordinates></Point>
      </Placemark>
      <Placemark><name>#3 91.4점</name>
        <description><![CDATA[사이트 #167 / 서브격자 3위
종합점수: 91.4점
좌표: 36.292089°N, 129.237382°E

② 지형: 12.6 / 15점 (경사 4.86°)
③ 전력·철도: 14.6 / 15점
④ 인구이격: 13.5 / 15점
⑤ 모델기여: 10.0 / 10점
⑥ 암상: 4.2 / 5점
도로: 722m

네이버: https://map.naver.com/v5/search/36.292089,129.237382
카카오: https://map.kakao.com/link/map/P167-3,36.292089,129.237382]]></description>
        <styleUrl>#top5</styleUrl>
        <Point><coordinates>129.237382,36.292089,0</coordinates></Point>
      </Placemark>
      <Placemark><name>#4 91.1점</name>
        <description><![CDATA[사이트 #167 / 서브격자 4위
종합점수: 91.1점
좌표: 36.310112°N, 129.237782°E

② 지형: 11.5 / 15점 (경사 7.01°)
③ 전력·철도: 14.6 / 15점
④ 인구이격: 13.7 / 15점
⑤ 모델기여: 10.0 / 10점
⑥ 암상: 4.8 / 5점
도로: 340m

네이버: https://map.naver.com/v5/search/36.310112,129.237782
카카오: https://map.kakao.com/link/map/P167-4,36.310112,129.237782]]></description>
        <styleUrl>#top5</styleUrl>
        <Point><coordinates>129.237782,36.310112,0</coordinates></Point>
      </Placemark>
      <Placemark><name>#5 90.8점</name>
        <description><![CDATA[사이트 #167 / 서브격자 5위
종합점수: 90.8점
좌표: 36.301262°N, 129.226449°E

② 지형: 10.7 / 15점 (경사 8.67°)
③ 전력·철도: 14.8 / 15점
④ 인구이격: 14.4 / 15점
⑤ 모델기여: 10.0 / 10점
⑥ 암상: 4.5 / 5점
도로: 1699m

네이버: https://map.naver.com/v5/search/36.301262,129.226449
카카오: https://map.kakao.com/link/map/P167-5,36.301262,129.226449]]></description>
        <styleUrl>#top5</styleUrl>
        <Point><coordinates>129.226449,36.301262,0</coordinates></Point>
      </Placemark>
    </Folder>
    <Folder><name>📐 근접 기준점 (12개)</name>
      <Placemark><name>△ 영덕434</name>
        <description><![CDATA[<b>삼각점</b><br>명칭: 영덕434<br>P1 #167 원점에서 1254m<br>좌표: 36.309832°N, 129.262907°E<br><br><a href="https://map.naver.com/v5/search/36.3098323611105,129.262907111114">📍 네이버 지도</a>]]></description>
        <styleUrl>#tri</styleUrl>
        <Point><coordinates>129.262907111114,36.3098323611105,0</coordinates></Point>
      </Placemark>
      <Placemark><name>△ 영덕435</name>
        <description><![CDATA[<b>삼각점</b><br>명칭: 영덕435<br>P1 #167 원점에서 1990m<br>좌표: 36.306146°N, 129.292055°E<br><br><a href="https://map.naver.com/v5/search/36.306146416666,129.292054888892">📍 네이버 지도</a>]]></description>
        <styleUrl>#tri</styleUrl>
        <Point><coordinates>129.292054888892,36.306146416666,0</coordinates></Point>
      </Placemark>
      <Placemark><name>◎ U영덕81</name>
        <description><![CDATA[<b>통합기준점</b><br>명칭: U영덕81<br>P1 #167 원점에서 2122m<br>좌표: 36.291294°N, 129.250348°E<br><br><a href="https://map.naver.com/v5/search/36.2912936777771,129.250348058336">📍 네이버 지도</a>]]></description>
        <styleUrl>#uni</styleUrl>
        <Point><coordinates>129.250348058336,36.2912936777771,0</coordinates></Point>
      </Placemark>
      <Placemark><name>△ 영덕432</name>
        <description><![CDATA[<b>삼각점</b><br>명칭: 영덕432<br>P1 #167 원점에서 2421m<br>좌표: 36.288090°N, 129.248908°E<br><br><a href="https://map.naver.com/v5/search/36.2880902499993,129.248908361114">📍 네이버 지도</a>]]></description>
        <styleUrl>#tri</styleUrl>
        <Point><coordinates>129.248908361114,36.2880902499993,0</coordinates></Point>
      </Placemark>
      <Placemark><name>△ 청송470</name>
        <description><![CDATA[<b>삼각점</b><br>명칭: 청송470<br>P1 #167 원점에서 3447m<br>좌표: 36.314310°N, 129.236530°E<br><br><a href="https://map.naver.com/v5/search/36.3143095277771,129.236530333336">📍 네이버 지도</a>]]></description>
        <styleUrl>#tri</styleUrl>
        <Point><coordinates>129.236530333336,36.3143095277771,0</coordinates></Point>
      </Placemark>
      <Placemark><name>◎ U영덕61</name>
        <description><![CDATA[<b>통합기준점</b><br>명칭: U영덕61<br>P1 #167 원점에서 3627m<br>좌표: 36.333293°N, 129.270496°E<br><br><a href="https://map.naver.com/v5/search/36.3332929805549,129.270495855558">📍 네이버 지도</a>]]></description>
        <styleUrl>#uni</styleUrl>
        <Point><coordinates>129.270495855558,36.3332929805549,0</coordinates></Point>
      </Placemark>
      <Placemark><name>△ 영덕308</name>
        <description><![CDATA[<b>삼각점</b><br>명칭: 영덕308<br>P1 #167 원점에서 3784m<br>좌표: 36.289451°N, 129.310790°E<br><br><a href="https://map.naver.com/v5/search/36.2894510833327,129.310790305559">📍 네이버 지도</a>]]></description>
        <styleUrl>#tri</styleUrl>
        <Point><coordinates>129.310790305559,36.2894510833327,0</coordinates></Point>
      </Placemark>
      <Placemark><name>△ 영덕25</name>
        <description><![CDATA[<b>삼각점</b><br>명칭: 영덕25<br>P1 #167 원점에서 3845m<br>좌표: 36.333249°N, 129.285373°E<br><br><a href="https://map.naver.com/v5/search/36.3332489722216,129.285373000003">📍 네이버 지도</a>]]></description>
        <styleUrl>#tri</styleUrl>
        <Point><coordinates>129.285373000003,36.3332489722216,0</coordinates></Point>
      </Placemark>
      <Placemark><name>△ 영덕433</name>
        <description><![CDATA[<b>삼각점</b><br>명칭: 영덕433<br>P1 #167 원점에서 4233m<br>좌표: 36.336149°N, 129.253833°E<br><br><a href="https://map.naver.com/v5/search/36.3361486944438,129.253833222225">📍 네이버 지도</a>]]></description>
        <styleUrl>#tri</styleUrl>
        <Point><coordinates>129.253833222225,36.3361486944438,0</coordinates></Point>
      </Placemark>
      <Placemark><name>△ 영덕11</name>
        <description><![CDATA[<b>삼각점</b><br>명칭: 영덕11<br>P1 #167 원점에서 4287m<br>좌표: 36.263328°N, 129.258466°E<br><br><a href="https://map.naver.com/v5/search/36.2633276388882,129.258465944447">📍 네이버 지도</a>]]></description>
        <styleUrl>#tri</styleUrl>
        <Point><coordinates>129.258465944447,36.2633276388882,0</coordinates></Point>
      </Placemark>
      <Placemark><name>△ 영덕436</name>
        <description><![CDATA[<b>삼각점</b><br>명칭: 영덕436<br>P1 #167 원점에서 4289m<br>좌표: 36.316963°N, 129.314252°E<br><br><a href="https://map.naver.com/v5/search/36.316963416666,129.314251500003">📍 네이버 지도</a>]]></description>
        <styleUrl>#tri</styleUrl>
        <Point><coordinates>129.314251500003,36.316963416666,0</coordinates></Point>
      </Placemark>
      <Placemark><name>△ 청송314</name>
        <description><![CDATA[<b>삼각점</b><br>명칭: 청송314<br>P1 #167 원점에서 4711m<br>좌표: 36.287811°N, 129.220975°E<br><br><a href="https://map.naver.com/v5/search/36.2878109999994,129.220975444447">📍 네이버 지도</a>]]></description>
        <styleUrl>#tri</styleUrl>
        <Point><coordinates>129.220975444447,36.2878109999994,0</coordinates></Point>
      </Placemark>
    </Folder>
  </Folder>
  <Folder>
    <name>#170 (36.75°N 129.28°E) 국가58.3점</name>
    <description>서브격자 상위5개 / 근접 기준점11개</description>
    <Placemark><name>▶ P1 #170 중심</name>
      <description><![CDATA[P1 국가격자 후보지<br>점수: 58.3점<br>좌표: 36.75115°N, 129.28128°E<br>서브격자 후보: 5개 / 근접 기준점: 11개<br><br><a href="https://map.naver.com/v5/search/36.75115,129.28128">📍 네이버 지도</a>]]></description>
      <styleUrl>#center</styleUrl>
      <Point><coordinates>129.28128,36.75115,0</coordinates></Point>
    </Placemark>
    <Folder><name>📍 서브격자 후보 (5개)</name>
      <Placemark><name>#1 94.9점</name>
        <description><![CDATA[사이트 #170 / 서브격자 1위
종합점수: 94.9점
좌표: 36.760328°N, 129.270290°E

② 지형: 13.3 / 15점 (경사 3.44°)
③ 전력·철도: 15.0 / 15점
④ 인구이격: 14.0 / 15점
⑤ 모델기여: 10.0 / 10점
⑥ 암상: 4.7 / 5점
도로: 580m

네이버: https://map.naver.com/v5/search/36.760328,129.27029
카카오: https://map.kakao.com/link/map/P170-1,36.760328,129.27029]]></description>
        <styleUrl>#top1</styleUrl>
        <Point><coordinates>129.27029,36.760328,0</coordinates></Point>
      </Placemark>
      <Placemark><name>#2 93.4점</name>
        <description><![CDATA[사이트 #170 / 서브격자 2위
종합점수: 93.4점
좌표: 36.741802°N, 129.303463°E

② 지형: 11.8 / 15점 (경사 6.47°)
③ 전력·철도: 15.0 / 15점
④ 인구이격: 14.7 / 15점
⑤ 모델기여: 10.0 / 10점
⑥ 암상: 4.6 / 5점
도로: 1719m

네이버: https://map.naver.com/v5/search/36.741802,129.303463
카카오: https://map.kakao.com/link/map/P170-2,36.741802,129.303463]]></description>
        <styleUrl>#top5</styleUrl>
        <Point><coordinates>129.303463,36.741802,0</coordinates></Point>
      </Placemark>
      <Placemark><name>#3 93.2점</name>
        <description><![CDATA[사이트 #170 / 서브격자 3위
종합점수: 93.2점
좌표: 36.769338°N, 129.270497°E

② 지형: 13.1 / 15점 (경사 3.89°)
③ 전력·철도: 15.0 / 15점
④ 인구이격: 13.3 / 15점
⑤ 모델기여: 10.0 / 10점
⑥ 암상: 4.6 / 5점
도로: 406m

네이버: https://map.naver.com/v5/search/36.769338,129.270497
카카오: https://map.kakao.com/link/map/P170-3,36.769338,129.270497]]></description>
        <styleUrl>#top5</styleUrl>
        <Point><coordinates>129.270497,36.769338,0</coordinates></Point>
      </Placemark>
      <Placemark><name>#4 92.0점</name>
        <description><![CDATA[사이트 #170 / 서브격자 4위
종합점수: 92.0점
좌표: 36.742638°N, 129.247484°E

② 지형: 11.9 / 15점 (경사 6.19°)
③ 전력·철도: 15.0 / 15점
④ 인구이격: 13.6 / 15점
⑤ 모델기여: 10.0 / 10점
⑥ 암상: 4.7 / 5점
도로: 1771m

네이버: https://map.naver.com/v5/search/36.742638,129.247484
카카오: https://map.kakao.com/link/map/P170-4,36.742638,129.247484]]></description>
        <styleUrl>#top5</styleUrl>
        <Point><coordinates>129.247484,36.742638,0</coordinates></Point>
      </Placemark>
      <Placemark><name>#5 90.9점</name>
        <description><![CDATA[사이트 #170 / 서브격자 5위
종합점수: 90.9점
좌표: 36.786854°N, 129.304519°E

② 지형: 12.0 / 15점 (경사 6.06°)
③ 전력·철도: 15.0 / 15점
④ 인구이격: 13.6 / 15점
⑤ 모델기여: 10.0 / 10점
⑥ 암상: 3.9 / 5점
도로: 1718m

네이버: https://map.naver.com/v5/search/36.786854,129.304519
카카오: https://map.kakao.com/link/map/P170-5,36.786854,129.304519]]></description>
        <styleUrl>#top5</styleUrl>
        <Point><coordinates>129.304519,36.786854,0</coordinates></Point>
      </Placemark>
    </Folder>
    <Folder><name>📐 근접 기준점 (11개)</name>
      <Placemark><name>△ 울진438</name>
        <description><![CDATA[<b>삼각점</b><br>명칭: 울진438<br>P1 #170 원점에서 875m<br>좌표: 36.753677°N, 129.290566°E<br><br><a href="https://map.naver.com/v5/search/36.7536771944439,129.290565861114">📍 네이버 지도</a>]]></description>
        <styleUrl>#tri</styleUrl>
        <Point><coordinates>129.290565861114,36.7536771944439,0</coordinates></Point>
      </Placemark>
      <Placemark><name>△ 병곡401</name>
        <description><![CDATA[<b>삼각점</b><br>명칭: 병곡401<br>P1 #170 원점에서 1660m<br>좌표: 36.747003°N, 129.263413°E<br><br><a href="https://map.naver.com/v5/search/36.7470034166662,129.263412750003">📍 네이버 지도</a>]]></description>
        <styleUrl>#tri</styleUrl>
        <Point><coordinates>129.263412750003,36.7470034166662,0</coordinates></Point>
      </Placemark>
      <Placemark><name>△ 병곡403</name>
        <description><![CDATA[<b>삼각점</b><br>명칭: 병곡403<br>P1 #170 원점에서 2899m<br>좌표: 36.726315°N, 129.271215°E<br><br><a href="https://map.naver.com/v5/search/36.7263147777773,129.271214833336">📍 네이버 지도</a>]]></description>
        <styleUrl>#tri</styleUrl>
        <Point><coordinates>129.271214833336,36.7263147777773,0</coordinates></Point>
      </Placemark>
      <Placemark><name>△ 울진437</name>
        <description><![CDATA[<b>삼각점</b><br>명칭: 울진437<br>P1 #170 원점에서 2971m<br>좌표: 36.775659°N, 129.267880°E<br><br><a href="https://map.naver.com/v5/search/36.7756587777773,129.26788002778">📍 네이버 지도</a>]]></description>
        <styleUrl>#tri</styleUrl>
        <Point><coordinates>129.26788002778,36.7756587777773,0</coordinates></Point>
      </Placemark>
      <Placemark><name>△ 울진309</name>
        <description><![CDATA[<b>삼각점</b><br>명칭: 울진309<br>P1 #170 원점에서 3537m<br>좌표: 36.773803°N, 129.309157°E<br><br><a href="https://map.naver.com/v5/search/36.7738026666662,129.309157027781">📍 네이버 지도</a>]]></description>
        <styleUrl>#tri</styleUrl>
        <Point><coordinates>129.309157027781,36.7738026666662,0</coordinates></Point>
      </Placemark>
      <Placemark><name>△ 영양423</name>
        <description><![CDATA[<b>삼각점</b><br>명칭: 영양423<br>P1 #170 원점에서 3772m<br>좌표: 36.737098°N, 129.242818°E<br><br><a href="https://map.naver.com/v5/search/36.7370983611106,129.242818416669">📍 네이버 지도</a>]]></description>
        <styleUrl>#tri</styleUrl>
        <Point><coordinates>129.242818416669,36.7370983611106,0</coordinates></Point>
      </Placemark>
      <Placemark><name>△ 병곡406</name>
        <description><![CDATA[<b>삼각점</b><br>명칭: 병곡406<br>P1 #170 원점에서 3795m<br>좌표: 36.733152°N, 129.317409°E<br><br><a href="https://map.naver.com/v5/search/36.7331519444439,129.317408833336">📍 네이버 지도</a>]]></description>
        <styleUrl>#tri</styleUrl>
        <Point><coordinates>129.317408833336,36.7331519444439,0</coordinates></Point>
      </Placemark>
      <Placemark><name>△ 울진440</name>
        <description><![CDATA[<b>삼각점</b><br>명칭: 울진440<br>P1 #170 원점에서 3810m<br>좌표: 36.755278°N, 129.323635°E<br><br><a href="https://map.naver.com/v5/search/36.7552777777773,129.323635361114">📍 네이버 지도</a>]]></description>
        <styleUrl>#tri</styleUrl>
        <Point><coordinates>129.323635361114,36.7552777777773,0</coordinates></Point>
      </Placemark>
      <Placemark><name>△ 병곡11</name>
        <description><![CDATA[<b>삼각점</b><br>명칭: 병곡11<br>P1 #170 원점에서 4171m<br>좌표: 36.716442°N, 129.299213°E<br><br><a href="https://map.naver.com/v5/search/36.7164418888884,129.299213444447">📍 네이버 지도</a>]]></description>
        <styleUrl>#tri</styleUrl>
        <Point><coordinates>129.299213444447,36.7164418888884,0</coordinates></Point>
      </Placemark>
      <Placemark><name>△ 병곡402</name>
        <description><![CDATA[<b>삼각점</b><br>명칭: 병곡402<br>P1 #170 원점에서 4521m<br>좌표: 36.712960°N, 129.263636°E<br><br><a href="https://map.naver.com/v5/search/36.7129604166662,129.263635944447">📍 네이버 지도</a>]]></description>
        <styleUrl>#tri</styleUrl>
        <Point><coordinates>129.263635944447,36.7129604166662,0</coordinates></Point>
      </Placemark>
      <Placemark><name>△ 소천314</name>
        <description><![CDATA[<b>삼각점</b><br>명칭: 소천314<br>P1 #170 원점에서 4609m<br>좌표: 36.771333°N, 129.236156°E<br><br><a href="https://map.naver.com/v5/search/36.7713329166662,129.236156333336">📍 네이버 지도</a>]]></description>
        <styleUrl>#tri</styleUrl>
        <Point><coordinates>129.236156333336,36.7713329166662,0</coordinates></Point>
      </Placemark>
    </Folder>
  </Folder>
  <Folder>
    <name>#172 (36.93°N 129.29°E) 국가59.0점</name>
    <description>서브격자 상위5개 / 근접 기준점14개</description>
    <Placemark><name>▶ P1 #172 중심</name>
      <description><![CDATA[P1 국가격자 후보지<br>점수: 59.0점<br>좌표: 36.93136°N, 129.28547°E<br>서브격자 후보: 5개 / 근접 기준점: 14개<br><br><a href="https://map.naver.com/v5/search/36.93136,129.28547">📍 네이버 지도</a>]]></description>
      <styleUrl>#center</styleUrl>
      <Point><coordinates>129.28547,36.93136,0</coordinates></Point>
    </Placemark>
    <Folder><name>📍 서브격자 후보 (5개)</name>
      <Placemark><name>#1 94.1점</name>
        <description><![CDATA[사이트 #172 / 서브격자 1위
종합점수: 94.1점
좌표: 36.922010°N, 129.307704°E

② 지형: 13.1 / 15점 (경사 3.83°)
③ 전력·철도: 13.8 / 15점
④ 인구이격: 14.7 / 15점
⑤ 모델기여: 10.0 / 10점
⑥ 암상: 4.9 / 5점
도로: 1992m

네이버: https://map.naver.com/v5/search/36.92201,129.307704
카카오: https://map.kakao.com/link/map/P172-1,36.92201,129.307704]]></description>
        <styleUrl>#top1</styleUrl>
        <Point><coordinates>129.307704,36.92201,0</coordinates></Point>
      </Placemark>
      <Placemark><name>#2 93.7점</name>
        <description><![CDATA[사이트 #172 / 서브격자 2위
종합점수: 93.7점
좌표: 36.922350°N, 129.285260°E

② 지형: 13.8 / 15점 (경사 2.43°)
③ 전력·철도: 13.9 / 15점
④ 인구이격: 13.7 / 15점
⑤ 모델기여: 10.0 / 10점
⑥ 암상: 4.8 / 5점
도로: 1962m

네이버: https://map.naver.com/v5/search/36.92235,129.28526
카카오: https://map.kakao.com/link/map/P172-2,36.92235,129.28526]]></description>
        <styleUrl>#top5</styleUrl>
        <Point><coordinates>129.28526,36.92235,0</coordinates></Point>
      </Placemark>
      <Placemark><name>#3 90.9점</name>
        <description><![CDATA[사이트 #172 / 서브격자 3위
종합점수: 90.9점
좌표: 36.913000°N, 129.307491°E

② 지형: 10.8 / 15점 (경사 8.41°)
③ 전력·철도: 13.9 / 15점
④ 인구이격: 14.9 / 15점
⑤ 모델기여: 10.0 / 10점
⑥ 암상: 4.9 / 5점
도로: 1202m

네이버: https://map.naver.com/v5/search/36.913,129.307491
카카오: https://map.kakao.com/link/map/P172-3,36.913,129.307491]]></description>
        <styleUrl>#top5</styleUrl>
        <Point><coordinates>129.307491,36.913,0</coordinates></Point>
      </Placemark>
      <Placemark><name>#4 90.3점</name>
        <description><![CDATA[사이트 #172 / 서브격자 4위
종합점수: 90.3점
좌표: 36.904160°N, 129.296059°E

② 지형: 10.5 / 15점 (경사 8.99°)
③ 전력·철도: 14.2 / 15점
④ 인구이격: 15.0 / 15점
⑤ 모델기여: 10.0 / 10점
⑥ 암상: 4.5 / 5점
도로: 851m

네이버: https://map.naver.com/v5/search/36.90416,129.296059
카카오: https://map.kakao.com/link/map/P172-4,36.90416,129.296059]]></description>
        <styleUrl>#top5</styleUrl>
        <Point><coordinates>129.296059,36.90416,0</coordinates></Point>
      </Placemark>
      <Placemark><name>#5 89.9점</name>
        <description><![CDATA[사이트 #172 / 서브격자 5위
종합점수: 89.9점
좌표: 36.894980°N, 129.307066°E

② 지형: 12.7 / 15점 (경사 4.56°)
③ 전력·철도: 14.2 / 15점
④ 인구이격: 14.9 / 15점
⑤ 모델기여: 8.0 / 10점
⑥ 암상: 4.1 / 5점
도로: 138m

네이버: https://map.naver.com/v5/search/36.89498,129.307066
카카오: https://map.kakao.com/link/map/P172-5,36.89498,129.307066]]></description>
        <styleUrl>#top5</styleUrl>
        <Point><coordinates>129.307066,36.89498,0</coordinates></Point>
      </Placemark>
    </Folder>
    <Folder><name>📐 근접 기준점 (14개)</name>
      <Placemark><name>△ 울진302</name>
        <description><![CDATA[<b>삼각점</b><br>명칭: 울진302<br>P1 #172 원점에서 1178m<br>좌표: 36.930998°N, 129.298691°E<br><br><a href="https://map.naver.com/v5/search/36.9309981666662,129.298691111114">📍 네이버 지도</a>]]></description>
        <styleUrl>#tri</styleUrl>
        <Point><coordinates>129.298691111114,36.9309981666662,0</coordinates></Point>
      </Placemark>
      <Placemark><name>△ 울진403</name>
        <description><![CDATA[<b>삼각점</b><br>명칭: 울진403<br>P1 #172 원점에서 1632m<br>좌표: 36.925561°N, 129.268632°E<br><br><a href="https://map.naver.com/v5/search/36.9255612777773,129.268632194447">📍 네이버 지도</a>]]></description>
        <styleUrl>#tri</styleUrl>
        <Point><coordinates>129.268632194447,36.9255612777773,0</coordinates></Point>
      </Placemark>
      <Placemark><name>◎ U울진22</name>
        <description><![CDATA[<b>통합기준점</b><br>명칭: U울진22<br>P1 #172 원점에서 1835m<br>좌표: 36.947899°N, 129.285388°E<br><br><a href="https://map.naver.com/v5/search/36.9478986416662,129.285387611114">📍 네이버 지도</a>]]></description>
        <styleUrl>#uni</styleUrl>
        <Point><coordinates>129.285387611114,36.9478986416662,0</coordinates></Point>
      </Placemark>
      <Placemark><name>△ 울진401</name>
        <description><![CDATA[<b>삼각점</b><br>명칭: 울진401<br>P1 #172 원점에서 2370m<br>좌표: 36.944027°N, 129.264044°E<br><br><a href="https://map.naver.com/v5/search/36.9440271388885,129.264043888892">📍 네이버 지도</a>]]></description>
        <styleUrl>#tri</styleUrl>
        <Point><coordinates>129.264043888892,36.9440271388885,0</coordinates></Point>
      </Placemark>
      <Placemark><name>△ 울진407</name>
        <description><![CDATA[<b>삼각점</b><br>명칭: 울진407<br>P1 #172 원점에서 2786m<br>좌표: 36.944105°N, 129.312413°E<br><br><a href="https://map.naver.com/v5/search/36.9441046666662,129.31241291667">📍 네이버 지도</a>]]></description>
        <styleUrl>#tri</styleUrl>
        <Point><coordinates>129.31241291667,36.9441046666662,0</coordinates></Point>
      </Placemark>
      <Placemark><name>△ 울진430</name>
        <description><![CDATA[<b>삼각점</b><br>명칭: 울진430<br>P1 #172 원점에서 2840m<br>좌표: 36.906759°N, 129.294257°E<br><br><a href="https://map.naver.com/v5/search/36.9067588888884,129.29425741667">📍 네이버 지도</a>]]></description>
        <styleUrl>#tri</styleUrl>
        <Point><coordinates>129.29425741667,36.9067588888884,0</coordinates></Point>
      </Placemark>
      <Placemark><name>△ 울진406</name>
        <description><![CDATA[<b>삼각점</b><br>명칭: 울진406<br>P1 #172 원점에서 3072m<br>좌표: 36.958709°N, 129.290793°E<br><br><a href="https://map.naver.com/v5/search/36.9587089999996,129.290792555558">📍 네이버 지도</a>]]></description>
        <styleUrl>#tri</styleUrl>
        <Point><coordinates>129.290792555558,36.9587089999996,0</coordinates></Point>
      </Placemark>
      <Placemark><name>△ 울진308</name>
        <description><![CDATA[<b>삼각점</b><br>명칭: 울진308<br>P1 #172 원점에서 3436m<br>좌표: 36.912009°N, 129.255369°E<br><br><a href="https://map.naver.com/v5/search/36.9120092222218,129.255369361114">📍 네이버 지도</a>]]></description>
        <styleUrl>#tri</styleUrl>
        <Point><coordinates>129.255369361114,36.9120092222218,0</coordinates></Point>
      </Placemark>
      <Placemark><name>◎ U0426</name>
        <description><![CDATA[<b>통합기준점</b><br>명칭: U0426<br>P1 #172 원점에서 3571m<br>좌표: 36.935612°N, 129.245730°E<br><br><a href="https://map.naver.com/v5/search/36.9356115972218,129.245730086114">📍 네이버 지도</a>]]></description>
        <styleUrl>#uni</styleUrl>
        <Point><coordinates>129.245730086114,36.9356115972218,0</coordinates></Point>
      </Placemark>
      <Placemark><name>△ 울진429</name>
        <description><![CDATA[<b>삼각점</b><br>명칭: 울진429<br>P1 #172 원점에서 3691m<br>좌표: 36.918094°N, 129.323463°E<br><br><a href="https://map.naver.com/v5/search/36.9180941111106,129.323463444448">📍 네이버 지도</a>]]></description>
        <styleUrl>#tri</styleUrl>
        <Point><coordinates>129.323463444448,36.9180941111106,0</coordinates></Point>
      </Placemark>
      <Placemark><name>△ 소천425</name>
        <description><![CDATA[<b>삼각점</b><br>명칭: 소천425<br>P1 #172 원점에서 3822m<br>좌표: 36.926645°N, 129.242966°E<br><br><a href="https://map.naver.com/v5/search/36.9266447222218,129.242966472225">📍 네이버 지도</a>]]></description>
        <styleUrl>#tri</styleUrl>
        <Point><coordinates>129.242966472225,36.9266447222218,0</coordinates></Point>
      </Placemark>
      <Placemark><name>△ 울진402</name>
        <description><![CDATA[<b>삼각점</b><br>명칭: 울진402<br>P1 #172 원점에서 3992m<br>좌표: 36.963702°N, 129.265832°E<br><br><a href="https://map.naver.com/v5/search/36.9637024166662,129.265831750003">📍 네이버 지도</a>]]></description>
        <styleUrl>#tri</styleUrl>
        <Point><coordinates>129.265831750003,36.9637024166662,0</coordinates></Point>
      </Placemark>
      <Placemark><name>◎ U0433</name>
        <description><![CDATA[<b>통합기준점</b><br>명칭: U0433<br>P1 #172 원점에서 4813m<br>좌표: 36.964870°N, 129.319779°E<br><br><a href="https://map.naver.com/v5/search/36.9648698361107,129.319779219448">📍 네이버 지도</a>]]></description>
        <styleUrl>#uni</styleUrl>
        <Point><coordinates>129.319779219448,36.9648698361107,0</coordinates></Point>
      </Placemark>
      <Placemark><name>△ 울진411</name>
        <description><![CDATA[<b>삼각점</b><br>명칭: 울진411<br>P1 #172 원점에서 4972m<br>좌표: 36.940016°N, 129.340236°E<br><br><a href="https://map.naver.com/v5/search/36.9400157222218,129.340236250003">📍 네이버 지도</a>]]></description>
        <styleUrl>#tri</styleUrl>
        <Point><coordinates>129.340236250003,36.9400157222218,0</coordinates></Point>
      </Placemark>
    </Folder>
  </Folder>
  <Folder>
    <name>#173 (37.02°N 129.29°E) 국가58.7점</name>
    <description>서브격자 상위5개 / 근접 기준점13개</description>
    <Placemark><name>▶ P1 #173 중심</name>
      <description><![CDATA[P1 국가격자 후보지<br>점수: 58.7점<br>좌표: 37.02146°N, 129.28757°E<br>서브격자 후보: 5개 / 근접 기준점: 13개<br><br><a href="https://map.naver.com/v5/search/37.02146,129.28757">📍 네이버 지도</a>]]></description>
      <styleUrl>#center</styleUrl>
      <Point><coordinates>129.28757,37.02146,0</coordinates></Point>
    </Placemark>
    <Folder><name>📍 서브격자 후보 (5개)</name>
      <Placemark><name>#1 92.0점</name>
        <description><![CDATA[사이트 #173 / 서브격자 1위
종합점수: 92.0점
좌표: 37.012280°N, 129.298594°E

② 지형: 13.1 / 15점 (경사 3.81°)
③ 전력·철도: 13.3 / 15점
④ 인구이격: 14.2 / 15점
⑤ 모델기여: 10.0 / 10점
⑥ 암상: 4.7 / 5점
도로: 290m

네이버: https://map.naver.com/v5/search/37.01228,129.298594
카카오: https://map.kakao.com/link/map/P173-1,37.01228,129.298594]]></description>
        <styleUrl>#top1</styleUrl>
        <Point><coordinates>129.298594,37.01228,0</coordinates></Point>
      </Placemark>
      <Placemark><name>#2 91.6점</name>
        <description><![CDATA[사이트 #173 / 서브격자 2위
종합점수: 91.6점
좌표: 37.021119°N, 129.310043°E

② 지형: 13.5 / 15점 (경사 2.95°)
③ 전력·철도: 12.9 / 15점
④ 인구이격: 13.9 / 15점
⑤ 모델기여: 10.0 / 10점
⑥ 암상: 4.6 / 5점
도로: 151m

네이버: https://map.naver.com/v5/search/37.021119,129.310043
카카오: https://map.kakao.com/link/map/P173-2,37.021119,129.310043]]></description>
        <styleUrl>#top5</styleUrl>
        <Point><coordinates>129.310043,37.021119,0</coordinates></Point>
      </Placemark>
      <Placemark><name>#3 91.6점</name>
        <description><![CDATA[사이트 #173 / 서브격자 3위
종합점수: 91.6점
좌표: 37.021290°N, 129.298807°E

② 지형: 12.8 / 15점 (경사 4.39°)
③ 전력·철도: 13.5 / 15점
④ 인구이격: 14.0 / 15점
⑤ 모델기여: 10.0 / 10점
⑥ 암상: 4.6 / 5점
도로: 710m

네이버: https://map.naver.com/v5/search/37.02129,129.298807
카카오: https://map.kakao.com/link/map/P173-3,37.02129,129.298807]]></description>
        <styleUrl>#top5</styleUrl>
        <Point><coordinates>129.298807,37.02129,0</coordinates></Point>
      </Placemark>
      <Placemark><name>#4 91.0점</name>
        <description><![CDATA[사이트 #173 / 서브격자 4위
종합점수: 91.0점
좌표: 36.994430°N, 129.286937°E

② 지형: 12.7 / 15점 (경사 4.62°)
③ 전력·철도: 12.7 / 15점
④ 인구이격: 14.5 / 15점
⑤ 모델기여: 10.0 / 10점
⑥ 암상: 4.7 / 5점
도로: 971m

네이버: https://map.naver.com/v5/search/36.99443,129.286937
카카오: https://map.kakao.com/link/map/P173-4,36.99443,129.286937]]></description>
        <styleUrl>#top5</styleUrl>
        <Point><coordinates>129.286937,36.99443,0</coordinates></Point>
      </Placemark>
      <Placemark><name>#5 90.9점</name>
        <description><![CDATA[사이트 #173 / 서브격자 5위
종합점수: 90.9점
좌표: 37.012109°N, 129.309829°E

② 지형: 13.0 / 15점 (경사 3.95°)
③ 전력·철도: 12.4 / 15점
④ 인구이격: 14.4 / 15점
⑤ 모델기여: 10.0 / 10점
⑥ 암상: 4.7 / 5점
도로: 56m

네이버: https://map.naver.com/v5/search/37.012109,129.309829
카카오: https://map.kakao.com/link/map/P173-5,37.012109,129.309829]]></description>
        <styleUrl>#top5</styleUrl>
        <Point><coordinates>129.309829,37.012109,0</coordinates></Point>
      </Placemark>
    </Folder>
    <Folder><name>📐 근접 기준점 (13개)</name>
      <Placemark><name>△ 죽변425</name>
        <description><![CDATA[<b>삼각점</b><br>명칭: 죽변425<br>P1 #173 원점에서 598m<br>좌표: 37.019492°N, 129.293822°E<br><br><a href="https://map.naver.com/v5/search/37.019491944444,129.293821777781">📍 네이버 지도</a>]]></description>
        <styleUrl>#tri</styleUrl>
        <Point><coordinates>129.293821777781,37.019491944444,0</coordinates></Point>
      </Placemark>
      <Placemark><name>△ 죽변422</name>
        <description><![CDATA[<b>삼각점</b><br>명칭: 죽변422<br>P1 #173 원점에서 1401m<br>좌표: 37.025338°N, 129.272580°E<br><br><a href="https://map.naver.com/v5/search/37.0253375277774,129.27258027778">📍 네이버 지도</a>]]></description>
        <styleUrl>#tri</styleUrl>
        <Point><coordinates>129.27258027778,37.0253375277774,0</coordinates></Point>
      </Placemark>
      <Placemark><name>△ 울진301</name>
        <description><![CDATA[<b>삼각점</b><br>명칭: 울진301<br>P1 #173 원점에서 2368m<br>좌표: 37.000865°N, 129.294522°E<br><br><a href="https://map.naver.com/v5/search/37.0008646388885,129.294522000003">📍 네이버 지도</a>]]></description>
        <styleUrl>#tri</styleUrl>
        <Point><coordinates>129.294522000003,37.0008646388885,0</coordinates></Point>
      </Placemark>
      <Placemark><name>△ 죽변427</name>
        <description><![CDATA[<b>삼각점</b><br>명칭: 죽변427<br>P1 #173 원점에서 2834m<br>좌표: 37.016776°N, 129.318876°E<br><br><a href="https://map.naver.com/v5/search/37.0167756111107,129.318876388892">📍 네이버 지도</a>]]></description>
        <styleUrl>#tri</styleUrl>
        <Point><coordinates>129.318876388892,37.0167756111107,0</coordinates></Point>
      </Placemark>
      <Placemark><name>△ 죽변424</name>
        <description><![CDATA[<b>삼각점</b><br>명칭: 죽변424<br>P1 #173 원점에서 2987m<br>좌표: 37.048273°N, 129.284606°E<br><br><a href="https://map.naver.com/v5/search/37.0482726388885,129.284605694447">📍 네이버 지도</a>]]></description>
        <styleUrl>#tri</styleUrl>
        <Point><coordinates>129.284605694447,37.0482726388885,0</coordinates></Point>
      </Placemark>
      <Placemark><name>△ 울진404</name>
        <description><![CDATA[<b>삼각점</b><br>명칭: 울진404<br>P1 #173 원점에서 2990m<br>좌표: 36.997609°N, 129.271928°E<br><br><a href="https://map.naver.com/v5/search/36.9976089166662,129.271928194447">📍 네이버 지도</a>]]></description>
        <styleUrl>#tri</styleUrl>
        <Point><coordinates>129.271928194447,36.9976089166662,0</coordinates></Point>
      </Placemark>
      <Placemark><name>△ 죽변426</name>
        <description><![CDATA[<b>삼각점</b><br>명칭: 죽변426<br>P1 #173 원점에서 3349m<br>좌표: 37.041537°N, 129.315675°E<br><br><a href="https://map.naver.com/v5/search/37.0415370555551,129.315675361114">📍 네이버 지도</a>]]></description>
        <styleUrl>#tri</styleUrl>
        <Point><coordinates>129.315675361114,37.0415370555551,0</coordinates></Point>
      </Placemark>
      <Placemark><name>△ 죽변309</name>
        <description><![CDATA[<b>삼각점</b><br>명칭: 죽변309<br>P1 #173 원점에서 3842m<br>좌표: 37.044401°N, 129.255227°E<br><br><a href="https://map.naver.com/v5/search/37.0444006111107,129.255226861114">📍 네이버 지도</a>]]></description>
        <styleUrl>#tri</styleUrl>
        <Point><coordinates>129.255226861114,37.0444006111107,0</coordinates></Point>
      </Placemark>
      <Placemark><name>△ 죽변22</name>
        <description><![CDATA[<b>삼각점</b><br>명칭: 죽변22<br>P1 #173 원점에서 3926m<br>좌표: 37.004991°N, 129.248520°E<br><br><a href="https://map.naver.com/v5/search/37.0049906111107,129.248520444447">📍 네이버 지도</a>]]></description>
        <styleUrl>#tri</styleUrl>
        <Point><coordinates>129.248520444447,37.0049906111107,0</coordinates></Point>
      </Placemark>
      <Placemark><name>△ 울진409</name>
        <description><![CDATA[<b>삼각점</b><br>명칭: 울진409<br>P1 #173 원점에서 4010m<br>좌표: 37.000335°N, 129.324130°E<br><br><a href="https://map.naver.com/v5/search/37.0003348055551,129.324129888892">📍 네이버 지도</a>]]></description>
        <styleUrl>#tri</styleUrl>
        <Point><coordinates>129.324129888892,37.0003348055551,0</coordinates></Point>
      </Placemark>
      <Placemark><name>◎ U0347</name>
        <description><![CDATA[<b>통합기준점</b><br>명칭: U0347<br>P1 #173 원점에서 4528m<br>좌표: 37.062005°N, 129.293271°E<br><br><a href="https://map.naver.com/v5/search/37.062004619444,129.293271355558">📍 네이버 지도</a>]]></description>
        <styleUrl>#uni</styleUrl>
        <Point><coordinates>129.293271355558,37.062004619444,0</coordinates></Point>
      </Placemark>
      <Placemark><name>△ 울진405</name>
        <description><![CDATA[<b>삼각점</b><br>명칭: 울진405<br>P1 #173 원점에서 4596m<br>좌표: 36.980195°N, 129.283138°E<br><br><a href="https://map.naver.com/v5/search/36.9801951111107,129.283138472225">📍 네이버 지도</a>]]></description>
        <styleUrl>#tri</styleUrl>
        <Point><coordinates>129.283138472225,36.9801951111107,0</coordinates></Point>
      </Placemark>
      <Placemark><name>△ 죽변310</name>
        <description><![CDATA[<b>삼각점</b><br>명칭: 죽변310<br>P1 #173 원점에서 4802m<br>좌표: 37.027382°N, 129.341031°E<br><br><a href="https://map.naver.com/v5/search/37.0273816388885,129.34103091667">📍 네이버 지도</a>]]></description>
        <styleUrl>#tri</styleUrl>
        <Point><coordinates>129.34103091667,37.0273816388885,0</coordinates></Point>
      </Placemark>
    </Folder>
  </Folder>
  <Folder>
    <name>#177 (35.67°N 129.48°E) 국가60.3점</name>
    <description>서브격자 상위5개 / 근접 기준점7개</description>
    <Placemark><name>▶ P1 #177 중심</name>
      <description><![CDATA[P1 국가격자 후보지<br>점수: 60.3점<br>좌표: 35.66637°N, 129.4778°E<br>서브격자 후보: 5개 / 근접 기준점: 7개<br><br><a href="https://map.naver.com/v5/search/35.66637,129.4778">📍 네이버 지도</a>]]></description>
      <styleUrl>#center</styleUrl>
      <Point><coordinates>129.4778,35.66637,0</coordinates></Point>
    </Placemark>
    <Folder><name>📍 서브격자 후보 (5개)</name>
      <Placemark><name>#1 99.8점</name>
        <description><![CDATA[사이트 #177 / 서브격자 1위
종합점수: 99.8점
좌표: 35.621315°N, 129.476690°E

② 지형: 15.0 / 15점 (경사 0.0°)
③ 전력·철도: 14.9 / 15점
④ 인구이격: 15.0 / 15점
⑤ 모델기여: 10.0 / 10점
⑥ 암상: 5.0 / 5점
도로: 1907m

네이버: https://map.naver.com/v5/search/35.621315,129.47669
카카오: https://map.kakao.com/link/map/P177-1,35.621315,129.47669]]></description>
        <styleUrl>#top1</styleUrl>
        <Point><coordinates>129.47669,35.621315,0</coordinates></Point>
      </Placemark>
      <Placemark><name>#2 98.1점</name>
        <description><![CDATA[사이트 #177 / 서브격자 2위
종합점수: 98.1점
좌표: 35.639518°N, 129.466095°E

② 지형: 15.0 / 15점 (경사 0.0°)
③ 전력·철도: 14.4 / 15점
④ 인구이격: 14.8 / 15점
⑤ 모델기여: 10.0 / 10점
⑥ 암상: 4.7 / 5점
도로: 1890m

네이버: https://map.naver.com/v5/search/35.639518,129.466095
카카오: https://map.kakao.com/link/map/P177-2,35.639518,129.466095]]></description>
        <styleUrl>#top5</styleUrl>
        <Point><coordinates>129.466095,35.639518,0</coordinates></Point>
      </Placemark>
      <Placemark><name>#3 98.0점</name>
        <description><![CDATA[사이트 #177 / 서브격자 3위
종합점수: 98.0점
좌표: 35.630506°N, 129.465874°E

② 지형: 15.0 / 15점 (경사 0.0°)
③ 전력·철도: 14.5 / 15점
④ 인구이격: 14.4 / 15점
⑤ 모델기여: 10.0 / 10점
⑥ 암상: 4.8 / 5점
도로: 1833m

네이버: https://map.naver.com/v5/search/35.630506,129.465874
카카오: https://map.kakao.com/link/map/P177-3,35.630506,129.465874]]></description>
        <styleUrl>#top5</styleUrl>
        <Point><coordinates>129.465874,35.630506,0</coordinates></Point>
      </Placemark>
      <Placemark><name>#4 97.8점</name>
        <description><![CDATA[사이트 #177 / 서브격자 4위
종합점수: 97.8점
좌표: 35.648529°N, 129.466316°E

② 지형: 15.0 / 15점 (경사 0.0°)
③ 전력·철도: 14.1 / 15점
④ 인구이격: 15.0 / 15점
⑤ 모델기여: 10.0 / 10점
⑥ 암상: 4.6 / 5점
도로: 1554m

네이버: https://map.naver.com/v5/search/35.648529,129.466316
카카오: https://map.kakao.com/link/map/P177-4,35.648529,129.466316]]></description>
        <styleUrl>#top5</styleUrl>
        <Point><coordinates>129.466316,35.648529,0</coordinates></Point>
      </Placemark>
      <Placemark><name>#5 97.4점</name>
        <description><![CDATA[사이트 #177 / 서브격자 5위
종합점수: 97.4점
좌표: 35.657359°N, 129.477578°E

② 지형: 15.0 / 15점 (경사 0.0°)
③ 전력·철도: 14.0 / 15점
④ 인구이격: 14.8 / 15점
⑤ 모델기여: 10.0 / 10점
⑥ 암상: 4.7 / 5점
도로: 1589m

네이버: https://map.naver.com/v5/search/35.657359,129.477578
카카오: https://map.kakao.com/link/map/P177-5,35.657359,129.477578]]></description>
        <styleUrl>#top5</styleUrl>
        <Point><coordinates>129.477578,35.657359,0</coordinates></Point>
      </Placemark>
    </Folder>
    <Folder><name>📐 근접 기준점 (7개)</name>
      <Placemark><name>◎ U울산07</name>
        <description><![CDATA[<b>통합기준점</b><br>명칭: U울산07<br>P1 #177 원점에서 1950m<br>좌표: 35.677400°N, 129.461030°E<br><br><a href="https://map.naver.com/v5/search/35.6773998805547,129.461029977782">📍 네이버 지도</a>]]></description>
        <styleUrl>#uni</styleUrl>
        <Point><coordinates>129.461029977782,35.6773998805547,0</coordinates></Point>
      </Placemark>
      <Placemark><name>△ 울산420</name>
        <description><![CDATA[<b>삼각점</b><br>명칭: 울산420<br>P1 #177 원점에서 2438m<br>좌표: 35.672147°N, 129.451821°E<br><br><a href="https://map.naver.com/v5/search/35.6721469999991,129.451821388893">📍 네이버 지도</a>]]></description>
        <styleUrl>#tri</styleUrl>
        <Point><coordinates>129.451821388893,35.6721469999991,0</coordinates></Point>
      </Placemark>
      <Placemark><name>△ 울산423</name>
        <description><![CDATA[<b>삼각점</b><br>명칭: 울산423<br>P1 #177 원점에서 2463m<br>좌표: 35.687547°N, 129.469644°E<br><br><a href="https://map.naver.com/v5/search/35.6875467222213,129.469643777782">📍 네이버 지도</a>]]></description>
        <styleUrl>#tri</styleUrl>
        <Point><coordinates>129.469643777782,35.6875467222213,0</coordinates></Point>
      </Placemark>
      <Placemark><name>◎ U0837</name>
        <description><![CDATA[<b>통합기준점</b><br>명칭: U0837<br>P1 #177 원점에서 3539m<br>좌표: 35.697763°N, 129.470874°E<br><br><a href="https://map.naver.com/v5/search/35.6977625027769,129.470873522227">📍 네이버 지도</a>]]></description>
        <styleUrl>#uni</styleUrl>
        <Point><coordinates>129.470873522227,35.6977625027769,0</coordinates></Point>
      </Placemark>
      <Placemark><name>◎ U울산14</name>
        <description><![CDATA[<b>통합기준점</b><br>명칭: U울산14<br>P1 #177 원점에서 3970m<br>좌표: 35.646209°N, 129.441579°E<br><br><a href="https://map.naver.com/v5/search/35.6462085111102,129.441579075004">📍 네이버 지도</a>]]></description>
        <styleUrl>#uni</styleUrl>
        <Point><coordinates>129.441579075004,35.6462085111102,0</coordinates></Point>
      </Placemark>
      <Placemark><name>△ 울산307</name>
        <description><![CDATA[<b>삼각점</b><br>명칭: 울산307<br>P1 #177 원점에서 4167m<br>좌표: 35.652472°N, 129.435049°E<br><br><a href="https://map.naver.com/v5/search/35.6524715555547,129.435049111115">📍 네이버 지도</a>]]></description>
        <styleUrl>#tri</styleUrl>
        <Point><coordinates>129.435049111115,35.6524715555547,0</coordinates></Point>
      </Placemark>
      <Placemark><name>△ 울산421</name>
        <description><![CDATA[<b>삼각점</b><br>명칭: 울산421<br>P1 #177 원점에서 4513m<br>좌표: 35.701513°N, 129.452698°E<br><br><a href="https://map.naver.com/v5/search/35.7015132499991,129.452697972227">📍 네이버 지도</a>]]></description>
        <styleUrl>#tri</styleUrl>
        <Point><coordinates>129.452697972227,35.7015132499991,0</coordinates></Point>
      </Placemark>
    </Folder>
  </Folder>
  <Folder>
    <name>#178 (37.44°N 130.88°E) 국가89.3점</name>
    <description>서브격자 상위5개 / 근접 기준점3개</description>
    <Placemark><name>▶ P1 #178 중심</name>
      <description><![CDATA[P1 국가격자 후보지<br>점수: 89.3점<br>좌표: 37.43727°N, 130.87955°E<br>서브격자 후보: 5개 / 근접 기준점: 3개<br><br><a href="https://map.naver.com/v5/search/37.43727,130.87955">📍 네이버 지도</a>]]></description>
      <styleUrl>#center</styleUrl>
      <Point><coordinates>130.87955,37.43727,0</coordinates></Point>
    </Placemark>
    <Folder><name>📍 서브격자 후보 (5개)</name>
      <Placemark><name>#1 93.3점</name>
        <description><![CDATA[사이트 #178 / 서브격자 1위
종합점수: 93.3점
좌표: 37.400630°N, 130.900489°E

② 지형: 15.0 / 15점 (경사 0.0°)
③ 전력·철도: 15.0 / 15점
④ 인구이격: 15.0 / 15점
⑤ 모델기여: 6.0 / 10점
⑥ 암상: 5.0 / 5점
도로: -

네이버: https://map.naver.com/v5/search/37.40063,130.900489
카카오: https://map.kakao.com/link/map/P178-1,37.40063,130.900489]]></description>
        <styleUrl>#top1</styleUrl>
        <Point><coordinates>130.900489,37.40063,0</coordinates></Point>
      </Placemark>
      <Placemark><name>#2 93.3점</name>
        <description><![CDATA[사이트 #178 / 서브격자 2위
종합점수: 93.3점
좌표: 37.392280°N, 130.877527°E

② 지형: 15.0 / 15점 (경사 0.0°)
③ 전력·철도: 15.0 / 15점
④ 인구이격: 15.0 / 15점
⑤ 모델기여: 6.0 / 10점
⑥ 암상: 5.0 / 5점
도로: -

네이버: https://map.naver.com/v5/search/37.39228,130.877527
카카오: https://map.kakao.com/link/map/P178-2,37.39228,130.877527]]></description>
        <styleUrl>#top5</styleUrl>
        <Point><coordinates>130.877527,37.39228,0</coordinates></Point>
      </Placemark>
      <Placemark><name>#3 93.3점</name>
        <description><![CDATA[사이트 #178 / 서브격자 3위
종합점수: 93.3점
좌표: 37.400305°N, 130.911767°E

② 지형: 15.0 / 15점 (경사 0.0°)
③ 전력·철도: 15.0 / 15점
④ 인구이격: 15.0 / 15점
⑤ 모델기여: 6.0 / 10점
⑥ 암상: 5.0 / 5점
도로: -

네이버: https://map.naver.com/v5/search/37.400305,130.911767
카카오: https://map.kakao.com/link/map/P178-3,37.400305,130.911767]]></description>
        <styleUrl>#top5</styleUrl>
        <Point><coordinates>130.911767,37.400305,0</coordinates></Point>
      </Placemark>
      <Placemark><name>#4 93.3점</name>
        <description><![CDATA[사이트 #178 / 서브격자 4위
종합점수: 93.3점
좌표: 37.408976°N, 130.923455°E

② 지형: 15.0 / 15점 (경사 0.0°)
③ 전력·철도: 15.0 / 15점
④ 인구이격: 15.0 / 15점
⑤ 모델기여: 6.0 / 10점
⑥ 암상: 5.0 / 5점
도로: -

네이버: https://map.naver.com/v5/search/37.408976,130.923455
카카오: https://map.kakao.com/link/map/P178-4,37.408976,130.923455]]></description>
        <styleUrl>#top5</styleUrl>
        <Point><coordinates>130.923455,37.408976,0</coordinates></Point>
      </Placemark>
      <Placemark><name>#5 93.2점</name>
        <description><![CDATA[사이트 #178 / 서브격자 5위
종합점수: 93.2점
좌표: 37.400955°N, 130.889210°E

② 지형: 15.0 / 15점 (경사 0.0°)
③ 전력·철도: 15.0 / 15점
④ 인구이격: 15.0 / 15점
⑤ 모델기여: 6.0 / 10점
⑥ 암상: 4.9 / 5점
도로: -

네이버: https://map.naver.com/v5/search/37.400955,130.88921
카카오: https://map.kakao.com/link/map/P178-5,37.400955,130.88921]]></description>
        <styleUrl>#top5</styleUrl>
        <Point><coordinates>130.88921,37.400955,0</coordinates></Point>
      </Placemark>
    </Folder>
    <Folder><name>📐 근접 기준점 (3개)</name>
      <Placemark><name>△ 울릉405</name>
        <description><![CDATA[<b>삼각점</b><br>명칭: 울릉405<br>P1 #178 원점에서 2233m<br>좌표: 37.456752°N, 130.873339°E<br><br><a href="https://map.naver.com/v5/search/37.4567520555528,130.873339138979">📍 네이버 지도</a>]]></description>
        <styleUrl>#tri</styleUrl>
        <Point><coordinates>130.873339138979,37.4567520555528,0</coordinates></Point>
      </Placemark>
      <Placemark><name>△ 울릉310</name>
        <description><![CDATA[<b>삼각점</b><br>명칭: 울릉310<br>P1 #178 원점에서 3601m<br>좌표: 37.468509°N, 130.868677°E<br><br><a href="https://map.naver.com/v5/search/37.4685085833306,130.8686766112">📍 네이버 지도</a>]]></description>
        <styleUrl>#tri</styleUrl>
        <Point><coordinates>130.8686766112,37.4685085833306,0</coordinates></Point>
      </Placemark>
      <Placemark><name>△ 울릉404</name>
        <description><![CDATA[<b>삼각점</b><br>명칭: 울릉404<br>P1 #178 원점에서 4251m<br>좌표: 37.468245°N, 130.851351°E<br><br><a href="https://map.naver.com/v5/search/37.4682448888863,130.851350972309">📍 네이버 지도</a>]]></description>
        <styleUrl>#tri</styleUrl>
        <Point><coordinates>130.851350972309,37.4682448888863,0</coordinates></Point>
      </Placemark>
    </Folder>
  </Folder>
</Document>
</kml>