{
"type": "FeatureCollection",
"name": "density_req_mid",
"crs": { "type": "name", "properties": { "name": "urn:ogc:def:crs:OGC:1.3:CRS84" } },
"features": [
{ "type": "Feature", "properties": { "sigma_nT": 128.0, "sigma_obs": 1, "spacing_req": 35.5, "spacing_now": 31.5, "deficit": 0.89, "sp_tier": "mid", "df_tier": "ok" }, "geometry": { "type": "Polygon", "coordinates": [ [ [ 126.95, 34.45 ], [ 126.95, 34.55 ], [ 126.85, 34.55 ], [ 126.85, 34.45 ], [ 126.95, 34.45 ] ] ] } },
{ "type": "Feature", "properties": { "sigma_nT": 124.0, "sigma_obs": 1, "spacing_req": 36.1, "spacing_now": 28.4, "deficit": 0.79, "sp_tier": "mid", "df_tier": "ok" }, "geometry": { "type": "Polygon", "coordinates": [ [ [ 127.05, 34.45 ], [ 127.05, 34.55 ], [ 126.95, 34.55 ], [ 126.95, 34.45 ], [ 127.05, 34.45 ] ] ] } },
{ "type": "Feature", "properties": { "sigma_nT": 125.0, "sigma_obs": 1, "spacing_req": 36.0, "spacing_now": 49.5, "deficit": 1.38, "sp_tier": "mid", "df_tier": "mild" }, "geometry": { "type": "Polygon", "coordinates": [ [ [ 127.25, 34.45 ], [ 127.25, 34.55 ], [ 127.15, 34.55 ], [ 127.15, 34.45 ], [ 127.25, 34.45 ] ] ] } },
{ "type": "Feature", "properties": { "sigma_nT": 126.0, "sigma_obs": 1, "spacing_req": 35.8, "spacing_now": 63.5, "deficit": 1.77, "sp_tier": "mid", "df_tier": "short" }, "geometry": { "type": "Polygon", "coordinates": [ [ [ 127.35, 34.45 ], [ 127.35, 34.55 ], [ 127.25, 34.55 ], [ 127.25, 34.45 ], [ 127.35, 34.45 ] ] ] } },
{ "type": "Feature", "properties": { "sigma_nT": 130.0, "sigma_obs": 1, "spacing_req": 35.3, "spacing_now": 65.8, "deficit": 1.86, "sp_tier": "mid", "df_tier": "short" }, "geometry": { "type": "Polygon", "coordinates": [ [ [ 127.45, 34.45 ], [ 127.45, 34.55 ], [ 127.35, 34.55 ], [ 127.35, 34.45 ], [ 127.45, 34.45 ] ] ] } },
{ "type": "Feature", "properties": { "sigma_nT": 126.0, "sigma_obs": 1, "spacing_req": 35.9, "spacing_now": 15.5, "deficit": 0.43, "sp_tier": "mid", "df_tier": "ok" }, "geometry": { "type": "Polygon", "coordinates": [ [ [ 126.95, 34.55 ], [ 126.95, 34.65 ], [ 126.85, 34.65 ], [ 126.85, 34.55 ], [ 126.95, 34.55 ] ] ] } },
{ "type": "Feature", "properties": { "sigma_nT": 125.0, "sigma_obs": 1, "spacing_req": 35.9, "spacing_now": 7.3, "deficit": 0.2, "sp_tier": "mid", "df_tier": "ok" }, "geometry": { "type": "Polygon", "coordinates": [ [ [ 127.05, 34.55 ], [ 127.05, 34.65 ], [ 126.95, 34.65 ], [ 126.95, 34.55 ], [ 127.05, 34.55 ] ] ] } },
{ "type": "Feature", "properties": { "sigma_nT": 127.0, "sigma_obs": 1, "spacing_req": 35.7, "spacing_now": 23.2, "deficit": 0.65, "sp_tier": "mid", "df_tier": "ok" }, "geometry": { "type": "Polygon", "coordinates": [ [ [ 127.15, 34.55 ], [ 127.15, 34.65 ], [ 127.05, 34.65 ], [ 127.05, 34.55 ], [ 127.15, 34.55 ] ] ] } },
{ "type": "Feature", "properties": { "sigma_nT": 121.0, "sigma_obs": 1, "spacing_req": 36.5, "spacing_now": 41.2, "deficit": 1.13, "sp_tier": "mid", "df_tier": "mild" }, "geometry": { "type": "Polygon", "coordinates": [ [ [ 127.25, 34.55 ], [ 127.25, 34.65 ], [ 127.15, 34.65 ], [ 127.15, 34.55 ], [ 127.25, 34.55 ] ] ] } },
{ "type": "Feature", "properties": { "sigma_nT": 123.0, "sigma_obs": 1, "spacing_req": 36.2, "spacing_now": 41.4, "deficit": 1.14, "sp_tier": "mid", "df_tier": "mild" }, "geometry": { "type": "Polygon", "coordinates": [ [ [ 127.35, 34.55 ], [ 127.35, 34.65 ], [ 127.25, 34.65 ], [ 127.25, 34.55 ], [ 127.35, 34.55 ] ] ] } },
{ "type": "Feature", "properties": { "sigma_nT": 128.0, "sigma_obs": 1, "spacing_req": 35.5, "spacing_now": 44.9, "deficit": 1.26, "sp_tier": "mid", "df_tier": "mild" }, "geometry": { "type": "Polygon", "coordinates": [ [ [ 127.45, 34.55 ], [ 127.45, 34.65 ], [ 127.35, 34.65 ], [ 127.35, 34.55 ], [ 127.45, 34.55 ] ] ] } },
{ "type": "Feature", "properties": { "sigma_nT": 127.0, "sigma_obs": 1, "spacing_req": 35.7, "spacing_now": 78.0, "deficit": 2.19, "sp_tier": "mid", "df_tier": "critical" }, "geometry": { "type": "Polygon", "coordinates": [ [ [ 126.55, 34.65 ], [ 126.55, 34.75 ], [ 126.45, 34.75 ], [ 126.45, 34.65 ], [ 126.55, 34.65 ] ] ] } },
{ "type": "Feature", "properties": { "sigma_nT": 124.0, "sigma_obs": 1, "spacing_req": 36.1, "spacing_now": 71.0, "deficit": 1.97, "sp_tier": "mid", "df_tier": "short" }, "geometry": { "type": "Polygon", "coordinates": [ [ [ 126.65, 34.65 ], [ 126.65, 34.75 ], [ 126.55, 34.75 ], [ 126.55, 34.65 ], [ 126.65, 34.65 ] ] ] } },
{ "type": "Feature", "properties": { "sigma_nT": 119.0, "sigma_obs": 1, "spacing_req": 36.8, "spacing_now": 53.4, "deficit": 1.45, "sp_tier": "mid", "df_tier": "mild" }, "geometry": { "type": "Polygon", "coordinates": [ [ [ 126.75, 34.65 ], [ 126.75, 34.75 ], [ 126.65, 34.75 ], [ 126.65, 34.65 ], [ 126.75, 34.65 ] ] ] } },
{ "type": "Feature", "properties": { "sigma_nT": 120.0, "sigma_obs": 1, "spacing_req": 36.7, "spacing_now": 36.3, "deficit": 0.99, "sp_tier": "mid", "df_tier": "ok" }, "geometry": { "type": "Polygon", "coordinates": [ [ [ 126.85, 34.65 ], [ 126.85, 34.75 ], [ 126.75, 34.75 ], [ 126.75, 34.65 ], [ 126.85, 34.65 ] ] ] } },
{ "type": "Feature", "properties": { "sigma_nT": 111.0, "sigma_obs": 1, "spacing_req": 38.1, "spacing_now": 21.5, "deficit": 0.56, "sp_tier": "mid", "df_tier": "ok" }, "geometry": { "type": "Polygon", "coordinates": [ [ [ 126.95, 34.65 ], [ 126.95, 34.75 ], [ 126.85, 34.75 ], [ 126.85, 34.65 ], [ 126.95, 34.65 ] ] ] } },
{ "type": "Feature", "properties": { "sigma_nT": 106.0, "sigma_obs": 1, "spacing_req": 39.1, "spacing_now": 16.6, "deficit": 0.42, "sp_tier": "mid", "df_tier": "ok" }, "geometry": { "type": "Polygon", "coordinates": [ [ [ 127.05, 34.65 ], [ 127.05, 34.75 ], [ 126.95, 34.75 ], [ 126.95, 34.65 ], [ 127.05, 34.65 ] ] ] } },
{ "type": "Feature", "properties": { "sigma_nT": 113.0, "sigma_obs": 1, "spacing_req": 37.7, "spacing_now": 27.6, "deficit": 0.73, "sp_tier": "mid", "df_tier": "ok" }, "geometry": { "type": "Polygon", "coordinates": [ [ [ 127.15, 34.65 ], [ 127.15, 34.75 ], [ 127.05, 34.75 ], [ 127.05, 34.65 ], [ 127.15, 34.65 ] ] ] } },
{ "type": "Feature", "properties": { "sigma_nT": 121.0, "sigma_obs": 1, "spacing_req": 36.5, "spacing_now": 27.2, "deficit": 0.74, "sp_tier": "mid", "df_tier": "ok" }, "geometry": { "type": "Polygon", "coordinates": [ [ [ 127.25, 34.65 ], [ 127.25, 34.75 ], [ 127.15, 34.75 ], [ 127.15, 34.65 ], [ 127.25, 34.65 ] ] ] } },
{ "type": "Feature", "properties": { "sigma_nT": 119.0, "sigma_obs": 1, "spacing_req": 36.8, "spacing_now": 19.3, "deficit": 0.52, "sp_tier": "mid", "df_tier": "ok" }, "geometry": { "type": "Polygon", "coordinates": [ [ [ 127.35, 34.65 ], [ 127.35, 34.75 ], [ 127.25, 34.75 ], [ 127.25, 34.65 ], [ 127.35, 34.65 ] ] ] } },
{ "type": "Feature", "properties": { "sigma_nT": 125.0, "sigma_obs": 1, "spacing_req": 35.9, "spacing_now": 25.9, "deficit": 0.72, "sp_tier": "mid", "df_tier": "ok" }, "geometry": { "type": "Polygon", "coordinates": [ [ [ 127.45, 34.65 ], [ 127.45, 34.75 ], [ 127.35, 34.75 ], [ 127.35, 34.65 ], [ 127.45, 34.65 ] ] ] } },
{ "type": "Feature", "properties": { "sigma_nT": 123.0, "sigma_obs": 1, "spacing_req": 36.2, "spacing_now": 81.6, "deficit": 2.25, "sp_tier": "mid", "df_tier": "critical" }, "geometry": { "type": "Polygon", "coordinates": [ [ [ 126.25, 34.75 ], [ 126.25, 34.85 ], [ 126.15, 34.85 ], [ 126.15, 34.75 ], [ 126.25, 34.75 ] ] ] } },
{ "type": "Feature", "properties": { "sigma_nT": 123.0, "sigma_obs": 1, "spacing_req": 36.2, "spacing_now": 82.1, "deficit": 2.27, "sp_tier": "mid", "df_tier": "critical" }, "geometry": { "type": "Polygon", "coordinates": [ [ [ 126.45, 34.75 ], [ 126.45, 34.85 ], [ 126.35, 34.85 ], [ 126.35, 34.75 ], [ 126.45, 34.75 ] ] ] } },
{ "type": "Feature", "properties": { "sigma_nT": 115.0, "sigma_obs": 1, "spacing_req": 37.5, "spacing_now": 85.6, "deficit": 2.28, "sp_tier": "mid", "df_tier": "critical" }, "geometry": { "type": "Polygon", "coordinates": [ [ [ 126.55, 34.75 ], [ 126.55, 34.85 ], [ 126.45, 34.85 ], [ 126.45, 34.75 ], [ 126.55, 34.75 ] ] ] } },
{ "type": "Feature", "properties": { "sigma_nT": 107.0, "sigma_obs": 1, "spacing_req": 38.8, "spacing_now": 79.0, "deficit": 2.03, "sp_tier": "mid", "df_tier": "critical" }, "geometry": { "type": "Polygon", "coordinates": [ [ [ 126.65, 34.75 ], [ 126.65, 34.85 ], [ 126.55, 34.85 ], [ 126.55, 34.75 ], [ 126.65, 34.75 ] ] ] } },
{ "type": "Feature", "properties": { "sigma_nT": 108.0, "sigma_obs": 1, "spacing_req": 38.7, "spacing_now": 63.6, "deficit": 1.64, "sp_tier": "mid", "df_tier": "short" }, "geometry": { "type": "Polygon", "coordinates": [ [ [ 126.75, 34.75 ], [ 126.75, 34.85 ], [ 126.65, 34.85 ], [ 126.65, 34.75 ], [ 126.75, 34.75 ] ] ] } },
{ "type": "Feature", "properties": { "sigma_nT": 111.0, "sigma_obs": 1, "spacing_req": 38.1, "spacing_now": 50.2, "deficit": 1.32, "sp_tier": "mid", "df_tier": "mild" }, "geometry": { "type": "Polygon", "coordinates": [ [ [ 126.85, 34.75 ], [ 126.85, 34.85 ], [ 126.75, 34.85 ], [ 126.75, 34.75 ], [ 126.85, 34.75 ] ] ] } },
{ "type": "Feature", "properties": { "sigma_nT": 104.0, "sigma_obs": 1, "spacing_req": 39.5, "spacing_now": 40.8, "deficit": 1.03, "sp_tier": "mid", "df_tier": "mild" }, "geometry": { "type": "Polygon", "coordinates": [ [ [ 126.95, 34.75 ], [ 126.95, 34.85 ], [ 126.85, 34.85 ], [ 126.85, 34.75 ], [ 126.95, 34.75 ] ] ] } },
{ "type": "Feature", "properties": { "sigma_nT": 93.0, "sigma_obs": 1, "spacing_req": 41.6, "spacing_now": 38.4, "deficit": 0.92, "sp_tier": "mid", "df_tier": "ok" }, "geometry": { "type": "Polygon", "coordinates": [ [ [ 127.05, 34.75 ], [ 127.05, 34.85 ], [ 126.95, 34.85 ], [ 126.95, 34.75 ], [ 127.05, 34.75 ] ] ] } },
{ "type": "Feature", "properties": { "sigma_nT": 97.0, "sigma_obs": 1, "spacing_req": 40.9, "spacing_now": 37.6, "deficit": 0.92, "sp_tier": "mid", "df_tier": "ok" }, "geometry": { "type": "Polygon", "coordinates": [ [ [ 127.15, 34.75 ], [ 127.15, 34.85 ], [ 127.05, 34.85 ], [ 127.05, 34.75 ], [ 127.15, 34.75 ] ] ] } },
{ "type": "Feature", "properties": { "sigma_nT": 97.0, "sigma_obs": 1, "spacing_req": 40.9, "spacing_now": 19.4, "deficit": 0.47, "sp_tier": "mid", "df_tier": "ok" }, "geometry": { "type": "Polygon", "coordinates": [ [ [ 127.25, 34.75 ], [ 127.25, 34.85 ], [ 127.15, 34.85 ], [ 127.15, 34.75 ], [ 127.25, 34.75 ] ] ] } },
{ "type": "Feature", "properties": { "sigma_nT": 95.0, "sigma_obs": 1, "spacing_req": 41.3, "spacing_now": 3.0, "deficit": 0.07, "sp_tier": "mid", "df_tier": "ok" }, "geometry": { "type": "Polygon", "coordinates": [ [ [ 127.35, 34.75 ], [ 127.35, 34.85 ], [ 127.25, 34.85 ], [ 127.25, 34.75 ], [ 127.35, 34.75 ] ] ] } },
{ "type": "Feature", "properties": { "sigma_nT": 105.0, "sigma_obs": 1, "spacing_req": 39.2, "spacing_now": 17.6, "deficit": 0.45, "sp_tier": "mid", "df_tier": "ok" }, "geometry": { "type": "Polygon", "coordinates": [ [ [ 127.45, 34.75 ], [ 127.45, 34.85 ], [ 127.35, 34.85 ], [ 127.35, 34.75 ], [ 127.45, 34.75 ] ] ] } },
{ "type": "Feature", "properties": { "sigma_nT": 118.0, "sigma_obs": 1, "spacing_req": 37.1, "spacing_now": 88.9, "deficit": 2.4, "sp_tier": "mid", "df_tier": "critical" }, "geometry": { "type": "Polygon", "coordinates": [ [ [ 126.05, 34.85 ], [ 126.05, 34.95 ], [ 125.95, 34.95 ], [ 125.95, 34.85 ], [ 126.05, 34.85 ] ] ] } },
{ "type": "Feature", "properties": { "sigma_nT": 119.0, "sigma_obs": 1, "spacing_req": 36.8, "spacing_now": 76.4, "deficit": 2.08, "sp_tier": "mid", "df_tier": "critical" }, "geometry": { "type": "Polygon", "coordinates": [ [ [ 126.15, 34.85 ], [ 126.15, 34.95 ], [ 126.05, 34.95 ], [ 126.05, 34.85 ], [ 126.15, 34.85 ] ] ] } },
{ "type": "Feature", "properties": { "sigma_nT": 109.0, "sigma_obs": 1, "spacing_req": 38.4, "spacing_now": 60.1, "deficit": 1.56, "sp_tier": "mid", "df_tier": "short" }, "geometry": { "type": "Polygon", "coordinates": [ [ [ 126.45, 34.85 ], [ 126.45, 34.95 ], [ 126.35, 34.95 ], [ 126.35, 34.85 ], [ 126.45, 34.85 ] ] ] } },
{ "type": "Feature", "properties": { "sigma_nT": 105.0, "sigma_obs": 1, "spacing_req": 39.2, "spacing_now": 64.7, "deficit": 1.65, "sp_tier": "mid", "df_tier": "short" }, "geometry": { "type": "Polygon", "coordinates": [ [ [ 126.55, 34.85 ], [ 126.55, 34.95 ], [ 126.45, 34.95 ], [ 126.45, 34.85 ], [ 126.55, 34.85 ] ] ] } },
{ "type": "Feature", "properties": { "sigma_nT": 99.0, "sigma_obs": 1, "spacing_req": 40.3, "spacing_now": 73.8, "deficit": 1.83, "sp_tier": "mid", "df_tier": "short" }, "geometry": { "type": "Polygon", "coordinates": [ [ [ 126.65, 34.85 ], [ 126.65, 34.95 ], [ 126.55, 34.95 ], [ 126.55, 34.85 ], [ 126.65, 34.85 ] ] ] } },
{ "type": "Feature", "properties": { "sigma_nT": 98.0, "sigma_obs": 1, "spacing_req": 40.5, "spacing_now": 78.9, "deficit": 1.95, "sp_tier": "mid", "df_tier": "short" }, "geometry": { "type": "Polygon", "coordinates": [ [ [ 126.75, 34.85 ], [ 126.75, 34.95 ], [ 126.65, 34.95 ], [ 126.65, 34.85 ], [ 126.75, 34.85 ] ] ] } },
{ "type": "Feature", "properties": { "sigma_nT": 114.0, "sigma_obs": 1, "spacing_req": 37.6, "spacing_now": 68.5, "deficit": 1.82, "sp_tier": "mid", "df_tier": "short" }, "geometry": { "type": "Polygon", "coordinates": [ [ [ 126.85, 34.85 ], [ 126.85, 34.95 ], [ 126.75, 34.95 ], [ 126.75, 34.85 ], [ 126.85, 34.85 ] ] ] } },
{ "type": "Feature", "properties": { "sigma_nT": 112.0, "sigma_obs": 1, "spacing_req": 38.0, "spacing_now": 62.0, "deficit": 1.63, "sp_tier": "mid", "df_tier": "short" }, "geometry": { "type": "Polygon", "coordinates": [ [ [ 126.95, 34.85 ], [ 126.95, 34.95 ], [ 126.85, 34.95 ], [ 126.85, 34.85 ], [ 126.95, 34.85 ] ] ] } },
{ "type": "Feature", "properties": { "sigma_nT": 106.0, "sigma_obs": 1, "spacing_req": 39.1, "spacing_now": 60.5, "deficit": 1.55, "sp_tier": "mid", "df_tier": "short" }, "geometry": { "type": "Polygon", "coordinates": [ [ [ 127.05, 34.85 ], [ 127.05, 34.95 ], [ 126.95, 34.95 ], [ 126.95, 34.85 ], [ 127.05, 34.85 ] ] ] } },
{ "type": "Feature", "properties": { "sigma_nT": 98.0, "sigma_obs": 1, "spacing_req": 40.7, "spacing_now": 45.0, "deficit": 1.11, "sp_tier": "mid", "df_tier": "mild" }, "geometry": { "type": "Polygon", "coordinates": [ [ [ 127.15, 34.85 ], [ 127.15, 34.95 ], [ 127.05, 34.95 ], [ 127.05, 34.85 ], [ 127.15, 34.85 ] ] ] } },
{ "type": "Feature", "properties": { "sigma_nT": 99.0, "sigma_obs": 1, "spacing_req": 40.4, "spacing_now": 31.5, "deficit": 0.78, "sp_tier": "mid", "df_tier": "ok" }, "geometry": { "type": "Polygon", "coordinates": [ [ [ 127.25, 34.85 ], [ 127.25, 34.95 ], [ 127.15, 34.95 ], [ 127.15, 34.85 ], [ 127.25, 34.85 ] ] ] } },
{ "type": "Feature", "properties": { "sigma_nT": 86.0, "sigma_obs": 1, "spacing_req": 43.5, "spacing_now": 25.0, "deficit": 0.58, "sp_tier": "mid", "df_tier": "ok" }, "geometry": { "type": "Polygon", "coordinates": [ [ [ 127.35, 34.85 ], [ 127.35, 34.95 ], [ 127.25, 34.95 ], [ 127.25, 34.85 ], [ 127.35, 34.85 ] ] ] } },
{ "type": "Feature", "properties": { "sigma_nT": 94.0, "sigma_obs": 1, "spacing_req": 41.5, "spacing_now": 30.4, "deficit": 0.73, "sp_tier": "mid", "df_tier": "ok" }, "geometry": { "type": "Polygon", "coordinates": [ [ [ 127.45, 34.85 ], [ 127.45, 34.95 ], [ 127.35, 34.95 ], [ 127.35, 34.85 ], [ 127.45, 34.85 ] ] ] } },
{ "type": "Feature", "properties": { "sigma_nT": 128.0, "sigma_obs": 1, "spacing_req": 35.6, "spacing_now": 43.5, "deficit": 1.22, "sp_tier": "mid", "df_tier": "mild" }, "geometry": { "type": "Polygon", "coordinates": [ [ [ 127.55, 34.85 ], [ 127.55, 34.95 ], [ 127.45, 34.95 ], [ 127.45, 34.85 ], [ 127.55, 34.85 ] ] ] } },
{ "type": "Feature", "properties": { "sigma_nT": 105.0, "sigma_obs": 1, "spacing_req": 39.2, "spacing_now": 39.2, "deficit": 1.0, "sp_tier": "mid", "df_tier": "mild" }, "geometry": { "type": "Polygon", "coordinates": [ [ [ 126.35, 34.95 ], [ 126.35, 35.05 ], [ 126.25, 35.05 ], [ 126.25, 34.95 ], [ 126.35, 34.95 ] ] ] } },
{ "type": "Feature", "properties": { "sigma_nT": 97.0, "sigma_obs": 1, "spacing_req": 40.9, "spacing_now": 38.2, "deficit": 0.93, "sp_tier": "mid", "df_tier": "ok" }, "geometry": { "type": "Polygon", "coordinates": [ [ [ 126.45, 34.95 ], [ 126.45, 35.05 ], [ 126.35, 35.05 ], [ 126.35, 34.95 ], [ 126.45, 34.95 ] ] ] } },
{ "type": "Feature", "properties": { "sigma_nT": 91.0, "sigma_obs": 1, "spacing_req": 42.0, "spacing_now": 45.2, "deficit": 1.07, "sp_tier": "mid", "df_tier": "mild" }, "geometry": { "type": "Polygon", "coordinates": [ [ [ 126.55, 34.95 ], [ 126.55, 35.05 ], [ 126.45, 35.05 ], [ 126.45, 34.95 ], [ 126.55, 34.95 ] ] ] } },
{ "type": "Feature", "properties": { "sigma_nT": 91.0, "sigma_obs": 1, "spacing_req": 42.1, "spacing_now": 57.4, "deficit": 1.36, "sp_tier": "mid", "df_tier": "mild" }, "geometry": { "type": "Polygon", "coordinates": [ [ [ 126.65, 34.95 ], [ 126.65, 35.05 ], [ 126.55, 35.05 ], [ 126.55, 34.95 ], [ 126.65, 34.95 ] ] ] } },
{ "type": "Feature", "properties": { "sigma_nT": 91.0, "sigma_obs": 1, "spacing_req": 42.0, "spacing_now": 72.1, "deficit": 1.72, "sp_tier": "mid", "df_tier": "short" }, "geometry": { "type": "Polygon", "coordinates": [ [ [ 126.75, 34.95 ], [ 126.75, 35.05 ], [ 126.65, 35.05 ], [ 126.65, 34.95 ], [ 126.75, 34.95 ] ] ] } },
{ "type": "Feature", "properties": { "sigma_nT": 105.0, "sigma_obs": 1, "spacing_req": 39.2, "spacing_now": 88.2, "deficit": 2.25, "sp_tier": "mid", "df_tier": "critical" }, "geometry": { "type": "Polygon", "coordinates": [ [ [ 126.85, 34.95 ], [ 126.85, 35.05 ], [ 126.75, 35.05 ], [ 126.75, 34.95 ], [ 126.85, 34.95 ] ] ] } },
{ "type": "Feature", "properties": { "sigma_nT": 104.0, "sigma_obs": 1, "spacing_req": 39.3, "spacing_now": 78.8, "deficit": 2.0, "sp_tier": "mid", "df_tier": "critical" }, "geometry": { "type": "Polygon", "coordinates": [ [ [ 126.95, 34.95 ], [ 126.95, 35.05 ], [ 126.85, 35.05 ], [ 126.85, 34.95 ], [ 126.95, 34.95 ] ] ] } },
{ "type": "Feature", "properties": { "sigma_nT": 104.0, "sigma_obs": 1, "spacing_req": 39.5, "spacing_now": 70.3, "deficit": 1.78, "sp_tier": "mid", "df_tier": "short" }, "geometry": { "type": "Polygon", "coordinates": [ [ [ 127.05, 34.95 ], [ 127.05, 35.05 ], [ 126.95, 35.05 ], [ 126.95, 34.95 ], [ 127.05, 34.95 ] ] ] } },
{ "type": "Feature", "properties": { "sigma_nT": 94.0, "sigma_obs": 1, "spacing_req": 41.5, "spacing_now": 60.2, "deficit": 1.45, "sp_tier": "mid", "df_tier": "mild" }, "geometry": { "type": "Polygon", "coordinates": [ [ [ 127.15, 34.95 ], [ 127.15, 35.05 ], [ 127.05, 35.05 ], [ 127.05, 34.95 ], [ 127.15, 34.95 ] ] ] } },
{ "type": "Feature", "properties": { "sigma_nT": 91.0, "sigma_obs": 1, "spacing_req": 42.2, "spacing_now": 50.8, "deficit": 1.21, "sp_tier": "mid", "df_tier": "mild" }, "geometry": { "type": "Polygon", "coordinates": [ [ [ 127.25, 34.95 ], [ 127.25, 35.05 ], [ 127.15, 35.05 ], [ 127.15, 34.95 ], [ 127.25, 34.95 ] ] ] } },
{ "type": "Feature", "properties": { "sigma_nT": 79.0, "sigma_obs": 1, "spacing_req": 45.3, "spacing_now": 47.1, "deficit": 1.04, "sp_tier": "mid", "df_tier": "mild" }, "geometry": { "type": "Polygon", "coordinates": [ [ [ 127.35, 34.95 ], [ 127.35, 35.05 ], [ 127.25, 35.05 ], [ 127.25, 34.95 ], [ 127.35, 34.95 ] ] ] } },
{ "type": "Feature", "properties": { "sigma_nT": 84.0, "sigma_obs": 1, "spacing_req": 43.8, "spacing_now": 50.2, "deficit": 1.15, "sp_tier": "mid", "df_tier": "mild" }, "geometry": { "type": "Polygon", "coordinates": [ [ [ 127.45, 34.95 ], [ 127.45, 35.05 ], [ 127.35, 35.05 ], [ 127.35, 34.95 ], [ 127.45, 34.95 ] ] ] } },
{ "type": "Feature", "properties": { "sigma_nT": 109.0, "sigma_obs": 1, "spacing_req": 38.5, "spacing_now": 59.0, "deficit": 1.53, "sp_tier": "mid", "df_tier": "short" }, "geometry": { "type": "Polygon", "coordinates": [ [ [ 127.55, 34.95 ], [ 127.55, 35.05 ], [ 127.45, 35.05 ], [ 127.45, 34.95 ], [ 127.55, 34.95 ] ] ] } },
{ "type": "Feature", "properties": { "sigma_nT": 117.0, "sigma_obs": 1, "spacing_req": 37.1, "spacing_now": 71.6, "deficit": 1.93, "sp_tier": "mid", "df_tier": "short" }, "geometry": { "type": "Polygon", "coordinates": [ [ [ 127.65, 34.95 ], [ 127.65, 35.05 ], [ 127.55, 35.05 ], [ 127.55, 34.95 ], [ 127.65, 34.95 ] ] ] } },
{ "type": "Feature", "properties": { "sigma_nT": 123.0, "sigma_obs": 1, "spacing_req": 36.3, "spacing_now": 61.9, "deficit": 1.71, "sp_tier": "mid", "df_tier": "short" }, "geometry": { "type": "Polygon", "coordinates": [ [ [ 127.75, 34.95 ], [ 127.75, 35.05 ], [ 127.65, 35.05 ], [ 127.65, 34.95 ], [ 127.75, 34.95 ] ] ] } },
{ "type": "Feature", "properties": { "sigma_nT": 126.0, "sigma_obs": 1, "spacing_req": 35.7, "spacing_now": 46.9, "deficit": 1.31, "sp_tier": "mid", "df_tier": "mild" }, "geometry": { "type": "Polygon", "coordinates": [ [ [ 127.849999999999895, 34.95 ], [ 127.849999999999895, 35.05 ], [ 127.75, 35.05 ], [ 127.75, 34.95 ], [ 127.849999999999895, 34.95 ] ] ] } },
{ "type": "Feature", "properties": { "sigma_nT": 126.0, "sigma_obs": 1, "spacing_req": 35.8, "spacing_now": 35.1, "deficit": 0.98, "sp_tier": "mid", "df_tier": "ok" }, "geometry": { "type": "Polygon", "coordinates": [ [ [ 127.949999999999889, 34.95 ], [ 127.949999999999889, 35.05 ], [ 127.849999999999895, 35.05 ], [ 127.849999999999895, 34.95 ], [ 127.949999999999889, 34.95 ] ] ] } },
{ "type": "Feature", "properties": { "sigma_nT": 131.0, "sigma_obs": 1, "spacing_req": 35.1, "spacing_now": 30.5, "deficit": 0.87, "sp_tier": "mid", "df_tier": "ok" }, "geometry": { "type": "Polygon", "coordinates": [ [ [ 128.049999999999898, 34.95 ], [ 128.049999999999898, 35.05 ], [ 127.949999999999889, 35.05 ], [ 127.949999999999889, 34.95 ], [ 128.049999999999898, 34.95 ] ] ] } },
{ "type": "Feature", "properties": { "sigma_nT": 95.0, "sigma_obs": 1, "spacing_req": 41.3, "spacing_now": 19.1, "deficit": 0.46, "sp_tier": "mid", "df_tier": "ok" }, "geometry": { "type": "Polygon", "coordinates": [ [ [ 126.35, 35.05 ], [ 126.35, 35.15 ], [ 126.25, 35.15 ], [ 126.25, 35.05 ], [ 126.35, 35.05 ] ] ] } },
{ "type": "Feature", "properties": { "sigma_nT": 90.0, "sigma_obs": 1, "spacing_req": 42.3, "spacing_now": 16.9, "deficit": 0.4, "sp_tier": "mid", "df_tier": "ok" }, "geometry": { "type": "Polygon", "coordinates": [ [ [ 126.45, 35.05 ], [ 126.45, 35.15 ], [ 126.35, 35.15 ], [ 126.35, 35.05 ], [ 126.45, 35.05 ] ] ] } },
{ "type": "Feature", "properties": { "sigma_nT": 84.0, "sigma_obs": 1, "spacing_req": 44.0, "spacing_now": 29.5, "deficit": 0.67, "sp_tier": "mid", "df_tier": "ok" }, "geometry": { "type": "Polygon", "coordinates": [ [ [ 126.55, 35.05 ], [ 126.55, 35.15 ], [ 126.45, 35.15 ], [ 126.45, 35.05 ], [ 126.55, 35.05 ] ] ] } },
{ "type": "Feature", "properties": { "sigma_nT": 87.0, "sigma_obs": 1, "spacing_req": 43.0, "spacing_now": 46.0, "deficit": 1.07, "sp_tier": "mid", "df_tier": "mild" }, "geometry": { "type": "Polygon", "coordinates": [ [ [ 126.65, 35.05 ], [ 126.65, 35.15 ], [ 126.55, 35.15 ], [ 126.55, 35.05 ], [ 126.65, 35.05 ] ] ] } },
{ "type": "Feature", "properties": { "sigma_nT": 112.0, "sigma_obs": 1, "spacing_req": 38.0, "spacing_now": 63.5, "deficit": 1.67, "sp_tier": "mid", "df_tier": "short" }, "geometry": { "type": "Polygon", "coordinates": [ [ [ 126.75, 35.05 ], [ 126.75, 35.15 ], [ 126.65, 35.15 ], [ 126.65, 35.05 ], [ 126.75, 35.05 ] ] ] } },
{ "type": "Feature", "properties": { "sigma_nT": 84.0, "sigma_obs": 1, "spacing_req": 43.8, "spacing_now": 52.4, "deficit": 1.2, "sp_tier": "mid", "df_tier": "mild" }, "geometry": { "type": "Polygon", "coordinates": [ [ [ 127.35, 35.05 ], [ 127.35, 35.15 ], [ 127.25, 35.15 ], [ 127.25, 35.05 ], [ 127.35, 35.05 ] ] ] } },
{ "type": "Feature", "properties": { "sigma_nT": 74.0, "sigma_obs": 1, "spacing_req": 46.7, "spacing_now": 64.3, "deficit": 1.38, "sp_tier": "mid", "df_tier": "mild" }, "geometry": { "type": "Polygon", "coordinates": [ [ [ 127.45, 35.05 ], [ 127.45, 35.15 ], [ 127.35, 35.15 ], [ 127.35, 35.05 ], [ 127.45, 35.05 ] ] ] } },
{ "type": "Feature", "properties": { "sigma_nT": 88.0, "sigma_obs": 1, "spacing_req": 42.8, "spacing_now": 77.8, "deficit": 1.82, "sp_tier": "mid", "df_tier": "short" }, "geometry": { "type": "Polygon", "coordinates": [ [ [ 127.55, 35.05 ], [ 127.55, 35.15 ], [ 127.45, 35.15 ], [ 127.45, 35.05 ], [ 127.55, 35.05 ] ] ] } },
{ "type": "Feature", "properties": { "sigma_nT": 91.0, "sigma_obs": 1, "spacing_req": 42.2, "spacing_now": 87.7, "deficit": 2.08, "sp_tier": "mid", "df_tier": "critical" }, "geometry": { "type": "Polygon", "coordinates": [ [ [ 127.65, 35.05 ], [ 127.65, 35.15 ], [ 127.55, 35.15 ], [ 127.55, 35.05 ], [ 127.65, 35.05 ] ] ] } },
{ "type": "Feature", "properties": { "sigma_nT": 94.0, "sigma_obs": 1, "spacing_req": 41.4, "spacing_now": 75.3, "deficit": 1.82, "sp_tier": "mid", "df_tier": "short" }, "geometry": { "type": "Polygon", "coordinates": [ [ [ 127.75, 35.05 ], [ 127.75, 35.15 ], [ 127.65, 35.15 ], [ 127.65, 35.05 ], [ 127.75, 35.05 ] ] ] } },
{ "type": "Feature", "properties": { "sigma_nT": 103.0, "sigma_obs": 1, "spacing_req": 39.6, "spacing_now": 63.6, "deficit": 1.6, "sp_tier": "mid", "df_tier": "short" }, "geometry": { "type": "Polygon", "coordinates": [ [ [ 127.849999999999895, 35.05 ], [ 127.849999999999895, 35.15 ], [ 127.75, 35.15 ], [ 127.75, 35.05 ], [ 127.849999999999895, 35.05 ] ] ] } },
{ "type": "Feature", "properties": { "sigma_nT": 106.0, "sigma_obs": 1, "spacing_req": 39.1, "spacing_now": 55.4, "deficit": 1.42, "sp_tier": "mid", "df_tier": "mild" }, "geometry": { "type": "Polygon", "coordinates": [ [ [ 127.949999999999889, 35.05 ], [ 127.949999999999889, 35.15 ], [ 127.849999999999895, 35.15 ], [ 127.849999999999895, 35.05 ], [ 127.949999999999889, 35.05 ] ] ] } },
{ "type": "Feature", "properties": { "sigma_nT": 111.0, "sigma_obs": 1, "spacing_req": 38.2, "spacing_now": 52.7, "deficit": 1.38, "sp_tier": "mid", "df_tier": "mild" }, "geometry": { "type": "Polygon", "coordinates": [ [ [ 128.049999999999898, 35.05 ], [ 128.049999999999898, 35.15 ], [ 127.949999999999889, 35.15 ], [ 127.949999999999889, 35.05 ], [ 128.049999999999898, 35.05 ] ] ] } },
{ "type": "Feature", "properties": { "sigma_nT": 98.0, "sigma_obs": 1, "spacing_req": 40.6, "spacing_now": 13.1, "deficit": 0.32, "sp_tier": "mid", "df_tier": "ok" }, "geometry": { "type": "Polygon", "coordinates": [ [ [ 126.35, 35.15 ], [ 126.35, 35.25 ], [ 126.25, 35.25 ], [ 126.25, 35.15 ], [ 126.35, 35.15 ] ] ] } },
{ "type": "Feature", "properties": { "sigma_nT": 95.0, "sigma_obs": 1, "spacing_req": 41.2, "spacing_now": 9.6, "deficit": 0.23, "sp_tier": "mid", "df_tier": "ok" }, "geometry": { "type": "Polygon", "coordinates": [ [ [ 126.45, 35.15 ], [ 126.45, 35.25 ], [ 126.35, 35.25 ], [ 126.35, 35.15 ], [ 126.45, 35.15 ] ] ] } },
{ "type": "Feature", "properties": { "sigma_nT": 94.0, "sigma_obs": 1, "spacing_req": 41.5, "spacing_now": 26.0, "deficit": 0.63, "sp_tier": "mid", "df_tier": "ok" }, "geometry": { "type": "Polygon", "coordinates": [ [ [ 126.55, 35.15 ], [ 126.55, 35.25 ], [ 126.45, 35.25 ], [ 126.45, 35.15 ], [ 126.55, 35.15 ] ] ] } },
{ "type": "Feature", "properties": { "sigma_nT": 95.0, "sigma_obs": 1, "spacing_req": 41.3, "spacing_now": 43.8, "deficit": 1.06, "sp_tier": "mid", "df_tier": "mild" }, "geometry": { "type": "Polygon", "coordinates": [ [ [ 126.65, 35.15 ], [ 126.65, 35.25 ], [ 126.55, 35.25 ], [ 126.55, 35.15 ], [ 126.65, 35.15 ] ] ] } },
{ "type": "Feature", "properties": { "sigma_nT": 124.0, "sigma_obs": 1, "spacing_req": 36.1, "spacing_now": 61.9, "deficit": 1.71, "sp_tier": "mid", "df_tier": "short" }, "geometry": { "type": "Polygon", "coordinates": [ [ [ 126.75, 35.15 ], [ 126.75, 35.25 ], [ 126.65, 35.25 ], [ 126.65, 35.15 ], [ 126.75, 35.15 ] ] ] } },
{ "type": "Feature", "properties": { "sigma_nT": 84.0, "sigma_obs": 1, "spacing_req": 43.9, "spacing_now": 36.2, "deficit": 0.82, "sp_tier": "mid", "df_tier": "ok" }, "geometry": { "type": "Polygon", "coordinates": [ [ [ 127.35, 35.15 ], [ 127.35, 35.25 ], [ 127.25, 35.25 ], [ 127.25, 35.15 ], [ 127.35, 35.15 ] ] ] } },
{ "type": "Feature", "properties": { "sigma_nT": 79.0, "sigma_obs": 1, "spacing_req": 45.3, "spacing_now": 52.0, "deficit": 1.15, "sp_tier": "mid", "df_tier": "mild" }, "geometry": { "type": "Polygon", "coordinates": [ [ [ 127.45, 35.15 ], [ 127.45, 35.25 ], [ 127.35, 35.25 ], [ 127.35, 35.15 ], [ 127.45, 35.15 ] ] ] } },
{ "type": "Feature", "properties": { "sigma_nT": 86.0, "sigma_obs": 1, "spacing_req": 43.4, "spacing_now": 69.0, "deficit": 1.59, "sp_tier": "mid", "df_tier": "short" }, "geometry": { "type": "Polygon", "coordinates": [ [ [ 127.55, 35.15 ], [ 127.55, 35.25 ], [ 127.45, 35.25 ], [ 127.45, 35.15 ], [ 127.55, 35.15 ] ] ] } },
{ "type": "Feature", "properties": { "sigma_nT": 88.0, "sigma_obs": 1, "spacing_req": 43.0, "spacing_now": 75.9, "deficit": 1.77, "sp_tier": "mid", "df_tier": "short" }, "geometry": { "type": "Polygon", "coordinates": [ [ [ 127.65, 35.15 ], [ 127.65, 35.25 ], [ 127.55, 35.25 ], [ 127.55, 35.15 ], [ 127.65, 35.15 ] ] ] } },
{ "type": "Feature", "properties": { "sigma_nT": 111.0, "sigma_obs": 1, "spacing_req": 38.1, "spacing_now": 77.0, "deficit": 2.02, "sp_tier": "mid", "df_tier": "critical" }, "geometry": { "type": "Polygon", "coordinates": [ [ [ 127.75, 35.15 ], [ 127.75, 35.25 ], [ 127.65, 35.25 ], [ 127.65, 35.15 ], [ 127.75, 35.15 ] ] ] } },
{ "type": "Feature", "properties": { "sigma_nT": 117.0, "sigma_obs": 1, "spacing_req": 37.1, "spacing_now": 82.3, "deficit": 2.22, "sp_tier": "mid", "df_tier": "critical" }, "geometry": { "type": "Polygon", "coordinates": [ [ [ 127.849999999999895, 35.15 ], [ 127.849999999999895, 35.25 ], [ 127.75, 35.25 ], [ 127.75, 35.15 ], [ 127.849999999999895, 35.15 ] ] ] } },
{ "type": "Feature", "properties": { "sigma_nT": 120.0, "sigma_obs": 1, "spacing_req": 36.8, "spacing_now": 76.8, "deficit": 2.09, "sp_tier": "mid", "df_tier": "critical" }, "geometry": { "type": "Polygon", "coordinates": [ [ [ 127.949999999999889, 35.15 ], [ 127.949999999999889, 35.25 ], [ 127.849999999999895, 35.25 ], [ 127.849999999999895, 35.15 ], [ 127.949999999999889, 35.15 ] ] ] } },
{ "type": "Feature", "properties": { "sigma_nT": 116.0, "sigma_obs": 1, "spacing_req": 37.3, "spacing_now": 74.8, "deficit": 2.01, "sp_tier": "mid", "df_tier": "critical" }, "geometry": { "type": "Polygon", "coordinates": [ [ [ 128.049999999999898, 35.15 ], [ 128.049999999999898, 35.25 ], [ 127.949999999999889, 35.25 ], [ 127.949999999999889, 35.15 ], [ 128.049999999999898, 35.15 ] ] ] } },
{ "type": "Feature", "properties": { "sigma_nT": 107.0, "sigma_obs": 1, "spacing_req": 38.8, "spacing_now": 29.6, "deficit": 0.76, "sp_tier": "mid", "df_tier": "ok" }, "geometry": { "type": "Polygon", "coordinates": [ [ [ 126.45, 35.25 ], [ 126.45, 35.35 ], [ 126.35, 35.35 ], [ 126.35, 35.25 ], [ 126.45, 35.25 ] ] ] } },
{ "type": "Feature", "properties": { "sigma_nT": 113.0, "sigma_obs": 1, "spacing_req": 37.8, "spacing_now": 38.2, "deficit": 1.01, "sp_tier": "mid", "df_tier": "mild" }, "geometry": { "type": "Polygon", "coordinates": [ [ [ 126.55, 35.25 ], [ 126.55, 35.35 ], [ 126.45, 35.35 ], [ 126.45, 35.25 ], [ 126.55, 35.25 ] ] ] } },
{ "type": "Feature", "properties": { "sigma_nT": 131.0, "sigma_obs": 1, "spacing_req": 35.1, "spacing_now": 52.0, "deficit": 1.48, "sp_tier": "mid", "df_tier": "mild" }, "geometry": { "type": "Polygon", "coordinates": [ [ [ 126.65, 35.25 ], [ 126.65, 35.35 ], [ 126.55, 35.35 ], [ 126.55, 35.25 ], [ 126.65, 35.25 ] ] ] } },
{ "type": "Feature", "properties": { "sigma_nT": 93.0, "sigma_obs": 1, "spacing_req": 41.7, "spacing_now": 29.2, "deficit": 0.7, "sp_tier": "mid", "df_tier": "ok" }, "geometry": { "type": "Polygon", "coordinates": [ [ [ 127.35, 35.25 ], [ 127.35, 35.35 ], [ 127.25, 35.35 ], [ 127.25, 35.25 ], [ 127.35, 35.25 ] ] ] } },
{ "type": "Feature", "properties": { "sigma_nT": 80.0, "sigma_obs": 1, "spacing_req": 44.8, "spacing_now": 47.4, "deficit": 1.06, "sp_tier": "mid", "df_tier": "mild" }, "geometry": { "type": "Polygon", "coordinates": [ [ [ 127.45, 35.25 ], [ 127.45, 35.35 ], [ 127.35, 35.35 ], [ 127.35, 35.25 ], [ 127.45, 35.25 ] ] ] } },
{ "type": "Feature", "properties": { "sigma_nT": 84.0, "sigma_obs": 1, "spacing_req": 43.9, "spacing_now": 58.1, "deficit": 1.32, "sp_tier": "mid", "df_tier": "mild" }, "geometry": { "type": "Polygon", "coordinates": [ [ [ 127.55, 35.25 ], [ 127.55, 35.35 ], [ 127.45, 35.35 ], [ 127.45, 35.25 ], [ 127.55, 35.25 ] ] ] } },
{ "type": "Feature", "properties": { "sigma_nT": 81.0, "sigma_obs": 1, "spacing_req": 44.6, "spacing_now": 53.8, "deficit": 1.21, "sp_tier": "mid", "df_tier": "mild" }, "geometry": { "type": "Polygon", "coordinates": [ [ [ 127.65, 35.25 ], [ 127.65, 35.35 ], [ 127.55, 35.35 ], [ 127.55, 35.25 ], [ 127.65, 35.25 ] ] ] } },
{ "type": "Feature", "properties": { "sigma_nT": 126.0, "sigma_obs": 1, "spacing_req": 35.8, "spacing_now": 55.4, "deficit": 1.55, "sp_tier": "mid", "df_tier": "short" }, "geometry": { "type": "Polygon", "coordinates": [ [ [ 127.75, 35.25 ], [ 127.75, 35.35 ], [ 127.65, 35.35 ], [ 127.65, 35.25 ], [ 127.75, 35.25 ] ] ] } },
{ "type": "Feature", "properties": { "sigma_nT": 119.0, "sigma_obs": 1, "spacing_req": 36.9, "spacing_now": 51.4, "deficit": 1.39, "sp_tier": "mid", "df_tier": "mild" }, "geometry": { "type": "Polygon", "coordinates": [ [ [ 126.45, 35.35 ], [ 126.45, 35.45 ], [ 126.35, 35.45 ], [ 126.35, 35.35 ], [ 126.45, 35.35 ] ] ] } },
{ "type": "Feature", "properties": { "sigma_nT": 119.0, "sigma_obs": 1, "spacing_req": 36.8, "spacing_now": 56.8, "deficit": 1.54, "sp_tier": "mid", "df_tier": "short" }, "geometry": { "type": "Polygon", "coordinates": [ [ [ 126.55, 35.35 ], [ 126.55, 35.45 ], [ 126.45, 35.45 ], [ 126.45, 35.35 ], [ 126.55, 35.35 ] ] ] } },
{ "type": "Feature", "properties": { "sigma_nT": 99.0, "sigma_obs": 1, "spacing_req": 40.4, "spacing_now": 37.0, "deficit": 0.92, "sp_tier": "mid", "df_tier": "ok" }, "geometry": { "type": "Polygon", "coordinates": [ [ [ 127.35, 35.35 ], [ 127.35, 35.45 ], [ 127.25, 35.45 ], [ 127.25, 35.35 ], [ 127.35, 35.35 ] ] ] } },
{ "type": "Feature", "properties": { "sigma_nT": 79.0, "sigma_obs": 1, "spacing_req": 45.3, "spacing_now": 51.3, "deficit": 1.13, "sp_tier": "mid", "df_tier": "mild" }, "geometry": { "type": "Polygon", "coordinates": [ [ [ 127.45, 35.35 ], [ 127.45, 35.45 ], [ 127.35, 35.45 ], [ 127.35, 35.35 ], [ 127.45, 35.35 ] ] ] } },
{ "type": "Feature", "properties": { "sigma_nT": 80.0, "sigma_obs": 1, "spacing_req": 45.1, "spacing_now": 38.6, "deficit": 0.86, "sp_tier": "mid", "df_tier": "ok" }, "geometry": { "type": "Polygon", "coordinates": [ [ [ 127.55, 35.35 ], [ 127.55, 35.45 ], [ 127.45, 35.45 ], [ 127.45, 35.35 ], [ 127.55, 35.35 ] ] ] } },
{ "type": "Feature", "properties": { "sigma_nT": 79.0, "sigma_obs": 1, "spacing_req": 45.3, "spacing_now": 31.8, "deficit": 0.7, "sp_tier": "mid", "df_tier": "ok" }, "geometry": { "type": "Polygon", "coordinates": [ [ [ 127.65, 35.35 ], [ 127.65, 35.45 ], [ 127.55, 35.45 ], [ 127.55, 35.35 ], [ 127.65, 35.35 ] ] ] } },
{ "type": "Feature", "properties": { "sigma_nT": 128.0, "sigma_obs": 1, "spacing_req": 35.6, "spacing_now": 34.5, "deficit": 0.97, "sp_tier": "mid", "df_tier": "ok" }, "geometry": { "type": "Polygon", "coordinates": [ [ [ 127.75, 35.35 ], [ 127.75, 35.45 ], [ 127.65, 35.45 ], [ 127.65, 35.35 ], [ 127.75, 35.35 ] ] ] } },
{ "type": "Feature", "properties": { "sigma_nT": 129.0, "sigma_obs": 1, "spacing_req": 35.4, "spacing_now": 43.7, "deficit": 1.24, "sp_tier": "mid", "df_tier": "mild" }, "geometry": { "type": "Polygon", "coordinates": [ [ [ 126.55, 35.45 ], [ 126.55, 35.55 ], [ 126.45, 35.55 ], [ 126.45, 35.45 ], [ 126.55, 35.45 ] ] ] } },
{ "type": "Feature", "properties": { "sigma_nT": 100.0, "sigma_obs": 1, "spacing_req": 40.1, "spacing_now": 53.6, "deficit": 1.34, "sp_tier": "mid", "df_tier": "mild" }, "geometry": { "type": "Polygon", "coordinates": [ [ [ 127.35, 35.45 ], [ 127.35, 35.55 ], [ 127.25, 35.55 ], [ 127.25, 35.45 ], [ 127.35, 35.45 ] ] ] } },
{ "type": "Feature", "properties": { "sigma_nT": 79.0, "sigma_obs": 1, "spacing_req": 45.3, "spacing_now": 41.5, "deficit": 0.92, "sp_tier": "mid", "df_tier": "ok" }, "geometry": { "type": "Polygon", "coordinates": [ [ [ 127.45, 35.45 ], [ 127.45, 35.55 ], [ 127.35, 35.55 ], [ 127.35, 35.45 ], [ 127.45, 35.45 ] ] ] } },
{ "type": "Feature", "properties": { "sigma_nT": 73.0, "sigma_obs": 1, "spacing_req": 46.9, "spacing_now": 24.2, "deficit": 0.52, "sp_tier": "mid", "df_tier": "ok" }, "geometry": { "type": "Polygon", "coordinates": [ [ [ 127.55, 35.45 ], [ 127.55, 35.55 ], [ 127.45, 35.55 ], [ 127.45, 35.45 ], [ 127.55, 35.45 ] ] ] } },
{ "type": "Feature", "properties": { "sigma_nT": 75.0, "sigma_obs": 1, "spacing_req": 46.3, "spacing_now": 10.3, "deficit": 0.22, "sp_tier": "mid", "df_tier": "ok" }, "geometry": { "type": "Polygon", "coordinates": [ [ [ 127.65, 35.45 ], [ 127.65, 35.55 ], [ 127.55, 35.55 ], [ 127.55, 35.45 ], [ 127.65, 35.45 ] ] ] } },
{ "type": "Feature", "properties": { "sigma_nT": 125.0, "sigma_obs": 1, "spacing_req": 36.0, "spacing_now": 16.8, "deficit": 0.47, "sp_tier": "mid", "df_tier": "ok" }, "geometry": { "type": "Polygon", "coordinates": [ [ [ 127.75, 35.45 ], [ 127.75, 35.55 ], [ 127.65, 35.55 ], [ 127.65, 35.45 ], [ 127.75, 35.45 ] ] ] } },
{ "type": "Feature", "properties": { "sigma_nT": 129.0, "sigma_obs": 1, "spacing_req": 35.3, "spacing_now": 43.8, "deficit": 1.24, "sp_tier": "mid", "df_tier": "mild" }, "geometry": { "type": "Polygon", "coordinates": [ [ [ 129.349999999999824, 35.45 ], [ 129.349999999999824, 35.55 ], [ 129.249999999999801, 35.55 ], [ 129.249999999999801, 35.45 ], [ 129.349999999999824, 35.45 ] ] ] } },
{ "type": "Feature", "properties": { "sigma_nT": 125.0, "sigma_obs": 1, "spacing_req": 36.0, "spacing_now": 54.8, "deficit": 1.52, "sp_tier": "mid", "df_tier": "short" }, "geometry": { "type": "Polygon", "coordinates": [ [ [ 129.449999999999818, 35.45 ], [ 129.449999999999818, 35.55 ], [ 129.349999999999795, 35.55 ], [ 129.349999999999795, 35.45 ], [ 129.449999999999818, 35.45 ] ] ] } },
{ "type": "Feature", "properties": { "sigma_nT": 125.0, "sigma_obs": 1, "spacing_req": 35.9, "spacing_now": 39.2, "deficit": 1.09, "sp_tier": "mid", "df_tier": "mild" }, "geometry": { "type": "Polygon", "coordinates": [ [ [ 126.55, 35.55 ], [ 126.55, 35.65 ], [ 126.45, 35.65 ], [ 126.45, 35.55 ], [ 126.55, 35.55 ] ] ] } },
{ "type": "Feature", "properties": { "sigma_nT": 119.0, "sigma_obs": 1, "spacing_req": 36.8, "spacing_now": 68.0, "deficit": 1.85, "sp_tier": "mid", "df_tier": "short" }, "geometry": { "type": "Polygon", "coordinates": [ [ [ 127.25, 35.55 ], [ 127.25, 35.65 ], [ 127.15, 35.65 ], [ 127.15, 35.55 ], [ 127.25, 35.55 ] ] ] } },
{ "type": "Feature", "properties": { "sigma_nT": 97.0, "sigma_obs": 1, "spacing_req": 40.7, "spacing_now": 59.9, "deficit": 1.47, "sp_tier": "mid", "df_tier": "mild" }, "geometry": { "type": "Polygon", "coordinates": [ [ [ 127.35, 35.55 ], [ 127.35, 35.65 ], [ 127.25, 35.65 ], [ 127.25, 35.55 ], [ 127.35, 35.55 ] ] ] } },
{ "type": "Feature", "properties": { "sigma_nT": 80.0, "sigma_obs": 1, "spacing_req": 45.0, "spacing_now": 42.3, "deficit": 0.94, "sp_tier": "mid", "df_tier": "ok" }, "geometry": { "type": "Polygon", "coordinates": [ [ [ 127.45, 35.55 ], [ 127.45, 35.65 ], [ 127.35, 35.65 ], [ 127.35, 35.55 ], [ 127.45, 35.55 ] ] ] } },
{ "type": "Feature", "properties": { "sigma_nT": 75.0, "sigma_obs": 1, "spacing_req": 46.3, "spacing_now": 25.6, "deficit": 0.55, "sp_tier": "mid", "df_tier": "ok" }, "geometry": { "type": "Polygon", "coordinates": [ [ [ 127.55, 35.55 ], [ 127.55, 35.65 ], [ 127.45, 35.65 ], [ 127.45, 35.55 ], [ 127.55, 35.55 ] ] ] } },
{ "type": "Feature", "properties": { "sigma_nT": 76.0, "sigma_obs": 1, "spacing_req": 46.0, "spacing_now": 13.4, "deficit": 0.29, "sp_tier": "mid", "df_tier": "ok" }, "geometry": { "type": "Polygon", "coordinates": [ [ [ 127.65, 35.55 ], [ 127.65, 35.65 ], [ 127.55, 35.65 ], [ 127.55, 35.55 ], [ 127.65, 35.55 ] ] ] } },
{ "type": "Feature", "properties": { "sigma_nT": 127.0, "sigma_obs": 1, "spacing_req": 35.7, "spacing_now": 18.9, "deficit": 0.53, "sp_tier": "mid", "df_tier": "ok" }, "geometry": { "type": "Polygon", "coordinates": [ [ [ 127.75, 35.55 ], [ 127.75, 35.65 ], [ 127.65, 35.65 ], [ 127.65, 35.55 ], [ 127.75, 35.55 ] ] ] } },
{ "type": "Feature", "properties": { "sigma_nT": 125.0, "sigma_obs": 1, "spacing_req": 35.9, "spacing_now": 42.4, "deficit": 1.18, "sp_tier": "mid", "df_tier": "mild" }, "geometry": { "type": "Polygon", "coordinates": [ [ [ 129.449999999999818, 35.55 ], [ 129.449999999999818, 35.65 ], [ 129.349999999999795, 35.65 ], [ 129.349999999999795, 35.55 ], [ 129.449999999999818, 35.55 ] ] ] } },
{ "type": "Feature", "properties": { "sigma_nT": 109.0, "sigma_obs": 1, "spacing_req": 38.5, "spacing_now": 59.5, "deficit": 1.54, "sp_tier": "mid", "df_tier": "short" }, "geometry": { "type": "Polygon", "coordinates": [ [ [ 129.549999999999812, 35.55 ], [ 129.549999999999812, 35.65 ], [ 129.44999999999979, 35.65 ], [ 129.44999999999979, 35.55 ], [ 129.549999999999812, 35.55 ] ] ] } },
{ "type": "Feature", "properties": { "sigma_nT": 120.0, "sigma_obs": 1, "spacing_req": 36.6, "spacing_now": 46.3, "deficit": 1.26, "sp_tier": "mid", "df_tier": "mild" }, "geometry": { "type": "Polygon", "coordinates": [ [ [ 126.55, 35.65 ], [ 126.55, 35.75 ], [ 126.45, 35.75 ], [ 126.45, 35.65 ], [ 126.55, 35.65 ] ] ] } },
{ "type": "Feature", "properties": { "sigma_nT": 116.0, "sigma_obs": 1, "spacing_req": 37.3, "spacing_now": 32.5, "deficit": 0.87, "sp_tier": "mid", "df_tier": "ok" }, "geometry": { "type": "Polygon", "coordinates": [ [ [ 126.65, 35.65 ], [ 126.65, 35.75 ], [ 126.55, 35.75 ], [ 126.55, 35.65 ], [ 126.65, 35.65 ] ] ] } },
{ "type": "Feature", "properties": { "sigma_nT": 126.0, "sigma_obs": 1, "spacing_req": 35.8, "spacing_now": 25.0, "deficit": 0.7, "sp_tier": "mid", "df_tier": "ok" }, "geometry": { "type": "Polygon", "coordinates": [ [ [ 126.75, 35.65 ], [ 126.75, 35.75 ], [ 126.65, 35.75 ], [ 126.65, 35.65 ], [ 126.75, 35.65 ] ] ] } },
{ "type": "Feature", "properties": { "sigma_nT": 122.0, "sigma_obs": 1, "spacing_req": 36.4, "spacing_now": 29.1, "deficit": 0.8, "sp_tier": "mid", "df_tier": "ok" }, "geometry": { "type": "Polygon", "coordinates": [ [ [ 126.85, 35.65 ], [ 126.85, 35.75 ], [ 126.75, 35.75 ], [ 126.75, 35.65 ], [ 126.85, 35.65 ] ] ] } },
{ "type": "Feature", "properties": { "sigma_nT": 120.0, "sigma_obs": 1, "spacing_req": 36.7, "spacing_now": 41.5, "deficit": 1.13, "sp_tier": "mid", "df_tier": "mild" }, "geometry": { "type": "Polygon", "coordinates": [ [ [ 126.95, 35.65 ], [ 126.95, 35.75 ], [ 126.85, 35.75 ], [ 126.85, 35.65 ], [ 126.95, 35.65 ] ] ] } },
{ "type": "Feature", "properties": { "sigma_nT": 112.0, "sigma_obs": 1, "spacing_req": 37.9, "spacing_now": 57.0, "deficit": 1.5, "sp_tier": "mid", "df_tier": "short" }, "geometry": { "type": "Polygon", "coordinates": [ [ [ 127.05, 35.65 ], [ 127.05, 35.75 ], [ 126.95, 35.75 ], [ 126.95, 35.65 ], [ 127.05, 35.65 ] ] ] } },
{ "type": "Feature", "properties": { "sigma_nT": 111.0, "sigma_obs": 1, "spacing_req": 38.2, "spacing_now": 73.8, "deficit": 1.93, "sp_tier": "mid", "df_tier": "short" }, "geometry": { "type": "Polygon", "coordinates": [ [ [ 127.15, 35.65 ], [ 127.15, 35.75 ], [ 127.05, 35.75 ], [ 127.05, 35.65 ], [ 127.15, 35.65 ] ] ] } },
{ "type": "Feature", "properties": { "sigma_nT": 93.0, "sigma_obs": 1, "spacing_req": 41.7, "spacing_now": 84.1, "deficit": 2.02, "sp_tier": "mid", "df_tier": "critical" }, "geometry": { "type": "Polygon", "coordinates": [ [ [ 127.25, 35.65 ], [ 127.25, 35.75 ], [ 127.15, 35.75 ], [ 127.15, 35.65 ], [ 127.25, 35.65 ] ] ] } },
{ "type": "Feature", "properties": { "sigma_nT": 88.0, "sigma_obs": 1, "spacing_req": 42.9, "spacing_now": 68.0, "deficit": 1.59, "sp_tier": "mid", "df_tier": "short" }, "geometry": { "type": "Polygon", "coordinates": [ [ [ 127.35, 35.65 ], [ 127.35, 35.75 ], [ 127.25, 35.75 ], [ 127.25, 35.65 ], [ 127.35, 35.65 ] ] ] } },
{ "type": "Feature", "properties": { "sigma_nT": 67.0, "sigma_obs": 1, "spacing_req": 49.0, "spacing_now": 53.3, "deficit": 1.09, "sp_tier": "mid", "df_tier": "mild" }, "geometry": { "type": "Polygon", "coordinates": [ [ [ 127.45, 35.65 ], [ 127.45, 35.75 ], [ 127.35, 35.75 ], [ 127.35, 35.65 ], [ 127.45, 35.65 ] ] ] } },
{ "type": "Feature", "properties": { "sigma_nT": 75.0, "sigma_obs": 1, "spacing_req": 46.3, "spacing_now": 35.1, "deficit": 0.76, "sp_tier": "mid", "df_tier": "ok" }, "geometry": { "type": "Polygon", "coordinates": [ [ [ 127.65, 35.65 ], [ 127.65, 35.75 ], [ 127.55, 35.75 ], [ 127.55, 35.65 ], [ 127.65, 35.65 ] ] ] } },
{ "type": "Feature", "properties": { "sigma_nT": 104.0, "sigma_obs": 1, "spacing_req": 39.5, "spacing_now": 37.5, "deficit": 0.95, "sp_tier": "mid", "df_tier": "ok" }, "geometry": { "type": "Polygon", "coordinates": [ [ [ 127.75, 35.65 ], [ 127.75, 35.75 ], [ 127.65, 35.75 ], [ 127.65, 35.65 ], [ 127.75, 35.65 ] ] ] } },
{ "type": "Feature", "properties": { "sigma_nT": 119.0, "sigma_obs": 1, "spacing_req": 36.8, "spacing_now": 39.5, "deficit": 1.07, "sp_tier": "mid", "df_tier": "mild" }, "geometry": { "type": "Polygon", "coordinates": [ [ [ 129.449999999999818, 35.65 ], [ 129.449999999999818, 35.75 ], [ 129.349999999999795, 35.75 ], [ 129.349999999999795, 35.65 ], [ 129.449999999999818, 35.65 ] ] ] } },
{ "type": "Feature", "properties": { "sigma_nT": 96.0, "sigma_obs": 1, "spacing_req": 41.1, "spacing_now": 57.5, "deficit": 1.4, "sp_tier": "mid", "df_tier": "mild" }, "geometry": { "type": "Polygon", "coordinates": [ [ [ 129.549999999999812, 35.65 ], [ 129.549999999999812, 35.75 ], [ 129.44999999999979, 35.75 ], [ 129.44999999999979, 35.65 ], [ 129.549999999999812, 35.65 ] ] ] } },
{ "type": "Feature", "properties": { "sigma_nT": 92.0, "sigma_obs": 1, "spacing_req": 42.0, "spacing_now": 47.0, "deficit": 1.12, "sp_tier": "mid", "df_tier": "mild" }, "geometry": { "type": "Polygon", "coordinates": [ [ [ 126.75, 35.75 ], [ 126.75, 35.85 ], [ 126.65, 35.85 ], [ 126.65, 35.75 ], [ 126.75, 35.75 ] ] ] } },
{ "type": "Feature", "properties": { "sigma_nT": 88.0, "sigma_obs": 1, "spacing_req": 42.8, "spacing_now": 49.3, "deficit": 1.15, "sp_tier": "mid", "df_tier": "mild" }, "geometry": { "type": "Polygon", "coordinates": [ [ [ 126.85, 35.75 ], [ 126.85, 35.85 ], [ 126.75, 35.85 ], [ 126.75, 35.75 ], [ 126.85, 35.75 ] ] ] } },
{ "type": "Feature", "properties": { "sigma_nT": 83.0, "sigma_obs": 1, "spacing_req": 44.1, "spacing_now": 57.5, "deficit": 1.31, "sp_tier": "mid", "df_tier": "mild" }, "geometry": { "type": "Polygon", "coordinates": [ [ [ 126.95, 35.75 ], [ 126.95, 35.85 ], [ 126.85, 35.85 ], [ 126.85, 35.75 ], [ 126.95, 35.75 ] ] ] } },
{ "type": "Feature", "properties": { "sigma_nT": 78.0, "sigma_obs": 1, "spacing_req": 45.5, "spacing_now": 69.6, "deficit": 1.53, "sp_tier": "mid", "df_tier": "short" }, "geometry": { "type": "Polygon", "coordinates": [ [ [ 127.05, 35.75 ], [ 127.05, 35.85 ], [ 126.95, 35.85 ], [ 126.95, 35.75 ], [ 127.05, 35.75 ] ] ] } },
{ "type": "Feature", "properties": { "sigma_nT": 79.0, "sigma_obs": 1, "spacing_req": 45.2, "spacing_now": 83.8, "deficit": 1.85, "sp_tier": "mid", "df_tier": "short" }, "geometry": { "type": "Polygon", "coordinates": [ [ [ 127.15, 35.75 ], [ 127.15, 35.85 ], [ 127.05, 35.85 ], [ 127.05, 35.75 ], [ 127.15, 35.75 ] ] ] } },
{ "type": "Feature", "properties": { "sigma_nT": 76.0, "sigma_obs": 1, "spacing_req": 46.2, "spacing_now": 95.4, "deficit": 2.06, "sp_tier": "mid", "df_tier": "critical" }, "geometry": { "type": "Polygon", "coordinates": [ [ [ 127.25, 35.75 ], [ 127.25, 35.85 ], [ 127.15, 35.85 ], [ 127.15, 35.75 ], [ 127.25, 35.75 ] ] ] } },
{ "type": "Feature", "properties": { "sigma_nT": 73.0, "sigma_obs": 1, "spacing_req": 47.0, "spacing_now": 81.6, "deficit": 1.74, "sp_tier": "mid", "df_tier": "short" }, "geometry": { "type": "Polygon", "coordinates": [ [ [ 127.35, 35.75 ], [ 127.35, 35.85 ], [ 127.25, 35.85 ], [ 127.25, 35.75 ], [ 127.35, 35.75 ] ] ] } },
{ "type": "Feature", "properties": { "sigma_nT": 68.0, "sigma_obs": 1, "spacing_req": 48.9, "spacing_now": 69.8, "deficit": 1.43, "sp_tier": "mid", "df_tier": "mild" }, "geometry": { "type": "Polygon", "coordinates": [ [ [ 127.45, 35.75 ], [ 127.45, 35.85 ], [ 127.35, 35.85 ], [ 127.35, 35.75 ], [ 127.45, 35.75 ] ] ] } },
{ "type": "Feature", "properties": { "sigma_nT": 68.0, "sigma_obs": 1, "spacing_req": 48.7, "spacing_now": 61.1, "deficit": 1.25, "sp_tier": "mid", "df_tier": "mild" }, "geometry": { "type": "Polygon", "coordinates": [ [ [ 127.55, 35.75 ], [ 127.55, 35.85 ], [ 127.45, 35.85 ], [ 127.45, 35.75 ], [ 127.55, 35.75 ] ] ] } },
{ "type": "Feature", "properties": { "sigma_nT": 86.0, "sigma_obs": 1, "spacing_req": 43.4, "spacing_now": 57.1, "deficit": 1.31, "sp_tier": "mid", "df_tier": "mild" }, "geometry": { "type": "Polygon", "coordinates": [ [ [ 127.65, 35.75 ], [ 127.65, 35.85 ], [ 127.55, 35.85 ], [ 127.55, 35.75 ], [ 127.65, 35.75 ] ] ] } },
{ "type": "Feature", "properties": { "sigma_nT": 97.0, "sigma_obs": 1, "spacing_req": 40.8, "spacing_now": 58.6, "deficit": 1.44, "sp_tier": "mid", "df_tier": "mild" }, "geometry": { "type": "Polygon", "coordinates": [ [ [ 127.75, 35.75 ], [ 127.75, 35.85 ], [ 127.65, 35.85 ], [ 127.65, 35.75 ], [ 127.75, 35.75 ] ] ] } },
{ "type": "Feature", "properties": { "sigma_nT": 113.0, "sigma_obs": 1, "spacing_req": 37.8, "spacing_now": 62.6, "deficit": 1.65, "sp_tier": "mid", "df_tier": "short" }, "geometry": { "type": "Polygon", "coordinates": [ [ [ 127.849999999999895, 35.75 ], [ 127.849999999999895, 35.85 ], [ 127.75, 35.85 ], [ 127.75, 35.75 ], [ 127.849999999999895, 35.75 ] ] ] } },
{ "type": "Feature", "properties": { "sigma_nT": 127.0, "sigma_obs": 1, "spacing_req": 35.6, "spacing_now": 26.6, "deficit": 0.75, "sp_tier": "mid", "df_tier": "ok" }, "geometry": { "type": "Polygon", "coordinates": [ [ [ 129.249999999999829, 35.75 ], [ 129.249999999999829, 35.85 ], [ 129.149999999999807, 35.85 ], [ 129.149999999999807, 35.75 ], [ 129.249999999999829, 35.75 ] ] ] } },
{ "type": "Feature", "properties": { "sigma_nT": 127.0, "sigma_obs": 1, "spacing_req": 35.6, "spacing_now": 34.9, "deficit": 0.98, "sp_tier": "mid", "df_tier": "ok" }, "geometry": { "type": "Polygon", "coordinates": [ [ [ 129.349999999999824, 35.75 ], [ 129.349999999999824, 35.85 ], [ 129.249999999999801, 35.85 ], [ 129.249999999999801, 35.75 ], [ 129.349999999999824, 35.75 ] ] ] } },
{ "type": "Feature", "properties": { "sigma_nT": 120.0, "sigma_obs": 1, "spacing_req": 36.7, "spacing_now": 48.0, "deficit": 1.31, "sp_tier": "mid", "df_tier": "mild" }, "geometry": { "type": "Polygon", "coordinates": [ [ [ 129.449999999999818, 35.75 ], [ 129.449999999999818, 35.85 ], [ 129.349999999999795, 35.85 ], [ 129.349999999999795, 35.75 ], [ 129.449999999999818, 35.75 ] ] ] } },
{ "type": "Feature", "properties": { "sigma_nT": 105.0, "sigma_obs": 1, "spacing_req": 39.3, "spacing_now": 63.6, "deficit": 1.62, "sp_tier": "mid", "df_tier": "short" }, "geometry": { "type": "Polygon", "coordinates": [ [ [ 129.549999999999812, 35.75 ], [ 129.549999999999812, 35.85 ], [ 129.44999999999979, 35.85 ], [ 129.44999999999979, 35.75 ], [ 129.549999999999812, 35.75 ] ] ] } },
{ "type": "Feature", "properties": { "sigma_nT": 76.0, "sigma_obs": 1, "spacing_req": 46.0, "spacing_now": 69.1, "deficit": 1.5, "sp_tier": "mid", "df_tier": "short" }, "geometry": { "type": "Polygon", "coordinates": [ [ [ 126.75, 35.85 ], [ 126.75, 35.95 ], [ 126.65, 35.95 ], [ 126.65, 35.85 ], [ 126.75, 35.85 ] ] ] } },
{ "type": "Feature", "properties": { "sigma_nT": 76.0, "sigma_obs": 1, "spacing_req": 46.2, "spacing_now": 70.7, "deficit": 1.53, "sp_tier": "mid", "df_tier": "short" }, "geometry": { "type": "Polygon", "coordinates": [ [ [ 126.85, 35.85 ], [ 126.85, 35.95 ], [ 126.75, 35.95 ], [ 126.75, 35.85 ], [ 126.85, 35.85 ] ] ] } },
{ "type": "Feature", "properties": { "sigma_nT": 74.0, "sigma_obs": 1, "spacing_req": 46.8, "spacing_now": 76.6, "deficit": 1.64, "sp_tier": "mid", "df_tier": "short" }, "geometry": { "type": "Polygon", "coordinates": [ [ [ 126.95, 35.85 ], [ 126.95, 35.95 ], [ 126.85, 35.95 ], [ 126.85, 35.85 ], [ 126.95, 35.85 ] ] ] } },
{ "type": "Feature", "properties": { "sigma_nT": 68.0, "sigma_obs": 1, "spacing_req": 48.6, "spacing_now": 86.0, "deficit": 1.77, "sp_tier": "mid", "df_tier": "short" }, "geometry": { "type": "Polygon", "coordinates": [ [ [ 127.05, 35.85 ], [ 127.05, 35.95 ], [ 126.95, 35.95 ], [ 126.95, 35.85 ], [ 127.05, 35.85 ] ] ] } },
{ "type": "Feature", "properties": { "sigma_nT": 71.0, "sigma_obs": 1, "spacing_req": 47.6, "spacing_now": 97.9, "deficit": 2.06, "sp_tier": "mid", "df_tier": "critical" }, "geometry": { "type": "Polygon", "coordinates": [ [ [ 127.15, 35.85 ], [ 127.15, 35.95 ], [ 127.05, 35.95 ], [ 127.05, 35.85 ], [ 127.15, 35.85 ] ] ] } },
{ "type": "Feature", "properties": { "sigma_nT": 70.0, "sigma_obs": 1, "spacing_req": 48.1, "spacing_now": 97.6, "deficit": 2.03, "sp_tier": "mid", "df_tier": "critical" }, "geometry": { "type": "Polygon", "coordinates": [ [ [ 127.25, 35.85 ], [ 127.25, 35.95 ], [ 127.15, 35.95 ], [ 127.15, 35.85 ], [ 127.25, 35.85 ] ] ] } },
{ "type": "Feature", "properties": { "sigma_nT": 68.0, "sigma_obs": 1, "spacing_req": 48.8, "spacing_now": 81.3, "deficit": 1.67, "sp_tier": "mid", "df_tier": "short" }, "geometry": { "type": "Polygon", "coordinates": [ [ [ 127.35, 35.85 ], [ 127.35, 35.95 ], [ 127.25, 35.95 ], [ 127.25, 35.85 ], [ 127.35, 35.85 ] ] ] } },
{ "type": "Feature", "properties": { "sigma_nT": 81.0, "sigma_obs": 1, "spacing_req": 44.8, "spacing_now": 41.8, "deficit": 0.93, "sp_tier": "mid", "df_tier": "ok" }, "geometry": { "type": "Polygon", "coordinates": [ [ [ 127.65, 35.85 ], [ 127.65, 35.95 ], [ 127.55, 35.95 ], [ 127.55, 35.85 ], [ 127.65, 35.85 ] ] ] } },
{ "type": "Feature", "properties": { "sigma_nT": 88.0, "sigma_obs": 1, "spacing_req": 42.8, "spacing_now": 37.8, "deficit": 0.88, "sp_tier": "mid", "df_tier": "ok" }, "geometry": { "type": "Polygon", "coordinates": [ [ [ 127.75, 35.85 ], [ 127.75, 35.95 ], [ 127.65, 35.95 ], [ 127.65, 35.85 ], [ 127.75, 35.85 ] ] ] } },
{ "type": "Feature", "properties": { "sigma_nT": 97.0, "sigma_obs": 1, "spacing_req": 40.8, "spacing_now": 41.9, "deficit": 1.03, "sp_tier": "mid", "df_tier": "mild" }, "geometry": { "type": "Polygon", "coordinates": [ [ [ 127.849999999999895, 35.85 ], [ 127.849999999999895, 35.95 ], [ 127.75, 35.95 ], [ 127.75, 35.85 ], [ 127.849999999999895, 35.85 ] ] ] } },
{ "type": "Feature", "properties": { "sigma_nT": 114.0, "sigma_obs": 1, "spacing_req": 37.6, "spacing_now": 52.2, "deficit": 1.39, "sp_tier": "mid", "df_tier": "mild" }, "geometry": { "type": "Polygon", "coordinates": [ [ [ 127.949999999999889, 35.85 ], [ 127.949999999999889, 35.95 ], [ 127.849999999999895, 35.95 ], [ 127.849999999999895, 35.85 ], [ 127.949999999999889, 35.85 ] ] ] } },
{ "type": "Feature", "properties": { "sigma_nT": 120.0, "sigma_obs": 1, "spacing_req": 36.6, "spacing_now": 40.4, "deficit": 1.1, "sp_tier": "mid", "df_tier": "mild" }, "geometry": { "type": "Polygon", "coordinates": [ [ [ 128.049999999999898, 35.85 ], [ 128.049999999999898, 35.95 ], [ 127.949999999999889, 35.95 ], [ 127.949999999999889, 35.85 ], [ 128.049999999999898, 35.85 ] ] ] } },
{ "type": "Feature", "properties": { "sigma_nT": 122.0, "sigma_obs": 1, "spacing_req": 36.4, "spacing_now": 27.0, "deficit": 0.74, "sp_tier": "mid", "df_tier": "ok" }, "geometry": { "type": "Polygon", "coordinates": [ [ [ 128.149999999999892, 35.85 ], [ 128.149999999999892, 35.95 ], [ 128.049999999999869, 35.95 ], [ 128.049999999999869, 35.85 ], [ 128.149999999999892, 35.85 ] ] ] } },
{ "type": "Feature", "properties": { "sigma_nT": 120.0, "sigma_obs": 1, "spacing_req": 36.7, "spacing_now": 22.1, "deficit": 0.6, "sp_tier": "mid", "df_tier": "ok" }, "geometry": { "type": "Polygon", "coordinates": [ [ [ 128.249999999999886, 35.85 ], [ 128.249999999999886, 35.95 ], [ 128.149999999999864, 35.95 ], [ 128.149999999999864, 35.85 ], [ 128.249999999999886, 35.85 ] ] ] } },
{ "type": "Feature", "properties": { "sigma_nT": 132.0, "sigma_obs": 1, "spacing_req": 35.0, "spacing_now": 26.0, "deficit": 0.74, "sp_tier": "mid", "df_tier": "ok" }, "geometry": { "type": "Polygon", "coordinates": [ [ [ 129.349999999999824, 35.85 ], [ 129.349999999999824, 35.95 ], [ 129.249999999999801, 35.95 ], [ 129.249999999999801, 35.85 ], [ 129.349999999999824, 35.85 ] ] ] } },
{ "type": "Feature", "properties": { "sigma_nT": 124.0, "sigma_obs": 1, "spacing_req": 36.1, "spacing_now": 43.9, "deficit": 1.21, "sp_tier": "mid", "df_tier": "mild" }, "geometry": { "type": "Polygon", "coordinates": [ [ [ 129.449999999999818, 35.85 ], [ 129.449999999999818, 35.95 ], [ 129.349999999999795, 35.95 ], [ 129.349999999999795, 35.85 ], [ 129.449999999999818, 35.85 ] ] ] } },
{ "type": "Feature", "properties": { "sigma_nT": 112.0, "sigma_obs": 1, "spacing_req": 38.0, "spacing_now": 61.9, "deficit": 1.63, "sp_tier": "mid", "df_tier": "short" }, "geometry": { "type": "Polygon", "coordinates": [ [ [ 129.549999999999812, 35.85 ], [ 129.549999999999812, 35.95 ], [ 129.44999999999979, 35.95 ], [ 129.44999999999979, 35.85 ], [ 129.549999999999812, 35.85 ] ] ] } },
{ "type": "Feature", "properties": { "sigma_nT": 69.0, "sigma_obs": 1, "spacing_req": 48.5, "spacing_now": 98.2, "deficit": 2.02, "sp_tier": "mid", "df_tier": "critical" }, "geometry": { "type": "Polygon", "coordinates": [ [ [ 127.15, 35.95 ], [ 127.15, 36.05 ], [ 127.05, 36.05 ], [ 127.05, 35.95 ], [ 127.15, 35.95 ] ] ] } },
{ "type": "Feature", "properties": { "sigma_nT": 70.0, "sigma_obs": 1, "spacing_req": 48.1, "spacing_now": 91.3, "deficit": 1.9, "sp_tier": "mid", "df_tier": "short" }, "geometry": { "type": "Polygon", "coordinates": [ [ [ 127.25, 35.95 ], [ 127.25, 36.05 ], [ 127.15, 36.05 ], [ 127.15, 35.95 ], [ 127.25, 35.95 ] ] ] } },
{ "type": "Feature", "properties": { "sigma_nT": 67.0, "sigma_obs": 1, "spacing_req": 49.0, "spacing_now": 73.7, "deficit": 1.5, "sp_tier": "mid", "df_tier": "short" }, "geometry": { "type": "Polygon", "coordinates": [ [ [ 127.35, 35.95 ], [ 127.35, 36.05 ], [ 127.25, 36.05 ], [ 127.25, 35.95 ], [ 127.35, 35.95 ] ] ] } },
{ "type": "Feature", "properties": { "sigma_nT": 79.0, "sigma_obs": 1, "spacing_req": 45.2, "spacing_now": 23.8, "deficit": 0.53, "sp_tier": "mid", "df_tier": "ok" }, "geometry": { "type": "Polygon", "coordinates": [ [ [ 127.65, 35.95 ], [ 127.65, 36.05 ], [ 127.55, 36.05 ], [ 127.55, 35.95 ], [ 127.65, 35.95 ] ] ] } },
{ "type": "Feature", "properties": { "sigma_nT": 88.0, "sigma_obs": 1, "spacing_req": 42.9, "spacing_now": 15.7, "deficit": 0.37, "sp_tier": "mid", "df_tier": "ok" }, "geometry": { "type": "Polygon", "coordinates": [ [ [ 127.75, 35.95 ], [ 127.75, 36.05 ], [ 127.65, 36.05 ], [ 127.65, 35.95 ], [ 127.75, 35.95 ] ] ] } },
{ "type": "Feature", "properties": { "sigma_nT": 95.0, "sigma_obs": 1, "spacing_req": 41.3, "spacing_now": 23.9, "deficit": 0.58, "sp_tier": "mid", "df_tier": "ok" }, "geometry": { "type": "Polygon", "coordinates": [ [ [ 127.849999999999895, 35.95 ], [ 127.849999999999895, 36.05 ], [ 127.75, 36.05 ], [ 127.75, 35.95 ], [ 127.849999999999895, 35.95 ] ] ] } },
{ "type": "Feature", "properties": { "sigma_nT": 105.0, "sigma_obs": 1, "spacing_req": 39.2, "spacing_now": 39.3, "deficit": 1.0, "sp_tier": "mid", "df_tier": "mild" }, "geometry": { "type": "Polygon", "coordinates": [ [ [ 127.949999999999889, 35.95 ], [ 127.949999999999889, 36.05 ], [ 127.849999999999895, 36.05 ], [ 127.849999999999895, 35.95 ], [ 127.949999999999889, 35.95 ] ] ] } },
{ "type": "Feature", "properties": { "sigma_nT": 111.0, "sigma_obs": 1, "spacing_req": 38.1, "spacing_now": 55.6, "deficit": 1.46, "sp_tier": "mid", "df_tier": "mild" }, "geometry": { "type": "Polygon", "coordinates": [ [ [ 128.049999999999898, 35.95 ], [ 128.049999999999898, 36.05 ], [ 127.949999999999889, 36.05 ], [ 127.949999999999889, 35.95 ], [ 128.049999999999898, 35.95 ] ] ] } },
{ "type": "Feature", "properties": { "sigma_nT": 114.0, "sigma_obs": 1, "spacing_req": 37.7, "spacing_now": 46.8, "deficit": 1.24, "sp_tier": "mid", "df_tier": "mild" }, "geometry": { "type": "Polygon", "coordinates": [ [ [ 128.149999999999892, 35.95 ], [ 128.149999999999892, 36.05 ], [ 128.049999999999869, 36.05 ], [ 128.049999999999869, 35.95 ], [ 128.149999999999892, 35.95 ] ] ] } },
{ "type": "Feature", "properties": { "sigma_nT": 105.0, "sigma_obs": 1, "spacing_req": 39.2, "spacing_now": 44.1, "deficit": 1.13, "sp_tier": "mid", "df_tier": "mild" }, "geometry": { "type": "Polygon", "coordinates": [ [ [ 128.249999999999886, 35.95 ], [ 128.249999999999886, 36.05 ], [ 128.149999999999864, 36.05 ], [ 128.149999999999864, 35.95 ], [ 128.249999999999886, 35.95 ] ] ] } },
{ "type": "Feature", "properties": { "sigma_nT": 119.0, "sigma_obs": 1, "spacing_req": 36.9, "spacing_now": 48.5, "deficit": 1.31, "sp_tier": "mid", "df_tier": "mild" }, "geometry": { "type": "Polygon", "coordinates": [ [ [ 128.349999999999881, 35.95 ], [ 128.349999999999881, 36.05 ], [ 128.249999999999858, 36.05 ], [ 128.249999999999858, 35.95 ], [ 128.349999999999881, 35.95 ] ] ] } },
{ "type": "Feature", "properties": { "sigma_nT": 130.0, "sigma_obs": 1, "spacing_req": 35.2, "spacing_now": 58.4, "deficit": 1.66, "sp_tier": "mid", "df_tier": "short" }, "geometry": { "type": "Polygon", "coordinates": [ [ [ 128.449999999999875, 35.95 ], [ 128.449999999999875, 36.05 ], [ 128.349999999999852, 36.05 ], [ 128.349999999999852, 35.95 ], [ 128.449999999999875, 35.95 ] ] ] } },
{ "type": "Feature", "properties": { "sigma_nT": 126.0, "sigma_obs": 1, "spacing_req": 35.8, "spacing_now": 47.6, "deficit": 1.33, "sp_tier": "mid", "df_tier": "mild" }, "geometry": { "type": "Polygon", "coordinates": [ [ [ 129.449999999999818, 35.95 ], [ 129.449999999999818, 36.05 ], [ 129.349999999999795, 36.05 ], [ 129.349999999999795, 35.95 ], [ 129.449999999999818, 35.95 ] ] ] } },
{ "type": "Feature", "properties": { "sigma_nT": 123.0, "sigma_obs": 1, "spacing_req": 36.2, "spacing_now": 64.6, "deficit": 1.78, "sp_tier": "mid", "df_tier": "short" }, "geometry": { "type": "Polygon", "coordinates": [ [ [ 129.549999999999812, 35.95 ], [ 129.549999999999812, 36.05 ], [ 129.44999999999979, 36.05 ], [ 129.44999999999979, 35.95 ], [ 129.549999999999812, 35.95 ] ] ] } },
{ "type": "Feature", "properties": { "sigma_nT": 65.0, "sigma_obs": 1, "spacing_req": 49.9, "spacing_now": 54.3, "deficit": 1.09, "sp_tier": "mid", "df_tier": "mild" }, "geometry": { "type": "Polygon", "coordinates": [ [ [ 127.45, 36.05 ], [ 127.45, 36.15 ], [ 127.35, 36.15 ], [ 127.35, 36.05 ], [ 127.45, 36.05 ] ] ] } },
{ "type": "Feature", "properties": { "sigma_nT": 72.0, "sigma_obs": 1, "spacing_req": 47.3, "spacing_now": 36.5, "deficit": 0.77, "sp_tier": "mid", "df_tier": "ok" }, "geometry": { "type": "Polygon", "coordinates": [ [ [ 127.55, 36.05 ], [ 127.55, 36.15 ], [ 127.45, 36.15 ], [ 127.45, 36.05 ], [ 127.55, 36.05 ] ] ] } },
{ "type": "Feature", "properties": { "sigma_nT": 86.0, "sigma_obs": 1, "spacing_req": 43.3, "spacing_now": 19.1, "deficit": 0.44, "sp_tier": "mid", "df_tier": "ok" }, "geometry": { "type": "Polygon", "coordinates": [ [ [ 127.65, 36.05 ], [ 127.65, 36.15 ], [ 127.55, 36.15 ], [ 127.55, 36.05 ], [ 127.65, 36.05 ] ] ] } },
{ "type": "Feature", "properties": { "sigma_nT": 94.0, "sigma_obs": 1, "spacing_req": 41.5, "spacing_now": 6.4, "deficit": 0.16, "sp_tier": "mid", "df_tier": "ok" }, "geometry": { "type": "Polygon", "coordinates": [ [ [ 127.75, 36.05 ], [ 127.75, 36.15 ], [ 127.65, 36.15 ], [ 127.65, 36.05 ], [ 127.75, 36.05 ] ] ] } },
{ "type": "Feature", "properties": { "sigma_nT": 95.0, "sigma_obs": 1, "spacing_req": 41.1, "spacing_now": 19.2, "deficit": 0.47, "sp_tier": "mid", "df_tier": "ok" }, "geometry": { "type": "Polygon", "coordinates": [ [ [ 127.849999999999895, 36.05 ], [ 127.849999999999895, 36.15 ], [ 127.75, 36.15 ], [ 127.75, 36.05 ], [ 127.849999999999895, 36.05 ] ] ] } },
{ "type": "Feature", "properties": { "sigma_nT": 102.0, "sigma_obs": 1, "spacing_req": 39.8, "spacing_now": 36.6, "deficit": 0.92, "sp_tier": "mid", "df_tier": "ok" }, "geometry": { "type": "Polygon", "coordinates": [ [ [ 127.949999999999889, 36.05 ], [ 127.949999999999889, 36.15 ], [ 127.849999999999895, 36.15 ], [ 127.849999999999895, 36.05 ], [ 127.949999999999889, 36.05 ] ] ] } },
{ "type": "Feature", "properties": { "sigma_nT": 100.0, "sigma_obs": 1, "spacing_req": 40.2, "spacing_now": 54.4, "deficit": 1.35, "sp_tier": "mid", "df_tier": "mild" }, "geometry": { "type": "Polygon", "coordinates": [ [ [ 128.049999999999898, 36.05 ], [ 128.049999999999898, 36.15 ], [ 127.949999999999889, 36.15 ], [ 127.949999999999889, 36.05 ], [ 128.049999999999898, 36.05 ] ] ] } },
{ "type": "Feature", "properties": { "sigma_nT": 102.0, "sigma_obs": 1, "spacing_req": 39.8, "spacing_now": 56.5, "deficit": 1.42, "sp_tier": "mid", "df_tier": "mild" }, "geometry": { "type": "Polygon", "coordinates": [ [ [ 128.149999999999892, 36.05 ], [ 128.149999999999892, 36.15 ], [ 128.049999999999869, 36.15 ], [ 128.049999999999869, 36.05 ], [ 128.149999999999892, 36.05 ] ] ] } },
{ "type": "Feature", "properties": { "sigma_nT": 92.0, "sigma_obs": 1, "spacing_req": 42.0, "spacing_now": 58.7, "deficit": 1.4, "sp_tier": "mid", "df_tier": "mild" }, "geometry": { "type": "Polygon", "coordinates": [ [ [ 128.249999999999886, 36.05 ], [ 128.249999999999886, 36.15 ], [ 128.149999999999864, 36.15 ], [ 128.149999999999864, 36.05 ], [ 128.249999999999886, 36.05 ] ] ] } },
{ "type": "Feature", "properties": { "sigma_nT": 101.0, "sigma_obs": 1, "spacing_req": 40.0, "spacing_now": 65.9, "deficit": 1.65, "sp_tier": "mid", "df_tier": "short" }, "geometry": { "type": "Polygon", "coordinates": [ [ [ 128.349999999999881, 36.05 ], [ 128.349999999999881, 36.15 ], [ 128.249999999999858, 36.15 ], [ 128.249999999999858, 36.05 ], [ 128.349999999999881, 36.05 ] ] ] } },
{ "type": "Feature", "properties": { "sigma_nT": 112.0, "sigma_obs": 1, "spacing_req": 38.0, "spacing_now": 76.4, "deficit": 2.01, "sp_tier": "mid", "df_tier": "critical" }, "geometry": { "type": "Polygon", "coordinates": [ [ [ 128.449999999999875, 36.05 ], [ 128.449999999999875, 36.15 ], [ 128.349999999999852, 36.15 ], [ 128.349999999999852, 36.05 ], [ 128.449999999999875, 36.05 ] ] ] } },
{ "type": "Feature", "properties": { "sigma_nT": 115.0, "sigma_obs": 1, "spacing_req": 37.5, "spacing_now": 86.9, "deficit": 2.32, "sp_tier": "mid", "df_tier": "critical" }, "geometry": { "type": "Polygon", "coordinates": [ [ [ 128.549999999999869, 36.05 ], [ 128.549999999999869, 36.15 ], [ 128.449999999999847, 36.15 ], [ 128.449999999999847, 36.05 ], [ 128.549999999999869, 36.05 ] ] ] } },
{ "type": "Feature", "properties": { "sigma_nT": 130.0, "sigma_obs": 1, "spacing_req": 35.2, "spacing_now": 92.7, "deficit": 2.63, "sp_tier": "mid", "df_tier": "critical" }, "geometry": { "type": "Polygon", "coordinates": [ [ [ 128.649999999999864, 36.05 ], [ 128.649999999999864, 36.15 ], [ 128.549999999999841, 36.15 ], [ 128.549999999999841, 36.05 ], [ 128.649999999999864, 36.05 ] ] ] } },
{ "type": "Feature", "properties": { "sigma_nT": 80.0, "sigma_obs": 1, "spacing_req": 44.9, "spacing_now": 45.9, "deficit": 1.02, "sp_tier": "mid", "df_tier": "mild" }, "geometry": { "type": "Polygon", "coordinates": [ [ [ 127.55, 36.15 ], [ 127.55, 36.25 ], [ 127.45, 36.25 ], [ 127.45, 36.15 ], [ 127.55, 36.15 ] ] ] } },
{ "type": "Feature", "properties": { "sigma_nT": 86.0, "sigma_obs": 1, "spacing_req": 43.4, "spacing_now": 33.7, "deficit": 0.78, "sp_tier": "mid", "df_tier": "ok" }, "geometry": { "type": "Polygon", "coordinates": [ [ [ 127.65, 36.15 ], [ 127.65, 36.25 ], [ 127.55, 36.25 ], [ 127.55, 36.15 ], [ 127.65, 36.15 ] ] ] } },
{ "type": "Feature", "properties": { "sigma_nT": 87.0, "sigma_obs": 1, "spacing_req": 43.1, "spacing_now": 28.6, "deficit": 0.66, "sp_tier": "mid", "df_tier": "ok" }, "geometry": { "type": "Polygon", "coordinates": [ [ [ 127.75, 36.15 ], [ 127.75, 36.25 ], [ 127.65, 36.25 ], [ 127.65, 36.15 ], [ 127.75, 36.15 ] ] ] } },
{ "type": "Feature", "properties": { "sigma_nT": 89.0, "sigma_obs": 1, "spacing_req": 42.6, "spacing_now": 33.8, "deficit": 0.79, "sp_tier": "mid", "df_tier": "ok" }, "geometry": { "type": "Polygon", "coordinates": [ [ [ 127.849999999999895, 36.15 ], [ 127.849999999999895, 36.25 ], [ 127.75, 36.25 ], [ 127.75, 36.15 ], [ 127.849999999999895, 36.15 ] ] ] } },
{ "type": "Feature", "properties": { "sigma_nT": 95.0, "sigma_obs": 1, "spacing_req": 41.2, "spacing_now": 46.0, "deficit": 1.12, "sp_tier": "mid", "df_tier": "mild" }, "geometry": { "type": "Polygon", "coordinates": [ [ [ 127.949999999999889, 36.15 ], [ 127.949999999999889, 36.25 ], [ 127.849999999999895, 36.25 ], [ 127.849999999999895, 36.15 ], [ 127.949999999999889, 36.15 ] ] ] } },
{ "type": "Feature", "properties": { "sigma_nT": 90.0, "sigma_obs": 1, "spacing_req": 42.4, "spacing_now": 39.7, "deficit": 0.94, "sp_tier": "mid", "df_tier": "ok" }, "geometry": { "type": "Polygon", "coordinates": [ [ [ 128.049999999999898, 36.15 ], [ 128.049999999999898, 36.25 ], [ 127.949999999999889, 36.25 ], [ 127.949999999999889, 36.15 ], [ 128.049999999999898, 36.15 ] ] ] } },
{ "type": "Feature", "properties": { "sigma_nT": 78.0, "sigma_obs": 1, "spacing_req": 45.5, "spacing_now": 34.4, "deficit": 0.76, "sp_tier": "mid", "df_tier": "ok" }, "geometry": { "type": "Polygon", "coordinates": [ [ [ 128.149999999999892, 36.15 ], [ 128.149999999999892, 36.25 ], [ 128.049999999999869, 36.25 ], [ 128.049999999999869, 36.15 ], [ 128.149999999999892, 36.15 ] ] ] } },
{ "type": "Feature", "properties": { "sigma_nT": 80.0, "sigma_obs": 1, "spacing_req": 44.9, "spacing_now": 37.9, "deficit": 0.84, "sp_tier": "mid", "df_tier": "ok" }, "geometry": { "type": "Polygon", "coordinates": [ [ [ 128.249999999999886, 36.15 ], [ 128.249999999999886, 36.25 ], [ 128.149999999999864, 36.25 ], [ 128.149999999999864, 36.15 ], [ 128.249999999999886, 36.15 ] ] ] } },
{ "type": "Feature", "properties": { "sigma_nT": 89.0, "sigma_obs": 1, "spacing_req": 42.7, "spacing_now": 48.3, "deficit": 1.13, "sp_tier": "mid", "df_tier": "mild" }, "geometry": { "type": "Polygon", "coordinates": [ [ [ 128.349999999999881, 36.15 ], [ 128.349999999999881, 36.25 ], [ 128.249999999999858, 36.25 ], [ 128.249999999999858, 36.15 ], [ 128.349999999999881, 36.15 ] ] ] } },
{ "type": "Feature", "properties": { "sigma_nT": 96.0, "sigma_obs": 1, "spacing_req": 40.9, "spacing_now": 62.3, "deficit": 1.52, "sp_tier": "mid", "df_tier": "short" }, "geometry": { "type": "Polygon", "coordinates": [ [ [ 128.449999999999875, 36.15 ], [ 128.449999999999875, 36.25 ], [ 128.349999999999852, 36.25 ], [ 128.349999999999852, 36.15 ], [ 128.449999999999875, 36.15 ] ] ] } },
{ "type": "Feature", "properties": { "sigma_nT": 100.0, "sigma_obs": 1, "spacing_req": 40.2, "spacing_now": 77.9, "deficit": 1.94, "sp_tier": "mid", "df_tier": "short" }, "geometry": { "type": "Polygon", "coordinates": [ [ [ 128.549999999999869, 36.15 ], [ 128.549999999999869, 36.25 ], [ 128.449999999999847, 36.25 ], [ 128.449999999999847, 36.15 ], [ 128.549999999999869, 36.15 ] ] ] } },
{ "type": "Feature", "properties": { "sigma_nT": 112.0, "sigma_obs": 1, "spacing_req": 37.9, "spacing_now": 93.2, "deficit": 2.46, "sp_tier": "mid", "df_tier": "critical" }, "geometry": { "type": "Polygon", "coordinates": [ [ [ 128.649999999999864, 36.15 ], [ 128.649999999999864, 36.25 ], [ 128.549999999999841, 36.25 ], [ 128.549999999999841, 36.15 ], [ 128.649999999999864, 36.15 ] ] ] } },
{ "type": "Feature", "properties": { "sigma_nT": 127.0, "sigma_obs": 1, "spacing_req": 35.7, "spacing_now": 77.1, "deficit": 2.16, "sp_tier": "mid", "df_tier": "critical" }, "geometry": { "type": "Polygon", "coordinates": [ [ [ 128.749999999999858, 36.15 ], [ 128.749999999999858, 36.25 ], [ 128.649999999999835, 36.25 ], [ 128.649999999999835, 36.15 ], [ 128.749999999999858, 36.15 ] ] ] } },
{ "type": "Feature", "properties": { "sigma_nT": 78.0, "sigma_obs": 1, "spacing_req": 45.6, "spacing_now": 62.1, "deficit": 1.36, "sp_tier": "mid", "df_tier": "mild" }, "geometry": { "type": "Polygon", "coordinates": [ [ [ 127.55, 36.25 ], [ 127.55, 36.35 ], [ 127.45, 36.35 ], [ 127.45, 36.25 ], [ 127.55, 36.25 ] ] ] } },
{ "type": "Feature", "properties": { "sigma_nT": 84.0, "sigma_obs": 1, "spacing_req": 43.7, "spacing_now": 53.7, "deficit": 1.23, "sp_tier": "mid", "df_tier": "mild" }, "geometry": { "type": "Polygon", "coordinates": [ [ [ 127.65, 36.25 ], [ 127.65, 36.35 ], [ 127.55, 36.35 ], [ 127.55, 36.25 ], [ 127.65, 36.25 ] ] ] } },
{ "type": "Feature", "properties": { "sigma_nT": 86.0, "sigma_obs": 1, "spacing_req": 43.3, "spacing_now": 50.7, "deficit": 1.17, "sp_tier": "mid", "df_tier": "mild" }, "geometry": { "type": "Polygon", "coordinates": [ [ [ 127.75, 36.25 ], [ 127.75, 36.35 ], [ 127.65, 36.35 ], [ 127.65, 36.25 ], [ 127.75, 36.25 ] ] ] } },
{ "type": "Feature", "properties": { "sigma_nT": 87.0, "sigma_obs": 1, "spacing_req": 43.2, "spacing_now": 53.8, "deficit": 1.24, "sp_tier": "mid", "df_tier": "mild" }, "geometry": { "type": "Polygon", "coordinates": [ [ [ 127.849999999999895, 36.25 ], [ 127.849999999999895, 36.35 ], [ 127.75, 36.35 ], [ 127.75, 36.25 ], [ 127.849999999999895, 36.25 ] ] ] } },
{ "type": "Feature", "properties": { "sigma_nT": 93.0, "sigma_obs": 1, "spacing_req": 41.8, "spacing_now": 39.7, "deficit": 0.95, "sp_tier": "mid", "df_tier": "ok" }, "geometry": { "type": "Polygon", "coordinates": [ [ [ 127.949999999999889, 36.25 ], [ 127.949999999999889, 36.35 ], [ 127.849999999999895, 36.35 ], [ 127.849999999999895, 36.25 ], [ 127.949999999999889, 36.25 ] ] ] } },
{ "type": "Feature", "properties": { "sigma_nT": 89.0, "sigma_obs": 1, "spacing_req": 42.7, "spacing_now": 23.3, "deficit": 0.55, "sp_tier": "mid", "df_tier": "ok" }, "geometry": { "type": "Polygon", "coordinates": [ [ [ 128.049999999999898, 36.25 ], [ 128.049999999999898, 36.35 ], [ 127.949999999999889, 36.35 ], [ 127.949999999999889, 36.25 ], [ 128.049999999999898, 36.25 ] ] ] } },
{ "type": "Feature", "properties": { "sigma_nT": 79.0, "sigma_obs": 1, "spacing_req": 45.4, "spacing_now": 12.4, "deficit": 0.27, "sp_tier": "mid", "df_tier": "ok" }, "geometry": { "type": "Polygon", "coordinates": [ [ [ 128.149999999999892, 36.25 ], [ 128.149999999999892, 36.35 ], [ 128.049999999999869, 36.35 ], [ 128.049999999999869, 36.25 ], [ 128.149999999999892, 36.25 ] ] ] } },
{ "type": "Feature", "properties": { "sigma_nT": 79.0, "sigma_obs": 1, "spacing_req": 45.3, "spacing_now": 20.2, "deficit": 0.45, "sp_tier": "mid", "df_tier": "ok" }, "geometry": { "type": "Polygon", "coordinates": [ [ [ 128.249999999999886, 36.25 ], [ 128.249999999999886, 36.35 ], [ 128.149999999999864, 36.35 ], [ 128.149999999999864, 36.25 ], [ 128.249999999999886, 36.25 ] ] ] } },
{ "type": "Feature", "properties": { "sigma_nT": 79.0, "sigma_obs": 1, "spacing_req": 45.3, "spacing_now": 36.1, "deficit": 0.8, "sp_tier": "mid", "df_tier": "ok" }, "geometry": { "type": "Polygon", "coordinates": [ [ [ 128.349999999999881, 36.25 ], [ 128.349999999999881, 36.35 ], [ 128.249999999999858, 36.35 ], [ 128.249999999999858, 36.25 ], [ 128.349999999999881, 36.25 ] ] ] } },
{ "type": "Feature", "properties": { "sigma_nT": 77.0, "sigma_obs": 1, "spacing_req": 45.7, "spacing_now": 53.4, "deficit": 1.17, "sp_tier": "mid", "df_tier": "mild" }, "geometry": { "type": "Polygon", "coordinates": [ [ [ 128.449999999999875, 36.25 ], [ 128.449999999999875, 36.35 ], [ 128.349999999999852, 36.35 ], [ 128.349999999999852, 36.25 ], [ 128.449999999999875, 36.25 ] ] ] } },
{ "type": "Feature", "properties": { "sigma_nT": 78.0, "sigma_obs": 1, "spacing_req": 45.4, "spacing_now": 70.9, "deficit": 1.56, "sp_tier": "mid", "df_tier": "short" }, "geometry": { "type": "Polygon", "coordinates": [ [ [ 128.549999999999869, 36.25 ], [ 128.549999999999869, 36.35 ], [ 128.449999999999847, 36.35 ], [ 128.449999999999847, 36.25 ], [ 128.549999999999869, 36.25 ] ] ] } },
{ "type": "Feature", "properties": { "sigma_nT": 99.0, "sigma_obs": 1, "spacing_req": 40.3, "spacing_now": 86.7, "deficit": 2.15, "sp_tier": "mid", "df_tier": "critical" }, "geometry": { "type": "Polygon", "coordinates": [ [ [ 128.649999999999864, 36.25 ], [ 128.649999999999864, 36.35 ], [ 128.549999999999841, 36.35 ], [ 128.549999999999841, 36.25 ], [ 128.649999999999864, 36.25 ] ] ] } },
{ "type": "Feature", "properties": { "sigma_nT": 112.0, "sigma_obs": 1, "spacing_req": 38.0, "spacing_now": 69.1, "deficit": 1.82, "sp_tier": "mid", "df_tier": "short" }, "geometry": { "type": "Polygon", "coordinates": [ [ [ 128.749999999999858, 36.25 ], [ 128.749999999999858, 36.35 ], [ 128.649999999999835, 36.35 ], [ 128.649999999999835, 36.25 ], [ 128.749999999999858, 36.25 ] ] ] } },
{ "type": "Feature", "properties": { "sigma_nT": 112.0, "sigma_obs": 1, "spacing_req": 38.0, "spacing_now": 51.8, "deficit": 1.36, "sp_tier": "mid", "df_tier": "mild" }, "geometry": { "type": "Polygon", "coordinates": [ [ [ 128.849999999999852, 36.25 ], [ 128.849999999999852, 36.35 ], [ 128.749999999999829, 36.35 ], [ 128.749999999999829, 36.25 ], [ 128.849999999999852, 36.25 ] ] ] } },
{ "type": "Feature", "properties": { "sigma_nT": 85.0, "sigma_obs": 1, "spacing_req": 43.5, "spacing_now": 73.5, "deficit": 1.69, "sp_tier": "mid", "df_tier": "short" }, "geometry": { "type": "Polygon", "coordinates": [ [ [ 127.55, 36.35 ], [ 127.55, 36.45 ], [ 127.45, 36.45 ], [ 127.45, 36.35 ], [ 127.55, 36.35 ] ] ] } },
{ "type": "Feature", "properties": { "sigma_nT": 91.0, "sigma_obs": 1, "spacing_req": 42.2, "spacing_now": 71.9, "deficit": 1.7, "sp_tier": "mid", "df_tier": "short" }, "geometry": { "type": "Polygon", "coordinates": [ [ [ 127.65, 36.35 ], [ 127.65, 36.45 ], [ 127.55, 36.45 ], [ 127.55, 36.35 ], [ 127.65, 36.35 ] ] ] } },
{ "type": "Feature", "properties": { "sigma_nT": 92.0, "sigma_obs": 1, "spacing_req": 41.9, "spacing_now": 72.8, "deficit": 1.74, "sp_tier": "mid", "df_tier": "short" }, "geometry": { "type": "Polygon", "coordinates": [ [ [ 127.75, 36.35 ], [ 127.75, 36.45 ], [ 127.65, 36.45 ], [ 127.65, 36.35 ], [ 127.75, 36.35 ] ] ] } },
{ "type": "Feature", "properties": { "sigma_nT": 93.0, "sigma_obs": 1, "spacing_req": 41.7, "spacing_now": 56.5, "deficit": 1.36, "sp_tier": "mid", "df_tier": "mild" }, "geometry": { "type": "Polygon", "coordinates": [ [ [ 127.849999999999895, 36.35 ], [ 127.849999999999895, 36.45 ], [ 127.75, 36.45 ], [ 127.75, 36.35 ], [ 127.849999999999895, 36.35 ] ] ] } },
{ "type": "Feature", "properties": { "sigma_nT": 93.0, "sigma_obs": 1, "spacing_req": 41.6, "spacing_now": 39.0, "deficit": 0.94, "sp_tier": "mid", "df_tier": "ok" }, "geometry": { "type": "Polygon", "coordinates": [ [ [ 127.949999999999889, 36.35 ], [ 127.949999999999889, 36.45 ], [ 127.849999999999895, 36.45 ], [ 127.849999999999895, 36.35 ], [ 127.949999999999889, 36.35 ] ] ] } },
{ "type": "Feature", "properties": { "sigma_nT": 82.0, "sigma_obs": 1, "spacing_req": 44.3, "spacing_now": 22.1, "deficit": 0.5, "sp_tier": "mid", "df_tier": "ok" }, "geometry": { "type": "Polygon", "coordinates": [ [ [ 128.049999999999898, 36.35 ], [ 128.049999999999898, 36.45 ], [ 127.949999999999889, 36.45 ], [ 127.949999999999889, 36.35 ], [ 128.049999999999898, 36.35 ] ] ] } },
{ "type": "Feature", "properties": { "sigma_nT": 66.0, "sigma_obs": 1, "spacing_req": 49.6, "spacing_now": 70.5, "deficit": 1.42, "sp_tier": "mid", "df_tier": "mild" }, "geometry": { "type": "Polygon", "coordinates": [ [ [ 128.549999999999869, 36.35 ], [ 128.549999999999869, 36.45 ], [ 128.449999999999847, 36.45 ], [ 128.449999999999847, 36.35 ], [ 128.549999999999869, 36.35 ] ] ] } },
{ "type": "Feature", "properties": { "sigma_nT": 90.0, "sigma_obs": 1, "spacing_req": 42.4, "spacing_now": 85.5, "deficit": 2.01, "sp_tier": "mid", "df_tier": "critical" }, "geometry": { "type": "Polygon", "coordinates": [ [ [ 128.649999999999864, 36.35 ], [ 128.649999999999864, 36.45 ], [ 128.549999999999841, 36.45 ], [ 128.549999999999841, 36.35 ], [ 128.649999999999864, 36.35 ] ] ] } },
{ "type": "Feature", "properties": { "sigma_nT": 99.0, "sigma_obs": 1, "spacing_req": 40.4, "spacing_now": 67.6, "deficit": 1.67, "sp_tier": "mid", "df_tier": "short" }, "geometry": { "type": "Polygon", "coordinates": [ [ [ 128.749999999999858, 36.35 ], [ 128.749999999999858, 36.45 ], [ 128.649999999999835, 36.45 ], [ 128.649999999999835, 36.35 ], [ 128.749999999999858, 36.35 ] ] ] } },
{ "type": "Feature", "properties": { "sigma_nT": 107.0, "sigma_obs": 1, "spacing_req": 38.9, "spacing_now": 49.8, "deficit": 1.28, "sp_tier": "mid", "df_tier": "mild" }, "geometry": { "type": "Polygon", "coordinates": [ [ [ 128.849999999999852, 36.35 ], [ 128.849999999999852, 36.45 ], [ 128.749999999999829, 36.45 ], [ 128.749999999999829, 36.35 ], [ 128.849999999999852, 36.35 ] ] ] } },
{ "type": "Feature", "properties": { "sigma_nT": 81.0, "sigma_obs": 1, "spacing_req": 44.6, "spacing_now": 52.1, "deficit": 1.17, "sp_tier": "mid", "df_tier": "mild" }, "geometry": { "type": "Polygon", "coordinates": [ [ [ 127.55, 36.45 ], [ 127.55, 36.55 ], [ 127.45, 36.55 ], [ 127.45, 36.45 ], [ 127.55, 36.45 ] ] ] } },
{ "type": "Feature", "properties": { "sigma_nT": 87.0, "sigma_obs": 1, "spacing_req": 43.2, "spacing_now": 49.8, "deficit": 1.15, "sp_tier": "mid", "df_tier": "mild" }, "geometry": { "type": "Polygon", "coordinates": [ [ [ 127.65, 36.45 ], [ 127.65, 36.55 ], [ 127.55, 36.55 ], [ 127.55, 36.45 ], [ 127.65, 36.45 ] ] ] } },
{ "type": "Feature", "properties": { "sigma_nT": 87.0, "sigma_obs": 1, "spacing_req": 43.0, "spacing_now": 53.8, "deficit": 1.25, "sp_tier": "mid", "df_tier": "mild" }, "geometry": { "type": "Polygon", "coordinates": [ [ [ 127.75, 36.45 ], [ 127.75, 36.55 ], [ 127.65, 36.55 ], [ 127.65, 36.45 ], [ 127.75, 36.45 ] ] ] } },
{ "type": "Feature", "properties": { "sigma_nT": 89.0, "sigma_obs": 1, "spacing_req": 42.6, "spacing_now": 62.7, "deficit": 1.47, "sp_tier": "mid", "df_tier": "mild" }, "geometry": { "type": "Polygon", "coordinates": [ [ [ 127.849999999999895, 36.45 ], [ 127.849999999999895, 36.55 ], [ 127.75, 36.55 ], [ 127.75, 36.45 ], [ 127.849999999999895, 36.45 ] ] ] } },
{ "type": "Feature", "properties": { "sigma_nT": 91.0, "sigma_obs": 1, "spacing_req": 42.2, "spacing_now": 49.5, "deficit": 1.17, "sp_tier": "mid", "df_tier": "mild" }, "geometry": { "type": "Polygon", "coordinates": [ [ [ 127.949999999999889, 36.45 ], [ 127.949999999999889, 36.55 ], [ 127.849999999999895, 36.55 ], [ 127.849999999999895, 36.45 ], [ 127.949999999999889, 36.45 ] ] ] } },
{ "type": "Feature", "properties": { "sigma_nT": 81.0, "sigma_obs": 1, "spacing_req": 44.6, "spacing_now": 37.6, "deficit": 0.84, "sp_tier": "mid", "df_tier": "ok" }, "geometry": { "type": "Polygon", "coordinates": [ [ [ 128.049999999999898, 36.45 ], [ 128.049999999999898, 36.55 ], [ 127.949999999999889, 36.55 ], [ 127.949999999999889, 36.45 ], [ 128.049999999999898, 36.45 ] ] ] } },
{ "type": "Feature", "properties": { "sigma_nT": 67.0, "sigma_obs": 1, "spacing_req": 49.2, "spacing_now": 89.9, "deficit": 1.83, "sp_tier": "mid", "df_tier": "short" }, "geometry": { "type": "Polygon", "coordinates": [ [ [ 128.649999999999864, 36.45 ], [ 128.649999999999864, 36.55 ], [ 128.549999999999841, 36.55 ], [ 128.549999999999841, 36.45 ], [ 128.649999999999864, 36.45 ] ] ] } },
{ "type": "Feature", "properties": { "sigma_nT": 77.0, "sigma_obs": 1, "spacing_req": 45.8, "spacing_now": 73.2, "deficit": 1.6, "sp_tier": "mid", "df_tier": "short" }, "geometry": { "type": "Polygon", "coordinates": [ [ [ 128.749999999999858, 36.45 ], [ 128.749999999999858, 36.55 ], [ 128.649999999999835, 36.55 ], [ 128.649999999999835, 36.45 ], [ 128.749999999999858, 36.45 ] ] ] } },
{ "type": "Feature", "properties": { "sigma_nT": 91.0, "sigma_obs": 1, "spacing_req": 42.2, "spacing_now": 57.2, "deficit": 1.35, "sp_tier": "mid", "df_tier": "mild" }, "geometry": { "type": "Polygon", "coordinates": [ [ [ 128.849999999999852, 36.45 ], [ 128.849999999999852, 36.55 ], [ 128.749999999999829, 36.55 ], [ 128.749999999999829, 36.45 ], [ 128.849999999999852, 36.45 ] ] ] } },
{ "type": "Feature", "properties": { "sigma_nT": 129.0, "sigma_obs": 1, "spacing_req": 35.4, "spacing_now": 42.6, "deficit": 1.2, "sp_tier": "mid", "df_tier": "mild" }, "geometry": { "type": "Polygon", "coordinates": [ [ [ 128.949999999999847, 36.45 ], [ 128.949999999999847, 36.55 ], [ 128.849999999999824, 36.55 ], [ 128.849999999999824, 36.45 ], [ 128.949999999999847, 36.45 ] ] ] } },
{ "type": "Feature", "properties": { "sigma_nT": 129.0, "sigma_obs": 1, "spacing_req": 35.4, "spacing_now": 29.1, "deficit": 0.82, "sp_tier": "mid", "df_tier": "ok" }, "geometry": { "type": "Polygon", "coordinates": [ [ [ 129.149999999999835, 36.45 ], [ 129.149999999999835, 36.55 ], [ 129.049999999999812, 36.55 ], [ 129.049999999999812, 36.45 ], [ 129.149999999999835, 36.45 ] ] ] } },
{ "type": "Feature", "properties": { "sigma_nT": 125.0, "sigma_obs": 1, "spacing_req": 35.9, "spacing_now": 36.4, "deficit": 1.01, "sp_tier": "mid", "df_tier": "mild" }, "geometry": { "type": "Polygon", "coordinates": [ [ [ 129.249999999999829, 36.45 ], [ 129.249999999999829, 36.55 ], [ 129.149999999999807, 36.55 ], [ 129.149999999999807, 36.45 ], [ 129.249999999999829, 36.45 ] ] ] } },
{ "type": "Feature", "properties": { "sigma_nT": 132.0, "sigma_obs": 1, "spacing_req": 35.0, "spacing_now": 49.5, "deficit": 1.41, "sp_tier": "mid", "df_tier": "mild" }, "geometry": { "type": "Polygon", "coordinates": [ [ [ 129.349999999999824, 36.45 ], [ 129.349999999999824, 36.55 ], [ 129.249999999999801, 36.55 ], [ 129.249999999999801, 36.45 ], [ 129.349999999999824, 36.45 ] ] ] } },
{ "type": "Feature", "properties": { "sigma_nT": 131.0, "sigma_obs": 1, "spacing_req": 35.1, "spacing_now": 64.9, "deficit": 1.85, "sp_tier": "mid", "df_tier": "short" }, "geometry": { "type": "Polygon", "coordinates": [ [ [ 129.449999999999818, 36.45 ], [ 129.449999999999818, 36.55 ], [ 129.349999999999795, 36.55 ], [ 129.349999999999795, 36.45 ], [ 129.449999999999818, 36.45 ] ] ] } },
{ "type": "Feature", "properties": { "sigma_nT": 72.0, "sigma_obs": 1, "spacing_req": 47.5, "spacing_now": 131.7, "deficit": 2.77, "sp_tier": "mid", "df_tier": "critical" }, "geometry": { "type": "Polygon", "coordinates": [ [ [ 126.35, 36.55 ], [ 126.35, 36.65 ], [ 126.25, 36.65 ], [ 126.25, 36.55 ], [ 126.35, 36.55 ] ] ] } },
{ "type": "Feature", "properties": { "sigma_nT": 71.0, "sigma_obs": 1, "spacing_req": 47.7, "spacing_now": 114.6, "deficit": 2.4, "sp_tier": "mid", "df_tier": "critical" }, "geometry": { "type": "Polygon", "coordinates": [ [ [ 126.45, 36.55 ], [ 126.45, 36.65 ], [ 126.35, 36.65 ], [ 126.35, 36.55 ], [ 126.45, 36.55 ] ] ] } },
{ "type": "Feature", "properties": { "sigma_nT": 71.0, "sigma_obs": 1, "spacing_req": 47.6, "spacing_now": 97.8, "deficit": 2.05, "sp_tier": "mid", "df_tier": "critical" }, "geometry": { "type": "Polygon", "coordinates": [ [ [ 126.55, 36.55 ], [ 126.55, 36.65 ], [ 126.45, 36.65 ], [ 126.45, 36.55 ], [ 126.55, 36.55 ] ] ] } },
{ "type": "Feature", "properties": { "sigma_nT": 68.0, "sigma_obs": 1, "spacing_req": 48.7, "spacing_now": 81.4, "deficit": 1.67, "sp_tier": "mid", "df_tier": "short" }, "geometry": { "type": "Polygon", "coordinates": [ [ [ 126.65, 36.55 ], [ 126.65, 36.65 ], [ 126.55, 36.65 ], [ 126.55, 36.55 ], [ 126.65, 36.55 ] ] ] } },
{ "type": "Feature", "properties": { "sigma_nT": 72.0, "sigma_obs": 1, "spacing_req": 47.5, "spacing_now": 31.6, "deficit": 0.67, "sp_tier": "mid", "df_tier": "ok" }, "geometry": { "type": "Polygon", "coordinates": [ [ [ 127.55, 36.55 ], [ 127.55, 36.65 ], [ 127.45, 36.65 ], [ 127.45, 36.55 ], [ 127.55, 36.55 ] ] ] } },
{ "type": "Feature", "properties": { "sigma_nT": 105.0, "sigma_obs": 1, "spacing_req": 39.2, "spacing_now": 27.8, "deficit": 0.71, "sp_tier": "mid", "df_tier": "ok" }, "geometry": { "type": "Polygon", "coordinates": [ [ [ 127.65, 36.55 ], [ 127.65, 36.65 ], [ 127.55, 36.65 ], [ 127.55, 36.55 ], [ 127.65, 36.55 ] ] ] } },
{ "type": "Feature", "properties": { "sigma_nT": 104.0, "sigma_obs": 1, "spacing_req": 39.4, "spacing_now": 34.3, "deficit": 0.87, "sp_tier": "mid", "df_tier": "ok" }, "geometry": { "type": "Polygon", "coordinates": [ [ [ 127.75, 36.55 ], [ 127.75, 36.65 ], [ 127.65, 36.65 ], [ 127.65, 36.55 ], [ 127.75, 36.55 ] ] ] } },
{ "type": "Feature", "properties": { "sigma_nT": 104.0, "sigma_obs": 1, "spacing_req": 39.4, "spacing_now": 47.1, "deficit": 1.2, "sp_tier": "mid", "df_tier": "mild" }, "geometry": { "type": "Polygon", "coordinates": [ [ [ 127.849999999999895, 36.55 ], [ 127.849999999999895, 36.65 ], [ 127.75, 36.65 ], [ 127.75, 36.55 ], [ 127.849999999999895, 36.55 ] ] ] } },
{ "type": "Feature", "properties": { "sigma_nT": 105.0, "sigma_obs": 1, "spacing_req": 39.3, "spacing_now": 62.5, "deficit": 1.59, "sp_tier": "mid", "df_tier": "short" }, "geometry": { "type": "Polygon", "coordinates": [ [ [ 127.949999999999889, 36.55 ], [ 127.949999999999889, 36.65 ], [ 127.849999999999895, 36.65 ], [ 127.849999999999895, 36.55 ], [ 127.949999999999889, 36.55 ] ] ] } },
{ "type": "Feature", "properties": { "sigma_nT": 102.0, "sigma_obs": 1, "spacing_req": 39.8, "spacing_now": 57.6, "deficit": 1.45, "sp_tier": "mid", "df_tier": "mild" }, "geometry": { "type": "Polygon", "coordinates": [ [ [ 128.049999999999898, 36.55 ], [ 128.049999999999898, 36.65 ], [ 127.949999999999889, 36.65 ], [ 127.949999999999889, 36.55 ], [ 128.049999999999898, 36.55 ] ] ] } },
{ "type": "Feature", "properties": { "sigma_nT": 87.0, "sigma_obs": 1, "spacing_req": 43.1, "spacing_now": 54.1, "deficit": 1.26, "sp_tier": "mid", "df_tier": "mild" }, "geometry": { "type": "Polygon", "coordinates": [ [ [ 128.149999999999892, 36.55 ], [ 128.149999999999892, 36.65 ], [ 128.049999999999869, 36.65 ], [ 128.049999999999869, 36.55 ], [ 128.149999999999892, 36.55 ] ] ] } },
{ "type": "Feature", "properties": { "sigma_nT": 70.0, "sigma_obs": 1, "spacing_req": 47.9, "spacing_now": 86.4, "deficit": 1.8, "sp_tier": "mid", "df_tier": "short" }, "geometry": { "type": "Polygon", "coordinates": [ [ [ 128.649999999999864, 36.55 ], [ 128.649999999999864, 36.65 ], [ 128.549999999999841, 36.65 ], [ 128.549999999999841, 36.55 ], [ 128.649999999999864, 36.55 ] ] ] } },
{ "type": "Feature", "properties": { "sigma_nT": 78.0, "sigma_obs": 1, "spacing_req": 45.6, "spacing_now": 78.3, "deficit": 1.72, "sp_tier": "mid", "df_tier": "short" }, "geometry": { "type": "Polygon", "coordinates": [ [ [ 128.749999999999858, 36.55 ], [ 128.749999999999858, 36.65 ], [ 128.649999999999835, 36.65 ], [ 128.649999999999835, 36.55 ], [ 128.749999999999858, 36.55 ] ] ] } },
{ "type": "Feature", "properties": { "sigma_nT": 85.0, "sigma_obs": 1, "spacing_req": 43.6, "spacing_now": 70.9, "deficit": 1.63, "sp_tier": "mid", "df_tier": "short" }, "geometry": { "type": "Polygon", "coordinates": [ [ [ 128.849999999999852, 36.55 ], [ 128.849999999999852, 36.65 ], [ 128.749999999999829, 36.65 ], [ 128.749999999999829, 36.55 ], [ 128.849999999999852, 36.55 ] ] ] } },
{ "type": "Feature", "properties": { "sigma_nT": 95.0, "sigma_obs": 1, "spacing_req": 41.3, "spacing_now": 59.8, "deficit": 1.45, "sp_tier": "mid", "df_tier": "mild" }, "geometry": { "type": "Polygon", "coordinates": [ [ [ 128.949999999999847, 36.55 ], [ 128.949999999999847, 36.65 ], [ 128.849999999999824, 36.65 ], [ 128.849999999999824, 36.55 ], [ 128.949999999999847, 36.55 ] ] ] } },
{ "type": "Feature", "properties": { "sigma_nT": 102.0, "sigma_obs": 1, "spacing_req": 39.9, "spacing_now": 52.7, "deficit": 1.32, "sp_tier": "mid", "df_tier": "mild" }, "geometry": { "type": "Polygon", "coordinates": [ [ [ 129.049999999999841, 36.55 ], [ 129.049999999999841, 36.65 ], [ 128.949999999999818, 36.65 ], [ 128.949999999999818, 36.55 ], [ 129.049999999999841, 36.55 ] ] ] } },
{ "type": "Feature", "properties": { "sigma_nT": 100.0, "sigma_obs": 1, "spacing_req": 40.2, "spacing_now": 51.1, "deficit": 1.27, "sp_tier": "mid", "df_tier": "mild" }, "geometry": { "type": "Polygon", "coordinates": [ [ [ 129.149999999999835, 36.55 ], [ 129.149999999999835, 36.65 ], [ 129.049999999999812, 36.65 ], [ 129.049999999999812, 36.55 ], [ 129.149999999999835, 36.55 ] ] ] } },
{ "type": "Feature", "properties": { "sigma_nT": 94.0, "sigma_obs": 1, "spacing_req": 41.5, "spacing_now": 55.6, "deficit": 1.34, "sp_tier": "mid", "df_tier": "mild" }, "geometry": { "type": "Polygon", "coordinates": [ [ [ 129.249999999999829, 36.55 ], [ 129.249999999999829, 36.65 ], [ 129.149999999999807, 36.65 ], [ 129.149999999999807, 36.55 ], [ 129.249999999999829, 36.55 ] ] ] } },
{ "type": "Feature", "properties": { "sigma_nT": 94.0, "sigma_obs": 1, "spacing_req": 41.4, "spacing_now": 64.9, "deficit": 1.57, "sp_tier": "mid", "df_tier": "short" }, "geometry": { "type": "Polygon", "coordinates": [ [ [ 129.349999999999824, 36.55 ], [ 129.349999999999824, 36.65 ], [ 129.249999999999801, 36.65 ], [ 129.249999999999801, 36.55 ], [ 129.349999999999824, 36.55 ] ] ] } },
{ "type": "Feature", "properties": { "sigma_nT": 93.0, "sigma_obs": 1, "spacing_req": 41.8, "spacing_now": 77.2, "deficit": 1.85, "sp_tier": "mid", "df_tier": "short" }, "geometry": { "type": "Polygon", "coordinates": [ [ [ 129.449999999999818, 36.55 ], [ 129.449999999999818, 36.65 ], [ 129.349999999999795, 36.65 ], [ 129.349999999999795, 36.55 ], [ 129.449999999999818, 36.55 ] ] ] } },
{ "type": "Feature", "properties": { "sigma_nT": 70.0, "sigma_obs": 1, "spacing_req": 48.0, "spacing_now": 155.7, "deficit": 3.24, "sp_tier": "mid", "df_tier": "critical" }, "geometry": { "type": "Polygon", "coordinates": [ [ [ 126.25, 36.65 ], [ 126.25, 36.75 ], [ 126.15, 36.75 ], [ 126.15, 36.65 ], [ 126.25, 36.65 ] ] ] } },
{ "type": "Feature", "properties": { "sigma_nT": 71.0, "sigma_obs": 1, "spacing_req": 47.6, "spacing_now": 139.3, "deficit": 2.93, "sp_tier": "mid", "df_tier": "critical" }, "geometry": { "type": "Polygon", "coordinates": [ [ [ 126.35, 36.65 ], [ 126.35, 36.75 ], [ 126.25, 36.75 ], [ 126.25, 36.65 ], [ 126.35, 36.65 ] ] ] } },
{ "type": "Feature", "properties": { "sigma_nT": 71.0, "sigma_obs": 1, "spacing_req": 47.8, "spacing_now": 123.3, "deficit": 2.58, "sp_tier": "mid", "df_tier": "critical" }, "geometry": { "type": "Polygon", "coordinates": [ [ [ 126.45, 36.65 ], [ 126.45, 36.75 ], [ 126.35, 36.75 ], [ 126.35, 36.65 ], [ 126.45, 36.65 ] ] ] } },
{ "type": "Feature", "properties": { "sigma_nT": 72.0, "sigma_obs": 1, "spacing_req": 47.5, "spacing_now": 107.8, "deficit": 2.27, "sp_tier": "mid", "df_tier": "critical" }, "geometry": { "type": "Polygon", "coordinates": [ [ [ 126.55, 36.65 ], [ 126.55, 36.75 ], [ 126.45, 36.75 ], [ 126.45, 36.65 ], [ 126.55, 36.65 ] ] ] } },
{ "type": "Feature", "properties": { "sigma_nT": 71.0, "sigma_obs": 1, "spacing_req": 47.6, "spacing_now": 93.2, "deficit": 1.96, "sp_tier": "mid", "df_tier": "short" }, "geometry": { "type": "Polygon", "coordinates": [ [ [ 126.65, 36.65 ], [ 126.65, 36.75 ], [ 126.55, 36.75 ], [ 126.55, 36.65 ], [ 126.65, 36.65 ] ] ] } },
{ "type": "Feature", "properties": { "sigma_nT": 66.0, "sigma_obs": 1, "spacing_req": 49.5, "spacing_now": 80.0, "deficit": 1.62, "sp_tier": "mid", "df_tier": "short" }, "geometry": { "type": "Polygon", "coordinates": [ [ [ 126.75, 36.65 ], [ 126.75, 36.75 ], [ 126.65, 36.75 ], [ 126.65, 36.65 ], [ 126.75, 36.65 ] ] ] } },
{ "type": "Feature", "properties": { "sigma_nT": 106.0, "sigma_obs": 1, "spacing_req": 39.1, "spacing_now": 6.1, "deficit": 0.15, "sp_tier": "mid", "df_tier": "ok" }, "geometry": { "type": "Polygon", "coordinates": [ [ [ 127.65, 36.65 ], [ 127.65, 36.75 ], [ 127.55, 36.75 ], [ 127.55, 36.65 ], [ 127.65, 36.65 ] ] ] } },
{ "type": "Feature", "properties": { "sigma_nT": 131.0, "sigma_obs": 1, "spacing_req": 35.2, "spacing_now": 76.3, "deficit": 2.17, "sp_tier": "mid", "df_tier": "critical" }, "geometry": { "type": "Polygon", "coordinates": [ [ [ 128.149999999999892, 36.65 ], [ 128.149999999999892, 36.75 ], [ 128.049999999999869, 36.75 ], [ 128.049999999999869, 36.65 ], [ 128.149999999999892, 36.65 ] ] ] } },
{ "type": "Feature", "properties": { "sigma_nT": 99.0, "sigma_obs": 1, "spacing_req": 40.3, "spacing_now": 77.9, "deficit": 1.93, "sp_tier": "mid", "df_tier": "short" }, "geometry": { "type": "Polygon", "coordinates": [ [ [ 128.249999999999886, 36.65 ], [ 128.249999999999886, 36.75 ], [ 128.149999999999864, 36.75 ], [ 128.149999999999864, 36.65 ], [ 128.249999999999886, 36.65 ] ] ] } },
{ "type": "Feature", "properties": { "sigma_nT": 71.0, "sigma_obs": 1, "spacing_req": 47.9, "spacing_now": 58.2, "deficit": 1.22, "sp_tier": "mid", "df_tier": "mild" }, "geometry": { "type": "Polygon", "coordinates": [ [ [ 128.749999999999858, 36.65 ], [ 128.749999999999858, 36.75 ], [ 128.649999999999835, 36.75 ], [ 128.649999999999835, 36.65 ], [ 128.749999999999858, 36.65 ] ] ] } },
{ "type": "Feature", "properties": { "sigma_nT": 76.0, "sigma_obs": 1, "spacing_req": 46.2, "spacing_now": 51.9, "deficit": 1.12, "sp_tier": "mid", "df_tier": "mild" }, "geometry": { "type": "Polygon", "coordinates": [ [ [ 128.849999999999852, 36.65 ], [ 128.849999999999852, 36.75 ], [ 128.749999999999829, 36.75 ], [ 128.749999999999829, 36.65 ], [ 128.849999999999852, 36.65 ] ] ] } },
{ "type": "Feature", "properties": { "sigma_nT": 82.0, "sigma_obs": 1, "spacing_req": 44.5, "spacing_now": 51.3, "deficit": 1.15, "sp_tier": "mid", "df_tier": "mild" }, "geometry": { "type": "Polygon", "coordinates": [ [ [ 128.949999999999847, 36.65 ], [ 128.949999999999847, 36.75 ], [ 128.849999999999824, 36.75 ], [ 128.849999999999824, 36.65 ], [ 128.949999999999847, 36.65 ] ] ] } },
{ "type": "Feature", "properties": { "sigma_nT": 85.0, "sigma_obs": 1, "spacing_req": 43.5, "spacing_now": 56.6, "deficit": 1.3, "sp_tier": "mid", "df_tier": "mild" }, "geometry": { "type": "Polygon", "coordinates": [ [ [ 129.049999999999841, 36.65 ], [ 129.049999999999841, 36.75 ], [ 128.949999999999818, 36.75 ], [ 128.949999999999818, 36.65 ], [ 129.049999999999841, 36.65 ] ] ] } },
{ "type": "Feature", "properties": { "sigma_nT": 88.0, "sigma_obs": 1, "spacing_req": 42.9, "spacing_now": 66.5, "deficit": 1.55, "sp_tier": "mid", "df_tier": "short" }, "geometry": { "type": "Polygon", "coordinates": [ [ [ 129.149999999999835, 36.65 ], [ 129.149999999999835, 36.75 ], [ 129.049999999999812, 36.75 ], [ 129.049999999999812, 36.65 ], [ 129.149999999999835, 36.65 ] ] ] } },
{ "type": "Feature", "properties": { "sigma_nT": 84.0, "sigma_obs": 1, "spacing_req": 43.9, "spacing_now": 76.4, "deficit": 1.74, "sp_tier": "mid", "df_tier": "short" }, "geometry": { "type": "Polygon", "coordinates": [ [ [ 129.249999999999829, 36.65 ], [ 129.249999999999829, 36.75 ], [ 129.149999999999807, 36.75 ], [ 129.149999999999807, 36.65 ], [ 129.249999999999829, 36.65 ] ] ] } },
{ "type": "Feature", "properties": { "sigma_nT": 88.0, "sigma_obs": 1, "spacing_req": 42.8, "spacing_now": 83.3, "deficit": 1.95, "sp_tier": "mid", "df_tier": "short" }, "geometry": { "type": "Polygon", "coordinates": [ [ [ 129.349999999999824, 36.65 ], [ 129.349999999999824, 36.75 ], [ 129.249999999999801, 36.75 ], [ 129.249999999999801, 36.65 ], [ 129.349999999999824, 36.65 ] ] ] } },
{ "type": "Feature", "properties": { "sigma_nT": 90.0, "sigma_obs": 1, "spacing_req": 42.4, "spacing_now": 93.3, "deficit": 2.2, "sp_tier": "mid", "df_tier": "critical" }, "geometry": { "type": "Polygon", "coordinates": [ [ [ 129.449999999999818, 36.65 ], [ 129.449999999999818, 36.75 ], [ 129.349999999999795, 36.75 ], [ 129.349999999999795, 36.65 ], [ 129.449999999999818, 36.65 ] ] ] } },
{ "type": "Feature", "properties": { "sigma_nT": 94.0, "sigma_obs": 1, "spacing_req": 41.4, "spacing_now": 105.4, "deficit": 2.55, "sp_tier": "mid", "df_tier": "critical" }, "geometry": { "type": "Polygon", "coordinates": [ [ [ 129.549999999999812, 36.65 ], [ 129.549999999999812, 36.75 ], [ 129.44999999999979, 36.75 ], [ 129.44999999999979, 36.65 ], [ 129.549999999999812, 36.65 ] ] ] } },
{ "type": "Feature", "properties": { "sigma_nT": 74.0, "sigma_obs": 1, "spacing_req": 46.9, "spacing_now": 144.7, "deficit": 3.09, "sp_tier": "mid", "df_tier": "critical" }, "geometry": { "type": "Polygon", "coordinates": [ [ [ 126.25, 36.75 ], [ 126.25, 36.85 ], [ 126.15, 36.85 ], [ 126.15, 36.75 ], [ 126.25, 36.75 ] ] ] } },
{ "type": "Feature", "properties": { "sigma_nT": 71.0, "sigma_obs": 1, "spacing_req": 47.8, "spacing_now": 129.3, "deficit": 2.71, "sp_tier": "mid", "df_tier": "critical" }, "geometry": { "type": "Polygon", "coordinates": [ [ [ 126.35, 36.75 ], [ 126.35, 36.85 ], [ 126.25, 36.85 ], [ 126.25, 36.75 ], [ 126.35, 36.75 ] ] ] } },
{ "type": "Feature", "properties": { "sigma_nT": 70.0, "sigma_obs": 1, "spacing_req": 48.1, "spacing_now": 114.7, "deficit": 2.39, "sp_tier": "mid", "df_tier": "critical" }, "geometry": { "type": "Polygon", "coordinates": [ [ [ 126.45, 36.75 ], [ 126.45, 36.85 ], [ 126.35, 36.85 ], [ 126.35, 36.75 ], [ 126.45, 36.75 ] ] ] } },
{ "type": "Feature", "properties": { "sigma_nT": 71.0, "sigma_obs": 1, "spacing_req": 47.8, "spacing_now": 101.2, "deficit": 2.12, "sp_tier": "mid", "df_tier": "critical" }, "geometry": { "type": "Polygon", "coordinates": [ [ [ 126.55, 36.75 ], [ 126.55, 36.85 ], [ 126.45, 36.85 ], [ 126.45, 36.75 ], [ 126.55, 36.75 ] ] ] } },
{ "type": "Feature", "properties": { "sigma_nT": 70.0, "sigma_obs": 1, "spacing_req": 48.1, "spacing_now": 89.1, "deficit": 1.85, "sp_tier": "mid", "df_tier": "short" }, "geometry": { "type": "Polygon", "coordinates": [ [ [ 126.65, 36.75 ], [ 126.65, 36.85 ], [ 126.55, 36.85 ], [ 126.55, 36.75 ], [ 126.65, 36.75 ] ] ] } },
{ "type": "Feature", "properties": { "sigma_nT": 114.0, "sigma_obs": 1, "spacing_req": 37.7, "spacing_now": 16.8, "deficit": 0.44, "sp_tier": "mid", "df_tier": "ok" }, "geometry": { "type": "Polygon", "coordinates": [ [ [ 127.65, 36.75 ], [ 127.65, 36.85 ], [ 127.55, 36.85 ], [ 127.55, 36.75 ], [ 127.65, 36.75 ] ] ] } },
{ "type": "Feature", "properties": { "sigma_nT": 73.0, "sigma_obs": 1, "spacing_req": 47.1, "spacing_now": 30.6, "deficit": 0.65, "sp_tier": "mid", "df_tier": "ok" }, "geometry": { "type": "Polygon", "coordinates": [ [ [ 128.849999999999852, 36.75 ], [ 128.849999999999852, 36.85 ], [ 128.749999999999829, 36.85 ], [ 128.749999999999829, 36.75 ], [ 128.849999999999852, 36.75 ] ] ] } },
{ "type": "Feature", "properties": { "sigma_nT": 76.0, "sigma_obs": 1, "spacing_req": 46.1, "spacing_now": 29.6, "deficit": 0.64, "sp_tier": "mid", "df_tier": "ok" }, "geometry": { "type": "Polygon", "coordinates": [ [ [ 128.949999999999847, 36.75 ], [ 128.949999999999847, 36.85 ], [ 128.849999999999824, 36.85 ], [ 128.849999999999824, 36.75 ], [ 128.949999999999847, 36.75 ] ] ] } },
{ "type": "Feature", "properties": { "sigma_nT": 80.0, "sigma_obs": 1, "spacing_req": 45.0, "spacing_now": 38.1, "deficit": 0.85, "sp_tier": "mid", "df_tier": "ok" }, "geometry": { "type": "Polygon", "coordinates": [ [ [ 129.049999999999841, 36.75 ], [ 129.049999999999841, 36.85 ], [ 128.949999999999818, 36.85 ], [ 128.949999999999818, 36.75 ], [ 129.049999999999841, 36.75 ] ] ] } },
{ "type": "Feature", "properties": { "sigma_nT": 86.0, "sigma_obs": 1, "spacing_req": 43.4, "spacing_now": 51.6, "deficit": 1.19, "sp_tier": "mid", "df_tier": "mild" }, "geometry": { "type": "Polygon", "coordinates": [ [ [ 129.149999999999835, 36.75 ], [ 129.149999999999835, 36.85 ], [ 129.049999999999812, 36.85 ], [ 129.049999999999812, 36.75 ], [ 129.149999999999835, 36.75 ] ] ] } },
{ "type": "Feature", "properties": { "sigma_nT": 81.0, "sigma_obs": 1, "spacing_req": 44.7, "spacing_now": 67.1, "deficit": 1.5, "sp_tier": "mid", "df_tier": "mild" }, "geometry": { "type": "Polygon", "coordinates": [ [ [ 129.249999999999829, 36.75 ], [ 129.249999999999829, 36.85 ], [ 129.149999999999807, 36.85 ], [ 129.149999999999807, 36.75 ], [ 129.249999999999829, 36.75 ] ] ] } },
{ "type": "Feature", "properties": { "sigma_nT": 86.0, "sigma_obs": 1, "spacing_req": 43.3, "spacing_now": 83.6, "deficit": 1.93, "sp_tier": "mid", "df_tier": "short" }, "geometry": { "type": "Polygon", "coordinates": [ [ [ 129.349999999999824, 36.75 ], [ 129.349999999999824, 36.85 ], [ 129.249999999999801, 36.85 ], [ 129.249999999999801, 36.75 ], [ 129.349999999999824, 36.75 ] ] ] } },
{ "type": "Feature", "properties": { "sigma_nT": 90.0, "sigma_obs": 1, "spacing_req": 42.3, "spacing_now": 100.5, "deficit": 2.38, "sp_tier": "mid", "df_tier": "critical" }, "geometry": { "type": "Polygon", "coordinates": [ [ [ 129.449999999999818, 36.75 ], [ 129.449999999999818, 36.85 ], [ 129.349999999999795, 36.85 ], [ 129.349999999999795, 36.75 ], [ 129.449999999999818, 36.75 ] ] ] } },
{ "type": "Feature", "properties": { "sigma_nT": 102.0, "sigma_obs": 1, "spacing_req": 39.8, "spacing_now": 117.6, "deficit": 2.95, "sp_tier": "mid", "df_tier": "critical" }, "geometry": { "type": "Polygon", "coordinates": [ [ [ 129.549999999999812, 36.75 ], [ 129.549999999999812, 36.85 ], [ 129.44999999999979, 36.85 ], [ 129.44999999999979, 36.75 ], [ 129.549999999999812, 36.75 ] ] ] } },
{ "type": "Feature", "properties": { "sigma_nT": 78.0, "sigma_obs": 1, "spacing_req": 45.4, "spacing_now": 135.3, "deficit": 2.98, "sp_tier": "mid", "df_tier": "critical" }, "geometry": { "type": "Polygon", "coordinates": [ [ [ 126.25, 36.85 ], [ 126.25, 36.95 ], [ 126.15, 36.95 ], [ 126.15, 36.85 ], [ 126.25, 36.85 ] ] ] } },
{ "type": "Feature", "properties": { "sigma_nT": 71.0, "sigma_obs": 1, "spacing_req": 47.9, "spacing_now": 118.8, "deficit": 2.48, "sp_tier": "mid", "df_tier": "critical" }, "geometry": { "type": "Polygon", "coordinates": [ [ [ 126.35, 36.85 ], [ 126.35, 36.95 ], [ 126.25, 36.95 ], [ 126.25, 36.85 ], [ 126.35, 36.85 ] ] ] } },
{ "type": "Feature", "properties": { "sigma_nT": 67.0, "sigma_obs": 1, "spacing_req": 49.1, "spacing_now": 102.8, "deficit": 2.1, "sp_tier": "mid", "df_tier": "critical" }, "geometry": { "type": "Polygon", "coordinates": [ [ [ 126.45, 36.85 ], [ 126.45, 36.95 ], [ 126.35, 36.95 ], [ 126.35, 36.85 ], [ 126.45, 36.85 ] ] ] } },
{ "type": "Feature", "properties": { "sigma_nT": 110.0, "sigma_obs": 1, "spacing_req": 38.3, "spacing_now": 38.8, "deficit": 1.01, "sp_tier": "mid", "df_tier": "mild" }, "geometry": { "type": "Polygon", "coordinates": [ [ [ 127.65, 36.85 ], [ 127.65, 36.95 ], [ 127.55, 36.95 ], [ 127.55, 36.85 ], [ 127.65, 36.85 ] ] ] } },
{ "type": "Feature", "properties": { "sigma_nT": 71.0, "sigma_obs": 1, "spacing_req": 47.6, "spacing_now": 25.9, "deficit": 0.54, "sp_tier": "mid", "df_tier": "ok" }, "geometry": { "type": "Polygon", "coordinates": [ [ [ 129.049999999999841, 36.85 ], [ 129.049999999999841, 36.95 ], [ 128.949999999999818, 36.95 ], [ 128.949999999999818, 36.85 ], [ 129.049999999999841, 36.85 ] ] ] } },
{ "type": "Feature", "properties": { "sigma_nT": 82.0, "sigma_obs": 1, "spacing_req": 44.5, "spacing_now": 43.3, "deficit": 0.97, "sp_tier": "mid", "df_tier": "ok" }, "geometry": { "type": "Polygon", "coordinates": [ [ [ 129.149999999999835, 36.85 ], [ 129.149999999999835, 36.95 ], [ 129.049999999999812, 36.95 ], [ 129.049999999999812, 36.85 ], [ 129.149999999999835, 36.85 ] ] ] } },
{ "type": "Feature", "properties": { "sigma_nT": 77.0, "sigma_obs": 1, "spacing_req": 45.7, "spacing_now": 61.0, "deficit": 1.34, "sp_tier": "mid", "df_tier": "mild" }, "geometry": { "type": "Polygon", "coordinates": [ [ [ 129.249999999999829, 36.85 ], [ 129.249999999999829, 36.95 ], [ 129.149999999999807, 36.95 ], [ 129.149999999999807, 36.85 ], [ 129.249999999999829, 36.85 ] ] ] } },
{ "type": "Feature", "properties": { "sigma_nT": 79.0, "sigma_obs": 1, "spacing_req": 45.3, "spacing_now": 78.7, "deficit": 1.74, "sp_tier": "mid", "df_tier": "short" }, "geometry": { "type": "Polygon", "coordinates": [ [ [ 129.349999999999824, 36.85 ], [ 129.349999999999824, 36.95 ], [ 129.249999999999801, 36.95 ], [ 129.249999999999801, 36.85 ], [ 129.349999999999824, 36.85 ] ] ] } },
{ "type": "Feature", "properties": { "sigma_nT": 81.0, "sigma_obs": 1, "spacing_req": 44.6, "spacing_now": 96.4, "deficit": 2.16, "sp_tier": "mid", "df_tier": "critical" }, "geometry": { "type": "Polygon", "coordinates": [ [ [ 129.449999999999818, 36.85 ], [ 129.449999999999818, 36.95 ], [ 129.349999999999795, 36.95 ], [ 129.349999999999795, 36.85 ], [ 129.449999999999818, 36.85 ] ] ] } },
{ "type": "Feature", "properties": { "sigma_nT": 68.0, "sigma_obs": 1, "spacing_req": 48.9, "spacing_now": 94.6, "deficit": 1.93, "sp_tier": "mid", "df_tier": "short" }, "geometry": { "type": "Polygon", "coordinates": [ [ [ 126.45, 36.95 ], [ 126.45, 37.05 ], [ 126.35, 37.05 ], [ 126.35, 36.95 ], [ 126.45, 36.95 ] ] ] } },
{ "type": "Feature", "properties": { "sigma_nT": 108.0, "sigma_obs": 1, "spacing_req": 38.7, "spacing_now": 60.9, "deficit": 1.57, "sp_tier": "mid", "df_tier": "short" }, "geometry": { "type": "Polygon", "coordinates": [ [ [ 127.65, 36.95 ], [ 127.65, 37.05 ], [ 127.55, 37.05 ], [ 127.55, 36.95 ], [ 127.65, 36.95 ] ] ] } },
{ "type": "Feature", "properties": { "sigma_nT": 74.0, "sigma_obs": 1, "spacing_req": 46.7, "spacing_now": 45.5, "deficit": 0.97, "sp_tier": "mid", "df_tier": "ok" }, "geometry": { "type": "Polygon", "coordinates": [ [ [ 129.149999999999835, 36.95 ], [ 129.149999999999835, 37.05 ], [ 129.049999999999812, 37.05 ], [ 129.049999999999812, 36.95 ], [ 129.149999999999835, 36.95 ] ] ] } },
{ "type": "Feature", "properties": { "sigma_nT": 69.0, "sigma_obs": 1, "spacing_req": 48.3, "spacing_now": 62.5, "deficit": 1.3, "sp_tier": "mid", "df_tier": "mild" }, "geometry": { "type": "Polygon", "coordinates": [ [ [ 129.249999999999829, 36.95 ], [ 129.249999999999829, 37.05 ], [ 129.149999999999807, 37.05 ], [ 129.149999999999807, 36.95 ], [ 129.249999999999829, 36.95 ] ] ] } },
{ "type": "Feature", "properties": { "sigma_nT": 70.0, "sigma_obs": 1, "spacing_req": 48.0, "spacing_now": 79.9, "deficit": 1.66, "sp_tier": "mid", "df_tier": "short" }, "geometry": { "type": "Polygon", "coordinates": [ [ [ 129.349999999999824, 36.95 ], [ 129.349999999999824, 37.05 ], [ 129.249999999999801, 37.05 ], [ 129.249999999999801, 36.95 ], [ 129.349999999999824, 36.95 ] ] ] } },
{ "type": "Feature", "properties": { "sigma_nT": 71.0, "sigma_obs": 1, "spacing_req": 47.8, "spacing_now": 92.0, "deficit": 1.93, "sp_tier": "mid", "df_tier": "short" }, "geometry": { "type": "Polygon", "coordinates": [ [ [ 129.449999999999818, 36.95 ], [ 129.449999999999818, 37.05 ], [ 129.349999999999795, 37.05 ], [ 129.349999999999795, 36.95 ], [ 129.449999999999818, 36.95 ] ] ] } },
{ "type": "Feature", "properties": { "sigma_nT": 71.0, "sigma_obs": 1, "spacing_req": 47.8, "spacing_now": 76.4, "deficit": 1.6, "sp_tier": "mid", "df_tier": "short" }, "geometry": { "type": "Polygon", "coordinates": [ [ [ 127.65, 37.05 ], [ 127.65, 37.15 ], [ 127.55, 37.15 ], [ 127.55, 37.05 ], [ 127.65, 37.05 ] ] ] } },
{ "type": "Feature", "properties": { "sigma_nT": 131.0, "sigma_obs": 1, "spacing_req": 35.1, "spacing_now": 78.8, "deficit": 2.25, "sp_tier": "mid", "df_tier": "critical" }, "geometry": { "type": "Polygon", "coordinates": [ [ [ 127.75, 37.05 ], [ 127.75, 37.15 ], [ 127.65, 37.15 ], [ 127.65, 37.05 ], [ 127.75, 37.05 ] ] ] } },
{ "type": "Feature", "properties": { "sigma_nT": 67.0, "sigma_obs": 1, "spacing_req": 49.2, "spacing_now": 57.0, "deficit": 1.16, "sp_tier": "mid", "df_tier": "mild" }, "geometry": { "type": "Polygon", "coordinates": [ [ [ 129.149999999999835, 37.05 ], [ 129.149999999999835, 37.15 ], [ 129.049999999999812, 37.15 ], [ 129.049999999999812, 37.05 ], [ 129.149999999999835, 37.05 ] ] ] } },
{ "type": "Feature", "properties": { "sigma_nT": 86.0, "sigma_obs": 1, "spacing_req": 43.3, "spacing_now": 65.8, "deficit": 1.52, "sp_tier": "mid", "df_tier": "short" }, "geometry": { "type": "Polygon", "coordinates": [ [ [ 127.849999999999895, 37.15 ], [ 127.849999999999895, 37.25 ], [ 127.75, 37.25 ], [ 127.75, 37.15 ], [ 127.849999999999895, 37.15 ] ] ] } },
{ "type": "Feature", "properties": { "sigma_nT": 93.0, "sigma_obs": 1, "spacing_req": 41.7, "spacing_now": 61.9, "deficit": 1.48, "sp_tier": "mid", "df_tier": "mild" }, "geometry": { "type": "Polygon", "coordinates": [ [ [ 127.949999999999889, 37.15 ], [ 127.949999999999889, 37.25 ], [ 127.849999999999895, 37.25 ], [ 127.849999999999895, 37.15 ], [ 127.949999999999889, 37.15 ] ] ] } },
{ "type": "Feature", "properties": { "sigma_nT": 97.0, "sigma_obs": 1, "spacing_req": 40.8, "spacing_now": 46.7, "deficit": 1.14, "sp_tier": "mid", "df_tier": "mild" }, "geometry": { "type": "Polygon", "coordinates": [ [ [ 128.049999999999898, 37.15 ], [ 128.049999999999898, 37.25 ], [ 127.949999999999889, 37.25 ], [ 127.949999999999889, 37.15 ], [ 128.049999999999898, 37.15 ] ] ] } },
{ "type": "Feature", "properties": { "sigma_nT": 96.0, "sigma_obs": 1, "spacing_req": 41.0, "spacing_now": 34.1, "deficit": 0.83, "sp_tier": "mid", "df_tier": "ok" }, "geometry": { "type": "Polygon", "coordinates": [ [ [ 128.149999999999892, 37.15 ], [ 128.149999999999892, 37.25 ], [ 128.049999999999869, 37.25 ], [ 128.049999999999869, 37.15 ], [ 128.149999999999892, 37.15 ] ] ] } },
{ "type": "Feature", "properties": { "sigma_nT": 91.0, "sigma_obs": 1, "spacing_req": 42.1, "spacing_now": 27.8, "deficit": 0.66, "sp_tier": "mid", "df_tier": "ok" }, "geometry": { "type": "Polygon", "coordinates": [ [ [ 128.249999999999886, 37.15 ], [ 128.249999999999886, 37.25 ], [ 128.149999999999864, 37.25 ], [ 128.149999999999864, 37.15 ], [ 128.249999999999886, 37.15 ] ] ] } },
{ "type": "Feature", "properties": { "sigma_nT": 70.0, "sigma_obs": 1, "spacing_req": 48.0, "spacing_now": 44.8, "deficit": 0.93, "sp_tier": "mid", "df_tier": "ok" }, "geometry": { "type": "Polygon", "coordinates": [ [ [ 129.149999999999835, 37.15 ], [ 129.149999999999835, 37.25 ], [ 129.049999999999812, 37.25 ], [ 129.049999999999812, 37.15 ], [ 129.149999999999835, 37.15 ] ] ] } },
{ "type": "Feature", "properties": { "sigma_nT": 65.0, "sigma_obs": 1, "spacing_req": 49.9, "spacing_now": 40.9, "deficit": 0.82, "sp_tier": "mid", "df_tier": "ok" }, "geometry": { "type": "Polygon", "coordinates": [ [ [ 129.249999999999829, 37.15 ], [ 129.249999999999829, 37.25 ], [ 129.149999999999807, 37.25 ], [ 129.149999999999807, 37.15 ], [ 129.249999999999829, 37.15 ] ] ] } },
{ "type": "Feature", "properties": { "sigma_nT": 88.0, "sigma_obs": 0, "spacing_req": 42.8, "spacing_now": 283.4, "deficit": 6.62, "sp_tier": "mid", "df_tier": "critical" }, "geometry": { "type": "Polygon", "coordinates": [ [ [ 130.849999999999739, 37.45 ], [ 130.849999999999739, 37.55 ], [ 130.749999999999716, 37.55 ], [ 130.749999999999716, 37.45 ], [ 130.849999999999739, 37.45 ] ] ] } },
{ "type": "Feature", "properties": { "sigma_nT": 88.0, "sigma_obs": 0, "spacing_req": 42.8, "spacing_now": 301.0, "deficit": 7.03, "sp_tier": "mid", "df_tier": "critical" }, "geometry": { "type": "Polygon", "coordinates": [ [ [ 130.949999999999733, 37.45 ], [ 130.949999999999733, 37.55 ], [ 130.84999999999971, 37.55 ], [ 130.84999999999971, 37.45 ], [ 130.949999999999733, 37.45 ] ] ] } },
{ "type": "Feature", "properties": { "sigma_nT": 88.0, "sigma_obs": 0, "spacing_req": 42.8, "spacing_now": 303.5, "deficit": 7.09, "sp_tier": "mid", "df_tier": "critical" }, "geometry": { "type": "Polygon", "coordinates": [ [ [ 130.949999999999733, 37.55 ], [ 130.949999999999733, 37.65 ], [ 130.84999999999971, 37.65 ], [ 130.84999999999971, 37.55 ], [ 130.949999999999733, 37.55 ] ] ] } },
{ "type": "Feature", "properties": { "sigma_nT": 71.0, "sigma_obs": 1, "spacing_req": 47.8, "spacing_now": 57.1, "deficit": 1.2, "sp_tier": "mid", "df_tier": "mild" }, "geometry": { "type": "Polygon", "coordinates": [ [ [ 126.85, 37.65 ], [ 126.85, 37.75 ], [ 126.75, 37.75 ], [ 126.75, 37.65 ], [ 126.85, 37.65 ] ] ] } },
{ "type": "Feature", "properties": { "sigma_nT": 72.0, "sigma_obs": 1, "spacing_req": 47.2, "spacing_now": 74.6, "deficit": 1.58, "sp_tier": "mid", "df_tier": "short" }, "geometry": { "type": "Polygon", "coordinates": [ [ [ 126.95, 37.65 ], [ 126.95, 37.75 ], [ 126.85, 37.75 ], [ 126.85, 37.65 ], [ 126.95, 37.65 ] ] ] } },
{ "type": "Feature", "properties": { "sigma_nT": 88.0, "sigma_obs": 0, "spacing_req": 42.8, "spacing_now": 32.7, "deficit": 0.76, "sp_tier": "mid", "df_tier": "ok" }, "geometry": { "type": "Polygon", "coordinates": [ [ [ 126.45, 37.75 ], [ 126.45, 37.85 ], [ 126.35, 37.85 ], [ 126.35, 37.75 ], [ 126.45, 37.75 ] ] ] } },
{ "type": "Feature", "properties": { "sigma_nT": 88.0, "sigma_obs": 0, "spacing_req": 42.8, "spacing_now": 48.9, "deficit": 1.14, "sp_tier": "mid", "df_tier": "mild" }, "geometry": { "type": "Polygon", "coordinates": [ [ [ 126.75, 37.75 ], [ 126.75, 37.85 ], [ 126.65, 37.85 ], [ 126.65, 37.75 ], [ 126.75, 37.75 ] ] ] } },
{ "type": "Feature", "properties": { "sigma_nT": 88.0, "sigma_obs": 0, "spacing_req": 42.8, "spacing_now": 63.8, "deficit": 1.49, "sp_tier": "mid", "df_tier": "mild" }, "geometry": { "type": "Polygon", "coordinates": [ [ [ 126.85, 37.75 ], [ 126.85, 37.85 ], [ 126.75, 37.85 ], [ 126.75, 37.75 ], [ 126.85, 37.75 ] ] ] } },
{ "type": "Feature", "properties": { "sigma_nT": 88.0, "sigma_obs": 0, "spacing_req": 42.8, "spacing_now": 59.0, "deficit": 1.38, "sp_tier": "mid", "df_tier": "mild" }, "geometry": { "type": "Polygon", "coordinates": [ [ [ 126.95, 37.75 ], [ 126.95, 37.85 ], [ 126.85, 37.85 ], [ 126.85, 37.75 ], [ 126.95, 37.75 ] ] ] } },
{ "type": "Feature", "properties": { "sigma_nT": 88.0, "sigma_obs": 0, "spacing_req": 42.8, "spacing_now": 64.7, "deficit": 1.51, "sp_tier": "mid", "df_tier": "short" }, "geometry": { "type": "Polygon", "coordinates": [ [ [ 126.75, 37.85 ], [ 126.75, 37.95 ], [ 126.65, 37.95 ], [ 126.65, 37.85 ], [ 126.75, 37.85 ] ] ] } },
{ "type": "Feature", "properties": { "sigma_nT": 88.0, "sigma_obs": 0, "spacing_req": 42.8, "spacing_now": 62.1, "deficit": 1.45, "sp_tier": "mid", "df_tier": "mild" }, "geometry": { "type": "Polygon", "coordinates": [ [ [ 126.85, 37.85 ], [ 126.85, 37.95 ], [ 126.75, 37.95 ], [ 126.75, 37.85 ], [ 126.85, 37.85 ] ] ] } },
{ "type": "Feature", "properties": { "sigma_nT": 88.0, "sigma_obs": 0, "spacing_req": 42.8, "spacing_now": 45.8, "deficit": 1.07, "sp_tier": "mid", "df_tier": "mild" }, "geometry": { "type": "Polygon", "coordinates": [ [ [ 126.95, 37.85 ], [ 126.95, 37.95 ], [ 126.85, 37.95 ], [ 126.85, 37.85 ], [ 126.95, 37.85 ] ] ] } },
{ "type": "Feature", "properties": { "sigma_nT": 88.0, "sigma_obs": 0, "spacing_req": 42.8, "spacing_now": 41.2, "deficit": 0.96, "sp_tier": "mid", "df_tier": "ok" }, "geometry": { "type": "Polygon", "coordinates": [ [ [ 126.95, 37.95 ], [ 126.95, 38.05 ], [ 126.85, 38.05 ], [ 126.85, 37.95 ], [ 126.95, 37.95 ] ] ] } },
{ "type": "Feature", "properties": { "sigma_nT": 88.0, "sigma_obs": 0, "spacing_req": 42.8, "spacing_now": 23.7, "deficit": 0.55, "sp_tier": "mid", "df_tier": "ok" }, "geometry": { "type": "Polygon", "coordinates": [ [ [ 127.05, 37.95 ], [ 127.05, 38.05 ], [ 126.95, 38.05 ], [ 126.95, 37.95 ], [ 127.05, 37.95 ] ] ] } },
{ "type": "Feature", "properties": { "sigma_nT": 88.0, "sigma_obs": 0, "spacing_req": 42.8, "spacing_now": 6.4, "deficit": 0.15, "sp_tier": "mid", "df_tier": "ok" }, "geometry": { "type": "Polygon", "coordinates": [ [ [ 127.15, 37.95 ], [ 127.15, 38.05 ], [ 127.05, 38.05 ], [ 127.05, 37.95 ], [ 127.15, 37.95 ] ] ] } },
{ "type": "Feature", "properties": { "sigma_nT": 88.0, "sigma_obs": 0, "spacing_req": 42.8, "spacing_now": 11.6, "deficit": 0.27, "sp_tier": "mid", "df_tier": "ok" }, "geometry": { "type": "Polygon", "coordinates": [ [ [ 127.25, 37.95 ], [ 127.25, 38.05 ], [ 127.15, 38.05 ], [ 127.15, 37.95 ], [ 127.25, 37.95 ] ] ] } },
{ "type": "Feature", "properties": { "sigma_nT": 67.0, "sigma_obs": 1, "spacing_req": 49.0, "spacing_now": 46.6, "deficit": 0.95, "sp_tier": "mid", "df_tier": "ok" }, "geometry": { "type": "Polygon", "coordinates": [ [ [ 127.45, 37.95 ], [ 127.45, 38.05 ], [ 127.35, 38.05 ], [ 127.35, 37.95 ], [ 127.45, 37.95 ] ] ] } },
{ "type": "Feature", "properties": { "sigma_nT": 88.0, "sigma_obs": 0, "spacing_req": 42.8, "spacing_now": 47.7, "deficit": 1.11, "sp_tier": "mid", "df_tier": "mild" }, "geometry": { "type": "Polygon", "coordinates": [ [ [ 126.95, 38.05 ], [ 126.95, 38.15 ], [ 126.85, 38.15 ], [ 126.85, 38.05 ], [ 126.95, 38.05 ] ] ] } },
{ "type": "Feature", "properties": { "sigma_nT": 88.0, "sigma_obs": 0, "spacing_req": 42.8, "spacing_now": 33.8, "deficit": 0.79, "sp_tier": "mid", "df_tier": "ok" }, "geometry": { "type": "Polygon", "coordinates": [ [ [ 127.05, 38.05 ], [ 127.05, 38.15 ], [ 126.95, 38.15 ], [ 126.95, 38.05 ], [ 127.05, 38.05 ] ] ] } },
{ "type": "Feature", "properties": { "sigma_nT": 88.0, "sigma_obs": 0, "spacing_req": 42.8, "spacing_now": 24.9, "deficit": 0.58, "sp_tier": "mid", "df_tier": "ok" }, "geometry": { "type": "Polygon", "coordinates": [ [ [ 127.15, 38.05 ], [ 127.15, 38.15 ], [ 127.05, 38.15 ], [ 127.05, 38.05 ], [ 127.15, 38.05 ] ] ] } },
{ "type": "Feature", "properties": { "sigma_nT": 88.0, "sigma_obs": 0, "spacing_req": 42.8, "spacing_now": 26.7, "deficit": 0.62, "sp_tier": "mid", "df_tier": "ok" }, "geometry": { "type": "Polygon", "coordinates": [ [ [ 127.25, 38.05 ], [ 127.25, 38.15 ], [ 127.15, 38.15 ], [ 127.15, 38.05 ], [ 127.25, 38.05 ] ] ] } },
{ "type": "Feature", "properties": { "sigma_nT": 88.0, "sigma_obs": 0, "spacing_req": 42.8, "spacing_now": 37.7, "deficit": 0.88, "sp_tier": "mid", "df_tier": "ok" }, "geometry": { "type": "Polygon", "coordinates": [ [ [ 127.35, 38.05 ], [ 127.35, 38.15 ], [ 127.25, 38.15 ], [ 127.25, 38.05 ], [ 127.35, 38.05 ] ] ] } },
{ "type": "Feature", "properties": { "sigma_nT": 111.0, "sigma_obs": 1, "spacing_req": 38.2, "spacing_now": 50.3, "deficit": 1.32, "sp_tier": "mid", "df_tier": "mild" }, "geometry": { "type": "Polygon", "coordinates": [ [ [ 127.45, 38.05 ], [ 127.45, 38.15 ], [ 127.35, 38.15 ], [ 127.35, 38.05 ], [ 127.45, 38.05 ] ] ] } },
{ "type": "Feature", "properties": { "sigma_nT": 108.0, "sigma_obs": 1, "spacing_req": 38.7, "spacing_now": 32.9, "deficit": 0.85, "sp_tier": "mid", "df_tier": "ok" }, "geometry": { "type": "Polygon", "coordinates": [ [ [ 127.55, 38.05 ], [ 127.55, 38.15 ], [ 127.45, 38.15 ], [ 127.45, 38.05 ], [ 127.55, 38.05 ] ] ] } },
{ "type": "Feature", "properties": { "sigma_nT": 102.0, "sigma_obs": 1, "spacing_req": 39.9, "spacing_now": 15.6, "deficit": 0.39, "sp_tier": "mid", "df_tier": "ok" }, "geometry": { "type": "Polygon", "coordinates": [ [ [ 127.65, 38.05 ], [ 127.65, 38.15 ], [ 127.55, 38.15 ], [ 127.55, 38.05 ], [ 127.65, 38.05 ] ] ] } },
{ "type": "Feature", "properties": { "sigma_nT": 93.0, "sigma_obs": 1, "spacing_req": 41.6, "spacing_now": 4.2, "deficit": 0.1, "sp_tier": "mid", "df_tier": "ok" }, "geometry": { "type": "Polygon", "coordinates": [ [ [ 127.75, 38.05 ], [ 127.75, 38.15 ], [ 127.65, 38.15 ], [ 127.65, 38.05 ], [ 127.75, 38.05 ] ] ] } },
{ "type": "Feature", "properties": { "sigma_nT": 88.0, "sigma_obs": 0, "spacing_req": 42.8, "spacing_now": 51.9, "deficit": 1.21, "sp_tier": "mid", "df_tier": "mild" }, "geometry": { "type": "Polygon", "coordinates": [ [ [ 127.05, 38.15 ], [ 127.05, 38.25 ], [ 126.95, 38.25 ], [ 126.95, 38.15 ], [ 127.05, 38.15 ] ] ] } },
{ "type": "Feature", "properties": { "sigma_nT": 88.0, "sigma_obs": 0, "spacing_req": 42.8, "spacing_now": 46.6, "deficit": 1.09, "sp_tier": "mid", "df_tier": "mild" }, "geometry": { "type": "Polygon", "coordinates": [ [ [ 127.15, 38.15 ], [ 127.15, 38.25 ], [ 127.05, 38.25 ], [ 127.05, 38.15 ], [ 127.15, 38.15 ] ] ] } },
{ "type": "Feature", "properties": { "sigma_nT": 88.0, "sigma_obs": 0, "spacing_req": 42.8, "spacing_now": 47.6, "deficit": 1.11, "sp_tier": "mid", "df_tier": "mild" }, "geometry": { "type": "Polygon", "coordinates": [ [ [ 127.25, 38.15 ], [ 127.25, 38.25 ], [ 127.15, 38.25 ], [ 127.15, 38.15 ], [ 127.25, 38.15 ] ] ] } },
{ "type": "Feature", "properties": { "sigma_nT": 88.0, "sigma_obs": 0, "spacing_req": 42.8, "spacing_now": 54.6, "deficit": 1.27, "sp_tier": "mid", "df_tier": "mild" }, "geometry": { "type": "Polygon", "coordinates": [ [ [ 127.35, 38.15 ], [ 127.35, 38.25 ], [ 127.25, 38.25 ], [ 127.25, 38.15 ], [ 127.35, 38.15 ] ] ] } },
{ "type": "Feature", "properties": { "sigma_nT": 88.0, "sigma_obs": 0, "spacing_req": 42.8, "spacing_now": 53.5, "deficit": 1.25, "sp_tier": "mid", "df_tier": "mild" }, "geometry": { "type": "Polygon", "coordinates": [ [ [ 127.45, 38.15 ], [ 127.45, 38.25 ], [ 127.35, 38.25 ], [ 127.35, 38.15 ], [ 127.45, 38.15 ] ] ] } },
{ "type": "Feature", "properties": { "sigma_nT": 88.0, "sigma_obs": 0, "spacing_req": 42.8, "spacing_now": 37.6, "deficit": 0.88, "sp_tier": "mid", "df_tier": "ok" }, "geometry": { "type": "Polygon", "coordinates": [ [ [ 127.55, 38.15 ], [ 127.55, 38.25 ], [ 127.45, 38.25 ], [ 127.45, 38.15 ], [ 127.55, 38.15 ] ] ] } },
{ "type": "Feature", "properties": { "sigma_nT": 88.0, "sigma_obs": 0, "spacing_req": 42.8, "spacing_now": 24.1, "deficit": 0.56, "sp_tier": "mid", "df_tier": "ok" }, "geometry": { "type": "Polygon", "coordinates": [ [ [ 127.65, 38.15 ], [ 127.65, 38.25 ], [ 127.55, 38.25 ], [ 127.55, 38.15 ], [ 127.65, 38.15 ] ] ] } },
{ "type": "Feature", "properties": { "sigma_nT": 88.0, "sigma_obs": 0, "spacing_req": 42.8, "spacing_now": 18.8, "deficit": 0.44, "sp_tier": "mid", "df_tier": "ok" }, "geometry": { "type": "Polygon", "coordinates": [ [ [ 127.75, 38.15 ], [ 127.75, 38.25 ], [ 127.65, 38.25 ], [ 127.65, 38.15 ], [ 127.75, 38.15 ] ] ] } },
{ "type": "Feature", "properties": { "sigma_nT": 88.0, "sigma_obs": 0, "spacing_req": 42.8, "spacing_now": 69.3, "deficit": 1.62, "sp_tier": "mid", "df_tier": "short" }, "geometry": { "type": "Polygon", "coordinates": [ [ [ 127.25, 38.25 ], [ 127.25, 38.35 ], [ 127.15, 38.35 ], [ 127.15, 38.25 ], [ 127.25, 38.25 ] ] ] } },
{ "type": "Feature", "properties": { "sigma_nT": 88.0, "sigma_obs": 0, "spacing_req": 42.8, "spacing_now": 74.2, "deficit": 1.73, "sp_tier": "mid", "df_tier": "short" }, "geometry": { "type": "Polygon", "coordinates": [ [ [ 127.35, 38.25 ], [ 127.35, 38.35 ], [ 127.25, 38.35 ], [ 127.25, 38.25 ], [ 127.35, 38.25 ] ] ] } },
{ "type": "Feature", "properties": { "sigma_nT": 88.0, "sigma_obs": 0, "spacing_req": 42.8, "spacing_now": 64.6, "deficit": 1.51, "sp_tier": "mid", "df_tier": "short" }, "geometry": { "type": "Polygon", "coordinates": [ [ [ 127.45, 38.25 ], [ 127.45, 38.35 ], [ 127.35, 38.35 ], [ 127.35, 38.25 ], [ 127.45, 38.25 ] ] ] } },
{ "type": "Feature", "properties": { "sigma_nT": 88.0, "sigma_obs": 0, "spacing_req": 42.8, "spacing_now": 52.3, "deficit": 1.22, "sp_tier": "mid", "df_tier": "mild" }, "geometry": { "type": "Polygon", "coordinates": [ [ [ 127.55, 38.25 ], [ 127.55, 38.35 ], [ 127.45, 38.35 ], [ 127.45, 38.25 ], [ 127.55, 38.25 ] ] ] } },
{ "type": "Feature", "properties": { "sigma_nT": 88.0, "sigma_obs": 0, "spacing_req": 42.8, "spacing_now": 43.5, "deficit": 1.02, "sp_tier": "mid", "df_tier": "mild" }, "geometry": { "type": "Polygon", "coordinates": [ [ [ 127.65, 38.25 ], [ 127.65, 38.35 ], [ 127.55, 38.35 ], [ 127.55, 38.25 ], [ 127.65, 38.25 ] ] ] } },
{ "type": "Feature", "properties": { "sigma_nT": 88.0, "sigma_obs": 0, "spacing_req": 42.8, "spacing_now": 40.9, "deficit": 0.95, "sp_tier": "mid", "df_tier": "ok" }, "geometry": { "type": "Polygon", "coordinates": [ [ [ 127.75, 38.25 ], [ 127.75, 38.35 ], [ 127.65, 38.35 ], [ 127.65, 38.25 ], [ 127.75, 38.25 ] ] ] } },
{ "type": "Feature", "properties": { "sigma_nT": 88.0, "sigma_obs": 0, "spacing_req": 42.8, "spacing_now": 45.4, "deficit": 1.06, "sp_tier": "mid", "df_tier": "mild" }, "geometry": { "type": "Polygon", "coordinates": [ [ [ 127.849999999999895, 38.25 ], [ 127.849999999999895, 38.35 ], [ 127.75, 38.35 ], [ 127.75, 38.25 ], [ 127.849999999999895, 38.25 ] ] ] } },
{ "type": "Feature", "properties": { "sigma_nT": 88.0, "sigma_obs": 0, "spacing_req": 42.8, "spacing_now": 55.3, "deficit": 1.29, "sp_tier": "mid", "df_tier": "mild" }, "geometry": { "type": "Polygon", "coordinates": [ [ [ 127.949999999999889, 38.25 ], [ 127.949999999999889, 38.35 ], [ 127.849999999999895, 38.35 ], [ 127.849999999999895, 38.25 ], [ 127.949999999999889, 38.25 ] ] ] } },
{ "type": "Feature", "properties": { "sigma_nT": 88.0, "sigma_obs": 0, "spacing_req": 42.8, "spacing_now": 68.3, "deficit": 1.6, "sp_tier": "mid", "df_tier": "short" }, "geometry": { "type": "Polygon", "coordinates": [ [ [ 128.049999999999898, 38.25 ], [ 128.049999999999898, 38.35 ], [ 127.949999999999889, 38.35 ], [ 127.949999999999889, 38.25 ], [ 128.049999999999898, 38.25 ] ] ] } },
{ "type": "Feature", "properties": { "sigma_nT": 88.0, "sigma_obs": 0, "spacing_req": 42.8, "spacing_now": 76.1, "deficit": 1.78, "sp_tier": "mid", "df_tier": "short" }, "geometry": { "type": "Polygon", "coordinates": [ [ [ 128.149999999999892, 38.25 ], [ 128.149999999999892, 38.35 ], [ 128.049999999999869, 38.35 ], [ 128.049999999999869, 38.25 ], [ 128.149999999999892, 38.25 ] ] ] } },
{ "type": "Feature", "properties": { "sigma_nT": 88.0, "sigma_obs": 0, "spacing_req": 42.8, "spacing_now": 68.3, "deficit": 1.6, "sp_tier": "mid", "df_tier": "short" }, "geometry": { "type": "Polygon", "coordinates": [ [ [ 128.249999999999886, 38.25 ], [ 128.249999999999886, 38.35 ], [ 128.149999999999864, 38.35 ], [ 128.149999999999864, 38.25 ], [ 128.249999999999886, 38.25 ] ] ] } },
{ "type": "Feature", "properties": { "sigma_nT": 88.0, "sigma_obs": 0, "spacing_req": 42.8, "spacing_now": 64.5, "deficit": 1.51, "sp_tier": "mid", "df_tier": "short" }, "geometry": { "type": "Polygon", "coordinates": [ [ [ 128.349999999999881, 38.25 ], [ 128.349999999999881, 38.35 ], [ 128.249999999999858, 38.35 ], [ 128.249999999999858, 38.25 ], [ 128.349999999999881, 38.25 ] ] ] } },
{ "type": "Feature", "properties": { "sigma_nT": 88.0, "sigma_obs": 0, "spacing_req": 42.8, "spacing_now": 86.5, "deficit": 2.02, "sp_tier": "mid", "df_tier": "critical" }, "geometry": { "type": "Polygon", "coordinates": [ [ [ 128.349999999999881, 38.35 ], [ 128.349999999999881, 38.45 ], [ 128.249999999999858, 38.45 ], [ 128.249999999999858, 38.35 ], [ 128.349999999999881, 38.35 ] ] ] } },
{ "type": "Feature", "properties": { "sigma_nT": 88.0, "sigma_obs": 0, "spacing_req": 42.8, "spacing_now": 87.1, "deficit": 2.03, "sp_tier": "mid", "df_tier": "critical" }, "geometry": { "type": "Polygon", "coordinates": [ [ [ 128.449999999999875, 38.35 ], [ 128.449999999999875, 38.45 ], [ 128.349999999999852, 38.45 ], [ 128.349999999999852, 38.35 ], [ 128.449999999999875, 38.35 ] ] ] } },
{ "type": "Feature", "properties": { "sigma_nT": 88.0, "sigma_obs": 0, "spacing_req": 42.8, "spacing_now": 91.1, "deficit": 2.13, "sp_tier": "mid", "df_tier": "critical" }, "geometry": { "type": "Polygon", "coordinates": [ [ [ 128.549999999999869, 38.35 ], [ 128.549999999999869, 38.45 ], [ 128.449999999999847, 38.45 ], [ 128.449999999999847, 38.35 ], [ 128.549999999999869, 38.35 ] ] ] } },
{ "type": "Feature", "properties": { "sigma_nT": 88.0, "sigma_obs": 0, "spacing_req": 42.8, "spacing_now": 109.1, "deficit": 2.55, "sp_tier": "mid", "df_tier": "critical" }, "geometry": { "type": "Polygon", "coordinates": [ [ [ 128.449999999999875, 38.45 ], [ 128.449999999999875, 38.55 ], [ 128.349999999999852, 38.55 ], [ 128.349999999999852, 38.45 ], [ 128.449999999999875, 38.45 ] ] ] } },
{ "type": "Feature", "properties": { "sigma_nT": 88.0, "sigma_obs": 0, "spacing_req": 42.8, "spacing_now": 131.1, "deficit": 3.06, "sp_tier": "mid", "df_tier": "critical" }, "geometry": { "type": "Polygon", "coordinates": [ [ [ 128.449999999999875, 38.55 ], [ 128.449999999999875, 38.65 ], [ 128.349999999999852, 38.65 ], [ 128.349999999999852, 38.55 ], [ 128.449999999999875, 38.55 ] ] ] } }
]
}
