{
"type": "FeatureCollection",
"name": "density_req_coarse",
"crs": { "type": "name", "properties": { "name": "urn:ogc:def:crs:OGC:1.3:CRS84" } },
"features": [
{ "type": "Feature", "properties": { "sigma_nT": 61.0, "sigma_obs": 1, "spacing_req": 51.6, "spacing_now": 41.3, "deficit": 0.8, "sp_tier": "coarse", "df_tier": "ok" }, "geometry": { "type": "Polygon", "coordinates": [ [ [ 127.55, 35.65 ], [ 127.55, 35.75 ], [ 127.45, 35.75 ], [ 127.45, 35.65 ], [ 127.55, 35.65 ] ] ] } },
{ "type": "Feature", "properties": { "sigma_nT": 63.0, "sigma_obs": 1, "spacing_req": 50.6, "spacing_now": 65.9, "deficit": 1.3, "sp_tier": "coarse", "df_tier": "mild" }, "geometry": { "type": "Polygon", "coordinates": [ [ [ 127.45, 35.85 ], [ 127.45, 35.95 ], [ 127.35, 35.95 ], [ 127.35, 35.85 ], [ 127.45, 35.85 ] ] ] } },
{ "type": "Feature", "properties": { "sigma_nT": 63.0, "sigma_obs": 1, "spacing_req": 50.5, "spacing_now": 52.2, "deficit": 1.03, "sp_tier": "coarse", "df_tier": "mild" }, "geometry": { "type": "Polygon", "coordinates": [ [ [ 127.55, 35.85 ], [ 127.55, 35.95 ], [ 127.45, 35.95 ], [ 127.45, 35.85 ], [ 127.55, 35.85 ] ] ] } },
{ "type": "Feature", "properties": { "sigma_nT": 63.0, "sigma_obs": 1, "spacing_req": 50.7, "spacing_now": 91.2, "deficit": 1.8, "sp_tier": "coarse", "df_tier": "short" }, "geometry": { "type": "Polygon", "coordinates": [ [ [ 126.75, 35.95 ], [ 126.75, 36.05 ], [ 126.65, 36.05 ], [ 126.65, 35.95 ], [ 126.75, 35.95 ] ] ] } },
{ "type": "Feature", "properties": { "sigma_nT": 63.0, "sigma_obs": 1, "spacing_req": 50.6, "spacing_now": 92.4, "deficit": 1.83, "sp_tier": "coarse", "df_tier": "short" }, "geometry": { "type": "Polygon", "coordinates": [ [ [ 126.85, 35.95 ], [ 126.85, 36.05 ], [ 126.75, 36.05 ], [ 126.75, 35.95 ], [ 126.85, 35.95 ] ] ] } },
{ "type": "Feature", "properties": { "sigma_nT": 62.0, "sigma_obs": 1, "spacing_req": 50.9, "spacing_now": 97.0, "deficit": 1.91, "sp_tier": "coarse", "df_tier": "short" }, "geometry": { "type": "Polygon", "coordinates": [ [ [ 126.95, 35.95 ], [ 126.95, 36.05 ], [ 126.85, 36.05 ], [ 126.85, 35.95 ], [ 126.95, 35.95 ] ] ] } },
{ "type": "Feature", "properties": { "sigma_nT": 64.0, "sigma_obs": 1, "spacing_req": 50.1, "spacing_now": 96.8, "deficit": 1.93, "sp_tier": "coarse", "df_tier": "short" }, "geometry": { "type": "Polygon", "coordinates": [ [ [ 127.05, 35.95 ], [ 127.05, 36.05 ], [ 126.95, 36.05 ], [ 126.95, 35.95 ], [ 127.05, 35.95 ] ] ] } },
{ "type": "Feature", "properties": { "sigma_nT": 64.0, "sigma_obs": 1, "spacing_req": 50.4, "spacing_now": 56.2, "deficit": 1.12, "sp_tier": "coarse", "df_tier": "mild" }, "geometry": { "type": "Polygon", "coordinates": [ [ [ 127.45, 35.95 ], [ 127.45, 36.05 ], [ 127.35, 36.05 ], [ 127.35, 35.95 ], [ 127.45, 35.95 ] ] ] } },
{ "type": "Feature", "properties": { "sigma_nT": 64.0, "sigma_obs": 1, "spacing_req": 50.2, "spacing_now": 39.2, "deficit": 0.78, "sp_tier": "coarse", "df_tier": "ok" }, "geometry": { "type": "Polygon", "coordinates": [ [ [ 127.55, 35.95 ], [ 127.55, 36.05 ], [ 127.45, 36.05 ], [ 127.45, 35.95 ], [ 127.55, 35.95 ] ] ] } },
{ "type": "Feature", "properties": { "sigma_nT": 58.0, "sigma_obs": 1, "spacing_req": 52.6, "spacing_now": 104.6, "deficit": 1.99, "sp_tier": "coarse", "df_tier": "short" }, "geometry": { "type": "Polygon", "coordinates": [ [ [ 126.65, 36.05 ], [ 126.65, 36.15 ], [ 126.55, 36.15 ], [ 126.55, 36.05 ], [ 126.65, 36.05 ] ] ] } },
{ "type": "Feature", "properties": { "sigma_nT": 56.0, "sigma_obs": 1, "spacing_req": 53.9, "spacing_now": 92.9, "deficit": 1.72, "sp_tier": "coarse", "df_tier": "short" }, "geometry": { "type": "Polygon", "coordinates": [ [ [ 126.75, 36.05 ], [ 126.75, 36.15 ], [ 126.65, 36.15 ], [ 126.65, 36.05 ], [ 126.75, 36.05 ] ] ] } },
{ "type": "Feature", "properties": { "sigma_nT": 57.0, "sigma_obs": 1, "spacing_req": 53.3, "spacing_now": 83.5, "deficit": 1.57, "sp_tier": "coarse", "df_tier": "short" }, "geometry": { "type": "Polygon", "coordinates": [ [ [ 126.85, 36.05 ], [ 126.85, 36.15 ], [ 126.75, 36.15 ], [ 126.75, 36.05 ], [ 126.85, 36.05 ] ] ] } },
{ "type": "Feature", "properties": { "sigma_nT": 54.0, "sigma_obs": 1, "spacing_req": 54.7, "spacing_now": 77.1, "deficit": 1.41, "sp_tier": "coarse", "df_tier": "mild" }, "geometry": { "type": "Polygon", "coordinates": [ [ [ 126.95, 36.05 ], [ 126.95, 36.15 ], [ 126.85, 36.15 ], [ 126.85, 36.05 ], [ 126.95, 36.05 ] ] ] } },
{ "type": "Feature", "properties": { "sigma_nT": 57.0, "sigma_obs": 1, "spacing_req": 53.3, "spacing_now": 74.7, "deficit": 1.4, "sp_tier": "coarse", "df_tier": "mild" }, "geometry": { "type": "Polygon", "coordinates": [ [ [ 127.05, 36.05 ], [ 127.05, 36.15 ], [ 126.95, 36.15 ], [ 126.95, 36.05 ], [ 127.05, 36.05 ] ] ] } },
{ "type": "Feature", "properties": { "sigma_nT": 59.0, "sigma_obs": 1, "spacing_req": 52.4, "spacing_now": 76.4, "deficit": 1.46, "sp_tier": "coarse", "df_tier": "mild" }, "geometry": { "type": "Polygon", "coordinates": [ [ [ 127.15, 36.05 ], [ 127.15, 36.15 ], [ 127.05, 36.15 ], [ 127.05, 36.05 ], [ 127.15, 36.05 ] ] ] } },
{ "type": "Feature", "properties": { "sigma_nT": 61.0, "sigma_obs": 1, "spacing_req": 51.4, "spacing_now": 82.2, "deficit": 1.6, "sp_tier": "coarse", "df_tier": "short" }, "geometry": { "type": "Polygon", "coordinates": [ [ [ 127.25, 36.05 ], [ 127.25, 36.15 ], [ 127.15, 36.15 ], [ 127.15, 36.05 ], [ 127.25, 36.05 ] ] ] } },
{ "type": "Feature", "properties": { "sigma_nT": 59.0, "sigma_obs": 1, "spacing_req": 52.5, "spacing_now": 72.2, "deficit": 1.38, "sp_tier": "coarse", "df_tier": "mild" }, "geometry": { "type": "Polygon", "coordinates": [ [ [ 127.35, 36.05 ], [ 127.35, 36.15 ], [ 127.25, 36.15 ], [ 127.25, 36.05 ], [ 127.35, 36.05 ] ] ] } },
{ "type": "Feature", "properties": { "sigma_nT": 58.0, "sigma_obs": 1, "spacing_req": 52.7, "spacing_now": 105.2, "deficit": 2.0, "sp_tier": "coarse", "df_tier": "short" }, "geometry": { "type": "Polygon", "coordinates": [ [ [ 126.55, 36.15 ], [ 126.55, 36.25 ], [ 126.45, 36.25 ], [ 126.45, 36.15 ], [ 126.55, 36.15 ] ] ] } },
{ "type": "Feature", "properties": { "sigma_nT": 48.0, "sigma_obs": 1, "spacing_req": 57.8, "spacing_now": 90.1, "deficit": 1.56, "sp_tier": "coarse", "df_tier": "short" }, "geometry": { "type": "Polygon", "coordinates": [ [ [ 126.65, 36.15 ], [ 126.65, 36.25 ], [ 126.55, 36.25 ], [ 126.55, 36.15 ], [ 126.65, 36.15 ] ] ] } },
{ "type": "Feature", "properties": { "sigma_nT": 52.0, "sigma_obs": 1, "spacing_req": 55.7, "spacing_now": 76.2, "deficit": 1.37, "sp_tier": "coarse", "df_tier": "mild" }, "geometry": { "type": "Polygon", "coordinates": [ [ [ 126.75, 36.15 ], [ 126.75, 36.25 ], [ 126.65, 36.25 ], [ 126.65, 36.15 ], [ 126.75, 36.15 ] ] ] } },
{ "type": "Feature", "properties": { "sigma_nT": 56.0, "sigma_obs": 1, "spacing_req": 53.9, "spacing_now": 64.4, "deficit": 1.2, "sp_tier": "coarse", "df_tier": "mild" }, "geometry": { "type": "Polygon", "coordinates": [ [ [ 126.85, 36.15 ], [ 126.85, 36.25 ], [ 126.75, 36.25 ], [ 126.75, 36.15 ], [ 126.85, 36.15 ] ] ] } },
{ "type": "Feature", "properties": { "sigma_nT": 53.0, "sigma_obs": 1, "spacing_req": 55.1, "spacing_now": 56.0, "deficit": 1.02, "sp_tier": "coarse", "df_tier": "mild" }, "geometry": { "type": "Polygon", "coordinates": [ [ [ 126.95, 36.15 ], [ 126.95, 36.25 ], [ 126.85, 36.25 ], [ 126.85, 36.15 ], [ 126.95, 36.15 ] ] ] } },
{ "type": "Feature", "properties": { "sigma_nT": 53.0, "sigma_obs": 1, "spacing_req": 55.0, "spacing_now": 52.5, "deficit": 0.96, "sp_tier": "coarse", "df_tier": "ok" }, "geometry": { "type": "Polygon", "coordinates": [ [ [ 127.05, 36.15 ], [ 127.05, 36.25 ], [ 126.95, 36.25 ], [ 126.95, 36.15 ], [ 127.05, 36.15 ] ] ] } },
{ "type": "Feature", "properties": { "sigma_nT": 54.0, "sigma_obs": 1, "spacing_req": 54.6, "spacing_now": 55.1, "deficit": 1.01, "sp_tier": "coarse", "df_tier": "mild" }, "geometry": { "type": "Polygon", "coordinates": [ [ [ 127.15, 36.15 ], [ 127.15, 36.25 ], [ 127.05, 36.25 ], [ 127.05, 36.15 ], [ 127.15, 36.15 ] ] ] } },
{ "type": "Feature", "properties": { "sigma_nT": 56.0, "sigma_obs": 1, "spacing_req": 53.8, "spacing_now": 62.8, "deficit": 1.17, "sp_tier": "coarse", "df_tier": "mild" }, "geometry": { "type": "Polygon", "coordinates": [ [ [ 127.25, 36.15 ], [ 127.25, 36.25 ], [ 127.15, 36.25 ], [ 127.15, 36.15 ], [ 127.25, 36.15 ] ] ] } },
{ "type": "Feature", "properties": { "sigma_nT": 54.0, "sigma_obs": 1, "spacing_req": 54.7, "spacing_now": 74.2, "deficit": 1.36, "sp_tier": "coarse", "df_tier": "mild" }, "geometry": { "type": "Polygon", "coordinates": [ [ [ 127.35, 36.15 ], [ 127.35, 36.25 ], [ 127.25, 36.25 ], [ 127.25, 36.15 ], [ 127.35, 36.15 ] ] ] } },
{ "type": "Feature", "properties": { "sigma_nT": 61.0, "sigma_obs": 1, "spacing_req": 51.4, "spacing_now": 61.0, "deficit": 1.19, "sp_tier": "coarse", "df_tier": "mild" }, "geometry": { "type": "Polygon", "coordinates": [ [ [ 127.45, 36.15 ], [ 127.45, 36.25 ], [ 127.35, 36.25 ], [ 127.35, 36.15 ], [ 127.45, 36.15 ] ] ] } },
{ "type": "Feature", "properties": { "sigma_nT": 42.0, "sigma_obs": 1, "spacing_req": 61.9, "spacing_now": 96.0, "deficit": 1.55, "sp_tier": "coarse", "df_tier": "short" }, "geometry": { "type": "Polygon", "coordinates": [ [ [ 126.55, 36.25 ], [ 126.55, 36.35 ], [ 126.45, 36.35 ], [ 126.45, 36.25 ], [ 126.55, 36.25 ] ] ] } },
{ "type": "Feature", "properties": { "sigma_nT": 39.0, "sigma_obs": 1, "spacing_req": 64.7, "spacing_now": 79.2, "deficit": 1.22, "sp_tier": "coarse", "df_tier": "mild" }, "geometry": { "type": "Polygon", "coordinates": [ [ [ 126.65, 36.25 ], [ 126.65, 36.35 ], [ 126.55, 36.35 ], [ 126.55, 36.25 ], [ 126.65, 36.25 ] ] ] } },
{ "type": "Feature", "properties": { "sigma_nT": 39.0, "sigma_obs": 1, "spacing_req": 64.0, "spacing_now": 63.0, "deficit": 0.98, "sp_tier": "coarse", "df_tier": "ok" }, "geometry": { "type": "Polygon", "coordinates": [ [ [ 126.75, 36.25 ], [ 126.75, 36.35 ], [ 126.65, 36.35 ], [ 126.65, 36.25 ], [ 126.75, 36.25 ] ] ] } },
{ "type": "Feature", "properties": { "sigma_nT": 46.0, "sigma_obs": 1, "spacing_req": 59.3, "spacing_now": 48.1, "deficit": 0.81, "sp_tier": "coarse", "df_tier": "ok" }, "geometry": { "type": "Polygon", "coordinates": [ [ [ 126.85, 36.25 ], [ 126.85, 36.35 ], [ 126.75, 36.35 ], [ 126.75, 36.25 ], [ 126.85, 36.25 ] ] ] } },
{ "type": "Feature", "properties": { "sigma_nT": 47.0, "sigma_obs": 1, "spacing_req": 58.4, "spacing_now": 36.1, "deficit": 0.62, "sp_tier": "coarse", "df_tier": "ok" }, "geometry": { "type": "Polygon", "coordinates": [ [ [ 126.95, 36.25 ], [ 126.95, 36.35 ], [ 126.85, 36.35 ], [ 126.85, 36.25 ], [ 126.95, 36.25 ] ] ] } },
{ "type": "Feature", "properties": { "sigma_nT": 49.0, "sigma_obs": 1, "spacing_req": 57.3, "spacing_now": 30.4, "deficit": 0.53, "sp_tier": "coarse", "df_tier": "ok" }, "geometry": { "type": "Polygon", "coordinates": [ [ [ 127.05, 36.25 ], [ 127.05, 36.35 ], [ 126.95, 36.35 ], [ 126.95, 36.25 ], [ 127.05, 36.25 ] ] ] } },
{ "type": "Feature", "properties": { "sigma_nT": 49.0, "sigma_obs": 1, "spacing_req": 57.4, "spacing_now": 34.6, "deficit": 0.6, "sp_tier": "coarse", "df_tier": "ok" }, "geometry": { "type": "Polygon", "coordinates": [ [ [ 127.15, 36.25 ], [ 127.15, 36.35 ], [ 127.05, 36.35 ], [ 127.05, 36.25 ], [ 127.15, 36.25 ] ] ] } },
{ "type": "Feature", "properties": { "sigma_nT": 51.0, "sigma_obs": 1, "spacing_req": 56.4, "spacing_now": 45.9, "deficit": 0.81, "sp_tier": "coarse", "df_tier": "ok" }, "geometry": { "type": "Polygon", "coordinates": [ [ [ 127.25, 36.25 ], [ 127.25, 36.35 ], [ 127.15, 36.35 ], [ 127.15, 36.25 ], [ 127.25, 36.25 ] ] ] } },
{ "type": "Feature", "properties": { "sigma_nT": 51.0, "sigma_obs": 1, "spacing_req": 56.3, "spacing_now": 60.5, "deficit": 1.07, "sp_tier": "coarse", "df_tier": "mild" }, "geometry": { "type": "Polygon", "coordinates": [ [ [ 127.35, 36.25 ], [ 127.35, 36.35 ], [ 127.25, 36.35 ], [ 127.25, 36.25 ], [ 127.35, 36.25 ] ] ] } },
{ "type": "Feature", "properties": { "sigma_nT": 61.0, "sigma_obs": 1, "spacing_req": 51.5, "spacing_now": 73.9, "deficit": 1.43, "sp_tier": "coarse", "df_tier": "mild" }, "geometry": { "type": "Polygon", "coordinates": [ [ [ 127.45, 36.25 ], [ 127.45, 36.35 ], [ 127.35, 36.35 ], [ 127.35, 36.25 ], [ 127.45, 36.25 ] ] ] } },
{ "type": "Feature", "properties": { "sigma_nT": 56.0, "sigma_obs": 1, "spacing_req": 53.8, "spacing_now": 109.3, "deficit": 2.03, "sp_tier": "coarse", "df_tier": "critical" }, "geometry": { "type": "Polygon", "coordinates": [ [ [ 126.45, 36.35 ], [ 126.45, 36.45 ], [ 126.35, 36.45 ], [ 126.35, 36.35 ], [ 126.45, 36.35 ] ] ] } },
{ "type": "Feature", "properties": { "sigma_nT": 53.0, "sigma_obs": 1, "spacing_req": 55.4, "spacing_now": 91.4, "deficit": 1.65, "sp_tier": "coarse", "df_tier": "short" }, "geometry": { "type": "Polygon", "coordinates": [ [ [ 126.55, 36.35 ], [ 126.55, 36.45 ], [ 126.45, 36.45 ], [ 126.45, 36.35 ], [ 126.55, 36.35 ] ] ] } },
{ "type": "Feature", "properties": { "sigma_nT": 49.0, "sigma_obs": 1, "spacing_req": 57.3, "spacing_now": 73.6, "deficit": 1.28, "sp_tier": "coarse", "df_tier": "mild" }, "geometry": { "type": "Polygon", "coordinates": [ [ [ 126.65, 36.35 ], [ 126.65, 36.45 ], [ 126.55, 36.45 ], [ 126.55, 36.35 ], [ 126.65, 36.35 ] ] ] } },
{ "type": "Feature", "properties": { "sigma_nT": 46.0, "sigma_obs": 1, "spacing_req": 59.0, "spacing_now": 55.8, "deficit": 0.95, "sp_tier": "coarse", "df_tier": "ok" }, "geometry": { "type": "Polygon", "coordinates": [ [ [ 126.75, 36.35 ], [ 126.75, 36.45 ], [ 126.65, 36.45 ], [ 126.65, 36.35 ], [ 126.75, 36.35 ] ] ] } },
{ "type": "Feature", "properties": { "sigma_nT": 49.0, "sigma_obs": 1, "spacing_req": 57.3, "spacing_now": 38.2, "deficit": 0.67, "sp_tier": "coarse", "df_tier": "ok" }, "geometry": { "type": "Polygon", "coordinates": [ [ [ 126.85, 36.35 ], [ 126.85, 36.45 ], [ 126.75, 36.45 ], [ 126.75, 36.35 ], [ 126.85, 36.35 ] ] ] } },
{ "type": "Feature", "properties": { "sigma_nT": 52.0, "sigma_obs": 1, "spacing_req": 55.7, "spacing_now": 21.1, "deficit": 0.38, "sp_tier": "coarse", "df_tier": "ok" }, "geometry": { "type": "Polygon", "coordinates": [ [ [ 126.95, 36.35 ], [ 126.95, 36.45 ], [ 126.85, 36.45 ], [ 126.85, 36.35 ], [ 126.95, 36.35 ] ] ] } },
{ "type": "Feature", "properties": { "sigma_nT": 56.0, "sigma_obs": 1, "spacing_req": 53.7, "spacing_now": 8.4, "deficit": 0.16, "sp_tier": "coarse", "df_tier": "ok" }, "geometry": { "type": "Polygon", "coordinates": [ [ [ 127.05, 36.35 ], [ 127.05, 36.45 ], [ 126.95, 36.45 ], [ 126.95, 36.35 ], [ 127.05, 36.35 ] ] ] } },
{ "type": "Feature", "properties": { "sigma_nT": 53.0, "sigma_obs": 1, "spacing_req": 55.3, "spacing_now": 18.4, "deficit": 0.33, "sp_tier": "coarse", "df_tier": "ok" }, "geometry": { "type": "Polygon", "coordinates": [ [ [ 127.15, 36.35 ], [ 127.15, 36.45 ], [ 127.05, 36.45 ], [ 127.05, 36.35 ], [ 127.15, 36.35 ] ] ] } },
{ "type": "Feature", "properties": { "sigma_nT": 54.0, "sigma_obs": 1, "spacing_req": 54.6, "spacing_now": 35.4, "deficit": 0.65, "sp_tier": "coarse", "df_tier": "ok" }, "geometry": { "type": "Polygon", "coordinates": [ [ [ 127.25, 36.35 ], [ 127.25, 36.45 ], [ 127.15, 36.45 ], [ 127.15, 36.35 ], [ 127.25, 36.35 ] ] ] } },
{ "type": "Feature", "properties": { "sigma_nT": 45.0, "sigma_obs": 1, "spacing_req": 59.9, "spacing_now": 53.0, "deficit": 0.88, "sp_tier": "coarse", "df_tier": "ok" }, "geometry": { "type": "Polygon", "coordinates": [ [ [ 127.35, 36.35 ], [ 127.35, 36.45 ], [ 127.25, 36.45 ], [ 127.25, 36.35 ], [ 127.35, 36.35 ] ] ] } },
{ "type": "Feature", "properties": { "sigma_nT": 60.0, "sigma_obs": 1, "spacing_req": 52.0, "spacing_now": 70.7, "deficit": 1.36, "sp_tier": "coarse", "df_tier": "mild" }, "geometry": { "type": "Polygon", "coordinates": [ [ [ 127.45, 36.35 ], [ 127.45, 36.45 ], [ 127.35, 36.45 ], [ 127.35, 36.35 ], [ 127.45, 36.35 ] ] ] } },
{ "type": "Feature", "properties": { "sigma_nT": 62.0, "sigma_obs": 1, "spacing_req": 51.0, "spacing_now": 10.1, "deficit": 0.2, "sp_tier": "coarse", "df_tier": "ok" }, "geometry": { "type": "Polygon", "coordinates": [ [ [ 128.149999999999892, 36.35 ], [ 128.149999999999892, 36.45 ], [ 128.049999999999869, 36.45 ], [ 128.049999999999869, 36.35 ], [ 128.149999999999892, 36.35 ] ] ] } },
{ "type": "Feature", "properties": { "sigma_nT": 58.0, "sigma_obs": 1, "spacing_req": 52.6, "spacing_now": 18.8, "deficit": 0.36, "sp_tier": "coarse", "df_tier": "ok" }, "geometry": { "type": "Polygon", "coordinates": [ [ [ 128.249999999999886, 36.35 ], [ 128.249999999999886, 36.45 ], [ 128.149999999999864, 36.45 ], [ 128.149999999999864, 36.35 ], [ 128.249999999999886, 36.35 ] ] ] } },
{ "type": "Feature", "properties": { "sigma_nT": 59.0, "sigma_obs": 1, "spacing_req": 52.4, "spacing_now": 35.4, "deficit": 0.68, "sp_tier": "coarse", "df_tier": "ok" }, "geometry": { "type": "Polygon", "coordinates": [ [ [ 128.349999999999881, 36.35 ], [ 128.349999999999881, 36.45 ], [ 128.249999999999858, 36.45 ], [ 128.249999999999858, 36.35 ], [ 128.349999999999881, 36.35 ] ] ] } },
{ "type": "Feature", "properties": { "sigma_nT": 59.0, "sigma_obs": 1, "spacing_req": 52.2, "spacing_now": 52.8, "deficit": 1.01, "sp_tier": "coarse", "df_tier": "mild" }, "geometry": { "type": "Polygon", "coordinates": [ [ [ 128.449999999999875, 36.35 ], [ 128.449999999999875, 36.45 ], [ 128.349999999999852, 36.45 ], [ 128.349999999999852, 36.35 ], [ 128.449999999999875, 36.35 ] ] ] } },
{ "type": "Feature", "properties": { "sigma_nT": 63.0, "sigma_obs": 1, "spacing_req": 50.8, "spacing_now": 127.5, "deficit": 2.51, "sp_tier": "coarse", "df_tier": "critical" }, "geometry": { "type": "Polygon", "coordinates": [ [ [ 126.35, 36.45 ], [ 126.35, 36.55 ], [ 126.25, 36.55 ], [ 126.25, 36.45 ], [ 126.35, 36.45 ] ] ] } },
{ "type": "Feature", "properties": { "sigma_nT": 63.0, "sigma_obs": 1, "spacing_req": 50.6, "spacing_now": 109.7, "deficit": 2.17, "sp_tier": "coarse", "df_tier": "critical" }, "geometry": { "type": "Polygon", "coordinates": [ [ [ 126.45, 36.45 ], [ 126.45, 36.55 ], [ 126.35, 36.55 ], [ 126.35, 36.45 ], [ 126.45, 36.45 ] ] ] } },
{ "type": "Feature", "properties": { "sigma_nT": 63.0, "sigma_obs": 1, "spacing_req": 50.8, "spacing_now": 92.0, "deficit": 1.81, "sp_tier": "coarse", "df_tier": "short" }, "geometry": { "type": "Polygon", "coordinates": [ [ [ 126.55, 36.45 ], [ 126.55, 36.55 ], [ 126.45, 36.55 ], [ 126.45, 36.45 ], [ 126.55, 36.45 ] ] ] } },
{ "type": "Feature", "properties": { "sigma_nT": 58.0, "sigma_obs": 1, "spacing_req": 52.7, "spacing_now": 74.4, "deficit": 1.41, "sp_tier": "coarse", "df_tier": "mild" }, "geometry": { "type": "Polygon", "coordinates": [ [ [ 126.65, 36.45 ], [ 126.65, 36.55 ], [ 126.55, 36.55 ], [ 126.55, 36.45 ], [ 126.65, 36.45 ] ] ] } },
{ "type": "Feature", "properties": { "sigma_nT": 54.0, "sigma_obs": 1, "spacing_req": 54.9, "spacing_now": 56.9, "deficit": 1.04, "sp_tier": "coarse", "df_tier": "mild" }, "geometry": { "type": "Polygon", "coordinates": [ [ [ 126.75, 36.45 ], [ 126.75, 36.55 ], [ 126.65, 36.55 ], [ 126.65, 36.45 ], [ 126.75, 36.45 ] ] ] } },
{ "type": "Feature", "properties": { "sigma_nT": 52.0, "sigma_obs": 1, "spacing_req": 56.0, "spacing_now": 39.7, "deficit": 0.71, "sp_tier": "coarse", "df_tier": "ok" }, "geometry": { "type": "Polygon", "coordinates": [ [ [ 126.85, 36.45 ], [ 126.85, 36.55 ], [ 126.75, 36.55 ], [ 126.75, 36.45 ], [ 126.85, 36.45 ] ] ] } },
{ "type": "Feature", "properties": { "sigma_nT": 48.0, "sigma_obs": 1, "spacing_req": 58.3, "spacing_now": 23.8, "deficit": 0.41, "sp_tier": "coarse", "df_tier": "ok" }, "geometry": { "type": "Polygon", "coordinates": [ [ [ 126.95, 36.45 ], [ 126.95, 36.55 ], [ 126.85, 36.55 ], [ 126.85, 36.45 ], [ 126.95, 36.45 ] ] ] } },
{ "type": "Feature", "properties": { "sigma_nT": 52.0, "sigma_obs": 1, "spacing_req": 56.0, "spacing_now": 13.9, "deficit": 0.25, "sp_tier": "coarse", "df_tier": "ok" }, "geometry": { "type": "Polygon", "coordinates": [ [ [ 127.05, 36.45 ], [ 127.05, 36.55 ], [ 126.95, 36.55 ], [ 126.95, 36.45 ], [ 127.05, 36.45 ] ] ] } },
{ "type": "Feature", "properties": { "sigma_nT": 50.0, "sigma_obs": 1, "spacing_req": 56.7, "spacing_now": 21.5, "deficit": 0.38, "sp_tier": "coarse", "df_tier": "ok" }, "geometry": { "type": "Polygon", "coordinates": [ [ [ 127.15, 36.45 ], [ 127.15, 36.55 ], [ 127.05, 36.55 ], [ 127.05, 36.45 ], [ 127.15, 36.45 ] ] ] } },
{ "type": "Feature", "properties": { "sigma_nT": 51.0, "sigma_obs": 1, "spacing_req": 56.3, "spacing_now": 37.0, "deficit": 0.66, "sp_tier": "coarse", "df_tier": "ok" }, "geometry": { "type": "Polygon", "coordinates": [ [ [ 127.25, 36.45 ], [ 127.25, 36.55 ], [ 127.15, 36.55 ], [ 127.15, 36.45 ], [ 127.25, 36.45 ] ] ] } },
{ "type": "Feature", "properties": { "sigma_nT": 40.0, "sigma_obs": 1, "spacing_req": 63.5, "spacing_now": 54.1, "deficit": 0.85, "sp_tier": "coarse", "df_tier": "ok" }, "geometry": { "type": "Polygon", "coordinates": [ [ [ 127.35, 36.45 ], [ 127.35, 36.55 ], [ 127.25, 36.55 ], [ 127.25, 36.45 ], [ 127.35, 36.45 ] ] ] } },
{ "type": "Feature", "properties": { "sigma_nT": 53.0, "sigma_obs": 1, "spacing_req": 55.0, "spacing_now": 59.9, "deficit": 1.09, "sp_tier": "coarse", "df_tier": "mild" }, "geometry": { "type": "Polygon", "coordinates": [ [ [ 127.45, 36.45 ], [ 127.45, 36.55 ], [ 127.35, 36.55 ], [ 127.35, 36.45 ], [ 127.45, 36.45 ] ] ] } },
{ "type": "Feature", "properties": { "sigma_nT": 59.0, "sigma_obs": 1, "spacing_req": 52.4, "spacing_now": 32.1, "deficit": 0.61, "sp_tier": "coarse", "df_tier": "ok" }, "geometry": { "type": "Polygon", "coordinates": [ [ [ 128.149999999999892, 36.45 ], [ 128.149999999999892, 36.55 ], [ 128.049999999999869, 36.55 ], [ 128.049999999999869, 36.45 ], [ 128.149999999999892, 36.45 ] ] ] } },
{ "type": "Feature", "properties": { "sigma_nT": 51.0, "sigma_obs": 1, "spacing_req": 56.5, "spacing_now": 35.8, "deficit": 0.63, "sp_tier": "coarse", "df_tier": "ok" }, "geometry": { "type": "Polygon", "coordinates": [ [ [ 128.249999999999886, 36.45 ], [ 128.249999999999886, 36.55 ], [ 128.149999999999864, 36.55 ], [ 128.149999999999864, 36.45 ], [ 128.249999999999886, 36.45 ] ] ] } },
{ "type": "Feature", "properties": { "sigma_nT": 51.0, "sigma_obs": 1, "spacing_req": 56.2, "spacing_now": 46.7, "deficit": 0.83, "sp_tier": "coarse", "df_tier": "ok" }, "geometry": { "type": "Polygon", "coordinates": [ [ [ 128.349999999999881, 36.45 ], [ 128.349999999999881, 36.55 ], [ 128.249999999999858, 36.55 ], [ 128.249999999999858, 36.45 ], [ 128.349999999999881, 36.45 ] ] ] } },
{ "type": "Feature", "properties": { "sigma_nT": 51.0, "sigma_obs": 1, "spacing_req": 56.3, "spacing_now": 60.9, "deficit": 1.08, "sp_tier": "coarse", "df_tier": "mild" }, "geometry": { "type": "Polygon", "coordinates": [ [ [ 128.449999999999875, 36.45 ], [ 128.449999999999875, 36.55 ], [ 128.349999999999852, 36.55 ], [ 128.349999999999852, 36.45 ], [ 128.449999999999875, 36.45 ] ] ] } },
{ "type": "Feature", "properties": { "sigma_nT": 59.0, "sigma_obs": 1, "spacing_req": 52.3, "spacing_now": 76.8, "deficit": 1.47, "sp_tier": "coarse", "df_tier": "mild" }, "geometry": { "type": "Polygon", "coordinates": [ [ [ 128.549999999999869, 36.45 ], [ 128.549999999999869, 36.55 ], [ 128.449999999999847, 36.55 ], [ 128.449999999999847, 36.45 ], [ 128.549999999999869, 36.45 ] ] ] } },
{ "type": "Feature", "properties": { "sigma_nT": 60.0, "sigma_obs": 1, "spacing_req": 51.7, "spacing_now": 65.8, "deficit": 1.27, "sp_tier": "coarse", "df_tier": "mild" }, "geometry": { "type": "Polygon", "coordinates": [ [ [ 126.75, 36.55 ], [ 126.75, 36.65 ], [ 126.65, 36.65 ], [ 126.65, 36.55 ], [ 126.75, 36.55 ] ] ] } },
{ "type": "Feature", "properties": { "sigma_nT": 54.0, "sigma_obs": 1, "spacing_req": 54.5, "spacing_now": 51.7, "deficit": 0.95, "sp_tier": "coarse", "df_tier": "ok" }, "geometry": { "type": "Polygon", "coordinates": [ [ [ 126.85, 36.55 ], [ 126.85, 36.65 ], [ 126.75, 36.65 ], [ 126.75, 36.55 ], [ 126.85, 36.55 ] ] ] } },
{ "type": "Feature", "properties": { "sigma_nT": 50.0, "sigma_obs": 1, "spacing_req": 57.1, "spacing_now": 40.8, "deficit": 0.71, "sp_tier": "coarse", "df_tier": "ok" }, "geometry": { "type": "Polygon", "coordinates": [ [ [ 126.95, 36.55 ], [ 126.95, 36.65 ], [ 126.85, 36.65 ], [ 126.85, 36.55 ], [ 126.95, 36.55 ] ] ] } },
{ "type": "Feature", "properties": { "sigma_nT": 49.0, "sigma_obs": 1, "spacing_req": 57.7, "spacing_now": 36.0, "deficit": 0.62, "sp_tier": "coarse", "df_tier": "ok" }, "geometry": { "type": "Polygon", "coordinates": [ [ [ 127.05, 36.55 ], [ 127.05, 36.65 ], [ 126.95, 36.65 ], [ 126.95, 36.55 ], [ 127.05, 36.55 ] ] ] } },
{ "type": "Feature", "properties": { "sigma_nT": 48.0, "sigma_obs": 1, "spacing_req": 57.7, "spacing_now": 39.5, "deficit": 0.68, "sp_tier": "coarse", "df_tier": "ok" }, "geometry": { "type": "Polygon", "coordinates": [ [ [ 127.15, 36.55 ], [ 127.15, 36.65 ], [ 127.05, 36.65 ], [ 127.05, 36.55 ], [ 127.15, 36.55 ] ] ] } },
{ "type": "Feature", "properties": { "sigma_nT": 50.0, "sigma_obs": 1, "spacing_req": 56.9, "spacing_now": 49.7, "deficit": 0.87, "sp_tier": "coarse", "df_tier": "ok" }, "geometry": { "type": "Polygon", "coordinates": [ [ [ 127.25, 36.55 ], [ 127.25, 36.65 ], [ 127.15, 36.65 ], [ 127.15, 36.55 ], [ 127.25, 36.55 ] ] ] } },
{ "type": "Feature", "properties": { "sigma_nT": 40.0, "sigma_obs": 1, "spacing_req": 63.6, "spacing_now": 58.1, "deficit": 0.91, "sp_tier": "coarse", "df_tier": "ok" }, "geometry": { "type": "Polygon", "coordinates": [ [ [ 127.35, 36.55 ], [ 127.35, 36.65 ], [ 127.25, 36.65 ], [ 127.25, 36.55 ], [ 127.35, 36.55 ] ] ] } },
{ "type": "Feature", "properties": { "sigma_nT": 46.0, "sigma_obs": 1, "spacing_req": 59.6, "spacing_now": 43.3, "deficit": 0.73, "sp_tier": "coarse", "df_tier": "ok" }, "geometry": { "type": "Polygon", "coordinates": [ [ [ 127.45, 36.55 ], [ 127.45, 36.65 ], [ 127.35, 36.65 ], [ 127.35, 36.55 ], [ 127.45, 36.55 ] ] ] } },
{ "type": "Feature", "properties": { "sigma_nT": 47.0, "sigma_obs": 1, "spacing_req": 58.8, "spacing_now": 56.4, "deficit": 0.96, "sp_tier": "coarse", "df_tier": "ok" }, "geometry": { "type": "Polygon", "coordinates": [ [ [ 128.249999999999886, 36.55 ], [ 128.249999999999886, 36.65 ], [ 128.149999999999864, 36.65 ], [ 128.149999999999864, 36.55 ], [ 128.249999999999886, 36.55 ] ] ] } },
{ "type": "Feature", "properties": { "sigma_nT": 49.0, "sigma_obs": 1, "spacing_req": 57.7, "spacing_now": 63.9, "deficit": 1.11, "sp_tier": "coarse", "df_tier": "mild" }, "geometry": { "type": "Polygon", "coordinates": [ [ [ 128.349999999999881, 36.55 ], [ 128.349999999999881, 36.65 ], [ 128.249999999999858, 36.65 ], [ 128.249999999999858, 36.55 ], [ 128.349999999999881, 36.55 ] ] ] } },
{ "type": "Feature", "properties": { "sigma_nT": 49.0, "sigma_obs": 1, "spacing_req": 57.3, "spacing_now": 74.9, "deficit": 1.31, "sp_tier": "coarse", "df_tier": "mild" }, "geometry": { "type": "Polygon", "coordinates": [ [ [ 128.449999999999875, 36.55 ], [ 128.449999999999875, 36.65 ], [ 128.349999999999852, 36.65 ], [ 128.349999999999852, 36.55 ], [ 128.449999999999875, 36.55 ] ] ] } },
{ "type": "Feature", "properties": { "sigma_nT": 60.0, "sigma_obs": 1, "spacing_req": 51.7, "spacing_now": 88.3, "deficit": 1.71, "sp_tier": "coarse", "df_tier": "short" }, "geometry": { "type": "Polygon", "coordinates": [ [ [ 128.549999999999869, 36.55 ], [ 128.549999999999869, 36.65 ], [ 128.449999999999847, 36.65 ], [ 128.449999999999847, 36.55 ], [ 128.549999999999869, 36.55 ] ] ] } },
{ "type": "Feature", "properties": { "sigma_nT": 60.0, "sigma_obs": 1, "spacing_req": 51.8, "spacing_now": 68.9, "deficit": 1.33, "sp_tier": "coarse", "df_tier": "mild" }, "geometry": { "type": "Polygon", "coordinates": [ [ [ 126.85, 36.65 ], [ 126.85, 36.75 ], [ 126.75, 36.75 ], [ 126.75, 36.65 ], [ 126.85, 36.65 ] ] ] } },
{ "type": "Feature", "properties": { "sigma_nT": 55.0, "sigma_obs": 1, "spacing_req": 54.1, "spacing_now": 61.2, "deficit": 1.13, "sp_tier": "coarse", "df_tier": "mild" }, "geometry": { "type": "Polygon", "coordinates": [ [ [ 126.95, 36.65 ], [ 126.95, 36.75 ], [ 126.85, 36.75 ], [ 126.85, 36.65 ], [ 126.95, 36.65 ] ] ] } },
{ "type": "Feature", "properties": { "sigma_nT": 50.0, "sigma_obs": 1, "spacing_req": 56.7, "spacing_now": 58.1, "deficit": 1.02, "sp_tier": "coarse", "df_tier": "mild" }, "geometry": { "type": "Polygon", "coordinates": [ [ [ 127.05, 36.65 ], [ 127.05, 36.75 ], [ 126.95, 36.75 ], [ 126.95, 36.65 ], [ 127.05, 36.65 ] ] ] } },
{ "type": "Feature", "properties": { "sigma_nT": 44.0, "sigma_obs": 1, "spacing_req": 60.5, "spacing_now": 60.3, "deficit": 1.0, "sp_tier": "coarse", "df_tier": "ok" }, "geometry": { "type": "Polygon", "coordinates": [ [ [ 127.15, 36.65 ], [ 127.15, 36.75 ], [ 127.05, 36.75 ], [ 127.05, 36.65 ], [ 127.15, 36.65 ] ] ] } },
{ "type": "Feature", "properties": { "sigma_nT": 45.0, "sigma_obs": 1, "spacing_req": 60.0, "spacing_now": 67.4, "deficit": 1.12, "sp_tier": "coarse", "df_tier": "mild" }, "geometry": { "type": "Polygon", "coordinates": [ [ [ 127.25, 36.65 ], [ 127.25, 36.75 ], [ 127.15, 36.75 ], [ 127.15, 36.65 ], [ 127.25, 36.65 ] ] ] } },
{ "type": "Feature", "properties": { "sigma_nT": 39.0, "sigma_obs": 1, "spacing_req": 64.1, "spacing_now": 33.7, "deficit": 0.53, "sp_tier": "coarse", "df_tier": "ok" }, "geometry": { "type": "Polygon", "coordinates": [ [ [ 127.45, 36.65 ], [ 127.45, 36.75 ], [ 127.35, 36.75 ], [ 127.35, 36.65 ], [ 127.45, 36.65 ] ] ] } },
{ "type": "Feature", "properties": { "sigma_nT": 59.0, "sigma_obs": 1, "spacing_req": 52.5, "spacing_now": 16.4, "deficit": 0.31, "sp_tier": "coarse", "df_tier": "ok" }, "geometry": { "type": "Polygon", "coordinates": [ [ [ 127.55, 36.65 ], [ 127.55, 36.75 ], [ 127.45, 36.75 ], [ 127.45, 36.65 ], [ 127.55, 36.65 ] ] ] } },
{ "type": "Feature", "properties": { "sigma_nT": 43.0, "sigma_obs": 1, "spacing_req": 61.1, "spacing_now": 83.4, "deficit": 1.36, "sp_tier": "coarse", "df_tier": "mild" }, "geometry": { "type": "Polygon", "coordinates": [ [ [ 128.349999999999881, 36.65 ], [ 128.349999999999881, 36.75 ], [ 128.249999999999858, 36.75 ], [ 128.249999999999858, 36.65 ], [ 128.349999999999881, 36.65 ] ] ] } },
{ "type": "Feature", "properties": { "sigma_nT": 45.0, "sigma_obs": 1, "spacing_req": 59.7, "spacing_now": 89.4, "deficit": 1.5, "sp_tier": "coarse", "df_tier": "mild" }, "geometry": { "type": "Polygon", "coordinates": [ [ [ 128.449999999999875, 36.65 ], [ 128.449999999999875, 36.75 ], [ 128.349999999999852, 36.75 ], [ 128.349999999999852, 36.65 ], [ 128.449999999999875, 36.65 ] ] ] } },
{ "type": "Feature", "properties": { "sigma_nT": 57.0, "sigma_obs": 1, "spacing_req": 53.4, "spacing_now": 81.8, "deficit": 1.53, "sp_tier": "coarse", "df_tier": "short" }, "geometry": { "type": "Polygon", "coordinates": [ [ [ 128.549999999999869, 36.65 ], [ 128.549999999999869, 36.75 ], [ 128.449999999999847, 36.75 ], [ 128.449999999999847, 36.65 ], [ 128.549999999999869, 36.65 ] ] ] } },
{ "type": "Feature", "properties": { "sigma_nT": 64.0, "sigma_obs": 1, "spacing_req": 50.1, "spacing_now": 68.7, "deficit": 1.37, "sp_tier": "coarse", "df_tier": "mild" }, "geometry": { "type": "Polygon", "coordinates": [ [ [ 128.649999999999864, 36.65 ], [ 128.649999999999864, 36.75 ], [ 128.549999999999841, 36.75 ], [ 128.549999999999841, 36.65 ], [ 128.649999999999864, 36.65 ] ] ] } },
{ "type": "Feature", "properties": { "sigma_nT": 65.0, "sigma_obs": 1, "spacing_req": 50.0, "spacing_now": 79.2, "deficit": 1.58, "sp_tier": "coarse", "df_tier": "short" }, "geometry": { "type": "Polygon", "coordinates": [ [ [ 126.75, 36.75 ], [ 126.75, 36.85 ], [ 126.65, 36.85 ], [ 126.65, 36.75 ], [ 126.75, 36.75 ] ] ] } },
{ "type": "Feature", "properties": { "sigma_nT": 63.0, "sigma_obs": 1, "spacing_req": 50.8, "spacing_now": 72.4, "deficit": 1.43, "sp_tier": "coarse", "df_tier": "mild" }, "geometry": { "type": "Polygon", "coordinates": [ [ [ 126.85, 36.75 ], [ 126.85, 36.85 ], [ 126.75, 36.85 ], [ 126.75, 36.75 ], [ 126.85, 36.75 ] ] ] } },
{ "type": "Feature", "properties": { "sigma_nT": 60.0, "sigma_obs": 1, "spacing_req": 51.9, "spacing_now": 69.6, "deficit": 1.34, "sp_tier": "coarse", "df_tier": "mild" }, "geometry": { "type": "Polygon", "coordinates": [ [ [ 126.95, 36.75 ], [ 126.95, 36.85 ], [ 126.85, 36.85 ], [ 126.85, 36.75 ], [ 126.95, 36.75 ] ] ] } },
{ "type": "Feature", "properties": { "sigma_nT": 59.0, "sigma_obs": 1, "spacing_req": 52.3, "spacing_now": 71.3, "deficit": 1.36, "sp_tier": "coarse", "df_tier": "mild" }, "geometry": { "type": "Polygon", "coordinates": [ [ [ 127.05, 36.75 ], [ 127.05, 36.85 ], [ 126.95, 36.85 ], [ 126.95, 36.75 ], [ 127.05, 36.75 ] ] ] } },
{ "type": "Feature", "properties": { "sigma_nT": 52.0, "sigma_obs": 1, "spacing_req": 55.6, "spacing_now": 77.2, "deficit": 1.39, "sp_tier": "coarse", "df_tier": "mild" }, "geometry": { "type": "Polygon", "coordinates": [ [ [ 127.15, 36.75 ], [ 127.15, 36.85 ], [ 127.05, 36.85 ], [ 127.05, 36.75 ], [ 127.15, 36.75 ] ] ] } },
{ "type": "Feature", "properties": { "sigma_nT": 50.0, "sigma_obs": 1, "spacing_req": 56.9, "spacing_now": 70.9, "deficit": 1.24, "sp_tier": "coarse", "df_tier": "mild" }, "geometry": { "type": "Polygon", "coordinates": [ [ [ 127.25, 36.75 ], [ 127.25, 36.85 ], [ 127.15, 36.85 ], [ 127.15, 36.75 ], [ 127.25, 36.75 ] ] ] } },
{ "type": "Feature", "properties": { "sigma_nT": 55.0, "sigma_obs": 1, "spacing_req": 54.4, "spacing_now": 22.6, "deficit": 0.42, "sp_tier": "coarse", "df_tier": "ok" }, "geometry": { "type": "Polygon", "coordinates": [ [ [ 127.55, 36.75 ], [ 127.55, 36.85 ], [ 127.45, 36.85 ], [ 127.45, 36.75 ], [ 127.55, 36.75 ] ] ] } },
{ "type": "Feature", "properties": { "sigma_nT": 51.0, "sigma_obs": 1, "spacing_req": 56.2, "spacing_now": 62.7, "deficit": 1.12, "sp_tier": "coarse", "df_tier": "mild" }, "geometry": { "type": "Polygon", "coordinates": [ [ [ 128.349999999999881, 36.75 ], [ 128.349999999999881, 36.85 ], [ 128.249999999999858, 36.85 ], [ 128.249999999999858, 36.75 ], [ 128.349999999999881, 36.75 ] ] ] } },
{ "type": "Feature", "properties": { "sigma_nT": 39.0, "sigma_obs": 1, "spacing_req": 64.6, "spacing_now": 69.4, "deficit": 1.07, "sp_tier": "coarse", "df_tier": "mild" }, "geometry": { "type": "Polygon", "coordinates": [ [ [ 128.449999999999875, 36.75 ], [ 128.449999999999875, 36.85 ], [ 128.349999999999852, 36.85 ], [ 128.349999999999852, 36.75 ], [ 128.449999999999875, 36.75 ] ] ] } },
{ "type": "Feature", "properties": { "sigma_nT": 49.0, "sigma_obs": 1, "spacing_req": 57.2, "spacing_now": 70.2, "deficit": 1.23, "sp_tier": "coarse", "df_tier": "mild" }, "geometry": { "type": "Polygon", "coordinates": [ [ [ 128.549999999999869, 36.75 ], [ 128.549999999999869, 36.85 ], [ 128.449999999999847, 36.85 ], [ 128.449999999999847, 36.75 ], [ 128.549999999999869, 36.75 ] ] ] } },
{ "type": "Feature", "properties": { "sigma_nT": 55.0, "sigma_obs": 1, "spacing_req": 54.0, "spacing_now": 54.4, "deficit": 1.01, "sp_tier": "coarse", "df_tier": "mild" }, "geometry": { "type": "Polygon", "coordinates": [ [ [ 128.649999999999864, 36.75 ], [ 128.649999999999864, 36.85 ], [ 128.549999999999841, 36.85 ], [ 128.549999999999841, 36.75 ], [ 128.649999999999864, 36.75 ] ] ] } },
{ "type": "Feature", "properties": { "sigma_nT": 64.0, "sigma_obs": 1, "spacing_req": 50.4, "spacing_now": 40.4, "deficit": 0.8, "sp_tier": "coarse", "df_tier": "ok" }, "geometry": { "type": "Polygon", "coordinates": [ [ [ 128.749999999999858, 36.75 ], [ 128.749999999999858, 36.85 ], [ 128.649999999999835, 36.85 ], [ 128.649999999999835, 36.75 ], [ 128.749999999999858, 36.75 ] ] ] } },
{ "type": "Feature", "properties": { "sigma_nT": 64.0, "sigma_obs": 1, "spacing_req": 50.2, "spacing_now": 87.4, "deficit": 1.74, "sp_tier": "coarse", "df_tier": "short" }, "geometry": { "type": "Polygon", "coordinates": [ [ [ 126.55, 36.85 ], [ 126.55, 36.95 ], [ 126.45, 36.95 ], [ 126.45, 36.85 ], [ 126.55, 36.85 ] ] ] } },
{ "type": "Feature", "properties": { "sigma_nT": 63.0, "sigma_obs": 1, "spacing_req": 50.7, "spacing_now": 73.1, "deficit": 1.44, "sp_tier": "coarse", "df_tier": "mild" }, "geometry": { "type": "Polygon", "coordinates": [ [ [ 126.65, 36.85 ], [ 126.65, 36.95 ], [ 126.55, 36.95 ], [ 126.55, 36.85 ], [ 126.65, 36.85 ] ] ] } },
{ "type": "Feature", "properties": { "sigma_nT": 50.0, "sigma_obs": 1, "spacing_req": 57.0, "spacing_now": 60.7, "deficit": 1.06, "sp_tier": "coarse", "df_tier": "mild" }, "geometry": { "type": "Polygon", "coordinates": [ [ [ 126.75, 36.85 ], [ 126.75, 36.95 ], [ 126.65, 36.95 ], [ 126.65, 36.85 ], [ 126.75, 36.85 ] ] ] } },
{ "type": "Feature", "properties": { "sigma_nT": 47.0, "sigma_obs": 1, "spacing_req": 58.8, "spacing_now": 51.5, "deficit": 0.88, "sp_tier": "coarse", "df_tier": "ok" }, "geometry": { "type": "Polygon", "coordinates": [ [ [ 126.85, 36.85 ], [ 126.85, 36.95 ], [ 126.75, 36.95 ], [ 126.75, 36.85 ], [ 126.85, 36.85 ] ] ] } },
{ "type": "Feature", "properties": { "sigma_nT": 47.0, "sigma_obs": 1, "spacing_req": 58.9, "spacing_now": 47.5, "deficit": 0.81, "sp_tier": "coarse", "df_tier": "ok" }, "geometry": { "type": "Polygon", "coordinates": [ [ [ 126.95, 36.85 ], [ 126.95, 36.95 ], [ 126.85, 36.95 ], [ 126.85, 36.85 ], [ 126.95, 36.85 ] ] ] } },
{ "type": "Feature", "properties": { "sigma_nT": 48.0, "sigma_obs": 1, "spacing_req": 58.1, "spacing_now": 50.0, "deficit": 0.86, "sp_tier": "coarse", "df_tier": "ok" }, "geometry": { "type": "Polygon", "coordinates": [ [ [ 127.05, 36.85 ], [ 127.05, 36.95 ], [ 126.95, 36.95 ], [ 126.95, 36.85 ], [ 127.05, 36.85 ] ] ] } },
{ "type": "Feature", "properties": { "sigma_nT": 45.0, "sigma_obs": 1, "spacing_req": 60.1, "spacing_now": 58.0, "deficit": 0.96, "sp_tier": "coarse", "df_tier": "ok" }, "geometry": { "type": "Polygon", "coordinates": [ [ [ 127.15, 36.85 ], [ 127.15, 36.95 ], [ 127.05, 36.95 ], [ 127.05, 36.85 ], [ 127.15, 36.85 ] ] ] } },
{ "type": "Feature", "properties": { "sigma_nT": 42.0, "sigma_obs": 1, "spacing_req": 61.8, "spacing_now": 69.7, "deficit": 1.13, "sp_tier": "coarse", "df_tier": "mild" }, "geometry": { "type": "Polygon", "coordinates": [ [ [ 127.25, 36.85 ], [ 127.25, 36.95 ], [ 127.15, 36.95 ], [ 127.15, 36.85 ], [ 127.25, 36.85 ] ] ] } },
{ "type": "Feature", "properties": { "sigma_nT": 40.0, "sigma_obs": 1, "spacing_req": 63.6, "spacing_now": 64.0, "deficit": 1.01, "sp_tier": "coarse", "df_tier": "mild" }, "geometry": { "type": "Polygon", "coordinates": [ [ [ 127.35, 36.85 ], [ 127.35, 36.95 ], [ 127.25, 36.95 ], [ 127.25, 36.85 ], [ 127.35, 36.85 ] ] ] } },
{ "type": "Feature", "properties": { "sigma_nT": 44.0, "sigma_obs": 1, "spacing_req": 60.7, "spacing_now": 41.6, "deficit": 0.69, "sp_tier": "coarse", "df_tier": "ok" }, "geometry": { "type": "Polygon", "coordinates": [ [ [ 127.55, 36.85 ], [ 127.55, 36.95 ], [ 127.45, 36.95 ], [ 127.45, 36.85 ], [ 127.55, 36.85 ] ] ] } },
{ "type": "Feature", "properties": { "sigma_nT": 57.0, "sigma_obs": 1, "spacing_req": 53.2, "spacing_now": 41.7, "deficit": 0.78, "sp_tier": "coarse", "df_tier": "ok" }, "geometry": { "type": "Polygon", "coordinates": [ [ [ 128.349999999999881, 36.85 ], [ 128.349999999999881, 36.95 ], [ 128.249999999999858, 36.95 ], [ 128.249999999999858, 36.85 ], [ 128.349999999999881, 36.85 ] ] ] } },
{ "type": "Feature", "properties": { "sigma_nT": 39.0, "sigma_obs": 1, "spacing_req": 64.0, "spacing_now": 51.1, "deficit": 0.8, "sp_tier": "coarse", "df_tier": "ok" }, "geometry": { "type": "Polygon", "coordinates": [ [ [ 128.449999999999875, 36.85 ], [ 128.449999999999875, 36.95 ], [ 128.349999999999852, 36.95 ], [ 128.349999999999852, 36.85 ], [ 128.449999999999875, 36.85 ] ] ] } },
{ "type": "Feature", "properties": { "sigma_nT": 40.0, "sigma_obs": 1, "spacing_req": 63.6, "spacing_now": 64.2, "deficit": 1.01, "sp_tier": "coarse", "df_tier": "mild" }, "geometry": { "type": "Polygon", "coordinates": [ [ [ 128.549999999999869, 36.85 ], [ 128.549999999999869, 36.95 ], [ 128.449999999999847, 36.95 ], [ 128.449999999999847, 36.85 ], [ 128.549999999999869, 36.85 ] ] ] } },
{ "type": "Feature", "properties": { "sigma_nT": 40.0, "sigma_obs": 1, "spacing_req": 63.9, "spacing_now": 46.6, "deficit": 0.73, "sp_tier": "coarse", "df_tier": "ok" }, "geometry": { "type": "Polygon", "coordinates": [ [ [ 128.649999999999864, 36.85 ], [ 128.649999999999864, 36.95 ], [ 128.549999999999841, 36.95 ], [ 128.549999999999841, 36.85 ], [ 128.649999999999864, 36.85 ] ] ] } },
{ "type": "Feature", "properties": { "sigma_nT": 53.0, "sigma_obs": 1, "spacing_req": 55.0, "spacing_now": 29.1, "deficit": 0.53, "sp_tier": "coarse", "df_tier": "ok" }, "geometry": { "type": "Polygon", "coordinates": [ [ [ 128.749999999999858, 36.85 ], [ 128.749999999999858, 36.95 ], [ 128.649999999999835, 36.95 ], [ 128.649999999999835, 36.85 ], [ 128.749999999999858, 36.85 ] ] ] } },
{ "type": "Feature", "properties": { "sigma_nT": 58.0, "sigma_obs": 1, "spacing_req": 52.8, "spacing_now": 12.5, "deficit": 0.24, "sp_tier": "coarse", "df_tier": "ok" }, "geometry": { "type": "Polygon", "coordinates": [ [ [ 128.849999999999852, 36.85 ], [ 128.849999999999852, 36.95 ], [ 128.749999999999829, 36.95 ], [ 128.749999999999829, 36.85 ], [ 128.849999999999852, 36.85 ] ] ] } },
{ "type": "Feature", "properties": { "sigma_nT": 62.0, "sigma_obs": 1, "spacing_req": 51.2, "spacing_now": 9.8, "deficit": 0.19, "sp_tier": "coarse", "df_tier": "ok" }, "geometry": { "type": "Polygon", "coordinates": [ [ [ 128.949999999999847, 36.85 ], [ 128.949999999999847, 36.95 ], [ 128.849999999999824, 36.95 ], [ 128.849999999999824, 36.85 ], [ 128.949999999999847, 36.85 ] ] ] } },
{ "type": "Feature", "properties": { "sigma_nT": 64.0, "sigma_obs": 1, "spacing_req": 50.4, "spacing_now": 77.6, "deficit": 1.54, "sp_tier": "coarse", "df_tier": "short" }, "geometry": { "type": "Polygon", "coordinates": [ [ [ 126.55, 36.95 ], [ 126.55, 37.05 ], [ 126.45, 37.05 ], [ 126.45, 36.95 ], [ 126.55, 36.95 ] ] ] } },
{ "type": "Feature", "properties": { "sigma_nT": 60.0, "sigma_obs": 1, "spacing_req": 51.7, "spacing_now": 61.1, "deficit": 1.18, "sp_tier": "coarse", "df_tier": "mild" }, "geometry": { "type": "Polygon", "coordinates": [ [ [ 126.65, 36.95 ], [ 126.65, 37.05 ], [ 126.55, 37.05 ], [ 126.55, 36.95 ], [ 126.65, 36.95 ] ] ] } },
{ "type": "Feature", "properties": { "sigma_nT": 43.0, "sigma_obs": 1, "spacing_req": 61.3, "spacing_now": 45.5, "deficit": 0.74, "sp_tier": "coarse", "df_tier": "ok" }, "geometry": { "type": "Polygon", "coordinates": [ [ [ 126.75, 36.95 ], [ 126.75, 37.05 ], [ 126.65, 37.05 ], [ 126.65, 36.95 ], [ 126.75, 36.95 ] ] ] } },
{ "type": "Feature", "properties": { "sigma_nT": 43.0, "sigma_obs": 1, "spacing_req": 61.1, "spacing_now": 32.3, "deficit": 0.53, "sp_tier": "coarse", "df_tier": "ok" }, "geometry": { "type": "Polygon", "coordinates": [ [ [ 126.85, 36.95 ], [ 126.85, 37.05 ], [ 126.75, 37.05 ], [ 126.75, 36.95 ], [ 126.85, 36.95 ] ] ] } },
{ "type": "Feature", "properties": { "sigma_nT": 45.0, "sigma_obs": 1, "spacing_req": 60.0, "spacing_now": 25.5, "deficit": 0.42, "sp_tier": "coarse", "df_tier": "ok" }, "geometry": { "type": "Polygon", "coordinates": [ [ [ 126.95, 36.95 ], [ 126.95, 37.05 ], [ 126.85, 37.05 ], [ 126.85, 36.95 ], [ 126.95, 36.95 ] ] ] } },
{ "type": "Feature", "properties": { "sigma_nT": 46.0, "sigma_obs": 1, "spacing_req": 59.0, "spacing_now": 29.7, "deficit": 0.5, "sp_tier": "coarse", "df_tier": "ok" }, "geometry": { "type": "Polygon", "coordinates": [ [ [ 127.05, 36.95 ], [ 127.05, 37.05 ], [ 126.95, 37.05 ], [ 126.95, 36.95 ], [ 127.05, 36.95 ] ] ] } },
{ "type": "Feature", "properties": { "sigma_nT": 44.0, "sigma_obs": 1, "spacing_req": 60.3, "spacing_now": 41.8, "deficit": 0.69, "sp_tier": "coarse", "df_tier": "ok" }, "geometry": { "type": "Polygon", "coordinates": [ [ [ 127.15, 36.95 ], [ 127.15, 37.05 ], [ 127.05, 37.05 ], [ 127.05, 36.95 ], [ 127.15, 36.95 ] ] ] } },
{ "type": "Feature", "properties": { "sigma_nT": 43.0, "sigma_obs": 1, "spacing_req": 61.3, "spacing_now": 57.0, "deficit": 0.93, "sp_tier": "coarse", "df_tier": "ok" }, "geometry": { "type": "Polygon", "coordinates": [ [ [ 127.25, 36.95 ], [ 127.25, 37.05 ], [ 127.15, 37.05 ], [ 127.15, 36.95 ], [ 127.25, 36.95 ] ] ] } },
{ "type": "Feature", "properties": { "sigma_nT": 41.0, "sigma_obs": 1, "spacing_req": 62.8, "spacing_now": 73.3, "deficit": 1.17, "sp_tier": "coarse", "df_tier": "mild" }, "geometry": { "type": "Polygon", "coordinates": [ [ [ 127.35, 36.95 ], [ 127.35, 37.05 ], [ 127.25, 37.05 ], [ 127.25, 36.95 ], [ 127.35, 36.95 ] ] ] } },
{ "type": "Feature", "properties": { "sigma_nT": 39.0, "sigma_obs": 1, "spacing_req": 64.2, "spacing_now": 62.7, "deficit": 0.98, "sp_tier": "coarse", "df_tier": "ok" }, "geometry": { "type": "Polygon", "coordinates": [ [ [ 127.55, 36.95 ], [ 127.55, 37.05 ], [ 127.45, 37.05 ], [ 127.45, 36.95 ], [ 127.55, 36.95 ] ] ] } },
{ "type": "Feature", "properties": { "sigma_nT": 58.0, "sigma_obs": 1, "spacing_req": 53.0, "spacing_now": 22.8, "deficit": 0.43, "sp_tier": "coarse", "df_tier": "ok" }, "geometry": { "type": "Polygon", "coordinates": [ [ [ 128.349999999999881, 36.95 ], [ 128.349999999999881, 37.05 ], [ 128.249999999999858, 37.05 ], [ 128.249999999999858, 36.95 ], [ 128.349999999999881, 36.95 ] ] ] } },
{ "type": "Feature", "properties": { "sigma_nT": 41.0, "sigma_obs": 1, "spacing_req": 62.7, "spacing_now": 37.3, "deficit": 0.6, "sp_tier": "coarse", "df_tier": "ok" }, "geometry": { "type": "Polygon", "coordinates": [ [ [ 128.449999999999875, 36.95 ], [ 128.449999999999875, 37.05 ], [ 128.349999999999852, 37.05 ], [ 128.349999999999852, 36.95 ], [ 128.449999999999875, 36.95 ] ] ] } },
{ "type": "Feature", "properties": { "sigma_nT": 49.0, "sigma_obs": 1, "spacing_req": 57.4, "spacing_now": 32.3, "deficit": 0.56, "sp_tier": "coarse", "df_tier": "ok" }, "geometry": { "type": "Polygon", "coordinates": [ [ [ 128.749999999999858, 36.95 ], [ 128.749999999999858, 37.05 ], [ 128.649999999999835, 37.05 ], [ 128.649999999999835, 36.95 ], [ 128.749999999999858, 36.95 ] ] ] } },
{ "type": "Feature", "properties": { "sigma_nT": 54.0, "sigma_obs": 1, "spacing_req": 54.5, "spacing_now": 18.8, "deficit": 0.34, "sp_tier": "coarse", "df_tier": "ok" }, "geometry": { "type": "Polygon", "coordinates": [ [ [ 128.849999999999852, 36.95 ], [ 128.849999999999852, 37.05 ], [ 128.749999999999829, 37.05 ], [ 128.749999999999829, 36.95 ], [ 128.849999999999852, 36.95 ] ] ] } },
{ "type": "Feature", "properties": { "sigma_nT": 57.0, "sigma_obs": 1, "spacing_req": 53.3, "spacing_now": 17.1, "deficit": 0.32, "sp_tier": "coarse", "df_tier": "ok" }, "geometry": { "type": "Polygon", "coordinates": [ [ [ 128.949999999999847, 36.95 ], [ 128.949999999999847, 37.05 ], [ 128.849999999999824, 37.05 ], [ 128.849999999999824, 36.95 ], [ 128.949999999999847, 36.95 ] ] ] } },
{ "type": "Feature", "properties": { "sigma_nT": 63.0, "sigma_obs": 1, "spacing_req": 50.8, "spacing_now": 29.4, "deficit": 0.58, "sp_tier": "coarse", "df_tier": "ok" }, "geometry": { "type": "Polygon", "coordinates": [ [ [ 129.049999999999841, 36.95 ], [ 129.049999999999841, 37.05 ], [ 128.949999999999818, 37.05 ], [ 128.949999999999818, 36.95 ], [ 129.049999999999841, 36.95 ] ] ] } },
{ "type": "Feature", "properties": { "sigma_nT": 46.0, "sigma_obs": 1, "spacing_req": 59.5, "spacing_now": 20.3, "deficit": 0.34, "sp_tier": "coarse", "df_tier": "ok" }, "geometry": { "type": "Polygon", "coordinates": [ [ [ 126.85, 37.05 ], [ 126.85, 37.15 ], [ 126.75, 37.15 ], [ 126.75, 37.05 ], [ 126.85, 37.05 ] ] ] } },
{ "type": "Feature", "properties": { "sigma_nT": 47.0, "sigma_obs": 1, "spacing_req": 58.4, "spacing_now": 4.0, "deficit": 0.07, "sp_tier": "coarse", "df_tier": "ok" }, "geometry": { "type": "Polygon", "coordinates": [ [ [ 126.95, 37.05 ], [ 126.95, 37.15 ], [ 126.85, 37.15 ], [ 126.85, 37.05 ], [ 126.95, 37.05 ] ] ] } },
{ "type": "Feature", "properties": { "sigma_nT": 50.0, "sigma_obs": 1, "spacing_req": 57.0, "spacing_now": 15.8, "deficit": 0.28, "sp_tier": "coarse", "df_tier": "ok" }, "geometry": { "type": "Polygon", "coordinates": [ [ [ 127.05, 37.05 ], [ 127.05, 37.15 ], [ 126.95, 37.15 ], [ 126.95, 37.05 ], [ 127.05, 37.05 ] ] ] } },
{ "type": "Feature", "properties": { "sigma_nT": 48.0, "sigma_obs": 1, "spacing_req": 58.0, "spacing_now": 33.4, "deficit": 0.58, "sp_tier": "coarse", "df_tier": "ok" }, "geometry": { "type": "Polygon", "coordinates": [ [ [ 127.15, 37.05 ], [ 127.15, 37.15 ], [ 127.05, 37.15 ], [ 127.05, 37.05 ], [ 127.15, 37.05 ] ] ] } },
{ "type": "Feature", "properties": { "sigma_nT": 47.0, "sigma_obs": 1, "spacing_req": 58.5, "spacing_now": 51.1, "deficit": 0.87, "sp_tier": "coarse", "df_tier": "ok" }, "geometry": { "type": "Polygon", "coordinates": [ [ [ 127.25, 37.05 ], [ 127.25, 37.15 ], [ 127.15, 37.15 ], [ 127.15, 37.05 ], [ 127.25, 37.05 ] ] ] } },
{ "type": "Feature", "properties": { "sigma_nT": 45.0, "sigma_obs": 1, "spacing_req": 60.1, "spacing_now": 68.8, "deficit": 1.14, "sp_tier": "coarse", "df_tier": "mild" }, "geometry": { "type": "Polygon", "coordinates": [ [ [ 127.35, 37.05 ], [ 127.35, 37.15 ], [ 127.25, 37.15 ], [ 127.25, 37.05 ], [ 127.35, 37.05 ] ] ] } },
{ "type": "Feature", "properties": { "sigma_nT": 60.0, "sigma_obs": 1, "spacing_req": 51.8, "spacing_now": 16.7, "deficit": 0.32, "sp_tier": "coarse", "df_tier": "ok" }, "geometry": { "type": "Polygon", "coordinates": [ [ [ 128.349999999999881, 37.05 ], [ 128.349999999999881, 37.15 ], [ 128.249999999999858, 37.15 ], [ 128.249999999999858, 37.05 ], [ 128.349999999999881, 37.05 ] ] ] } },
{ "type": "Feature", "properties": { "sigma_nT": 42.0, "sigma_obs": 1, "spacing_req": 61.8, "spacing_now": 34.0, "deficit": 0.55, "sp_tier": "coarse", "df_tier": "ok" }, "geometry": { "type": "Polygon", "coordinates": [ [ [ 128.449999999999875, 37.05 ], [ 128.449999999999875, 37.15 ], [ 128.349999999999852, 37.15 ], [ 128.349999999999852, 37.05 ], [ 128.449999999999875, 37.05 ] ] ] } },
{ "type": "Feature", "properties": { "sigma_nT": 47.0, "sigma_obs": 1, "spacing_req": 58.3, "spacing_now": 47.1, "deficit": 0.81, "sp_tier": "coarse", "df_tier": "ok" }, "geometry": { "type": "Polygon", "coordinates": [ [ [ 128.749999999999858, 37.05 ], [ 128.749999999999858, 37.15 ], [ 128.649999999999835, 37.15 ], [ 128.649999999999835, 37.05 ], [ 128.749999999999858, 37.05 ] ] ] } },
{ "type": "Feature", "properties": { "sigma_nT": 53.0, "sigma_obs": 1, "spacing_req": 55.2, "spacing_now": 39.1, "deficit": 0.71, "sp_tier": "coarse", "df_tier": "ok" }, "geometry": { "type": "Polygon", "coordinates": [ [ [ 128.849999999999852, 37.05 ], [ 128.849999999999852, 37.15 ], [ 128.749999999999829, 37.15 ], [ 128.749999999999829, 37.05 ], [ 128.849999999999852, 37.05 ] ] ] } },
{ "type": "Feature", "properties": { "sigma_nT": 56.0, "sigma_obs": 1, "spacing_req": 53.9, "spacing_now": 38.3, "deficit": 0.71, "sp_tier": "coarse", "df_tier": "ok" }, "geometry": { "type": "Polygon", "coordinates": [ [ [ 128.949999999999847, 37.05 ], [ 128.949999999999847, 37.15 ], [ 128.849999999999824, 37.15 ], [ 128.849999999999824, 37.05 ], [ 128.949999999999847, 37.05 ] ] ] } },
{ "type": "Feature", "properties": { "sigma_nT": 58.0, "sigma_obs": 1, "spacing_req": 52.7, "spacing_now": 45.2, "deficit": 0.86, "sp_tier": "coarse", "df_tier": "ok" }, "geometry": { "type": "Polygon", "coordinates": [ [ [ 129.049999999999841, 37.05 ], [ 129.049999999999841, 37.15 ], [ 128.949999999999818, 37.15 ], [ 128.949999999999818, 37.05 ], [ 129.049999999999841, 37.05 ] ] ] } },
{ "type": "Feature", "properties": { "sigma_nT": 62.0, "sigma_obs": 1, "spacing_req": 50.9, "spacing_now": 63.0, "deficit": 1.24, "sp_tier": "coarse", "df_tier": "mild" }, "geometry": { "type": "Polygon", "coordinates": [ [ [ 129.249999999999829, 37.05 ], [ 129.249999999999829, 37.15 ], [ 129.149999999999807, 37.15 ], [ 129.149999999999807, 37.05 ], [ 129.249999999999829, 37.05 ] ] ] } },
{ "type": "Feature", "properties": { "sigma_nT": 63.0, "sigma_obs": 1, "spacing_req": 50.6, "spacing_now": 65.3, "deficit": 1.29, "sp_tier": "coarse", "df_tier": "mild" }, "geometry": { "type": "Polygon", "coordinates": [ [ [ 129.349999999999824, 37.05 ], [ 129.349999999999824, 37.15 ], [ 129.249999999999801, 37.15 ], [ 129.249999999999801, 37.05 ], [ 129.349999999999824, 37.05 ] ] ] } },
{ "type": "Feature", "properties": { "sigma_nT": 64.0, "sigma_obs": 1, "spacing_req": 50.3, "spacing_now": 72.0, "deficit": 1.43, "sp_tier": "coarse", "df_tier": "mild" }, "geometry": { "type": "Polygon", "coordinates": [ [ [ 129.449999999999818, 37.05 ], [ 129.449999999999818, 37.15 ], [ 129.349999999999795, 37.15 ], [ 129.349999999999795, 37.05 ], [ 129.449999999999818, 37.05 ] ] ] } },
{ "type": "Feature", "properties": { "sigma_nT": 39.0, "sigma_obs": 1, "spacing_req": 64.6, "spacing_now": 42.2, "deficit": 0.65, "sp_tier": "coarse", "df_tier": "ok" }, "geometry": { "type": "Polygon", "coordinates": [ [ [ 126.75, 37.15 ], [ 126.75, 37.25 ], [ 126.65, 37.25 ], [ 126.65, 37.15 ], [ 126.75, 37.15 ] ] ] } },
{ "type": "Feature", "properties": { "sigma_nT": 43.0, "sigma_obs": 1, "spacing_req": 61.6, "spacing_now": 27.5, "deficit": 0.45, "sp_tier": "coarse", "df_tier": "ok" }, "geometry": { "type": "Polygon", "coordinates": [ [ [ 126.85, 37.15 ], [ 126.85, 37.25 ], [ 126.75, 37.25 ], [ 126.75, 37.15 ], [ 126.85, 37.15 ] ] ] } },
{ "type": "Feature", "properties": { "sigma_nT": 45.0, "sigma_obs": 1, "spacing_req": 59.7, "spacing_now": 19.0, "deficit": 0.32, "sp_tier": "coarse", "df_tier": "ok" }, "geometry": { "type": "Polygon", "coordinates": [ [ [ 126.95, 37.15 ], [ 126.95, 37.25 ], [ 126.85, 37.25 ], [ 126.85, 37.15 ], [ 126.95, 37.15 ] ] ] } },
{ "type": "Feature", "properties": { "sigma_nT": 49.0, "sigma_obs": 1, "spacing_req": 57.6, "spacing_now": 24.4, "deficit": 0.42, "sp_tier": "coarse", "df_tier": "ok" }, "geometry": { "type": "Polygon", "coordinates": [ [ [ 127.05, 37.15 ], [ 127.05, 37.25 ], [ 126.95, 37.25 ], [ 126.95, 37.15 ], [ 127.05, 37.15 ] ] ] } },
{ "type": "Feature", "properties": { "sigma_nT": 46.0, "sigma_obs": 1, "spacing_req": 59.2, "spacing_now": 38.2, "deficit": 0.65, "sp_tier": "coarse", "df_tier": "ok" }, "geometry": { "type": "Polygon", "coordinates": [ [ [ 127.15, 37.15 ], [ 127.15, 37.25 ], [ 127.05, 37.25 ], [ 127.05, 37.15 ], [ 127.15, 37.15 ] ] ] } },
{ "type": "Feature", "properties": { "sigma_nT": 45.0, "sigma_obs": 1, "spacing_req": 59.7, "spacing_now": 54.3, "deficit": 0.91, "sp_tier": "coarse", "df_tier": "ok" }, "geometry": { "type": "Polygon", "coordinates": [ [ [ 127.25, 37.15 ], [ 127.25, 37.25 ], [ 127.15, 37.25 ], [ 127.15, 37.15 ], [ 127.25, 37.15 ] ] ] } },
{ "type": "Feature", "properties": { "sigma_nT": 44.0, "sigma_obs": 1, "spacing_req": 60.9, "spacing_now": 71.2, "deficit": 1.17, "sp_tier": "coarse", "df_tier": "mild" }, "geometry": { "type": "Polygon", "coordinates": [ [ [ 127.35, 37.15 ], [ 127.35, 37.25 ], [ 127.25, 37.25 ], [ 127.25, 37.15 ], [ 127.35, 37.15 ] ] ] } },
{ "type": "Feature", "properties": { "sigma_nT": 51.0, "sigma_obs": 1, "spacing_req": 56.3, "spacing_now": 57.7, "deficit": 1.02, "sp_tier": "coarse", "df_tier": "mild" }, "geometry": { "type": "Polygon", "coordinates": [ [ [ 127.75, 37.15 ], [ 127.75, 37.25 ], [ 127.65, 37.25 ], [ 127.65, 37.15 ], [ 127.75, 37.15 ] ] ] } },
{ "type": "Feature", "properties": { "sigma_nT": 60.0, "sigma_obs": 1, "spacing_req": 51.8, "spacing_now": 31.9, "deficit": 0.62, "sp_tier": "coarse", "df_tier": "ok" }, "geometry": { "type": "Polygon", "coordinates": [ [ [ 128.349999999999881, 37.15 ], [ 128.349999999999881, 37.25 ], [ 128.249999999999858, 37.25 ], [ 128.249999999999858, 37.15 ], [ 128.349999999999881, 37.15 ] ] ] } },
{ "type": "Feature", "properties": { "sigma_nT": 45.0, "sigma_obs": 1, "spacing_req": 59.6, "spacing_now": 43.5, "deficit": 0.73, "sp_tier": "coarse", "df_tier": "ok" }, "geometry": { "type": "Polygon", "coordinates": [ [ [ 128.449999999999875, 37.15 ], [ 128.449999999999875, 37.25 ], [ 128.349999999999852, 37.25 ], [ 128.349999999999852, 37.15 ], [ 128.449999999999875, 37.15 ] ] ] } },
{ "type": "Feature", "properties": { "sigma_nT": 39.0, "sigma_obs": 1, "spacing_req": 64.1, "spacing_now": 58.3, "deficit": 0.91, "sp_tier": "coarse", "df_tier": "ok" }, "geometry": { "type": "Polygon", "coordinates": [ [ [ 128.549999999999869, 37.15 ], [ 128.549999999999869, 37.25 ], [ 128.449999999999847, 37.25 ], [ 128.449999999999847, 37.15 ], [ 128.549999999999869, 37.15 ] ] ] } },
{ "type": "Feature", "properties": { "sigma_nT": 48.0, "sigma_obs": 1, "spacing_req": 57.9, "spacing_now": 53.9, "deficit": 0.93, "sp_tier": "coarse", "df_tier": "ok" }, "geometry": { "type": "Polygon", "coordinates": [ [ [ 128.749999999999858, 37.15 ], [ 128.749999999999858, 37.25 ], [ 128.649999999999835, 37.25 ], [ 128.649999999999835, 37.15 ], [ 128.749999999999858, 37.15 ] ] ] } },
{ "type": "Feature", "properties": { "sigma_nT": 59.0, "sigma_obs": 1, "spacing_req": 52.5, "spacing_now": 47.6, "deficit": 0.91, "sp_tier": "coarse", "df_tier": "ok" }, "geometry": { "type": "Polygon", "coordinates": [ [ [ 128.849999999999852, 37.15 ], [ 128.849999999999852, 37.25 ], [ 128.749999999999829, 37.25 ], [ 128.749999999999829, 37.15 ], [ 128.849999999999852, 37.15 ] ] ] } },
{ "type": "Feature", "properties": { "sigma_nT": 60.0, "sigma_obs": 1, "spacing_req": 51.7, "spacing_now": 47.4, "deficit": 0.92, "sp_tier": "coarse", "df_tier": "ok" }, "geometry": { "type": "Polygon", "coordinates": [ [ [ 128.949999999999847, 37.15 ], [ 128.949999999999847, 37.25 ], [ 128.849999999999824, 37.25 ], [ 128.849999999999824, 37.15 ], [ 128.949999999999847, 37.15 ] ] ] } },
{ "type": "Feature", "properties": { "sigma_nT": 63.0, "sigma_obs": 1, "spacing_req": 50.7, "spacing_now": 53.4, "deficit": 1.05, "sp_tier": "coarse", "df_tier": "mild" }, "geometry": { "type": "Polygon", "coordinates": [ [ [ 129.049999999999841, 37.15 ], [ 129.049999999999841, 37.25 ], [ 128.949999999999818, 37.25 ], [ 128.949999999999818, 37.15 ], [ 129.049999999999841, 37.15 ] ] ] } },
{ "type": "Feature", "properties": { "sigma_nT": 60.0, "sigma_obs": 1, "spacing_req": 52.0, "spacing_now": 44.3, "deficit": 0.85, "sp_tier": "coarse", "df_tier": "ok" }, "geometry": { "type": "Polygon", "coordinates": [ [ [ 129.349999999999824, 37.15 ], [ 129.349999999999824, 37.25 ], [ 129.249999999999801, 37.25 ], [ 129.249999999999801, 37.15 ], [ 129.349999999999824, 37.15 ] ] ] } },
{ "type": "Feature", "properties": { "sigma_nT": 55.0, "sigma_obs": 1, "spacing_req": 54.0, "spacing_now": 53.7, "deficit": 0.99, "sp_tier": "coarse", "df_tier": "ok" }, "geometry": { "type": "Polygon", "coordinates": [ [ [ 129.449999999999818, 37.15 ], [ 129.449999999999818, 37.25 ], [ 129.349999999999795, 37.25 ], [ 129.349999999999795, 37.15 ], [ 129.449999999999818, 37.15 ] ] ] } },
{ "type": "Feature", "properties": { "sigma_nT": 49.0, "sigma_obs": 1, "spacing_req": 57.5, "spacing_now": 45.6, "deficit": 0.79, "sp_tier": "coarse", "df_tier": "ok" }, "geometry": { "type": "Polygon", "coordinates": [ [ [ 126.85, 37.25 ], [ 126.85, 37.35 ], [ 126.75, 37.35 ], [ 126.75, 37.25 ], [ 126.85, 37.25 ] ] ] } },
{ "type": "Feature", "properties": { "sigma_nT": 51.0, "sigma_obs": 1, "spacing_req": 56.3, "spacing_now": 41.0, "deficit": 0.73, "sp_tier": "coarse", "df_tier": "ok" }, "geometry": { "type": "Polygon", "coordinates": [ [ [ 126.95, 37.25 ], [ 126.95, 37.35 ], [ 126.85, 37.35 ], [ 126.85, 37.25 ], [ 126.95, 37.25 ] ] ] } },
{ "type": "Feature", "properties": { "sigma_nT": 52.0, "sigma_obs": 1, "spacing_req": 55.5, "spacing_now": 43.8, "deficit": 0.79, "sp_tier": "coarse", "df_tier": "ok" }, "geometry": { "type": "Polygon", "coordinates": [ [ [ 127.05, 37.25 ], [ 127.05, 37.35 ], [ 126.95, 37.35 ], [ 126.95, 37.25 ], [ 127.05, 37.25 ] ] ] } },
{ "type": "Feature", "properties": { "sigma_nT": 48.0, "sigma_obs": 1, "spacing_req": 57.8, "spacing_now": 52.7, "deficit": 0.91, "sp_tier": "coarse", "df_tier": "ok" }, "geometry": { "type": "Polygon", "coordinates": [ [ [ 127.15, 37.25 ], [ 127.15, 37.35 ], [ 127.05, 37.35 ], [ 127.05, 37.25 ], [ 127.15, 37.25 ] ] ] } },
{ "type": "Feature", "properties": { "sigma_nT": 45.0, "sigma_obs": 1, "spacing_req": 59.9, "spacing_now": 65.4, "deficit": 1.09, "sp_tier": "coarse", "df_tier": "mild" }, "geometry": { "type": "Polygon", "coordinates": [ [ [ 127.25, 37.25 ], [ 127.25, 37.35 ], [ 127.15, 37.35 ], [ 127.15, 37.25 ], [ 127.25, 37.25 ] ] ] } },
{ "type": "Feature", "properties": { "sigma_nT": 43.0, "sigma_obs": 1, "spacing_req": 61.6, "spacing_now": 60.5, "deficit": 0.98, "sp_tier": "coarse", "df_tier": "ok" }, "geometry": { "type": "Polygon", "coordinates": [ [ [ 127.35, 37.25 ], [ 127.35, 37.35 ], [ 127.25, 37.35 ], [ 127.25, 37.25 ], [ 127.35, 37.25 ] ] ] } },
{ "type": "Feature", "properties": { "sigma_nT": 47.0, "sigma_obs": 1, "spacing_req": 58.6, "spacing_now": 49.1, "deficit": 0.84, "sp_tier": "coarse", "df_tier": "ok" }, "geometry": { "type": "Polygon", "coordinates": [ [ [ 127.849999999999895, 37.25 ], [ 127.849999999999895, 37.35 ], [ 127.75, 37.35 ], [ 127.75, 37.25 ], [ 127.849999999999895, 37.25 ] ] ] } },
{ "type": "Feature", "properties": { "sigma_nT": 52.0, "sigma_obs": 1, "spacing_req": 55.7, "spacing_now": 63.6, "deficit": 1.14, "sp_tier": "coarse", "df_tier": "mild" }, "geometry": { "type": "Polygon", "coordinates": [ [ [ 127.949999999999889, 37.25 ], [ 127.949999999999889, 37.35 ], [ 127.849999999999895, 37.35 ], [ 127.849999999999895, 37.25 ], [ 127.949999999999889, 37.25 ] ] ] } },
{ "type": "Feature", "properties": { "sigma_nT": 58.0, "sigma_obs": 1, "spacing_req": 52.6, "spacing_now": 62.4, "deficit": 1.19, "sp_tier": "coarse", "df_tier": "mild" }, "geometry": { "type": "Polygon", "coordinates": [ [ [ 128.049999999999898, 37.25 ], [ 128.049999999999898, 37.35 ], [ 127.949999999999889, 37.35 ], [ 127.949999999999889, 37.25 ], [ 128.049999999999898, 37.25 ] ] ] } },
{ "type": "Feature", "properties": { "sigma_nT": 61.0, "sigma_obs": 1, "spacing_req": 51.5, "spacing_now": 53.7, "deficit": 1.04, "sp_tier": "coarse", "df_tier": "mild" }, "geometry": { "type": "Polygon", "coordinates": [ [ [ 128.149999999999892, 37.25 ], [ 128.149999999999892, 37.35 ], [ 128.049999999999869, 37.35 ], [ 128.049999999999869, 37.25 ], [ 128.149999999999892, 37.25 ] ] ] } },
{ "type": "Feature", "properties": { "sigma_nT": 57.0, "sigma_obs": 1, "spacing_req": 53.3, "spacing_now": 49.9, "deficit": 0.94, "sp_tier": "coarse", "df_tier": "ok" }, "geometry": { "type": "Polygon", "coordinates": [ [ [ 128.249999999999886, 37.25 ], [ 128.249999999999886, 37.35 ], [ 128.149999999999864, 37.35 ], [ 128.149999999999864, 37.25 ], [ 128.249999999999886, 37.25 ] ] ] } },
{ "type": "Feature", "properties": { "sigma_nT": 46.0, "sigma_obs": 1, "spacing_req": 59.3, "spacing_now": 52.3, "deficit": 0.88, "sp_tier": "coarse", "df_tier": "ok" }, "geometry": { "type": "Polygon", "coordinates": [ [ [ 128.349999999999881, 37.25 ], [ 128.349999999999881, 37.35 ], [ 128.249999999999858, 37.35 ], [ 128.249999999999858, 37.25 ], [ 128.349999999999881, 37.25 ] ] ] } },
{ "type": "Feature", "properties": { "sigma_nT": 41.0, "sigma_obs": 1, "spacing_req": 62.6, "spacing_now": 60.1, "deficit": 0.96, "sp_tier": "coarse", "df_tier": "ok" }, "geometry": { "type": "Polygon", "coordinates": [ [ [ 128.449999999999875, 37.25 ], [ 128.449999999999875, 37.35 ], [ 128.349999999999852, 37.35 ], [ 128.349999999999852, 37.25 ], [ 128.449999999999875, 37.25 ] ] ] } },
{ "type": "Feature", "properties": { "sigma_nT": 41.0, "sigma_obs": 1, "spacing_req": 63.0, "spacing_now": 67.1, "deficit": 1.07, "sp_tier": "coarse", "df_tier": "mild" }, "geometry": { "type": "Polygon", "coordinates": [ [ [ 128.549999999999869, 37.25 ], [ 128.549999999999869, 37.35 ], [ 128.449999999999847, 37.35 ], [ 128.449999999999847, 37.25 ], [ 128.549999999999869, 37.25 ] ] ] } },
{ "type": "Feature", "properties": { "sigma_nT": 47.0, "sigma_obs": 1, "spacing_req": 58.4, "spacing_now": 36.5, "deficit": 0.63, "sp_tier": "coarse", "df_tier": "ok" }, "geometry": { "type": "Polygon", "coordinates": [ [ [ 128.749999999999858, 37.25 ], [ 128.749999999999858, 37.35 ], [ 128.649999999999835, 37.35 ], [ 128.649999999999835, 37.25 ], [ 128.749999999999858, 37.25 ] ] ] } },
{ "type": "Feature", "properties": { "sigma_nT": 56.0, "sigma_obs": 1, "spacing_req": 53.8, "spacing_now": 26.2, "deficit": 0.49, "sp_tier": "coarse", "df_tier": "ok" }, "geometry": { "type": "Polygon", "coordinates": [ [ [ 128.849999999999852, 37.25 ], [ 128.849999999999852, 37.35 ], [ 128.749999999999829, 37.35 ], [ 128.749999999999829, 37.25 ], [ 128.849999999999852, 37.25 ] ] ] } },
{ "type": "Feature", "properties": { "sigma_nT": 58.0, "sigma_obs": 1, "spacing_req": 52.8, "spacing_now": 25.9, "deficit": 0.49, "sp_tier": "coarse", "df_tier": "ok" }, "geometry": { "type": "Polygon", "coordinates": [ [ [ 128.949999999999847, 37.25 ], [ 128.949999999999847, 37.35 ], [ 128.849999999999824, 37.35 ], [ 128.849999999999824, 37.25 ], [ 128.949999999999847, 37.25 ] ] ] } },
{ "type": "Feature", "properties": { "sigma_nT": 59.0, "sigma_obs": 1, "spacing_req": 52.5, "spacing_now": 35.7, "deficit": 0.68, "sp_tier": "coarse", "df_tier": "ok" }, "geometry": { "type": "Polygon", "coordinates": [ [ [ 129.049999999999841, 37.25 ], [ 129.049999999999841, 37.35 ], [ 128.949999999999818, 37.35 ], [ 128.949999999999818, 37.25 ], [ 129.049999999999841, 37.25 ] ] ] } },
{ "type": "Feature", "properties": { "sigma_nT": 62.0, "sigma_obs": 1, "spacing_req": 51.1, "spacing_now": 26.2, "deficit": 0.51, "sp_tier": "coarse", "df_tier": "ok" }, "geometry": { "type": "Polygon", "coordinates": [ [ [ 129.149999999999835, 37.25 ], [ 129.149999999999835, 37.35 ], [ 129.049999999999812, 37.35 ], [ 129.049999999999812, 37.25 ], [ 129.149999999999835, 37.25 ] ] ] } },
{ "type": "Feature", "properties": { "sigma_nT": 55.0, "sigma_obs": 1, "spacing_req": 54.4, "spacing_now": 18.7, "deficit": 0.34, "sp_tier": "coarse", "df_tier": "ok" }, "geometry": { "type": "Polygon", "coordinates": [ [ [ 129.249999999999829, 37.25 ], [ 129.249999999999829, 37.35 ], [ 129.149999999999807, 37.35 ], [ 129.149999999999807, 37.25 ], [ 129.249999999999829, 37.25 ] ] ] } },
{ "type": "Feature", "properties": { "sigma_nT": 51.0, "sigma_obs": 1, "spacing_req": 56.4, "spacing_now": 25.4, "deficit": 0.45, "sp_tier": "coarse", "df_tier": "ok" }, "geometry": { "type": "Polygon", "coordinates": [ [ [ 129.349999999999824, 37.25 ], [ 129.349999999999824, 37.35 ], [ 129.249999999999801, 37.35 ], [ 129.249999999999801, 37.25 ], [ 129.349999999999824, 37.25 ] ] ] } },
{ "type": "Feature", "properties": { "sigma_nT": 45.0, "sigma_obs": 1, "spacing_req": 60.0, "spacing_now": 70.6, "deficit": 1.18, "sp_tier": "coarse", "df_tier": "mild" }, "geometry": { "type": "Polygon", "coordinates": [ [ [ 126.75, 37.35 ], [ 126.75, 37.45 ], [ 126.65, 37.45 ], [ 126.65, 37.35 ], [ 126.75, 37.35 ] ] ] } },
{ "type": "Feature", "properties": { "sigma_nT": 53.0, "sigma_obs": 1, "spacing_req": 55.1, "spacing_now": 66.2, "deficit": 1.2, "sp_tier": "coarse", "df_tier": "mild" }, "geometry": { "type": "Polygon", "coordinates": [ [ [ 126.85, 37.35 ], [ 126.85, 37.45 ], [ 126.75, 37.45 ], [ 126.75, 37.35 ], [ 126.85, 37.35 ] ] ] } },
{ "type": "Feature", "properties": { "sigma_nT": 55.0, "sigma_obs": 1, "spacing_req": 54.1, "spacing_now": 63.1, "deficit": 1.17, "sp_tier": "coarse", "df_tier": "mild" }, "geometry": { "type": "Polygon", "coordinates": [ [ [ 126.95, 37.35 ], [ 126.95, 37.45 ], [ 126.85, 37.45 ], [ 126.85, 37.35 ], [ 126.95, 37.35 ] ] ] } },
{ "type": "Feature", "properties": { "sigma_nT": 55.0, "sigma_obs": 1, "spacing_req": 54.0, "spacing_now": 65.0, "deficit": 1.2, "sp_tier": "coarse", "df_tier": "mild" }, "geometry": { "type": "Polygon", "coordinates": [ [ [ 127.05, 37.35 ], [ 127.05, 37.45 ], [ 126.95, 37.45 ], [ 126.95, 37.35 ], [ 127.05, 37.35 ] ] ] } },
{ "type": "Feature", "properties": { "sigma_nT": 50.0, "sigma_obs": 1, "spacing_req": 56.6, "spacing_now": 71.3, "deficit": 1.26, "sp_tier": "coarse", "df_tier": "mild" }, "geometry": { "type": "Polygon", "coordinates": [ [ [ 127.15, 37.35 ], [ 127.15, 37.45 ], [ 127.05, 37.45 ], [ 127.05, 37.35 ], [ 127.15, 37.35 ] ] ] } },
{ "type": "Feature", "properties": { "sigma_nT": 45.0, "sigma_obs": 1, "spacing_req": 59.7, "spacing_now": 69.7, "deficit": 1.17, "sp_tier": "coarse", "df_tier": "mild" }, "geometry": { "type": "Polygon", "coordinates": [ [ [ 127.25, 37.35 ], [ 127.25, 37.45 ], [ 127.15, 37.45 ], [ 127.15, 37.35 ], [ 127.25, 37.35 ] ] ] } },
{ "type": "Feature", "properties": { "sigma_nT": 41.0, "sigma_obs": 1, "spacing_req": 63.0, "spacing_now": 52.2, "deficit": 0.83, "sp_tier": "coarse", "df_tier": "ok" }, "geometry": { "type": "Polygon", "coordinates": [ [ [ 127.35, 37.35 ], [ 127.35, 37.45 ], [ 127.25, 37.45 ], [ 127.25, 37.35 ], [ 127.35, 37.35 ] ] ] } },
{ "type": "Feature", "properties": { "sigma_nT": 46.0, "sigma_obs": 1, "spacing_req": 59.4, "spacing_now": 73.2, "deficit": 1.23, "sp_tier": "coarse", "df_tier": "mild" }, "geometry": { "type": "Polygon", "coordinates": [ [ [ 128.049999999999898, 37.35 ], [ 128.049999999999898, 37.45 ], [ 127.949999999999889, 37.45 ], [ 127.949999999999889, 37.35 ], [ 128.049999999999898, 37.35 ] ] ] } },
{ "type": "Feature", "properties": { "sigma_nT": 50.0, "sigma_obs": 1, "spacing_req": 56.6, "spacing_now": 70.1, "deficit": 1.24, "sp_tier": "coarse", "df_tier": "mild" }, "geometry": { "type": "Polygon", "coordinates": [ [ [ 128.149999999999892, 37.35 ], [ 128.149999999999892, 37.45 ], [ 128.049999999999869, 37.45 ], [ 128.049999999999869, 37.35 ], [ 128.149999999999892, 37.35 ] ] ] } },
{ "type": "Feature", "properties": { "sigma_nT": 47.0, "sigma_obs": 1, "spacing_req": 58.7, "spacing_now": 58.0, "deficit": 0.99, "sp_tier": "coarse", "df_tier": "ok" }, "geometry": { "type": "Polygon", "coordinates": [ [ [ 128.249999999999886, 37.35 ], [ 128.249999999999886, 37.45 ], [ 128.149999999999864, 37.45 ], [ 128.149999999999864, 37.35 ], [ 128.249999999999886, 37.35 ] ] ] } },
{ "type": "Feature", "properties": { "sigma_nT": 44.0, "sigma_obs": 1, "spacing_req": 60.9, "spacing_now": 49.5, "deficit": 0.81, "sp_tier": "coarse", "df_tier": "ok" }, "geometry": { "type": "Polygon", "coordinates": [ [ [ 128.349999999999881, 37.35 ], [ 128.349999999999881, 37.45 ], [ 128.249999999999858, 37.45 ], [ 128.249999999999858, 37.35 ], [ 128.349999999999881, 37.35 ] ] ] } },
{ "type": "Feature", "properties": { "sigma_nT": 42.0, "sigma_obs": 1, "spacing_req": 62.2, "spacing_now": 46.3, "deficit": 0.74, "sp_tier": "coarse", "df_tier": "ok" }, "geometry": { "type": "Polygon", "coordinates": [ [ [ 128.449999999999875, 37.35 ], [ 128.449999999999875, 37.45 ], [ 128.349999999999852, 37.45 ], [ 128.349999999999852, 37.35 ], [ 128.449999999999875, 37.35 ] ] ] } },
{ "type": "Feature", "properties": { "sigma_nT": 40.0, "sigma_obs": 1, "spacing_req": 63.7, "spacing_now": 49.7, "deficit": 0.78, "sp_tier": "coarse", "df_tier": "ok" }, "geometry": { "type": "Polygon", "coordinates": [ [ [ 128.549999999999869, 37.35 ], [ 128.549999999999869, 37.45 ], [ 128.449999999999847, 37.45 ], [ 128.449999999999847, 37.35 ], [ 128.549999999999869, 37.35 ] ] ] } },
{ "type": "Feature", "properties": { "sigma_nT": 46.0, "sigma_obs": 1, "spacing_req": 59.4, "spacing_now": 9.7, "deficit": 0.16, "sp_tier": "coarse", "df_tier": "ok" }, "geometry": { "type": "Polygon", "coordinates": [ [ [ 128.849999999999852, 37.35 ], [ 128.849999999999852, 37.45 ], [ 128.749999999999829, 37.45 ], [ 128.749999999999829, 37.35 ], [ 128.849999999999852, 37.35 ] ] ] } },
{ "type": "Feature", "properties": { "sigma_nT": 48.0, "sigma_obs": 1, "spacing_req": 58.2, "spacing_now": 8.6, "deficit": 0.15, "sp_tier": "coarse", "df_tier": "ok" }, "geometry": { "type": "Polygon", "coordinates": [ [ [ 128.949999999999847, 37.35 ], [ 128.949999999999847, 37.45 ], [ 128.849999999999824, 37.45 ], [ 128.849999999999824, 37.35 ], [ 128.949999999999847, 37.35 ] ] ] } },
{ "type": "Feature", "properties": { "sigma_nT": 47.0, "sigma_obs": 1, "spacing_req": 58.6, "spacing_now": 26.1, "deficit": 0.45, "sp_tier": "coarse", "df_tier": "ok" }, "geometry": { "type": "Polygon", "coordinates": [ [ [ 129.049999999999841, 37.35 ], [ 129.049999999999841, 37.45 ], [ 128.949999999999818, 37.45 ], [ 128.949999999999818, 37.35 ], [ 129.049999999999841, 37.35 ] ] ] } },
{ "type": "Feature", "properties": { "sigma_nT": 49.0, "sigma_obs": 1, "spacing_req": 57.2, "spacing_now": 18.6, "deficit": 0.32, "sp_tier": "coarse", "df_tier": "ok" }, "geometry": { "type": "Polygon", "coordinates": [ [ [ 129.149999999999835, 37.35 ], [ 129.149999999999835, 37.45 ], [ 129.049999999999812, 37.45 ], [ 129.049999999999812, 37.35 ], [ 129.149999999999835, 37.35 ] ] ] } },
{ "type": "Feature", "properties": { "sigma_nT": 52.0, "sigma_obs": 1, "spacing_req": 55.8, "spacing_now": 3.4, "deficit": 0.06, "sp_tier": "coarse", "df_tier": "ok" }, "geometry": { "type": "Polygon", "coordinates": [ [ [ 129.249999999999829, 37.35 ], [ 129.249999999999829, 37.45 ], [ 129.149999999999807, 37.45 ], [ 129.149999999999807, 37.35 ], [ 129.249999999999829, 37.35 ] ] ] } },
{ "type": "Feature", "properties": { "sigma_nT": 50.0, "sigma_obs": 1, "spacing_req": 56.8, "spacing_now": 17.4, "deficit": 0.31, "sp_tier": "coarse", "df_tier": "ok" }, "geometry": { "type": "Polygon", "coordinates": [ [ [ 129.349999999999824, 37.35 ], [ 129.349999999999824, 37.45 ], [ 129.249999999999801, 37.45 ], [ 129.249999999999801, 37.35 ], [ 129.349999999999824, 37.35 ] ] ] } },
{ "type": "Feature", "properties": { "sigma_nT": 49.0, "sigma_obs": 1, "spacing_req": 57.2, "spacing_now": 53.6, "deficit": 0.94, "sp_tier": "coarse", "df_tier": "ok" }, "geometry": { "type": "Polygon", "coordinates": [ [ [ 126.75, 37.45 ], [ 126.75, 37.55 ], [ 126.65, 37.55 ], [ 126.65, 37.45 ], [ 126.75, 37.45 ] ] ] } },
{ "type": "Feature", "properties": { "sigma_nT": 51.0, "sigma_obs": 1, "spacing_req": 56.1, "spacing_now": 67.5, "deficit": 1.2, "sp_tier": "coarse", "df_tier": "mild" }, "geometry": { "type": "Polygon", "coordinates": [ [ [ 126.85, 37.45 ], [ 126.85, 37.55 ], [ 126.75, 37.55 ], [ 126.75, 37.45 ], [ 126.85, 37.45 ] ] ] } },
{ "type": "Feature", "properties": { "sigma_nT": 52.0, "sigma_obs": 1, "spacing_req": 55.5, "spacing_now": 82.9, "deficit": 1.49, "sp_tier": "coarse", "df_tier": "mild" }, "geometry": { "type": "Polygon", "coordinates": [ [ [ 126.95, 37.45 ], [ 126.95, 37.55 ], [ 126.85, 37.55 ], [ 126.85, 37.45 ], [ 126.95, 37.45 ] ] ] } },
{ "type": "Feature", "properties": { "sigma_nT": 53.0, "sigma_obs": 1, "spacing_req": 55.3, "spacing_now": 86.6, "deficit": 1.57, "sp_tier": "coarse", "df_tier": "short" }, "geometry": { "type": "Polygon", "coordinates": [ [ [ 127.05, 37.45 ], [ 127.05, 37.55 ], [ 126.95, 37.55 ], [ 126.95, 37.45 ], [ 127.05, 37.45 ] ] ] } },
{ "type": "Feature", "properties": { "sigma_nT": 45.0, "sigma_obs": 1, "spacing_req": 60.2, "spacing_now": 87.4, "deficit": 1.45, "sp_tier": "coarse", "df_tier": "mild" }, "geometry": { "type": "Polygon", "coordinates": [ [ [ 127.15, 37.45 ], [ 127.15, 37.55 ], [ 127.05, 37.55 ], [ 127.05, 37.45 ], [ 127.15, 37.45 ] ] ] } },
{ "type": "Feature", "properties": { "sigma_nT": 41.0, "sigma_obs": 1, "spacing_req": 62.9, "spacing_now": 22.9, "deficit": 0.36, "sp_tier": "coarse", "df_tier": "ok" }, "geometry": { "type": "Polygon", "coordinates": [ [ [ 127.75, 37.45 ], [ 127.75, 37.55 ], [ 127.65, 37.55 ], [ 127.65, 37.45 ], [ 127.75, 37.45 ] ] ] } },
{ "type": "Feature", "properties": { "sigma_nT": 43.0, "sigma_obs": 1, "spacing_req": 61.3, "spacing_now": 39.0, "deficit": 0.64, "sp_tier": "coarse", "df_tier": "ok" }, "geometry": { "type": "Polygon", "coordinates": [ [ [ 127.849999999999895, 37.45 ], [ 127.849999999999895, 37.55 ], [ 127.75, 37.55 ], [ 127.75, 37.45 ], [ 127.849999999999895, 37.45 ] ] ] } },
{ "type": "Feature", "properties": { "sigma_nT": 43.0, "sigma_obs": 1, "spacing_req": 61.6, "spacing_now": 56.1, "deficit": 0.91, "sp_tier": "coarse", "df_tier": "ok" }, "geometry": { "type": "Polygon", "coordinates": [ [ [ 127.949999999999889, 37.45 ], [ 127.949999999999889, 37.55 ], [ 127.849999999999895, 37.55 ], [ 127.849999999999895, 37.45 ], [ 127.949999999999889, 37.45 ] ] ] } },
{ "type": "Feature", "properties": { "sigma_nT": 45.0, "sigma_obs": 1, "spacing_req": 60.2, "spacing_now": 73.4, "deficit": 1.22, "sp_tier": "coarse", "df_tier": "mild" }, "geometry": { "type": "Polygon", "coordinates": [ [ [ 128.049999999999898, 37.45 ], [ 128.049999999999898, 37.55 ], [ 127.949999999999889, 37.55 ], [ 127.949999999999889, 37.45 ], [ 128.049999999999898, 37.45 ] ] ] } },
{ "type": "Feature", "properties": { "sigma_nT": 46.0, "sigma_obs": 1, "spacing_req": 59.2, "spacing_now": 57.9, "deficit": 0.98, "sp_tier": "coarse", "df_tier": "ok" }, "geometry": { "type": "Polygon", "coordinates": [ [ [ 128.149999999999892, 37.45 ], [ 128.149999999999892, 37.55 ], [ 128.049999999999869, 37.55 ], [ 128.049999999999869, 37.45 ], [ 128.149999999999892, 37.45 ] ] ] } },
{ "type": "Feature", "properties": { "sigma_nT": 44.0, "sigma_obs": 1, "spacing_req": 60.6, "spacing_now": 42.5, "deficit": 0.7, "sp_tier": "coarse", "df_tier": "ok" }, "geometry": { "type": "Polygon", "coordinates": [ [ [ 128.249999999999886, 37.45 ], [ 128.249999999999886, 37.55 ], [ 128.149999999999864, 37.55 ], [ 128.149999999999864, 37.45 ], [ 128.249999999999886, 37.45 ] ] ] } },
{ "type": "Feature", "properties": { "sigma_nT": 43.0, "sigma_obs": 1, "spacing_req": 61.2, "spacing_now": 29.8, "deficit": 0.49, "sp_tier": "coarse", "df_tier": "ok" }, "geometry": { "type": "Polygon", "coordinates": [ [ [ 128.349999999999881, 37.45 ], [ 128.349999999999881, 37.55 ], [ 128.249999999999858, 37.55 ], [ 128.249999999999858, 37.45 ], [ 128.349999999999881, 37.45 ] ] ] } },
{ "type": "Feature", "properties": { "sigma_nT": 41.0, "sigma_obs": 1, "spacing_req": 62.6, "spacing_now": 24.2, "deficit": 0.39, "sp_tier": "coarse", "df_tier": "ok" }, "geometry": { "type": "Polygon", "coordinates": [ [ [ 128.449999999999875, 37.45 ], [ 128.449999999999875, 37.55 ], [ 128.349999999999852, 37.55 ], [ 128.349999999999852, 37.45 ], [ 128.449999999999875, 37.45 ] ] ] } },
{ "type": "Feature", "properties": { "sigma_nT": 39.0, "sigma_obs": 1, "spacing_req": 64.5, "spacing_now": 30.2, "deficit": 0.47, "sp_tier": "coarse", "df_tier": "ok" }, "geometry": { "type": "Polygon", "coordinates": [ [ [ 128.549999999999869, 37.45 ], [ 128.549999999999869, 37.55 ], [ 128.449999999999847, 37.55 ], [ 128.449999999999847, 37.45 ], [ 128.549999999999869, 37.45 ] ] ] } },
{ "type": "Feature", "properties": { "sigma_nT": 45.0, "sigma_obs": 1, "spacing_req": 60.1, "spacing_now": 21.8, "deficit": 0.36, "sp_tier": "coarse", "df_tier": "ok" }, "geometry": { "type": "Polygon", "coordinates": [ [ [ 128.849999999999852, 37.45 ], [ 128.849999999999852, 37.55 ], [ 128.749999999999829, 37.55 ], [ 128.749999999999829, 37.45 ], [ 128.849999999999852, 37.45 ] ] ] } },
{ "type": "Feature", "properties": { "sigma_nT": 46.0, "sigma_obs": 1, "spacing_req": 59.0, "spacing_now": 21.4, "deficit": 0.36, "sp_tier": "coarse", "df_tier": "ok" }, "geometry": { "type": "Polygon", "coordinates": [ [ [ 128.949999999999847, 37.45 ], [ 128.949999999999847, 37.55 ], [ 128.849999999999824, 37.55 ], [ 128.849999999999824, 37.45 ], [ 128.949999999999847, 37.45 ] ] ] } },
{ "type": "Feature", "properties": { "sigma_nT": 47.0, "sigma_obs": 1, "spacing_req": 58.6, "spacing_now": 32.6, "deficit": 0.56, "sp_tier": "coarse", "df_tier": "ok" }, "geometry": { "type": "Polygon", "coordinates": [ [ [ 129.049999999999841, 37.45 ], [ 129.049999999999841, 37.55 ], [ 128.949999999999818, 37.55 ], [ 128.949999999999818, 37.45 ], [ 129.049999999999841, 37.45 ] ] ] } },
{ "type": "Feature", "properties": { "sigma_nT": 50.0, "sigma_obs": 1, "spacing_req": 56.6, "spacing_now": 31.4, "deficit": 0.55, "sp_tier": "coarse", "df_tier": "ok" }, "geometry": { "type": "Polygon", "coordinates": [ [ [ 129.149999999999835, 37.45 ], [ 129.149999999999835, 37.55 ], [ 129.049999999999812, 37.55 ], [ 129.049999999999812, 37.45 ], [ 129.149999999999835, 37.45 ] ] ] } },
{ "type": "Feature", "properties": { "sigma_nT": 53.0, "sigma_obs": 1, "spacing_req": 55.4, "spacing_now": 25.5, "deficit": 0.46, "sp_tier": "coarse", "df_tier": "ok" }, "geometry": { "type": "Polygon", "coordinates": [ [ [ 129.249999999999829, 37.45 ], [ 129.249999999999829, 37.55 ], [ 129.149999999999807, 37.55 ], [ 129.149999999999807, 37.45 ], [ 129.249999999999829, 37.45 ] ] ] } },
{ "type": "Feature", "properties": { "sigma_nT": 53.0, "sigma_obs": 1, "spacing_req": 55.0, "spacing_now": 20.2, "deficit": 0.37, "sp_tier": "coarse", "df_tier": "ok" }, "geometry": { "type": "Polygon", "coordinates": [ [ [ 126.45, 37.55 ], [ 126.45, 37.65 ], [ 126.35, 37.65 ], [ 126.35, 37.55 ], [ 126.45, 37.55 ] ] ] } },
{ "type": "Feature", "properties": { "sigma_nT": 48.0, "sigma_obs": 1, "spacing_req": 58.0, "spacing_now": 15.1, "deficit": 0.26, "sp_tier": "coarse", "df_tier": "ok" }, "geometry": { "type": "Polygon", "coordinates": [ [ [ 126.55, 37.55 ], [ 126.55, 37.65 ], [ 126.45, 37.65 ], [ 126.45, 37.55 ], [ 126.55, 37.55 ] ] ] } },
{ "type": "Feature", "properties": { "sigma_nT": 47.0, "sigma_obs": 1, "spacing_req": 58.9, "spacing_now": 25.9, "deficit": 0.44, "sp_tier": "coarse", "df_tier": "ok" }, "geometry": { "type": "Polygon", "coordinates": [ [ [ 126.65, 37.55 ], [ 126.65, 37.65 ], [ 126.55, 37.65 ], [ 126.55, 37.55 ], [ 126.65, 37.55 ] ] ] } },
{ "type": "Feature", "properties": { "sigma_nT": 46.0, "sigma_obs": 1, "spacing_req": 59.2, "spacing_now": 41.7, "deficit": 0.7, "sp_tier": "coarse", "df_tier": "ok" }, "geometry": { "type": "Polygon", "coordinates": [ [ [ 126.75, 37.55 ], [ 126.75, 37.65 ], [ 126.65, 37.65 ], [ 126.65, 37.55 ], [ 126.75, 37.55 ] ] ] } },
{ "type": "Feature", "properties": { "sigma_nT": 52.0, "sigma_obs": 1, "spacing_req": 55.7, "spacing_now": 58.5, "deficit": 1.05, "sp_tier": "coarse", "df_tier": "mild" }, "geometry": { "type": "Polygon", "coordinates": [ [ [ 126.85, 37.55 ], [ 126.85, 37.65 ], [ 126.75, 37.65 ], [ 126.75, 37.55 ], [ 126.85, 37.55 ] ] ] } },
{ "type": "Feature", "properties": { "sigma_nT": 53.0, "sigma_obs": 1, "spacing_req": 55.4, "spacing_now": 75.7, "deficit": 1.37, "sp_tier": "coarse", "df_tier": "mild" }, "geometry": { "type": "Polygon", "coordinates": [ [ [ 126.95, 37.55 ], [ 126.95, 37.65 ], [ 126.85, 37.65 ], [ 126.85, 37.55 ], [ 126.95, 37.55 ] ] ] } },
{ "type": "Feature", "properties": { "sigma_nT": 52.0, "sigma_obs": 1, "spacing_req": 55.8, "spacing_now": 89.6, "deficit": 1.61, "sp_tier": "coarse", "df_tier": "short" }, "geometry": { "type": "Polygon", "coordinates": [ [ [ 127.05, 37.55 ], [ 127.05, 37.65 ], [ 126.95, 37.65 ], [ 126.95, 37.55 ], [ 127.05, 37.55 ] ] ] } },
{ "type": "Feature", "properties": { "sigma_nT": 43.0, "sigma_obs": 1, "spacing_req": 61.6, "spacing_now": 86.7, "deficit": 1.41, "sp_tier": "coarse", "df_tier": "mild" }, "geometry": { "type": "Polygon", "coordinates": [ [ [ 127.15, 37.55 ], [ 127.15, 37.65 ], [ 127.05, 37.65 ], [ 127.05, 37.55 ], [ 127.15, 37.55 ] ] ] } },
{ "type": "Feature", "properties": { "sigma_nT": 43.0, "sigma_obs": 1, "spacing_req": 61.1, "spacing_now": 61.6, "deficit": 1.01, "sp_tier": "coarse", "df_tier": "mild" }, "geometry": { "type": "Polygon", "coordinates": [ [ [ 127.35, 37.55 ], [ 127.35, 37.65 ], [ 127.25, 37.65 ], [ 127.25, 37.55 ], [ 127.35, 37.55 ] ] ] } },
{ "type": "Feature", "properties": { "sigma_nT": 42.0, "sigma_obs": 1, "spacing_req": 61.7, "spacing_now": 34.2, "deficit": 0.55, "sp_tier": "coarse", "df_tier": "ok" }, "geometry": { "type": "Polygon", "coordinates": [ [ [ 127.65, 37.55 ], [ 127.65, 37.65 ], [ 127.55, 37.65 ], [ 127.55, 37.55 ], [ 127.65, 37.55 ] ] ] } },
{ "type": "Feature", "properties": { "sigma_nT": 44.0, "sigma_obs": 1, "spacing_req": 60.5, "spacing_now": 39.3, "deficit": 0.65, "sp_tier": "coarse", "df_tier": "ok" }, "geometry": { "type": "Polygon", "coordinates": [ [ [ 127.75, 37.55 ], [ 127.75, 37.65 ], [ 127.65, 37.65 ], [ 127.65, 37.55 ], [ 127.75, 37.55 ] ] ] } },
{ "type": "Feature", "properties": { "sigma_nT": 44.0, "sigma_obs": 1, "spacing_req": 60.8, "spacing_now": 50.4, "deficit": 0.83, "sp_tier": "coarse", "df_tier": "ok" }, "geometry": { "type": "Polygon", "coordinates": [ [ [ 127.849999999999895, 37.55 ], [ 127.849999999999895, 37.65 ], [ 127.75, 37.65 ], [ 127.75, 37.55 ], [ 127.849999999999895, 37.55 ] ] ] } },
{ "type": "Feature", "properties": { "sigma_nT": 43.0, "sigma_obs": 1, "spacing_req": 61.7, "spacing_now": 64.5, "deficit": 1.05, "sp_tier": "coarse", "df_tier": "mild" }, "geometry": { "type": "Polygon", "coordinates": [ [ [ 127.949999999999889, 37.55 ], [ 127.949999999999889, 37.65 ], [ 127.849999999999895, 37.65 ], [ 127.849999999999895, 37.55 ], [ 127.949999999999889, 37.55 ] ] ] } },
{ "type": "Feature", "properties": { "sigma_nT": 44.0, "sigma_obs": 1, "spacing_req": 60.5, "spacing_now": 70.2, "deficit": 1.16, "sp_tier": "coarse", "df_tier": "mild" }, "geometry": { "type": "Polygon", "coordinates": [ [ [ 128.049999999999898, 37.55 ], [ 128.049999999999898, 37.65 ], [ 127.949999999999889, 37.65 ], [ 127.949999999999889, 37.55 ], [ 128.049999999999898, 37.55 ] ] ] } },
{ "type": "Feature", "properties": { "sigma_nT": 43.0, "sigma_obs": 1, "spacing_req": 61.6, "spacing_now": 52.6, "deficit": 0.85, "sp_tier": "coarse", "df_tier": "ok" }, "geometry": { "type": "Polygon", "coordinates": [ [ [ 128.149999999999892, 37.55 ], [ 128.149999999999892, 37.65 ], [ 128.049999999999869, 37.65 ], [ 128.049999999999869, 37.55 ], [ 128.149999999999892, 37.55 ] ] ] } },
{ "type": "Feature", "properties": { "sigma_nT": 42.0, "sigma_obs": 1, "spacing_req": 62.0, "spacing_now": 42.9, "deficit": 0.69, "sp_tier": "coarse", "df_tier": "ok" }, "geometry": { "type": "Polygon", "coordinates": [ [ [ 128.849999999999852, 37.55 ], [ 128.849999999999852, 37.65 ], [ 128.749999999999829, 37.65 ], [ 128.749999999999829, 37.55 ], [ 128.849999999999852, 37.55 ] ] ] } },
{ "type": "Feature", "properties": { "sigma_nT": 43.0, "sigma_obs": 1, "spacing_req": 61.0, "spacing_now": 42.6, "deficit": 0.7, "sp_tier": "coarse", "df_tier": "ok" }, "geometry": { "type": "Polygon", "coordinates": [ [ [ 128.949999999999847, 37.55 ], [ 128.949999999999847, 37.65 ], [ 128.849999999999824, 37.65 ], [ 128.849999999999824, 37.55 ], [ 128.949999999999847, 37.55 ] ] ] } },
{ "type": "Feature", "properties": { "sigma_nT": 45.0, "sigma_obs": 1, "spacing_req": 60.2, "spacing_now": 49.2, "deficit": 0.82, "sp_tier": "coarse", "df_tier": "ok" }, "geometry": { "type": "Polygon", "coordinates": [ [ [ 129.049999999999841, 37.55 ], [ 129.049999999999841, 37.65 ], [ 128.949999999999818, 37.65 ], [ 128.949999999999818, 37.55 ], [ 129.049999999999841, 37.55 ] ] ] } },
{ "type": "Feature", "properties": { "sigma_nT": 48.0, "sigma_obs": 1, "spacing_req": 58.0, "spacing_now": 51.0, "deficit": 0.88, "sp_tier": "coarse", "df_tier": "ok" }, "geometry": { "type": "Polygon", "coordinates": [ [ [ 129.149999999999835, 37.55 ], [ 129.149999999999835, 37.65 ], [ 129.049999999999812, 37.65 ], [ 129.049999999999812, 37.55 ], [ 129.149999999999835, 37.55 ] ] ] } },
{ "type": "Feature", "properties": { "sigma_nT": 56.0, "sigma_obs": 1, "spacing_req": 53.5, "spacing_now": 15.8, "deficit": 0.29, "sp_tier": "coarse", "df_tier": "ok" }, "geometry": { "type": "Polygon", "coordinates": [ [ [ 126.45, 37.65 ], [ 126.45, 37.75 ], [ 126.35, 37.75 ], [ 126.35, 37.65 ], [ 126.45, 37.65 ] ] ] } },
{ "type": "Feature", "properties": { "sigma_nT": 40.0, "sigma_obs": 1, "spacing_req": 63.6, "spacing_now": 22.6, "deficit": 0.36, "sp_tier": "coarse", "df_tier": "ok" }, "geometry": { "type": "Polygon", "coordinates": [ [ [ 126.65, 37.65 ], [ 126.65, 37.75 ], [ 126.55, 37.75 ], [ 126.55, 37.65 ], [ 126.65, 37.65 ] ] ] } },
{ "type": "Feature", "properties": { "sigma_nT": 49.0, "sigma_obs": 1, "spacing_req": 57.4, "spacing_now": 39.7, "deficit": 0.69, "sp_tier": "coarse", "df_tier": "ok" }, "geometry": { "type": "Polygon", "coordinates": [ [ [ 126.75, 37.65 ], [ 126.75, 37.75 ], [ 126.65, 37.75 ], [ 126.65, 37.65 ], [ 126.75, 37.65 ] ] ] } },
{ "type": "Feature", "properties": { "sigma_nT": 64.0, "sigma_obs": 1, "spacing_req": 50.1, "spacing_now": 68.5, "deficit": 1.37, "sp_tier": "coarse", "df_tier": "mild" }, "geometry": { "type": "Polygon", "coordinates": [ [ [ 127.05, 37.65 ], [ 127.05, 37.75 ], [ 126.95, 37.75 ], [ 126.95, 37.65 ], [ 127.05, 37.65 ] ] ] } },
{ "type": "Feature", "properties": { "sigma_nT": 49.0, "sigma_obs": 1, "spacing_req": 57.4, "spacing_now": 64.6, "deficit": 1.13, "sp_tier": "coarse", "df_tier": "mild" }, "geometry": { "type": "Polygon", "coordinates": [ [ [ 127.15, 37.65 ], [ 127.15, 37.75 ], [ 127.05, 37.75 ], [ 127.05, 37.65 ], [ 127.15, 37.65 ] ] ] } },
{ "type": "Feature", "properties": { "sigma_nT": 43.0, "sigma_obs": 1, "spacing_req": 61.1, "spacing_now": 65.4, "deficit": 1.07, "sp_tier": "coarse", "df_tier": "mild" }, "geometry": { "type": "Polygon", "coordinates": [ [ [ 127.25, 37.65 ], [ 127.25, 37.75 ], [ 127.15, 37.75 ], [ 127.15, 37.65 ], [ 127.25, 37.65 ] ] ] } },
{ "type": "Feature", "properties": { "sigma_nT": 51.0, "sigma_obs": 1, "spacing_req": 56.5, "spacing_now": 70.6, "deficit": 1.25, "sp_tier": "coarse", "df_tier": "mild" }, "geometry": { "type": "Polygon", "coordinates": [ [ [ 127.35, 37.65 ], [ 127.35, 37.75 ], [ 127.25, 37.75 ], [ 127.25, 37.65 ], [ 127.35, 37.65 ] ] ] } },
{ "type": "Feature", "properties": { "sigma_nT": 48.0, "sigma_obs": 1, "spacing_req": 58.3, "spacing_now": 65.5, "deficit": 1.12, "sp_tier": "coarse", "df_tier": "mild" }, "geometry": { "type": "Polygon", "coordinates": [ [ [ 127.45, 37.65 ], [ 127.45, 37.75 ], [ 127.35, 37.75 ], [ 127.35, 37.65 ], [ 127.45, 37.65 ] ] ] } },
{ "type": "Feature", "properties": { "sigma_nT": 46.0, "sigma_obs": 1, "spacing_req": 59.2, "spacing_now": 58.5, "deficit": 0.99, "sp_tier": "coarse", "df_tier": "ok" }, "geometry": { "type": "Polygon", "coordinates": [ [ [ 127.55, 37.65 ], [ 127.55, 37.75 ], [ 127.45, 37.75 ], [ 127.45, 37.65 ], [ 127.55, 37.65 ] ] ] } },
{ "type": "Feature", "properties": { "sigma_nT": 50.0, "sigma_obs": 1, "spacing_req": 57.1, "spacing_now": 56.3, "deficit": 0.99, "sp_tier": "coarse", "df_tier": "ok" }, "geometry": { "type": "Polygon", "coordinates": [ [ [ 127.65, 37.65 ], [ 127.65, 37.75 ], [ 127.55, 37.75 ], [ 127.55, 37.65 ], [ 127.65, 37.65 ] ] ] } },
{ "type": "Feature", "properties": { "sigma_nT": 50.0, "sigma_obs": 1, "spacing_req": 56.9, "spacing_now": 59.6, "deficit": 1.05, "sp_tier": "coarse", "df_tier": "mild" }, "geometry": { "type": "Polygon", "coordinates": [ [ [ 127.75, 37.65 ], [ 127.75, 37.75 ], [ 127.65, 37.75 ], [ 127.65, 37.65 ], [ 127.75, 37.65 ] ] ] } },
{ "type": "Feature", "properties": { "sigma_nT": 47.0, "sigma_obs": 1, "spacing_req": 58.7, "spacing_now": 67.4, "deficit": 1.15, "sp_tier": "coarse", "df_tier": "mild" }, "geometry": { "type": "Polygon", "coordinates": [ [ [ 127.849999999999895, 37.65 ], [ 127.849999999999895, 37.75 ], [ 127.75, 37.75 ], [ 127.75, 37.65 ], [ 127.849999999999895, 37.65 ] ] ] } },
{ "type": "Feature", "properties": { "sigma_nT": 44.0, "sigma_obs": 1, "spacing_req": 60.7, "spacing_now": 78.5, "deficit": 1.29, "sp_tier": "coarse", "df_tier": "mild" }, "geometry": { "type": "Polygon", "coordinates": [ [ [ 127.949999999999889, 37.65 ], [ 127.949999999999889, 37.75 ], [ 127.849999999999895, 37.75 ], [ 127.849999999999895, 37.65 ], [ 127.949999999999889, 37.65 ] ] ] } },
{ "type": "Feature", "properties": { "sigma_nT": 42.0, "sigma_obs": 1, "spacing_req": 61.9, "spacing_now": 73.0, "deficit": 1.18, "sp_tier": "coarse", "df_tier": "mild" }, "geometry": { "type": "Polygon", "coordinates": [ [ [ 128.049999999999898, 37.65 ], [ 128.049999999999898, 37.75 ], [ 127.949999999999889, 37.75 ], [ 127.949999999999889, 37.65 ], [ 128.049999999999898, 37.65 ] ] ] } },
{ "type": "Feature", "properties": { "sigma_nT": 41.0, "sigma_obs": 1, "spacing_req": 63.0, "spacing_now": 56.2, "deficit": 0.89, "sp_tier": "coarse", "df_tier": "ok" }, "geometry": { "type": "Polygon", "coordinates": [ [ [ 128.149999999999892, 37.65 ], [ 128.149999999999892, 37.75 ], [ 128.049999999999869, 37.75 ], [ 128.049999999999869, 37.65 ], [ 128.149999999999892, 37.65 ] ] ] } },
{ "type": "Feature", "properties": { "sigma_nT": 48.0, "sigma_obs": 1, "spacing_req": 57.8, "spacing_now": 51.2, "deficit": 0.89, "sp_tier": "coarse", "df_tier": "ok" }, "geometry": { "type": "Polygon", "coordinates": [ [ [ 127.35, 37.75 ], [ 127.35, 37.85 ], [ 127.25, 37.85 ], [ 127.25, 37.75 ], [ 127.35, 37.75 ] ] ] } },
{ "type": "Feature", "properties": { "sigma_nT": 54.0, "sigma_obs": 1, "spacing_req": 54.9, "spacing_now": 62.9, "deficit": 1.15, "sp_tier": "coarse", "df_tier": "mild" }, "geometry": { "type": "Polygon", "coordinates": [ [ [ 127.45, 37.75 ], [ 127.45, 37.85 ], [ 127.35, 37.85 ], [ 127.35, 37.75 ], [ 127.45, 37.75 ] ] ] } },
{ "type": "Feature", "properties": { "sigma_nT": 52.0, "sigma_obs": 1, "spacing_req": 55.9, "spacing_now": 76.8, "deficit": 1.37, "sp_tier": "coarse", "df_tier": "mild" }, "geometry": { "type": "Polygon", "coordinates": [ [ [ 127.55, 37.75 ], [ 127.55, 37.85 ], [ 127.45, 37.85 ], [ 127.45, 37.75 ], [ 127.55, 37.75 ] ] ] } },
{ "type": "Feature", "properties": { "sigma_nT": 54.0, "sigma_obs": 1, "spacing_req": 54.7, "spacing_now": 71.4, "deficit": 1.31, "sp_tier": "coarse", "df_tier": "mild" }, "geometry": { "type": "Polygon", "coordinates": [ [ [ 127.65, 37.75 ], [ 127.65, 37.85 ], [ 127.55, 37.85 ], [ 127.55, 37.75 ], [ 127.65, 37.75 ] ] ] } },
{ "type": "Feature", "properties": { "sigma_nT": 53.0, "sigma_obs": 1, "spacing_req": 55.3, "spacing_now": 69.8, "deficit": 1.26, "sp_tier": "coarse", "df_tier": "mild" }, "geometry": { "type": "Polygon", "coordinates": [ [ [ 127.75, 37.75 ], [ 127.75, 37.85 ], [ 127.65, 37.85 ], [ 127.65, 37.75 ], [ 127.75, 37.75 ] ] ] } },
{ "type": "Feature", "properties": { "sigma_nT": 48.0, "sigma_obs": 1, "spacing_req": 58.2, "spacing_now": 72.6, "deficit": 1.25, "sp_tier": "coarse", "df_tier": "mild" }, "geometry": { "type": "Polygon", "coordinates": [ [ [ 127.849999999999895, 37.75 ], [ 127.849999999999895, 37.85 ], [ 127.75, 37.85 ], [ 127.75, 37.75 ], [ 127.849999999999895, 37.75 ] ] ] } },
{ "type": "Feature", "properties": { "sigma_nT": 43.0, "sigma_obs": 1, "spacing_req": 61.1, "spacing_now": 79.2, "deficit": 1.3, "sp_tier": "coarse", "df_tier": "mild" }, "geometry": { "type": "Polygon", "coordinates": [ [ [ 127.949999999999889, 37.75 ], [ 127.949999999999889, 37.85 ], [ 127.849999999999895, 37.85 ], [ 127.849999999999895, 37.75 ], [ 127.949999999999889, 37.75 ] ] ] } },
{ "type": "Feature", "properties": { "sigma_nT": 40.0, "sigma_obs": 1, "spacing_req": 63.9, "spacing_now": 74.7, "deficit": 1.17, "sp_tier": "coarse", "df_tier": "mild" }, "geometry": { "type": "Polygon", "coordinates": [ [ [ 128.049999999999898, 37.75 ], [ 128.049999999999898, 37.85 ], [ 127.949999999999889, 37.85 ], [ 127.949999999999889, 37.75 ], [ 128.049999999999898, 37.75 ] ] ] } },
{ "type": "Feature", "properties": { "sigma_nT": 51.0, "sigma_obs": 1, "spacing_req": 56.1, "spacing_now": 35.3, "deficit": 0.63, "sp_tier": "coarse", "df_tier": "ok" }, "geometry": { "type": "Polygon", "coordinates": [ [ [ 127.35, 37.85 ], [ 127.35, 37.95 ], [ 127.25, 37.95 ], [ 127.25, 37.85 ], [ 127.35, 37.85 ] ] ] } },
{ "type": "Feature", "properties": { "sigma_nT": 64.0, "sigma_obs": 1, "spacing_req": 50.1, "spacing_now": 50.7, "deficit": 1.01, "sp_tier": "coarse", "df_tier": "mild" }, "geometry": { "type": "Polygon", "coordinates": [ [ [ 127.45, 37.85 ], [ 127.45, 37.95 ], [ 127.35, 37.95 ], [ 127.35, 37.85 ], [ 127.45, 37.85 ] ] ] } },
{ "type": "Feature", "properties": { "sigma_nT": 61.0, "sigma_obs": 1, "spacing_req": 51.3, "spacing_now": 57.8, "deficit": 1.13, "sp_tier": "coarse", "df_tier": "mild" }, "geometry": { "type": "Polygon", "coordinates": [ [ [ 127.55, 37.85 ], [ 127.55, 37.95 ], [ 127.45, 37.95 ], [ 127.45, 37.85 ], [ 127.55, 37.85 ] ] ] } },
{ "type": "Feature", "properties": { "sigma_nT": 58.0, "sigma_obs": 1, "spacing_req": 52.6, "spacing_now": 50.0, "deficit": 0.95, "sp_tier": "coarse", "df_tier": "ok" }, "geometry": { "type": "Polygon", "coordinates": [ [ [ 127.65, 37.85 ], [ 127.65, 37.95 ], [ 127.55, 37.95 ], [ 127.55, 37.85 ], [ 127.65, 37.85 ] ] ] } },
{ "type": "Feature", "properties": { "sigma_nT": 55.0, "sigma_obs": 1, "spacing_req": 54.4, "spacing_now": 47.7, "deficit": 0.88, "sp_tier": "coarse", "df_tier": "ok" }, "geometry": { "type": "Polygon", "coordinates": [ [ [ 127.75, 37.85 ], [ 127.75, 37.95 ], [ 127.65, 37.95 ], [ 127.65, 37.85 ], [ 127.75, 37.85 ] ] ] } },
{ "type": "Feature", "properties": { "sigma_nT": 48.0, "sigma_obs": 1, "spacing_req": 58.3, "spacing_now": 51.6, "deficit": 0.89, "sp_tier": "coarse", "df_tier": "ok" }, "geometry": { "type": "Polygon", "coordinates": [ [ [ 127.849999999999895, 37.85 ], [ 127.849999999999895, 37.95 ], [ 127.75, 37.95 ], [ 127.75, 37.85 ], [ 127.849999999999895, 37.85 ] ] ] } },
{ "type": "Feature", "properties": { "sigma_nT": 39.0, "sigma_obs": 1, "spacing_req": 64.4, "spacing_now": 60.6, "deficit": 0.94, "sp_tier": "coarse", "df_tier": "ok" }, "geometry": { "type": "Polygon", "coordinates": [ [ [ 127.949999999999889, 37.85 ], [ 127.949999999999889, 37.95 ], [ 127.849999999999895, 37.95 ], [ 127.849999999999895, 37.85 ], [ 127.949999999999889, 37.85 ] ] ] } },
{ "type": "Feature", "properties": { "sigma_nT": 42.0, "sigma_obs": 1, "spacing_req": 62.4, "spacing_now": 29.1, "deficit": 0.47, "sp_tier": "coarse", "df_tier": "ok" }, "geometry": { "type": "Polygon", "coordinates": [ [ [ 127.35, 37.95 ], [ 127.35, 38.05 ], [ 127.25, 38.05 ], [ 127.25, 37.95 ], [ 127.35, 37.95 ] ] ] } },
{ "type": "Feature", "properties": { "sigma_nT": 57.0, "sigma_obs": 1, "spacing_req": 53.0, "spacing_now": 41.5, "deficit": 0.78, "sp_tier": "coarse", "df_tier": "ok" }, "geometry": { "type": "Polygon", "coordinates": [ [ [ 127.55, 37.95 ], [ 127.55, 38.05 ], [ 127.45, 38.05 ], [ 127.45, 37.95 ], [ 127.55, 37.95 ] ] ] } },
{ "type": "Feature", "properties": { "sigma_nT": 57.0, "sigma_obs": 1, "spacing_req": 53.2, "spacing_now": 29.7, "deficit": 0.56, "sp_tier": "coarse", "df_tier": "ok" }, "geometry": { "type": "Polygon", "coordinates": [ [ [ 127.65, 37.95 ], [ 127.65, 38.05 ], [ 127.55, 38.05 ], [ 127.55, 37.95 ], [ 127.65, 37.95 ] ] ] } },
{ "type": "Feature", "properties": { "sigma_nT": 53.0, "sigma_obs": 1, "spacing_req": 55.2, "spacing_now": 25.7, "deficit": 0.47, "sp_tier": "coarse", "df_tier": "ok" }, "geometry": { "type": "Polygon", "coordinates": [ [ [ 127.75, 37.95 ], [ 127.75, 38.05 ], [ 127.65, 38.05 ], [ 127.65, 37.95 ], [ 127.75, 37.95 ] ] ] } },
{ "type": "Feature", "properties": { "sigma_nT": 45.0, "sigma_obs": 1, "spacing_req": 60.1, "spacing_now": 32.4, "deficit": 0.54, "sp_tier": "coarse", "df_tier": "ok" }, "geometry": { "type": "Polygon", "coordinates": [ [ [ 127.849999999999895, 37.95 ], [ 127.849999999999895, 38.05 ], [ 127.75, 38.05 ], [ 127.75, 37.95 ], [ 127.849999999999895, 37.95 ] ] ] } },
{ "type": "Feature", "properties": { "sigma_nT": 41.0, "sigma_obs": 1, "spacing_req": 62.7, "spacing_now": 45.3, "deficit": 0.72, "sp_tier": "coarse", "df_tier": "ok" }, "geometry": { "type": "Polygon", "coordinates": [ [ [ 127.949999999999889, 37.95 ], [ 127.949999999999889, 38.05 ], [ 127.849999999999895, 38.05 ], [ 127.849999999999895, 37.95 ], [ 127.949999999999889, 37.95 ] ] ] } },
{ "type": "Feature", "properties": { "sigma_nT": 64.0, "sigma_obs": 1, "spacing_req": 50.1, "spacing_now": 20.2, "deficit": 0.4, "sp_tier": "coarse", "df_tier": "ok" }, "geometry": { "type": "Polygon", "coordinates": [ [ [ 127.849999999999895, 38.05 ], [ 127.849999999999895, 38.15 ], [ 127.75, 38.15 ], [ 127.75, 38.05 ], [ 127.849999999999895, 38.05 ] ] ] } },
{ "type": "Feature", "properties": { "sigma_nT": 55.0, "sigma_obs": 1, "spacing_req": 54.1, "spacing_now": 37.5, "deficit": 0.69, "sp_tier": "coarse", "df_tier": "ok" }, "geometry": { "type": "Polygon", "coordinates": [ [ [ 127.949999999999889, 38.05 ], [ 127.949999999999889, 38.15 ], [ 127.849999999999895, 38.15 ], [ 127.849999999999895, 38.05 ], [ 127.949999999999889, 38.05 ] ] ] } }
]
}
