{
"type": "FeatureCollection",
"name": "gradient_caution",
"crs": { "type": "name", "properties": { "name": "urn:ogc:def:crs:OGC:1.3:CRS84" } },
"features": [
{ "type": "Feature", "properties": { "variability_nT": 417.2, "tier": "caution", "score": 7.0 }, "geometry": { "type": "Polygon", "coordinates": [ [ [ 126.375, 33.275 ], [ 126.375, 33.325 ], [ 126.324999999999889, 33.325 ], [ 126.324999999999889, 33.275 ], [ 126.375, 33.275 ] ] ] } },
{ "type": "Feature", "properties": { "variability_nT": 597.2, "tier": "caution", "score": 7.0 }, "geometry": { "type": "Polygon", "coordinates": [ [ [ 126.424999999999898, 33.275 ], [ 126.424999999999898, 33.325 ], [ 126.374999999999886, 33.325 ], [ 126.374999999999886, 33.275 ], [ 126.424999999999898, 33.275 ] ] ] } },
{ "type": "Feature", "properties": { "variability_nT": 500.3, "tier": "caution", "score": 7.0 }, "geometry": { "type": "Polygon", "coordinates": [ [ [ 126.474999999999895, 33.275 ], [ 126.474999999999895, 33.325 ], [ 126.424999999999883, 33.325 ], [ 126.424999999999883, 33.275 ], [ 126.474999999999895, 33.275 ] ] ] } },
{ "type": "Feature", "properties": { "variability_nT": 556.7, "tier": "caution", "score": 7.0 }, "geometry": { "type": "Polygon", "coordinates": [ [ [ 126.524999999999892, 33.275 ], [ 126.524999999999892, 33.325 ], [ 126.474999999999881, 33.325 ], [ 126.474999999999881, 33.275 ], [ 126.524999999999892, 33.275 ] ] ] } },
{ "type": "Feature", "properties": { "variability_nT": 566.8, "tier": "caution", "score": 7.0 }, "geometry": { "type": "Polygon", "coordinates": [ [ [ 126.574999999999889, 33.275 ], [ 126.574999999999889, 33.325 ], [ 126.524999999999878, 33.325 ], [ 126.524999999999878, 33.275 ], [ 126.574999999999889, 33.275 ] ] ] } },
{ "type": "Feature", "properties": { "variability_nT": 427.2, "tier": "caution", "score": 7.0 }, "geometry": { "type": "Polygon", "coordinates": [ [ [ 126.375, 33.325 ], [ 126.375, 33.375 ], [ 126.324999999999889, 33.375 ], [ 126.324999999999889, 33.325 ], [ 126.375, 33.325 ] ] ] } },
{ "type": "Feature", "properties": { "variability_nT": 626.7, "tier": "caution", "score": 7.0 }, "geometry": { "type": "Polygon", "coordinates": [ [ [ 126.424999999999898, 33.325 ], [ 126.424999999999898, 33.375 ], [ 126.374999999999886, 33.375 ], [ 126.374999999999886, 33.325 ], [ 126.424999999999898, 33.325 ] ] ] } },
{ "type": "Feature", "properties": { "variability_nT": 760.5, "tier": "caution", "score": 7.0 }, "geometry": { "type": "Polygon", "coordinates": [ [ [ 126.474999999999895, 33.325 ], [ 126.474999999999895, 33.375 ], [ 126.424999999999883, 33.375 ], [ 126.424999999999883, 33.325 ], [ 126.474999999999895, 33.325 ] ] ] } },
{ "type": "Feature", "properties": { "variability_nT": 432.5, "tier": "caution", "score": 7.0 }, "geometry": { "type": "Polygon", "coordinates": [ [ [ 126.774999999999878, 33.325 ], [ 126.774999999999878, 33.375 ], [ 126.724999999999866, 33.375 ], [ 126.724999999999866, 33.325 ], [ 126.774999999999878, 33.325 ] ] ] } },
{ "type": "Feature", "properties": { "variability_nT": 467.8, "tier": "caution", "score": 7.0 }, "geometry": { "type": "Polygon", "coordinates": [ [ [ 126.424999999999898, 33.375 ], [ 126.424999999999898, 33.425 ], [ 126.374999999999886, 33.425 ], [ 126.374999999999886, 33.375 ], [ 126.424999999999898, 33.375 ] ] ] } },
{ "type": "Feature", "properties": { "variability_nT": 523.3, "tier": "caution", "score": 7.0 }, "geometry": { "type": "Polygon", "coordinates": [ [ [ 126.474999999999895, 33.375 ], [ 126.474999999999895, 33.425 ], [ 126.424999999999883, 33.425 ], [ 126.424999999999883, 33.375 ], [ 126.474999999999895, 33.375 ] ] ] } },
{ "type": "Feature", "properties": { "variability_nT": 581.8, "tier": "caution", "score": 7.0 }, "geometry": { "type": "Polygon", "coordinates": [ [ [ 126.524999999999892, 33.375 ], [ 126.524999999999892, 33.425 ], [ 126.474999999999881, 33.425 ], [ 126.474999999999881, 33.375 ], [ 126.524999999999892, 33.375 ] ] ] } },
{ "type": "Feature", "properties": { "variability_nT": 770.9, "tier": "caution", "score": 7.0 }, "geometry": { "type": "Polygon", "coordinates": [ [ [ 126.624999999999886, 33.375 ], [ 126.624999999999886, 33.425 ], [ 126.574999999999875, 33.425 ], [ 126.574999999999875, 33.375 ], [ 126.624999999999886, 33.375 ] ] ] } },
{ "type": "Feature", "properties": { "variability_nT": 473.1, "tier": "caution", "score": 7.0 }, "geometry": { "type": "Polygon", "coordinates": [ [ [ 126.874999999999872, 33.375 ], [ 126.874999999999872, 33.425 ], [ 126.824999999999861, 33.425 ], [ 126.824999999999861, 33.375 ], [ 126.874999999999872, 33.375 ] ] ] } },
{ "type": "Feature", "properties": { "variability_nT": 443.6, "tier": "caution", "score": 7.0 }, "geometry": { "type": "Polygon", "coordinates": [ [ [ 126.924999999999869, 33.375 ], [ 126.924999999999869, 33.425 ], [ 126.874999999999858, 33.425 ], [ 126.874999999999858, 33.375 ], [ 126.924999999999869, 33.375 ] ] ] } },
{ "type": "Feature", "properties": { "variability_nT": 476.2, "tier": "caution", "score": 7.0 }, "geometry": { "type": "Polygon", "coordinates": [ [ [ 126.624999999999886, 33.525 ], [ 126.624999999999886, 33.575 ], [ 126.574999999999875, 33.575 ], [ 126.574999999999875, 33.525 ], [ 126.624999999999886, 33.525 ] ] ] } },
{ "type": "Feature", "properties": { "variability_nT": 450.5, "tier": "caution", "score": 7.0 }, "geometry": { "type": "Polygon", "coordinates": [ [ [ 127.024999999999864, 34.125 ], [ 127.024999999999864, 34.175 ], [ 126.974999999999852, 34.175 ], [ 126.974999999999852, 34.125 ], [ 127.024999999999864, 34.125 ] ] ] } },
{ "type": "Feature", "properties": { "variability_nT": 437.8, "tier": "caution", "score": 7.0 }, "geometry": { "type": "Polygon", "coordinates": [ [ [ 125.975, 34.175 ], [ 125.975, 34.225 ], [ 125.925, 34.225 ], [ 125.925, 34.175 ], [ 125.975, 34.175 ] ] ] } },
{ "type": "Feature", "properties": { "variability_nT": 509.6, "tier": "caution", "score": 7.0 }, "geometry": { "type": "Polygon", "coordinates": [ [ [ 126.674999999999883, 34.175 ], [ 126.674999999999883, 34.225 ], [ 126.624999999999872, 34.225 ], [ 126.624999999999872, 34.175 ], [ 126.674999999999883, 34.175 ] ] ] } },
{ "type": "Feature", "properties": { "variability_nT": 470.3, "tier": "caution", "score": 7.0 }, "geometry": { "type": "Polygon", "coordinates": [ [ [ 126.724999999999881, 34.175 ], [ 126.724999999999881, 34.225 ], [ 126.674999999999869, 34.225 ], [ 126.674999999999869, 34.175 ], [ 126.724999999999881, 34.175 ] ] ] } },
{ "type": "Feature", "properties": { "variability_nT": 583.8, "tier": "caution", "score": 7.0 }, "geometry": { "type": "Polygon", "coordinates": [ [ [ 127.024999999999864, 34.175 ], [ 127.024999999999864, 34.225 ], [ 126.974999999999852, 34.225 ], [ 126.974999999999852, 34.175 ], [ 127.024999999999864, 34.175 ] ] ] } },
{ "type": "Feature", "properties": { "variability_nT": 436.9, "tier": "caution", "score": 7.0 }, "geometry": { "type": "Polygon", "coordinates": [ [ [ 127.074999999999861, 34.175 ], [ 127.074999999999861, 34.225 ], [ 127.024999999999849, 34.225 ], [ 127.024999999999849, 34.175 ], [ 127.074999999999861, 34.175 ] ] ] } },
{ "type": "Feature", "properties": { "variability_nT": 439.5, "tier": "caution", "score": 7.0 }, "geometry": { "type": "Polygon", "coordinates": [ [ [ 125.925, 34.275 ], [ 125.925, 34.325 ], [ 125.875, 34.325 ], [ 125.875, 34.275 ], [ 125.925, 34.275 ] ] ] } },
{ "type": "Feature", "properties": { "variability_nT": 416.8, "tier": "caution", "score": 7.0 }, "geometry": { "type": "Polygon", "coordinates": [ [ [ 125.975, 34.275 ], [ 125.975, 34.325 ], [ 125.925, 34.325 ], [ 125.925, 34.275 ], [ 125.975, 34.275 ] ] ] } },
{ "type": "Feature", "properties": { "variability_nT": 442.5, "tier": "caution", "score": 7.0 }, "geometry": { "type": "Polygon", "coordinates": [ [ [ 126.175, 34.275 ], [ 126.175, 34.325 ], [ 126.125, 34.325 ], [ 126.125, 34.275 ], [ 126.175, 34.275 ] ] ] } },
{ "type": "Feature", "properties": { "variability_nT": 411.4, "tier": "caution", "score": 7.0 }, "geometry": { "type": "Polygon", "coordinates": [ [ [ 126.375, 34.325 ], [ 126.375, 34.375 ], [ 126.324999999999889, 34.375 ], [ 126.324999999999889, 34.325 ], [ 126.375, 34.325 ] ] ] } },
{ "type": "Feature", "properties": { "variability_nT": 480.0, "tier": "caution", "score": 7.0 }, "geometry": { "type": "Polygon", "coordinates": [ [ [ 126.175, 34.375 ], [ 126.175, 34.425 ], [ 126.125, 34.425 ], [ 126.125, 34.375 ], [ 126.175, 34.375 ] ] ] } },
{ "type": "Feature", "properties": { "variability_nT": 538.9, "tier": "caution", "score": 7.0 }, "geometry": { "type": "Polygon", "coordinates": [ [ [ 126.225, 34.375 ], [ 126.225, 34.425 ], [ 126.174999999999898, 34.425 ], [ 126.174999999999898, 34.375 ], [ 126.225, 34.375 ] ] ] } },
{ "type": "Feature", "properties": { "variability_nT": 410.9, "tier": "caution", "score": 7.0 }, "geometry": { "type": "Polygon", "coordinates": [ [ [ 126.325, 34.375 ], [ 126.325, 34.425 ], [ 126.274999999999892, 34.425 ], [ 126.274999999999892, 34.375 ], [ 126.325, 34.375 ] ] ] } },
{ "type": "Feature", "properties": { "variability_nT": 406.3, "tier": "caution", "score": 7.0 }, "geometry": { "type": "Polygon", "coordinates": [ [ [ 126.375, 34.375 ], [ 126.375, 34.425 ], [ 126.324999999999889, 34.425 ], [ 126.324999999999889, 34.375 ], [ 126.375, 34.375 ] ] ] } },
{ "type": "Feature", "properties": { "variability_nT": 559.3, "tier": "caution", "score": 7.0 }, "geometry": { "type": "Polygon", "coordinates": [ [ [ 126.175, 34.425 ], [ 126.175, 34.475 ], [ 126.125, 34.475 ], [ 126.125, 34.425 ], [ 126.175, 34.425 ] ] ] } },
{ "type": "Feature", "properties": { "variability_nT": 505.7, "tier": "caution", "score": 7.0 }, "geometry": { "type": "Polygon", "coordinates": [ [ [ 126.225, 34.425 ], [ 126.225, 34.475 ], [ 126.174999999999898, 34.475 ], [ 126.174999999999898, 34.425 ], [ 126.225, 34.425 ] ] ] } },
{ "type": "Feature", "properties": { "variability_nT": 472.9, "tier": "caution", "score": 7.0 }, "geometry": { "type": "Polygon", "coordinates": [ [ [ 126.275, 34.425 ], [ 126.275, 34.475 ], [ 126.224999999999895, 34.475 ], [ 126.224999999999895, 34.425 ], [ 126.275, 34.425 ] ] ] } },
{ "type": "Feature", "properties": { "variability_nT": 400.0, "tier": "caution", "score": 7.0 }, "geometry": { "type": "Polygon", "coordinates": [ [ [ 126.325, 34.425 ], [ 126.325, 34.475 ], [ 126.274999999999892, 34.475 ], [ 126.274999999999892, 34.425 ], [ 126.325, 34.425 ] ] ] } },
{ "type": "Feature", "properties": { "variability_nT": 424.2, "tier": "caution", "score": 7.0 }, "geometry": { "type": "Polygon", "coordinates": [ [ [ 126.375, 34.425 ], [ 126.375, 34.475 ], [ 126.324999999999889, 34.475 ], [ 126.324999999999889, 34.425 ], [ 126.375, 34.425 ] ] ] } },
{ "type": "Feature", "properties": { "variability_nT": 517.3, "tier": "caution", "score": 7.0 }, "geometry": { "type": "Polygon", "coordinates": [ [ [ 127.824999999999818, 34.425 ], [ 127.824999999999818, 34.475 ], [ 127.774999999999807, 34.475 ], [ 127.774999999999807, 34.425 ], [ 127.824999999999818, 34.425 ] ] ] } },
{ "type": "Feature", "properties": { "variability_nT": 571.2, "tier": "caution", "score": 7.0 }, "geometry": { "type": "Polygon", "coordinates": [ [ [ 127.874999999999815, 34.425 ], [ 127.874999999999815, 34.475 ], [ 127.824999999999804, 34.475 ], [ 127.824999999999804, 34.425 ], [ 127.874999999999815, 34.425 ] ] ] } },
{ "type": "Feature", "properties": { "variability_nT": 587.4, "tier": "caution", "score": 7.0 }, "geometry": { "type": "Polygon", "coordinates": [ [ [ 126.175, 34.475 ], [ 126.175, 34.525 ], [ 126.125, 34.525 ], [ 126.125, 34.475 ], [ 126.175, 34.475 ] ] ] } },
{ "type": "Feature", "properties": { "variability_nT": 639.4, "tier": "caution", "score": 7.0 }, "geometry": { "type": "Polygon", "coordinates": [ [ [ 126.225, 34.475 ], [ 126.225, 34.525 ], [ 126.174999999999898, 34.525 ], [ 126.174999999999898, 34.475 ], [ 126.225, 34.475 ] ] ] } },
{ "type": "Feature", "properties": { "variability_nT": 577.5, "tier": "caution", "score": 7.0 }, "geometry": { "type": "Polygon", "coordinates": [ [ [ 126.275, 34.475 ], [ 126.275, 34.525 ], [ 126.224999999999895, 34.525 ], [ 126.224999999999895, 34.475 ], [ 126.275, 34.475 ] ] ] } },
{ "type": "Feature", "properties": { "variability_nT": 640.3, "tier": "caution", "score": 7.0 }, "geometry": { "type": "Polygon", "coordinates": [ [ [ 126.325, 34.475 ], [ 126.325, 34.525 ], [ 126.274999999999892, 34.525 ], [ 126.274999999999892, 34.475 ], [ 126.325, 34.475 ] ] ] } },
{ "type": "Feature", "properties": { "variability_nT": 624.8, "tier": "caution", "score": 7.0 }, "geometry": { "type": "Polygon", "coordinates": [ [ [ 126.375, 34.475 ], [ 126.375, 34.525 ], [ 126.324999999999889, 34.525 ], [ 126.324999999999889, 34.475 ], [ 126.375, 34.475 ] ] ] } },
{ "type": "Feature", "properties": { "variability_nT": 562.5, "tier": "caution", "score": 7.0 }, "geometry": { "type": "Polygon", "coordinates": [ [ [ 126.424999999999898, 34.475 ], [ 126.424999999999898, 34.525 ], [ 126.374999999999886, 34.525 ], [ 126.374999999999886, 34.475 ], [ 126.424999999999898, 34.475 ] ] ] } },
{ "type": "Feature", "properties": { "variability_nT": 516.9, "tier": "caution", "score": 7.0 }, "geometry": { "type": "Polygon", "coordinates": [ [ [ 127.274999999999849, 34.475 ], [ 127.274999999999849, 34.525 ], [ 127.224999999999838, 34.525 ], [ 127.224999999999838, 34.475 ], [ 127.274999999999849, 34.475 ] ] ] } },
{ "type": "Feature", "properties": { "variability_nT": 416.2, "tier": "caution", "score": 7.0 }, "geometry": { "type": "Polygon", "coordinates": [ [ [ 127.824999999999818, 34.475 ], [ 127.824999999999818, 34.525 ], [ 127.774999999999807, 34.525 ], [ 127.774999999999807, 34.475 ], [ 127.824999999999818, 34.475 ] ] ] } },
{ "type": "Feature", "properties": { "variability_nT": 540.2, "tier": "caution", "score": 7.0 }, "geometry": { "type": "Polygon", "coordinates": [ [ [ 127.97499999999981, 34.475 ], [ 127.97499999999981, 34.525 ], [ 127.924999999999798, 34.525 ], [ 127.924999999999798, 34.475 ], [ 127.97499999999981, 34.475 ] ] ] } },
{ "type": "Feature", "properties": { "variability_nT": 552.0, "tier": "caution", "score": 7.0 }, "geometry": { "type": "Polygon", "coordinates": [ [ [ 128.024999999999807, 34.475 ], [ 128.024999999999807, 34.525 ], [ 127.974999999999795, 34.525 ], [ 127.974999999999795, 34.475 ], [ 128.024999999999807, 34.475 ] ] ] } },
{ "type": "Feature", "properties": { "variability_nT": 500.2, "tier": "caution", "score": 7.0 }, "geometry": { "type": "Polygon", "coordinates": [ [ [ 128.07499999999979, 34.475 ], [ 128.07499999999979, 34.525 ], [ 128.024999999999778, 34.525 ], [ 128.024999999999778, 34.475 ], [ 128.07499999999979, 34.475 ] ] ] } },
{ "type": "Feature", "properties": { "variability_nT": 587.5, "tier": "caution", "score": 7.0 }, "geometry": { "type": "Polygon", "coordinates": [ [ [ 128.124999999999801, 34.475 ], [ 128.124999999999801, 34.525 ], [ 128.07499999999979, 34.525 ], [ 128.07499999999979, 34.475 ], [ 128.124999999999801, 34.475 ] ] ] } },
{ "type": "Feature", "properties": { "variability_nT": 414.8, "tier": "caution", "score": 7.0 }, "geometry": { "type": "Polygon", "coordinates": [ [ [ 128.174999999999812, 34.475 ], [ 128.174999999999812, 34.525 ], [ 128.124999999999801, 34.525 ], [ 128.124999999999801, 34.475 ], [ 128.174999999999812, 34.475 ] ] ] } },
{ "type": "Feature", "properties": { "variability_nT": 440.2, "tier": "caution", "score": 7.0 }, "geometry": { "type": "Polygon", "coordinates": [ [ [ 125.775, 34.525 ], [ 125.775, 34.575 ], [ 125.725, 34.575 ], [ 125.725, 34.525 ], [ 125.775, 34.525 ] ] ] } },
{ "type": "Feature", "properties": { "variability_nT": 550.2, "tier": "caution", "score": 7.0 }, "geometry": { "type": "Polygon", "coordinates": [ [ [ 126.225, 34.525 ], [ 126.225, 34.575 ], [ 126.174999999999898, 34.575 ], [ 126.174999999999898, 34.525 ], [ 126.225, 34.525 ] ] ] } },
{ "type": "Feature", "properties": { "variability_nT": 419.0, "tier": "caution", "score": 7.0 }, "geometry": { "type": "Polygon", "coordinates": [ [ [ 126.874999999999872, 34.525 ], [ 126.874999999999872, 34.575 ], [ 126.824999999999861, 34.575 ], [ 126.824999999999861, 34.525 ], [ 126.874999999999872, 34.525 ] ] ] } },
{ "type": "Feature", "properties": { "variability_nT": 454.9, "tier": "caution", "score": 7.0 }, "geometry": { "type": "Polygon", "coordinates": [ [ [ 127.424999999999841, 34.525 ], [ 127.424999999999841, 34.575 ], [ 127.374999999999829, 34.575 ], [ 127.374999999999829, 34.525 ], [ 127.424999999999841, 34.525 ] ] ] } },
{ "type": "Feature", "properties": { "variability_nT": 471.8, "tier": "caution", "score": 7.0 }, "geometry": { "type": "Polygon", "coordinates": [ [ [ 127.474999999999838, 34.525 ], [ 127.474999999999838, 34.575 ], [ 127.424999999999827, 34.575 ], [ 127.424999999999827, 34.525 ], [ 127.474999999999838, 34.525 ] ] ] } },
{ "type": "Feature", "properties": { "variability_nT": 422.0, "tier": "caution", "score": 7.0 }, "geometry": { "type": "Polygon", "coordinates": [ [ [ 127.724999999999824, 34.525 ], [ 127.724999999999824, 34.575 ], [ 127.674999999999812, 34.575 ], [ 127.674999999999812, 34.525 ], [ 127.724999999999824, 34.525 ] ] ] } },
{ "type": "Feature", "properties": { "variability_nT": 401.4, "tier": "caution", "score": 7.0 }, "geometry": { "type": "Polygon", "coordinates": [ [ [ 127.774999999999821, 34.525 ], [ 127.774999999999821, 34.575 ], [ 127.72499999999981, 34.575 ], [ 127.72499999999981, 34.525 ], [ 127.774999999999821, 34.525 ] ] ] } },
{ "type": "Feature", "properties": { "variability_nT": 536.0, "tier": "caution", "score": 7.0 }, "geometry": { "type": "Polygon", "coordinates": [ [ [ 127.97499999999981, 34.525 ], [ 127.97499999999981, 34.575 ], [ 127.924999999999798, 34.575 ], [ 127.924999999999798, 34.525 ], [ 127.97499999999981, 34.525 ] ] ] } },
{ "type": "Feature", "properties": { "variability_nT": 441.0, "tier": "caution", "score": 7.0 }, "geometry": { "type": "Polygon", "coordinates": [ [ [ 128.024999999999807, 34.525 ], [ 128.024999999999807, 34.575 ], [ 127.974999999999795, 34.575 ], [ 127.974999999999795, 34.525 ], [ 128.024999999999807, 34.525 ] ] ] } },
{ "type": "Feature", "properties": { "variability_nT": 456.5, "tier": "caution", "score": 7.0 }, "geometry": { "type": "Polygon", "coordinates": [ [ [ 128.07499999999979, 34.525 ], [ 128.07499999999979, 34.575 ], [ 128.024999999999778, 34.575 ], [ 128.024999999999778, 34.525 ], [ 128.07499999999979, 34.525 ] ] ] } },
{ "type": "Feature", "properties": { "variability_nT": 616.8, "tier": "caution", "score": 7.0 }, "geometry": { "type": "Polygon", "coordinates": [ [ [ 128.124999999999801, 34.525 ], [ 128.124999999999801, 34.575 ], [ 128.07499999999979, 34.575 ], [ 128.07499999999979, 34.525 ], [ 128.124999999999801, 34.525 ] ] ] } },
{ "type": "Feature", "properties": { "variability_nT": 457.4, "tier": "caution", "score": 7.0 }, "geometry": { "type": "Polygon", "coordinates": [ [ [ 128.174999999999812, 34.525 ], [ 128.174999999999812, 34.575 ], [ 128.124999999999801, 34.575 ], [ 128.124999999999801, 34.525 ], [ 128.174999999999812, 34.525 ] ] ] } },
{ "type": "Feature", "properties": { "variability_nT": 427.6, "tier": "caution", "score": 7.0 }, "geometry": { "type": "Polygon", "coordinates": [ [ [ 128.224999999999795, 34.525 ], [ 128.224999999999795, 34.575 ], [ 128.174999999999784, 34.575 ], [ 128.174999999999784, 34.525 ], [ 128.224999999999795, 34.525 ] ] ] } },
{ "type": "Feature", "properties": { "variability_nT": 661.0, "tier": "caution", "score": 7.0 }, "geometry": { "type": "Polygon", "coordinates": [ [ [ 125.775, 34.575 ], [ 125.775, 34.625 ], [ 125.725, 34.625 ], [ 125.725, 34.575 ], [ 125.775, 34.575 ] ] ] } },
{ "type": "Feature", "properties": { "variability_nT": 603.0, "tier": "caution", "score": 7.0 }, "geometry": { "type": "Polygon", "coordinates": [ [ [ 125.825, 34.575 ], [ 125.825, 34.625 ], [ 125.775, 34.625 ], [ 125.775, 34.575 ], [ 125.825, 34.575 ] ] ] } },
{ "type": "Feature", "properties": { "variability_nT": 444.2, "tier": "caution", "score": 7.0 }, "geometry": { "type": "Polygon", "coordinates": [ [ [ 125.875, 34.575 ], [ 125.875, 34.625 ], [ 125.825, 34.625 ], [ 125.825, 34.575 ], [ 125.875, 34.575 ] ] ] } },
{ "type": "Feature", "properties": { "variability_nT": 501.0, "tier": "caution", "score": 7.0 }, "geometry": { "type": "Polygon", "coordinates": [ [ [ 126.924999999999869, 34.575 ], [ 126.924999999999869, 34.625 ], [ 126.874999999999858, 34.625 ], [ 126.874999999999858, 34.575 ], [ 126.924999999999869, 34.575 ] ] ] } },
{ "type": "Feature", "properties": { "variability_nT": 425.3, "tier": "caution", "score": 7.0 }, "geometry": { "type": "Polygon", "coordinates": [ [ [ 126.974999999999866, 34.575 ], [ 126.974999999999866, 34.625 ], [ 126.924999999999855, 34.625 ], [ 126.924999999999855, 34.575 ], [ 126.974999999999866, 34.575 ] ] ] } },
{ "type": "Feature", "properties": { "variability_nT": 722.8, "tier": "caution", "score": 7.0 }, "geometry": { "type": "Polygon", "coordinates": [ [ [ 127.424999999999841, 34.575 ], [ 127.424999999999841, 34.625 ], [ 127.374999999999829, 34.625 ], [ 127.374999999999829, 34.575 ], [ 127.424999999999841, 34.575 ] ] ] } },
{ "type": "Feature", "properties": { "variability_nT": 654.6, "tier": "caution", "score": 7.0 }, "geometry": { "type": "Polygon", "coordinates": [ [ [ 127.474999999999838, 34.575 ], [ 127.474999999999838, 34.625 ], [ 127.424999999999827, 34.625 ], [ 127.424999999999827, 34.575 ], [ 127.474999999999838, 34.575 ] ] ] } },
{ "type": "Feature", "properties": { "variability_nT": 630.7, "tier": "caution", "score": 7.0 }, "geometry": { "type": "Polygon", "coordinates": [ [ [ 125.875, 34.625 ], [ 125.875, 34.675 ], [ 125.825, 34.675 ], [ 125.825, 34.625 ], [ 125.875, 34.625 ] ] ] } },
{ "type": "Feature", "properties": { "variability_nT": 517.4, "tier": "caution", "score": 7.0 }, "geometry": { "type": "Polygon", "coordinates": [ [ [ 125.925, 34.625 ], [ 125.925, 34.675 ], [ 125.875, 34.675 ], [ 125.875, 34.625 ], [ 125.925, 34.625 ] ] ] } },
{ "type": "Feature", "properties": { "variability_nT": 460.4, "tier": "caution", "score": 7.0 }, "geometry": { "type": "Polygon", "coordinates": [ [ [ 126.974999999999866, 34.625 ], [ 126.974999999999866, 34.675 ], [ 126.924999999999855, 34.675 ], [ 126.924999999999855, 34.625 ], [ 126.974999999999866, 34.625 ] ] ] } },
{ "type": "Feature", "properties": { "variability_nT": 531.8, "tier": "caution", "score": 7.0 }, "geometry": { "type": "Polygon", "coordinates": [ [ [ 128.07499999999979, 34.625 ], [ 128.07499999999979, 34.675 ], [ 128.024999999999778, 34.675 ], [ 128.024999999999778, 34.625 ], [ 128.07499999999979, 34.625 ] ] ] } },
{ "type": "Feature", "properties": { "variability_nT": 514.0, "tier": "caution", "score": 7.0 }, "geometry": { "type": "Polygon", "coordinates": [ [ [ 126.325, 34.675 ], [ 126.325, 34.725 ], [ 126.274999999999892, 34.725 ], [ 126.274999999999892, 34.675 ], [ 126.325, 34.675 ] ] ] } },
{ "type": "Feature", "properties": { "variability_nT": 549.9, "tier": "caution", "score": 7.0 }, "geometry": { "type": "Polygon", "coordinates": [ [ [ 126.375, 34.675 ], [ 126.375, 34.725 ], [ 126.324999999999889, 34.725 ], [ 126.324999999999889, 34.675 ], [ 126.375, 34.675 ] ] ] } },
{ "type": "Feature", "properties": { "variability_nT": 654.8, "tier": "caution", "score": 7.0 }, "geometry": { "type": "Polygon", "coordinates": [ [ [ 128.07499999999979, 34.675 ], [ 128.07499999999979, 34.725 ], [ 128.024999999999778, 34.725 ], [ 128.024999999999778, 34.675 ], [ 128.07499999999979, 34.675 ] ] ] } },
{ "type": "Feature", "properties": { "variability_nT": 480.7, "tier": "caution", "score": 7.0 }, "geometry": { "type": "Polygon", "coordinates": [ [ [ 128.224999999999795, 34.675 ], [ 128.224999999999795, 34.725 ], [ 128.174999999999784, 34.725 ], [ 128.174999999999784, 34.675 ], [ 128.224999999999795, 34.675 ] ] ] } },
{ "type": "Feature", "properties": { "variability_nT": 509.6, "tier": "caution", "score": 7.0 }, "geometry": { "type": "Polygon", "coordinates": [ [ [ 128.424999999999784, 34.675 ], [ 128.424999999999784, 34.725 ], [ 128.374999999999773, 34.725 ], [ 128.374999999999773, 34.675 ], [ 128.424999999999784, 34.675 ] ] ] } },
{ "type": "Feature", "properties": { "variability_nT": 400.7, "tier": "caution", "score": 7.0 }, "geometry": { "type": "Polygon", "coordinates": [ [ [ 128.474999999999767, 34.675 ], [ 128.474999999999767, 34.725 ], [ 128.424999999999756, 34.725 ], [ 128.424999999999756, 34.675 ], [ 128.474999999999767, 34.675 ] ] ] } },
{ "type": "Feature", "properties": { "variability_nT": 472.9, "tier": "caution", "score": 7.0 }, "geometry": { "type": "Polygon", "coordinates": [ [ [ 126.125, 34.725 ], [ 126.125, 34.774999999999899 ], [ 126.075, 34.774999999999899 ], [ 126.075, 34.725 ], [ 126.125, 34.725 ] ] ] } },
{ "type": "Feature", "properties": { "variability_nT": 467.6, "tier": "caution", "score": 7.0 }, "geometry": { "type": "Polygon", "coordinates": [ [ [ 127.774999999999821, 34.725 ], [ 127.774999999999821, 34.774999999999899 ], [ 127.72499999999981, 34.774999999999899 ], [ 127.72499999999981, 34.725 ], [ 127.774999999999821, 34.725 ] ] ] } },
{ "type": "Feature", "properties": { "variability_nT": 508.8, "tier": "caution", "score": 7.0 }, "geometry": { "type": "Polygon", "coordinates": [ [ [ 127.824999999999818, 34.725 ], [ 127.824999999999818, 34.774999999999899 ], [ 127.774999999999807, 34.774999999999899 ], [ 127.774999999999807, 34.725 ], [ 127.824999999999818, 34.725 ] ] ] } },
{ "type": "Feature", "properties": { "variability_nT": 412.2, "tier": "caution", "score": 7.0 }, "geometry": { "type": "Polygon", "coordinates": [ [ [ 128.224999999999795, 34.725 ], [ 128.224999999999795, 34.774999999999899 ], [ 128.174999999999784, 34.774999999999899 ], [ 128.174999999999784, 34.725 ], [ 128.224999999999795, 34.725 ] ] ] } },
{ "type": "Feature", "properties": { "variability_nT": 498.0, "tier": "caution", "score": 7.0 }, "geometry": { "type": "Polygon", "coordinates": [ [ [ 128.274999999999778, 34.725 ], [ 128.274999999999778, 34.774999999999899 ], [ 128.224999999999767, 34.774999999999899 ], [ 128.224999999999767, 34.725 ], [ 128.274999999999778, 34.725 ] ] ] } },
{ "type": "Feature", "properties": { "variability_nT": 493.5, "tier": "caution", "score": 7.0 }, "geometry": { "type": "Polygon", "coordinates": [ [ [ 128.32499999999979, 34.725 ], [ 128.32499999999979, 34.774999999999899 ], [ 128.274999999999778, 34.774999999999899 ], [ 128.274999999999778, 34.725 ], [ 128.32499999999979, 34.725 ] ] ] } },
{ "type": "Feature", "properties": { "variability_nT": 524.0, "tier": "caution", "score": 7.0 }, "geometry": { "type": "Polygon", "coordinates": [ [ [ 128.424999999999784, 34.725 ], [ 128.424999999999784, 34.774999999999899 ], [ 128.374999999999773, 34.774999999999899 ], [ 128.374999999999773, 34.725 ], [ 128.424999999999784, 34.725 ] ] ] } },
{ "type": "Feature", "properties": { "variability_nT": 401.0, "tier": "caution", "score": 7.0 }, "geometry": { "type": "Polygon", "coordinates": [ [ [ 128.474999999999767, 34.725 ], [ 128.474999999999767, 34.774999999999899 ], [ 128.424999999999756, 34.774999999999899 ], [ 128.424999999999756, 34.725 ], [ 128.474999999999767, 34.725 ] ] ] } },
{ "type": "Feature", "properties": { "variability_nT": 505.4, "tier": "caution", "score": 7.0 }, "geometry": { "type": "Polygon", "coordinates": [ [ [ 126.125, 34.774999999999899 ], [ 126.125, 34.824999999999896 ], [ 126.075, 34.824999999999896 ], [ 126.075, 34.774999999999899 ], [ 126.125, 34.774999999999899 ] ] ] } },
{ "type": "Feature", "properties": { "variability_nT": 442.3, "tier": "caution", "score": 7.0 }, "geometry": { "type": "Polygon", "coordinates": [ [ [ 126.175, 34.774999999999899 ], [ 126.175, 34.824999999999896 ], [ 126.125, 34.824999999999896 ], [ 126.125, 34.774999999999899 ], [ 126.175, 34.774999999999899 ] ] ] } },
{ "type": "Feature", "properties": { "variability_nT": 493.0, "tier": "caution", "score": 7.0 }, "geometry": { "type": "Polygon", "coordinates": [ [ [ 127.674999999999827, 34.774999999999899 ], [ 127.674999999999827, 34.824999999999896 ], [ 127.624999999999815, 34.824999999999896 ], [ 127.624999999999815, 34.774999999999899 ], [ 127.674999999999827, 34.774999999999899 ] ] ] } },
{ "type": "Feature", "properties": { "variability_nT": 462.2, "tier": "caution", "score": 7.0 }, "geometry": { "type": "Polygon", "coordinates": [ [ [ 127.724999999999824, 34.774999999999899 ], [ 127.724999999999824, 34.824999999999896 ], [ 127.674999999999812, 34.824999999999896 ], [ 127.674999999999812, 34.774999999999899 ], [ 127.724999999999824, 34.774999999999899 ] ] ] } },
{ "type": "Feature", "properties": { "variability_nT": 497.0, "tier": "caution", "score": 7.0 }, "geometry": { "type": "Polygon", "coordinates": [ [ [ 127.774999999999821, 34.774999999999899 ], [ 127.774999999999821, 34.824999999999896 ], [ 127.72499999999981, 34.824999999999896 ], [ 127.72499999999981, 34.774999999999899 ], [ 127.774999999999821, 34.774999999999899 ] ] ] } },
{ "type": "Feature", "properties": { "variability_nT": 450.4, "tier": "caution", "score": 7.0 }, "geometry": { "type": "Polygon", "coordinates": [ [ [ 127.824999999999818, 34.774999999999899 ], [ 127.824999999999818, 34.824999999999896 ], [ 127.774999999999807, 34.824999999999896 ], [ 127.774999999999807, 34.774999999999899 ], [ 127.824999999999818, 34.774999999999899 ] ] ] } },
{ "type": "Feature", "properties": { "variability_nT": 555.0, "tier": "caution", "score": 7.0 }, "geometry": { "type": "Polygon", "coordinates": [ [ [ 128.274999999999778, 34.774999999999899 ], [ 128.274999999999778, 34.824999999999896 ], [ 128.224999999999767, 34.824999999999896 ], [ 128.224999999999767, 34.774999999999899 ], [ 128.274999999999778, 34.774999999999899 ] ] ] } },
{ "type": "Feature", "properties": { "variability_nT": 558.8, "tier": "caution", "score": 7.0 }, "geometry": { "type": "Polygon", "coordinates": [ [ [ 128.32499999999979, 34.774999999999899 ], [ 128.32499999999979, 34.824999999999896 ], [ 128.274999999999778, 34.824999999999896 ], [ 128.274999999999778, 34.774999999999899 ], [ 128.32499999999979, 34.774999999999899 ] ] ] } },
{ "type": "Feature", "properties": { "variability_nT": 517.1, "tier": "caution", "score": 7.0 }, "geometry": { "type": "Polygon", "coordinates": [ [ [ 128.424999999999784, 34.774999999999899 ], [ 128.424999999999784, 34.824999999999896 ], [ 128.374999999999773, 34.824999999999896 ], [ 128.374999999999773, 34.774999999999899 ], [ 128.424999999999784, 34.774999999999899 ] ] ] } },
{ "type": "Feature", "properties": { "variability_nT": 575.2, "tier": "caution", "score": 7.0 }, "geometry": { "type": "Polygon", "coordinates": [ [ [ 128.474999999999767, 34.774999999999899 ], [ 128.474999999999767, 34.824999999999896 ], [ 128.424999999999756, 34.824999999999896 ], [ 128.424999999999756, 34.774999999999899 ], [ 128.474999999999767, 34.774999999999899 ] ] ] } },
{ "type": "Feature", "properties": { "variability_nT": 401.5, "tier": "caution", "score": 7.0 }, "geometry": { "type": "Polygon", "coordinates": [ [ [ 128.624999999999773, 34.774999999999899 ], [ 128.624999999999773, 34.824999999999896 ], [ 128.574999999999761, 34.824999999999896 ], [ 128.574999999999761, 34.774999999999899 ], [ 128.624999999999773, 34.774999999999899 ] ] ] } },
{ "type": "Feature", "properties": { "variability_nT": 587.4, "tier": "caution", "score": 7.0 }, "geometry": { "type": "Polygon", "coordinates": [ [ [ 128.774999999999778, 34.774999999999899 ], [ 128.774999999999778, 34.824999999999896 ], [ 128.724999999999767, 34.824999999999896 ], [ 128.724999999999767, 34.774999999999899 ], [ 128.774999999999778, 34.774999999999899 ] ] ] } },
{ "type": "Feature", "properties": { "variability_nT": 608.9, "tier": "caution", "score": 7.0 }, "geometry": { "type": "Polygon", "coordinates": [ [ [ 128.824999999999761, 34.774999999999899 ], [ 128.824999999999761, 34.824999999999896 ], [ 128.77499999999975, 34.824999999999896 ], [ 128.77499999999975, 34.774999999999899 ], [ 128.824999999999761, 34.774999999999899 ] ] ] } },
{ "type": "Feature", "properties": { "variability_nT": 421.8, "tier": "caution", "score": 7.0 }, "geometry": { "type": "Polygon", "coordinates": [ [ [ 127.724999999999824, 34.824999999999896 ], [ 127.724999999999824, 34.874999999999893 ], [ 127.674999999999812, 34.874999999999893 ], [ 127.674999999999812, 34.824999999999896 ], [ 127.724999999999824, 34.824999999999896 ] ] ] } },
{ "type": "Feature", "properties": { "variability_nT": 453.0, "tier": "caution", "score": 7.0 }, "geometry": { "type": "Polygon", "coordinates": [ [ [ 127.774999999999821, 34.824999999999896 ], [ 127.774999999999821, 34.874999999999893 ], [ 127.72499999999981, 34.874999999999893 ], [ 127.72499999999981, 34.824999999999896 ], [ 127.774999999999821, 34.824999999999896 ] ] ] } },
{ "type": "Feature", "properties": { "variability_nT": 486.8, "tier": "caution", "score": 7.0 }, "geometry": { "type": "Polygon", "coordinates": [ [ [ 127.824999999999818, 34.824999999999896 ], [ 127.824999999999818, 34.874999999999893 ], [ 127.774999999999807, 34.874999999999893 ], [ 127.774999999999807, 34.824999999999896 ], [ 127.824999999999818, 34.824999999999896 ] ] ] } },
{ "type": "Feature", "properties": { "variability_nT": 408.4, "tier": "caution", "score": 7.0 }, "geometry": { "type": "Polygon", "coordinates": [ [ [ 127.874999999999815, 34.824999999999896 ], [ 127.874999999999815, 34.874999999999893 ], [ 127.824999999999804, 34.874999999999893 ], [ 127.824999999999804, 34.824999999999896 ], [ 127.874999999999815, 34.824999999999896 ] ] ] } },
{ "type": "Feature", "properties": { "variability_nT": 546.9, "tier": "caution", "score": 7.0 }, "geometry": { "type": "Polygon", "coordinates": [ [ [ 128.274999999999778, 34.824999999999896 ], [ 128.274999999999778, 34.874999999999893 ], [ 128.224999999999767, 34.874999999999893 ], [ 128.224999999999767, 34.824999999999896 ], [ 128.274999999999778, 34.824999999999896 ] ] ] } },
{ "type": "Feature", "properties": { "variability_nT": 468.1, "tier": "caution", "score": 7.0 }, "geometry": { "type": "Polygon", "coordinates": [ [ [ 128.32499999999979, 34.824999999999896 ], [ 128.32499999999979, 34.874999999999893 ], [ 128.274999999999778, 34.874999999999893 ], [ 128.274999999999778, 34.824999999999896 ], [ 128.32499999999979, 34.824999999999896 ] ] ] } },
{ "type": "Feature", "properties": { "variability_nT": 413.2, "tier": "caution", "score": 7.0 }, "geometry": { "type": "Polygon", "coordinates": [ [ [ 128.374999999999801, 34.824999999999896 ], [ 128.374999999999801, 34.874999999999893 ], [ 128.32499999999979, 34.874999999999893 ], [ 128.32499999999979, 34.824999999999896 ], [ 128.374999999999801, 34.824999999999896 ] ] ] } },
{ "type": "Feature", "properties": { "variability_nT": 527.2, "tier": "caution", "score": 7.0 }, "geometry": { "type": "Polygon", "coordinates": [ [ [ 128.424999999999784, 34.824999999999896 ], [ 128.424999999999784, 34.874999999999893 ], [ 128.374999999999773, 34.874999999999893 ], [ 128.374999999999773, 34.824999999999896 ], [ 128.424999999999784, 34.824999999999896 ] ] ] } },
{ "type": "Feature", "properties": { "variability_nT": 437.2, "tier": "caution", "score": 7.0 }, "geometry": { "type": "Polygon", "coordinates": [ [ [ 128.474999999999767, 34.824999999999896 ], [ 128.474999999999767, 34.874999999999893 ], [ 128.424999999999756, 34.874999999999893 ], [ 128.424999999999756, 34.824999999999896 ], [ 128.474999999999767, 34.824999999999896 ] ] ] } },
{ "type": "Feature", "properties": { "variability_nT": 548.5, "tier": "caution", "score": 7.0 }, "geometry": { "type": "Polygon", "coordinates": [ [ [ 128.724999999999767, 34.824999999999896 ], [ 128.724999999999767, 34.874999999999893 ], [ 128.674999999999756, 34.874999999999893 ], [ 128.674999999999756, 34.824999999999896 ], [ 128.724999999999767, 34.824999999999896 ] ] ] } },
{ "type": "Feature", "properties": { "variability_nT": 566.1, "tier": "caution", "score": 7.0 }, "geometry": { "type": "Polygon", "coordinates": [ [ [ 128.774999999999778, 34.824999999999896 ], [ 128.774999999999778, 34.874999999999893 ], [ 128.724999999999767, 34.874999999999893 ], [ 128.724999999999767, 34.824999999999896 ], [ 128.774999999999778, 34.824999999999896 ] ] ] } },
{ "type": "Feature", "properties": { "variability_nT": 633.2, "tier": "caution", "score": 7.0 }, "geometry": { "type": "Polygon", "coordinates": [ [ [ 128.374999999999801, 34.874999999999893 ], [ 128.374999999999801, 34.924999999999891 ], [ 128.32499999999979, 34.924999999999891 ], [ 128.32499999999979, 34.874999999999893 ], [ 128.374999999999801, 34.874999999999893 ] ] ] } },
{ "type": "Feature", "properties": { "variability_nT": 400.1, "tier": "caution", "score": 7.0 }, "geometry": { "type": "Polygon", "coordinates": [ [ [ 128.674999999999756, 34.874999999999893 ], [ 128.674999999999756, 34.924999999999891 ], [ 128.624999999999744, 34.924999999999891 ], [ 128.624999999999744, 34.874999999999893 ], [ 128.674999999999756, 34.874999999999893 ] ] ] } },
{ "type": "Feature", "properties": { "variability_nT": 423.3, "tier": "caution", "score": 7.0 }, "geometry": { "type": "Polygon", "coordinates": [ [ [ 127.874999999999815, 34.924999999999891 ], [ 127.874999999999815, 34.974999999999888 ], [ 127.824999999999804, 34.974999999999888 ], [ 127.824999999999804, 34.924999999999891 ], [ 127.874999999999815, 34.924999999999891 ] ] ] } },
{ "type": "Feature", "properties": { "variability_nT": 425.1, "tier": "caution", "score": 7.0 }, "geometry": { "type": "Polygon", "coordinates": [ [ [ 128.57499999999979, 34.924999999999891 ], [ 128.57499999999979, 34.974999999999888 ], [ 128.524999999999778, 34.974999999999888 ], [ 128.524999999999778, 34.924999999999891 ], [ 128.57499999999979, 34.924999999999891 ] ] ] } },
{ "type": "Feature", "properties": { "variability_nT": 419.6, "tier": "caution", "score": 7.0 }, "geometry": { "type": "Polygon", "coordinates": [ [ [ 127.874999999999815, 34.974999999999888 ], [ 127.874999999999815, 35.024999999999885 ], [ 127.824999999999804, 35.024999999999885 ], [ 127.824999999999804, 34.974999999999888 ], [ 127.874999999999815, 34.974999999999888 ] ] ] } },
{ "type": "Feature", "properties": { "variability_nT": 441.9, "tier": "caution", "score": 7.0 }, "geometry": { "type": "Polygon", "coordinates": [ [ [ 128.124999999999801, 34.974999999999888 ], [ 128.124999999999801, 35.024999999999885 ], [ 128.07499999999979, 35.024999999999885 ], [ 128.07499999999979, 34.974999999999888 ], [ 128.124999999999801, 34.974999999999888 ] ] ] } },
{ "type": "Feature", "properties": { "variability_nT": 506.7, "tier": "caution", "score": 7.0 }, "geometry": { "type": "Polygon", "coordinates": [ [ [ 128.174999999999812, 34.974999999999888 ], [ 128.174999999999812, 35.024999999999885 ], [ 128.124999999999801, 35.024999999999885 ], [ 128.124999999999801, 34.974999999999888 ], [ 128.174999999999812, 34.974999999999888 ] ] ] } },
{ "type": "Feature", "properties": { "variability_nT": 497.5, "tier": "caution", "score": 7.0 }, "geometry": { "type": "Polygon", "coordinates": [ [ [ 128.224999999999795, 34.974999999999888 ], [ 128.224999999999795, 35.024999999999885 ], [ 128.174999999999784, 35.024999999999885 ], [ 128.174999999999784, 34.974999999999888 ], [ 128.224999999999795, 34.974999999999888 ] ] ] } },
{ "type": "Feature", "properties": { "variability_nT": 505.6, "tier": "caution", "score": 7.0 }, "geometry": { "type": "Polygon", "coordinates": [ [ [ 128.274999999999778, 34.974999999999888 ], [ 128.274999999999778, 35.024999999999885 ], [ 128.224999999999767, 35.024999999999885 ], [ 128.224999999999767, 34.974999999999888 ], [ 128.274999999999778, 34.974999999999888 ] ] ] } },
{ "type": "Feature", "properties": { "variability_nT": 414.3, "tier": "caution", "score": 7.0 }, "geometry": { "type": "Polygon", "coordinates": [ [ [ 128.424999999999784, 34.974999999999888 ], [ 128.424999999999784, 35.024999999999885 ], [ 128.374999999999773, 35.024999999999885 ], [ 128.374999999999773, 34.974999999999888 ], [ 128.424999999999784, 34.974999999999888 ] ] ] } },
{ "type": "Feature", "properties": { "variability_nT": 481.8, "tier": "caution", "score": 7.0 }, "geometry": { "type": "Polygon", "coordinates": [ [ [ 128.774999999999778, 34.974999999999888 ], [ 128.774999999999778, 35.024999999999885 ], [ 128.724999999999767, 35.024999999999885 ], [ 128.724999999999767, 34.974999999999888 ], [ 128.774999999999778, 34.974999999999888 ] ] ] } },
{ "type": "Feature", "properties": { "variability_nT": 462.2, "tier": "caution", "score": 7.0 }, "geometry": { "type": "Polygon", "coordinates": [ [ [ 128.824999999999761, 34.974999999999888 ], [ 128.824999999999761, 35.024999999999885 ], [ 128.77499999999975, 35.024999999999885 ], [ 128.77499999999975, 34.974999999999888 ], [ 128.824999999999761, 34.974999999999888 ] ] ] } },
{ "type": "Feature", "properties": { "variability_nT": 565.0, "tier": "caution", "score": 7.0 }, "geometry": { "type": "Polygon", "coordinates": [ [ [ 128.974999999999767, 34.974999999999888 ], [ 128.974999999999767, 35.024999999999885 ], [ 128.924999999999756, 35.024999999999885 ], [ 128.924999999999756, 34.974999999999888 ], [ 128.974999999999767, 34.974999999999888 ] ] ] } },
{ "type": "Feature", "properties": { "variability_nT": 691.0, "tier": "caution", "score": 7.0 }, "geometry": { "type": "Polygon", "coordinates": [ [ [ 129.02499999999975, 34.974999999999888 ], [ 129.02499999999975, 35.024999999999885 ], [ 128.974999999999739, 35.024999999999885 ], [ 128.974999999999739, 34.974999999999888 ], [ 129.02499999999975, 34.974999999999888 ] ] ] } },
{ "type": "Feature", "properties": { "variability_nT": 516.0, "tier": "caution", "score": 7.0 }, "geometry": { "type": "Polygon", "coordinates": [ [ [ 129.074999999999733, 34.974999999999888 ], [ 129.074999999999733, 35.024999999999885 ], [ 129.024999999999721, 35.024999999999885 ], [ 129.024999999999721, 34.974999999999888 ], [ 129.074999999999733, 34.974999999999888 ] ] ] } },
{ "type": "Feature", "properties": { "variability_nT": 492.5, "tier": "caution", "score": 7.0 }, "geometry": { "type": "Polygon", "coordinates": [ [ [ 128.274999999999778, 35.024999999999885 ], [ 128.274999999999778, 35.074999999999882 ], [ 128.224999999999767, 35.074999999999882 ], [ 128.224999999999767, 35.024999999999885 ], [ 128.274999999999778, 35.024999999999885 ] ] ] } },
{ "type": "Feature", "properties": { "variability_nT": 413.2, "tier": "caution", "score": 7.0 }, "geometry": { "type": "Polygon", "coordinates": [ [ [ 128.32499999999979, 35.024999999999885 ], [ 128.32499999999979, 35.074999999999882 ], [ 128.274999999999778, 35.074999999999882 ], [ 128.274999999999778, 35.024999999999885 ], [ 128.32499999999979, 35.024999999999885 ] ] ] } },
{ "type": "Feature", "properties": { "variability_nT": 417.1, "tier": "caution", "score": 7.0 }, "geometry": { "type": "Polygon", "coordinates": [ [ [ 128.624999999999773, 35.024999999999885 ], [ 128.624999999999773, 35.074999999999882 ], [ 128.574999999999761, 35.074999999999882 ], [ 128.574999999999761, 35.024999999999885 ], [ 128.624999999999773, 35.024999999999885 ] ] ] } },
{ "type": "Feature", "properties": { "variability_nT": 434.6, "tier": "caution", "score": 7.0 }, "geometry": { "type": "Polygon", "coordinates": [ [ [ 128.974999999999767, 35.024999999999885 ], [ 128.974999999999767, 35.074999999999882 ], [ 128.924999999999756, 35.074999999999882 ], [ 128.924999999999756, 35.024999999999885 ], [ 128.974999999999767, 35.024999999999885 ] ] ] } },
{ "type": "Feature", "properties": { "variability_nT": 610.2, "tier": "caution", "score": 7.0 }, "geometry": { "type": "Polygon", "coordinates": [ [ [ 129.02499999999975, 35.024999999999885 ], [ 129.02499999999975, 35.074999999999882 ], [ 128.974999999999739, 35.074999999999882 ], [ 128.974999999999739, 35.024999999999885 ], [ 129.02499999999975, 35.024999999999885 ] ] ] } },
{ "type": "Feature", "properties": { "variability_nT": 484.6, "tier": "caution", "score": 7.0 }, "geometry": { "type": "Polygon", "coordinates": [ [ [ 127.074999999999861, 35.074999999999882 ], [ 127.074999999999861, 35.124999999999879 ], [ 127.024999999999849, 35.124999999999879 ], [ 127.024999999999849, 35.074999999999882 ], [ 127.074999999999861, 35.074999999999882 ] ] ] } },
{ "type": "Feature", "properties": { "variability_nT": 686.3, "tier": "caution", "score": 7.0 }, "geometry": { "type": "Polygon", "coordinates": [ [ [ 128.57499999999979, 35.074999999999882 ], [ 128.57499999999979, 35.124999999999879 ], [ 128.524999999999778, 35.124999999999879 ], [ 128.524999999999778, 35.074999999999882 ], [ 128.57499999999979, 35.074999999999882 ] ] ] } },
{ "type": "Feature", "properties": { "variability_nT": 466.7, "tier": "caution", "score": 7.0 }, "geometry": { "type": "Polygon", "coordinates": [ [ [ 128.624999999999773, 35.074999999999882 ], [ 128.624999999999773, 35.124999999999879 ], [ 128.574999999999761, 35.124999999999879 ], [ 128.574999999999761, 35.074999999999882 ], [ 128.624999999999773, 35.074999999999882 ] ] ] } },
{ "type": "Feature", "properties": { "variability_nT": 428.2, "tier": "caution", "score": 7.0 }, "geometry": { "type": "Polygon", "coordinates": [ [ [ 129.074999999999733, 35.074999999999882 ], [ 129.074999999999733, 35.124999999999879 ], [ 129.024999999999721, 35.124999999999879 ], [ 129.024999999999721, 35.074999999999882 ], [ 129.074999999999733, 35.074999999999882 ] ] ] } },
{ "type": "Feature", "properties": { "variability_nT": 403.5, "tier": "caution", "score": 7.0 }, "geometry": { "type": "Polygon", "coordinates": [ [ [ 127.024999999999864, 35.124999999999879 ], [ 127.024999999999864, 35.174999999999876 ], [ 126.974999999999852, 35.174999999999876 ], [ 126.974999999999852, 35.124999999999879 ], [ 127.024999999999864, 35.124999999999879 ] ] ] } },
{ "type": "Feature", "properties": { "variability_nT": 435.0, "tier": "caution", "score": 7.0 }, "geometry": { "type": "Polygon", "coordinates": [ [ [ 127.074999999999861, 35.124999999999879 ], [ 127.074999999999861, 35.174999999999876 ], [ 127.024999999999849, 35.174999999999876 ], [ 127.024999999999849, 35.124999999999879 ], [ 127.074999999999861, 35.124999999999879 ] ] ] } },
{ "type": "Feature", "properties": { "variability_nT": 474.4, "tier": "caution", "score": 7.0 }, "geometry": { "type": "Polygon", "coordinates": [ [ [ 128.424999999999784, 35.124999999999879 ], [ 128.424999999999784, 35.174999999999876 ], [ 128.374999999999773, 35.174999999999876 ], [ 128.374999999999773, 35.124999999999879 ], [ 128.424999999999784, 35.124999999999879 ] ] ] } },
{ "type": "Feature", "properties": { "variability_nT": 678.0, "tier": "caution", "score": 7.0 }, "geometry": { "type": "Polygon", "coordinates": [ [ [ 128.57499999999979, 35.124999999999879 ], [ 128.57499999999979, 35.174999999999876 ], [ 128.524999999999778, 35.174999999999876 ], [ 128.524999999999778, 35.124999999999879 ], [ 128.57499999999979, 35.124999999999879 ] ] ] } },
{ "type": "Feature", "properties": { "variability_nT": 797.4, "tier": "caution", "score": 7.0 }, "geometry": { "type": "Polygon", "coordinates": [ [ [ 128.624999999999773, 35.124999999999879 ], [ 128.624999999999773, 35.174999999999876 ], [ 128.574999999999761, 35.174999999999876 ], [ 128.574999999999761, 35.124999999999879 ], [ 128.624999999999773, 35.124999999999879 ] ] ] } },
{ "type": "Feature", "properties": { "variability_nT": 508.7, "tier": "caution", "score": 7.0 }, "geometry": { "type": "Polygon", "coordinates": [ [ [ 128.674999999999756, 35.124999999999879 ], [ 128.674999999999756, 35.174999999999876 ], [ 128.624999999999744, 35.174999999999876 ], [ 128.624999999999744, 35.124999999999879 ], [ 128.674999999999756, 35.124999999999879 ] ] ] } },
{ "type": "Feature", "properties": { "variability_nT": 504.9, "tier": "caution", "score": 7.0 }, "geometry": { "type": "Polygon", "coordinates": [ [ [ 128.774999999999778, 35.124999999999879 ], [ 128.774999999999778, 35.174999999999876 ], [ 128.724999999999767, 35.174999999999876 ], [ 128.724999999999767, 35.124999999999879 ], [ 128.774999999999778, 35.124999999999879 ] ] ] } },
{ "type": "Feature", "properties": { "variability_nT": 576.3, "tier": "caution", "score": 7.0 }, "geometry": { "type": "Polygon", "coordinates": [ [ [ 128.824999999999761, 35.124999999999879 ], [ 128.824999999999761, 35.174999999999876 ], [ 128.77499999999975, 35.174999999999876 ], [ 128.77499999999975, 35.124999999999879 ], [ 128.824999999999761, 35.124999999999879 ] ] ] } },
{ "type": "Feature", "properties": { "variability_nT": 606.0, "tier": "caution", "score": 7.0 }, "geometry": { "type": "Polygon", "coordinates": [ [ [ 129.074999999999733, 35.124999999999879 ], [ 129.074999999999733, 35.174999999999876 ], [ 129.024999999999721, 35.174999999999876 ], [ 129.024999999999721, 35.124999999999879 ], [ 129.074999999999733, 35.124999999999879 ] ] ] } },
{ "type": "Feature", "properties": { "variability_nT": 632.1, "tier": "caution", "score": 7.0 }, "geometry": { "type": "Polygon", "coordinates": [ [ [ 128.424999999999784, 35.174999999999876 ], [ 128.424999999999784, 35.224999999999874 ], [ 128.374999999999773, 35.224999999999874 ], [ 128.374999999999773, 35.174999999999876 ], [ 128.424999999999784, 35.174999999999876 ] ] ] } },
{ "type": "Feature", "properties": { "variability_nT": 534.2, "tier": "caution", "score": 7.0 }, "geometry": { "type": "Polygon", "coordinates": [ [ [ 128.474999999999767, 35.174999999999876 ], [ 128.474999999999767, 35.224999999999874 ], [ 128.424999999999756, 35.224999999999874 ], [ 128.424999999999756, 35.174999999999876 ], [ 128.474999999999767, 35.174999999999876 ] ] ] } },
{ "type": "Feature", "properties": { "variability_nT": 527.9, "tier": "caution", "score": 7.0 }, "geometry": { "type": "Polygon", "coordinates": [ [ [ 128.724999999999767, 35.174999999999876 ], [ 128.724999999999767, 35.224999999999874 ], [ 128.674999999999756, 35.224999999999874 ], [ 128.674999999999756, 35.174999999999876 ], [ 128.724999999999767, 35.174999999999876 ] ] ] } },
{ "type": "Feature", "properties": { "variability_nT": 492.8, "tier": "caution", "score": 7.0 }, "geometry": { "type": "Polygon", "coordinates": [ [ [ 129.074999999999733, 35.174999999999876 ], [ 129.074999999999733, 35.224999999999874 ], [ 129.024999999999721, 35.224999999999874 ], [ 129.024999999999721, 35.174999999999876 ], [ 129.074999999999733, 35.174999999999876 ] ] ] } },
{ "type": "Feature", "properties": { "variability_nT": 423.0, "tier": "caution", "score": 7.0 }, "geometry": { "type": "Polygon", "coordinates": [ [ [ 129.224999999999739, 35.174999999999876 ], [ 129.224999999999739, 35.224999999999874 ], [ 129.174999999999727, 35.224999999999874 ], [ 129.174999999999727, 35.174999999999876 ], [ 129.224999999999739, 35.174999999999876 ] ] ] } },
{ "type": "Feature", "properties": { "variability_nT": 455.4, "tier": "caution", "score": 7.0 }, "geometry": { "type": "Polygon", "coordinates": [ [ [ 129.374999999999744, 35.174999999999876 ], [ 129.374999999999744, 35.224999999999874 ], [ 129.324999999999733, 35.224999999999874 ], [ 129.324999999999733, 35.174999999999876 ], [ 129.374999999999744, 35.174999999999876 ] ] ] } },
{ "type": "Feature", "properties": { "variability_nT": 443.6, "tier": "caution", "score": 7.0 }, "geometry": { "type": "Polygon", "coordinates": [ [ [ 129.424999999999727, 35.174999999999876 ], [ 129.424999999999727, 35.224999999999874 ], [ 129.374999999999716, 35.224999999999874 ], [ 129.374999999999716, 35.174999999999876 ], [ 129.424999999999727, 35.174999999999876 ] ] ] } },
{ "type": "Feature", "properties": { "variability_nT": 486.2, "tier": "caution", "score": 7.0 }, "geometry": { "type": "Polygon", "coordinates": [ [ [ 128.424999999999784, 35.224999999999874 ], [ 128.424999999999784, 35.274999999999871 ], [ 128.374999999999773, 35.274999999999871 ], [ 128.374999999999773, 35.224999999999874 ], [ 128.424999999999784, 35.224999999999874 ] ] ] } },
{ "type": "Feature", "properties": { "variability_nT": 440.8, "tier": "caution", "score": 7.0 }, "geometry": { "type": "Polygon", "coordinates": [ [ [ 128.474999999999767, 35.224999999999874 ], [ 128.474999999999767, 35.274999999999871 ], [ 128.424999999999756, 35.274999999999871 ], [ 128.424999999999756, 35.224999999999874 ], [ 128.474999999999767, 35.224999999999874 ] ] ] } },
{ "type": "Feature", "properties": { "variability_nT": 548.5, "tier": "caution", "score": 7.0 }, "geometry": { "type": "Polygon", "coordinates": [ [ [ 128.774999999999778, 35.224999999999874 ], [ 128.774999999999778, 35.274999999999871 ], [ 128.724999999999767, 35.274999999999871 ], [ 128.724999999999767, 35.224999999999874 ], [ 128.774999999999778, 35.224999999999874 ] ] ] } },
{ "type": "Feature", "properties": { "variability_nT": 509.8, "tier": "caution", "score": 7.0 }, "geometry": { "type": "Polygon", "coordinates": [ [ [ 126.874999999999872, 35.274999999999871 ], [ 126.874999999999872, 35.324999999999868 ], [ 126.824999999999861, 35.324999999999868 ], [ 126.824999999999861, 35.274999999999871 ], [ 126.874999999999872, 35.274999999999871 ] ] ] } },
{ "type": "Feature", "properties": { "variability_nT": 735.8, "tier": "caution", "score": 7.0 }, "geometry": { "type": "Polygon", "coordinates": [ [ [ 126.924999999999869, 35.274999999999871 ], [ 126.924999999999869, 35.324999999999868 ], [ 126.874999999999858, 35.324999999999868 ], [ 126.874999999999858, 35.274999999999871 ], [ 126.924999999999869, 35.274999999999871 ] ] ] } },
{ "type": "Feature", "properties": { "variability_nT": 671.0, "tier": "caution", "score": 7.0 }, "geometry": { "type": "Polygon", "coordinates": [ [ [ 126.974999999999866, 35.274999999999871 ], [ 126.974999999999866, 35.324999999999868 ], [ 126.924999999999855, 35.324999999999868 ], [ 126.924999999999855, 35.274999999999871 ], [ 126.974999999999866, 35.274999999999871 ] ] ] } },
{ "type": "Feature", "properties": { "variability_nT": 475.4, "tier": "caution", "score": 7.0 }, "geometry": { "type": "Polygon", "coordinates": [ [ [ 128.974999999999767, 35.274999999999871 ], [ 128.974999999999767, 35.324999999999868 ], [ 128.924999999999756, 35.324999999999868 ], [ 128.924999999999756, 35.274999999999871 ], [ 128.974999999999767, 35.274999999999871 ] ] ] } },
{ "type": "Feature", "properties": { "variability_nT": 405.2, "tier": "caution", "score": 7.0 }, "geometry": { "type": "Polygon", "coordinates": [ [ [ 129.02499999999975, 35.274999999999871 ], [ 129.02499999999975, 35.324999999999868 ], [ 128.974999999999739, 35.324999999999868 ], [ 128.974999999999739, 35.274999999999871 ], [ 129.02499999999975, 35.274999999999871 ] ] ] } },
{ "type": "Feature", "properties": { "variability_nT": 508.4, "tier": "caution", "score": 7.0 }, "geometry": { "type": "Polygon", "coordinates": [ [ [ 126.974999999999866, 35.324999999999868 ], [ 126.974999999999866, 35.374999999999865 ], [ 126.924999999999855, 35.374999999999865 ], [ 126.924999999999855, 35.324999999999868 ], [ 126.974999999999866, 35.324999999999868 ] ] ] } },
{ "type": "Feature", "properties": { "variability_nT": 472.6, "tier": "caution", "score": 7.0 }, "geometry": { "type": "Polygon", "coordinates": [ [ [ 127.024999999999864, 35.324999999999868 ], [ 127.024999999999864, 35.374999999999865 ], [ 126.974999999999852, 35.374999999999865 ], [ 126.974999999999852, 35.324999999999868 ], [ 127.024999999999864, 35.324999999999868 ] ] ] } },
{ "type": "Feature", "properties": { "variability_nT": 424.0, "tier": "caution", "score": 7.0 }, "geometry": { "type": "Polygon", "coordinates": [ [ [ 127.074999999999861, 35.324999999999868 ], [ 127.074999999999861, 35.374999999999865 ], [ 127.024999999999849, 35.374999999999865 ], [ 127.024999999999849, 35.324999999999868 ], [ 127.074999999999861, 35.324999999999868 ] ] ] } },
{ "type": "Feature", "properties": { "variability_nT": 426.0, "tier": "caution", "score": 7.0 }, "geometry": { "type": "Polygon", "coordinates": [ [ [ 127.124999999999858, 35.324999999999868 ], [ 127.124999999999858, 35.374999999999865 ], [ 127.074999999999847, 35.374999999999865 ], [ 127.074999999999847, 35.324999999999868 ], [ 127.124999999999858, 35.324999999999868 ] ] ] } },
{ "type": "Feature", "properties": { "variability_nT": 550.9, "tier": "caution", "score": 7.0 }, "geometry": { "type": "Polygon", "coordinates": [ [ [ 128.974999999999767, 35.324999999999868 ], [ 128.974999999999767, 35.374999999999865 ], [ 128.924999999999756, 35.374999999999865 ], [ 128.924999999999756, 35.324999999999868 ], [ 128.974999999999767, 35.324999999999868 ] ] ] } },
{ "type": "Feature", "properties": { "variability_nT": 487.1, "tier": "caution", "score": 7.0 }, "geometry": { "type": "Polygon", "coordinates": [ [ [ 129.02499999999975, 35.324999999999868 ], [ 129.02499999999975, 35.374999999999865 ], [ 128.974999999999739, 35.374999999999865 ], [ 128.974999999999739, 35.324999999999868 ], [ 129.02499999999975, 35.324999999999868 ] ] ] } },
{ "type": "Feature", "properties": { "variability_nT": 525.1, "tier": "caution", "score": 7.0 }, "geometry": { "type": "Polygon", "coordinates": [ [ [ 126.924999999999869, 35.374999999999865 ], [ 126.924999999999869, 35.424999999999862 ], [ 126.874999999999858, 35.424999999999862 ], [ 126.874999999999858, 35.374999999999865 ], [ 126.924999999999869, 35.374999999999865 ] ] ] } },
{ "type": "Feature", "properties": { "variability_nT": 705.9, "tier": "caution", "score": 7.0 }, "geometry": { "type": "Polygon", "coordinates": [ [ [ 126.974999999999866, 35.374999999999865 ], [ 126.974999999999866, 35.424999999999862 ], [ 126.924999999999855, 35.424999999999862 ], [ 126.924999999999855, 35.374999999999865 ], [ 126.974999999999866, 35.374999999999865 ] ] ] } },
{ "type": "Feature", "properties": { "variability_nT": 725.6, "tier": "caution", "score": 7.0 }, "geometry": { "type": "Polygon", "coordinates": [ [ [ 127.024999999999864, 35.374999999999865 ], [ 127.024999999999864, 35.424999999999862 ], [ 126.974999999999852, 35.424999999999862 ], [ 126.974999999999852, 35.374999999999865 ], [ 127.024999999999864, 35.374999999999865 ] ] ] } },
{ "type": "Feature", "properties": { "variability_nT": 488.1, "tier": "caution", "score": 7.0 }, "geometry": { "type": "Polygon", "coordinates": [ [ [ 127.074999999999861, 35.374999999999865 ], [ 127.074999999999861, 35.424999999999862 ], [ 127.024999999999849, 35.424999999999862 ], [ 127.024999999999849, 35.374999999999865 ], [ 127.074999999999861, 35.374999999999865 ] ] ] } },
{ "type": "Feature", "properties": { "variability_nT": 478.2, "tier": "caution", "score": 7.0 }, "geometry": { "type": "Polygon", "coordinates": [ [ [ 127.97499999999981, 35.374999999999865 ], [ 127.97499999999981, 35.424999999999862 ], [ 127.924999999999798, 35.424999999999862 ], [ 127.924999999999798, 35.374999999999865 ], [ 127.97499999999981, 35.374999999999865 ] ] ] } },
{ "type": "Feature", "properties": { "variability_nT": 547.7, "tier": "caution", "score": 7.0 }, "geometry": { "type": "Polygon", "coordinates": [ [ [ 128.024999999999807, 35.374999999999865 ], [ 128.024999999999807, 35.424999999999862 ], [ 127.974999999999795, 35.424999999999862 ], [ 127.974999999999795, 35.374999999999865 ], [ 128.024999999999807, 35.374999999999865 ] ] ] } },
{ "type": "Feature", "properties": { "variability_nT": 439.5, "tier": "caution", "score": 7.0 }, "geometry": { "type": "Polygon", "coordinates": [ [ [ 128.874999999999744, 35.374999999999865 ], [ 128.874999999999744, 35.424999999999862 ], [ 128.824999999999733, 35.424999999999862 ], [ 128.824999999999733, 35.374999999999865 ], [ 128.874999999999744, 35.374999999999865 ] ] ] } },
{ "type": "Feature", "properties": { "variability_nT": 474.2, "tier": "caution", "score": 7.0 }, "geometry": { "type": "Polygon", "coordinates": [ [ [ 128.924999999999756, 35.374999999999865 ], [ 128.924999999999756, 35.424999999999862 ], [ 128.874999999999744, 35.424999999999862 ], [ 128.874999999999744, 35.374999999999865 ], [ 128.924999999999756, 35.374999999999865 ] ] ] } },
{ "type": "Feature", "properties": { "variability_nT": 404.3, "tier": "caution", "score": 7.0 }, "geometry": { "type": "Polygon", "coordinates": [ [ [ 129.324999999999733, 35.374999999999865 ], [ 129.324999999999733, 35.424999999999862 ], [ 129.274999999999721, 35.424999999999862 ], [ 129.274999999999721, 35.374999999999865 ], [ 129.324999999999733, 35.374999999999865 ] ] ] } },
{ "type": "Feature", "properties": { "variability_nT": 595.6, "tier": "caution", "score": 7.0 }, "geometry": { "type": "Polygon", "coordinates": [ [ [ 126.974999999999866, 35.424999999999862 ], [ 126.974999999999866, 35.474999999999859 ], [ 126.924999999999855, 35.474999999999859 ], [ 126.924999999999855, 35.424999999999862 ], [ 126.974999999999866, 35.424999999999862 ] ] ] } },
{ "type": "Feature", "properties": { "variability_nT": 755.9, "tier": "caution", "score": 7.0 }, "geometry": { "type": "Polygon", "coordinates": [ [ [ 127.024999999999864, 35.424999999999862 ], [ 127.024999999999864, 35.474999999999859 ], [ 126.974999999999852, 35.474999999999859 ], [ 126.974999999999852, 35.424999999999862 ], [ 127.024999999999864, 35.424999999999862 ] ] ] } },
{ "type": "Feature", "properties": { "variability_nT": 625.3, "tier": "caution", "score": 7.0 }, "geometry": { "type": "Polygon", "coordinates": [ [ [ 127.074999999999861, 35.424999999999862 ], [ 127.074999999999861, 35.474999999999859 ], [ 127.024999999999849, 35.474999999999859 ], [ 127.024999999999849, 35.424999999999862 ], [ 127.074999999999861, 35.424999999999862 ] ] ] } },
{ "type": "Feature", "properties": { "variability_nT": 473.0, "tier": "caution", "score": 7.0 }, "geometry": { "type": "Polygon", "coordinates": [ [ [ 127.924999999999812, 35.424999999999862 ], [ 127.924999999999812, 35.474999999999859 ], [ 127.874999999999801, 35.474999999999859 ], [ 127.874999999999801, 35.424999999999862 ], [ 127.924999999999812, 35.424999999999862 ] ] ] } },
{ "type": "Feature", "properties": { "variability_nT": 772.4, "tier": "caution", "score": 7.0 }, "geometry": { "type": "Polygon", "coordinates": [ [ [ 127.97499999999981, 35.424999999999862 ], [ 127.97499999999981, 35.474999999999859 ], [ 127.924999999999798, 35.474999999999859 ], [ 127.924999999999798, 35.424999999999862 ], [ 127.97499999999981, 35.424999999999862 ] ] ] } },
{ "type": "Feature", "properties": { "variability_nT": 592.9, "tier": "caution", "score": 7.0 }, "geometry": { "type": "Polygon", "coordinates": [ [ [ 128.024999999999807, 35.424999999999862 ], [ 128.024999999999807, 35.474999999999859 ], [ 127.974999999999795, 35.474999999999859 ], [ 127.974999999999795, 35.424999999999862 ], [ 128.024999999999807, 35.424999999999862 ] ] ] } },
{ "type": "Feature", "properties": { "variability_nT": 485.1, "tier": "caution", "score": 7.0 }, "geometry": { "type": "Polygon", "coordinates": [ [ [ 128.07499999999979, 35.424999999999862 ], [ 128.07499999999979, 35.474999999999859 ], [ 128.024999999999778, 35.474999999999859 ], [ 128.024999999999778, 35.424999999999862 ], [ 128.07499999999979, 35.424999999999862 ] ] ] } },
{ "type": "Feature", "properties": { "variability_nT": 778.9, "tier": "caution", "score": 7.0 }, "geometry": { "type": "Polygon", "coordinates": [ [ [ 128.874999999999744, 35.424999999999862 ], [ 128.874999999999744, 35.474999999999859 ], [ 128.824999999999733, 35.474999999999859 ], [ 128.824999999999733, 35.424999999999862 ], [ 128.874999999999744, 35.424999999999862 ] ] ] } },
{ "type": "Feature", "properties": { "variability_nT": 778.9, "tier": "caution", "score": 7.0 }, "geometry": { "type": "Polygon", "coordinates": [ [ [ 128.924999999999756, 35.424999999999862 ], [ 128.924999999999756, 35.474999999999859 ], [ 128.874999999999744, 35.474999999999859 ], [ 128.874999999999744, 35.424999999999862 ], [ 128.924999999999756, 35.424999999999862 ] ] ] } },
{ "type": "Feature", "properties": { "variability_nT": 471.1, "tier": "caution", "score": 7.0 }, "geometry": { "type": "Polygon", "coordinates": [ [ [ 129.374999999999744, 35.424999999999862 ], [ 129.374999999999744, 35.474999999999859 ], [ 129.324999999999733, 35.474999999999859 ], [ 129.324999999999733, 35.424999999999862 ], [ 129.374999999999744, 35.424999999999862 ] ] ] } },
{ "type": "Feature", "properties": { "variability_nT": 429.1, "tier": "caution", "score": 7.0 }, "geometry": { "type": "Polygon", "coordinates": [ [ [ 126.574999999999889, 35.474999999999859 ], [ 126.574999999999889, 35.524999999999856 ], [ 126.524999999999878, 35.524999999999856 ], [ 126.524999999999878, 35.474999999999859 ], [ 126.574999999999889, 35.474999999999859 ] ] ] } },
{ "type": "Feature", "properties": { "variability_nT": 452.1, "tier": "caution", "score": 7.0 }, "geometry": { "type": "Polygon", "coordinates": [ [ [ 126.624999999999886, 35.474999999999859 ], [ 126.624999999999886, 35.524999999999856 ], [ 126.574999999999875, 35.524999999999856 ], [ 126.574999999999875, 35.474999999999859 ], [ 126.624999999999886, 35.474999999999859 ] ] ] } },
{ "type": "Feature", "properties": { "variability_nT": 453.6, "tier": "caution", "score": 7.0 }, "geometry": { "type": "Polygon", "coordinates": [ [ [ 126.774999999999878, 35.474999999999859 ], [ 126.774999999999878, 35.524999999999856 ], [ 126.724999999999866, 35.524999999999856 ], [ 126.724999999999866, 35.474999999999859 ], [ 126.774999999999878, 35.474999999999859 ] ] ] } },
{ "type": "Feature", "properties": { "variability_nT": 535.6, "tier": "caution", "score": 7.0 }, "geometry": { "type": "Polygon", "coordinates": [ [ [ 126.824999999999875, 35.474999999999859 ], [ 126.824999999999875, 35.524999999999856 ], [ 126.774999999999864, 35.524999999999856 ], [ 126.774999999999864, 35.474999999999859 ], [ 126.824999999999875, 35.474999999999859 ] ] ] } },
{ "type": "Feature", "properties": { "variability_nT": 531.5, "tier": "caution", "score": 7.0 }, "geometry": { "type": "Polygon", "coordinates": [ [ [ 126.874999999999872, 35.474999999999859 ], [ 126.874999999999872, 35.524999999999856 ], [ 126.824999999999861, 35.524999999999856 ], [ 126.824999999999861, 35.474999999999859 ], [ 126.874999999999872, 35.474999999999859 ] ] ] } },
{ "type": "Feature", "properties": { "variability_nT": 525.2, "tier": "caution", "score": 7.0 }, "geometry": { "type": "Polygon", "coordinates": [ [ [ 126.924999999999869, 35.474999999999859 ], [ 126.924999999999869, 35.524999999999856 ], [ 126.874999999999858, 35.524999999999856 ], [ 126.874999999999858, 35.474999999999859 ], [ 126.924999999999869, 35.474999999999859 ] ] ] } },
{ "type": "Feature", "properties": { "variability_nT": 439.8, "tier": "caution", "score": 7.0 }, "geometry": { "type": "Polygon", "coordinates": [ [ [ 126.974999999999866, 35.474999999999859 ], [ 126.974999999999866, 35.524999999999856 ], [ 126.924999999999855, 35.524999999999856 ], [ 126.924999999999855, 35.474999999999859 ], [ 126.974999999999866, 35.474999999999859 ] ] ] } },
{ "type": "Feature", "properties": { "variability_nT": 425.8, "tier": "caution", "score": 7.0 }, "geometry": { "type": "Polygon", "coordinates": [ [ [ 127.124999999999858, 35.474999999999859 ], [ 127.124999999999858, 35.524999999999856 ], [ 127.074999999999847, 35.524999999999856 ], [ 127.074999999999847, 35.474999999999859 ], [ 127.124999999999858, 35.474999999999859 ] ] ] } },
{ "type": "Feature", "properties": { "variability_nT": 749.6, "tier": "caution", "score": 7.0 }, "geometry": { "type": "Polygon", "coordinates": [ [ [ 127.97499999999981, 35.474999999999859 ], [ 127.97499999999981, 35.524999999999856 ], [ 127.924999999999798, 35.524999999999856 ], [ 127.924999999999798, 35.474999999999859 ], [ 127.97499999999981, 35.474999999999859 ] ] ] } },
{ "type": "Feature", "properties": { "variability_nT": 690.5, "tier": "caution", "score": 7.0 }, "geometry": { "type": "Polygon", "coordinates": [ [ [ 128.07499999999979, 35.474999999999859 ], [ 128.07499999999979, 35.524999999999856 ], [ 128.024999999999778, 35.524999999999856 ], [ 128.024999999999778, 35.474999999999859 ], [ 128.07499999999979, 35.474999999999859 ] ] ] } },
{ "type": "Feature", "properties": { "variability_nT": 687.3, "tier": "caution", "score": 7.0 }, "geometry": { "type": "Polygon", "coordinates": [ [ [ 128.124999999999801, 35.474999999999859 ], [ 128.124999999999801, 35.524999999999856 ], [ 128.07499999999979, 35.524999999999856 ], [ 128.07499999999979, 35.474999999999859 ], [ 128.124999999999801, 35.474999999999859 ] ] ] } },
{ "type": "Feature", "properties": { "variability_nT": 571.8, "tier": "caution", "score": 7.0 }, "geometry": { "type": "Polygon", "coordinates": [ [ [ 128.824999999999761, 35.474999999999859 ], [ 128.824999999999761, 35.524999999999856 ], [ 128.77499999999975, 35.524999999999856 ], [ 128.77499999999975, 35.474999999999859 ], [ 128.824999999999761, 35.474999999999859 ] ] ] } },
{ "type": "Feature", "properties": { "variability_nT": 756.0, "tier": "caution", "score": 7.0 }, "geometry": { "type": "Polygon", "coordinates": [ [ [ 128.924999999999756, 35.474999999999859 ], [ 128.924999999999756, 35.524999999999856 ], [ 128.874999999999744, 35.524999999999856 ], [ 128.874999999999744, 35.474999999999859 ], [ 128.924999999999756, 35.474999999999859 ] ] ] } },
{ "type": "Feature", "properties": { "variability_nT": 414.4, "tier": "caution", "score": 7.0 }, "geometry": { "type": "Polygon", "coordinates": [ [ [ 126.524999999999892, 35.524999999999856 ], [ 126.524999999999892, 35.574999999999854 ], [ 126.474999999999881, 35.574999999999854 ], [ 126.474999999999881, 35.524999999999856 ], [ 126.524999999999892, 35.524999999999856 ] ] ] } },
{ "type": "Feature", "properties": { "variability_nT": 407.8, "tier": "caution", "score": 7.0 }, "geometry": { "type": "Polygon", "coordinates": [ [ [ 127.074999999999861, 35.524999999999856 ], [ 127.074999999999861, 35.574999999999854 ], [ 127.024999999999849, 35.574999999999854 ], [ 127.024999999999849, 35.524999999999856 ], [ 127.074999999999861, 35.524999999999856 ] ] ] } },
{ "type": "Feature", "properties": { "variability_nT": 538.9, "tier": "caution", "score": 7.0 }, "geometry": { "type": "Polygon", "coordinates": [ [ [ 127.124999999999858, 35.524999999999856 ], [ 127.124999999999858, 35.574999999999854 ], [ 127.074999999999847, 35.574999999999854 ], [ 127.074999999999847, 35.524999999999856 ], [ 127.124999999999858, 35.524999999999856 ] ] ] } },
{ "type": "Feature", "properties": { "variability_nT": 485.0, "tier": "caution", "score": 7.0 }, "geometry": { "type": "Polygon", "coordinates": [ [ [ 127.174999999999855, 35.524999999999856 ], [ 127.174999999999855, 35.574999999999854 ], [ 127.124999999999844, 35.574999999999854 ], [ 127.124999999999844, 35.524999999999856 ], [ 127.174999999999855, 35.524999999999856 ] ] ] } },
{ "type": "Feature", "properties": { "variability_nT": 638.6, "tier": "caution", "score": 7.0 }, "geometry": { "type": "Polygon", "coordinates": [ [ [ 128.024999999999807, 35.524999999999856 ], [ 128.024999999999807, 35.574999999999854 ], [ 127.974999999999795, 35.574999999999854 ], [ 127.974999999999795, 35.524999999999856 ], [ 128.024999999999807, 35.524999999999856 ] ] ] } },
{ "type": "Feature", "properties": { "variability_nT": 683.8, "tier": "caution", "score": 7.0 }, "geometry": { "type": "Polygon", "coordinates": [ [ [ 128.124999999999801, 35.524999999999856 ], [ 128.124999999999801, 35.574999999999854 ], [ 128.07499999999979, 35.574999999999854 ], [ 128.07499999999979, 35.524999999999856 ], [ 128.124999999999801, 35.524999999999856 ] ] ] } },
{ "type": "Feature", "properties": { "variability_nT": 425.0, "tier": "caution", "score": 7.0 }, "geometry": { "type": "Polygon", "coordinates": [ [ [ 129.174999999999756, 35.524999999999856 ], [ 129.174999999999756, 35.574999999999854 ], [ 129.124999999999744, 35.574999999999854 ], [ 129.124999999999744, 35.524999999999856 ], [ 129.174999999999756, 35.524999999999856 ] ] ] } },
{ "type": "Feature", "properties": { "variability_nT": 410.0, "tier": "caution", "score": 7.0 }, "geometry": { "type": "Polygon", "coordinates": [ [ [ 126.325, 35.574999999999854 ], [ 126.325, 35.624999999999851 ], [ 126.274999999999892, 35.624999999999851 ], [ 126.274999999999892, 35.574999999999854 ], [ 126.325, 35.574999999999854 ] ] ] } },
{ "type": "Feature", "properties": { "variability_nT": 503.4, "tier": "caution", "score": 7.0 }, "geometry": { "type": "Polygon", "coordinates": [ [ [ 126.524999999999892, 35.574999999999854 ], [ 126.524999999999892, 35.624999999999851 ], [ 126.474999999999881, 35.624999999999851 ], [ 126.474999999999881, 35.574999999999854 ], [ 126.524999999999892, 35.574999999999854 ] ] ] } },
{ "type": "Feature", "properties": { "variability_nT": 439.6, "tier": "caution", "score": 7.0 }, "geometry": { "type": "Polygon", "coordinates": [ [ [ 127.124999999999858, 35.574999999999854 ], [ 127.124999999999858, 35.624999999999851 ], [ 127.074999999999847, 35.624999999999851 ], [ 127.074999999999847, 35.574999999999854 ], [ 127.124999999999858, 35.574999999999854 ] ] ] } },
{ "type": "Feature", "properties": { "variability_nT": 435.5, "tier": "caution", "score": 7.0 }, "geometry": { "type": "Polygon", "coordinates": [ [ [ 128.024999999999807, 35.574999999999854 ], [ 128.024999999999807, 35.624999999999851 ], [ 127.974999999999795, 35.624999999999851 ], [ 127.974999999999795, 35.574999999999854 ], [ 128.024999999999807, 35.574999999999854 ] ] ] } },
{ "type": "Feature", "properties": { "variability_nT": 548.2, "tier": "caution", "score": 7.0 }, "geometry": { "type": "Polygon", "coordinates": [ [ [ 128.07499999999979, 35.574999999999854 ], [ 128.07499999999979, 35.624999999999851 ], [ 128.024999999999778, 35.624999999999851 ], [ 128.024999999999778, 35.574999999999854 ], [ 128.07499999999979, 35.574999999999854 ] ] ] } },
{ "type": "Feature", "properties": { "variability_nT": 423.5, "tier": "caution", "score": 7.0 }, "geometry": { "type": "Polygon", "coordinates": [ [ [ 128.124999999999801, 35.574999999999854 ], [ 128.124999999999801, 35.624999999999851 ], [ 128.07499999999979, 35.624999999999851 ], [ 128.07499999999979, 35.574999999999854 ], [ 128.124999999999801, 35.574999999999854 ] ] ] } },
{ "type": "Feature", "properties": { "variability_nT": 434.9, "tier": "caution", "score": 7.0 }, "geometry": { "type": "Polygon", "coordinates": [ [ [ 128.624999999999773, 35.574999999999854 ], [ 128.624999999999773, 35.624999999999851 ], [ 128.574999999999761, 35.624999999999851 ], [ 128.574999999999761, 35.574999999999854 ], [ 128.624999999999773, 35.574999999999854 ] ] ] } },
{ "type": "Feature", "properties": { "variability_nT": 481.1, "tier": "caution", "score": 7.0 }, "geometry": { "type": "Polygon", "coordinates": [ [ [ 128.724999999999767, 35.574999999999854 ], [ 128.724999999999767, 35.624999999999851 ], [ 128.674999999999756, 35.624999999999851 ], [ 128.674999999999756, 35.574999999999854 ], [ 128.724999999999767, 35.574999999999854 ] ] ] } },
{ "type": "Feature", "properties": { "variability_nT": 562.1, "tier": "caution", "score": 7.0 }, "geometry": { "type": "Polygon", "coordinates": [ [ [ 128.774999999999778, 35.574999999999854 ], [ 128.774999999999778, 35.624999999999851 ], [ 128.724999999999767, 35.624999999999851 ], [ 128.724999999999767, 35.574999999999854 ], [ 128.774999999999778, 35.574999999999854 ] ] ] } },
{ "type": "Feature", "properties": { "variability_nT": 508.7, "tier": "caution", "score": 7.0 }, "geometry": { "type": "Polygon", "coordinates": [ [ [ 129.074999999999733, 35.574999999999854 ], [ 129.074999999999733, 35.624999999999851 ], [ 129.024999999999721, 35.624999999999851 ], [ 129.024999999999721, 35.574999999999854 ], [ 129.074999999999733, 35.574999999999854 ] ] ] } },
{ "type": "Feature", "properties": { "variability_nT": 444.4, "tier": "caution", "score": 7.0 }, "geometry": { "type": "Polygon", "coordinates": [ [ [ 126.325, 35.624999999999851 ], [ 126.325, 35.674999999999848 ], [ 126.274999999999892, 35.674999999999848 ], [ 126.274999999999892, 35.624999999999851 ], [ 126.325, 35.624999999999851 ] ] ] } },
{ "type": "Feature", "properties": { "variability_nT": 422.1, "tier": "caution", "score": 7.0 }, "geometry": { "type": "Polygon", "coordinates": [ [ [ 128.024999999999807, 35.624999999999851 ], [ 128.024999999999807, 35.674999999999848 ], [ 127.974999999999795, 35.674999999999848 ], [ 127.974999999999795, 35.624999999999851 ], [ 128.024999999999807, 35.624999999999851 ] ] ] } },
{ "type": "Feature", "properties": { "variability_nT": 481.6, "tier": "caution", "score": 7.0 }, "geometry": { "type": "Polygon", "coordinates": [ [ [ 128.07499999999979, 35.624999999999851 ], [ 128.07499999999979, 35.674999999999848 ], [ 128.024999999999778, 35.674999999999848 ], [ 128.024999999999778, 35.624999999999851 ], [ 128.07499999999979, 35.624999999999851 ] ] ] } },
{ "type": "Feature", "properties": { "variability_nT": 649.4, "tier": "caution", "score": 7.0 }, "geometry": { "type": "Polygon", "coordinates": [ [ [ 128.124999999999801, 35.624999999999851 ], [ 128.124999999999801, 35.674999999999848 ], [ 128.07499999999979, 35.674999999999848 ], [ 128.07499999999979, 35.624999999999851 ], [ 128.124999999999801, 35.624999999999851 ] ] ] } },
{ "type": "Feature", "properties": { "variability_nT": 613.2, "tier": "caution", "score": 7.0 }, "geometry": { "type": "Polygon", "coordinates": [ [ [ 128.224999999999795, 35.624999999999851 ], [ 128.224999999999795, 35.674999999999848 ], [ 128.174999999999784, 35.674999999999848 ], [ 128.174999999999784, 35.624999999999851 ], [ 128.224999999999795, 35.624999999999851 ] ] ] } },
{ "type": "Feature", "properties": { "variability_nT": 519.6, "tier": "caution", "score": 7.0 }, "geometry": { "type": "Polygon", "coordinates": [ [ [ 128.524999999999778, 35.624999999999851 ], [ 128.524999999999778, 35.674999999999848 ], [ 128.474999999999767, 35.674999999999848 ], [ 128.474999999999767, 35.624999999999851 ], [ 128.524999999999778, 35.624999999999851 ] ] ] } },
{ "type": "Feature", "properties": { "variability_nT": 415.1, "tier": "caution", "score": 7.0 }, "geometry": { "type": "Polygon", "coordinates": [ [ [ 128.57499999999979, 35.624999999999851 ], [ 128.57499999999979, 35.674999999999848 ], [ 128.524999999999778, 35.674999999999848 ], [ 128.524999999999778, 35.624999999999851 ], [ 128.57499999999979, 35.624999999999851 ] ] ] } },
{ "type": "Feature", "properties": { "variability_nT": 459.2, "tier": "caution", "score": 7.0 }, "geometry": { "type": "Polygon", "coordinates": [ [ [ 128.624999999999773, 35.624999999999851 ], [ 128.624999999999773, 35.674999999999848 ], [ 128.574999999999761, 35.674999999999848 ], [ 128.574999999999761, 35.624999999999851 ], [ 128.624999999999773, 35.624999999999851 ] ] ] } },
{ "type": "Feature", "properties": { "variability_nT": 462.1, "tier": "caution", "score": 7.0 }, "geometry": { "type": "Polygon", "coordinates": [ [ [ 128.774999999999778, 35.624999999999851 ], [ 128.774999999999778, 35.674999999999848 ], [ 128.724999999999767, 35.674999999999848 ], [ 128.724999999999767, 35.624999999999851 ], [ 128.774999999999778, 35.624999999999851 ] ] ] } },
{ "type": "Feature", "properties": { "variability_nT": 436.0, "tier": "caution", "score": 7.0 }, "geometry": { "type": "Polygon", "coordinates": [ [ [ 128.924999999999756, 35.624999999999851 ], [ 128.924999999999756, 35.674999999999848 ], [ 128.874999999999744, 35.674999999999848 ], [ 128.874999999999744, 35.624999999999851 ], [ 128.924999999999756, 35.624999999999851 ] ] ] } },
{ "type": "Feature", "properties": { "variability_nT": 410.1, "tier": "caution", "score": 7.0 }, "geometry": { "type": "Polygon", "coordinates": [ [ [ 128.974999999999767, 35.624999999999851 ], [ 128.974999999999767, 35.674999999999848 ], [ 128.924999999999756, 35.674999999999848 ], [ 128.924999999999756, 35.624999999999851 ], [ 128.974999999999767, 35.624999999999851 ] ] ] } },
{ "type": "Feature", "properties": { "variability_nT": 446.4, "tier": "caution", "score": 7.0 }, "geometry": { "type": "Polygon", "coordinates": [ [ [ 128.174999999999812, 35.674999999999848 ], [ 128.174999999999812, 35.724999999999845 ], [ 128.124999999999801, 35.724999999999845 ], [ 128.124999999999801, 35.674999999999848 ], [ 128.174999999999812, 35.674999999999848 ] ] ] } },
{ "type": "Feature", "properties": { "variability_nT": 486.6, "tier": "caution", "score": 7.0 }, "geometry": { "type": "Polygon", "coordinates": [ [ [ 128.224999999999795, 35.674999999999848 ], [ 128.224999999999795, 35.724999999999845 ], [ 128.174999999999784, 35.724999999999845 ], [ 128.174999999999784, 35.674999999999848 ], [ 128.224999999999795, 35.674999999999848 ] ] ] } },
{ "type": "Feature", "properties": { "variability_nT": 466.0, "tier": "caution", "score": 7.0 }, "geometry": { "type": "Polygon", "coordinates": [ [ [ 129.174999999999756, 35.674999999999848 ], [ 129.174999999999756, 35.724999999999845 ], [ 129.124999999999744, 35.724999999999845 ], [ 129.124999999999744, 35.674999999999848 ], [ 129.174999999999756, 35.674999999999848 ] ] ] } },
{ "type": "Feature", "properties": { "variability_nT": 478.3, "tier": "caution", "score": 7.0 }, "geometry": { "type": "Polygon", "coordinates": [ [ [ 128.474999999999767, 35.724999999999845 ], [ 128.474999999999767, 35.774999999999842 ], [ 128.424999999999756, 35.774999999999842 ], [ 128.424999999999756, 35.724999999999845 ], [ 128.474999999999767, 35.724999999999845 ] ] ] } },
{ "type": "Feature", "properties": { "variability_nT": 575.8, "tier": "caution", "score": 7.0 }, "geometry": { "type": "Polygon", "coordinates": [ [ [ 128.524999999999778, 35.724999999999845 ], [ 128.524999999999778, 35.774999999999842 ], [ 128.474999999999767, 35.774999999999842 ], [ 128.474999999999767, 35.724999999999845 ], [ 128.524999999999778, 35.724999999999845 ] ] ] } },
{ "type": "Feature", "properties": { "variability_nT": 485.8, "tier": "caution", "score": 7.0 }, "geometry": { "type": "Polygon", "coordinates": [ [ [ 128.57499999999979, 35.724999999999845 ], [ 128.57499999999979, 35.774999999999842 ], [ 128.524999999999778, 35.774999999999842 ], [ 128.524999999999778, 35.724999999999845 ], [ 128.57499999999979, 35.724999999999845 ] ] ] } },
{ "type": "Feature", "properties": { "variability_nT": 488.3, "tier": "caution", "score": 7.0 }, "geometry": { "type": "Polygon", "coordinates": [ [ [ 128.624999999999773, 35.724999999999845 ], [ 128.624999999999773, 35.774999999999842 ], [ 128.574999999999761, 35.774999999999842 ], [ 128.574999999999761, 35.724999999999845 ], [ 128.624999999999773, 35.724999999999845 ] ] ] } },
{ "type": "Feature", "properties": { "variability_nT": 454.4, "tier": "caution", "score": 7.0 }, "geometry": { "type": "Polygon", "coordinates": [ [ [ 128.674999999999756, 35.724999999999845 ], [ 128.674999999999756, 35.774999999999842 ], [ 128.624999999999744, 35.774999999999842 ], [ 128.624999999999744, 35.724999999999845 ], [ 128.674999999999756, 35.724999999999845 ] ] ] } },
{ "type": "Feature", "properties": { "variability_nT": 437.9, "tier": "caution", "score": 7.0 }, "geometry": { "type": "Polygon", "coordinates": [ [ [ 128.57499999999979, 35.774999999999842 ], [ 128.57499999999979, 35.824999999999839 ], [ 128.524999999999778, 35.824999999999839 ], [ 128.524999999999778, 35.774999999999842 ], [ 128.57499999999979, 35.774999999999842 ] ] ] } },
{ "type": "Feature", "properties": { "variability_nT": 425.4, "tier": "caution", "score": 7.0 }, "geometry": { "type": "Polygon", "coordinates": [ [ [ 128.624999999999773, 35.774999999999842 ], [ 128.624999999999773, 35.824999999999839 ], [ 128.574999999999761, 35.824999999999839 ], [ 128.574999999999761, 35.774999999999842 ], [ 128.624999999999773, 35.774999999999842 ] ] ] } },
{ "type": "Feature", "properties": { "variability_nT": 422.6, "tier": "caution", "score": 7.0 }, "geometry": { "type": "Polygon", "coordinates": [ [ [ 128.674999999999756, 35.774999999999842 ], [ 128.674999999999756, 35.824999999999839 ], [ 128.624999999999744, 35.824999999999839 ], [ 128.624999999999744, 35.774999999999842 ], [ 128.674999999999756, 35.774999999999842 ] ] ] } },
{ "type": "Feature", "properties": { "variability_nT": 403.8, "tier": "caution", "score": 7.0 }, "geometry": { "type": "Polygon", "coordinates": [ [ [ 128.024999999999807, 35.824999999999839 ], [ 128.024999999999807, 35.874999999999837 ], [ 127.974999999999795, 35.874999999999837 ], [ 127.974999999999795, 35.824999999999839 ], [ 128.024999999999807, 35.824999999999839 ] ] ] } },
{ "type": "Feature", "properties": { "variability_nT": 429.3, "tier": "caution", "score": 7.0 }, "geometry": { "type": "Polygon", "coordinates": [ [ [ 128.07499999999979, 35.824999999999839 ], [ 128.07499999999979, 35.874999999999837 ], [ 128.024999999999778, 35.874999999999837 ], [ 128.024999999999778, 35.824999999999839 ], [ 128.07499999999979, 35.824999999999839 ] ] ] } },
{ "type": "Feature", "properties": { "variability_nT": 410.3, "tier": "caution", "score": 7.0 }, "geometry": { "type": "Polygon", "coordinates": [ [ [ 128.974999999999767, 35.824999999999839 ], [ 128.974999999999767, 35.874999999999837 ], [ 128.924999999999756, 35.874999999999837 ], [ 128.924999999999756, 35.824999999999839 ], [ 128.974999999999767, 35.824999999999839 ] ] ] } },
{ "type": "Feature", "properties": { "variability_nT": 480.0, "tier": "caution", "score": 7.0 }, "geometry": { "type": "Polygon", "coordinates": [ [ [ 129.02499999999975, 35.824999999999839 ], [ 129.02499999999975, 35.874999999999837 ], [ 128.974999999999739, 35.874999999999837 ], [ 128.974999999999739, 35.824999999999839 ], [ 129.02499999999975, 35.824999999999839 ] ] ] } },
{ "type": "Feature", "properties": { "variability_nT": 437.6, "tier": "caution", "score": 7.0 }, "geometry": { "type": "Polygon", "coordinates": [ [ [ 129.074999999999733, 35.824999999999839 ], [ 129.074999999999733, 35.874999999999837 ], [ 129.024999999999721, 35.874999999999837 ], [ 129.024999999999721, 35.824999999999839 ], [ 129.074999999999733, 35.824999999999839 ] ] ] } },
{ "type": "Feature", "properties": { "variability_nT": 423.4, "tier": "caution", "score": 7.0 }, "geometry": { "type": "Polygon", "coordinates": [ [ [ 129.174999999999756, 35.824999999999839 ], [ 129.174999999999756, 35.874999999999837 ], [ 129.124999999999744, 35.874999999999837 ], [ 129.124999999999744, 35.824999999999839 ], [ 129.174999999999756, 35.824999999999839 ] ] ] } },
{ "type": "Feature", "properties": { "variability_nT": 414.5, "tier": "caution", "score": 7.0 }, "geometry": { "type": "Polygon", "coordinates": [ [ [ 127.874999999999815, 35.874999999999837 ], [ 127.874999999999815, 35.924999999999834 ], [ 127.824999999999804, 35.924999999999834 ], [ 127.824999999999804, 35.874999999999837 ], [ 127.874999999999815, 35.874999999999837 ] ] ] } },
{ "type": "Feature", "properties": { "variability_nT": 549.1, "tier": "caution", "score": 7.0 }, "geometry": { "type": "Polygon", "coordinates": [ [ [ 127.924999999999812, 35.874999999999837 ], [ 127.924999999999812, 35.924999999999834 ], [ 127.874999999999801, 35.924999999999834 ], [ 127.874999999999801, 35.874999999999837 ], [ 127.924999999999812, 35.874999999999837 ] ] ] } },
{ "type": "Feature", "properties": { "variability_nT": 474.9, "tier": "caution", "score": 7.0 }, "geometry": { "type": "Polygon", "coordinates": [ [ [ 127.97499999999981, 35.874999999999837 ], [ 127.97499999999981, 35.924999999999834 ], [ 127.924999999999798, 35.924999999999834 ], [ 127.924999999999798, 35.874999999999837 ], [ 127.97499999999981, 35.874999999999837 ] ] ] } },
{ "type": "Feature", "properties": { "variability_nT": 413.2, "tier": "caution", "score": 7.0 }, "geometry": { "type": "Polygon", "coordinates": [ [ [ 128.724999999999767, 35.874999999999837 ], [ 128.724999999999767, 35.924999999999834 ], [ 128.674999999999756, 35.924999999999834 ], [ 128.674999999999756, 35.874999999999837 ], [ 128.724999999999767, 35.874999999999837 ] ] ] } },
{ "type": "Feature", "properties": { "variability_nT": 402.6, "tier": "caution", "score": 7.0 }, "geometry": { "type": "Polygon", "coordinates": [ [ [ 128.774999999999778, 35.874999999999837 ], [ 128.774999999999778, 35.924999999999834 ], [ 128.724999999999767, 35.924999999999834 ], [ 128.724999999999767, 35.874999999999837 ], [ 128.774999999999778, 35.874999999999837 ] ] ] } },
{ "type": "Feature", "properties": { "variability_nT": 637.5, "tier": "caution", "score": 7.0 }, "geometry": { "type": "Polygon", "coordinates": [ [ [ 127.874999999999815, 35.924999999999834 ], [ 127.874999999999815, 35.974999999999831 ], [ 127.824999999999804, 35.974999999999831 ], [ 127.824999999999804, 35.924999999999834 ], [ 127.874999999999815, 35.924999999999834 ] ] ] } },
{ "type": "Feature", "properties": { "variability_nT": 708.9, "tier": "caution", "score": 7.0 }, "geometry": { "type": "Polygon", "coordinates": [ [ [ 127.924999999999812, 35.924999999999834 ], [ 127.924999999999812, 35.974999999999831 ], [ 127.874999999999801, 35.974999999999831 ], [ 127.874999999999801, 35.924999999999834 ], [ 127.924999999999812, 35.924999999999834 ] ] ] } },
{ "type": "Feature", "properties": { "variability_nT": 465.0, "tier": "caution", "score": 7.0 }, "geometry": { "type": "Polygon", "coordinates": [ [ [ 129.574999999999733, 35.974999999999831 ], [ 129.574999999999733, 36.024999999999828 ], [ 129.524999999999721, 36.024999999999828 ], [ 129.524999999999721, 35.974999999999831 ], [ 129.574999999999733, 35.974999999999831 ] ] ] } },
{ "type": "Feature", "properties": { "variability_nT": 434.0, "tier": "caution", "score": 7.0 }, "geometry": { "type": "Polygon", "coordinates": [ [ [ 129.624999999999716, 35.974999999999831 ], [ 129.624999999999716, 36.024999999999828 ], [ 129.574999999999704, 36.024999999999828 ], [ 129.574999999999704, 35.974999999999831 ], [ 129.624999999999716, 35.974999999999831 ] ] ] } },
{ "type": "Feature", "properties": { "variability_nT": 446.1, "tier": "caution", "score": 7.0 }, "geometry": { "type": "Polygon", "coordinates": [ [ [ 128.824999999999761, 36.024999999999828 ], [ 128.824999999999761, 36.074999999999825 ], [ 128.77499999999975, 36.074999999999825 ], [ 128.77499999999975, 36.024999999999828 ], [ 128.824999999999761, 36.024999999999828 ] ] ] } },
{ "type": "Feature", "properties": { "variability_nT": 405.6, "tier": "caution", "score": 7.0 }, "geometry": { "type": "Polygon", "coordinates": [ [ [ 128.874999999999744, 36.024999999999828 ], [ 128.874999999999744, 36.074999999999825 ], [ 128.824999999999733, 36.074999999999825 ], [ 128.824999999999733, 36.024999999999828 ], [ 128.874999999999744, 36.024999999999828 ] ] ] } },
{ "type": "Feature", "properties": { "variability_nT": 496.7, "tier": "caution", "score": 7.0 }, "geometry": { "type": "Polygon", "coordinates": [ [ [ 129.574999999999733, 36.024999999999828 ], [ 129.574999999999733, 36.074999999999825 ], [ 129.524999999999721, 36.074999999999825 ], [ 129.524999999999721, 36.024999999999828 ], [ 129.574999999999733, 36.024999999999828 ] ] ] } },
{ "type": "Feature", "properties": { "variability_nT": 628.9, "tier": "caution", "score": 7.0 }, "geometry": { "type": "Polygon", "coordinates": [ [ [ 129.624999999999716, 36.024999999999828 ], [ 129.624999999999716, 36.074999999999825 ], [ 129.574999999999704, 36.074999999999825 ], [ 129.574999999999704, 36.024999999999828 ], [ 129.624999999999716, 36.024999999999828 ] ] ] } },
{ "type": "Feature", "properties": { "variability_nT": 426.7, "tier": "caution", "score": 7.0 }, "geometry": { "type": "Polygon", "coordinates": [ [ [ 128.874999999999744, 36.17499999999982 ], [ 128.874999999999744, 36.224999999999817 ], [ 128.824999999999733, 36.224999999999817 ], [ 128.824999999999733, 36.17499999999982 ], [ 128.874999999999744, 36.17499999999982 ] ] ] } },
{ "type": "Feature", "properties": { "variability_nT": 451.1, "tier": "caution", "score": 7.0 }, "geometry": { "type": "Polygon", "coordinates": [ [ [ 128.974999999999767, 36.17499999999982 ], [ 128.974999999999767, 36.224999999999817 ], [ 128.924999999999756, 36.224999999999817 ], [ 128.924999999999756, 36.17499999999982 ], [ 128.974999999999767, 36.17499999999982 ] ] ] } },
{ "type": "Feature", "properties": { "variability_nT": 473.0, "tier": "caution", "score": 7.0 }, "geometry": { "type": "Polygon", "coordinates": [ [ [ 129.02499999999975, 36.17499999999982 ], [ 129.02499999999975, 36.224999999999817 ], [ 128.974999999999739, 36.224999999999817 ], [ 128.974999999999739, 36.17499999999982 ], [ 129.02499999999975, 36.17499999999982 ] ] ] } },
{ "type": "Feature", "properties": { "variability_nT": 487.7, "tier": "caution", "score": 7.0 }, "geometry": { "type": "Polygon", "coordinates": [ [ [ 128.874999999999744, 36.224999999999817 ], [ 128.874999999999744, 36.274999999999814 ], [ 128.824999999999733, 36.274999999999814 ], [ 128.824999999999733, 36.224999999999817 ], [ 128.874999999999744, 36.224999999999817 ] ] ] } },
{ "type": "Feature", "properties": { "variability_nT": 401.1, "tier": "caution", "score": 7.0 }, "geometry": { "type": "Polygon", "coordinates": [ [ [ 128.924999999999756, 36.224999999999817 ], [ 128.924999999999756, 36.274999999999814 ], [ 128.874999999999744, 36.274999999999814 ], [ 128.874999999999744, 36.224999999999817 ], [ 128.924999999999756, 36.224999999999817 ] ] ] } },
{ "type": "Feature", "properties": { "variability_nT": 403.3, "tier": "caution", "score": 7.0 }, "geometry": { "type": "Polygon", "coordinates": [ [ [ 129.124999999999744, 36.224999999999817 ], [ 129.124999999999744, 36.274999999999814 ], [ 129.074999999999733, 36.274999999999814 ], [ 129.074999999999733, 36.224999999999817 ], [ 129.124999999999744, 36.224999999999817 ] ] ] } },
{ "type": "Feature", "properties": { "variability_nT": 448.1, "tier": "caution", "score": 7.0 }, "geometry": { "type": "Polygon", "coordinates": [ [ [ 129.174999999999756, 36.224999999999817 ], [ 129.174999999999756, 36.274999999999814 ], [ 129.124999999999744, 36.274999999999814 ], [ 129.124999999999744, 36.224999999999817 ], [ 129.174999999999756, 36.224999999999817 ] ] ] } },
{ "type": "Feature", "properties": { "variability_nT": 579.7, "tier": "caution", "score": 7.0 }, "geometry": { "type": "Polygon", "coordinates": [ [ [ 129.124999999999744, 36.274999999999814 ], [ 129.124999999999744, 36.324999999999811 ], [ 129.074999999999733, 36.324999999999811 ], [ 129.074999999999733, 36.274999999999814 ], [ 129.124999999999744, 36.274999999999814 ] ] ] } },
{ "type": "Feature", "properties": { "variability_nT": 515.2, "tier": "caution", "score": 7.0 }, "geometry": { "type": "Polygon", "coordinates": [ [ [ 129.174999999999756, 36.274999999999814 ], [ 129.174999999999756, 36.324999999999811 ], [ 129.124999999999744, 36.324999999999811 ], [ 129.124999999999744, 36.274999999999814 ], [ 129.174999999999756, 36.274999999999814 ] ] ] } },
{ "type": "Feature", "properties": { "variability_nT": 741.6, "tier": "caution", "score": 7.0 }, "geometry": { "type": "Polygon", "coordinates": [ [ [ 129.124999999999744, 36.324999999999811 ], [ 129.124999999999744, 36.374999999999808 ], [ 129.074999999999733, 36.374999999999808 ], [ 129.074999999999733, 36.324999999999811 ], [ 129.124999999999744, 36.324999999999811 ] ] ] } },
{ "type": "Feature", "properties": { "variability_nT": 579.8, "tier": "caution", "score": 7.0 }, "geometry": { "type": "Polygon", "coordinates": [ [ [ 129.224999999999739, 36.324999999999811 ], [ 129.224999999999739, 36.374999999999808 ], [ 129.174999999999727, 36.374999999999808 ], [ 129.174999999999727, 36.324999999999811 ], [ 129.224999999999739, 36.324999999999811 ] ] ] } },
{ "type": "Feature", "properties": { "variability_nT": 531.4, "tier": "caution", "score": 7.0 }, "geometry": { "type": "Polygon", "coordinates": [ [ [ 127.824999999999818, 36.374999999999808 ], [ 127.824999999999818, 36.424999999999805 ], [ 127.774999999999807, 36.424999999999805 ], [ 127.774999999999807, 36.374999999999808 ], [ 127.824999999999818, 36.374999999999808 ] ] ] } },
{ "type": "Feature", "properties": { "variability_nT": 429.2, "tier": "caution", "score": 7.0 }, "geometry": { "type": "Polygon", "coordinates": [ [ [ 127.874999999999815, 36.374999999999808 ], [ 127.874999999999815, 36.424999999999805 ], [ 127.824999999999804, 36.424999999999805 ], [ 127.824999999999804, 36.374999999999808 ], [ 127.874999999999815, 36.374999999999808 ] ] ] } },
{ "type": "Feature", "properties": { "variability_nT": 408.1, "tier": "caution", "score": 7.0 }, "geometry": { "type": "Polygon", "coordinates": [ [ [ 129.124999999999744, 36.374999999999808 ], [ 129.124999999999744, 36.424999999999805 ], [ 129.074999999999733, 36.424999999999805 ], [ 129.074999999999733, 36.374999999999808 ], [ 129.124999999999744, 36.374999999999808 ] ] ] } },
{ "type": "Feature", "properties": { "variability_nT": 418.6, "tier": "caution", "score": 7.0 }, "geometry": { "type": "Polygon", "coordinates": [ [ [ 127.774999999999821, 36.574999999999797 ], [ 127.774999999999821, 36.624999999999794 ], [ 127.72499999999981, 36.624999999999794 ], [ 127.72499999999981, 36.574999999999797 ], [ 127.774999999999821, 36.574999999999797 ] ] ] } },
{ "type": "Feature", "properties": { "variability_nT": 662.0, "tier": "caution", "score": 7.0 }, "geometry": { "type": "Polygon", "coordinates": [ [ [ 127.874999999999815, 36.774999999999785 ], [ 127.874999999999815, 36.824999999999783 ], [ 127.824999999999804, 36.824999999999783 ], [ 127.824999999999804, 36.774999999999785 ], [ 127.874999999999815, 36.774999999999785 ] ] ] } },
{ "type": "Feature", "properties": { "variability_nT": 477.0, "tier": "caution", "score": 7.0 }, "geometry": { "type": "Polygon", "coordinates": [ [ [ 127.924999999999812, 36.774999999999785 ], [ 127.924999999999812, 36.824999999999783 ], [ 127.874999999999801, 36.824999999999783 ], [ 127.874999999999801, 36.774999999999785 ], [ 127.924999999999812, 36.774999999999785 ] ] ] } },
{ "type": "Feature", "properties": { "variability_nT": 614.0, "tier": "caution", "score": 7.0 }, "geometry": { "type": "Polygon", "coordinates": [ [ [ 127.874999999999815, 36.824999999999783 ], [ 127.874999999999815, 36.87499999999978 ], [ 127.824999999999804, 36.87499999999978 ], [ 127.824999999999804, 36.824999999999783 ], [ 127.874999999999815, 36.824999999999783 ] ] ] } },
{ "type": "Feature", "properties": { "variability_nT": 557.9, "tier": "caution", "score": 7.0 }, "geometry": { "type": "Polygon", "coordinates": [ [ [ 127.97499999999981, 36.824999999999783 ], [ 127.97499999999981, 36.87499999999978 ], [ 127.924999999999798, 36.87499999999978 ], [ 127.924999999999798, 36.824999999999783 ], [ 127.97499999999981, 36.824999999999783 ] ] ] } },
{ "type": "Feature", "properties": { "variability_nT": 404.4, "tier": "caution", "score": 7.0 }, "geometry": { "type": "Polygon", "coordinates": [ [ [ 127.874999999999815, 36.87499999999978 ], [ 127.874999999999815, 36.924999999999777 ], [ 127.824999999999804, 36.924999999999777 ], [ 127.824999999999804, 36.87499999999978 ], [ 127.874999999999815, 36.87499999999978 ] ] ] } },
{ "type": "Feature", "properties": { "variability_nT": 571.2, "tier": "caution", "score": 7.0 }, "geometry": { "type": "Polygon", "coordinates": [ [ [ 128.024999999999807, 36.87499999999978 ], [ 128.024999999999807, 36.924999999999777 ], [ 127.974999999999795, 36.924999999999777 ], [ 127.974999999999795, 36.87499999999978 ], [ 128.024999999999807, 36.87499999999978 ] ] ] } },
{ "type": "Feature", "properties": { "variability_nT": 402.6, "tier": "caution", "score": 7.0 }, "geometry": { "type": "Polygon", "coordinates": [ [ [ 127.824999999999818, 36.924999999999777 ], [ 127.824999999999818, 36.974999999999774 ], [ 127.774999999999807, 36.974999999999774 ], [ 127.774999999999807, 36.924999999999777 ], [ 127.824999999999818, 36.924999999999777 ] ] ] } },
{ "type": "Feature", "properties": { "variability_nT": 457.5, "tier": "caution", "score": 7.0 }, "geometry": { "type": "Polygon", "coordinates": [ [ [ 127.874999999999815, 36.974999999999774 ], [ 127.874999999999815, 37.024999999999771 ], [ 127.824999999999804, 37.024999999999771 ], [ 127.824999999999804, 36.974999999999774 ], [ 127.874999999999815, 36.974999999999774 ] ] ] } },
{ "type": "Feature", "properties": { "variability_nT": 517.2, "tier": "caution", "score": 7.0 }, "geometry": { "type": "Polygon", "coordinates": [ [ [ 127.924999999999812, 36.974999999999774 ], [ 127.924999999999812, 37.024999999999771 ], [ 127.874999999999801, 37.024999999999771 ], [ 127.874999999999801, 36.974999999999774 ], [ 127.924999999999812, 36.974999999999774 ] ] ] } },
{ "type": "Feature", "properties": { "variability_nT": 551.2, "tier": "caution", "score": 7.0 }, "geometry": { "type": "Polygon", "coordinates": [ [ [ 127.97499999999981, 36.974999999999774 ], [ 127.97499999999981, 37.024999999999771 ], [ 127.924999999999798, 37.024999999999771 ], [ 127.924999999999798, 36.974999999999774 ], [ 127.97499999999981, 36.974999999999774 ] ] ] } },
{ "type": "Feature", "properties": { "variability_nT": 560.0, "tier": "caution", "score": 7.0 }, "geometry": { "type": "Polygon", "coordinates": [ [ [ 128.024999999999807, 37.024999999999771 ], [ 128.024999999999807, 37.074999999999768 ], [ 127.974999999999795, 37.074999999999768 ], [ 127.974999999999795, 37.024999999999771 ], [ 128.024999999999807, 37.024999999999771 ] ] ] } },
{ "type": "Feature", "properties": { "variability_nT": 491.1, "tier": "caution", "score": 7.0 }, "geometry": { "type": "Polygon", "coordinates": [ [ [ 128.07499999999979, 37.024999999999771 ], [ 128.07499999999979, 37.074999999999768 ], [ 128.024999999999778, 37.074999999999768 ], [ 128.024999999999778, 37.024999999999771 ], [ 128.07499999999979, 37.024999999999771 ] ] ] } }
]
}
