{
"type": "FeatureCollection",
"name": "gradient_optimal",
"crs": { "type": "name", "properties": { "name": "urn:ogc:def:crs:OGC:1.3:CRS84" } },
"features": [
{ "type": "Feature", "properties": { "variability_nT": 182.0, "tier": "optimal", "score": 10.0 }, "geometry": { "type": "Polygon", "coordinates": [ [ [ 126.225, 33.225 ], [ 126.225, 33.275 ], [ 126.174999999999898, 33.275 ], [ 126.174999999999898, 33.225 ], [ 126.225, 33.225 ] ] ] } },
{ "type": "Feature", "properties": { "variability_nT": 212.5, "tier": "optimal", "score": 10.0 }, "geometry": { "type": "Polygon", "coordinates": [ [ [ 126.275, 33.225 ], [ 126.275, 33.275 ], [ 126.224999999999895, 33.275 ], [ 126.224999999999895, 33.225 ], [ 126.275, 33.225 ] ] ] } },
{ "type": "Feature", "properties": { "variability_nT": 314.4, "tier": "optimal", "score": 10.0 }, "geometry": { "type": "Polygon", "coordinates": [ [ [ 126.325, 33.225 ], [ 126.325, 33.275 ], [ 126.274999999999892, 33.275 ], [ 126.274999999999892, 33.225 ], [ 126.325, 33.225 ] ] ] } },
{ "type": "Feature", "properties": { "variability_nT": 387.5, "tier": "optimal", "score": 10.0 }, "geometry": { "type": "Polygon", "coordinates": [ [ [ 126.375, 33.225 ], [ 126.375, 33.275 ], [ 126.324999999999889, 33.275 ], [ 126.324999999999889, 33.225 ], [ 126.375, 33.225 ] ] ] } },
{ "type": "Feature", "properties": { "variability_nT": 388.4, "tier": "optimal", "score": 10.0 }, "geometry": { "type": "Polygon", "coordinates": [ [ [ 126.424999999999898, 33.225 ], [ 126.424999999999898, 33.275 ], [ 126.374999999999886, 33.275 ], [ 126.374999999999886, 33.225 ], [ 126.424999999999898, 33.225 ] ] ] } },
{ "type": "Feature", "properties": { "variability_nT": 381.1, "tier": "optimal", "score": 10.0 }, "geometry": { "type": "Polygon", "coordinates": [ [ [ 126.474999999999895, 33.225 ], [ 126.474999999999895, 33.275 ], [ 126.424999999999883, 33.275 ], [ 126.424999999999883, 33.225 ], [ 126.474999999999895, 33.225 ] ] ] } },
{ "type": "Feature", "properties": { "variability_nT": 354.6, "tier": "optimal", "score": 10.0 }, "geometry": { "type": "Polygon", "coordinates": [ [ [ 126.524999999999892, 33.225 ], [ 126.524999999999892, 33.275 ], [ 126.474999999999881, 33.275 ], [ 126.474999999999881, 33.225 ], [ 126.524999999999892, 33.225 ] ] ] } },
{ "type": "Feature", "properties": { "variability_nT": 273.5, "tier": "optimal", "score": 10.0 }, "geometry": { "type": "Polygon", "coordinates": [ [ [ 126.574999999999889, 33.225 ], [ 126.574999999999889, 33.275 ], [ 126.524999999999878, 33.275 ], [ 126.524999999999878, 33.225 ], [ 126.574999999999889, 33.225 ] ] ] } },
{ "type": "Feature", "properties": { "variability_nT": 242.6, "tier": "optimal", "score": 10.0 }, "geometry": { "type": "Polygon", "coordinates": [ [ [ 126.624999999999886, 33.225 ], [ 126.624999999999886, 33.275 ], [ 126.574999999999875, 33.275 ], [ 126.574999999999875, 33.225 ], [ 126.624999999999886, 33.225 ] ] ] } },
{ "type": "Feature", "properties": { "variability_nT": 224.6, "tier": "optimal", "score": 10.0 }, "geometry": { "type": "Polygon", "coordinates": [ [ [ 126.674999999999883, 33.225 ], [ 126.674999999999883, 33.275 ], [ 126.624999999999872, 33.275 ], [ 126.624999999999872, 33.225 ], [ 126.674999999999883, 33.225 ] ] ] } },
{ "type": "Feature", "properties": { "variability_nT": 209.8, "tier": "optimal", "score": 10.0 }, "geometry": { "type": "Polygon", "coordinates": [ [ [ 126.175, 33.275 ], [ 126.175, 33.325 ], [ 126.125, 33.325 ], [ 126.125, 33.275 ], [ 126.175, 33.275 ] ] ] } },
{ "type": "Feature", "properties": { "variability_nT": 322.9, "tier": "optimal", "score": 10.0 }, "geometry": { "type": "Polygon", "coordinates": [ [ [ 126.225, 33.275 ], [ 126.225, 33.325 ], [ 126.174999999999898, 33.325 ], [ 126.174999999999898, 33.275 ], [ 126.225, 33.275 ] ] ] } },
{ "type": "Feature", "properties": { "variability_nT": 297.9, "tier": "optimal", "score": 10.0 }, "geometry": { "type": "Polygon", "coordinates": [ [ [ 126.275, 33.275 ], [ 126.275, 33.325 ], [ 126.224999999999895, 33.325 ], [ 126.224999999999895, 33.275 ], [ 126.275, 33.275 ] ] ] } },
{ "type": "Feature", "properties": { "variability_nT": 302.9, "tier": "optimal", "score": 10.0 }, "geometry": { "type": "Polygon", "coordinates": [ [ [ 126.325, 33.275 ], [ 126.325, 33.325 ], [ 126.274999999999892, 33.325 ], [ 126.274999999999892, 33.275 ], [ 126.325, 33.275 ] ] ] } },
{ "type": "Feature", "properties": { "variability_nT": 339.5, "tier": "optimal", "score": 10.0 }, "geometry": { "type": "Polygon", "coordinates": [ [ [ 126.624999999999886, 33.275 ], [ 126.624999999999886, 33.325 ], [ 126.574999999999875, 33.325 ], [ 126.574999999999875, 33.275 ], [ 126.624999999999886, 33.275 ] ] ] } },
{ "type": "Feature", "properties": { "variability_nT": 245.9, "tier": "optimal", "score": 10.0 }, "geometry": { "type": "Polygon", "coordinates": [ [ [ 126.674999999999883, 33.275 ], [ 126.674999999999883, 33.325 ], [ 126.624999999999872, 33.325 ], [ 126.624999999999872, 33.275 ], [ 126.674999999999883, 33.275 ] ] ] } },
{ "type": "Feature", "properties": { "variability_nT": 219.0, "tier": "optimal", "score": 10.0 }, "geometry": { "type": "Polygon", "coordinates": [ [ [ 126.724999999999881, 33.275 ], [ 126.724999999999881, 33.325 ], [ 126.674999999999869, 33.325 ], [ 126.674999999999869, 33.275 ], [ 126.724999999999881, 33.275 ] ] ] } },
{ "type": "Feature", "properties": { "variability_nT": 268.2, "tier": "optimal", "score": 10.0 }, "geometry": { "type": "Polygon", "coordinates": [ [ [ 126.774999999999878, 33.275 ], [ 126.774999999999878, 33.325 ], [ 126.724999999999866, 33.325 ], [ 126.724999999999866, 33.275 ], [ 126.774999999999878, 33.275 ] ] ] } },
{ "type": "Feature", "properties": { "variability_nT": 211.8, "tier": "optimal", "score": 10.0 }, "geometry": { "type": "Polygon", "coordinates": [ [ [ 126.824999999999875, 33.275 ], [ 126.824999999999875, 33.325 ], [ 126.774999999999864, 33.325 ], [ 126.774999999999864, 33.275 ], [ 126.824999999999875, 33.275 ] ] ] } },
{ "type": "Feature", "properties": { "variability_nT": 182.3, "tier": "optimal", "score": 10.0 }, "geometry": { "type": "Polygon", "coordinates": [ [ [ 126.225, 33.325 ], [ 126.225, 33.375 ], [ 126.174999999999898, 33.375 ], [ 126.174999999999898, 33.325 ], [ 126.225, 33.325 ] ] ] } },
{ "type": "Feature", "properties": { "variability_nT": 265.0, "tier": "optimal", "score": 10.0 }, "geometry": { "type": "Polygon", "coordinates": [ [ [ 126.275, 33.325 ], [ 126.275, 33.375 ], [ 126.224999999999895, 33.375 ], [ 126.224999999999895, 33.325 ], [ 126.275, 33.325 ] ] ] } },
{ "type": "Feature", "properties": { "variability_nT": 290.6, "tier": "optimal", "score": 10.0 }, "geometry": { "type": "Polygon", "coordinates": [ [ [ 126.325, 33.325 ], [ 126.325, 33.375 ], [ 126.274999999999892, 33.375 ], [ 126.274999999999892, 33.325 ], [ 126.325, 33.325 ] ] ] } },
{ "type": "Feature", "properties": { "variability_nT": 257.8, "tier": "optimal", "score": 10.0 }, "geometry": { "type": "Polygon", "coordinates": [ [ [ 126.674999999999883, 33.325 ], [ 126.674999999999883, 33.375 ], [ 126.624999999999872, 33.375 ], [ 126.624999999999872, 33.325 ], [ 126.674999999999883, 33.325 ] ] ] } },
{ "type": "Feature", "properties": { "variability_nT": 227.7, "tier": "optimal", "score": 10.0 }, "geometry": { "type": "Polygon", "coordinates": [ [ [ 126.724999999999881, 33.325 ], [ 126.724999999999881, 33.375 ], [ 126.674999999999869, 33.375 ], [ 126.674999999999869, 33.325 ], [ 126.724999999999881, 33.325 ] ] ] } },
{ "type": "Feature", "properties": { "variability_nT": 234.9, "tier": "optimal", "score": 10.0 }, "geometry": { "type": "Polygon", "coordinates": [ [ [ 126.824999999999875, 33.325 ], [ 126.824999999999875, 33.375 ], [ 126.774999999999864, 33.375 ], [ 126.774999999999864, 33.325 ], [ 126.824999999999875, 33.325 ] ] ] } },
{ "type": "Feature", "properties": { "variability_nT": 381.3, "tier": "optimal", "score": 10.0 }, "geometry": { "type": "Polygon", "coordinates": [ [ [ 126.874999999999872, 33.325 ], [ 126.874999999999872, 33.375 ], [ 126.824999999999861, 33.375 ], [ 126.824999999999861, 33.325 ], [ 126.874999999999872, 33.325 ] ] ] } },
{ "type": "Feature", "properties": { "variability_nT": 223.7, "tier": "optimal", "score": 10.0 }, "geometry": { "type": "Polygon", "coordinates": [ [ [ 126.275, 33.375 ], [ 126.275, 33.425 ], [ 126.224999999999895, 33.425 ], [ 126.224999999999895, 33.375 ], [ 126.275, 33.375 ] ] ] } },
{ "type": "Feature", "properties": { "variability_nT": 245.1, "tier": "optimal", "score": 10.0 }, "geometry": { "type": "Polygon", "coordinates": [ [ [ 126.325, 33.375 ], [ 126.325, 33.425 ], [ 126.274999999999892, 33.425 ], [ 126.274999999999892, 33.375 ], [ 126.325, 33.375 ] ] ] } },
{ "type": "Feature", "properties": { "variability_nT": 357.8, "tier": "optimal", "score": 10.0 }, "geometry": { "type": "Polygon", "coordinates": [ [ [ 126.375, 33.375 ], [ 126.375, 33.425 ], [ 126.324999999999889, 33.425 ], [ 126.324999999999889, 33.375 ], [ 126.375, 33.375 ] ] ] } },
{ "type": "Feature", "properties": { "variability_nT": 344.8, "tier": "optimal", "score": 10.0 }, "geometry": { "type": "Polygon", "coordinates": [ [ [ 126.674999999999883, 33.375 ], [ 126.674999999999883, 33.425 ], [ 126.624999999999872, 33.425 ], [ 126.624999999999872, 33.375 ], [ 126.674999999999883, 33.375 ] ] ] } },
{ "type": "Feature", "properties": { "variability_nT": 360.9, "tier": "optimal", "score": 10.0 }, "geometry": { "type": "Polygon", "coordinates": [ [ [ 126.724999999999881, 33.375 ], [ 126.724999999999881, 33.425 ], [ 126.674999999999869, 33.425 ], [ 126.674999999999869, 33.375 ], [ 126.724999999999881, 33.375 ] ] ] } },
{ "type": "Feature", "properties": { "variability_nT": 322.2, "tier": "optimal", "score": 10.0 }, "geometry": { "type": "Polygon", "coordinates": [ [ [ 126.774999999999878, 33.375 ], [ 126.774999999999878, 33.425 ], [ 126.724999999999866, 33.425 ], [ 126.724999999999866, 33.375 ], [ 126.774999999999878, 33.375 ] ] ] } },
{ "type": "Feature", "properties": { "variability_nT": 231.8, "tier": "optimal", "score": 10.0 }, "geometry": { "type": "Polygon", "coordinates": [ [ [ 126.824999999999875, 33.375 ], [ 126.824999999999875, 33.425 ], [ 126.774999999999864, 33.425 ], [ 126.774999999999864, 33.375 ], [ 126.824999999999875, 33.375 ] ] ] } },
{ "type": "Feature", "properties": { "variability_nT": 221.5, "tier": "optimal", "score": 10.0 }, "geometry": { "type": "Polygon", "coordinates": [ [ [ 126.275, 33.425 ], [ 126.275, 33.475 ], [ 126.224999999999895, 33.475 ], [ 126.224999999999895, 33.425 ], [ 126.275, 33.425 ] ] ] } },
{ "type": "Feature", "properties": { "variability_nT": 227.6, "tier": "optimal", "score": 10.0 }, "geometry": { "type": "Polygon", "coordinates": [ [ [ 126.325, 33.425 ], [ 126.325, 33.475 ], [ 126.274999999999892, 33.475 ], [ 126.274999999999892, 33.425 ], [ 126.325, 33.425 ] ] ] } },
{ "type": "Feature", "properties": { "variability_nT": 161.3, "tier": "optimal", "score": 10.0 }, "geometry": { "type": "Polygon", "coordinates": [ [ [ 126.375, 33.425 ], [ 126.375, 33.475 ], [ 126.324999999999889, 33.475 ], [ 126.324999999999889, 33.425 ], [ 126.375, 33.425 ] ] ] } },
{ "type": "Feature", "properties": { "variability_nT": 296.9, "tier": "optimal", "score": 10.0 }, "geometry": { "type": "Polygon", "coordinates": [ [ [ 126.424999999999898, 33.425 ], [ 126.424999999999898, 33.475 ], [ 126.374999999999886, 33.475 ], [ 126.374999999999886, 33.425 ], [ 126.424999999999898, 33.425 ] ] ] } },
{ "type": "Feature", "properties": { "variability_nT": 331.0, "tier": "optimal", "score": 10.0 }, "geometry": { "type": "Polygon", "coordinates": [ [ [ 126.474999999999895, 33.425 ], [ 126.474999999999895, 33.475 ], [ 126.424999999999883, 33.475 ], [ 126.424999999999883, 33.425 ], [ 126.474999999999895, 33.425 ] ] ] } },
{ "type": "Feature", "properties": { "variability_nT": 323.1, "tier": "optimal", "score": 10.0 }, "geometry": { "type": "Polygon", "coordinates": [ [ [ 126.524999999999892, 33.425 ], [ 126.524999999999892, 33.475 ], [ 126.474999999999881, 33.475 ], [ 126.474999999999881, 33.425 ], [ 126.524999999999892, 33.425 ] ] ] } },
{ "type": "Feature", "properties": { "variability_nT": 350.9, "tier": "optimal", "score": 10.0 }, "geometry": { "type": "Polygon", "coordinates": [ [ [ 126.574999999999889, 33.425 ], [ 126.574999999999889, 33.475 ], [ 126.524999999999878, 33.475 ], [ 126.524999999999878, 33.425 ], [ 126.574999999999889, 33.425 ] ] ] } },
{ "type": "Feature", "properties": { "variability_nT": 299.3, "tier": "optimal", "score": 10.0 }, "geometry": { "type": "Polygon", "coordinates": [ [ [ 126.624999999999886, 33.425 ], [ 126.624999999999886, 33.475 ], [ 126.574999999999875, 33.475 ], [ 126.574999999999875, 33.425 ], [ 126.624999999999886, 33.425 ] ] ] } },
{ "type": "Feature", "properties": { "variability_nT": 301.0, "tier": "optimal", "score": 10.0 }, "geometry": { "type": "Polygon", "coordinates": [ [ [ 126.674999999999883, 33.425 ], [ 126.674999999999883, 33.475 ], [ 126.624999999999872, 33.475 ], [ 126.624999999999872, 33.425 ], [ 126.674999999999883, 33.425 ] ] ] } },
{ "type": "Feature", "properties": { "variability_nT": 243.6, "tier": "optimal", "score": 10.0 }, "geometry": { "type": "Polygon", "coordinates": [ [ [ 126.724999999999881, 33.425 ], [ 126.724999999999881, 33.475 ], [ 126.674999999999869, 33.475 ], [ 126.674999999999869, 33.425 ], [ 126.724999999999881, 33.425 ] ] ] } },
{ "type": "Feature", "properties": { "variability_nT": 235.0, "tier": "optimal", "score": 10.0 }, "geometry": { "type": "Polygon", "coordinates": [ [ [ 126.774999999999878, 33.425 ], [ 126.774999999999878, 33.475 ], [ 126.724999999999866, 33.475 ], [ 126.724999999999866, 33.425 ], [ 126.774999999999878, 33.425 ] ] ] } },
{ "type": "Feature", "properties": { "variability_nT": 254.8, "tier": "optimal", "score": 10.0 }, "geometry": { "type": "Polygon", "coordinates": [ [ [ 126.824999999999875, 33.425 ], [ 126.824999999999875, 33.475 ], [ 126.774999999999864, 33.475 ], [ 126.774999999999864, 33.425 ], [ 126.824999999999875, 33.425 ] ] ] } },
{ "type": "Feature", "properties": { "variability_nT": 282.6, "tier": "optimal", "score": 10.0 }, "geometry": { "type": "Polygon", "coordinates": [ [ [ 126.874999999999872, 33.425 ], [ 126.874999999999872, 33.475 ], [ 126.824999999999861, 33.475 ], [ 126.824999999999861, 33.425 ], [ 126.874999999999872, 33.425 ] ] ] } },
{ "type": "Feature", "properties": { "variability_nT": 395.2, "tier": "optimal", "score": 10.0 }, "geometry": { "type": "Polygon", "coordinates": [ [ [ 126.924999999999869, 33.425 ], [ 126.924999999999869, 33.475 ], [ 126.874999999999858, 33.475 ], [ 126.874999999999858, 33.425 ], [ 126.924999999999869, 33.425 ] ] ] } },
{ "type": "Feature", "properties": { "variability_nT": 261.1, "tier": "optimal", "score": 10.0 }, "geometry": { "type": "Polygon", "coordinates": [ [ [ 126.974999999999866, 33.425 ], [ 126.974999999999866, 33.475 ], [ 126.924999999999855, 33.475 ], [ 126.924999999999855, 33.425 ], [ 126.974999999999866, 33.425 ] ] ] } },
{ "type": "Feature", "properties": { "variability_nT": 373.1, "tier": "optimal", "score": 10.0 }, "geometry": { "type": "Polygon", "coordinates": [ [ [ 126.424999999999898, 33.475 ], [ 126.424999999999898, 33.525 ], [ 126.374999999999886, 33.525 ], [ 126.374999999999886, 33.475 ], [ 126.424999999999898, 33.475 ] ] ] } },
{ "type": "Feature", "properties": { "variability_nT": 337.7, "tier": "optimal", "score": 10.0 }, "geometry": { "type": "Polygon", "coordinates": [ [ [ 126.474999999999895, 33.475 ], [ 126.474999999999895, 33.525 ], [ 126.424999999999883, 33.525 ], [ 126.424999999999883, 33.475 ], [ 126.474999999999895, 33.475 ] ] ] } },
{ "type": "Feature", "properties": { "variability_nT": 204.0, "tier": "optimal", "score": 10.0 }, "geometry": { "type": "Polygon", "coordinates": [ [ [ 126.524999999999892, 33.475 ], [ 126.524999999999892, 33.525 ], [ 126.474999999999881, 33.525 ], [ 126.474999999999881, 33.475 ], [ 126.524999999999892, 33.475 ] ] ] } },
{ "type": "Feature", "properties": { "variability_nT": 286.9, "tier": "optimal", "score": 10.0 }, "geometry": { "type": "Polygon", "coordinates": [ [ [ 126.574999999999889, 33.475 ], [ 126.574999999999889, 33.525 ], [ 126.524999999999878, 33.525 ], [ 126.524999999999878, 33.475 ], [ 126.574999999999889, 33.475 ] ] ] } },
{ "type": "Feature", "properties": { "variability_nT": 377.2, "tier": "optimal", "score": 10.0 }, "geometry": { "type": "Polygon", "coordinates": [ [ [ 126.624999999999886, 33.475 ], [ 126.624999999999886, 33.525 ], [ 126.574999999999875, 33.525 ], [ 126.574999999999875, 33.475 ], [ 126.624999999999886, 33.475 ] ] ] } },
{ "type": "Feature", "properties": { "variability_nT": 358.6, "tier": "optimal", "score": 10.0 }, "geometry": { "type": "Polygon", "coordinates": [ [ [ 126.674999999999883, 33.475 ], [ 126.674999999999883, 33.525 ], [ 126.624999999999872, 33.525 ], [ 126.624999999999872, 33.475 ], [ 126.674999999999883, 33.475 ] ] ] } },
{ "type": "Feature", "properties": { "variability_nT": 343.2, "tier": "optimal", "score": 10.0 }, "geometry": { "type": "Polygon", "coordinates": [ [ [ 126.724999999999881, 33.475 ], [ 126.724999999999881, 33.525 ], [ 126.674999999999869, 33.525 ], [ 126.674999999999869, 33.475 ], [ 126.724999999999881, 33.475 ] ] ] } },
{ "type": "Feature", "properties": { "variability_nT": 360.9, "tier": "optimal", "score": 10.0 }, "geometry": { "type": "Polygon", "coordinates": [ [ [ 126.774999999999878, 33.475 ], [ 126.774999999999878, 33.525 ], [ 126.724999999999866, 33.525 ], [ 126.724999999999866, 33.475 ], [ 126.774999999999878, 33.475 ] ] ] } },
{ "type": "Feature", "properties": { "variability_nT": 315.4, "tier": "optimal", "score": 10.0 }, "geometry": { "type": "Polygon", "coordinates": [ [ [ 126.824999999999875, 33.475 ], [ 126.824999999999875, 33.525 ], [ 126.774999999999864, 33.525 ], [ 126.774999999999864, 33.475 ], [ 126.824999999999875, 33.475 ] ] ] } },
{ "type": "Feature", "properties": { "variability_nT": 271.1, "tier": "optimal", "score": 10.0 }, "geometry": { "type": "Polygon", "coordinates": [ [ [ 126.874999999999872, 33.475 ], [ 126.874999999999872, 33.525 ], [ 126.824999999999861, 33.525 ], [ 126.824999999999861, 33.475 ], [ 126.874999999999872, 33.475 ] ] ] } },
{ "type": "Feature", "properties": { "variability_nT": 196.3, "tier": "optimal", "score": 10.0 }, "geometry": { "type": "Polygon", "coordinates": [ [ [ 126.924999999999869, 33.475 ], [ 126.924999999999869, 33.525 ], [ 126.874999999999858, 33.525 ], [ 126.874999999999858, 33.475 ], [ 126.924999999999869, 33.475 ] ] ] } },
{ "type": "Feature", "properties": { "variability_nT": 161.6, "tier": "optimal", "score": 10.0 }, "geometry": { "type": "Polygon", "coordinates": [ [ [ 126.574999999999889, 33.525 ], [ 126.574999999999889, 33.575 ], [ 126.524999999999878, 33.575 ], [ 126.524999999999878, 33.525 ], [ 126.574999999999889, 33.525 ] ] ] } },
{ "type": "Feature", "properties": { "variability_nT": 344.1, "tier": "optimal", "score": 10.0 }, "geometry": { "type": "Polygon", "coordinates": [ [ [ 126.674999999999883, 33.525 ], [ 126.674999999999883, 33.575 ], [ 126.624999999999872, 33.575 ], [ 126.624999999999872, 33.525 ], [ 126.674999999999883, 33.525 ] ] ] } },
{ "type": "Feature", "properties": { "variability_nT": 334.6, "tier": "optimal", "score": 10.0 }, "geometry": { "type": "Polygon", "coordinates": [ [ [ 126.824999999999875, 33.525 ], [ 126.824999999999875, 33.575 ], [ 126.774999999999864, 33.575 ], [ 126.774999999999864, 33.525 ], [ 126.824999999999875, 33.525 ] ] ] } },
{ "type": "Feature", "properties": { "variability_nT": 292.8, "tier": "optimal", "score": 10.0 }, "geometry": { "type": "Polygon", "coordinates": [ [ [ 126.874999999999872, 33.525 ], [ 126.874999999999872, 33.575 ], [ 126.824999999999861, 33.575 ], [ 126.824999999999861, 33.525 ], [ 126.874999999999872, 33.525 ] ] ] } },
{ "type": "Feature", "properties": { "variability_nT": 303.1, "tier": "optimal", "score": 10.0 }, "geometry": { "type": "Polygon", "coordinates": [ [ [ 126.924999999999869, 33.525 ], [ 126.924999999999869, 33.575 ], [ 126.874999999999858, 33.575 ], [ 126.874999999999858, 33.525 ], [ 126.924999999999869, 33.525 ] ] ] } },
{ "type": "Feature", "properties": { "variability_nT": 241.7, "tier": "optimal", "score": 10.0 }, "geometry": { "type": "Polygon", "coordinates": [ [ [ 126.824999999999875, 33.575 ], [ 126.824999999999875, 33.625 ], [ 126.774999999999864, 33.625 ], [ 126.774999999999864, 33.575 ], [ 126.824999999999875, 33.575 ] ] ] } },
{ "type": "Feature", "properties": { "variability_nT": 247.1, "tier": "optimal", "score": 10.0 }, "geometry": { "type": "Polygon", "coordinates": [ [ [ 126.574999999999889, 34.075 ], [ 126.574999999999889, 34.125 ], [ 126.524999999999878, 34.125 ], [ 126.524999999999878, 34.075 ], [ 126.574999999999889, 34.075 ] ] ] } },
{ "type": "Feature", "properties": { "variability_nT": 151.6, "tier": "optimal", "score": 10.0 }, "geometry": { "type": "Polygon", "coordinates": [ [ [ 126.624999999999886, 34.075 ], [ 126.624999999999886, 34.125 ], [ 126.574999999999875, 34.125 ], [ 126.574999999999875, 34.075 ], [ 126.624999999999886, 34.075 ] ] ] } },
{ "type": "Feature", "properties": { "variability_nT": 159.1, "tier": "optimal", "score": 10.0 }, "geometry": { "type": "Polygon", "coordinates": [ [ [ 126.724999999999881, 34.075 ], [ 126.724999999999881, 34.125 ], [ 126.674999999999869, 34.125 ], [ 126.674999999999869, 34.075 ], [ 126.724999999999881, 34.075 ] ] ] } },
{ "type": "Feature", "properties": { "variability_nT": 182.9, "tier": "optimal", "score": 10.0 }, "geometry": { "type": "Polygon", "coordinates": [ [ [ 126.774999999999878, 34.075 ], [ 126.774999999999878, 34.125 ], [ 126.724999999999866, 34.125 ], [ 126.724999999999866, 34.075 ], [ 126.774999999999878, 34.075 ] ] ] } },
{ "type": "Feature", "properties": { "variability_nT": 234.3, "tier": "optimal", "score": 10.0 }, "geometry": { "type": "Polygon", "coordinates": [ [ [ 126.974999999999866, 34.075 ], [ 126.974999999999866, 34.125 ], [ 126.924999999999855, 34.125 ], [ 126.924999999999855, 34.075 ], [ 126.974999999999866, 34.075 ] ] ] } },
{ "type": "Feature", "properties": { "variability_nT": 256.4, "tier": "optimal", "score": 10.0 }, "geometry": { "type": "Polygon", "coordinates": [ [ [ 126.574999999999889, 34.125 ], [ 126.574999999999889, 34.175 ], [ 126.524999999999878, 34.175 ], [ 126.524999999999878, 34.125 ], [ 126.574999999999889, 34.125 ] ] ] } },
{ "type": "Feature", "properties": { "variability_nT": 244.2, "tier": "optimal", "score": 10.0 }, "geometry": { "type": "Polygon", "coordinates": [ [ [ 126.624999999999886, 34.125 ], [ 126.624999999999886, 34.175 ], [ 126.574999999999875, 34.175 ], [ 126.574999999999875, 34.125 ], [ 126.624999999999886, 34.125 ] ] ] } },
{ "type": "Feature", "properties": { "variability_nT": 293.4, "tier": "optimal", "score": 10.0 }, "geometry": { "type": "Polygon", "coordinates": [ [ [ 126.674999999999883, 34.125 ], [ 126.674999999999883, 34.175 ], [ 126.624999999999872, 34.175 ], [ 126.624999999999872, 34.125 ], [ 126.674999999999883, 34.125 ] ] ] } },
{ "type": "Feature", "properties": { "variability_nT": 338.8, "tier": "optimal", "score": 10.0 }, "geometry": { "type": "Polygon", "coordinates": [ [ [ 126.724999999999881, 34.125 ], [ 126.724999999999881, 34.175 ], [ 126.674999999999869, 34.175 ], [ 126.674999999999869, 34.125 ], [ 126.724999999999881, 34.125 ] ] ] } },
{ "type": "Feature", "properties": { "variability_nT": 235.1, "tier": "optimal", "score": 10.0 }, "geometry": { "type": "Polygon", "coordinates": [ [ [ 126.774999999999878, 34.125 ], [ 126.774999999999878, 34.175 ], [ 126.724999999999866, 34.175 ], [ 126.724999999999866, 34.125 ], [ 126.774999999999878, 34.125 ] ] ] } },
{ "type": "Feature", "properties": { "variability_nT": 166.5, "tier": "optimal", "score": 10.0 }, "geometry": { "type": "Polygon", "coordinates": [ [ [ 126.824999999999875, 34.125 ], [ 126.824999999999875, 34.175 ], [ 126.774999999999864, 34.175 ], [ 126.774999999999864, 34.125 ], [ 126.824999999999875, 34.125 ] ] ] } },
{ "type": "Feature", "properties": { "variability_nT": 219.0, "tier": "optimal", "score": 10.0 }, "geometry": { "type": "Polygon", "coordinates": [ [ [ 126.874999999999872, 34.125 ], [ 126.874999999999872, 34.175 ], [ 126.824999999999861, 34.175 ], [ 126.824999999999861, 34.125 ], [ 126.874999999999872, 34.125 ] ] ] } },
{ "type": "Feature", "properties": { "variability_nT": 237.0, "tier": "optimal", "score": 10.0 }, "geometry": { "type": "Polygon", "coordinates": [ [ [ 126.924999999999869, 34.125 ], [ 126.924999999999869, 34.175 ], [ 126.874999999999858, 34.175 ], [ 126.874999999999858, 34.125 ], [ 126.924999999999869, 34.125 ] ] ] } },
{ "type": "Feature", "properties": { "variability_nT": 353.6, "tier": "optimal", "score": 10.0 }, "geometry": { "type": "Polygon", "coordinates": [ [ [ 126.974999999999866, 34.125 ], [ 126.974999999999866, 34.175 ], [ 126.924999999999855, 34.175 ], [ 126.924999999999855, 34.125 ], [ 126.974999999999866, 34.125 ] ] ] } },
{ "type": "Feature", "properties": { "variability_nT": 277.8, "tier": "optimal", "score": 10.0 }, "geometry": { "type": "Polygon", "coordinates": [ [ [ 127.074999999999861, 34.125 ], [ 127.074999999999861, 34.175 ], [ 127.024999999999849, 34.175 ], [ 127.024999999999849, 34.125 ], [ 127.074999999999861, 34.125 ] ] ] } },
{ "type": "Feature", "properties": { "variability_nT": 184.3, "tier": "optimal", "score": 10.0 }, "geometry": { "type": "Polygon", "coordinates": [ [ [ 125.925, 34.175 ], [ 125.925, 34.225 ], [ 125.875, 34.225 ], [ 125.875, 34.175 ], [ 125.925, 34.175 ] ] ] } },
{ "type": "Feature", "properties": { "variability_nT": 291.2, "tier": "optimal", "score": 10.0 }, "geometry": { "type": "Polygon", "coordinates": [ [ [ 126.025, 34.175 ], [ 126.025, 34.225 ], [ 125.975, 34.225 ], [ 125.975, 34.175 ], [ 126.025, 34.175 ] ] ] } },
{ "type": "Feature", "properties": { "variability_nT": 219.6, "tier": "optimal", "score": 10.0 }, "geometry": { "type": "Polygon", "coordinates": [ [ [ 126.075, 34.175 ], [ 126.075, 34.225 ], [ 126.025, 34.225 ], [ 126.025, 34.175 ], [ 126.075, 34.175 ] ] ] } },
{ "type": "Feature", "properties": { "variability_nT": 214.2, "tier": "optimal", "score": 10.0 }, "geometry": { "type": "Polygon", "coordinates": [ [ [ 126.125, 34.175 ], [ 126.125, 34.225 ], [ 126.075, 34.225 ], [ 126.075, 34.175 ], [ 126.125, 34.175 ] ] ] } },
{ "type": "Feature", "properties": { "variability_nT": 159.5, "tier": "optimal", "score": 10.0 }, "geometry": { "type": "Polygon", "coordinates": [ [ [ 126.175, 34.175 ], [ 126.175, 34.225 ], [ 126.125, 34.225 ], [ 126.125, 34.175 ], [ 126.175, 34.175 ] ] ] } },
{ "type": "Feature", "properties": { "variability_nT": 159.2, "tier": "optimal", "score": 10.0 }, "geometry": { "type": "Polygon", "coordinates": [ [ [ 126.474999999999895, 34.175 ], [ 126.474999999999895, 34.225 ], [ 126.424999999999883, 34.225 ], [ 126.424999999999883, 34.175 ], [ 126.474999999999895, 34.175 ] ] ] } },
{ "type": "Feature", "properties": { "variability_nT": 293.4, "tier": "optimal", "score": 10.0 }, "geometry": { "type": "Polygon", "coordinates": [ [ [ 126.624999999999886, 34.175 ], [ 126.624999999999886, 34.225 ], [ 126.574999999999875, 34.225 ], [ 126.574999999999875, 34.175 ], [ 126.624999999999886, 34.175 ] ] ] } },
{ "type": "Feature", "properties": { "variability_nT": 329.1, "tier": "optimal", "score": 10.0 }, "geometry": { "type": "Polygon", "coordinates": [ [ [ 126.774999999999878, 34.175 ], [ 126.774999999999878, 34.225 ], [ 126.724999999999866, 34.225 ], [ 126.724999999999866, 34.175 ], [ 126.774999999999878, 34.175 ] ] ] } },
{ "type": "Feature", "properties": { "variability_nT": 288.4, "tier": "optimal", "score": 10.0 }, "geometry": { "type": "Polygon", "coordinates": [ [ [ 126.824999999999875, 34.175 ], [ 126.824999999999875, 34.225 ], [ 126.774999999999864, 34.225 ], [ 126.774999999999864, 34.175 ], [ 126.824999999999875, 34.175 ] ] ] } },
{ "type": "Feature", "properties": { "variability_nT": 255.6, "tier": "optimal", "score": 10.0 }, "geometry": { "type": "Polygon", "coordinates": [ [ [ 126.874999999999872, 34.175 ], [ 126.874999999999872, 34.225 ], [ 126.824999999999861, 34.225 ], [ 126.824999999999861, 34.175 ], [ 126.874999999999872, 34.175 ] ] ] } },
{ "type": "Feature", "properties": { "variability_nT": 225.8, "tier": "optimal", "score": 10.0 }, "geometry": { "type": "Polygon", "coordinates": [ [ [ 126.924999999999869, 34.175 ], [ 126.924999999999869, 34.225 ], [ 126.874999999999858, 34.225 ], [ 126.874999999999858, 34.175 ], [ 126.924999999999869, 34.175 ] ] ] } },
{ "type": "Feature", "properties": { "variability_nT": 389.2, "tier": "optimal", "score": 10.0 }, "geometry": { "type": "Polygon", "coordinates": [ [ [ 126.974999999999866, 34.175 ], [ 126.974999999999866, 34.225 ], [ 126.924999999999855, 34.225 ], [ 126.924999999999855, 34.175 ], [ 126.974999999999866, 34.175 ] ] ] } },
{ "type": "Feature", "properties": { "variability_nT": 250.8, "tier": "optimal", "score": 10.0 }, "geometry": { "type": "Polygon", "coordinates": [ [ [ 125.925, 34.225 ], [ 125.925, 34.275 ], [ 125.875, 34.275 ], [ 125.875, 34.225 ], [ 125.925, 34.225 ] ] ] } },
{ "type": "Feature", "properties": { "variability_nT": 380.2, "tier": "optimal", "score": 10.0 }, "geometry": { "type": "Polygon", "coordinates": [ [ [ 125.975, 34.225 ], [ 125.975, 34.275 ], [ 125.925, 34.275 ], [ 125.925, 34.225 ], [ 125.975, 34.225 ] ] ] } },
{ "type": "Feature", "properties": { "variability_nT": 291.6, "tier": "optimal", "score": 10.0 }, "geometry": { "type": "Polygon", "coordinates": [ [ [ 126.025, 34.225 ], [ 126.025, 34.275 ], [ 125.975, 34.275 ], [ 125.975, 34.225 ], [ 126.025, 34.225 ] ] ] } },
{ "type": "Feature", "properties": { "variability_nT": 162.5, "tier": "optimal", "score": 10.0 }, "geometry": { "type": "Polygon", "coordinates": [ [ [ 126.075, 34.225 ], [ 126.075, 34.275 ], [ 126.025, 34.275 ], [ 126.025, 34.225 ], [ 126.075, 34.225 ] ] ] } },
{ "type": "Feature", "properties": { "variability_nT": 225.9, "tier": "optimal", "score": 10.0 }, "geometry": { "type": "Polygon", "coordinates": [ [ [ 126.125, 34.225 ], [ 126.125, 34.275 ], [ 126.075, 34.275 ], [ 126.075, 34.225 ], [ 126.125, 34.225 ] ] ] } },
{ "type": "Feature", "properties": { "variability_nT": 353.8, "tier": "optimal", "score": 10.0 }, "geometry": { "type": "Polygon", "coordinates": [ [ [ 126.175, 34.225 ], [ 126.175, 34.275 ], [ 126.125, 34.275 ], [ 126.125, 34.225 ], [ 126.175, 34.225 ] ] ] } },
{ "type": "Feature", "properties": { "variability_nT": 288.7, "tier": "optimal", "score": 10.0 }, "geometry": { "type": "Polygon", "coordinates": [ [ [ 126.225, 34.225 ], [ 126.225, 34.275 ], [ 126.174999999999898, 34.275 ], [ 126.174999999999898, 34.225 ], [ 126.225, 34.225 ] ] ] } },
{ "type": "Feature", "properties": { "variability_nT": 267.3, "tier": "optimal", "score": 10.0 }, "geometry": { "type": "Polygon", "coordinates": [ [ [ 126.624999999999886, 34.225 ], [ 126.624999999999886, 34.275 ], [ 126.574999999999875, 34.275 ], [ 126.574999999999875, 34.225 ], [ 126.624999999999886, 34.225 ] ] ] } },
{ "type": "Feature", "properties": { "variability_nT": 262.1, "tier": "optimal", "score": 10.0 }, "geometry": { "type": "Polygon", "coordinates": [ [ [ 126.674999999999883, 34.225 ], [ 126.674999999999883, 34.275 ], [ 126.624999999999872, 34.275 ], [ 126.624999999999872, 34.225 ], [ 126.674999999999883, 34.225 ] ] ] } },
{ "type": "Feature", "properties": { "variability_nT": 237.4, "tier": "optimal", "score": 10.0 }, "geometry": { "type": "Polygon", "coordinates": [ [ [ 126.724999999999881, 34.225 ], [ 126.724999999999881, 34.275 ], [ 126.674999999999869, 34.275 ], [ 126.674999999999869, 34.225 ], [ 126.724999999999881, 34.225 ] ] ] } },
{ "type": "Feature", "properties": { "variability_nT": 346.4, "tier": "optimal", "score": 10.0 }, "geometry": { "type": "Polygon", "coordinates": [ [ [ 126.774999999999878, 34.225 ], [ 126.774999999999878, 34.275 ], [ 126.724999999999866, 34.275 ], [ 126.724999999999866, 34.225 ], [ 126.774999999999878, 34.225 ] ] ] } },
{ "type": "Feature", "properties": { "variability_nT": 312.4, "tier": "optimal", "score": 10.0 }, "geometry": { "type": "Polygon", "coordinates": [ [ [ 126.824999999999875, 34.225 ], [ 126.824999999999875, 34.275 ], [ 126.774999999999864, 34.275 ], [ 126.774999999999864, 34.225 ], [ 126.824999999999875, 34.225 ] ] ] } },
{ "type": "Feature", "properties": { "variability_nT": 284.6, "tier": "optimal", "score": 10.0 }, "geometry": { "type": "Polygon", "coordinates": [ [ [ 126.874999999999872, 34.225 ], [ 126.874999999999872, 34.275 ], [ 126.824999999999861, 34.275 ], [ 126.824999999999861, 34.225 ], [ 126.874999999999872, 34.225 ] ] ] } },
{ "type": "Feature", "properties": { "variability_nT": 226.4, "tier": "optimal", "score": 10.0 }, "geometry": { "type": "Polygon", "coordinates": [ [ [ 126.924999999999869, 34.225 ], [ 126.924999999999869, 34.275 ], [ 126.874999999999858, 34.275 ], [ 126.874999999999858, 34.225 ], [ 126.924999999999869, 34.225 ] ] ] } },
{ "type": "Feature", "properties": { "variability_nT": 297.2, "tier": "optimal", "score": 10.0 }, "geometry": { "type": "Polygon", "coordinates": [ [ [ 126.974999999999866, 34.225 ], [ 126.974999999999866, 34.275 ], [ 126.924999999999855, 34.275 ], [ 126.924999999999855, 34.225 ], [ 126.974999999999866, 34.225 ] ] ] } },
{ "type": "Feature", "properties": { "variability_nT": 390.9, "tier": "optimal", "score": 10.0 }, "geometry": { "type": "Polygon", "coordinates": [ [ [ 127.024999999999864, 34.225 ], [ 127.024999999999864, 34.275 ], [ 126.974999999999852, 34.275 ], [ 126.974999999999852, 34.225 ], [ 127.024999999999864, 34.225 ] ] ] } },
{ "type": "Feature", "properties": { "variability_nT": 152.8, "tier": "optimal", "score": 10.0 }, "geometry": { "type": "Polygon", "coordinates": [ [ [ 127.074999999999861, 34.225 ], [ 127.074999999999861, 34.275 ], [ 127.024999999999849, 34.275 ], [ 127.024999999999849, 34.225 ], [ 127.074999999999861, 34.225 ] ] ] } },
{ "type": "Feature", "properties": { "variability_nT": 159.0, "tier": "optimal", "score": 10.0 }, "geometry": { "type": "Polygon", "coordinates": [ [ [ 127.174999999999855, 34.225 ], [ 127.174999999999855, 34.275 ], [ 127.124999999999844, 34.275 ], [ 127.124999999999844, 34.225 ], [ 127.174999999999855, 34.225 ] ] ] } },
{ "type": "Feature", "properties": { "variability_nT": 173.1, "tier": "optimal", "score": 10.0 }, "geometry": { "type": "Polygon", "coordinates": [ [ [ 127.224999999999852, 34.225 ], [ 127.224999999999852, 34.275 ], [ 127.174999999999841, 34.275 ], [ 127.174999999999841, 34.225 ], [ 127.224999999999852, 34.225 ] ] ] } },
{ "type": "Feature", "properties": { "variability_nT": 180.3, "tier": "optimal", "score": 10.0 }, "geometry": { "type": "Polygon", "coordinates": [ [ [ 125.875, 34.275 ], [ 125.875, 34.325 ], [ 125.825, 34.325 ], [ 125.825, 34.275 ], [ 125.875, 34.275 ] ] ] } },
{ "type": "Feature", "properties": { "variability_nT": 275.4, "tier": "optimal", "score": 10.0 }, "geometry": { "type": "Polygon", "coordinates": [ [ [ 126.025, 34.275 ], [ 126.025, 34.325 ], [ 125.975, 34.325 ], [ 125.975, 34.275 ], [ 126.025, 34.275 ] ] ] } },
{ "type": "Feature", "properties": { "variability_nT": 200.6, "tier": "optimal", "score": 10.0 }, "geometry": { "type": "Polygon", "coordinates": [ [ [ 126.125, 34.275 ], [ 126.125, 34.325 ], [ 126.075, 34.325 ], [ 126.075, 34.275 ], [ 126.125, 34.275 ] ] ] } },
{ "type": "Feature", "properties": { "variability_nT": 253.8, "tier": "optimal", "score": 10.0 }, "geometry": { "type": "Polygon", "coordinates": [ [ [ 126.225, 34.275 ], [ 126.225, 34.325 ], [ 126.174999999999898, 34.325 ], [ 126.174999999999898, 34.275 ], [ 126.225, 34.275 ] ] ] } },
{ "type": "Feature", "properties": { "variability_nT": 183.1, "tier": "optimal", "score": 10.0 }, "geometry": { "type": "Polygon", "coordinates": [ [ [ 126.624999999999886, 34.275 ], [ 126.624999999999886, 34.325 ], [ 126.574999999999875, 34.325 ], [ 126.574999999999875, 34.275 ], [ 126.624999999999886, 34.275 ] ] ] } },
{ "type": "Feature", "properties": { "variability_nT": 166.6, "tier": "optimal", "score": 10.0 }, "geometry": { "type": "Polygon", "coordinates": [ [ [ 126.674999999999883, 34.275 ], [ 126.674999999999883, 34.325 ], [ 126.624999999999872, 34.325 ], [ 126.624999999999872, 34.275 ], [ 126.674999999999883, 34.275 ] ] ] } },
{ "type": "Feature", "properties": { "variability_nT": 303.4, "tier": "optimal", "score": 10.0 }, "geometry": { "type": "Polygon", "coordinates": [ [ [ 126.724999999999881, 34.275 ], [ 126.724999999999881, 34.325 ], [ 126.674999999999869, 34.325 ], [ 126.674999999999869, 34.275 ], [ 126.724999999999881, 34.275 ] ] ] } },
{ "type": "Feature", "properties": { "variability_nT": 333.9, "tier": "optimal", "score": 10.0 }, "geometry": { "type": "Polygon", "coordinates": [ [ [ 126.774999999999878, 34.275 ], [ 126.774999999999878, 34.325 ], [ 126.724999999999866, 34.325 ], [ 126.724999999999866, 34.275 ], [ 126.774999999999878, 34.275 ] ] ] } },
{ "type": "Feature", "properties": { "variability_nT": 300.0, "tier": "optimal", "score": 10.0 }, "geometry": { "type": "Polygon", "coordinates": [ [ [ 126.824999999999875, 34.275 ], [ 126.824999999999875, 34.325 ], [ 126.774999999999864, 34.325 ], [ 126.774999999999864, 34.275 ], [ 126.824999999999875, 34.275 ] ] ] } },
{ "type": "Feature", "properties": { "variability_nT": 281.6, "tier": "optimal", "score": 10.0 }, "geometry": { "type": "Polygon", "coordinates": [ [ [ 126.874999999999872, 34.275 ], [ 126.874999999999872, 34.325 ], [ 126.824999999999861, 34.325 ], [ 126.824999999999861, 34.275 ], [ 126.874999999999872, 34.275 ] ] ] } },
{ "type": "Feature", "properties": { "variability_nT": 316.4, "tier": "optimal", "score": 10.0 }, "geometry": { "type": "Polygon", "coordinates": [ [ [ 126.924999999999869, 34.275 ], [ 126.924999999999869, 34.325 ], [ 126.874999999999858, 34.325 ], [ 126.874999999999858, 34.275 ], [ 126.924999999999869, 34.275 ] ] ] } },
{ "type": "Feature", "properties": { "variability_nT": 296.8, "tier": "optimal", "score": 10.0 }, "geometry": { "type": "Polygon", "coordinates": [ [ [ 126.974999999999866, 34.275 ], [ 126.974999999999866, 34.325 ], [ 126.924999999999855, 34.325 ], [ 126.924999999999855, 34.275 ], [ 126.974999999999866, 34.275 ] ] ] } },
{ "type": "Feature", "properties": { "variability_nT": 215.9, "tier": "optimal", "score": 10.0 }, "geometry": { "type": "Polygon", "coordinates": [ [ [ 127.024999999999864, 34.275 ], [ 127.024999999999864, 34.325 ], [ 126.974999999999852, 34.325 ], [ 126.974999999999852, 34.275 ], [ 127.024999999999864, 34.275 ] ] ] } },
{ "type": "Feature", "properties": { "variability_nT": 199.1, "tier": "optimal", "score": 10.0 }, "geometry": { "type": "Polygon", "coordinates": [ [ [ 127.174999999999855, 34.275 ], [ 127.174999999999855, 34.325 ], [ 127.124999999999844, 34.325 ], [ 127.124999999999844, 34.275 ], [ 127.174999999999855, 34.275 ] ] ] } },
{ "type": "Feature", "properties": { "variability_nT": 216.4, "tier": "optimal", "score": 10.0 }, "geometry": { "type": "Polygon", "coordinates": [ [ [ 127.224999999999852, 34.275 ], [ 127.224999999999852, 34.325 ], [ 127.174999999999841, 34.325 ], [ 127.174999999999841, 34.275 ], [ 127.224999999999852, 34.275 ] ] ] } },
{ "type": "Feature", "properties": { "variability_nT": 236.1, "tier": "optimal", "score": 10.0 }, "geometry": { "type": "Polygon", "coordinates": [ [ [ 127.274999999999849, 34.275 ], [ 127.274999999999849, 34.325 ], [ 127.224999999999838, 34.325 ], [ 127.224999999999838, 34.275 ], [ 127.274999999999849, 34.275 ] ] ] } },
{ "type": "Feature", "properties": { "variability_nT": 307.4, "tier": "optimal", "score": 10.0 }, "geometry": { "type": "Polygon", "coordinates": [ [ [ 127.324999999999847, 34.275 ], [ 127.324999999999847, 34.325 ], [ 127.274999999999835, 34.325 ], [ 127.274999999999835, 34.275 ], [ 127.324999999999847, 34.275 ] ] ] } },
{ "type": "Feature", "properties": { "variability_nT": 306.1, "tier": "optimal", "score": 10.0 }, "geometry": { "type": "Polygon", "coordinates": [ [ [ 125.925, 34.325 ], [ 125.925, 34.375 ], [ 125.875, 34.375 ], [ 125.875, 34.325 ], [ 125.925, 34.325 ] ] ] } },
{ "type": "Feature", "properties": { "variability_nT": 273.5, "tier": "optimal", "score": 10.0 }, "geometry": { "type": "Polygon", "coordinates": [ [ [ 125.975, 34.325 ], [ 125.975, 34.375 ], [ 125.925, 34.375 ], [ 125.925, 34.325 ], [ 125.975, 34.325 ] ] ] } },
{ "type": "Feature", "properties": { "variability_nT": 183.4, "tier": "optimal", "score": 10.0 }, "geometry": { "type": "Polygon", "coordinates": [ [ [ 126.025, 34.325 ], [ 126.025, 34.375 ], [ 125.975, 34.375 ], [ 125.975, 34.325 ], [ 126.025, 34.325 ] ] ] } },
{ "type": "Feature", "properties": { "variability_nT": 202.2, "tier": "optimal", "score": 10.0 }, "geometry": { "type": "Polygon", "coordinates": [ [ [ 126.125, 34.325 ], [ 126.125, 34.375 ], [ 126.075, 34.375 ], [ 126.075, 34.325 ], [ 126.125, 34.325 ] ] ] } },
{ "type": "Feature", "properties": { "variability_nT": 372.7, "tier": "optimal", "score": 10.0 }, "geometry": { "type": "Polygon", "coordinates": [ [ [ 126.175, 34.325 ], [ 126.175, 34.375 ], [ 126.125, 34.375 ], [ 126.125, 34.325 ], [ 126.175, 34.325 ] ] ] } },
{ "type": "Feature", "properties": { "variability_nT": 267.8, "tier": "optimal", "score": 10.0 }, "geometry": { "type": "Polygon", "coordinates": [ [ [ 126.225, 34.325 ], [ 126.225, 34.375 ], [ 126.174999999999898, 34.375 ], [ 126.174999999999898, 34.325 ], [ 126.225, 34.325 ] ] ] } },
{ "type": "Feature", "properties": { "variability_nT": 288.3, "tier": "optimal", "score": 10.0 }, "geometry": { "type": "Polygon", "coordinates": [ [ [ 126.275, 34.325 ], [ 126.275, 34.375 ], [ 126.224999999999895, 34.375 ], [ 126.224999999999895, 34.325 ], [ 126.275, 34.325 ] ] ] } },
{ "type": "Feature", "properties": { "variability_nT": 297.5, "tier": "optimal", "score": 10.0 }, "geometry": { "type": "Polygon", "coordinates": [ [ [ 126.325, 34.325 ], [ 126.325, 34.375 ], [ 126.274999999999892, 34.375 ], [ 126.274999999999892, 34.325 ], [ 126.325, 34.325 ] ] ] } },
{ "type": "Feature", "properties": { "variability_nT": 351.2, "tier": "optimal", "score": 10.0 }, "geometry": { "type": "Polygon", "coordinates": [ [ [ 126.424999999999898, 34.325 ], [ 126.424999999999898, 34.375 ], [ 126.374999999999886, 34.375 ], [ 126.374999999999886, 34.325 ], [ 126.424999999999898, 34.325 ] ] ] } },
{ "type": "Feature", "properties": { "variability_nT": 187.2, "tier": "optimal", "score": 10.0 }, "geometry": { "type": "Polygon", "coordinates": [ [ [ 126.474999999999895, 34.325 ], [ 126.474999999999895, 34.375 ], [ 126.424999999999883, 34.375 ], [ 126.424999999999883, 34.325 ], [ 126.474999999999895, 34.325 ] ] ] } },
{ "type": "Feature", "properties": { "variability_nT": 152.2, "tier": "optimal", "score": 10.0 }, "geometry": { "type": "Polygon", "coordinates": [ [ [ 126.524999999999892, 34.325 ], [ 126.524999999999892, 34.375 ], [ 126.474999999999881, 34.375 ], [ 126.474999999999881, 34.325 ], [ 126.524999999999892, 34.325 ] ] ] } },
{ "type": "Feature", "properties": { "variability_nT": 160.4, "tier": "optimal", "score": 10.0 }, "geometry": { "type": "Polygon", "coordinates": [ [ [ 126.574999999999889, 34.325 ], [ 126.574999999999889, 34.375 ], [ 126.524999999999878, 34.375 ], [ 126.524999999999878, 34.325 ], [ 126.574999999999889, 34.325 ] ] ] } },
{ "type": "Feature", "properties": { "variability_nT": 156.0, "tier": "optimal", "score": 10.0 }, "geometry": { "type": "Polygon", "coordinates": [ [ [ 126.624999999999886, 34.325 ], [ 126.624999999999886, 34.375 ], [ 126.574999999999875, 34.375 ], [ 126.574999999999875, 34.325 ], [ 126.624999999999886, 34.325 ] ] ] } },
{ "type": "Feature", "properties": { "variability_nT": 175.8, "tier": "optimal", "score": 10.0 }, "geometry": { "type": "Polygon", "coordinates": [ [ [ 126.674999999999883, 34.325 ], [ 126.674999999999883, 34.375 ], [ 126.624999999999872, 34.375 ], [ 126.624999999999872, 34.325 ], [ 126.674999999999883, 34.325 ] ] ] } },
{ "type": "Feature", "properties": { "variability_nT": 159.6, "tier": "optimal", "score": 10.0 }, "geometry": { "type": "Polygon", "coordinates": [ [ [ 126.724999999999881, 34.325 ], [ 126.724999999999881, 34.375 ], [ 126.674999999999869, 34.375 ], [ 126.674999999999869, 34.325 ], [ 126.724999999999881, 34.325 ] ] ] } },
{ "type": "Feature", "properties": { "variability_nT": 224.2, "tier": "optimal", "score": 10.0 }, "geometry": { "type": "Polygon", "coordinates": [ [ [ 126.774999999999878, 34.325 ], [ 126.774999999999878, 34.375 ], [ 126.724999999999866, 34.375 ], [ 126.724999999999866, 34.325 ], [ 126.774999999999878, 34.325 ] ] ] } },
{ "type": "Feature", "properties": { "variability_nT": 249.9, "tier": "optimal", "score": 10.0 }, "geometry": { "type": "Polygon", "coordinates": [ [ [ 126.824999999999875, 34.325 ], [ 126.824999999999875, 34.375 ], [ 126.774999999999864, 34.375 ], [ 126.774999999999864, 34.325 ], [ 126.824999999999875, 34.325 ] ] ] } },
{ "type": "Feature", "properties": { "variability_nT": 234.9, "tier": "optimal", "score": 10.0 }, "geometry": { "type": "Polygon", "coordinates": [ [ [ 126.874999999999872, 34.325 ], [ 126.874999999999872, 34.375 ], [ 126.824999999999861, 34.375 ], [ 126.824999999999861, 34.325 ], [ 126.874999999999872, 34.325 ] ] ] } },
{ "type": "Feature", "properties": { "variability_nT": 212.1, "tier": "optimal", "score": 10.0 }, "geometry": { "type": "Polygon", "coordinates": [ [ [ 126.924999999999869, 34.325 ], [ 126.924999999999869, 34.375 ], [ 126.874999999999858, 34.375 ], [ 126.874999999999858, 34.325 ], [ 126.924999999999869, 34.325 ] ] ] } },
{ "type": "Feature", "properties": { "variability_nT": 268.8, "tier": "optimal", "score": 10.0 }, "geometry": { "type": "Polygon", "coordinates": [ [ [ 126.974999999999866, 34.325 ], [ 126.974999999999866, 34.375 ], [ 126.924999999999855, 34.375 ], [ 126.924999999999855, 34.325 ], [ 126.974999999999866, 34.325 ] ] ] } },
{ "type": "Feature", "properties": { "variability_nT": 272.8, "tier": "optimal", "score": 10.0 }, "geometry": { "type": "Polygon", "coordinates": [ [ [ 127.024999999999864, 34.325 ], [ 127.024999999999864, 34.375 ], [ 126.974999999999852, 34.375 ], [ 126.974999999999852, 34.325 ], [ 127.024999999999864, 34.325 ] ] ] } },
{ "type": "Feature", "properties": { "variability_nT": 173.6, "tier": "optimal", "score": 10.0 }, "geometry": { "type": "Polygon", "coordinates": [ [ [ 127.074999999999861, 34.325 ], [ 127.074999999999861, 34.375 ], [ 127.024999999999849, 34.375 ], [ 127.024999999999849, 34.325 ], [ 127.074999999999861, 34.325 ] ] ] } },
{ "type": "Feature", "properties": { "variability_nT": 187.8, "tier": "optimal", "score": 10.0 }, "geometry": { "type": "Polygon", "coordinates": [ [ [ 127.124999999999858, 34.325 ], [ 127.124999999999858, 34.375 ], [ 127.074999999999847, 34.375 ], [ 127.074999999999847, 34.325 ], [ 127.124999999999858, 34.325 ] ] ] } },
{ "type": "Feature", "properties": { "variability_nT": 217.8, "tier": "optimal", "score": 10.0 }, "geometry": { "type": "Polygon", "coordinates": [ [ [ 127.174999999999855, 34.325 ], [ 127.174999999999855, 34.375 ], [ 127.124999999999844, 34.375 ], [ 127.124999999999844, 34.325 ], [ 127.174999999999855, 34.325 ] ] ] } },
{ "type": "Feature", "properties": { "variability_nT": 217.8, "tier": "optimal", "score": 10.0 }, "geometry": { "type": "Polygon", "coordinates": [ [ [ 127.224999999999852, 34.325 ], [ 127.224999999999852, 34.375 ], [ 127.174999999999841, 34.375 ], [ 127.174999999999841, 34.325 ], [ 127.224999999999852, 34.325 ] ] ] } },
{ "type": "Feature", "properties": { "variability_nT": 291.6, "tier": "optimal", "score": 10.0 }, "geometry": { "type": "Polygon", "coordinates": [ [ [ 127.274999999999849, 34.325 ], [ 127.274999999999849, 34.375 ], [ 127.224999999999838, 34.375 ], [ 127.224999999999838, 34.325 ], [ 127.274999999999849, 34.325 ] ] ] } },
{ "type": "Feature", "properties": { "variability_nT": 339.0, "tier": "optimal", "score": 10.0 }, "geometry": { "type": "Polygon", "coordinates": [ [ [ 127.324999999999847, 34.325 ], [ 127.324999999999847, 34.375 ], [ 127.274999999999835, 34.375 ], [ 127.274999999999835, 34.325 ], [ 127.324999999999847, 34.325 ] ] ] } },
{ "type": "Feature", "properties": { "variability_nT": 194.5, "tier": "optimal", "score": 10.0 }, "geometry": { "type": "Polygon", "coordinates": [ [ [ 127.474999999999838, 34.325 ], [ 127.474999999999838, 34.375 ], [ 127.424999999999827, 34.375 ], [ 127.424999999999827, 34.325 ], [ 127.474999999999838, 34.325 ] ] ] } },
{ "type": "Feature", "properties": { "variability_nT": 235.2, "tier": "optimal", "score": 10.0 }, "geometry": { "type": "Polygon", "coordinates": [ [ [ 127.524999999999835, 34.325 ], [ 127.524999999999835, 34.375 ], [ 127.474999999999824, 34.375 ], [ 127.474999999999824, 34.325 ], [ 127.524999999999835, 34.325 ] ] ] } },
{ "type": "Feature", "properties": { "variability_nT": 217.8, "tier": "optimal", "score": 10.0 }, "geometry": { "type": "Polygon", "coordinates": [ [ [ 127.574999999999832, 34.325 ], [ 127.574999999999832, 34.375 ], [ 127.524999999999821, 34.375 ], [ 127.524999999999821, 34.325 ], [ 127.574999999999832, 34.325 ] ] ] } },
{ "type": "Feature", "properties": { "variability_nT": 161.6, "tier": "optimal", "score": 10.0 }, "geometry": { "type": "Polygon", "coordinates": [ [ [ 127.774999999999821, 34.325 ], [ 127.774999999999821, 34.375 ], [ 127.72499999999981, 34.375 ], [ 127.72499999999981, 34.325 ], [ 127.774999999999821, 34.325 ] ] ] } },
{ "type": "Feature", "properties": { "variability_nT": 152.4, "tier": "optimal", "score": 10.0 }, "geometry": { "type": "Polygon", "coordinates": [ [ [ 127.824999999999818, 34.325 ], [ 127.824999999999818, 34.375 ], [ 127.774999999999807, 34.375 ], [ 127.774999999999807, 34.325 ], [ 127.824999999999818, 34.325 ] ] ] } },
{ "type": "Feature", "properties": { "variability_nT": 157.9, "tier": "optimal", "score": 10.0 }, "geometry": { "type": "Polygon", "coordinates": [ [ [ 125.925, 34.375 ], [ 125.925, 34.425 ], [ 125.875, 34.425 ], [ 125.875, 34.375 ], [ 125.925, 34.375 ] ] ] } },
{ "type": "Feature", "properties": { "variability_nT": 302.9, "tier": "optimal", "score": 10.0 }, "geometry": { "type": "Polygon", "coordinates": [ [ [ 125.975, 34.375 ], [ 125.975, 34.425 ], [ 125.925, 34.425 ], [ 125.925, 34.375 ], [ 125.975, 34.375 ] ] ] } },
{ "type": "Feature", "properties": { "variability_nT": 239.1, "tier": "optimal", "score": 10.0 }, "geometry": { "type": "Polygon", "coordinates": [ [ [ 126.025, 34.375 ], [ 126.025, 34.425 ], [ 125.975, 34.425 ], [ 125.975, 34.375 ], [ 126.025, 34.375 ] ] ] } },
{ "type": "Feature", "properties": { "variability_nT": 194.9, "tier": "optimal", "score": 10.0 }, "geometry": { "type": "Polygon", "coordinates": [ [ [ 126.125, 34.375 ], [ 126.125, 34.425 ], [ 126.075, 34.425 ], [ 126.075, 34.375 ], [ 126.125, 34.375 ] ] ] } },
{ "type": "Feature", "properties": { "variability_nT": 372.2, "tier": "optimal", "score": 10.0 }, "geometry": { "type": "Polygon", "coordinates": [ [ [ 126.275, 34.375 ], [ 126.275, 34.425 ], [ 126.224999999999895, 34.425 ], [ 126.224999999999895, 34.375 ], [ 126.275, 34.375 ] ] ] } },
{ "type": "Feature", "properties": { "variability_nT": 385.9, "tier": "optimal", "score": 10.0 }, "geometry": { "type": "Polygon", "coordinates": [ [ [ 126.424999999999898, 34.375 ], [ 126.424999999999898, 34.425 ], [ 126.374999999999886, 34.425 ], [ 126.374999999999886, 34.375 ], [ 126.424999999999898, 34.375 ] ] ] } },
{ "type": "Feature", "properties": { "variability_nT": 179.4, "tier": "optimal", "score": 10.0 }, "geometry": { "type": "Polygon", "coordinates": [ [ [ 126.474999999999895, 34.375 ], [ 126.474999999999895, 34.425 ], [ 126.424999999999883, 34.425 ], [ 126.424999999999883, 34.375 ], [ 126.474999999999895, 34.375 ] ] ] } },
{ "type": "Feature", "properties": { "variability_nT": 163.4, "tier": "optimal", "score": 10.0 }, "geometry": { "type": "Polygon", "coordinates": [ [ [ 126.574999999999889, 34.375 ], [ 126.574999999999889, 34.425 ], [ 126.524999999999878, 34.425 ], [ 126.524999999999878, 34.375 ], [ 126.574999999999889, 34.375 ] ] ] } },
{ "type": "Feature", "properties": { "variability_nT": 186.4, "tier": "optimal", "score": 10.0 }, "geometry": { "type": "Polygon", "coordinates": [ [ [ 126.624999999999886, 34.375 ], [ 126.624999999999886, 34.425 ], [ 126.574999999999875, 34.425 ], [ 126.574999999999875, 34.375 ], [ 126.624999999999886, 34.375 ] ] ] } },
{ "type": "Feature", "properties": { "variability_nT": 266.7, "tier": "optimal", "score": 10.0 }, "geometry": { "type": "Polygon", "coordinates": [ [ [ 126.674999999999883, 34.375 ], [ 126.674999999999883, 34.425 ], [ 126.624999999999872, 34.425 ], [ 126.624999999999872, 34.375 ], [ 126.674999999999883, 34.375 ] ] ] } },
{ "type": "Feature", "properties": { "variability_nT": 263.1, "tier": "optimal", "score": 10.0 }, "geometry": { "type": "Polygon", "coordinates": [ [ [ 126.724999999999881, 34.375 ], [ 126.724999999999881, 34.425 ], [ 126.674999999999869, 34.425 ], [ 126.674999999999869, 34.375 ], [ 126.724999999999881, 34.375 ] ] ] } },
{ "type": "Feature", "properties": { "variability_nT": 210.9, "tier": "optimal", "score": 10.0 }, "geometry": { "type": "Polygon", "coordinates": [ [ [ 126.774999999999878, 34.375 ], [ 126.774999999999878, 34.425 ], [ 126.724999999999866, 34.425 ], [ 126.724999999999866, 34.375 ], [ 126.774999999999878, 34.375 ] ] ] } },
{ "type": "Feature", "properties": { "variability_nT": 233.1, "tier": "optimal", "score": 10.0 }, "geometry": { "type": "Polygon", "coordinates": [ [ [ 126.824999999999875, 34.375 ], [ 126.824999999999875, 34.425 ], [ 126.774999999999864, 34.425 ], [ 126.774999999999864, 34.375 ], [ 126.824999999999875, 34.375 ] ] ] } },
{ "type": "Feature", "properties": { "variability_nT": 293.6, "tier": "optimal", "score": 10.0 }, "geometry": { "type": "Polygon", "coordinates": [ [ [ 126.874999999999872, 34.375 ], [ 126.874999999999872, 34.425 ], [ 126.824999999999861, 34.425 ], [ 126.824999999999861, 34.375 ], [ 126.874999999999872, 34.375 ] ] ] } },
{ "type": "Feature", "properties": { "variability_nT": 365.9, "tier": "optimal", "score": 10.0 }, "geometry": { "type": "Polygon", "coordinates": [ [ [ 126.924999999999869, 34.375 ], [ 126.924999999999869, 34.425 ], [ 126.874999999999858, 34.425 ], [ 126.874999999999858, 34.375 ], [ 126.924999999999869, 34.375 ] ] ] } },
{ "type": "Feature", "properties": { "variability_nT": 252.1, "tier": "optimal", "score": 10.0 }, "geometry": { "type": "Polygon", "coordinates": [ [ [ 126.974999999999866, 34.375 ], [ 126.974999999999866, 34.425 ], [ 126.924999999999855, 34.425 ], [ 126.924999999999855, 34.375 ], [ 126.974999999999866, 34.375 ] ] ] } },
{ "type": "Feature", "properties": { "variability_nT": 252.5, "tier": "optimal", "score": 10.0 }, "geometry": { "type": "Polygon", "coordinates": [ [ [ 127.024999999999864, 34.375 ], [ 127.024999999999864, 34.425 ], [ 126.974999999999852, 34.425 ], [ 126.974999999999852, 34.375 ], [ 127.024999999999864, 34.375 ] ] ] } },
{ "type": "Feature", "properties": { "variability_nT": 312.8, "tier": "optimal", "score": 10.0 }, "geometry": { "type": "Polygon", "coordinates": [ [ [ 127.074999999999861, 34.375 ], [ 127.074999999999861, 34.425 ], [ 127.024999999999849, 34.425 ], [ 127.024999999999849, 34.375 ], [ 127.074999999999861, 34.375 ] ] ] } },
{ "type": "Feature", "properties": { "variability_nT": 226.1, "tier": "optimal", "score": 10.0 }, "geometry": { "type": "Polygon", "coordinates": [ [ [ 127.124999999999858, 34.375 ], [ 127.124999999999858, 34.425 ], [ 127.074999999999847, 34.425 ], [ 127.074999999999847, 34.375 ], [ 127.124999999999858, 34.375 ] ] ] } },
{ "type": "Feature", "properties": { "variability_nT": 199.8, "tier": "optimal", "score": 10.0 }, "geometry": { "type": "Polygon", "coordinates": [ [ [ 127.174999999999855, 34.375 ], [ 127.174999999999855, 34.425 ], [ 127.124999999999844, 34.425 ], [ 127.124999999999844, 34.375 ], [ 127.174999999999855, 34.375 ] ] ] } },
{ "type": "Feature", "properties": { "variability_nT": 202.7, "tier": "optimal", "score": 10.0 }, "geometry": { "type": "Polygon", "coordinates": [ [ [ 127.224999999999852, 34.375 ], [ 127.224999999999852, 34.425 ], [ 127.174999999999841, 34.425 ], [ 127.174999999999841, 34.375 ], [ 127.224999999999852, 34.375 ] ] ] } },
{ "type": "Feature", "properties": { "variability_nT": 306.4, "tier": "optimal", "score": 10.0 }, "geometry": { "type": "Polygon", "coordinates": [ [ [ 127.274999999999849, 34.375 ], [ 127.274999999999849, 34.425 ], [ 127.224999999999838, 34.425 ], [ 127.224999999999838, 34.375 ], [ 127.274999999999849, 34.375 ] ] ] } },
{ "type": "Feature", "properties": { "variability_nT": 334.9, "tier": "optimal", "score": 10.0 }, "geometry": { "type": "Polygon", "coordinates": [ [ [ 127.324999999999847, 34.375 ], [ 127.324999999999847, 34.425 ], [ 127.274999999999835, 34.425 ], [ 127.274999999999835, 34.375 ], [ 127.324999999999847, 34.375 ] ] ] } },
{ "type": "Feature", "properties": { "variability_nT": 159.1, "tier": "optimal", "score": 10.0 }, "geometry": { "type": "Polygon", "coordinates": [ [ [ 127.374999999999844, 34.375 ], [ 127.374999999999844, 34.425 ], [ 127.324999999999832, 34.425 ], [ 127.324999999999832, 34.375 ], [ 127.374999999999844, 34.375 ] ] ] } },
{ "type": "Feature", "properties": { "variability_nT": 155.0, "tier": "optimal", "score": 10.0 }, "geometry": { "type": "Polygon", "coordinates": [ [ [ 127.474999999999838, 34.375 ], [ 127.474999999999838, 34.425 ], [ 127.424999999999827, 34.425 ], [ 127.424999999999827, 34.375 ], [ 127.474999999999838, 34.375 ] ] ] } },
{ "type": "Feature", "properties": { "variability_nT": 244.3, "tier": "optimal", "score": 10.0 }, "geometry": { "type": "Polygon", "coordinates": [ [ [ 127.524999999999835, 34.375 ], [ 127.524999999999835, 34.425 ], [ 127.474999999999824, 34.425 ], [ 127.474999999999824, 34.375 ], [ 127.524999999999835, 34.375 ] ] ] } },
{ "type": "Feature", "properties": { "variability_nT": 285.8, "tier": "optimal", "score": 10.0 }, "geometry": { "type": "Polygon", "coordinates": [ [ [ 127.574999999999832, 34.375 ], [ 127.574999999999832, 34.425 ], [ 127.524999999999821, 34.425 ], [ 127.524999999999821, 34.375 ], [ 127.574999999999832, 34.375 ] ] ] } },
{ "type": "Feature", "properties": { "variability_nT": 239.0, "tier": "optimal", "score": 10.0 }, "geometry": { "type": "Polygon", "coordinates": [ [ [ 127.624999999999829, 34.375 ], [ 127.624999999999829, 34.425 ], [ 127.574999999999818, 34.425 ], [ 127.574999999999818, 34.375 ], [ 127.624999999999829, 34.375 ] ] ] } },
{ "type": "Feature", "properties": { "variability_nT": 253.2, "tier": "optimal", "score": 10.0 }, "geometry": { "type": "Polygon", "coordinates": [ [ [ 127.774999999999821, 34.375 ], [ 127.774999999999821, 34.425 ], [ 127.72499999999981, 34.425 ], [ 127.72499999999981, 34.375 ], [ 127.774999999999821, 34.375 ] ] ] } },
{ "type": "Feature", "properties": { "variability_nT": 361.2, "tier": "optimal", "score": 10.0 }, "geometry": { "type": "Polygon", "coordinates": [ [ [ 127.824999999999818, 34.375 ], [ 127.824999999999818, 34.425 ], [ 127.774999999999807, 34.425 ], [ 127.774999999999807, 34.375 ], [ 127.824999999999818, 34.375 ] ] ] } },
{ "type": "Feature", "properties": { "variability_nT": 321.7, "tier": "optimal", "score": 10.0 }, "geometry": { "type": "Polygon", "coordinates": [ [ [ 127.874999999999815, 34.375 ], [ 127.874999999999815, 34.425 ], [ 127.824999999999804, 34.425 ], [ 127.824999999999804, 34.375 ], [ 127.874999999999815, 34.375 ] ] ] } },
{ "type": "Feature", "properties": { "variability_nT": 303.9, "tier": "optimal", "score": 10.0 }, "geometry": { "type": "Polygon", "coordinates": [ [ [ 127.924999999999812, 34.375 ], [ 127.924999999999812, 34.425 ], [ 127.874999999999801, 34.425 ], [ 127.874999999999801, 34.375 ], [ 127.924999999999812, 34.375 ] ] ] } },
{ "type": "Feature", "properties": { "variability_nT": 317.1, "tier": "optimal", "score": 10.0 }, "geometry": { "type": "Polygon", "coordinates": [ [ [ 127.97499999999981, 34.375 ], [ 127.97499999999981, 34.425 ], [ 127.924999999999798, 34.425 ], [ 127.924999999999798, 34.375 ], [ 127.97499999999981, 34.375 ] ] ] } },
{ "type": "Feature", "properties": { "variability_nT": 188.3, "tier": "optimal", "score": 10.0 }, "geometry": { "type": "Polygon", "coordinates": [ [ [ 126.025, 34.425 ], [ 126.025, 34.475 ], [ 125.975, 34.475 ], [ 125.975, 34.425 ], [ 126.025, 34.425 ] ] ] } },
{ "type": "Feature", "properties": { "variability_nT": 183.6, "tier": "optimal", "score": 10.0 }, "geometry": { "type": "Polygon", "coordinates": [ [ [ 126.075, 34.425 ], [ 126.075, 34.475 ], [ 126.025, 34.475 ], [ 126.025, 34.425 ], [ 126.075, 34.425 ] ] ] } },
{ "type": "Feature", "properties": { "variability_nT": 302.4, "tier": "optimal", "score": 10.0 }, "geometry": { "type": "Polygon", "coordinates": [ [ [ 126.125, 34.425 ], [ 126.125, 34.475 ], [ 126.075, 34.475 ], [ 126.075, 34.425 ], [ 126.125, 34.425 ] ] ] } },
{ "type": "Feature", "properties": { "variability_nT": 279.4, "tier": "optimal", "score": 10.0 }, "geometry": { "type": "Polygon", "coordinates": [ [ [ 126.424999999999898, 34.425 ], [ 126.424999999999898, 34.475 ], [ 126.374999999999886, 34.475 ], [ 126.374999999999886, 34.425 ], [ 126.424999999999898, 34.425 ] ] ] } },
{ "type": "Feature", "properties": { "variability_nT": 166.5, "tier": "optimal", "score": 10.0 }, "geometry": { "type": "Polygon", "coordinates": [ [ [ 126.474999999999895, 34.425 ], [ 126.474999999999895, 34.475 ], [ 126.424999999999883, 34.475 ], [ 126.424999999999883, 34.425 ], [ 126.474999999999895, 34.425 ] ] ] } },
{ "type": "Feature", "properties": { "variability_nT": 212.1, "tier": "optimal", "score": 10.0 }, "geometry": { "type": "Polygon", "coordinates": [ [ [ 126.624999999999886, 34.425 ], [ 126.624999999999886, 34.475 ], [ 126.574999999999875, 34.475 ], [ 126.574999999999875, 34.425 ], [ 126.624999999999886, 34.425 ] ] ] } },
{ "type": "Feature", "properties": { "variability_nT": 365.0, "tier": "optimal", "score": 10.0 }, "geometry": { "type": "Polygon", "coordinates": [ [ [ 126.674999999999883, 34.425 ], [ 126.674999999999883, 34.475 ], [ 126.624999999999872, 34.475 ], [ 126.624999999999872, 34.425 ], [ 126.674999999999883, 34.425 ] ] ] } },
{ "type": "Feature", "properties": { "variability_nT": 275.9, "tier": "optimal", "score": 10.0 }, "geometry": { "type": "Polygon", "coordinates": [ [ [ 126.724999999999881, 34.425 ], [ 126.724999999999881, 34.475 ], [ 126.674999999999869, 34.475 ], [ 126.674999999999869, 34.425 ], [ 126.724999999999881, 34.425 ] ] ] } },
{ "type": "Feature", "properties": { "variability_nT": 232.4, "tier": "optimal", "score": 10.0 }, "geometry": { "type": "Polygon", "coordinates": [ [ [ 126.774999999999878, 34.425 ], [ 126.774999999999878, 34.475 ], [ 126.724999999999866, 34.475 ], [ 126.724999999999866, 34.425 ], [ 126.774999999999878, 34.425 ] ] ] } },
{ "type": "Feature", "properties": { "variability_nT": 312.9, "tier": "optimal", "score": 10.0 }, "geometry": { "type": "Polygon", "coordinates": [ [ [ 126.824999999999875, 34.425 ], [ 126.824999999999875, 34.475 ], [ 126.774999999999864, 34.475 ], [ 126.774999999999864, 34.425 ], [ 126.824999999999875, 34.425 ] ] ] } },
{ "type": "Feature", "properties": { "variability_nT": 366.8, "tier": "optimal", "score": 10.0 }, "geometry": { "type": "Polygon", "coordinates": [ [ [ 126.874999999999872, 34.425 ], [ 126.874999999999872, 34.475 ], [ 126.824999999999861, 34.475 ], [ 126.824999999999861, 34.425 ], [ 126.874999999999872, 34.425 ] ] ] } },
{ "type": "Feature", "properties": { "variability_nT": 392.6, "tier": "optimal", "score": 10.0 }, "geometry": { "type": "Polygon", "coordinates": [ [ [ 126.924999999999869, 34.425 ], [ 126.924999999999869, 34.475 ], [ 126.874999999999858, 34.475 ], [ 126.874999999999858, 34.425 ], [ 126.924999999999869, 34.425 ] ] ] } },
{ "type": "Feature", "properties": { "variability_nT": 258.9, "tier": "optimal", "score": 10.0 }, "geometry": { "type": "Polygon", "coordinates": [ [ [ 126.974999999999866, 34.425 ], [ 126.974999999999866, 34.475 ], [ 126.924999999999855, 34.475 ], [ 126.924999999999855, 34.425 ], [ 126.974999999999866, 34.425 ] ] ] } },
{ "type": "Feature", "properties": { "variability_nT": 214.1, "tier": "optimal", "score": 10.0 }, "geometry": { "type": "Polygon", "coordinates": [ [ [ 127.024999999999864, 34.425 ], [ 127.024999999999864, 34.475 ], [ 126.974999999999852, 34.475 ], [ 126.974999999999852, 34.425 ], [ 127.024999999999864, 34.425 ] ] ] } },
{ "type": "Feature", "properties": { "variability_nT": 183.5, "tier": "optimal", "score": 10.0 }, "geometry": { "type": "Polygon", "coordinates": [ [ [ 127.124999999999858, 34.425 ], [ 127.124999999999858, 34.475 ], [ 127.074999999999847, 34.475 ], [ 127.074999999999847, 34.425 ], [ 127.124999999999858, 34.425 ] ] ] } },
{ "type": "Feature", "properties": { "variability_nT": 343.0, "tier": "optimal", "score": 10.0 }, "geometry": { "type": "Polygon", "coordinates": [ [ [ 127.174999999999855, 34.425 ], [ 127.174999999999855, 34.475 ], [ 127.124999999999844, 34.475 ], [ 127.124999999999844, 34.425 ], [ 127.174999999999855, 34.425 ] ] ] } },
{ "type": "Feature", "properties": { "variability_nT": 398.5, "tier": "optimal", "score": 10.0 }, "geometry": { "type": "Polygon", "coordinates": [ [ [ 127.224999999999852, 34.425 ], [ 127.224999999999852, 34.475 ], [ 127.174999999999841, 34.475 ], [ 127.174999999999841, 34.425 ], [ 127.224999999999852, 34.425 ] ] ] } },
{ "type": "Feature", "properties": { "variability_nT": 293.4, "tier": "optimal", "score": 10.0 }, "geometry": { "type": "Polygon", "coordinates": [ [ [ 127.274999999999849, 34.425 ], [ 127.274999999999849, 34.475 ], [ 127.224999999999838, 34.475 ], [ 127.224999999999838, 34.425 ], [ 127.274999999999849, 34.425 ] ] ] } },
{ "type": "Feature", "properties": { "variability_nT": 270.6, "tier": "optimal", "score": 10.0 }, "geometry": { "type": "Polygon", "coordinates": [ [ [ 127.324999999999847, 34.425 ], [ 127.324999999999847, 34.475 ], [ 127.274999999999835, 34.475 ], [ 127.274999999999835, 34.425 ], [ 127.324999999999847, 34.425 ] ] ] } },
{ "type": "Feature", "properties": { "variability_nT": 252.9, "tier": "optimal", "score": 10.0 }, "geometry": { "type": "Polygon", "coordinates": [ [ [ 127.524999999999835, 34.425 ], [ 127.524999999999835, 34.475 ], [ 127.474999999999824, 34.475 ], [ 127.474999999999824, 34.425 ], [ 127.524999999999835, 34.425 ] ] ] } },
{ "type": "Feature", "properties": { "variability_nT": 385.6, "tier": "optimal", "score": 10.0 }, "geometry": { "type": "Polygon", "coordinates": [ [ [ 127.574999999999832, 34.425 ], [ 127.574999999999832, 34.475 ], [ 127.524999999999821, 34.475 ], [ 127.524999999999821, 34.425 ], [ 127.574999999999832, 34.425 ] ] ] } },
{ "type": "Feature", "properties": { "variability_nT": 324.4, "tier": "optimal", "score": 10.0 }, "geometry": { "type": "Polygon", "coordinates": [ [ [ 127.624999999999829, 34.425 ], [ 127.624999999999829, 34.475 ], [ 127.574999999999818, 34.475 ], [ 127.574999999999818, 34.425 ], [ 127.624999999999829, 34.425 ] ] ] } },
{ "type": "Feature", "properties": { "variability_nT": 270.3, "tier": "optimal", "score": 10.0 }, "geometry": { "type": "Polygon", "coordinates": [ [ [ 127.774999999999821, 34.425 ], [ 127.774999999999821, 34.475 ], [ 127.72499999999981, 34.475 ], [ 127.72499999999981, 34.425 ], [ 127.774999999999821, 34.425 ] ] ] } },
{ "type": "Feature", "properties": { "variability_nT": 323.8, "tier": "optimal", "score": 10.0 }, "geometry": { "type": "Polygon", "coordinates": [ [ [ 127.924999999999812, 34.425 ], [ 127.924999999999812, 34.475 ], [ 127.874999999999801, 34.475 ], [ 127.874999999999801, 34.425 ], [ 127.924999999999812, 34.425 ] ] ] } },
{ "type": "Feature", "properties": { "variability_nT": 377.1, "tier": "optimal", "score": 10.0 }, "geometry": { "type": "Polygon", "coordinates": [ [ [ 127.97499999999981, 34.425 ], [ 127.97499999999981, 34.475 ], [ 127.924999999999798, 34.475 ], [ 127.924999999999798, 34.425 ], [ 127.97499999999981, 34.425 ] ] ] } },
{ "type": "Feature", "properties": { "variability_nT": 248.0, "tier": "optimal", "score": 10.0 }, "geometry": { "type": "Polygon", "coordinates": [ [ [ 128.024999999999807, 34.425 ], [ 128.024999999999807, 34.475 ], [ 127.974999999999795, 34.475 ], [ 127.974999999999795, 34.425 ], [ 128.024999999999807, 34.425 ] ] ] } },
{ "type": "Feature", "properties": { "variability_nT": 258.6, "tier": "optimal", "score": 10.0 }, "geometry": { "type": "Polygon", "coordinates": [ [ [ 125.975, 34.475 ], [ 125.975, 34.525 ], [ 125.925, 34.525 ], [ 125.925, 34.475 ], [ 125.975, 34.475 ] ] ] } },
{ "type": "Feature", "properties": { "variability_nT": 295.0, "tier": "optimal", "score": 10.0 }, "geometry": { "type": "Polygon", "coordinates": [ [ [ 126.025, 34.475 ], [ 126.025, 34.525 ], [ 125.975, 34.525 ], [ 125.975, 34.475 ], [ 126.025, 34.475 ] ] ] } },
{ "type": "Feature", "properties": { "variability_nT": 205.5, "tier": "optimal", "score": 10.0 }, "geometry": { "type": "Polygon", "coordinates": [ [ [ 126.125, 34.475 ], [ 126.125, 34.525 ], [ 126.075, 34.525 ], [ 126.075, 34.475 ], [ 126.125, 34.475 ] ] ] } },
{ "type": "Feature", "properties": { "variability_nT": 300.8, "tier": "optimal", "score": 10.0 }, "geometry": { "type": "Polygon", "coordinates": [ [ [ 126.474999999999895, 34.475 ], [ 126.474999999999895, 34.525 ], [ 126.424999999999883, 34.525 ], [ 126.424999999999883, 34.475 ], [ 126.474999999999895, 34.475 ] ] ] } },
{ "type": "Feature", "properties": { "variability_nT": 207.7, "tier": "optimal", "score": 10.0 }, "geometry": { "type": "Polygon", "coordinates": [ [ [ 126.524999999999892, 34.475 ], [ 126.524999999999892, 34.525 ], [ 126.474999999999881, 34.525 ], [ 126.474999999999881, 34.475 ], [ 126.524999999999892, 34.475 ] ] ] } },
{ "type": "Feature", "properties": { "variability_nT": 236.5, "tier": "optimal", "score": 10.0 }, "geometry": { "type": "Polygon", "coordinates": [ [ [ 126.574999999999889, 34.475 ], [ 126.574999999999889, 34.525 ], [ 126.524999999999878, 34.525 ], [ 126.524999999999878, 34.475 ], [ 126.574999999999889, 34.475 ] ] ] } },
{ "type": "Feature", "properties": { "variability_nT": 364.3, "tier": "optimal", "score": 10.0 }, "geometry": { "type": "Polygon", "coordinates": [ [ [ 126.624999999999886, 34.475 ], [ 126.624999999999886, 34.525 ], [ 126.574999999999875, 34.525 ], [ 126.574999999999875, 34.475 ], [ 126.624999999999886, 34.475 ] ] ] } },
{ "type": "Feature", "properties": { "variability_nT": 350.4, "tier": "optimal", "score": 10.0 }, "geometry": { "type": "Polygon", "coordinates": [ [ [ 126.674999999999883, 34.475 ], [ 126.674999999999883, 34.525 ], [ 126.624999999999872, 34.525 ], [ 126.624999999999872, 34.475 ], [ 126.674999999999883, 34.475 ] ] ] } },
{ "type": "Feature", "properties": { "variability_nT": 203.1, "tier": "optimal", "score": 10.0 }, "geometry": { "type": "Polygon", "coordinates": [ [ [ 126.724999999999881, 34.475 ], [ 126.724999999999881, 34.525 ], [ 126.674999999999869, 34.525 ], [ 126.674999999999869, 34.475 ], [ 126.724999999999881, 34.475 ] ] ] } },
{ "type": "Feature", "properties": { "variability_nT": 310.6, "tier": "optimal", "score": 10.0 }, "geometry": { "type": "Polygon", "coordinates": [ [ [ 126.824999999999875, 34.475 ], [ 126.824999999999875, 34.525 ], [ 126.774999999999864, 34.525 ], [ 126.774999999999864, 34.475 ], [ 126.824999999999875, 34.475 ] ] ] } },
{ "type": "Feature", "properties": { "variability_nT": 362.7, "tier": "optimal", "score": 10.0 }, "geometry": { "type": "Polygon", "coordinates": [ [ [ 126.874999999999872, 34.475 ], [ 126.874999999999872, 34.525 ], [ 126.824999999999861, 34.525 ], [ 126.824999999999861, 34.475 ], [ 126.874999999999872, 34.475 ] ] ] } },
{ "type": "Feature", "properties": { "variability_nT": 244.8, "tier": "optimal", "score": 10.0 }, "geometry": { "type": "Polygon", "coordinates": [ [ [ 126.924999999999869, 34.475 ], [ 126.924999999999869, 34.525 ], [ 126.874999999999858, 34.525 ], [ 126.874999999999858, 34.475 ], [ 126.924999999999869, 34.475 ] ] ] } },
{ "type": "Feature", "properties": { "variability_nT": 207.1, "tier": "optimal", "score": 10.0 }, "geometry": { "type": "Polygon", "coordinates": [ [ [ 126.974999999999866, 34.475 ], [ 126.974999999999866, 34.525 ], [ 126.924999999999855, 34.525 ], [ 126.924999999999855, 34.475 ], [ 126.974999999999866, 34.475 ] ] ] } },
{ "type": "Feature", "properties": { "variability_nT": 244.9, "tier": "optimal", "score": 10.0 }, "geometry": { "type": "Polygon", "coordinates": [ [ [ 127.024999999999864, 34.475 ], [ 127.024999999999864, 34.525 ], [ 126.974999999999852, 34.525 ], [ 126.974999999999852, 34.475 ], [ 127.024999999999864, 34.475 ] ] ] } },
{ "type": "Feature", "properties": { "variability_nT": 156.0, "tier": "optimal", "score": 10.0 }, "geometry": { "type": "Polygon", "coordinates": [ [ [ 127.074999999999861, 34.475 ], [ 127.074999999999861, 34.525 ], [ 127.024999999999849, 34.525 ], [ 127.024999999999849, 34.475 ], [ 127.074999999999861, 34.475 ] ] ] } },
{ "type": "Feature", "properties": { "variability_nT": 175.8, "tier": "optimal", "score": 10.0 }, "geometry": { "type": "Polygon", "coordinates": [ [ [ 127.124999999999858, 34.475 ], [ 127.124999999999858, 34.525 ], [ 127.074999999999847, 34.525 ], [ 127.074999999999847, 34.475 ], [ 127.124999999999858, 34.475 ] ] ] } },
{ "type": "Feature", "properties": { "variability_nT": 261.0, "tier": "optimal", "score": 10.0 }, "geometry": { "type": "Polygon", "coordinates": [ [ [ 127.174999999999855, 34.475 ], [ 127.174999999999855, 34.525 ], [ 127.124999999999844, 34.525 ], [ 127.124999999999844, 34.475 ], [ 127.174999999999855, 34.475 ] ] ] } },
{ "type": "Feature", "properties": { "variability_nT": 396.4, "tier": "optimal", "score": 10.0 }, "geometry": { "type": "Polygon", "coordinates": [ [ [ 127.224999999999852, 34.475 ], [ 127.224999999999852, 34.525 ], [ 127.174999999999841, 34.525 ], [ 127.174999999999841, 34.475 ], [ 127.224999999999852, 34.475 ] ] ] } },
{ "type": "Feature", "properties": { "variability_nT": 358.5, "tier": "optimal", "score": 10.0 }, "geometry": { "type": "Polygon", "coordinates": [ [ [ 127.324999999999847, 34.475 ], [ 127.324999999999847, 34.525 ], [ 127.274999999999835, 34.525 ], [ 127.274999999999835, 34.475 ], [ 127.324999999999847, 34.475 ] ] ] } },
{ "type": "Feature", "properties": { "variability_nT": 193.6, "tier": "optimal", "score": 10.0 }, "geometry": { "type": "Polygon", "coordinates": [ [ [ 127.524999999999835, 34.475 ], [ 127.524999999999835, 34.525 ], [ 127.474999999999824, 34.525 ], [ 127.474999999999824, 34.475 ], [ 127.524999999999835, 34.475 ] ] ] } },
{ "type": "Feature", "properties": { "variability_nT": 222.1, "tier": "optimal", "score": 10.0 }, "geometry": { "type": "Polygon", "coordinates": [ [ [ 127.574999999999832, 34.475 ], [ 127.574999999999832, 34.525 ], [ 127.524999999999821, 34.525 ], [ 127.524999999999821, 34.475 ], [ 127.574999999999832, 34.475 ] ] ] } },
{ "type": "Feature", "properties": { "variability_nT": 185.0, "tier": "optimal", "score": 10.0 }, "geometry": { "type": "Polygon", "coordinates": [ [ [ 127.624999999999829, 34.475 ], [ 127.624999999999829, 34.525 ], [ 127.574999999999818, 34.525 ], [ 127.574999999999818, 34.475 ], [ 127.624999999999829, 34.475 ] ] ] } },
{ "type": "Feature", "properties": { "variability_nT": 181.9, "tier": "optimal", "score": 10.0 }, "geometry": { "type": "Polygon", "coordinates": [ [ [ 127.674999999999827, 34.475 ], [ 127.674999999999827, 34.525 ], [ 127.624999999999815, 34.525 ], [ 127.624999999999815, 34.475 ], [ 127.674999999999827, 34.475 ] ] ] } },
{ "type": "Feature", "properties": { "variability_nT": 255.9, "tier": "optimal", "score": 10.0 }, "geometry": { "type": "Polygon", "coordinates": [ [ [ 127.724999999999824, 34.475 ], [ 127.724999999999824, 34.525 ], [ 127.674999999999812, 34.525 ], [ 127.674999999999812, 34.475 ], [ 127.724999999999824, 34.475 ] ] ] } },
{ "type": "Feature", "properties": { "variability_nT": 330.9, "tier": "optimal", "score": 10.0 }, "geometry": { "type": "Polygon", "coordinates": [ [ [ 127.774999999999821, 34.475 ], [ 127.774999999999821, 34.525 ], [ 127.72499999999981, 34.525 ], [ 127.72499999999981, 34.475 ], [ 127.774999999999821, 34.475 ] ] ] } },
{ "type": "Feature", "properties": { "variability_nT": 392.5, "tier": "optimal", "score": 10.0 }, "geometry": { "type": "Polygon", "coordinates": [ [ [ 127.874999999999815, 34.475 ], [ 127.874999999999815, 34.525 ], [ 127.824999999999804, 34.525 ], [ 127.824999999999804, 34.475 ], [ 127.874999999999815, 34.475 ] ] ] } },
{ "type": "Feature", "properties": { "variability_nT": 330.9, "tier": "optimal", "score": 10.0 }, "geometry": { "type": "Polygon", "coordinates": [ [ [ 127.924999999999812, 34.475 ], [ 127.924999999999812, 34.525 ], [ 127.874999999999801, 34.525 ], [ 127.874999999999801, 34.475 ], [ 127.924999999999812, 34.475 ] ] ] } },
{ "type": "Feature", "properties": { "variability_nT": 191.3, "tier": "optimal", "score": 10.0 }, "geometry": { "type": "Polygon", "coordinates": [ [ [ 128.224999999999795, 34.475 ], [ 128.224999999999795, 34.525 ], [ 128.174999999999784, 34.525 ], [ 128.174999999999784, 34.475 ], [ 128.224999999999795, 34.475 ] ] ] } },
{ "type": "Feature", "properties": { "variability_nT": 204.1, "tier": "optimal", "score": 10.0 }, "geometry": { "type": "Polygon", "coordinates": [ [ [ 128.424999999999784, 34.475 ], [ 128.424999999999784, 34.525 ], [ 128.374999999999773, 34.525 ], [ 128.374999999999773, 34.475 ], [ 128.424999999999784, 34.475 ] ] ] } },
{ "type": "Feature", "properties": { "variability_nT": 211.9, "tier": "optimal", "score": 10.0 }, "geometry": { "type": "Polygon", "coordinates": [ [ [ 128.474999999999767, 34.475 ], [ 128.474999999999767, 34.525 ], [ 128.424999999999756, 34.525 ], [ 128.424999999999756, 34.475 ], [ 128.474999999999767, 34.475 ] ] ] } },
{ "type": "Feature", "properties": { "variability_nT": 201.6, "tier": "optimal", "score": 10.0 }, "geometry": { "type": "Polygon", "coordinates": [ [ [ 128.524999999999778, 34.475 ], [ 128.524999999999778, 34.525 ], [ 128.474999999999767, 34.525 ], [ 128.474999999999767, 34.475 ], [ 128.524999999999778, 34.475 ] ] ] } },
{ "type": "Feature", "properties": { "variability_nT": 203.6, "tier": "optimal", "score": 10.0 }, "geometry": { "type": "Polygon", "coordinates": [ [ [ 128.57499999999979, 34.475 ], [ 128.57499999999979, 34.525 ], [ 128.524999999999778, 34.525 ], [ 128.524999999999778, 34.475 ], [ 128.57499999999979, 34.475 ] ] ] } },
{ "type": "Feature", "properties": { "variability_nT": 190.0, "tier": "optimal", "score": 10.0 }, "geometry": { "type": "Polygon", "coordinates": [ [ [ 128.624999999999773, 34.475 ], [ 128.624999999999773, 34.525 ], [ 128.574999999999761, 34.525 ], [ 128.574999999999761, 34.475 ], [ 128.624999999999773, 34.475 ] ] ] } },
{ "type": "Feature", "properties": { "variability_nT": 281.7, "tier": "optimal", "score": 10.0 }, "geometry": { "type": "Polygon", "coordinates": [ [ [ 125.825, 34.525 ], [ 125.825, 34.575 ], [ 125.775, 34.575 ], [ 125.775, 34.525 ], [ 125.825, 34.525 ] ] ] } },
{ "type": "Feature", "properties": { "variability_nT": 215.5, "tier": "optimal", "score": 10.0 }, "geometry": { "type": "Polygon", "coordinates": [ [ [ 125.975, 34.525 ], [ 125.975, 34.575 ], [ 125.925, 34.575 ], [ 125.925, 34.525 ], [ 125.975, 34.525 ] ] ] } },
{ "type": "Feature", "properties": { "variability_nT": 243.6, "tier": "optimal", "score": 10.0 }, "geometry": { "type": "Polygon", "coordinates": [ [ [ 126.025, 34.525 ], [ 126.025, 34.575 ], [ 125.975, 34.575 ], [ 125.975, 34.525 ], [ 126.025, 34.525 ] ] ] } },
{ "type": "Feature", "properties": { "variability_nT": 225.9, "tier": "optimal", "score": 10.0 }, "geometry": { "type": "Polygon", "coordinates": [ [ [ 126.075, 34.525 ], [ 126.075, 34.575 ], [ 126.025, 34.575 ], [ 126.025, 34.525 ], [ 126.075, 34.525 ] ] ] } },
{ "type": "Feature", "properties": { "variability_nT": 184.7, "tier": "optimal", "score": 10.0 }, "geometry": { "type": "Polygon", "coordinates": [ [ [ 126.125, 34.525 ], [ 126.125, 34.575 ], [ 126.075, 34.575 ], [ 126.075, 34.525 ], [ 126.125, 34.525 ] ] ] } },
{ "type": "Feature", "properties": { "variability_nT": 336.9, "tier": "optimal", "score": 10.0 }, "geometry": { "type": "Polygon", "coordinates": [ [ [ 126.175, 34.525 ], [ 126.175, 34.575 ], [ 126.125, 34.575 ], [ 126.125, 34.525 ], [ 126.175, 34.525 ] ] ] } },
{ "type": "Feature", "properties": { "variability_nT": 379.0, "tier": "optimal", "score": 10.0 }, "geometry": { "type": "Polygon", "coordinates": [ [ [ 126.275, 34.525 ], [ 126.275, 34.575 ], [ 126.224999999999895, 34.575 ], [ 126.224999999999895, 34.525 ], [ 126.275, 34.525 ] ] ] } },
{ "type": "Feature", "properties": { "variability_nT": 234.2, "tier": "optimal", "score": 10.0 }, "geometry": { "type": "Polygon", "coordinates": [ [ [ 126.325, 34.525 ], [ 126.325, 34.575 ], [ 126.274999999999892, 34.575 ], [ 126.274999999999892, 34.525 ], [ 126.325, 34.525 ] ] ] } },
{ "type": "Feature", "properties": { "variability_nT": 259.7, "tier": "optimal", "score": 10.0 }, "geometry": { "type": "Polygon", "coordinates": [ [ [ 126.375, 34.525 ], [ 126.375, 34.575 ], [ 126.324999999999889, 34.575 ], [ 126.324999999999889, 34.525 ], [ 126.375, 34.525 ] ] ] } },
{ "type": "Feature", "properties": { "variability_nT": 352.6, "tier": "optimal", "score": 10.0 }, "geometry": { "type": "Polygon", "coordinates": [ [ [ 126.424999999999898, 34.525 ], [ 126.424999999999898, 34.575 ], [ 126.374999999999886, 34.575 ], [ 126.374999999999886, 34.525 ], [ 126.424999999999898, 34.525 ] ] ] } },
{ "type": "Feature", "properties": { "variability_nT": 215.7, "tier": "optimal", "score": 10.0 }, "geometry": { "type": "Polygon", "coordinates": [ [ [ 126.474999999999895, 34.525 ], [ 126.474999999999895, 34.575 ], [ 126.424999999999883, 34.575 ], [ 126.424999999999883, 34.525 ], [ 126.474999999999895, 34.525 ] ] ] } },
{ "type": "Feature", "properties": { "variability_nT": 223.6, "tier": "optimal", "score": 10.0 }, "geometry": { "type": "Polygon", "coordinates": [ [ [ 126.524999999999892, 34.525 ], [ 126.524999999999892, 34.575 ], [ 126.474999999999881, 34.575 ], [ 126.474999999999881, 34.525 ], [ 126.524999999999892, 34.525 ] ] ] } },
{ "type": "Feature", "properties": { "variability_nT": 206.9, "tier": "optimal", "score": 10.0 }, "geometry": { "type": "Polygon", "coordinates": [ [ [ 126.574999999999889, 34.525 ], [ 126.574999999999889, 34.575 ], [ 126.524999999999878, 34.575 ], [ 126.524999999999878, 34.525 ], [ 126.574999999999889, 34.525 ] ] ] } },
{ "type": "Feature", "properties": { "variability_nT": 268.3, "tier": "optimal", "score": 10.0 }, "geometry": { "type": "Polygon", "coordinates": [ [ [ 126.624999999999886, 34.525 ], [ 126.624999999999886, 34.575 ], [ 126.574999999999875, 34.575 ], [ 126.574999999999875, 34.525 ], [ 126.624999999999886, 34.525 ] ] ] } },
{ "type": "Feature", "properties": { "variability_nT": 256.4, "tier": "optimal", "score": 10.0 }, "geometry": { "type": "Polygon", "coordinates": [ [ [ 126.674999999999883, 34.525 ], [ 126.674999999999883, 34.575 ], [ 126.624999999999872, 34.575 ], [ 126.624999999999872, 34.525 ], [ 126.674999999999883, 34.525 ] ] ] } },
{ "type": "Feature", "properties": { "variability_nT": 157.9, "tier": "optimal", "score": 10.0 }, "geometry": { "type": "Polygon", "coordinates": [ [ [ 126.724999999999881, 34.525 ], [ 126.724999999999881, 34.575 ], [ 126.674999999999869, 34.575 ], [ 126.674999999999869, 34.525 ], [ 126.724999999999881, 34.525 ] ] ] } },
{ "type": "Feature", "properties": { "variability_nT": 312.0, "tier": "optimal", "score": 10.0 }, "geometry": { "type": "Polygon", "coordinates": [ [ [ 126.824999999999875, 34.525 ], [ 126.824999999999875, 34.575 ], [ 126.774999999999864, 34.575 ], [ 126.774999999999864, 34.525 ], [ 126.824999999999875, 34.525 ] ] ] } },
{ "type": "Feature", "properties": { "variability_nT": 311.9, "tier": "optimal", "score": 10.0 }, "geometry": { "type": "Polygon", "coordinates": [ [ [ 126.924999999999869, 34.525 ], [ 126.924999999999869, 34.575 ], [ 126.874999999999858, 34.575 ], [ 126.874999999999858, 34.525 ], [ 126.924999999999869, 34.525 ] ] ] } },
{ "type": "Feature", "properties": { "variability_nT": 261.2, "tier": "optimal", "score": 10.0 }, "geometry": { "type": "Polygon", "coordinates": [ [ [ 126.974999999999866, 34.525 ], [ 126.974999999999866, 34.575 ], [ 126.924999999999855, 34.575 ], [ 126.924999999999855, 34.525 ], [ 126.974999999999866, 34.525 ] ] ] } },
{ "type": "Feature", "properties": { "variability_nT": 202.1, "tier": "optimal", "score": 10.0 }, "geometry": { "type": "Polygon", "coordinates": [ [ [ 127.024999999999864, 34.525 ], [ 127.024999999999864, 34.575 ], [ 126.974999999999852, 34.575 ], [ 126.974999999999852, 34.525 ], [ 127.024999999999864, 34.525 ] ] ] } },
{ "type": "Feature", "properties": { "variability_nT": 186.1, "tier": "optimal", "score": 10.0 }, "geometry": { "type": "Polygon", "coordinates": [ [ [ 127.074999999999861, 34.525 ], [ 127.074999999999861, 34.575 ], [ 127.024999999999849, 34.575 ], [ 127.024999999999849, 34.525 ], [ 127.074999999999861, 34.525 ] ] ] } },
{ "type": "Feature", "properties": { "variability_nT": 264.6, "tier": "optimal", "score": 10.0 }, "geometry": { "type": "Polygon", "coordinates": [ [ [ 127.274999999999849, 34.525 ], [ 127.274999999999849, 34.575 ], [ 127.224999999999838, 34.575 ], [ 127.224999999999838, 34.525 ], [ 127.274999999999849, 34.525 ] ] ] } },
{ "type": "Feature", "properties": { "variability_nT": 215.6, "tier": "optimal", "score": 10.0 }, "geometry": { "type": "Polygon", "coordinates": [ [ [ 127.324999999999847, 34.525 ], [ 127.324999999999847, 34.575 ], [ 127.274999999999835, 34.575 ], [ 127.274999999999835, 34.525 ], [ 127.324999999999847, 34.525 ] ] ] } },
{ "type": "Feature", "properties": { "variability_nT": 156.3, "tier": "optimal", "score": 10.0 }, "geometry": { "type": "Polygon", "coordinates": [ [ [ 127.374999999999844, 34.525 ], [ 127.374999999999844, 34.575 ], [ 127.324999999999832, 34.575 ], [ 127.324999999999832, 34.525 ], [ 127.374999999999844, 34.525 ] ] ] } },
{ "type": "Feature", "properties": { "variability_nT": 225.2, "tier": "optimal", "score": 10.0 }, "geometry": { "type": "Polygon", "coordinates": [ [ [ 127.524999999999835, 34.525 ], [ 127.524999999999835, 34.575 ], [ 127.474999999999824, 34.575 ], [ 127.474999999999824, 34.525 ], [ 127.524999999999835, 34.525 ] ] ] } },
{ "type": "Feature", "properties": { "variability_nT": 155.8, "tier": "optimal", "score": 10.0 }, "geometry": { "type": "Polygon", "coordinates": [ [ [ 127.574999999999832, 34.525 ], [ 127.574999999999832, 34.575 ], [ 127.524999999999821, 34.575 ], [ 127.524999999999821, 34.525 ], [ 127.574999999999832, 34.525 ] ] ] } },
{ "type": "Feature", "properties": { "variability_nT": 163.0, "tier": "optimal", "score": 10.0 }, "geometry": { "type": "Polygon", "coordinates": [ [ [ 127.624999999999829, 34.525 ], [ 127.624999999999829, 34.575 ], [ 127.574999999999818, 34.575 ], [ 127.574999999999818, 34.525 ], [ 127.624999999999829, 34.525 ] ] ] } },
{ "type": "Feature", "properties": { "variability_nT": 332.9, "tier": "optimal", "score": 10.0 }, "geometry": { "type": "Polygon", "coordinates": [ [ [ 127.674999999999827, 34.525 ], [ 127.674999999999827, 34.575 ], [ 127.624999999999815, 34.575 ], [ 127.624999999999815, 34.525 ], [ 127.674999999999827, 34.525 ] ] ] } },
{ "type": "Feature", "properties": { "variability_nT": 314.6, "tier": "optimal", "score": 10.0 }, "geometry": { "type": "Polygon", "coordinates": [ [ [ 127.824999999999818, 34.525 ], [ 127.824999999999818, 34.575 ], [ 127.774999999999807, 34.575 ], [ 127.774999999999807, 34.525 ], [ 127.824999999999818, 34.525 ] ] ] } },
{ "type": "Feature", "properties": { "variability_nT": 261.7, "tier": "optimal", "score": 10.0 }, "geometry": { "type": "Polygon", "coordinates": [ [ [ 127.874999999999815, 34.525 ], [ 127.874999999999815, 34.575 ], [ 127.824999999999804, 34.575 ], [ 127.824999999999804, 34.525 ], [ 127.874999999999815, 34.525 ] ] ] } },
{ "type": "Feature", "properties": { "variability_nT": 294.1, "tier": "optimal", "score": 10.0 }, "geometry": { "type": "Polygon", "coordinates": [ [ [ 127.924999999999812, 34.525 ], [ 127.924999999999812, 34.575 ], [ 127.874999999999801, 34.575 ], [ 127.874999999999801, 34.525 ], [ 127.924999999999812, 34.525 ] ] ] } },
{ "type": "Feature", "properties": { "variability_nT": 360.3, "tier": "optimal", "score": 10.0 }, "geometry": { "type": "Polygon", "coordinates": [ [ [ 128.274999999999778, 34.525 ], [ 128.274999999999778, 34.575 ], [ 128.224999999999767, 34.575 ], [ 128.224999999999767, 34.525 ], [ 128.274999999999778, 34.525 ] ] ] } },
{ "type": "Feature", "properties": { "variability_nT": 283.9, "tier": "optimal", "score": 10.0 }, "geometry": { "type": "Polygon", "coordinates": [ [ [ 128.32499999999979, 34.525 ], [ 128.32499999999979, 34.575 ], [ 128.274999999999778, 34.575 ], [ 128.274999999999778, 34.525 ], [ 128.32499999999979, 34.525 ] ] ] } },
{ "type": "Feature", "properties": { "variability_nT": 176.2, "tier": "optimal", "score": 10.0 }, "geometry": { "type": "Polygon", "coordinates": [ [ [ 128.474999999999767, 34.525 ], [ 128.474999999999767, 34.575 ], [ 128.424999999999756, 34.575 ], [ 128.424999999999756, 34.525 ], [ 128.474999999999767, 34.525 ] ] ] } },
{ "type": "Feature", "properties": { "variability_nT": 152.2, "tier": "optimal", "score": 10.0 }, "geometry": { "type": "Polygon", "coordinates": [ [ [ 128.524999999999778, 34.525 ], [ 128.524999999999778, 34.575 ], [ 128.474999999999767, 34.575 ], [ 128.474999999999767, 34.525 ], [ 128.524999999999778, 34.525 ] ] ] } },
{ "type": "Feature", "properties": { "variability_nT": 238.8, "tier": "optimal", "score": 10.0 }, "geometry": { "type": "Polygon", "coordinates": [ [ [ 128.57499999999979, 34.525 ], [ 128.57499999999979, 34.575 ], [ 128.524999999999778, 34.575 ], [ 128.524999999999778, 34.525 ], [ 128.57499999999979, 34.525 ] ] ] } },
{ "type": "Feature", "properties": { "variability_nT": 366.9, "tier": "optimal", "score": 10.0 }, "geometry": { "type": "Polygon", "coordinates": [ [ [ 125.925, 34.575 ], [ 125.925, 34.625 ], [ 125.875, 34.625 ], [ 125.875, 34.575 ], [ 125.925, 34.575 ] ] ] } },
{ "type": "Feature", "properties": { "variability_nT": 239.0, "tier": "optimal", "score": 10.0 }, "geometry": { "type": "Polygon", "coordinates": [ [ [ 126.025, 34.575 ], [ 126.025, 34.625 ], [ 125.975, 34.625 ], [ 125.975, 34.575 ], [ 126.025, 34.575 ] ] ] } },
{ "type": "Feature", "properties": { "variability_nT": 180.8, "tier": "optimal", "score": 10.0 }, "geometry": { "type": "Polygon", "coordinates": [ [ [ 126.075, 34.575 ], [ 126.075, 34.625 ], [ 126.025, 34.625 ], [ 126.025, 34.575 ], [ 126.075, 34.575 ] ] ] } },
{ "type": "Feature", "properties": { "variability_nT": 152.8, "tier": "optimal", "score": 10.0 }, "geometry": { "type": "Polygon", "coordinates": [ [ [ 126.125, 34.575 ], [ 126.125, 34.625 ], [ 126.075, 34.625 ], [ 126.075, 34.575 ], [ 126.125, 34.575 ] ] ] } },
{ "type": "Feature", "properties": { "variability_nT": 300.2, "tier": "optimal", "score": 10.0 }, "geometry": { "type": "Polygon", "coordinates": [ [ [ 126.175, 34.575 ], [ 126.175, 34.625 ], [ 126.125, 34.625 ], [ 126.125, 34.575 ], [ 126.175, 34.575 ] ] ] } },
{ "type": "Feature", "properties": { "variability_nT": 277.5, "tier": "optimal", "score": 10.0 }, "geometry": { "type": "Polygon", "coordinates": [ [ [ 126.225, 34.575 ], [ 126.225, 34.625 ], [ 126.174999999999898, 34.625 ], [ 126.174999999999898, 34.575 ], [ 126.225, 34.575 ] ] ] } },
{ "type": "Feature", "properties": { "variability_nT": 206.6, "tier": "optimal", "score": 10.0 }, "geometry": { "type": "Polygon", "coordinates": [ [ [ 126.275, 34.575 ], [ 126.275, 34.625 ], [ 126.224999999999895, 34.625 ], [ 126.224999999999895, 34.575 ], [ 126.275, 34.575 ] ] ] } },
{ "type": "Feature", "properties": { "variability_nT": 306.2, "tier": "optimal", "score": 10.0 }, "geometry": { "type": "Polygon", "coordinates": [ [ [ 126.325, 34.575 ], [ 126.325, 34.625 ], [ 126.274999999999892, 34.625 ], [ 126.274999999999892, 34.575 ], [ 126.325, 34.575 ] ] ] } },
{ "type": "Feature", "properties": { "variability_nT": 234.9, "tier": "optimal", "score": 10.0 }, "geometry": { "type": "Polygon", "coordinates": [ [ [ 126.375, 34.575 ], [ 126.375, 34.625 ], [ 126.324999999999889, 34.625 ], [ 126.324999999999889, 34.575 ], [ 126.375, 34.575 ] ] ] } },
{ "type": "Feature", "properties": { "variability_nT": 213.2, "tier": "optimal", "score": 10.0 }, "geometry": { "type": "Polygon", "coordinates": [ [ [ 126.424999999999898, 34.575 ], [ 126.424999999999898, 34.625 ], [ 126.374999999999886, 34.625 ], [ 126.374999999999886, 34.575 ], [ 126.424999999999898, 34.575 ] ] ] } },
{ "type": "Feature", "properties": { "variability_nT": 213.3, "tier": "optimal", "score": 10.0 }, "geometry": { "type": "Polygon", "coordinates": [ [ [ 126.474999999999895, 34.575 ], [ 126.474999999999895, 34.625 ], [ 126.424999999999883, 34.625 ], [ 126.424999999999883, 34.575 ], [ 126.474999999999895, 34.575 ] ] ] } },
{ "type": "Feature", "properties": { "variability_nT": 182.6, "tier": "optimal", "score": 10.0 }, "geometry": { "type": "Polygon", "coordinates": [ [ [ 126.524999999999892, 34.575 ], [ 126.524999999999892, 34.625 ], [ 126.474999999999881, 34.625 ], [ 126.474999999999881, 34.575 ], [ 126.524999999999892, 34.575 ] ] ] } },
{ "type": "Feature", "properties": { "variability_nT": 309.7, "tier": "optimal", "score": 10.0 }, "geometry": { "type": "Polygon", "coordinates": [ [ [ 126.574999999999889, 34.575 ], [ 126.574999999999889, 34.625 ], [ 126.524999999999878, 34.625 ], [ 126.524999999999878, 34.575 ], [ 126.574999999999889, 34.575 ] ] ] } },
{ "type": "Feature", "properties": { "variability_nT": 372.6, "tier": "optimal", "score": 10.0 }, "geometry": { "type": "Polygon", "coordinates": [ [ [ 126.624999999999886, 34.575 ], [ 126.624999999999886, 34.625 ], [ 126.574999999999875, 34.625 ], [ 126.574999999999875, 34.575 ], [ 126.624999999999886, 34.575 ] ] ] } },
{ "type": "Feature", "properties": { "variability_nT": 304.7, "tier": "optimal", "score": 10.0 }, "geometry": { "type": "Polygon", "coordinates": [ [ [ 126.674999999999883, 34.575 ], [ 126.674999999999883, 34.625 ], [ 126.624999999999872, 34.625 ], [ 126.624999999999872, 34.575 ], [ 126.674999999999883, 34.575 ] ] ] } },
{ "type": "Feature", "properties": { "variability_nT": 178.8, "tier": "optimal", "score": 10.0 }, "geometry": { "type": "Polygon", "coordinates": [ [ [ 126.724999999999881, 34.575 ], [ 126.724999999999881, 34.625 ], [ 126.674999999999869, 34.625 ], [ 126.674999999999869, 34.575 ], [ 126.724999999999881, 34.575 ] ] ] } },
{ "type": "Feature", "properties": { "variability_nT": 154.9, "tier": "optimal", "score": 10.0 }, "geometry": { "type": "Polygon", "coordinates": [ [ [ 126.774999999999878, 34.575 ], [ 126.774999999999878, 34.625 ], [ 126.724999999999866, 34.625 ], [ 126.724999999999866, 34.575 ], [ 126.774999999999878, 34.575 ] ] ] } },
{ "type": "Feature", "properties": { "variability_nT": 344.0, "tier": "optimal", "score": 10.0 }, "geometry": { "type": "Polygon", "coordinates": [ [ [ 126.874999999999872, 34.575 ], [ 126.874999999999872, 34.625 ], [ 126.824999999999861, 34.625 ], [ 126.824999999999861, 34.575 ], [ 126.874999999999872, 34.575 ] ] ] } },
{ "type": "Feature", "properties": { "variability_nT": 286.0, "tier": "optimal", "score": 10.0 }, "geometry": { "type": "Polygon", "coordinates": [ [ [ 127.024999999999864, 34.575 ], [ 127.024999999999864, 34.625 ], [ 126.974999999999852, 34.625 ], [ 126.974999999999852, 34.575 ], [ 127.024999999999864, 34.575 ] ] ] } },
{ "type": "Feature", "properties": { "variability_nT": 237.1, "tier": "optimal", "score": 10.0 }, "geometry": { "type": "Polygon", "coordinates": [ [ [ 127.074999999999861, 34.575 ], [ 127.074999999999861, 34.625 ], [ 127.024999999999849, 34.625 ], [ 127.024999999999849, 34.575 ], [ 127.074999999999861, 34.575 ] ] ] } },
{ "type": "Feature", "properties": { "variability_nT": 185.0, "tier": "optimal", "score": 10.0 }, "geometry": { "type": "Polygon", "coordinates": [ [ [ 127.274999999999849, 34.575 ], [ 127.274999999999849, 34.625 ], [ 127.224999999999838, 34.625 ], [ 127.224999999999838, 34.575 ], [ 127.274999999999849, 34.575 ] ] ] } },
{ "type": "Feature", "properties": { "variability_nT": 208.8, "tier": "optimal", "score": 10.0 }, "geometry": { "type": "Polygon", "coordinates": [ [ [ 127.324999999999847, 34.575 ], [ 127.324999999999847, 34.625 ], [ 127.274999999999835, 34.625 ], [ 127.274999999999835, 34.575 ], [ 127.324999999999847, 34.575 ] ] ] } },
{ "type": "Feature", "properties": { "variability_nT": 310.0, "tier": "optimal", "score": 10.0 }, "geometry": { "type": "Polygon", "coordinates": [ [ [ 127.374999999999844, 34.575 ], [ 127.374999999999844, 34.625 ], [ 127.324999999999832, 34.625 ], [ 127.324999999999832, 34.575 ], [ 127.374999999999844, 34.575 ] ] ] } },
{ "type": "Feature", "properties": { "variability_nT": 394.8, "tier": "optimal", "score": 10.0 }, "geometry": { "type": "Polygon", "coordinates": [ [ [ 127.524999999999835, 34.575 ], [ 127.524999999999835, 34.625 ], [ 127.474999999999824, 34.625 ], [ 127.474999999999824, 34.575 ], [ 127.524999999999835, 34.575 ] ] ] } },
{ "type": "Feature", "properties": { "variability_nT": 165.0, "tier": "optimal", "score": 10.0 }, "geometry": { "type": "Polygon", "coordinates": [ [ [ 127.574999999999832, 34.575 ], [ 127.574999999999832, 34.625 ], [ 127.524999999999821, 34.625 ], [ 127.524999999999821, 34.575 ], [ 127.574999999999832, 34.575 ] ] ] } },
{ "type": "Feature", "properties": { "variability_nT": 203.7, "tier": "optimal", "score": 10.0 }, "geometry": { "type": "Polygon", "coordinates": [ [ [ 127.624999999999829, 34.575 ], [ 127.624999999999829, 34.625 ], [ 127.574999999999818, 34.625 ], [ 127.574999999999818, 34.575 ], [ 127.624999999999829, 34.575 ] ] ] } },
{ "type": "Feature", "properties": { "variability_nT": 266.5, "tier": "optimal", "score": 10.0 }, "geometry": { "type": "Polygon", "coordinates": [ [ [ 127.674999999999827, 34.575 ], [ 127.674999999999827, 34.625 ], [ 127.624999999999815, 34.625 ], [ 127.624999999999815, 34.575 ], [ 127.674999999999827, 34.575 ] ] ] } },
{ "type": "Feature", "properties": { "variability_nT": 270.7, "tier": "optimal", "score": 10.0 }, "geometry": { "type": "Polygon", "coordinates": [ [ [ 127.724999999999824, 34.575 ], [ 127.724999999999824, 34.625 ], [ 127.674999999999812, 34.625 ], [ 127.674999999999812, 34.575 ], [ 127.724999999999824, 34.575 ] ] ] } },
{ "type": "Feature", "properties": { "variability_nT": 215.3, "tier": "optimal", "score": 10.0 }, "geometry": { "type": "Polygon", "coordinates": [ [ [ 127.774999999999821, 34.575 ], [ 127.774999999999821, 34.625 ], [ 127.72499999999981, 34.625 ], [ 127.72499999999981, 34.575 ], [ 127.774999999999821, 34.575 ] ] ] } },
{ "type": "Feature", "properties": { "variability_nT": 246.8, "tier": "optimal", "score": 10.0 }, "geometry": { "type": "Polygon", "coordinates": [ [ [ 127.824999999999818, 34.575 ], [ 127.824999999999818, 34.625 ], [ 127.774999999999807, 34.625 ], [ 127.774999999999807, 34.575 ], [ 127.824999999999818, 34.575 ] ] ] } },
{ "type": "Feature", "properties": { "variability_nT": 273.8, "tier": "optimal", "score": 10.0 }, "geometry": { "type": "Polygon", "coordinates": [ [ [ 127.874999999999815, 34.575 ], [ 127.874999999999815, 34.625 ], [ 127.824999999999804, 34.625 ], [ 127.824999999999804, 34.575 ], [ 127.874999999999815, 34.575 ] ] ] } },
{ "type": "Feature", "properties": { "variability_nT": 292.4, "tier": "optimal", "score": 10.0 }, "geometry": { "type": "Polygon", "coordinates": [ [ [ 127.924999999999812, 34.575 ], [ 127.924999999999812, 34.625 ], [ 127.874999999999801, 34.625 ], [ 127.874999999999801, 34.575 ], [ 127.924999999999812, 34.575 ] ] ] } },
{ "type": "Feature", "properties": { "variability_nT": 315.8, "tier": "optimal", "score": 10.0 }, "geometry": { "type": "Polygon", "coordinates": [ [ [ 127.97499999999981, 34.575 ], [ 127.97499999999981, 34.625 ], [ 127.924999999999798, 34.625 ], [ 127.924999999999798, 34.575 ], [ 127.97499999999981, 34.575 ] ] ] } },
{ "type": "Feature", "properties": { "variability_nT": 316.7, "tier": "optimal", "score": 10.0 }, "geometry": { "type": "Polygon", "coordinates": [ [ [ 128.024999999999807, 34.575 ], [ 128.024999999999807, 34.625 ], [ 127.974999999999795, 34.625 ], [ 127.974999999999795, 34.575 ], [ 128.024999999999807, 34.575 ] ] ] } },
{ "type": "Feature", "properties": { "variability_nT": 336.6, "tier": "optimal", "score": 10.0 }, "geometry": { "type": "Polygon", "coordinates": [ [ [ 128.07499999999979, 34.575 ], [ 128.07499999999979, 34.625 ], [ 128.024999999999778, 34.625 ], [ 128.024999999999778, 34.575 ], [ 128.07499999999979, 34.575 ] ] ] } },
{ "type": "Feature", "properties": { "variability_nT": 396.8, "tier": "optimal", "score": 10.0 }, "geometry": { "type": "Polygon", "coordinates": [ [ [ 128.124999999999801, 34.575 ], [ 128.124999999999801, 34.625 ], [ 128.07499999999979, 34.625 ], [ 128.07499999999979, 34.575 ], [ 128.124999999999801, 34.575 ] ] ] } },
{ "type": "Feature", "properties": { "variability_nT": 321.7, "tier": "optimal", "score": 10.0 }, "geometry": { "type": "Polygon", "coordinates": [ [ [ 128.174999999999812, 34.575 ], [ 128.174999999999812, 34.625 ], [ 128.124999999999801, 34.625 ], [ 128.124999999999801, 34.575 ], [ 128.174999999999812, 34.575 ] ] ] } },
{ "type": "Feature", "properties": { "variability_nT": 361.2, "tier": "optimal", "score": 10.0 }, "geometry": { "type": "Polygon", "coordinates": [ [ [ 128.224999999999795, 34.575 ], [ 128.224999999999795, 34.625 ], [ 128.174999999999784, 34.625 ], [ 128.174999999999784, 34.575 ], [ 128.224999999999795, 34.575 ] ] ] } },
{ "type": "Feature", "properties": { "variability_nT": 313.3, "tier": "optimal", "score": 10.0 }, "geometry": { "type": "Polygon", "coordinates": [ [ [ 128.274999999999778, 34.575 ], [ 128.274999999999778, 34.625 ], [ 128.224999999999767, 34.625 ], [ 128.224999999999767, 34.575 ], [ 128.274999999999778, 34.575 ] ] ] } },
{ "type": "Feature", "properties": { "variability_nT": 286.5, "tier": "optimal", "score": 10.0 }, "geometry": { "type": "Polygon", "coordinates": [ [ [ 128.32499999999979, 34.575 ], [ 128.32499999999979, 34.625 ], [ 128.274999999999778, 34.625 ], [ 128.274999999999778, 34.575 ], [ 128.32499999999979, 34.575 ] ] ] } },
{ "type": "Feature", "properties": { "variability_nT": 239.1, "tier": "optimal", "score": 10.0 }, "geometry": { "type": "Polygon", "coordinates": [ [ [ 128.374999999999801, 34.575 ], [ 128.374999999999801, 34.625 ], [ 128.32499999999979, 34.625 ], [ 128.32499999999979, 34.575 ], [ 128.374999999999801, 34.575 ] ] ] } },
{ "type": "Feature", "properties": { "variability_nT": 216.9, "tier": "optimal", "score": 10.0 }, "geometry": { "type": "Polygon", "coordinates": [ [ [ 128.424999999999784, 34.575 ], [ 128.424999999999784, 34.625 ], [ 128.374999999999773, 34.625 ], [ 128.374999999999773, 34.575 ], [ 128.424999999999784, 34.575 ] ] ] } },
{ "type": "Feature", "properties": { "variability_nT": 170.1, "tier": "optimal", "score": 10.0 }, "geometry": { "type": "Polygon", "coordinates": [ [ [ 128.474999999999767, 34.575 ], [ 128.474999999999767, 34.625 ], [ 128.424999999999756, 34.625 ], [ 128.424999999999756, 34.575 ], [ 128.474999999999767, 34.575 ] ] ] } },
{ "type": "Feature", "properties": { "variability_nT": 152.0, "tier": "optimal", "score": 10.0 }, "geometry": { "type": "Polygon", "coordinates": [ [ [ 128.524999999999778, 34.575 ], [ 128.524999999999778, 34.625 ], [ 128.474999999999767, 34.625 ], [ 128.474999999999767, 34.575 ], [ 128.524999999999778, 34.575 ] ] ] } },
{ "type": "Feature", "properties": { "variability_nT": 241.7, "tier": "optimal", "score": 10.0 }, "geometry": { "type": "Polygon", "coordinates": [ [ [ 128.57499999999979, 34.575 ], [ 128.57499999999979, 34.625 ], [ 128.524999999999778, 34.625 ], [ 128.524999999999778, 34.575 ], [ 128.57499999999979, 34.575 ] ] ] } },
{ "type": "Feature", "properties": { "variability_nT": 263.0, "tier": "optimal", "score": 10.0 }, "geometry": { "type": "Polygon", "coordinates": [ [ [ 128.624999999999773, 34.575 ], [ 128.624999999999773, 34.625 ], [ 128.574999999999761, 34.625 ], [ 128.574999999999761, 34.575 ], [ 128.624999999999773, 34.575 ] ] ] } },
{ "type": "Feature", "properties": { "variability_nT": 299.5, "tier": "optimal", "score": 10.0 }, "geometry": { "type": "Polygon", "coordinates": [ [ [ 128.674999999999756, 34.575 ], [ 128.674999999999756, 34.625 ], [ 128.624999999999744, 34.625 ], [ 128.624999999999744, 34.575 ], [ 128.674999999999756, 34.575 ] ] ] } },
{ "type": "Feature", "properties": { "variability_nT": 247.0, "tier": "optimal", "score": 10.0 }, "geometry": { "type": "Polygon", "coordinates": [ [ [ 125.775, 34.625 ], [ 125.775, 34.675 ], [ 125.725, 34.675 ], [ 125.725, 34.625 ], [ 125.775, 34.625 ] ] ] } },
{ "type": "Feature", "properties": { "variability_nT": 287.6, "tier": "optimal", "score": 10.0 }, "geometry": { "type": "Polygon", "coordinates": [ [ [ 125.825, 34.625 ], [ 125.825, 34.675 ], [ 125.775, 34.675 ], [ 125.775, 34.625 ], [ 125.825, 34.625 ] ] ] } },
{ "type": "Feature", "properties": { "variability_nT": 192.2, "tier": "optimal", "score": 10.0 }, "geometry": { "type": "Polygon", "coordinates": [ [ [ 125.975, 34.625 ], [ 125.975, 34.675 ], [ 125.925, 34.675 ], [ 125.925, 34.625 ], [ 125.975, 34.625 ] ] ] } },
{ "type": "Feature", "properties": { "variability_nT": 241.2, "tier": "optimal", "score": 10.0 }, "geometry": { "type": "Polygon", "coordinates": [ [ [ 126.025, 34.625 ], [ 126.025, 34.675 ], [ 125.975, 34.675 ], [ 125.975, 34.625 ], [ 126.025, 34.625 ] ] ] } },
{ "type": "Feature", "properties": { "variability_nT": 238.8, "tier": "optimal", "score": 10.0 }, "geometry": { "type": "Polygon", "coordinates": [ [ [ 126.075, 34.625 ], [ 126.075, 34.675 ], [ 126.025, 34.675 ], [ 126.025, 34.625 ], [ 126.075, 34.625 ] ] ] } },
{ "type": "Feature", "properties": { "variability_nT": 168.7, "tier": "optimal", "score": 10.0 }, "geometry": { "type": "Polygon", "coordinates": [ [ [ 126.125, 34.625 ], [ 126.125, 34.675 ], [ 126.075, 34.675 ], [ 126.075, 34.625 ], [ 126.125, 34.625 ] ] ] } },
{ "type": "Feature", "properties": { "variability_nT": 194.9, "tier": "optimal", "score": 10.0 }, "geometry": { "type": "Polygon", "coordinates": [ [ [ 126.175, 34.625 ], [ 126.175, 34.675 ], [ 126.125, 34.675 ], [ 126.125, 34.625 ], [ 126.175, 34.625 ] ] ] } },
{ "type": "Feature", "properties": { "variability_nT": 292.6, "tier": "optimal", "score": 10.0 }, "geometry": { "type": "Polygon", "coordinates": [ [ [ 126.225, 34.625 ], [ 126.225, 34.675 ], [ 126.174999999999898, 34.675 ], [ 126.174999999999898, 34.625 ], [ 126.225, 34.625 ] ] ] } },
{ "type": "Feature", "properties": { "variability_nT": 232.1, "tier": "optimal", "score": 10.0 }, "geometry": { "type": "Polygon", "coordinates": [ [ [ 126.275, 34.625 ], [ 126.275, 34.675 ], [ 126.224999999999895, 34.675 ], [ 126.224999999999895, 34.625 ], [ 126.275, 34.625 ] ] ] } },
{ "type": "Feature", "properties": { "variability_nT": 386.6, "tier": "optimal", "score": 10.0 }, "geometry": { "type": "Polygon", "coordinates": [ [ [ 126.325, 34.625 ], [ 126.325, 34.675 ], [ 126.274999999999892, 34.675 ], [ 126.274999999999892, 34.625 ], [ 126.325, 34.625 ] ] ] } },
{ "type": "Feature", "properties": { "variability_nT": 391.6, "tier": "optimal", "score": 10.0 }, "geometry": { "type": "Polygon", "coordinates": [ [ [ 126.375, 34.625 ], [ 126.375, 34.675 ], [ 126.324999999999889, 34.675 ], [ 126.324999999999889, 34.625 ], [ 126.375, 34.625 ] ] ] } },
{ "type": "Feature", "properties": { "variability_nT": 270.1, "tier": "optimal", "score": 10.0 }, "geometry": { "type": "Polygon", "coordinates": [ [ [ 126.424999999999898, 34.625 ], [ 126.424999999999898, 34.675 ], [ 126.374999999999886, 34.675 ], [ 126.374999999999886, 34.625 ], [ 126.424999999999898, 34.625 ] ] ] } },
{ "type": "Feature", "properties": { "variability_nT": 219.6, "tier": "optimal", "score": 10.0 }, "geometry": { "type": "Polygon", "coordinates": [ [ [ 126.474999999999895, 34.625 ], [ 126.474999999999895, 34.675 ], [ 126.424999999999883, 34.675 ], [ 126.424999999999883, 34.625 ], [ 126.474999999999895, 34.625 ] ] ] } },
{ "type": "Feature", "properties": { "variability_nT": 246.7, "tier": "optimal", "score": 10.0 }, "geometry": { "type": "Polygon", "coordinates": [ [ [ 126.574999999999889, 34.625 ], [ 126.574999999999889, 34.675 ], [ 126.524999999999878, 34.675 ], [ 126.524999999999878, 34.625 ], [ 126.574999999999889, 34.625 ] ] ] } },
{ "type": "Feature", "properties": { "variability_nT": 374.1, "tier": "optimal", "score": 10.0 }, "geometry": { "type": "Polygon", "coordinates": [ [ [ 126.624999999999886, 34.625 ], [ 126.624999999999886, 34.675 ], [ 126.574999999999875, 34.675 ], [ 126.574999999999875, 34.625 ], [ 126.624999999999886, 34.625 ] ] ] } },
{ "type": "Feature", "properties": { "variability_nT": 383.1, "tier": "optimal", "score": 10.0 }, "geometry": { "type": "Polygon", "coordinates": [ [ [ 126.674999999999883, 34.625 ], [ 126.674999999999883, 34.675 ], [ 126.624999999999872, 34.675 ], [ 126.624999999999872, 34.625 ], [ 126.674999999999883, 34.625 ] ] ] } },
{ "type": "Feature", "properties": { "variability_nT": 322.1, "tier": "optimal", "score": 10.0 }, "geometry": { "type": "Polygon", "coordinates": [ [ [ 126.724999999999881, 34.625 ], [ 126.724999999999881, 34.675 ], [ 126.674999999999869, 34.675 ], [ 126.674999999999869, 34.625 ], [ 126.724999999999881, 34.625 ] ] ] } },
{ "type": "Feature", "properties": { "variability_nT": 193.5, "tier": "optimal", "score": 10.0 }, "geometry": { "type": "Polygon", "coordinates": [ [ [ 126.774999999999878, 34.625 ], [ 126.774999999999878, 34.675 ], [ 126.724999999999866, 34.675 ], [ 126.724999999999866, 34.625 ], [ 126.774999999999878, 34.625 ] ] ] } },
{ "type": "Feature", "properties": { "variability_nT": 160.8, "tier": "optimal", "score": 10.0 }, "geometry": { "type": "Polygon", "coordinates": [ [ [ 126.824999999999875, 34.625 ], [ 126.824999999999875, 34.675 ], [ 126.774999999999864, 34.675 ], [ 126.774999999999864, 34.625 ], [ 126.824999999999875, 34.625 ] ] ] } },
{ "type": "Feature", "properties": { "variability_nT": 153.3, "tier": "optimal", "score": 10.0 }, "geometry": { "type": "Polygon", "coordinates": [ [ [ 126.874999999999872, 34.625 ], [ 126.874999999999872, 34.675 ], [ 126.824999999999861, 34.675 ], [ 126.824999999999861, 34.625 ], [ 126.874999999999872, 34.625 ] ] ] } },
{ "type": "Feature", "properties": { "variability_nT": 320.4, "tier": "optimal", "score": 10.0 }, "geometry": { "type": "Polygon", "coordinates": [ [ [ 126.924999999999869, 34.625 ], [ 126.924999999999869, 34.675 ], [ 126.874999999999858, 34.675 ], [ 126.874999999999858, 34.625 ], [ 126.924999999999869, 34.625 ] ] ] } },
{ "type": "Feature", "properties": { "variability_nT": 265.1, "tier": "optimal", "score": 10.0 }, "geometry": { "type": "Polygon", "coordinates": [ [ [ 127.024999999999864, 34.625 ], [ 127.024999999999864, 34.675 ], [ 126.974999999999852, 34.675 ], [ 126.974999999999852, 34.625 ], [ 127.024999999999864, 34.625 ] ] ] } },
{ "type": "Feature", "properties": { "variability_nT": 182.2, "tier": "optimal", "score": 10.0 }, "geometry": { "type": "Polygon", "coordinates": [ [ [ 127.074999999999861, 34.625 ], [ 127.074999999999861, 34.675 ], [ 127.024999999999849, 34.675 ], [ 127.024999999999849, 34.625 ], [ 127.074999999999861, 34.625 ] ] ] } },
{ "type": "Feature", "properties": { "variability_nT": 196.3, "tier": "optimal", "score": 10.0 }, "geometry": { "type": "Polygon", "coordinates": [ [ [ 127.274999999999849, 34.625 ], [ 127.274999999999849, 34.675 ], [ 127.224999999999838, 34.675 ], [ 127.224999999999838, 34.625 ], [ 127.274999999999849, 34.625 ] ] ] } },
{ "type": "Feature", "properties": { "variability_nT": 296.6, "tier": "optimal", "score": 10.0 }, "geometry": { "type": "Polygon", "coordinates": [ [ [ 127.324999999999847, 34.625 ], [ 127.324999999999847, 34.675 ], [ 127.274999999999835, 34.675 ], [ 127.274999999999835, 34.625 ], [ 127.324999999999847, 34.625 ] ] ] } },
{ "type": "Feature", "properties": { "variability_nT": 366.6, "tier": "optimal", "score": 10.0 }, "geometry": { "type": "Polygon", "coordinates": [ [ [ 127.374999999999844, 34.625 ], [ 127.374999999999844, 34.675 ], [ 127.324999999999832, 34.675 ], [ 127.324999999999832, 34.625 ], [ 127.374999999999844, 34.625 ] ] ] } },
{ "type": "Feature", "properties": { "variability_nT": 269.9, "tier": "optimal", "score": 10.0 }, "geometry": { "type": "Polygon", "coordinates": [ [ [ 127.424999999999841, 34.625 ], [ 127.424999999999841, 34.675 ], [ 127.374999999999829, 34.675 ], [ 127.374999999999829, 34.625 ], [ 127.424999999999841, 34.625 ] ] ] } },
{ "type": "Feature", "properties": { "variability_nT": 260.0, "tier": "optimal", "score": 10.0 }, "geometry": { "type": "Polygon", "coordinates": [ [ [ 127.474999999999838, 34.625 ], [ 127.474999999999838, 34.675 ], [ 127.424999999999827, 34.675 ], [ 127.424999999999827, 34.625 ], [ 127.474999999999838, 34.625 ] ] ] } },
{ "type": "Feature", "properties": { "variability_nT": 261.8, "tier": "optimal", "score": 10.0 }, "geometry": { "type": "Polygon", "coordinates": [ [ [ 127.524999999999835, 34.625 ], [ 127.524999999999835, 34.675 ], [ 127.474999999999824, 34.675 ], [ 127.474999999999824, 34.625 ], [ 127.524999999999835, 34.625 ] ] ] } },
{ "type": "Feature", "properties": { "variability_nT": 187.5, "tier": "optimal", "score": 10.0 }, "geometry": { "type": "Polygon", "coordinates": [ [ [ 127.574999999999832, 34.625 ], [ 127.574999999999832, 34.675 ], [ 127.524999999999821, 34.675 ], [ 127.524999999999821, 34.625 ], [ 127.574999999999832, 34.625 ] ] ] } },
{ "type": "Feature", "properties": { "variability_nT": 156.1, "tier": "optimal", "score": 10.0 }, "geometry": { "type": "Polygon", "coordinates": [ [ [ 127.624999999999829, 34.625 ], [ 127.624999999999829, 34.675 ], [ 127.574999999999818, 34.675 ], [ 127.574999999999818, 34.625 ], [ 127.624999999999829, 34.625 ] ] ] } },
{ "type": "Feature", "properties": { "variability_nT": 228.1, "tier": "optimal", "score": 10.0 }, "geometry": { "type": "Polygon", "coordinates": [ [ [ 127.724999999999824, 34.625 ], [ 127.724999999999824, 34.675 ], [ 127.674999999999812, 34.675 ], [ 127.674999999999812, 34.625 ], [ 127.724999999999824, 34.625 ] ] ] } },
{ "type": "Feature", "properties": { "variability_nT": 302.1, "tier": "optimal", "score": 10.0 }, "geometry": { "type": "Polygon", "coordinates": [ [ [ 127.774999999999821, 34.625 ], [ 127.774999999999821, 34.675 ], [ 127.72499999999981, 34.675 ], [ 127.72499999999981, 34.625 ], [ 127.774999999999821, 34.625 ] ] ] } },
{ "type": "Feature", "properties": { "variability_nT": 240.8, "tier": "optimal", "score": 10.0 }, "geometry": { "type": "Polygon", "coordinates": [ [ [ 127.824999999999818, 34.625 ], [ 127.824999999999818, 34.675 ], [ 127.774999999999807, 34.675 ], [ 127.774999999999807, 34.625 ], [ 127.824999999999818, 34.625 ] ] ] } },
{ "type": "Feature", "properties": { "variability_nT": 367.8, "tier": "optimal", "score": 10.0 }, "geometry": { "type": "Polygon", "coordinates": [ [ [ 127.874999999999815, 34.625 ], [ 127.874999999999815, 34.675 ], [ 127.824999999999804, 34.675 ], [ 127.824999999999804, 34.625 ], [ 127.874999999999815, 34.625 ] ] ] } },
{ "type": "Feature", "properties": { "variability_nT": 243.1, "tier": "optimal", "score": 10.0 }, "geometry": { "type": "Polygon", "coordinates": [ [ [ 127.924999999999812, 34.625 ], [ 127.924999999999812, 34.675 ], [ 127.874999999999801, 34.675 ], [ 127.874999999999801, 34.625 ], [ 127.924999999999812, 34.625 ] ] ] } },
{ "type": "Feature", "properties": { "variability_nT": 273.2, "tier": "optimal", "score": 10.0 }, "geometry": { "type": "Polygon", "coordinates": [ [ [ 128.024999999999807, 34.625 ], [ 128.024999999999807, 34.675 ], [ 127.974999999999795, 34.675 ], [ 127.974999999999795, 34.625 ], [ 128.024999999999807, 34.625 ] ] ] } },
{ "type": "Feature", "properties": { "variability_nT": 216.6, "tier": "optimal", "score": 10.0 }, "geometry": { "type": "Polygon", "coordinates": [ [ [ 128.124999999999801, 34.625 ], [ 128.124999999999801, 34.675 ], [ 128.07499999999979, 34.675 ], [ 128.07499999999979, 34.625 ], [ 128.124999999999801, 34.625 ] ] ] } },
{ "type": "Feature", "properties": { "variability_nT": 372.0, "tier": "optimal", "score": 10.0 }, "geometry": { "type": "Polygon", "coordinates": [ [ [ 128.174999999999812, 34.625 ], [ 128.174999999999812, 34.675 ], [ 128.124999999999801, 34.675 ], [ 128.124999999999801, 34.625 ], [ 128.174999999999812, 34.625 ] ] ] } },
{ "type": "Feature", "properties": { "variability_nT": 358.8, "tier": "optimal", "score": 10.0 }, "geometry": { "type": "Polygon", "coordinates": [ [ [ 128.224999999999795, 34.625 ], [ 128.224999999999795, 34.675 ], [ 128.174999999999784, 34.675 ], [ 128.174999999999784, 34.625 ], [ 128.224999999999795, 34.625 ] ] ] } },
{ "type": "Feature", "properties": { "variability_nT": 296.9, "tier": "optimal", "score": 10.0 }, "geometry": { "type": "Polygon", "coordinates": [ [ [ 128.274999999999778, 34.625 ], [ 128.274999999999778, 34.675 ], [ 128.224999999999767, 34.675 ], [ 128.224999999999767, 34.625 ], [ 128.274999999999778, 34.625 ] ] ] } },
{ "type": "Feature", "properties": { "variability_nT": 288.2, "tier": "optimal", "score": 10.0 }, "geometry": { "type": "Polygon", "coordinates": [ [ [ 128.32499999999979, 34.625 ], [ 128.32499999999979, 34.675 ], [ 128.274999999999778, 34.675 ], [ 128.274999999999778, 34.625 ], [ 128.32499999999979, 34.625 ] ] ] } },
{ "type": "Feature", "properties": { "variability_nT": 311.9, "tier": "optimal", "score": 10.0 }, "geometry": { "type": "Polygon", "coordinates": [ [ [ 128.374999999999801, 34.625 ], [ 128.374999999999801, 34.675 ], [ 128.32499999999979, 34.675 ], [ 128.32499999999979, 34.625 ], [ 128.374999999999801, 34.625 ] ] ] } },
{ "type": "Feature", "properties": { "variability_nT": 355.3, "tier": "optimal", "score": 10.0 }, "geometry": { "type": "Polygon", "coordinates": [ [ [ 128.424999999999784, 34.625 ], [ 128.424999999999784, 34.675 ], [ 128.374999999999773, 34.675 ], [ 128.374999999999773, 34.625 ], [ 128.424999999999784, 34.625 ] ] ] } },
{ "type": "Feature", "properties": { "variability_nT": 294.3, "tier": "optimal", "score": 10.0 }, "geometry": { "type": "Polygon", "coordinates": [ [ [ 128.474999999999767, 34.625 ], [ 128.474999999999767, 34.675 ], [ 128.424999999999756, 34.675 ], [ 128.424999999999756, 34.625 ], [ 128.474999999999767, 34.625 ] ] ] } },
{ "type": "Feature", "properties": { "variability_nT": 211.8, "tier": "optimal", "score": 10.0 }, "geometry": { "type": "Polygon", "coordinates": [ [ [ 128.524999999999778, 34.625 ], [ 128.524999999999778, 34.675 ], [ 128.474999999999767, 34.675 ], [ 128.474999999999767, 34.625 ], [ 128.524999999999778, 34.625 ] ] ] } },
{ "type": "Feature", "properties": { "variability_nT": 339.5, "tier": "optimal", "score": 10.0 }, "geometry": { "type": "Polygon", "coordinates": [ [ [ 128.57499999999979, 34.625 ], [ 128.57499999999979, 34.675 ], [ 128.524999999999778, 34.675 ], [ 128.524999999999778, 34.625 ], [ 128.57499999999979, 34.625 ] ] ] } },
{ "type": "Feature", "properties": { "variability_nT": 329.7, "tier": "optimal", "score": 10.0 }, "geometry": { "type": "Polygon", "coordinates": [ [ [ 128.624999999999773, 34.625 ], [ 128.624999999999773, 34.675 ], [ 128.574999999999761, 34.675 ], [ 128.574999999999761, 34.625 ], [ 128.624999999999773, 34.625 ] ] ] } },
{ "type": "Feature", "properties": { "variability_nT": 277.9, "tier": "optimal", "score": 10.0 }, "geometry": { "type": "Polygon", "coordinates": [ [ [ 128.674999999999756, 34.625 ], [ 128.674999999999756, 34.675 ], [ 128.624999999999744, 34.675 ], [ 128.624999999999744, 34.625 ], [ 128.674999999999756, 34.625 ] ] ] } },
{ "type": "Feature", "properties": { "variability_nT": 188.0, "tier": "optimal", "score": 10.0 }, "geometry": { "type": "Polygon", "coordinates": [ [ [ 128.724999999999767, 34.625 ], [ 128.724999999999767, 34.675 ], [ 128.674999999999756, 34.675 ], [ 128.674999999999756, 34.625 ], [ 128.724999999999767, 34.625 ] ] ] } },
{ "type": "Feature", "properties": { "variability_nT": 188.2, "tier": "optimal", "score": 10.0 }, "geometry": { "type": "Polygon", "coordinates": [ [ [ 128.774999999999778, 34.625 ], [ 128.774999999999778, 34.675 ], [ 128.724999999999767, 34.675 ], [ 128.724999999999767, 34.625 ], [ 128.774999999999778, 34.625 ] ] ] } },
{ "type": "Feature", "properties": { "variability_nT": 164.7, "tier": "optimal", "score": 10.0 }, "geometry": { "type": "Polygon", "coordinates": [ [ [ 125.775, 34.675 ], [ 125.775, 34.725 ], [ 125.725, 34.725 ], [ 125.725, 34.675 ], [ 125.775, 34.675 ] ] ] } },
{ "type": "Feature", "properties": { "variability_nT": 222.3, "tier": "optimal", "score": 10.0 }, "geometry": { "type": "Polygon", "coordinates": [ [ [ 125.875, 34.675 ], [ 125.875, 34.725 ], [ 125.825, 34.725 ], [ 125.825, 34.675 ], [ 125.875, 34.675 ] ] ] } },
{ "type": "Feature", "properties": { "variability_nT": 396.2, "tier": "optimal", "score": 10.0 }, "geometry": { "type": "Polygon", "coordinates": [ [ [ 125.925, 34.675 ], [ 125.925, 34.725 ], [ 125.875, 34.725 ], [ 125.875, 34.675 ], [ 125.925, 34.675 ] ] ] } },
{ "type": "Feature", "properties": { "variability_nT": 297.1, "tier": "optimal", "score": 10.0 }, "geometry": { "type": "Polygon", "coordinates": [ [ [ 125.975, 34.675 ], [ 125.975, 34.725 ], [ 125.925, 34.725 ], [ 125.925, 34.675 ], [ 125.975, 34.675 ] ] ] } },
{ "type": "Feature", "properties": { "variability_nT": 343.4, "tier": "optimal", "score": 10.0 }, "geometry": { "type": "Polygon", "coordinates": [ [ [ 126.025, 34.675 ], [ 126.025, 34.725 ], [ 125.975, 34.725 ], [ 125.975, 34.675 ], [ 126.025, 34.675 ] ] ] } },
{ "type": "Feature", "properties": { "variability_nT": 319.7, "tier": "optimal", "score": 10.0 }, "geometry": { "type": "Polygon", "coordinates": [ [ [ 126.075, 34.675 ], [ 126.075, 34.725 ], [ 126.025, 34.725 ], [ 126.025, 34.675 ], [ 126.075, 34.675 ] ] ] } },
{ "type": "Feature", "properties": { "variability_nT": 286.2, "tier": "optimal", "score": 10.0 }, "geometry": { "type": "Polygon", "coordinates": [ [ [ 126.125, 34.675 ], [ 126.125, 34.725 ], [ 126.075, 34.725 ], [ 126.075, 34.675 ], [ 126.125, 34.675 ] ] ] } },
{ "type": "Feature", "properties": { "variability_nT": 305.2, "tier": "optimal", "score": 10.0 }, "geometry": { "type": "Polygon", "coordinates": [ [ [ 126.175, 34.675 ], [ 126.175, 34.725 ], [ 126.125, 34.725 ], [ 126.125, 34.675 ], [ 126.175, 34.675 ] ] ] } },
{ "type": "Feature", "properties": { "variability_nT": 309.6, "tier": "optimal", "score": 10.0 }, "geometry": { "type": "Polygon", "coordinates": [ [ [ 126.225, 34.675 ], [ 126.225, 34.725 ], [ 126.174999999999898, 34.725 ], [ 126.174999999999898, 34.675 ], [ 126.225, 34.675 ] ] ] } },
{ "type": "Feature", "properties": { "variability_nT": 264.6, "tier": "optimal", "score": 10.0 }, "geometry": { "type": "Polygon", "coordinates": [ [ [ 126.275, 34.675 ], [ 126.275, 34.725 ], [ 126.224999999999895, 34.725 ], [ 126.224999999999895, 34.675 ], [ 126.275, 34.675 ] ] ] } },
{ "type": "Feature", "properties": { "variability_nT": 338.5, "tier": "optimal", "score": 10.0 }, "geometry": { "type": "Polygon", "coordinates": [ [ [ 126.424999999999898, 34.675 ], [ 126.424999999999898, 34.725 ], [ 126.374999999999886, 34.725 ], [ 126.374999999999886, 34.675 ], [ 126.424999999999898, 34.675 ] ] ] } },
{ "type": "Feature", "properties": { "variability_nT": 257.9, "tier": "optimal", "score": 10.0 }, "geometry": { "type": "Polygon", "coordinates": [ [ [ 126.474999999999895, 34.675 ], [ 126.474999999999895, 34.725 ], [ 126.424999999999883, 34.725 ], [ 126.424999999999883, 34.675 ], [ 126.474999999999895, 34.675 ] ] ] } },
{ "type": "Feature", "properties": { "variability_nT": 178.1, "tier": "optimal", "score": 10.0 }, "geometry": { "type": "Polygon", "coordinates": [ [ [ 126.524999999999892, 34.675 ], [ 126.524999999999892, 34.725 ], [ 126.474999999999881, 34.725 ], [ 126.474999999999881, 34.675 ], [ 126.524999999999892, 34.675 ] ] ] } },
{ "type": "Feature", "properties": { "variability_nT": 336.1, "tier": "optimal", "score": 10.0 }, "geometry": { "type": "Polygon", "coordinates": [ [ [ 126.574999999999889, 34.675 ], [ 126.574999999999889, 34.725 ], [ 126.524999999999878, 34.725 ], [ 126.524999999999878, 34.675 ], [ 126.574999999999889, 34.675 ] ] ] } },
{ "type": "Feature", "properties": { "variability_nT": 303.9, "tier": "optimal", "score": 10.0 }, "geometry": { "type": "Polygon", "coordinates": [ [ [ 126.624999999999886, 34.675 ], [ 126.624999999999886, 34.725 ], [ 126.574999999999875, 34.725 ], [ 126.574999999999875, 34.675 ], [ 126.624999999999886, 34.675 ] ] ] } },
{ "type": "Feature", "properties": { "variability_nT": 271.4, "tier": "optimal", "score": 10.0 }, "geometry": { "type": "Polygon", "coordinates": [ [ [ 126.674999999999883, 34.675 ], [ 126.674999999999883, 34.725 ], [ 126.624999999999872, 34.725 ], [ 126.624999999999872, 34.675 ], [ 126.674999999999883, 34.675 ] ] ] } },
{ "type": "Feature", "properties": { "variability_nT": 353.8, "tier": "optimal", "score": 10.0 }, "geometry": { "type": "Polygon", "coordinates": [ [ [ 126.724999999999881, 34.675 ], [ 126.724999999999881, 34.725 ], [ 126.674999999999869, 34.725 ], [ 126.674999999999869, 34.675 ], [ 126.724999999999881, 34.675 ] ] ] } },
{ "type": "Feature", "properties": { "variability_nT": 204.8, "tier": "optimal", "score": 10.0 }, "geometry": { "type": "Polygon", "coordinates": [ [ [ 126.774999999999878, 34.675 ], [ 126.774999999999878, 34.725 ], [ 126.724999999999866, 34.725 ], [ 126.724999999999866, 34.675 ], [ 126.774999999999878, 34.675 ] ] ] } },
{ "type": "Feature", "properties": { "variability_nT": 171.5, "tier": "optimal", "score": 10.0 }, "geometry": { "type": "Polygon", "coordinates": [ [ [ 126.874999999999872, 34.675 ], [ 126.874999999999872, 34.725 ], [ 126.824999999999861, 34.725 ], [ 126.824999999999861, 34.675 ], [ 126.874999999999872, 34.675 ] ] ] } },
{ "type": "Feature", "properties": { "variability_nT": 274.5, "tier": "optimal", "score": 10.0 }, "geometry": { "type": "Polygon", "coordinates": [ [ [ 126.924999999999869, 34.675 ], [ 126.924999999999869, 34.725 ], [ 126.874999999999858, 34.725 ], [ 126.874999999999858, 34.675 ], [ 126.924999999999869, 34.675 ] ] ] } },
{ "type": "Feature", "properties": { "variability_nT": 243.6, "tier": "optimal", "score": 10.0 }, "geometry": { "type": "Polygon", "coordinates": [ [ [ 126.974999999999866, 34.675 ], [ 126.974999999999866, 34.725 ], [ 126.924999999999855, 34.725 ], [ 126.924999999999855, 34.675 ], [ 126.974999999999866, 34.675 ] ] ] } },
{ "type": "Feature", "properties": { "variability_nT": 213.0, "tier": "optimal", "score": 10.0 }, "geometry": { "type": "Polygon", "coordinates": [ [ [ 127.024999999999864, 34.675 ], [ 127.024999999999864, 34.725 ], [ 126.974999999999852, 34.725 ], [ 126.974999999999852, 34.675 ], [ 127.024999999999864, 34.675 ] ] ] } },
{ "type": "Feature", "properties": { "variability_nT": 164.4, "tier": "optimal", "score": 10.0 }, "geometry": { "type": "Polygon", "coordinates": [ [ [ 127.074999999999861, 34.675 ], [ 127.074999999999861, 34.725 ], [ 127.024999999999849, 34.725 ], [ 127.024999999999849, 34.675 ], [ 127.074999999999861, 34.675 ] ] ] } },
{ "type": "Feature", "properties": { "variability_nT": 206.4, "tier": "optimal", "score": 10.0 }, "geometry": { "type": "Polygon", "coordinates": [ [ [ 127.174999999999855, 34.675 ], [ 127.174999999999855, 34.725 ], [ 127.124999999999844, 34.725 ], [ 127.124999999999844, 34.675 ], [ 127.174999999999855, 34.675 ] ] ] } },
{ "type": "Feature", "properties": { "variability_nT": 181.5, "tier": "optimal", "score": 10.0 }, "geometry": { "type": "Polygon", "coordinates": [ [ [ 127.224999999999852, 34.675 ], [ 127.224999999999852, 34.725 ], [ 127.174999999999841, 34.725 ], [ 127.174999999999841, 34.675 ], [ 127.224999999999852, 34.675 ] ] ] } },
{ "type": "Feature", "properties": { "variability_nT": 156.4, "tier": "optimal", "score": 10.0 }, "geometry": { "type": "Polygon", "coordinates": [ [ [ 127.324999999999847, 34.675 ], [ 127.324999999999847, 34.725 ], [ 127.274999999999835, 34.725 ], [ 127.274999999999835, 34.675 ], [ 127.324999999999847, 34.675 ] ] ] } },
{ "type": "Feature", "properties": { "variability_nT": 315.7, "tier": "optimal", "score": 10.0 }, "geometry": { "type": "Polygon", "coordinates": [ [ [ 127.374999999999844, 34.675 ], [ 127.374999999999844, 34.725 ], [ 127.324999999999832, 34.725 ], [ 127.324999999999832, 34.675 ], [ 127.374999999999844, 34.675 ] ] ] } },
{ "type": "Feature", "properties": { "variability_nT": 256.8, "tier": "optimal", "score": 10.0 }, "geometry": { "type": "Polygon", "coordinates": [ [ [ 127.424999999999841, 34.675 ], [ 127.424999999999841, 34.725 ], [ 127.374999999999829, 34.725 ], [ 127.374999999999829, 34.675 ], [ 127.424999999999841, 34.675 ] ] ] } },
{ "type": "Feature", "properties": { "variability_nT": 224.7, "tier": "optimal", "score": 10.0 }, "geometry": { "type": "Polygon", "coordinates": [ [ [ 127.474999999999838, 34.675 ], [ 127.474999999999838, 34.725 ], [ 127.424999999999827, 34.725 ], [ 127.424999999999827, 34.675 ], [ 127.474999999999838, 34.675 ] ] ] } },
{ "type": "Feature", "properties": { "variability_nT": 164.5, "tier": "optimal", "score": 10.0 }, "geometry": { "type": "Polygon", "coordinates": [ [ [ 127.624999999999829, 34.675 ], [ 127.624999999999829, 34.725 ], [ 127.574999999999818, 34.725 ], [ 127.574999999999818, 34.675 ], [ 127.624999999999829, 34.675 ] ] ] } },
{ "type": "Feature", "properties": { "variability_nT": 154.7, "tier": "optimal", "score": 10.0 }, "geometry": { "type": "Polygon", "coordinates": [ [ [ 127.674999999999827, 34.675 ], [ 127.674999999999827, 34.725 ], [ 127.624999999999815, 34.725 ], [ 127.624999999999815, 34.675 ], [ 127.674999999999827, 34.675 ] ] ] } },
{ "type": "Feature", "properties": { "variability_nT": 331.0, "tier": "optimal", "score": 10.0 }, "geometry": { "type": "Polygon", "coordinates": [ [ [ 127.724999999999824, 34.675 ], [ 127.724999999999824, 34.725 ], [ 127.674999999999812, 34.725 ], [ 127.674999999999812, 34.675 ], [ 127.724999999999824, 34.675 ] ] ] } },
{ "type": "Feature", "properties": { "variability_nT": 355.6, "tier": "optimal", "score": 10.0 }, "geometry": { "type": "Polygon", "coordinates": [ [ [ 127.774999999999821, 34.675 ], [ 127.774999999999821, 34.725 ], [ 127.72499999999981, 34.725 ], [ 127.72499999999981, 34.675 ], [ 127.774999999999821, 34.675 ] ] ] } },
{ "type": "Feature", "properties": { "variability_nT": 250.1, "tier": "optimal", "score": 10.0 }, "geometry": { "type": "Polygon", "coordinates": [ [ [ 127.824999999999818, 34.675 ], [ 127.824999999999818, 34.725 ], [ 127.774999999999807, 34.725 ], [ 127.774999999999807, 34.675 ], [ 127.824999999999818, 34.675 ] ] ] } },
{ "type": "Feature", "properties": { "variability_nT": 245.8, "tier": "optimal", "score": 10.0 }, "geometry": { "type": "Polygon", "coordinates": [ [ [ 127.874999999999815, 34.675 ], [ 127.874999999999815, 34.725 ], [ 127.824999999999804, 34.725 ], [ 127.824999999999804, 34.675 ], [ 127.874999999999815, 34.675 ] ] ] } },
{ "type": "Feature", "properties": { "variability_nT": 323.8, "tier": "optimal", "score": 10.0 }, "geometry": { "type": "Polygon", "coordinates": [ [ [ 127.924999999999812, 34.675 ], [ 127.924999999999812, 34.725 ], [ 127.874999999999801, 34.725 ], [ 127.874999999999801, 34.675 ], [ 127.924999999999812, 34.675 ] ] ] } },
{ "type": "Feature", "properties": { "variability_nT": 354.4, "tier": "optimal", "score": 10.0 }, "geometry": { "type": "Polygon", "coordinates": [ [ [ 128.024999999999807, 34.675 ], [ 128.024999999999807, 34.725 ], [ 127.974999999999795, 34.725 ], [ 127.974999999999795, 34.675 ], [ 128.024999999999807, 34.675 ] ] ] } },
{ "type": "Feature", "properties": { "variability_nT": 280.1, "tier": "optimal", "score": 10.0 }, "geometry": { "type": "Polygon", "coordinates": [ [ [ 128.124999999999801, 34.675 ], [ 128.124999999999801, 34.725 ], [ 128.07499999999979, 34.725 ], [ 128.07499999999979, 34.675 ], [ 128.124999999999801, 34.675 ] ] ] } },
{ "type": "Feature", "properties": { "variability_nT": 346.9, "tier": "optimal", "score": 10.0 }, "geometry": { "type": "Polygon", "coordinates": [ [ [ 128.174999999999812, 34.675 ], [ 128.174999999999812, 34.725 ], [ 128.124999999999801, 34.725 ], [ 128.124999999999801, 34.675 ], [ 128.174999999999812, 34.675 ] ] ] } },
{ "type": "Feature", "properties": { "variability_nT": 356.4, "tier": "optimal", "score": 10.0 }, "geometry": { "type": "Polygon", "coordinates": [ [ [ 128.274999999999778, 34.675 ], [ 128.274999999999778, 34.725 ], [ 128.224999999999767, 34.725 ], [ 128.224999999999767, 34.675 ], [ 128.274999999999778, 34.675 ] ] ] } },
{ "type": "Feature", "properties": { "variability_nT": 319.8, "tier": "optimal", "score": 10.0 }, "geometry": { "type": "Polygon", "coordinates": [ [ [ 128.32499999999979, 34.675 ], [ 128.32499999999979, 34.725 ], [ 128.274999999999778, 34.725 ], [ 128.274999999999778, 34.675 ], [ 128.32499999999979, 34.675 ] ] ] } },
{ "type": "Feature", "properties": { "variability_nT": 261.8, "tier": "optimal", "score": 10.0 }, "geometry": { "type": "Polygon", "coordinates": [ [ [ 128.374999999999801, 34.675 ], [ 128.374999999999801, 34.725 ], [ 128.32499999999979, 34.725 ], [ 128.32499999999979, 34.675 ], [ 128.374999999999801, 34.675 ] ] ] } },
{ "type": "Feature", "properties": { "variability_nT": 179.2, "tier": "optimal", "score": 10.0 }, "geometry": { "type": "Polygon", "coordinates": [ [ [ 128.524999999999778, 34.675 ], [ 128.524999999999778, 34.725 ], [ 128.474999999999767, 34.725 ], [ 128.474999999999767, 34.675 ], [ 128.524999999999778, 34.675 ] ] ] } },
{ "type": "Feature", "properties": { "variability_nT": 291.1, "tier": "optimal", "score": 10.0 }, "geometry": { "type": "Polygon", "coordinates": [ [ [ 128.57499999999979, 34.675 ], [ 128.57499999999979, 34.725 ], [ 128.524999999999778, 34.725 ], [ 128.524999999999778, 34.675 ], [ 128.57499999999979, 34.675 ] ] ] } },
{ "type": "Feature", "properties": { "variability_nT": 225.6, "tier": "optimal", "score": 10.0 }, "geometry": { "type": "Polygon", "coordinates": [ [ [ 128.624999999999773, 34.675 ], [ 128.624999999999773, 34.725 ], [ 128.574999999999761, 34.725 ], [ 128.574999999999761, 34.675 ], [ 128.624999999999773, 34.675 ] ] ] } },
{ "type": "Feature", "properties": { "variability_nT": 191.4, "tier": "optimal", "score": 10.0 }, "geometry": { "type": "Polygon", "coordinates": [ [ [ 128.674999999999756, 34.675 ], [ 128.674999999999756, 34.725 ], [ 128.624999999999744, 34.725 ], [ 128.624999999999744, 34.675 ], [ 128.674999999999756, 34.675 ] ] ] } },
{ "type": "Feature", "properties": { "variability_nT": 164.8, "tier": "optimal", "score": 10.0 }, "geometry": { "type": "Polygon", "coordinates": [ [ [ 128.724999999999767, 34.675 ], [ 128.724999999999767, 34.725 ], [ 128.674999999999756, 34.725 ], [ 128.674999999999756, 34.675 ], [ 128.724999999999767, 34.675 ] ] ] } },
{ "type": "Feature", "properties": { "variability_nT": 160.6, "tier": "optimal", "score": 10.0 }, "geometry": { "type": "Polygon", "coordinates": [ [ [ 125.775, 34.725 ], [ 125.775, 34.774999999999899 ], [ 125.725, 34.774999999999899 ], [ 125.725, 34.725 ], [ 125.775, 34.725 ] ] ] } },
{ "type": "Feature", "properties": { "variability_nT": 207.8, "tier": "optimal", "score": 10.0 }, "geometry": { "type": "Polygon", "coordinates": [ [ [ 125.825, 34.725 ], [ 125.825, 34.774999999999899 ], [ 125.775, 34.774999999999899 ], [ 125.775, 34.725 ], [ 125.825, 34.725 ] ] ] } },
{ "type": "Feature", "properties": { "variability_nT": 164.6, "tier": "optimal", "score": 10.0 }, "geometry": { "type": "Polygon", "coordinates": [ [ [ 125.875, 34.725 ], [ 125.875, 34.774999999999899 ], [ 125.825, 34.774999999999899 ], [ 125.825, 34.725 ], [ 125.875, 34.725 ] ] ] } },
{ "type": "Feature", "properties": { "variability_nT": 227.9, "tier": "optimal", "score": 10.0 }, "geometry": { "type": "Polygon", "coordinates": [ [ [ 125.925, 34.725 ], [ 125.925, 34.774999999999899 ], [ 125.875, 34.774999999999899 ], [ 125.875, 34.725 ], [ 125.925, 34.725 ] ] ] } },
{ "type": "Feature", "properties": { "variability_nT": 297.1, "tier": "optimal", "score": 10.0 }, "geometry": { "type": "Polygon", "coordinates": [ [ [ 125.975, 34.725 ], [ 125.975, 34.774999999999899 ], [ 125.925, 34.774999999999899 ], [ 125.925, 34.725 ], [ 125.975, 34.725 ] ] ] } },
{ "type": "Feature", "properties": { "variability_nT": 272.0, "tier": "optimal", "score": 10.0 }, "geometry": { "type": "Polygon", "coordinates": [ [ [ 126.025, 34.725 ], [ 126.025, 34.774999999999899 ], [ 125.975, 34.774999999999899 ], [ 125.975, 34.725 ], [ 126.025, 34.725 ] ] ] } },
{ "type": "Feature", "properties": { "variability_nT": 338.6, "tier": "optimal", "score": 10.0 }, "geometry": { "type": "Polygon", "coordinates": [ [ [ 126.075, 34.725 ], [ 126.075, 34.774999999999899 ], [ 126.025, 34.774999999999899 ], [ 126.025, 34.725 ], [ 126.075, 34.725 ] ] ] } },
{ "type": "Feature", "properties": { "variability_nT": 325.6, "tier": "optimal", "score": 10.0 }, "geometry": { "type": "Polygon", "coordinates": [ [ [ 126.175, 34.725 ], [ 126.175, 34.774999999999899 ], [ 126.125, 34.774999999999899 ], [ 126.125, 34.725 ], [ 126.175, 34.725 ] ] ] } },
{ "type": "Feature", "properties": { "variability_nT": 214.2, "tier": "optimal", "score": 10.0 }, "geometry": { "type": "Polygon", "coordinates": [ [ [ 126.225, 34.725 ], [ 126.225, 34.774999999999899 ], [ 126.174999999999898, 34.774999999999899 ], [ 126.174999999999898, 34.725 ], [ 126.225, 34.725 ] ] ] } },
{ "type": "Feature", "properties": { "variability_nT": 216.9, "tier": "optimal", "score": 10.0 }, "geometry": { "type": "Polygon", "coordinates": [ [ [ 126.325, 34.725 ], [ 126.325, 34.774999999999899 ], [ 126.274999999999892, 34.774999999999899 ], [ 126.274999999999892, 34.725 ], [ 126.325, 34.725 ] ] ] } },
{ "type": "Feature", "properties": { "variability_nT": 393.7, "tier": "optimal", "score": 10.0 }, "geometry": { "type": "Polygon", "coordinates": [ [ [ 126.375, 34.725 ], [ 126.375, 34.774999999999899 ], [ 126.324999999999889, 34.774999999999899 ], [ 126.324999999999889, 34.725 ], [ 126.375, 34.725 ] ] ] } },
{ "type": "Feature", "properties": { "variability_nT": 266.4, "tier": "optimal", "score": 10.0 }, "geometry": { "type": "Polygon", "coordinates": [ [ [ 126.424999999999898, 34.725 ], [ 126.424999999999898, 34.774999999999899 ], [ 126.374999999999886, 34.774999999999899 ], [ 126.374999999999886, 34.725 ], [ 126.424999999999898, 34.725 ] ] ] } },
{ "type": "Feature", "properties": { "variability_nT": 270.8, "tier": "optimal", "score": 10.0 }, "geometry": { "type": "Polygon", "coordinates": [ [ [ 126.474999999999895, 34.725 ], [ 126.474999999999895, 34.774999999999899 ], [ 126.424999999999883, 34.774999999999899 ], [ 126.424999999999883, 34.725 ], [ 126.474999999999895, 34.725 ] ] ] } },
{ "type": "Feature", "properties": { "variability_nT": 178.6, "tier": "optimal", "score": 10.0 }, "geometry": { "type": "Polygon", "coordinates": [ [ [ 126.524999999999892, 34.725 ], [ 126.524999999999892, 34.774999999999899 ], [ 126.474999999999881, 34.774999999999899 ], [ 126.474999999999881, 34.725 ], [ 126.524999999999892, 34.725 ] ] ] } },
{ "type": "Feature", "properties": { "variability_nT": 275.1, "tier": "optimal", "score": 10.0 }, "geometry": { "type": "Polygon", "coordinates": [ [ [ 126.574999999999889, 34.725 ], [ 126.574999999999889, 34.774999999999899 ], [ 126.524999999999878, 34.774999999999899 ], [ 126.524999999999878, 34.725 ], [ 126.574999999999889, 34.725 ] ] ] } },
{ "type": "Feature", "properties": { "variability_nT": 285.6, "tier": "optimal", "score": 10.0 }, "geometry": { "type": "Polygon", "coordinates": [ [ [ 126.624999999999886, 34.725 ], [ 126.624999999999886, 34.774999999999899 ], [ 126.574999999999875, 34.774999999999899 ], [ 126.574999999999875, 34.725 ], [ 126.624999999999886, 34.725 ] ] ] } },
{ "type": "Feature", "properties": { "variability_nT": 195.2, "tier": "optimal", "score": 10.0 }, "geometry": { "type": "Polygon", "coordinates": [ [ [ 126.774999999999878, 34.725 ], [ 126.774999999999878, 34.774999999999899 ], [ 126.724999999999866, 34.774999999999899 ], [ 126.724999999999866, 34.725 ], [ 126.774999999999878, 34.725 ] ] ] } },
{ "type": "Feature", "properties": { "variability_nT": 168.1, "tier": "optimal", "score": 10.0 }, "geometry": { "type": "Polygon", "coordinates": [ [ [ 126.824999999999875, 34.725 ], [ 126.824999999999875, 34.774999999999899 ], [ 126.774999999999864, 34.774999999999899 ], [ 126.774999999999864, 34.725 ], [ 126.824999999999875, 34.725 ] ] ] } },
{ "type": "Feature", "properties": { "variability_nT": 153.6, "tier": "optimal", "score": 10.0 }, "geometry": { "type": "Polygon", "coordinates": [ [ [ 126.874999999999872, 34.725 ], [ 126.874999999999872, 34.774999999999899 ], [ 126.824999999999861, 34.774999999999899 ], [ 126.824999999999861, 34.725 ], [ 126.874999999999872, 34.725 ] ] ] } },
{ "type": "Feature", "properties": { "variability_nT": 195.4, "tier": "optimal", "score": 10.0 }, "geometry": { "type": "Polygon", "coordinates": [ [ [ 126.924999999999869, 34.725 ], [ 126.924999999999869, 34.774999999999899 ], [ 126.874999999999858, 34.774999999999899 ], [ 126.874999999999858, 34.725 ], [ 126.924999999999869, 34.725 ] ] ] } },
{ "type": "Feature", "properties": { "variability_nT": 206.3, "tier": "optimal", "score": 10.0 }, "geometry": { "type": "Polygon", "coordinates": [ [ [ 127.024999999999864, 34.725 ], [ 127.024999999999864, 34.774999999999899 ], [ 126.974999999999852, 34.774999999999899 ], [ 126.974999999999852, 34.725 ], [ 127.024999999999864, 34.725 ] ] ] } },
{ "type": "Feature", "properties": { "variability_nT": 156.3, "tier": "optimal", "score": 10.0 }, "geometry": { "type": "Polygon", "coordinates": [ [ [ 127.074999999999861, 34.725 ], [ 127.074999999999861, 34.774999999999899 ], [ 127.024999999999849, 34.774999999999899 ], [ 127.024999999999849, 34.725 ], [ 127.074999999999861, 34.725 ] ] ] } },
{ "type": "Feature", "properties": { "variability_nT": 216.8, "tier": "optimal", "score": 10.0 }, "geometry": { "type": "Polygon", "coordinates": [ [ [ 127.174999999999855, 34.725 ], [ 127.174999999999855, 34.774999999999899 ], [ 127.124999999999844, 34.774999999999899 ], [ 127.124999999999844, 34.725 ], [ 127.174999999999855, 34.725 ] ] ] } },
{ "type": "Feature", "properties": { "variability_nT": 246.8, "tier": "optimal", "score": 10.0 }, "geometry": { "type": "Polygon", "coordinates": [ [ [ 127.224999999999852, 34.725 ], [ 127.224999999999852, 34.774999999999899 ], [ 127.174999999999841, 34.774999999999899 ], [ 127.174999999999841, 34.725 ], [ 127.224999999999852, 34.725 ] ] ] } },
{ "type": "Feature", "properties": { "variability_nT": 205.5, "tier": "optimal", "score": 10.0 }, "geometry": { "type": "Polygon", "coordinates": [ [ [ 127.324999999999847, 34.725 ], [ 127.324999999999847, 34.774999999999899 ], [ 127.274999999999835, 34.774999999999899 ], [ 127.274999999999835, 34.725 ], [ 127.324999999999847, 34.725 ] ] ] } },
{ "type": "Feature", "properties": { "variability_nT": 313.8, "tier": "optimal", "score": 10.0 }, "geometry": { "type": "Polygon", "coordinates": [ [ [ 127.374999999999844, 34.725 ], [ 127.374999999999844, 34.774999999999899 ], [ 127.324999999999832, 34.774999999999899 ], [ 127.324999999999832, 34.725 ], [ 127.374999999999844, 34.725 ] ] ] } },
{ "type": "Feature", "properties": { "variability_nT": 309.6, "tier": "optimal", "score": 10.0 }, "geometry": { "type": "Polygon", "coordinates": [ [ [ 127.424999999999841, 34.725 ], [ 127.424999999999841, 34.774999999999899 ], [ 127.374999999999829, 34.774999999999899 ], [ 127.374999999999829, 34.725 ], [ 127.424999999999841, 34.725 ] ] ] } },
{ "type": "Feature", "properties": { "variability_nT": 232.4, "tier": "optimal", "score": 10.0 }, "geometry": { "type": "Polygon", "coordinates": [ [ [ 127.474999999999838, 34.725 ], [ 127.474999999999838, 34.774999999999899 ], [ 127.424999999999827, 34.774999999999899 ], [ 127.424999999999827, 34.725 ], [ 127.474999999999838, 34.725 ] ] ] } },
{ "type": "Feature", "properties": { "variability_nT": 170.2, "tier": "optimal", "score": 10.0 }, "geometry": { "type": "Polygon", "coordinates": [ [ [ 127.624999999999829, 34.725 ], [ 127.624999999999829, 34.774999999999899 ], [ 127.574999999999818, 34.774999999999899 ], [ 127.574999999999818, 34.725 ], [ 127.624999999999829, 34.725 ] ] ] } },
{ "type": "Feature", "properties": { "variability_nT": 297.4, "tier": "optimal", "score": 10.0 }, "geometry": { "type": "Polygon", "coordinates": [ [ [ 127.674999999999827, 34.725 ], [ 127.674999999999827, 34.774999999999899 ], [ 127.624999999999815, 34.774999999999899 ], [ 127.624999999999815, 34.725 ], [ 127.674999999999827, 34.725 ] ] ] } },
{ "type": "Feature", "properties": { "variability_nT": 207.7, "tier": "optimal", "score": 10.0 }, "geometry": { "type": "Polygon", "coordinates": [ [ [ 127.724999999999824, 34.725 ], [ 127.724999999999824, 34.774999999999899 ], [ 127.674999999999812, 34.774999999999899 ], [ 127.674999999999812, 34.725 ], [ 127.724999999999824, 34.725 ] ] ] } },
{ "type": "Feature", "properties": { "variability_nT": 234.8, "tier": "optimal", "score": 10.0 }, "geometry": { "type": "Polygon", "coordinates": [ [ [ 127.874999999999815, 34.725 ], [ 127.874999999999815, 34.774999999999899 ], [ 127.824999999999804, 34.774999999999899 ], [ 127.824999999999804, 34.725 ], [ 127.874999999999815, 34.725 ] ] ] } },
{ "type": "Feature", "properties": { "variability_nT": 394.1, "tier": "optimal", "score": 10.0 }, "geometry": { "type": "Polygon", "coordinates": [ [ [ 127.924999999999812, 34.725 ], [ 127.924999999999812, 34.774999999999899 ], [ 127.874999999999801, 34.774999999999899 ], [ 127.874999999999801, 34.725 ], [ 127.924999999999812, 34.725 ] ] ] } },
{ "type": "Feature", "properties": { "variability_nT": 396.7, "tier": "optimal", "score": 10.0 }, "geometry": { "type": "Polygon", "coordinates": [ [ [ 127.97499999999981, 34.725 ], [ 127.97499999999981, 34.774999999999899 ], [ 127.924999999999798, 34.774999999999899 ], [ 127.924999999999798, 34.725 ], [ 127.97499999999981, 34.725 ] ] ] } },
{ "type": "Feature", "properties": { "variability_nT": 179.0, "tier": "optimal", "score": 10.0 }, "geometry": { "type": "Polygon", "coordinates": [ [ [ 128.024999999999807, 34.725 ], [ 128.024999999999807, 34.774999999999899 ], [ 127.974999999999795, 34.774999999999899 ], [ 127.974999999999795, 34.725 ], [ 128.024999999999807, 34.725 ] ] ] } },
{ "type": "Feature", "properties": { "variability_nT": 241.7, "tier": "optimal", "score": 10.0 }, "geometry": { "type": "Polygon", "coordinates": [ [ [ 128.07499999999979, 34.725 ], [ 128.07499999999979, 34.774999999999899 ], [ 128.024999999999778, 34.774999999999899 ], [ 128.024999999999778, 34.725 ], [ 128.07499999999979, 34.725 ] ] ] } },
{ "type": "Feature", "properties": { "variability_nT": 213.5, "tier": "optimal", "score": 10.0 }, "geometry": { "type": "Polygon", "coordinates": [ [ [ 128.124999999999801, 34.725 ], [ 128.124999999999801, 34.774999999999899 ], [ 128.07499999999979, 34.774999999999899 ], [ 128.07499999999979, 34.725 ], [ 128.124999999999801, 34.725 ] ] ] } },
{ "type": "Feature", "properties": { "variability_nT": 200.7, "tier": "optimal", "score": 10.0 }, "geometry": { "type": "Polygon", "coordinates": [ [ [ 128.174999999999812, 34.725 ], [ 128.174999999999812, 34.774999999999899 ], [ 128.124999999999801, 34.774999999999899 ], [ 128.124999999999801, 34.725 ], [ 128.174999999999812, 34.725 ] ] ] } },
{ "type": "Feature", "properties": { "variability_nT": 238.4, "tier": "optimal", "score": 10.0 }, "geometry": { "type": "Polygon", "coordinates": [ [ [ 128.374999999999801, 34.725 ], [ 128.374999999999801, 34.774999999999899 ], [ 128.32499999999979, 34.774999999999899 ], [ 128.32499999999979, 34.725 ], [ 128.374999999999801, 34.725 ] ] ] } },
{ "type": "Feature", "properties": { "variability_nT": 205.0, "tier": "optimal", "score": 10.0 }, "geometry": { "type": "Polygon", "coordinates": [ [ [ 128.57499999999979, 34.725 ], [ 128.57499999999979, 34.774999999999899 ], [ 128.524999999999778, 34.774999999999899 ], [ 128.524999999999778, 34.725 ], [ 128.57499999999979, 34.725 ] ] ] } },
{ "type": "Feature", "properties": { "variability_nT": 261.2, "tier": "optimal", "score": 10.0 }, "geometry": { "type": "Polygon", "coordinates": [ [ [ 128.624999999999773, 34.725 ], [ 128.624999999999773, 34.774999999999899 ], [ 128.574999999999761, 34.774999999999899 ], [ 128.574999999999761, 34.725 ], [ 128.624999999999773, 34.725 ] ] ] } },
{ "type": "Feature", "properties": { "variability_nT": 279.8, "tier": "optimal", "score": 10.0 }, "geometry": { "type": "Polygon", "coordinates": [ [ [ 128.674999999999756, 34.725 ], [ 128.674999999999756, 34.774999999999899 ], [ 128.624999999999744, 34.774999999999899 ], [ 128.624999999999744, 34.725 ], [ 128.674999999999756, 34.725 ] ] ] } },
{ "type": "Feature", "properties": { "variability_nT": 237.7, "tier": "optimal", "score": 10.0 }, "geometry": { "type": "Polygon", "coordinates": [ [ [ 128.724999999999767, 34.725 ], [ 128.724999999999767, 34.774999999999899 ], [ 128.674999999999756, 34.774999999999899 ], [ 128.674999999999756, 34.725 ], [ 128.724999999999767, 34.725 ] ] ] } },
{ "type": "Feature", "properties": { "variability_nT": 316.9, "tier": "optimal", "score": 10.0 }, "geometry": { "type": "Polygon", "coordinates": [ [ [ 128.774999999999778, 34.725 ], [ 128.774999999999778, 34.774999999999899 ], [ 128.724999999999767, 34.774999999999899 ], [ 128.724999999999767, 34.725 ], [ 128.774999999999778, 34.725 ] ] ] } },
{ "type": "Feature", "properties": { "variability_nT": 335.4, "tier": "optimal", "score": 10.0 }, "geometry": { "type": "Polygon", "coordinates": [ [ [ 128.824999999999761, 34.725 ], [ 128.824999999999761, 34.774999999999899 ], [ 128.77499999999975, 34.774999999999899 ], [ 128.77499999999975, 34.725 ], [ 128.824999999999761, 34.725 ] ] ] } },
{ "type": "Feature", "properties": { "variability_nT": 177.1, "tier": "optimal", "score": 10.0 }, "geometry": { "type": "Polygon", "coordinates": [ [ [ 125.825, 34.774999999999899 ], [ 125.825, 34.824999999999896 ], [ 125.775, 34.824999999999896 ], [ 125.775, 34.774999999999899 ], [ 125.825, 34.774999999999899 ] ] ] } },
{ "type": "Feature", "properties": { "variability_nT": 284.9, "tier": "optimal", "score": 10.0 }, "geometry": { "type": "Polygon", "coordinates": [ [ [ 125.875, 34.774999999999899 ], [ 125.875, 34.824999999999896 ], [ 125.825, 34.824999999999896 ], [ 125.825, 34.774999999999899 ], [ 125.875, 34.774999999999899 ] ] ] } },
{ "type": "Feature", "properties": { "variability_nT": 183.9, "tier": "optimal", "score": 10.0 }, "geometry": { "type": "Polygon", "coordinates": [ [ [ 125.925, 34.774999999999899 ], [ 125.925, 34.824999999999896 ], [ 125.875, 34.824999999999896 ], [ 125.875, 34.774999999999899 ], [ 125.925, 34.774999999999899 ] ] ] } },
{ "type": "Feature", "properties": { "variability_nT": 162.5, "tier": "optimal", "score": 10.0 }, "geometry": { "type": "Polygon", "coordinates": [ [ [ 125.975, 34.774999999999899 ], [ 125.975, 34.824999999999896 ], [ 125.925, 34.824999999999896 ], [ 125.925, 34.774999999999899 ], [ 125.975, 34.774999999999899 ] ] ] } },
{ "type": "Feature", "properties": { "variability_nT": 240.6, "tier": "optimal", "score": 10.0 }, "geometry": { "type": "Polygon", "coordinates": [ [ [ 126.025, 34.774999999999899 ], [ 126.025, 34.824999999999896 ], [ 125.975, 34.824999999999896 ], [ 125.975, 34.774999999999899 ], [ 126.025, 34.774999999999899 ] ] ] } },
{ "type": "Feature", "properties": { "variability_nT": 389.0, "tier": "optimal", "score": 10.0 }, "geometry": { "type": "Polygon", "coordinates": [ [ [ 126.075, 34.774999999999899 ], [ 126.075, 34.824999999999896 ], [ 126.025, 34.824999999999896 ], [ 126.025, 34.774999999999899 ], [ 126.075, 34.774999999999899 ] ] ] } },
{ "type": "Feature", "properties": { "variability_nT": 203.6, "tier": "optimal", "score": 10.0 }, "geometry": { "type": "Polygon", "coordinates": [ [ [ 126.225, 34.774999999999899 ], [ 126.225, 34.824999999999896 ], [ 126.174999999999898, 34.824999999999896 ], [ 126.174999999999898, 34.774999999999899 ], [ 126.225, 34.774999999999899 ] ] ] } },
{ "type": "Feature", "properties": { "variability_nT": 206.7, "tier": "optimal", "score": 10.0 }, "geometry": { "type": "Polygon", "coordinates": [ [ [ 126.275, 34.774999999999899 ], [ 126.275, 34.824999999999896 ], [ 126.224999999999895, 34.824999999999896 ], [ 126.224999999999895, 34.774999999999899 ], [ 126.275, 34.774999999999899 ] ] ] } },
{ "type": "Feature", "properties": { "variability_nT": 303.9, "tier": "optimal", "score": 10.0 }, "geometry": { "type": "Polygon", "coordinates": [ [ [ 126.424999999999898, 34.774999999999899 ], [ 126.424999999999898, 34.824999999999896 ], [ 126.374999999999886, 34.824999999999896 ], [ 126.374999999999886, 34.774999999999899 ], [ 126.424999999999898, 34.774999999999899 ] ] ] } },
{ "type": "Feature", "properties": { "variability_nT": 301.1, "tier": "optimal", "score": 10.0 }, "geometry": { "type": "Polygon", "coordinates": [ [ [ 126.474999999999895, 34.774999999999899 ], [ 126.474999999999895, 34.824999999999896 ], [ 126.424999999999883, 34.824999999999896 ], [ 126.424999999999883, 34.774999999999899 ], [ 126.474999999999895, 34.774999999999899 ] ] ] } },
{ "type": "Feature", "properties": { "variability_nT": 218.9, "tier": "optimal", "score": 10.0 }, "geometry": { "type": "Polygon", "coordinates": [ [ [ 126.524999999999892, 34.774999999999899 ], [ 126.524999999999892, 34.824999999999896 ], [ 126.474999999999881, 34.824999999999896 ], [ 126.474999999999881, 34.774999999999899 ], [ 126.524999999999892, 34.774999999999899 ] ] ] } },
{ "type": "Feature", "properties": { "variability_nT": 298.6, "tier": "optimal", "score": 10.0 }, "geometry": { "type": "Polygon", "coordinates": [ [ [ 126.574999999999889, 34.774999999999899 ], [ 126.574999999999889, 34.824999999999896 ], [ 126.524999999999878, 34.824999999999896 ], [ 126.524999999999878, 34.774999999999899 ], [ 126.574999999999889, 34.774999999999899 ] ] ] } },
{ "type": "Feature", "properties": { "variability_nT": 313.2, "tier": "optimal", "score": 10.0 }, "geometry": { "type": "Polygon", "coordinates": [ [ [ 126.624999999999886, 34.774999999999899 ], [ 126.624999999999886, 34.824999999999896 ], [ 126.574999999999875, 34.824999999999896 ], [ 126.574999999999875, 34.774999999999899 ], [ 126.624999999999886, 34.774999999999899 ] ] ] } },
{ "type": "Feature", "properties": { "variability_nT": 176.8, "tier": "optimal", "score": 10.0 }, "geometry": { "type": "Polygon", "coordinates": [ [ [ 126.774999999999878, 34.774999999999899 ], [ 126.774999999999878, 34.824999999999896 ], [ 126.724999999999866, 34.824999999999896 ], [ 126.724999999999866, 34.774999999999899 ], [ 126.774999999999878, 34.774999999999899 ] ] ] } },
{ "type": "Feature", "properties": { "variability_nT": 166.2, "tier": "optimal", "score": 10.0 }, "geometry": { "type": "Polygon", "coordinates": [ [ [ 126.874999999999872, 34.774999999999899 ], [ 126.874999999999872, 34.824999999999896 ], [ 126.824999999999861, 34.824999999999896 ], [ 126.824999999999861, 34.774999999999899 ], [ 126.874999999999872, 34.774999999999899 ] ] ] } },
{ "type": "Feature", "properties": { "variability_nT": 242.1, "tier": "optimal", "score": 10.0 }, "geometry": { "type": "Polygon", "coordinates": [ [ [ 126.924999999999869, 34.774999999999899 ], [ 126.924999999999869, 34.824999999999896 ], [ 126.874999999999858, 34.824999999999896 ], [ 126.874999999999858, 34.774999999999899 ], [ 126.924999999999869, 34.774999999999899 ] ] ] } },
{ "type": "Feature", "properties": { "variability_nT": 167.9, "tier": "optimal", "score": 10.0 }, "geometry": { "type": "Polygon", "coordinates": [ [ [ 127.374999999999844, 34.774999999999899 ], [ 127.374999999999844, 34.824999999999896 ], [ 127.324999999999832, 34.824999999999896 ], [ 127.324999999999832, 34.774999999999899 ], [ 127.374999999999844, 34.774999999999899 ] ] ] } },
{ "type": "Feature", "properties": { "variability_nT": 226.5, "tier": "optimal", "score": 10.0 }, "geometry": { "type": "Polygon", "coordinates": [ [ [ 127.424999999999841, 34.774999999999899 ], [ 127.424999999999841, 34.824999999999896 ], [ 127.374999999999829, 34.824999999999896 ], [ 127.374999999999829, 34.774999999999899 ], [ 127.424999999999841, 34.774999999999899 ] ] ] } },
{ "type": "Feature", "properties": { "variability_nT": 170.0, "tier": "optimal", "score": 10.0 }, "geometry": { "type": "Polygon", "coordinates": [ [ [ 127.524999999999835, 34.774999999999899 ], [ 127.524999999999835, 34.824999999999896 ], [ 127.474999999999824, 34.824999999999896 ], [ 127.474999999999824, 34.774999999999899 ], [ 127.524999999999835, 34.774999999999899 ] ] ] } },
{ "type": "Feature", "properties": { "variability_nT": 221.0, "tier": "optimal", "score": 10.0 }, "geometry": { "type": "Polygon", "coordinates": [ [ [ 127.574999999999832, 34.774999999999899 ], [ 127.574999999999832, 34.824999999999896 ], [ 127.524999999999821, 34.824999999999896 ], [ 127.524999999999821, 34.774999999999899 ], [ 127.574999999999832, 34.774999999999899 ] ] ] } },
{ "type": "Feature", "properties": { "variability_nT": 241.4, "tier": "optimal", "score": 10.0 }, "geometry": { "type": "Polygon", "coordinates": [ [ [ 127.624999999999829, 34.774999999999899 ], [ 127.624999999999829, 34.824999999999896 ], [ 127.574999999999818, 34.824999999999896 ], [ 127.574999999999818, 34.774999999999899 ], [ 127.624999999999829, 34.774999999999899 ] ] ] } },
{ "type": "Feature", "properties": { "variability_nT": 233.2, "tier": "optimal", "score": 10.0 }, "geometry": { "type": "Polygon", "coordinates": [ [ [ 127.874999999999815, 34.774999999999899 ], [ 127.874999999999815, 34.824999999999896 ], [ 127.824999999999804, 34.824999999999896 ], [ 127.824999999999804, 34.774999999999899 ], [ 127.874999999999815, 34.774999999999899 ] ] ] } },
{ "type": "Feature", "properties": { "variability_nT": 373.5, "tier": "optimal", "score": 10.0 }, "geometry": { "type": "Polygon", "coordinates": [ [ [ 127.924999999999812, 34.774999999999899 ], [ 127.924999999999812, 34.824999999999896 ], [ 127.874999999999801, 34.824999999999896 ], [ 127.874999999999801, 34.774999999999899 ], [ 127.924999999999812, 34.774999999999899 ] ] ] } },
{ "type": "Feature", "properties": { "variability_nT": 330.9, "tier": "optimal", "score": 10.0 }, "geometry": { "type": "Polygon", "coordinates": [ [ [ 127.97499999999981, 34.774999999999899 ], [ 127.97499999999981, 34.824999999999896 ], [ 127.924999999999798, 34.824999999999896 ], [ 127.924999999999798, 34.774999999999899 ], [ 127.97499999999981, 34.774999999999899 ] ] ] } },
{ "type": "Feature", "properties": { "variability_nT": 205.1, "tier": "optimal", "score": 10.0 }, "geometry": { "type": "Polygon", "coordinates": [ [ [ 128.07499999999979, 34.774999999999899 ], [ 128.07499999999979, 34.824999999999896 ], [ 128.024999999999778, 34.824999999999896 ], [ 128.024999999999778, 34.774999999999899 ], [ 128.07499999999979, 34.774999999999899 ] ] ] } },
{ "type": "Feature", "properties": { "variability_nT": 258.6, "tier": "optimal", "score": 10.0 }, "geometry": { "type": "Polygon", "coordinates": [ [ [ 128.124999999999801, 34.774999999999899 ], [ 128.124999999999801, 34.824999999999896 ], [ 128.07499999999979, 34.824999999999896 ], [ 128.07499999999979, 34.774999999999899 ], [ 128.124999999999801, 34.774999999999899 ] ] ] } },
{ "type": "Feature", "properties": { "variability_nT": 317.4, "tier": "optimal", "score": 10.0 }, "geometry": { "type": "Polygon", "coordinates": [ [ [ 128.174999999999812, 34.774999999999899 ], [ 128.174999999999812, 34.824999999999896 ], [ 128.124999999999801, 34.824999999999896 ], [ 128.124999999999801, 34.774999999999899 ], [ 128.174999999999812, 34.774999999999899 ] ] ] } },
{ "type": "Feature", "properties": { "variability_nT": 375.7, "tier": "optimal", "score": 10.0 }, "geometry": { "type": "Polygon", "coordinates": [ [ [ 128.224999999999795, 34.774999999999899 ], [ 128.224999999999795, 34.824999999999896 ], [ 128.174999999999784, 34.824999999999896 ], [ 128.174999999999784, 34.774999999999899 ], [ 128.224999999999795, 34.774999999999899 ] ] ] } },
{ "type": "Feature", "properties": { "variability_nT": 294.5, "tier": "optimal", "score": 10.0 }, "geometry": { "type": "Polygon", "coordinates": [ [ [ 128.374999999999801, 34.774999999999899 ], [ 128.374999999999801, 34.824999999999896 ], [ 128.32499999999979, 34.824999999999896 ], [ 128.32499999999979, 34.774999999999899 ], [ 128.374999999999801, 34.774999999999899 ] ] ] } },
{ "type": "Feature", "properties": { "variability_nT": 254.6, "tier": "optimal", "score": 10.0 }, "geometry": { "type": "Polygon", "coordinates": [ [ [ 128.524999999999778, 34.774999999999899 ], [ 128.524999999999778, 34.824999999999896 ], [ 128.474999999999767, 34.824999999999896 ], [ 128.474999999999767, 34.774999999999899 ], [ 128.524999999999778, 34.774999999999899 ] ] ] } },
{ "type": "Feature", "properties": { "variability_nT": 365.9, "tier": "optimal", "score": 10.0 }, "geometry": { "type": "Polygon", "coordinates": [ [ [ 128.57499999999979, 34.774999999999899 ], [ 128.57499999999979, 34.824999999999896 ], [ 128.524999999999778, 34.824999999999896 ], [ 128.524999999999778, 34.774999999999899 ], [ 128.57499999999979, 34.774999999999899 ] ] ] } },
{ "type": "Feature", "properties": { "variability_nT": 320.2, "tier": "optimal", "score": 10.0 }, "geometry": { "type": "Polygon", "coordinates": [ [ [ 128.674999999999756, 34.774999999999899 ], [ 128.674999999999756, 34.824999999999896 ], [ 128.624999999999744, 34.824999999999896 ], [ 128.624999999999744, 34.774999999999899 ], [ 128.674999999999756, 34.774999999999899 ] ] ] } },
{ "type": "Feature", "properties": { "variability_nT": 245.8, "tier": "optimal", "score": 10.0 }, "geometry": { "type": "Polygon", "coordinates": [ [ [ 128.724999999999767, 34.774999999999899 ], [ 128.724999999999767, 34.824999999999896 ], [ 128.674999999999756, 34.824999999999896 ], [ 128.674999999999756, 34.774999999999899 ], [ 128.724999999999767, 34.774999999999899 ] ] ] } },
{ "type": "Feature", "properties": { "variability_nT": 183.5, "tier": "optimal", "score": 10.0 }, "geometry": { "type": "Polygon", "coordinates": [ [ [ 125.875, 34.824999999999896 ], [ 125.875, 34.874999999999893 ], [ 125.825, 34.874999999999893 ], [ 125.825, 34.824999999999896 ], [ 125.875, 34.824999999999896 ] ] ] } },
{ "type": "Feature", "properties": { "variability_nT": 191.8, "tier": "optimal", "score": 10.0 }, "geometry": { "type": "Polygon", "coordinates": [ [ [ 125.975, 34.824999999999896 ], [ 125.975, 34.874999999999893 ], [ 125.925, 34.874999999999893 ], [ 125.925, 34.824999999999896 ], [ 125.975, 34.824999999999896 ] ] ] } },
{ "type": "Feature", "properties": { "variability_nT": 247.4, "tier": "optimal", "score": 10.0 }, "geometry": { "type": "Polygon", "coordinates": [ [ [ 126.025, 34.824999999999896 ], [ 126.025, 34.874999999999893 ], [ 125.975, 34.874999999999893 ], [ 125.975, 34.824999999999896 ], [ 126.025, 34.824999999999896 ] ] ] } },
{ "type": "Feature", "properties": { "variability_nT": 277.9, "tier": "optimal", "score": 10.0 }, "geometry": { "type": "Polygon", "coordinates": [ [ [ 126.075, 34.824999999999896 ], [ 126.075, 34.874999999999893 ], [ 126.025, 34.874999999999893 ], [ 126.025, 34.824999999999896 ], [ 126.075, 34.824999999999896 ] ] ] } },
{ "type": "Feature", "properties": { "variability_nT": 221.2, "tier": "optimal", "score": 10.0 }, "geometry": { "type": "Polygon", "coordinates": [ [ [ 126.125, 34.824999999999896 ], [ 126.125, 34.874999999999893 ], [ 126.075, 34.874999999999893 ], [ 126.075, 34.824999999999896 ], [ 126.125, 34.824999999999896 ] ] ] } },
{ "type": "Feature", "properties": { "variability_nT": 185.7, "tier": "optimal", "score": 10.0 }, "geometry": { "type": "Polygon", "coordinates": [ [ [ 126.175, 34.824999999999896 ], [ 126.175, 34.874999999999893 ], [ 126.125, 34.874999999999893 ], [ 126.125, 34.824999999999896 ], [ 126.175, 34.824999999999896 ] ] ] } },
{ "type": "Feature", "properties": { "variability_nT": 160.6, "tier": "optimal", "score": 10.0 }, "geometry": { "type": "Polygon", "coordinates": [ [ [ 126.275, 34.824999999999896 ], [ 126.275, 34.874999999999893 ], [ 126.224999999999895, 34.874999999999893 ], [ 126.224999999999895, 34.824999999999896 ], [ 126.275, 34.824999999999896 ] ] ] } },
{ "type": "Feature", "properties": { "variability_nT": 168.9, "tier": "optimal", "score": 10.0 }, "geometry": { "type": "Polygon", "coordinates": [ [ [ 126.375, 34.824999999999896 ], [ 126.375, 34.874999999999893 ], [ 126.324999999999889, 34.874999999999893 ], [ 126.324999999999889, 34.824999999999896 ], [ 126.375, 34.824999999999896 ] ] ] } },
{ "type": "Feature", "properties": { "variability_nT": 326.5, "tier": "optimal", "score": 10.0 }, "geometry": { "type": "Polygon", "coordinates": [ [ [ 126.424999999999898, 34.824999999999896 ], [ 126.424999999999898, 34.874999999999893 ], [ 126.374999999999886, 34.874999999999893 ], [ 126.374999999999886, 34.824999999999896 ], [ 126.424999999999898, 34.824999999999896 ] ] ] } },
{ "type": "Feature", "properties": { "variability_nT": 288.7, "tier": "optimal", "score": 10.0 }, "geometry": { "type": "Polygon", "coordinates": [ [ [ 126.474999999999895, 34.824999999999896 ], [ 126.474999999999895, 34.874999999999893 ], [ 126.424999999999883, 34.874999999999893 ], [ 126.424999999999883, 34.824999999999896 ], [ 126.474999999999895, 34.824999999999896 ] ] ] } },
{ "type": "Feature", "properties": { "variability_nT": 199.1, "tier": "optimal", "score": 10.0 }, "geometry": { "type": "Polygon", "coordinates": [ [ [ 126.524999999999892, 34.824999999999896 ], [ 126.524999999999892, 34.874999999999893 ], [ 126.474999999999881, 34.874999999999893 ], [ 126.474999999999881, 34.824999999999896 ], [ 126.524999999999892, 34.824999999999896 ] ] ] } },
{ "type": "Feature", "properties": { "variability_nT": 196.4, "tier": "optimal", "score": 10.0 }, "geometry": { "type": "Polygon", "coordinates": [ [ [ 126.574999999999889, 34.824999999999896 ], [ 126.574999999999889, 34.874999999999893 ], [ 126.524999999999878, 34.874999999999893 ], [ 126.524999999999878, 34.824999999999896 ], [ 126.574999999999889, 34.824999999999896 ] ] ] } },
{ "type": "Feature", "properties": { "variability_nT": 176.4, "tier": "optimal", "score": 10.0 }, "geometry": { "type": "Polygon", "coordinates": [ [ [ 126.624999999999886, 34.824999999999896 ], [ 126.624999999999886, 34.874999999999893 ], [ 126.574999999999875, 34.874999999999893 ], [ 126.574999999999875, 34.824999999999896 ], [ 126.624999999999886, 34.824999999999896 ] ] ] } },
{ "type": "Feature", "properties": { "variability_nT": 194.7, "tier": "optimal", "score": 10.0 }, "geometry": { "type": "Polygon", "coordinates": [ [ [ 126.824999999999875, 34.824999999999896 ], [ 126.824999999999875, 34.874999999999893 ], [ 126.774999999999864, 34.874999999999893 ], [ 126.774999999999864, 34.824999999999896 ], [ 126.824999999999875, 34.824999999999896 ] ] ] } },
{ "type": "Feature", "properties": { "variability_nT": 169.4, "tier": "optimal", "score": 10.0 }, "geometry": { "type": "Polygon", "coordinates": [ [ [ 126.924999999999869, 34.824999999999896 ], [ 126.924999999999869, 34.874999999999893 ], [ 126.874999999999858, 34.874999999999893 ], [ 126.874999999999858, 34.824999999999896 ], [ 126.924999999999869, 34.824999999999896 ] ] ] } },
{ "type": "Feature", "properties": { "variability_nT": 186.5, "tier": "optimal", "score": 10.0 }, "geometry": { "type": "Polygon", "coordinates": [ [ [ 127.474999999999838, 34.824999999999896 ], [ 127.474999999999838, 34.874999999999893 ], [ 127.424999999999827, 34.874999999999893 ], [ 127.424999999999827, 34.824999999999896 ], [ 127.474999999999838, 34.824999999999896 ] ] ] } },
{ "type": "Feature", "properties": { "variability_nT": 188.2, "tier": "optimal", "score": 10.0 }, "geometry": { "type": "Polygon", "coordinates": [ [ [ 127.524999999999835, 34.824999999999896 ], [ 127.524999999999835, 34.874999999999893 ], [ 127.474999999999824, 34.874999999999893 ], [ 127.474999999999824, 34.824999999999896 ], [ 127.524999999999835, 34.824999999999896 ] ] ] } },
{ "type": "Feature", "properties": { "variability_nT": 169.5, "tier": "optimal", "score": 10.0 }, "geometry": { "type": "Polygon", "coordinates": [ [ [ 127.574999999999832, 34.824999999999896 ], [ 127.574999999999832, 34.874999999999893 ], [ 127.524999999999821, 34.874999999999893 ], [ 127.524999999999821, 34.824999999999896 ], [ 127.574999999999832, 34.824999999999896 ] ] ] } },
{ "type": "Feature", "properties": { "variability_nT": 302.0, "tier": "optimal", "score": 10.0 }, "geometry": { "type": "Polygon", "coordinates": [ [ [ 127.624999999999829, 34.824999999999896 ], [ 127.624999999999829, 34.874999999999893 ], [ 127.574999999999818, 34.874999999999893 ], [ 127.574999999999818, 34.824999999999896 ], [ 127.624999999999829, 34.824999999999896 ] ] ] } },
{ "type": "Feature", "properties": { "variability_nT": 335.4, "tier": "optimal", "score": 10.0 }, "geometry": { "type": "Polygon", "coordinates": [ [ [ 127.674999999999827, 34.824999999999896 ], [ 127.674999999999827, 34.874999999999893 ], [ 127.624999999999815, 34.874999999999893 ], [ 127.624999999999815, 34.824999999999896 ], [ 127.674999999999827, 34.824999999999896 ] ] ] } },
{ "type": "Feature", "properties": { "variability_nT": 320.4, "tier": "optimal", "score": 10.0 }, "geometry": { "type": "Polygon", "coordinates": [ [ [ 127.924999999999812, 34.824999999999896 ], [ 127.924999999999812, 34.874999999999893 ], [ 127.874999999999801, 34.874999999999893 ], [ 127.874999999999801, 34.824999999999896 ], [ 127.924999999999812, 34.824999999999896 ] ] ] } },
{ "type": "Feature", "properties": { "variability_nT": 166.9, "tier": "optimal", "score": 10.0 }, "geometry": { "type": "Polygon", "coordinates": [ [ [ 128.024999999999807, 34.824999999999896 ], [ 128.024999999999807, 34.874999999999893 ], [ 127.974999999999795, 34.874999999999893 ], [ 127.974999999999795, 34.824999999999896 ], [ 128.024999999999807, 34.824999999999896 ] ] ] } },
{ "type": "Feature", "properties": { "variability_nT": 234.3, "tier": "optimal", "score": 10.0 }, "geometry": { "type": "Polygon", "coordinates": [ [ [ 128.07499999999979, 34.824999999999896 ], [ 128.07499999999979, 34.874999999999893 ], [ 128.024999999999778, 34.874999999999893 ], [ 128.024999999999778, 34.824999999999896 ], [ 128.07499999999979, 34.824999999999896 ] ] ] } },
{ "type": "Feature", "properties": { "variability_nT": 195.4, "tier": "optimal", "score": 10.0 }, "geometry": { "type": "Polygon", "coordinates": [ [ [ 128.124999999999801, 34.824999999999896 ], [ 128.124999999999801, 34.874999999999893 ], [ 128.07499999999979, 34.874999999999893 ], [ 128.07499999999979, 34.824999999999896 ], [ 128.124999999999801, 34.824999999999896 ] ] ] } },
{ "type": "Feature", "properties": { "variability_nT": 157.4, "tier": "optimal", "score": 10.0 }, "geometry": { "type": "Polygon", "coordinates": [ [ [ 128.174999999999812, 34.824999999999896 ], [ 128.174999999999812, 34.874999999999893 ], [ 128.124999999999801, 34.874999999999893 ], [ 128.124999999999801, 34.824999999999896 ], [ 128.174999999999812, 34.824999999999896 ] ] ] } },
{ "type": "Feature", "properties": { "variability_nT": 286.7, "tier": "optimal", "score": 10.0 }, "geometry": { "type": "Polygon", "coordinates": [ [ [ 128.224999999999795, 34.824999999999896 ], [ 128.224999999999795, 34.874999999999893 ], [ 128.174999999999784, 34.874999999999893 ], [ 128.174999999999784, 34.824999999999896 ], [ 128.224999999999795, 34.824999999999896 ] ] ] } },
{ "type": "Feature", "properties": { "variability_nT": 156.4, "tier": "optimal", "score": 10.0 }, "geometry": { "type": "Polygon", "coordinates": [ [ [ 128.524999999999778, 34.824999999999896 ], [ 128.524999999999778, 34.874999999999893 ], [ 128.474999999999767, 34.874999999999893 ], [ 128.474999999999767, 34.824999999999896 ], [ 128.524999999999778, 34.824999999999896 ] ] ] } },
{ "type": "Feature", "properties": { "variability_nT": 277.9, "tier": "optimal", "score": 10.0 }, "geometry": { "type": "Polygon", "coordinates": [ [ [ 128.57499999999979, 34.824999999999896 ], [ 128.57499999999979, 34.874999999999893 ], [ 128.524999999999778, 34.874999999999893 ], [ 128.524999999999778, 34.824999999999896 ], [ 128.57499999999979, 34.824999999999896 ] ] ] } },
{ "type": "Feature", "properties": { "variability_nT": 273.1, "tier": "optimal", "score": 10.0 }, "geometry": { "type": "Polygon", "coordinates": [ [ [ 128.624999999999773, 34.824999999999896 ], [ 128.624999999999773, 34.874999999999893 ], [ 128.574999999999761, 34.874999999999893 ], [ 128.574999999999761, 34.824999999999896 ], [ 128.624999999999773, 34.824999999999896 ] ] ] } },
{ "type": "Feature", "properties": { "variability_nT": 371.7, "tier": "optimal", "score": 10.0 }, "geometry": { "type": "Polygon", "coordinates": [ [ [ 128.674999999999756, 34.824999999999896 ], [ 128.674999999999756, 34.874999999999893 ], [ 128.624999999999744, 34.874999999999893 ], [ 128.624999999999744, 34.824999999999896 ], [ 128.674999999999756, 34.824999999999896 ] ] ] } },
{ "type": "Feature", "properties": { "variability_nT": 399.9, "tier": "optimal", "score": 10.0 }, "geometry": { "type": "Polygon", "coordinates": [ [ [ 128.824999999999761, 34.824999999999896 ], [ 128.824999999999761, 34.874999999999893 ], [ 128.77499999999975, 34.874999999999893 ], [ 128.77499999999975, 34.824999999999896 ], [ 128.824999999999761, 34.824999999999896 ] ] ] } },
{ "type": "Feature", "properties": { "variability_nT": 176.5, "tier": "optimal", "score": 10.0 }, "geometry": { "type": "Polygon", "coordinates": [ [ [ 126.175, 34.874999999999893 ], [ 126.175, 34.924999999999891 ], [ 126.125, 34.924999999999891 ], [ 126.125, 34.874999999999893 ], [ 126.175, 34.874999999999893 ] ] ] } },
{ "type": "Feature", "properties": { "variability_nT": 169.6, "tier": "optimal", "score": 10.0 }, "geometry": { "type": "Polygon", "coordinates": [ [ [ 126.225, 34.874999999999893 ], [ 126.225, 34.924999999999891 ], [ 126.174999999999898, 34.924999999999891 ], [ 126.174999999999898, 34.874999999999893 ], [ 126.225, 34.874999999999893 ] ] ] } },
{ "type": "Feature", "properties": { "variability_nT": 256.2, "tier": "optimal", "score": 10.0 }, "geometry": { "type": "Polygon", "coordinates": [ [ [ 126.275, 34.874999999999893 ], [ 126.275, 34.924999999999891 ], [ 126.224999999999895, 34.924999999999891 ], [ 126.224999999999895, 34.874999999999893 ], [ 126.275, 34.874999999999893 ] ] ] } },
{ "type": "Feature", "properties": { "variability_nT": 170.9, "tier": "optimal", "score": 10.0 }, "geometry": { "type": "Polygon", "coordinates": [ [ [ 126.375, 34.874999999999893 ], [ 126.375, 34.924999999999891 ], [ 126.324999999999889, 34.924999999999891 ], [ 126.324999999999889, 34.874999999999893 ], [ 126.375, 34.874999999999893 ] ] ] } },
{ "type": "Feature", "properties": { "variability_nT": 228.6, "tier": "optimal", "score": 10.0 }, "geometry": { "type": "Polygon", "coordinates": [ [ [ 126.424999999999898, 34.874999999999893 ], [ 126.424999999999898, 34.924999999999891 ], [ 126.374999999999886, 34.924999999999891 ], [ 126.374999999999886, 34.874999999999893 ], [ 126.424999999999898, 34.874999999999893 ] ] ] } },
{ "type": "Feature", "properties": { "variability_nT": 173.4, "tier": "optimal", "score": 10.0 }, "geometry": { "type": "Polygon", "coordinates": [ [ [ 126.474999999999895, 34.874999999999893 ], [ 126.474999999999895, 34.924999999999891 ], [ 126.424999999999883, 34.924999999999891 ], [ 126.424999999999883, 34.874999999999893 ], [ 126.474999999999895, 34.874999999999893 ] ] ] } },
{ "type": "Feature", "properties": { "variability_nT": 215.0, "tier": "optimal", "score": 10.0 }, "geometry": { "type": "Polygon", "coordinates": [ [ [ 126.824999999999875, 34.874999999999893 ], [ 126.824999999999875, 34.924999999999891 ], [ 126.774999999999864, 34.924999999999891 ], [ 126.774999999999864, 34.874999999999893 ], [ 126.824999999999875, 34.874999999999893 ] ] ] } },
{ "type": "Feature", "properties": { "variability_nT": 223.1, "tier": "optimal", "score": 10.0 }, "geometry": { "type": "Polygon", "coordinates": [ [ [ 126.874999999999872, 34.874999999999893 ], [ 126.874999999999872, 34.924999999999891 ], [ 126.824999999999861, 34.924999999999891 ], [ 126.824999999999861, 34.874999999999893 ], [ 126.874999999999872, 34.874999999999893 ] ] ] } },
{ "type": "Feature", "properties": { "variability_nT": 150.2, "tier": "optimal", "score": 10.0 }, "geometry": { "type": "Polygon", "coordinates": [ [ [ 126.924999999999869, 34.874999999999893 ], [ 126.924999999999869, 34.924999999999891 ], [ 126.874999999999858, 34.924999999999891 ], [ 126.874999999999858, 34.874999999999893 ], [ 126.924999999999869, 34.874999999999893 ] ] ] } },
{ "type": "Feature", "properties": { "variability_nT": 152.8, "tier": "optimal", "score": 10.0 }, "geometry": { "type": "Polygon", "coordinates": [ [ [ 127.474999999999838, 34.874999999999893 ], [ 127.474999999999838, 34.924999999999891 ], [ 127.424999999999827, 34.924999999999891 ], [ 127.424999999999827, 34.874999999999893 ], [ 127.474999999999838, 34.874999999999893 ] ] ] } },
{ "type": "Feature", "properties": { "variability_nT": 249.4, "tier": "optimal", "score": 10.0 }, "geometry": { "type": "Polygon", "coordinates": [ [ [ 127.524999999999835, 34.874999999999893 ], [ 127.524999999999835, 34.924999999999891 ], [ 127.474999999999824, 34.924999999999891 ], [ 127.474999999999824, 34.874999999999893 ], [ 127.524999999999835, 34.874999999999893 ] ] ] } },
{ "type": "Feature", "properties": { "variability_nT": 253.9, "tier": "optimal", "score": 10.0 }, "geometry": { "type": "Polygon", "coordinates": [ [ [ 127.574999999999832, 34.874999999999893 ], [ 127.574999999999832, 34.924999999999891 ], [ 127.524999999999821, 34.924999999999891 ], [ 127.524999999999821, 34.874999999999893 ], [ 127.574999999999832, 34.874999999999893 ] ] ] } },
{ "type": "Feature", "properties": { "variability_nT": 263.6, "tier": "optimal", "score": 10.0 }, "geometry": { "type": "Polygon", "coordinates": [ [ [ 127.624999999999829, 34.874999999999893 ], [ 127.624999999999829, 34.924999999999891 ], [ 127.574999999999818, 34.924999999999891 ], [ 127.574999999999818, 34.874999999999893 ], [ 127.624999999999829, 34.874999999999893 ] ] ] } },
{ "type": "Feature", "properties": { "variability_nT": 318.6, "tier": "optimal", "score": 10.0 }, "geometry": { "type": "Polygon", "coordinates": [ [ [ 127.674999999999827, 34.874999999999893 ], [ 127.674999999999827, 34.924999999999891 ], [ 127.624999999999815, 34.924999999999891 ], [ 127.624999999999815, 34.874999999999893 ], [ 127.674999999999827, 34.874999999999893 ] ] ] } },
{ "type": "Feature", "properties": { "variability_nT": 370.4, "tier": "optimal", "score": 10.0 }, "geometry": { "type": "Polygon", "coordinates": [ [ [ 127.724999999999824, 34.874999999999893 ], [ 127.724999999999824, 34.924999999999891 ], [ 127.674999999999812, 34.924999999999891 ], [ 127.674999999999812, 34.874999999999893 ], [ 127.724999999999824, 34.874999999999893 ] ] ] } },
{ "type": "Feature", "properties": { "variability_nT": 346.4, "tier": "optimal", "score": 10.0 }, "geometry": { "type": "Polygon", "coordinates": [ [ [ 127.774999999999821, 34.874999999999893 ], [ 127.774999999999821, 34.924999999999891 ], [ 127.72499999999981, 34.924999999999891 ], [ 127.72499999999981, 34.874999999999893 ], [ 127.774999999999821, 34.874999999999893 ] ] ] } },
{ "type": "Feature", "properties": { "variability_nT": 343.5, "tier": "optimal", "score": 10.0 }, "geometry": { "type": "Polygon", "coordinates": [ [ [ 127.824999999999818, 34.874999999999893 ], [ 127.824999999999818, 34.924999999999891 ], [ 127.774999999999807, 34.924999999999891 ], [ 127.774999999999807, 34.874999999999893 ], [ 127.824999999999818, 34.874999999999893 ] ] ] } },
{ "type": "Feature", "properties": { "variability_nT": 247.5, "tier": "optimal", "score": 10.0 }, "geometry": { "type": "Polygon", "coordinates": [ [ [ 127.874999999999815, 34.874999999999893 ], [ 127.874999999999815, 34.924999999999891 ], [ 127.824999999999804, 34.924999999999891 ], [ 127.824999999999804, 34.874999999999893 ], [ 127.874999999999815, 34.874999999999893 ] ] ] } },
{ "type": "Feature", "properties": { "variability_nT": 164.5, "tier": "optimal", "score": 10.0 }, "geometry": { "type": "Polygon", "coordinates": [ [ [ 127.924999999999812, 34.874999999999893 ], [ 127.924999999999812, 34.924999999999891 ], [ 127.874999999999801, 34.924999999999891 ], [ 127.874999999999801, 34.874999999999893 ], [ 127.924999999999812, 34.874999999999893 ] ] ] } },
{ "type": "Feature", "properties": { "variability_nT": 208.4, "tier": "optimal", "score": 10.0 }, "geometry": { "type": "Polygon", "coordinates": [ [ [ 128.07499999999979, 34.874999999999893 ], [ 128.07499999999979, 34.924999999999891 ], [ 128.024999999999778, 34.924999999999891 ], [ 128.024999999999778, 34.874999999999893 ], [ 128.07499999999979, 34.874999999999893 ] ] ] } },
{ "type": "Feature", "properties": { "variability_nT": 187.7, "tier": "optimal", "score": 10.0 }, "geometry": { "type": "Polygon", "coordinates": [ [ [ 128.124999999999801, 34.874999999999893 ], [ 128.124999999999801, 34.924999999999891 ], [ 128.07499999999979, 34.924999999999891 ], [ 128.07499999999979, 34.874999999999893 ], [ 128.124999999999801, 34.874999999999893 ] ] ] } },
{ "type": "Feature", "properties": { "variability_nT": 303.5, "tier": "optimal", "score": 10.0 }, "geometry": { "type": "Polygon", "coordinates": [ [ [ 128.174999999999812, 34.874999999999893 ], [ 128.174999999999812, 34.924999999999891 ], [ 128.124999999999801, 34.924999999999891 ], [ 128.124999999999801, 34.874999999999893 ], [ 128.174999999999812, 34.874999999999893 ] ] ] } },
{ "type": "Feature", "properties": { "variability_nT": 312.1, "tier": "optimal", "score": 10.0 }, "geometry": { "type": "Polygon", "coordinates": [ [ [ 128.224999999999795, 34.874999999999893 ], [ 128.224999999999795, 34.924999999999891 ], [ 128.174999999999784, 34.924999999999891 ], [ 128.174999999999784, 34.874999999999893 ], [ 128.224999999999795, 34.874999999999893 ] ] ] } },
{ "type": "Feature", "properties": { "variability_nT": 174.8, "tier": "optimal", "score": 10.0 }, "geometry": { "type": "Polygon", "coordinates": [ [ [ 128.274999999999778, 34.874999999999893 ], [ 128.274999999999778, 34.924999999999891 ], [ 128.224999999999767, 34.924999999999891 ], [ 128.224999999999767, 34.874999999999893 ], [ 128.274999999999778, 34.874999999999893 ] ] ] } },
{ "type": "Feature", "properties": { "variability_nT": 384.5, "tier": "optimal", "score": 10.0 }, "geometry": { "type": "Polygon", "coordinates": [ [ [ 128.32499999999979, 34.874999999999893 ], [ 128.32499999999979, 34.924999999999891 ], [ 128.274999999999778, 34.924999999999891 ], [ 128.274999999999778, 34.874999999999893 ], [ 128.32499999999979, 34.874999999999893 ] ] ] } },
{ "type": "Feature", "properties": { "variability_nT": 389.3, "tier": "optimal", "score": 10.0 }, "geometry": { "type": "Polygon", "coordinates": [ [ [ 128.424999999999784, 34.874999999999893 ], [ 128.424999999999784, 34.924999999999891 ], [ 128.374999999999773, 34.924999999999891 ], [ 128.374999999999773, 34.874999999999893 ], [ 128.424999999999784, 34.874999999999893 ] ] ] } },
{ "type": "Feature", "properties": { "variability_nT": 252.7, "tier": "optimal", "score": 10.0 }, "geometry": { "type": "Polygon", "coordinates": [ [ [ 128.474999999999767, 34.874999999999893 ], [ 128.474999999999767, 34.924999999999891 ], [ 128.424999999999756, 34.924999999999891 ], [ 128.424999999999756, 34.874999999999893 ], [ 128.474999999999767, 34.874999999999893 ] ] ] } },
{ "type": "Feature", "properties": { "variability_nT": 355.8, "tier": "optimal", "score": 10.0 }, "geometry": { "type": "Polygon", "coordinates": [ [ [ 128.524999999999778, 34.874999999999893 ], [ 128.524999999999778, 34.924999999999891 ], [ 128.474999999999767, 34.924999999999891 ], [ 128.474999999999767, 34.874999999999893 ], [ 128.524999999999778, 34.874999999999893 ] ] ] } },
{ "type": "Feature", "properties": { "variability_nT": 355.8, "tier": "optimal", "score": 10.0 }, "geometry": { "type": "Polygon", "coordinates": [ [ [ 128.57499999999979, 34.874999999999893 ], [ 128.57499999999979, 34.924999999999891 ], [ 128.524999999999778, 34.924999999999891 ], [ 128.524999999999778, 34.874999999999893 ], [ 128.57499999999979, 34.874999999999893 ] ] ] } },
{ "type": "Feature", "properties": { "variability_nT": 283.4, "tier": "optimal", "score": 10.0 }, "geometry": { "type": "Polygon", "coordinates": [ [ [ 128.624999999999773, 34.874999999999893 ], [ 128.624999999999773, 34.924999999999891 ], [ 128.574999999999761, 34.924999999999891 ], [ 128.574999999999761, 34.874999999999893 ], [ 128.624999999999773, 34.874999999999893 ] ] ] } },
{ "type": "Feature", "properties": { "variability_nT": 386.7, "tier": "optimal", "score": 10.0 }, "geometry": { "type": "Polygon", "coordinates": [ [ [ 128.724999999999767, 34.874999999999893 ], [ 128.724999999999767, 34.924999999999891 ], [ 128.674999999999756, 34.924999999999891 ], [ 128.674999999999756, 34.874999999999893 ], [ 128.724999999999767, 34.874999999999893 ] ] ] } },
{ "type": "Feature", "properties": { "variability_nT": 379.0, "tier": "optimal", "score": 10.0 }, "geometry": { "type": "Polygon", "coordinates": [ [ [ 128.774999999999778, 34.874999999999893 ], [ 128.774999999999778, 34.924999999999891 ], [ 128.724999999999767, 34.924999999999891 ], [ 128.724999999999767, 34.874999999999893 ], [ 128.774999999999778, 34.874999999999893 ] ] ] } },
{ "type": "Feature", "properties": { "variability_nT": 394.3, "tier": "optimal", "score": 10.0 }, "geometry": { "type": "Polygon", "coordinates": [ [ [ 128.824999999999761, 34.874999999999893 ], [ 128.824999999999761, 34.924999999999891 ], [ 128.77499999999975, 34.924999999999891 ], [ 128.77499999999975, 34.874999999999893 ], [ 128.824999999999761, 34.874999999999893 ] ] ] } },
{ "type": "Feature", "properties": { "variability_nT": 254.2, "tier": "optimal", "score": 10.0 }, "geometry": { "type": "Polygon", "coordinates": [ [ [ 128.874999999999744, 34.874999999999893 ], [ 128.874999999999744, 34.924999999999891 ], [ 128.824999999999733, 34.924999999999891 ], [ 128.824999999999733, 34.874999999999893 ], [ 128.874999999999744, 34.874999999999893 ] ] ] } },
{ "type": "Feature", "properties": { "variability_nT": 152.4, "tier": "optimal", "score": 10.0 }, "geometry": { "type": "Polygon", "coordinates": [ [ [ 126.075, 34.924999999999891 ], [ 126.075, 34.974999999999888 ], [ 126.025, 34.974999999999888 ], [ 126.025, 34.924999999999891 ], [ 126.075, 34.924999999999891 ] ] ] } },
{ "type": "Feature", "properties": { "variability_nT": 169.1, "tier": "optimal", "score": 10.0 }, "geometry": { "type": "Polygon", "coordinates": [ [ [ 126.175, 34.924999999999891 ], [ 126.175, 34.974999999999888 ], [ 126.125, 34.974999999999888 ], [ 126.125, 34.924999999999891 ], [ 126.175, 34.924999999999891 ] ] ] } },
{ "type": "Feature", "properties": { "variability_nT": 253.5, "tier": "optimal", "score": 10.0 }, "geometry": { "type": "Polygon", "coordinates": [ [ [ 126.225, 34.924999999999891 ], [ 126.225, 34.974999999999888 ], [ 126.174999999999898, 34.974999999999888 ], [ 126.174999999999898, 34.924999999999891 ], [ 126.225, 34.924999999999891 ] ] ] } },
{ "type": "Feature", "properties": { "variability_nT": 281.8, "tier": "optimal", "score": 10.0 }, "geometry": { "type": "Polygon", "coordinates": [ [ [ 126.275, 34.924999999999891 ], [ 126.275, 34.974999999999888 ], [ 126.224999999999895, 34.974999999999888 ], [ 126.224999999999895, 34.924999999999891 ], [ 126.275, 34.924999999999891 ] ] ] } },
{ "type": "Feature", "properties": { "variability_nT": 215.9, "tier": "optimal", "score": 10.0 }, "geometry": { "type": "Polygon", "coordinates": [ [ [ 126.325, 34.924999999999891 ], [ 126.325, 34.974999999999888 ], [ 126.274999999999892, 34.974999999999888 ], [ 126.274999999999892, 34.924999999999891 ], [ 126.325, 34.924999999999891 ] ] ] } },
{ "type": "Feature", "properties": { "variability_nT": 151.0, "tier": "optimal", "score": 10.0 }, "geometry": { "type": "Polygon", "coordinates": [ [ [ 126.375, 34.924999999999891 ], [ 126.375, 34.974999999999888 ], [ 126.324999999999889, 34.974999999999888 ], [ 126.324999999999889, 34.924999999999891 ], [ 126.375, 34.924999999999891 ] ] ] } },
{ "type": "Feature", "properties": { "variability_nT": 176.7, "tier": "optimal", "score": 10.0 }, "geometry": { "type": "Polygon", "coordinates": [ [ [ 126.774999999999878, 34.924999999999891 ], [ 126.774999999999878, 34.974999999999888 ], [ 126.724999999999866, 34.974999999999888 ], [ 126.724999999999866, 34.924999999999891 ], [ 126.774999999999878, 34.924999999999891 ] ] ] } },
{ "type": "Feature", "properties": { "variability_nT": 162.1, "tier": "optimal", "score": 10.0 }, "geometry": { "type": "Polygon", "coordinates": [ [ [ 126.874999999999872, 34.924999999999891 ], [ 126.874999999999872, 34.974999999999888 ], [ 126.824999999999861, 34.974999999999888 ], [ 126.824999999999861, 34.924999999999891 ], [ 126.874999999999872, 34.924999999999891 ] ] ] } },
{ "type": "Feature", "properties": { "variability_nT": 175.5, "tier": "optimal", "score": 10.0 }, "geometry": { "type": "Polygon", "coordinates": [ [ [ 126.924999999999869, 34.924999999999891 ], [ 126.924999999999869, 34.974999999999888 ], [ 126.874999999999858, 34.974999999999888 ], [ 126.874999999999858, 34.924999999999891 ], [ 126.924999999999869, 34.924999999999891 ] ] ] } },
{ "type": "Feature", "properties": { "variability_nT": 152.5, "tier": "optimal", "score": 10.0 }, "geometry": { "type": "Polygon", "coordinates": [ [ [ 126.974999999999866, 34.924999999999891 ], [ 126.974999999999866, 34.974999999999888 ], [ 126.924999999999855, 34.974999999999888 ], [ 126.924999999999855, 34.924999999999891 ], [ 126.974999999999866, 34.924999999999891 ] ] ] } },
{ "type": "Feature", "properties": { "variability_nT": 235.2, "tier": "optimal", "score": 10.0 }, "geometry": { "type": "Polygon", "coordinates": [ [ [ 127.524999999999835, 34.924999999999891 ], [ 127.524999999999835, 34.974999999999888 ], [ 127.474999999999824, 34.974999999999888 ], [ 127.474999999999824, 34.924999999999891 ], [ 127.524999999999835, 34.924999999999891 ] ] ] } },
{ "type": "Feature", "properties": { "variability_nT": 223.4, "tier": "optimal", "score": 10.0 }, "geometry": { "type": "Polygon", "coordinates": [ [ [ 127.574999999999832, 34.924999999999891 ], [ 127.574999999999832, 34.974999999999888 ], [ 127.524999999999821, 34.974999999999888 ], [ 127.524999999999821, 34.924999999999891 ], [ 127.574999999999832, 34.924999999999891 ] ] ] } },
{ "type": "Feature", "properties": { "variability_nT": 245.1, "tier": "optimal", "score": 10.0 }, "geometry": { "type": "Polygon", "coordinates": [ [ [ 127.624999999999829, 34.924999999999891 ], [ 127.624999999999829, 34.974999999999888 ], [ 127.574999999999818, 34.974999999999888 ], [ 127.574999999999818, 34.924999999999891 ], [ 127.624999999999829, 34.924999999999891 ] ] ] } },
{ "type": "Feature", "properties": { "variability_nT": 197.5, "tier": "optimal", "score": 10.0 }, "geometry": { "type": "Polygon", "coordinates": [ [ [ 127.674999999999827, 34.924999999999891 ], [ 127.674999999999827, 34.974999999999888 ], [ 127.624999999999815, 34.974999999999888 ], [ 127.624999999999815, 34.924999999999891 ], [ 127.674999999999827, 34.924999999999891 ] ] ] } },
{ "type": "Feature", "properties": { "variability_nT": 196.1, "tier": "optimal", "score": 10.0 }, "geometry": { "type": "Polygon", "coordinates": [ [ [ 127.724999999999824, 34.924999999999891 ], [ 127.724999999999824, 34.974999999999888 ], [ 127.674999999999812, 34.974999999999888 ], [ 127.674999999999812, 34.924999999999891 ], [ 127.724999999999824, 34.924999999999891 ] ] ] } },
{ "type": "Feature", "properties": { "variability_nT": 311.7, "tier": "optimal", "score": 10.0 }, "geometry": { "type": "Polygon", "coordinates": [ [ [ 127.924999999999812, 34.924999999999891 ], [ 127.924999999999812, 34.974999999999888 ], [ 127.874999999999801, 34.974999999999888 ], [ 127.874999999999801, 34.924999999999891 ], [ 127.924999999999812, 34.924999999999891 ] ] ] } },
{ "type": "Feature", "properties": { "variability_nT": 192.4, "tier": "optimal", "score": 10.0 }, "geometry": { "type": "Polygon", "coordinates": [ [ [ 128.07499999999979, 34.924999999999891 ], [ 128.07499999999979, 34.974999999999888 ], [ 128.024999999999778, 34.974999999999888 ], [ 128.024999999999778, 34.924999999999891 ], [ 128.07499999999979, 34.924999999999891 ] ] ] } },
{ "type": "Feature", "properties": { "variability_nT": 359.9, "tier": "optimal", "score": 10.0 }, "geometry": { "type": "Polygon", "coordinates": [ [ [ 128.124999999999801, 34.924999999999891 ], [ 128.124999999999801, 34.974999999999888 ], [ 128.07499999999979, 34.974999999999888 ], [ 128.07499999999979, 34.924999999999891 ], [ 128.124999999999801, 34.924999999999891 ] ] ] } },
{ "type": "Feature", "properties": { "variability_nT": 286.4, "tier": "optimal", "score": 10.0 }, "geometry": { "type": "Polygon", "coordinates": [ [ [ 128.174999999999812, 34.924999999999891 ], [ 128.174999999999812, 34.974999999999888 ], [ 128.124999999999801, 34.974999999999888 ], [ 128.124999999999801, 34.924999999999891 ], [ 128.174999999999812, 34.924999999999891 ] ] ] } },
{ "type": "Feature", "properties": { "variability_nT": 240.2, "tier": "optimal", "score": 10.0 }, "geometry": { "type": "Polygon", "coordinates": [ [ [ 128.224999999999795, 34.924999999999891 ], [ 128.224999999999795, 34.974999999999888 ], [ 128.174999999999784, 34.974999999999888 ], [ 128.174999999999784, 34.924999999999891 ], [ 128.224999999999795, 34.924999999999891 ] ] ] } },
{ "type": "Feature", "properties": { "variability_nT": 227.1, "tier": "optimal", "score": 10.0 }, "geometry": { "type": "Polygon", "coordinates": [ [ [ 128.274999999999778, 34.924999999999891 ], [ 128.274999999999778, 34.974999999999888 ], [ 128.224999999999767, 34.974999999999888 ], [ 128.224999999999767, 34.924999999999891 ], [ 128.274999999999778, 34.924999999999891 ] ] ] } },
{ "type": "Feature", "properties": { "variability_nT": 303.5, "tier": "optimal", "score": 10.0 }, "geometry": { "type": "Polygon", "coordinates": [ [ [ 128.32499999999979, 34.924999999999891 ], [ 128.32499999999979, 34.974999999999888 ], [ 128.274999999999778, 34.974999999999888 ], [ 128.274999999999778, 34.924999999999891 ], [ 128.32499999999979, 34.924999999999891 ] ] ] } },
{ "type": "Feature", "properties": { "variability_nT": 308.0, "tier": "optimal", "score": 10.0 }, "geometry": { "type": "Polygon", "coordinates": [ [ [ 128.374999999999801, 34.924999999999891 ], [ 128.374999999999801, 34.974999999999888 ], [ 128.32499999999979, 34.974999999999888 ], [ 128.32499999999979, 34.924999999999891 ], [ 128.374999999999801, 34.924999999999891 ] ] ] } },
{ "type": "Feature", "properties": { "variability_nT": 299.6, "tier": "optimal", "score": 10.0 }, "geometry": { "type": "Polygon", "coordinates": [ [ [ 128.424999999999784, 34.924999999999891 ], [ 128.424999999999784, 34.974999999999888 ], [ 128.374999999999773, 34.974999999999888 ], [ 128.374999999999773, 34.924999999999891 ], [ 128.424999999999784, 34.924999999999891 ] ] ] } },
{ "type": "Feature", "properties": { "variability_nT": 165.2, "tier": "optimal", "score": 10.0 }, "geometry": { "type": "Polygon", "coordinates": [ [ [ 128.474999999999767, 34.924999999999891 ], [ 128.474999999999767, 34.974999999999888 ], [ 128.424999999999756, 34.974999999999888 ], [ 128.424999999999756, 34.924999999999891 ], [ 128.474999999999767, 34.924999999999891 ] ] ] } },
{ "type": "Feature", "properties": { "variability_nT": 348.7, "tier": "optimal", "score": 10.0 }, "geometry": { "type": "Polygon", "coordinates": [ [ [ 128.524999999999778, 34.924999999999891 ], [ 128.524999999999778, 34.974999999999888 ], [ 128.474999999999767, 34.974999999999888 ], [ 128.474999999999767, 34.924999999999891 ], [ 128.524999999999778, 34.924999999999891 ] ] ] } },
{ "type": "Feature", "properties": { "variability_nT": 284.9, "tier": "optimal", "score": 10.0 }, "geometry": { "type": "Polygon", "coordinates": [ [ [ 128.624999999999773, 34.924999999999891 ], [ 128.624999999999773, 34.974999999999888 ], [ 128.574999999999761, 34.974999999999888 ], [ 128.574999999999761, 34.924999999999891 ], [ 128.624999999999773, 34.924999999999891 ] ] ] } },
{ "type": "Feature", "properties": { "variability_nT": 298.4, "tier": "optimal", "score": 10.0 }, "geometry": { "type": "Polygon", "coordinates": [ [ [ 128.674999999999756, 34.924999999999891 ], [ 128.674999999999756, 34.974999999999888 ], [ 128.624999999999744, 34.974999999999888 ], [ 128.624999999999744, 34.924999999999891 ], [ 128.674999999999756, 34.924999999999891 ] ] ] } },
{ "type": "Feature", "properties": { "variability_nT": 307.4, "tier": "optimal", "score": 10.0 }, "geometry": { "type": "Polygon", "coordinates": [ [ [ 128.724999999999767, 34.924999999999891 ], [ 128.724999999999767, 34.974999999999888 ], [ 128.674999999999756, 34.974999999999888 ], [ 128.674999999999756, 34.924999999999891 ], [ 128.724999999999767, 34.924999999999891 ] ] ] } },
{ "type": "Feature", "properties": { "variability_nT": 376.0, "tier": "optimal", "score": 10.0 }, "geometry": { "type": "Polygon", "coordinates": [ [ [ 128.774999999999778, 34.924999999999891 ], [ 128.774999999999778, 34.974999999999888 ], [ 128.724999999999767, 34.974999999999888 ], [ 128.724999999999767, 34.924999999999891 ], [ 128.774999999999778, 34.924999999999891 ] ] ] } },
{ "type": "Feature", "properties": { "variability_nT": 396.0, "tier": "optimal", "score": 10.0 }, "geometry": { "type": "Polygon", "coordinates": [ [ [ 128.824999999999761, 34.924999999999891 ], [ 128.824999999999761, 34.974999999999888 ], [ 128.77499999999975, 34.974999999999888 ], [ 128.77499999999975, 34.924999999999891 ], [ 128.824999999999761, 34.924999999999891 ] ] ] } },
{ "type": "Feature", "properties": { "variability_nT": 276.0, "tier": "optimal", "score": 10.0 }, "geometry": { "type": "Polygon", "coordinates": [ [ [ 128.874999999999744, 34.924999999999891 ], [ 128.874999999999744, 34.974999999999888 ], [ 128.824999999999733, 34.974999999999888 ], [ 128.824999999999733, 34.924999999999891 ], [ 128.874999999999744, 34.924999999999891 ] ] ] } },
{ "type": "Feature", "properties": { "variability_nT": 213.3, "tier": "optimal", "score": 10.0 }, "geometry": { "type": "Polygon", "coordinates": [ [ [ 128.924999999999756, 34.924999999999891 ], [ 128.924999999999756, 34.974999999999888 ], [ 128.874999999999744, 34.974999999999888 ], [ 128.874999999999744, 34.924999999999891 ], [ 128.924999999999756, 34.924999999999891 ] ] ] } },
{ "type": "Feature", "properties": { "variability_nT": 294.2, "tier": "optimal", "score": 10.0 }, "geometry": { "type": "Polygon", "coordinates": [ [ [ 128.974999999999767, 34.924999999999891 ], [ 128.974999999999767, 34.974999999999888 ], [ 128.924999999999756, 34.974999999999888 ], [ 128.924999999999756, 34.924999999999891 ], [ 128.974999999999767, 34.924999999999891 ] ] ] } },
{ "type": "Feature", "properties": { "variability_nT": 277.5, "tier": "optimal", "score": 10.0 }, "geometry": { "type": "Polygon", "coordinates": [ [ [ 129.02499999999975, 34.924999999999891 ], [ 129.02499999999975, 34.974999999999888 ], [ 128.974999999999739, 34.974999999999888 ], [ 128.974999999999739, 34.924999999999891 ], [ 129.02499999999975, 34.924999999999891 ] ] ] } },
{ "type": "Feature", "properties": { "variability_nT": 176.5, "tier": "optimal", "score": 10.0 }, "geometry": { "type": "Polygon", "coordinates": [ [ [ 126.225, 34.974999999999888 ], [ 126.225, 35.024999999999885 ], [ 126.174999999999898, 35.024999999999885 ], [ 126.174999999999898, 34.974999999999888 ], [ 126.225, 34.974999999999888 ] ] ] } },
{ "type": "Feature", "properties": { "variability_nT": 229.1, "tier": "optimal", "score": 10.0 }, "geometry": { "type": "Polygon", "coordinates": [ [ [ 126.275, 34.974999999999888 ], [ 126.275, 35.024999999999885 ], [ 126.224999999999895, 35.024999999999885 ], [ 126.224999999999895, 34.974999999999888 ], [ 126.275, 34.974999999999888 ] ] ] } },
{ "type": "Feature", "properties": { "variability_nT": 157.8, "tier": "optimal", "score": 10.0 }, "geometry": { "type": "Polygon", "coordinates": [ [ [ 126.674999999999883, 34.974999999999888 ], [ 126.674999999999883, 35.024999999999885 ], [ 126.624999999999872, 35.024999999999885 ], [ 126.624999999999872, 34.974999999999888 ], [ 126.674999999999883, 34.974999999999888 ] ] ] } },
{ "type": "Feature", "properties": { "variability_nT": 152.3, "tier": "optimal", "score": 10.0 }, "geometry": { "type": "Polygon", "coordinates": [ [ [ 126.724999999999881, 34.974999999999888 ], [ 126.724999999999881, 35.024999999999885 ], [ 126.674999999999869, 35.024999999999885 ], [ 126.674999999999869, 34.974999999999888 ], [ 126.724999999999881, 34.974999999999888 ] ] ] } },
{ "type": "Feature", "properties": { "variability_nT": 228.5, "tier": "optimal", "score": 10.0 }, "geometry": { "type": "Polygon", "coordinates": [ [ [ 126.774999999999878, 34.974999999999888 ], [ 126.774999999999878, 35.024999999999885 ], [ 126.724999999999866, 35.024999999999885 ], [ 126.724999999999866, 34.974999999999888 ], [ 126.774999999999878, 34.974999999999888 ] ] ] } },
{ "type": "Feature", "properties": { "variability_nT": 161.4, "tier": "optimal", "score": 10.0 }, "geometry": { "type": "Polygon", "coordinates": [ [ [ 126.874999999999872, 34.974999999999888 ], [ 126.874999999999872, 35.024999999999885 ], [ 126.824999999999861, 35.024999999999885 ], [ 126.824999999999861, 34.974999999999888 ], [ 126.874999999999872, 34.974999999999888 ] ] ] } },
{ "type": "Feature", "properties": { "variability_nT": 249.2, "tier": "optimal", "score": 10.0 }, "geometry": { "type": "Polygon", "coordinates": [ [ [ 126.924999999999869, 34.974999999999888 ], [ 126.924999999999869, 35.024999999999885 ], [ 126.874999999999858, 35.024999999999885 ], [ 126.874999999999858, 34.974999999999888 ], [ 126.924999999999869, 34.974999999999888 ] ] ] } },
{ "type": "Feature", "properties": { "variability_nT": 270.1, "tier": "optimal", "score": 10.0 }, "geometry": { "type": "Polygon", "coordinates": [ [ [ 126.974999999999866, 34.974999999999888 ], [ 126.974999999999866, 35.024999999999885 ], [ 126.924999999999855, 35.024999999999885 ], [ 126.924999999999855, 34.974999999999888 ], [ 126.974999999999866, 34.974999999999888 ] ] ] } },
{ "type": "Feature", "properties": { "variability_nT": 197.7, "tier": "optimal", "score": 10.0 }, "geometry": { "type": "Polygon", "coordinates": [ [ [ 127.024999999999864, 34.974999999999888 ], [ 127.024999999999864, 35.024999999999885 ], [ 126.974999999999852, 35.024999999999885 ], [ 126.974999999999852, 34.974999999999888 ], [ 127.024999999999864, 34.974999999999888 ] ] ] } },
{ "type": "Feature", "properties": { "variability_nT": 202.5, "tier": "optimal", "score": 10.0 }, "geometry": { "type": "Polygon", "coordinates": [ [ [ 127.074999999999861, 34.974999999999888 ], [ 127.074999999999861, 35.024999999999885 ], [ 127.024999999999849, 35.024999999999885 ], [ 127.024999999999849, 34.974999999999888 ], [ 127.074999999999861, 34.974999999999888 ] ] ] } },
{ "type": "Feature", "properties": { "variability_nT": 188.5, "tier": "optimal", "score": 10.0 }, "geometry": { "type": "Polygon", "coordinates": [ [ [ 127.624999999999829, 34.974999999999888 ], [ 127.624999999999829, 35.024999999999885 ], [ 127.574999999999818, 35.024999999999885 ], [ 127.574999999999818, 34.974999999999888 ], [ 127.624999999999829, 34.974999999999888 ] ] ] } },
{ "type": "Feature", "properties": { "variability_nT": 207.1, "tier": "optimal", "score": 10.0 }, "geometry": { "type": "Polygon", "coordinates": [ [ [ 127.674999999999827, 34.974999999999888 ], [ 127.674999999999827, 35.024999999999885 ], [ 127.624999999999815, 35.024999999999885 ], [ 127.624999999999815, 34.974999999999888 ], [ 127.674999999999827, 34.974999999999888 ] ] ] } },
{ "type": "Feature", "properties": { "variability_nT": 380.1, "tier": "optimal", "score": 10.0 }, "geometry": { "type": "Polygon", "coordinates": [ [ [ 127.924999999999812, 34.974999999999888 ], [ 127.924999999999812, 35.024999999999885 ], [ 127.874999999999801, 35.024999999999885 ], [ 127.874999999999801, 34.974999999999888 ], [ 127.924999999999812, 34.974999999999888 ] ] ] } },
{ "type": "Feature", "properties": { "variability_nT": 186.1, "tier": "optimal", "score": 10.0 }, "geometry": { "type": "Polygon", "coordinates": [ [ [ 128.024999999999807, 34.974999999999888 ], [ 128.024999999999807, 35.024999999999885 ], [ 127.974999999999795, 35.024999999999885 ], [ 127.974999999999795, 34.974999999999888 ], [ 128.024999999999807, 34.974999999999888 ] ] ] } },
{ "type": "Feature", "properties": { "variability_nT": 223.4, "tier": "optimal", "score": 10.0 }, "geometry": { "type": "Polygon", "coordinates": [ [ [ 128.07499999999979, 34.974999999999888 ], [ 128.07499999999979, 35.024999999999885 ], [ 128.024999999999778, 35.024999999999885 ], [ 128.024999999999778, 34.974999999999888 ], [ 128.07499999999979, 34.974999999999888 ] ] ] } },
{ "type": "Feature", "properties": { "variability_nT": 285.8, "tier": "optimal", "score": 10.0 }, "geometry": { "type": "Polygon", "coordinates": [ [ [ 128.32499999999979, 34.974999999999888 ], [ 128.32499999999979, 35.024999999999885 ], [ 128.274999999999778, 35.024999999999885 ], [ 128.274999999999778, 34.974999999999888 ], [ 128.32499999999979, 34.974999999999888 ] ] ] } },
{ "type": "Feature", "properties": { "variability_nT": 294.6, "tier": "optimal", "score": 10.0 }, "geometry": { "type": "Polygon", "coordinates": [ [ [ 128.374999999999801, 34.974999999999888 ], [ 128.374999999999801, 35.024999999999885 ], [ 128.32499999999979, 35.024999999999885 ], [ 128.32499999999979, 34.974999999999888 ], [ 128.374999999999801, 34.974999999999888 ] ] ] } },
{ "type": "Feature", "properties": { "variability_nT": 285.0, "tier": "optimal", "score": 10.0 }, "geometry": { "type": "Polygon", "coordinates": [ [ [ 128.474999999999767, 34.974999999999888 ], [ 128.474999999999767, 35.024999999999885 ], [ 128.424999999999756, 35.024999999999885 ], [ 128.424999999999756, 34.974999999999888 ], [ 128.474999999999767, 34.974999999999888 ] ] ] } },
{ "type": "Feature", "properties": { "variability_nT": 277.7, "tier": "optimal", "score": 10.0 }, "geometry": { "type": "Polygon", "coordinates": [ [ [ 128.524999999999778, 34.974999999999888 ], [ 128.524999999999778, 35.024999999999885 ], [ 128.474999999999767, 35.024999999999885 ], [ 128.474999999999767, 34.974999999999888 ], [ 128.524999999999778, 34.974999999999888 ] ] ] } },
{ "type": "Feature", "properties": { "variability_nT": 274.7, "tier": "optimal", "score": 10.0 }, "geometry": { "type": "Polygon", "coordinates": [ [ [ 128.57499999999979, 34.974999999999888 ], [ 128.57499999999979, 35.024999999999885 ], [ 128.524999999999778, 35.024999999999885 ], [ 128.524999999999778, 34.974999999999888 ], [ 128.57499999999979, 34.974999999999888 ] ] ] } },
{ "type": "Feature", "properties": { "variability_nT": 277.8, "tier": "optimal", "score": 10.0 }, "geometry": { "type": "Polygon", "coordinates": [ [ [ 128.624999999999773, 34.974999999999888 ], [ 128.624999999999773, 35.024999999999885 ], [ 128.574999999999761, 35.024999999999885 ], [ 128.574999999999761, 34.974999999999888 ], [ 128.624999999999773, 34.974999999999888 ] ] ] } },
{ "type": "Feature", "properties": { "variability_nT": 290.0, "tier": "optimal", "score": 10.0 }, "geometry": { "type": "Polygon", "coordinates": [ [ [ 128.674999999999756, 34.974999999999888 ], [ 128.674999999999756, 35.024999999999885 ], [ 128.624999999999744, 35.024999999999885 ], [ 128.624999999999744, 34.974999999999888 ], [ 128.674999999999756, 34.974999999999888 ] ] ] } },
{ "type": "Feature", "properties": { "variability_nT": 318.7, "tier": "optimal", "score": 10.0 }, "geometry": { "type": "Polygon", "coordinates": [ [ [ 128.724999999999767, 34.974999999999888 ], [ 128.724999999999767, 35.024999999999885 ], [ 128.674999999999756, 35.024999999999885 ], [ 128.674999999999756, 34.974999999999888 ], [ 128.724999999999767, 34.974999999999888 ] ] ] } },
{ "type": "Feature", "properties": { "variability_nT": 336.1, "tier": "optimal", "score": 10.0 }, "geometry": { "type": "Polygon", "coordinates": [ [ [ 128.874999999999744, 34.974999999999888 ], [ 128.874999999999744, 35.024999999999885 ], [ 128.824999999999733, 35.024999999999885 ], [ 128.824999999999733, 34.974999999999888 ], [ 128.874999999999744, 34.974999999999888 ] ] ] } },
{ "type": "Feature", "properties": { "variability_nT": 317.4, "tier": "optimal", "score": 10.0 }, "geometry": { "type": "Polygon", "coordinates": [ [ [ 128.924999999999756, 34.974999999999888 ], [ 128.924999999999756, 35.024999999999885 ], [ 128.874999999999744, 35.024999999999885 ], [ 128.874999999999744, 34.974999999999888 ], [ 128.924999999999756, 34.974999999999888 ] ] ] } },
{ "type": "Feature", "properties": { "variability_nT": 195.3, "tier": "optimal", "score": 10.0 }, "geometry": { "type": "Polygon", "coordinates": [ [ [ 129.124999999999744, 34.974999999999888 ], [ 129.124999999999744, 35.024999999999885 ], [ 129.074999999999733, 35.024999999999885 ], [ 129.074999999999733, 34.974999999999888 ], [ 129.124999999999744, 34.974999999999888 ] ] ] } },
{ "type": "Feature", "properties": { "variability_nT": 163.1, "tier": "optimal", "score": 10.0 }, "geometry": { "type": "Polygon", "coordinates": [ [ [ 129.224999999999739, 34.974999999999888 ], [ 129.224999999999739, 35.024999999999885 ], [ 129.174999999999727, 35.024999999999885 ], [ 129.174999999999727, 34.974999999999888 ], [ 129.224999999999739, 34.974999999999888 ] ] ] } },
{ "type": "Feature", "properties": { "variability_nT": 189.8, "tier": "optimal", "score": 10.0 }, "geometry": { "type": "Polygon", "coordinates": [ [ [ 129.274999999999721, 34.974999999999888 ], [ 129.274999999999721, 35.024999999999885 ], [ 129.22499999999971, 35.024999999999885 ], [ 129.22499999999971, 34.974999999999888 ], [ 129.274999999999721, 34.974999999999888 ] ] ] } },
{ "type": "Feature", "properties": { "variability_nT": 157.2, "tier": "optimal", "score": 10.0 }, "geometry": { "type": "Polygon", "coordinates": [ [ [ 125.975, 35.024999999999885 ], [ 125.975, 35.074999999999882 ], [ 125.925, 35.074999999999882 ], [ 125.925, 35.024999999999885 ], [ 125.975, 35.024999999999885 ] ] ] } },
{ "type": "Feature", "properties": { "variability_nT": 161.2, "tier": "optimal", "score": 10.0 }, "geometry": { "type": "Polygon", "coordinates": [ [ [ 126.175, 35.024999999999885 ], [ 126.175, 35.074999999999882 ], [ 126.125, 35.074999999999882 ], [ 126.125, 35.024999999999885 ], [ 126.175, 35.024999999999885 ] ] ] } },
{ "type": "Feature", "properties": { "variability_nT": 184.6, "tier": "optimal", "score": 10.0 }, "geometry": { "type": "Polygon", "coordinates": [ [ [ 126.225, 35.024999999999885 ], [ 126.225, 35.074999999999882 ], [ 126.174999999999898, 35.074999999999882 ], [ 126.174999999999898, 35.024999999999885 ], [ 126.225, 35.024999999999885 ] ] ] } },
{ "type": "Feature", "properties": { "variability_nT": 332.6, "tier": "optimal", "score": 10.0 }, "geometry": { "type": "Polygon", "coordinates": [ [ [ 126.275, 35.024999999999885 ], [ 126.275, 35.074999999999882 ], [ 126.224999999999895, 35.074999999999882 ], [ 126.224999999999895, 35.024999999999885 ], [ 126.275, 35.024999999999885 ] ] ] } },
{ "type": "Feature", "properties": { "variability_nT": 276.8, "tier": "optimal", "score": 10.0 }, "geometry": { "type": "Polygon", "coordinates": [ [ [ 126.325, 35.024999999999885 ], [ 126.325, 35.074999999999882 ], [ 126.274999999999892, 35.074999999999882 ], [ 126.274999999999892, 35.024999999999885 ], [ 126.325, 35.024999999999885 ] ] ] } },
{ "type": "Feature", "properties": { "variability_nT": 218.3, "tier": "optimal", "score": 10.0 }, "geometry": { "type": "Polygon", "coordinates": [ [ [ 126.574999999999889, 35.024999999999885 ], [ 126.574999999999889, 35.074999999999882 ], [ 126.524999999999878, 35.074999999999882 ], [ 126.524999999999878, 35.024999999999885 ], [ 126.574999999999889, 35.024999999999885 ] ] ] } },
{ "type": "Feature", "properties": { "variability_nT": 261.3, "tier": "optimal", "score": 10.0 }, "geometry": { "type": "Polygon", "coordinates": [ [ [ 126.624999999999886, 35.024999999999885 ], [ 126.624999999999886, 35.074999999999882 ], [ 126.574999999999875, 35.074999999999882 ], [ 126.574999999999875, 35.024999999999885 ], [ 126.624999999999886, 35.024999999999885 ] ] ] } },
{ "type": "Feature", "properties": { "variability_nT": 248.8, "tier": "optimal", "score": 10.0 }, "geometry": { "type": "Polygon", "coordinates": [ [ [ 126.724999999999881, 35.024999999999885 ], [ 126.724999999999881, 35.074999999999882 ], [ 126.674999999999869, 35.074999999999882 ], [ 126.674999999999869, 35.024999999999885 ], [ 126.724999999999881, 35.024999999999885 ] ] ] } },
{ "type": "Feature", "properties": { "variability_nT": 169.4, "tier": "optimal", "score": 10.0 }, "geometry": { "type": "Polygon", "coordinates": [ [ [ 126.774999999999878, 35.024999999999885 ], [ 126.774999999999878, 35.074999999999882 ], [ 126.724999999999866, 35.074999999999882 ], [ 126.724999999999866, 35.024999999999885 ], [ 126.774999999999878, 35.024999999999885 ] ] ] } },
{ "type": "Feature", "properties": { "variability_nT": 167.8, "tier": "optimal", "score": 10.0 }, "geometry": { "type": "Polygon", "coordinates": [ [ [ 126.874999999999872, 35.024999999999885 ], [ 126.874999999999872, 35.074999999999882 ], [ 126.824999999999861, 35.074999999999882 ], [ 126.824999999999861, 35.024999999999885 ], [ 126.874999999999872, 35.024999999999885 ] ] ] } },
{ "type": "Feature", "properties": { "variability_nT": 271.6, "tier": "optimal", "score": 10.0 }, "geometry": { "type": "Polygon", "coordinates": [ [ [ 126.924999999999869, 35.024999999999885 ], [ 126.924999999999869, 35.074999999999882 ], [ 126.874999999999858, 35.074999999999882 ], [ 126.874999999999858, 35.024999999999885 ], [ 126.924999999999869, 35.024999999999885 ] ] ] } },
{ "type": "Feature", "properties": { "variability_nT": 288.9, "tier": "optimal", "score": 10.0 }, "geometry": { "type": "Polygon", "coordinates": [ [ [ 126.974999999999866, 35.024999999999885 ], [ 126.974999999999866, 35.074999999999882 ], [ 126.924999999999855, 35.074999999999882 ], [ 126.924999999999855, 35.024999999999885 ], [ 126.974999999999866, 35.024999999999885 ] ] ] } },
{ "type": "Feature", "properties": { "variability_nT": 375.8, "tier": "optimal", "score": 10.0 }, "geometry": { "type": "Polygon", "coordinates": [ [ [ 127.024999999999864, 35.024999999999885 ], [ 127.024999999999864, 35.074999999999882 ], [ 126.974999999999852, 35.074999999999882 ], [ 126.974999999999852, 35.024999999999885 ], [ 127.024999999999864, 35.024999999999885 ] ] ] } },
{ "type": "Feature", "properties": { "variability_nT": 368.2, "tier": "optimal", "score": 10.0 }, "geometry": { "type": "Polygon", "coordinates": [ [ [ 127.074999999999861, 35.024999999999885 ], [ 127.074999999999861, 35.074999999999882 ], [ 127.024999999999849, 35.074999999999882 ], [ 127.024999999999849, 35.024999999999885 ], [ 127.074999999999861, 35.024999999999885 ] ] ] } },
{ "type": "Feature", "properties": { "variability_nT": 280.0, "tier": "optimal", "score": 10.0 }, "geometry": { "type": "Polygon", "coordinates": [ [ [ 127.124999999999858, 35.024999999999885 ], [ 127.124999999999858, 35.074999999999882 ], [ 127.074999999999847, 35.074999999999882 ], [ 127.074999999999847, 35.024999999999885 ], [ 127.124999999999858, 35.024999999999885 ] ] ] } },
{ "type": "Feature", "properties": { "variability_nT": 198.6, "tier": "optimal", "score": 10.0 }, "geometry": { "type": "Polygon", "coordinates": [ [ [ 127.374999999999844, 35.024999999999885 ], [ 127.374999999999844, 35.074999999999882 ], [ 127.324999999999832, 35.074999999999882 ], [ 127.324999999999832, 35.024999999999885 ], [ 127.374999999999844, 35.024999999999885 ] ] ] } },
{ "type": "Feature", "properties": { "variability_nT": 227.4, "tier": "optimal", "score": 10.0 }, "geometry": { "type": "Polygon", "coordinates": [ [ [ 127.424999999999841, 35.024999999999885 ], [ 127.424999999999841, 35.074999999999882 ], [ 127.374999999999829, 35.074999999999882 ], [ 127.374999999999829, 35.024999999999885 ], [ 127.424999999999841, 35.024999999999885 ] ] ] } },
{ "type": "Feature", "properties": { "variability_nT": 189.2, "tier": "optimal", "score": 10.0 }, "geometry": { "type": "Polygon", "coordinates": [ [ [ 127.574999999999832, 35.024999999999885 ], [ 127.574999999999832, 35.074999999999882 ], [ 127.524999999999821, 35.074999999999882 ], [ 127.524999999999821, 35.024999999999885 ], [ 127.574999999999832, 35.024999999999885 ] ] ] } },
{ "type": "Feature", "properties": { "variability_nT": 194.9, "tier": "optimal", "score": 10.0 }, "geometry": { "type": "Polygon", "coordinates": [ [ [ 127.624999999999829, 35.024999999999885 ], [ 127.624999999999829, 35.074999999999882 ], [ 127.574999999999818, 35.074999999999882 ], [ 127.574999999999818, 35.024999999999885 ], [ 127.624999999999829, 35.024999999999885 ] ] ] } },
{ "type": "Feature", "properties": { "variability_nT": 175.4, "tier": "optimal", "score": 10.0 }, "geometry": { "type": "Polygon", "coordinates": [ [ [ 127.874999999999815, 35.024999999999885 ], [ 127.874999999999815, 35.074999999999882 ], [ 127.824999999999804, 35.074999999999882 ], [ 127.824999999999804, 35.024999999999885 ], [ 127.874999999999815, 35.024999999999885 ] ] ] } },
{ "type": "Feature", "properties": { "variability_nT": 154.8, "tier": "optimal", "score": 10.0 }, "geometry": { "type": "Polygon", "coordinates": [ [ [ 127.924999999999812, 35.024999999999885 ], [ 127.924999999999812, 35.074999999999882 ], [ 127.874999999999801, 35.074999999999882 ], [ 127.874999999999801, 35.024999999999885 ], [ 127.924999999999812, 35.024999999999885 ] ] ] } },
{ "type": "Feature", "properties": { "variability_nT": 254.1, "tier": "optimal", "score": 10.0 }, "geometry": { "type": "Polygon", "coordinates": [ [ [ 127.97499999999981, 35.024999999999885 ], [ 127.97499999999981, 35.074999999999882 ], [ 127.924999999999798, 35.074999999999882 ], [ 127.924999999999798, 35.024999999999885 ], [ 127.97499999999981, 35.024999999999885 ] ] ] } },
{ "type": "Feature", "properties": { "variability_nT": 207.4, "tier": "optimal", "score": 10.0 }, "geometry": { "type": "Polygon", "coordinates": [ [ [ 128.024999999999807, 35.024999999999885 ], [ 128.024999999999807, 35.074999999999882 ], [ 127.974999999999795, 35.074999999999882 ], [ 127.974999999999795, 35.024999999999885 ], [ 128.024999999999807, 35.024999999999885 ] ] ] } },
{ "type": "Feature", "properties": { "variability_nT": 246.8, "tier": "optimal", "score": 10.0 }, "geometry": { "type": "Polygon", "coordinates": [ [ [ 128.07499999999979, 35.024999999999885 ], [ 128.07499999999979, 35.074999999999882 ], [ 128.024999999999778, 35.074999999999882 ], [ 128.024999999999778, 35.024999999999885 ], [ 128.07499999999979, 35.024999999999885 ] ] ] } },
{ "type": "Feature", "properties": { "variability_nT": 207.4, "tier": "optimal", "score": 10.0 }, "geometry": { "type": "Polygon", "coordinates": [ [ [ 128.124999999999801, 35.024999999999885 ], [ 128.124999999999801, 35.074999999999882 ], [ 128.07499999999979, 35.074999999999882 ], [ 128.07499999999979, 35.024999999999885 ], [ 128.124999999999801, 35.024999999999885 ] ] ] } },
{ "type": "Feature", "properties": { "variability_nT": 216.9, "tier": "optimal", "score": 10.0 }, "geometry": { "type": "Polygon", "coordinates": [ [ [ 128.174999999999812, 35.024999999999885 ], [ 128.174999999999812, 35.074999999999882 ], [ 128.124999999999801, 35.074999999999882 ], [ 128.124999999999801, 35.024999999999885 ], [ 128.174999999999812, 35.024999999999885 ] ] ] } },
{ "type": "Feature", "properties": { "variability_nT": 230.8, "tier": "optimal", "score": 10.0 }, "geometry": { "type": "Polygon", "coordinates": [ [ [ 128.224999999999795, 35.024999999999885 ], [ 128.224999999999795, 35.074999999999882 ], [ 128.174999999999784, 35.074999999999882 ], [ 128.174999999999784, 35.024999999999885 ], [ 128.224999999999795, 35.024999999999885 ] ] ] } },
{ "type": "Feature", "properties": { "variability_nT": 201.2, "tier": "optimal", "score": 10.0 }, "geometry": { "type": "Polygon", "coordinates": [ [ [ 128.374999999999801, 35.024999999999885 ], [ 128.374999999999801, 35.074999999999882 ], [ 128.32499999999979, 35.074999999999882 ], [ 128.32499999999979, 35.024999999999885 ], [ 128.374999999999801, 35.024999999999885 ] ] ] } },
{ "type": "Feature", "properties": { "variability_nT": 299.2, "tier": "optimal", "score": 10.0 }, "geometry": { "type": "Polygon", "coordinates": [ [ [ 128.424999999999784, 35.024999999999885 ], [ 128.424999999999784, 35.074999999999882 ], [ 128.374999999999773, 35.074999999999882 ], [ 128.374999999999773, 35.024999999999885 ], [ 128.424999999999784, 35.024999999999885 ] ] ] } },
{ "type": "Feature", "properties": { "variability_nT": 275.7, "tier": "optimal", "score": 10.0 }, "geometry": { "type": "Polygon", "coordinates": [ [ [ 128.474999999999767, 35.024999999999885 ], [ 128.474999999999767, 35.074999999999882 ], [ 128.424999999999756, 35.074999999999882 ], [ 128.424999999999756, 35.024999999999885 ], [ 128.474999999999767, 35.024999999999885 ] ] ] } },
{ "type": "Feature", "properties": { "variability_nT": 274.8, "tier": "optimal", "score": 10.0 }, "geometry": { "type": "Polygon", "coordinates": [ [ [ 128.524999999999778, 35.024999999999885 ], [ 128.524999999999778, 35.074999999999882 ], [ 128.474999999999767, 35.074999999999882 ], [ 128.474999999999767, 35.024999999999885 ], [ 128.524999999999778, 35.024999999999885 ] ] ] } },
{ "type": "Feature", "properties": { "variability_nT": 370.0, "tier": "optimal", "score": 10.0 }, "geometry": { "type": "Polygon", "coordinates": [ [ [ 128.57499999999979, 35.024999999999885 ], [ 128.57499999999979, 35.074999999999882 ], [ 128.524999999999778, 35.074999999999882 ], [ 128.524999999999778, 35.024999999999885 ], [ 128.57499999999979, 35.024999999999885 ] ] ] } },
{ "type": "Feature", "properties": { "variability_nT": 372.4, "tier": "optimal", "score": 10.0 }, "geometry": { "type": "Polygon", "coordinates": [ [ [ 128.674999999999756, 35.024999999999885 ], [ 128.674999999999756, 35.074999999999882 ], [ 128.624999999999744, 35.074999999999882 ], [ 128.624999999999744, 35.024999999999885 ], [ 128.674999999999756, 35.024999999999885 ] ] ] } },
{ "type": "Feature", "properties": { "variability_nT": 306.9, "tier": "optimal", "score": 10.0 }, "geometry": { "type": "Polygon", "coordinates": [ [ [ 128.724999999999767, 35.024999999999885 ], [ 128.724999999999767, 35.074999999999882 ], [ 128.674999999999756, 35.074999999999882 ], [ 128.674999999999756, 35.024999999999885 ], [ 128.724999999999767, 35.024999999999885 ] ] ] } },
{ "type": "Feature", "properties": { "variability_nT": 250.8, "tier": "optimal", "score": 10.0 }, "geometry": { "type": "Polygon", "coordinates": [ [ [ 128.774999999999778, 35.024999999999885 ], [ 128.774999999999778, 35.074999999999882 ], [ 128.724999999999767, 35.074999999999882 ], [ 128.724999999999767, 35.024999999999885 ], [ 128.774999999999778, 35.024999999999885 ] ] ] } },
{ "type": "Feature", "properties": { "variability_nT": 278.6, "tier": "optimal", "score": 10.0 }, "geometry": { "type": "Polygon", "coordinates": [ [ [ 128.824999999999761, 35.024999999999885 ], [ 128.824999999999761, 35.074999999999882 ], [ 128.77499999999975, 35.074999999999882 ], [ 128.77499999999975, 35.024999999999885 ], [ 128.824999999999761, 35.024999999999885 ] ] ] } },
{ "type": "Feature", "properties": { "variability_nT": 203.1, "tier": "optimal", "score": 10.0 }, "geometry": { "type": "Polygon", "coordinates": [ [ [ 128.874999999999744, 35.024999999999885 ], [ 128.874999999999744, 35.074999999999882 ], [ 128.824999999999733, 35.074999999999882 ], [ 128.824999999999733, 35.024999999999885 ], [ 128.874999999999744, 35.024999999999885 ] ] ] } },
{ "type": "Feature", "properties": { "variability_nT": 307.7, "tier": "optimal", "score": 10.0 }, "geometry": { "type": "Polygon", "coordinates": [ [ [ 128.924999999999756, 35.024999999999885 ], [ 128.924999999999756, 35.074999999999882 ], [ 128.874999999999744, 35.074999999999882 ], [ 128.874999999999744, 35.024999999999885 ], [ 128.924999999999756, 35.024999999999885 ] ] ] } },
{ "type": "Feature", "properties": { "variability_nT": 293.4, "tier": "optimal", "score": 10.0 }, "geometry": { "type": "Polygon", "coordinates": [ [ [ 129.074999999999733, 35.024999999999885 ], [ 129.074999999999733, 35.074999999999882 ], [ 129.024999999999721, 35.074999999999882 ], [ 129.024999999999721, 35.024999999999885 ], [ 129.074999999999733, 35.024999999999885 ] ] ] } },
{ "type": "Feature", "properties": { "variability_nT": 240.2, "tier": "optimal", "score": 10.0 }, "geometry": { "type": "Polygon", "coordinates": [ [ [ 129.124999999999744, 35.024999999999885 ], [ 129.124999999999744, 35.074999999999882 ], [ 129.074999999999733, 35.074999999999882 ], [ 129.074999999999733, 35.024999999999885 ], [ 129.124999999999744, 35.024999999999885 ] ] ] } },
{ "type": "Feature", "properties": { "variability_nT": 236.2, "tier": "optimal", "score": 10.0 }, "geometry": { "type": "Polygon", "coordinates": [ [ [ 129.174999999999756, 35.024999999999885 ], [ 129.174999999999756, 35.074999999999882 ], [ 129.124999999999744, 35.074999999999882 ], [ 129.124999999999744, 35.024999999999885 ], [ 129.174999999999756, 35.024999999999885 ] ] ] } },
{ "type": "Feature", "properties": { "variability_nT": 152.7, "tier": "optimal", "score": 10.0 }, "geometry": { "type": "Polygon", "coordinates": [ [ [ 129.224999999999739, 35.024999999999885 ], [ 129.224999999999739, 35.074999999999882 ], [ 129.174999999999727, 35.074999999999882 ], [ 129.174999999999727, 35.024999999999885 ], [ 129.224999999999739, 35.024999999999885 ] ] ] } },
{ "type": "Feature", "properties": { "variability_nT": 164.5, "tier": "optimal", "score": 10.0 }, "geometry": { "type": "Polygon", "coordinates": [ [ [ 129.324999999999733, 35.024999999999885 ], [ 129.324999999999733, 35.074999999999882 ], [ 129.274999999999721, 35.074999999999882 ], [ 129.274999999999721, 35.024999999999885 ], [ 129.324999999999733, 35.024999999999885 ] ] ] } },
{ "type": "Feature", "properties": { "variability_nT": 176.1, "tier": "optimal", "score": 10.0 }, "geometry": { "type": "Polygon", "coordinates": [ [ [ 125.975, 35.074999999999882 ], [ 125.975, 35.124999999999879 ], [ 125.925, 35.124999999999879 ], [ 125.925, 35.074999999999882 ], [ 125.975, 35.074999999999882 ] ] ] } },
{ "type": "Feature", "properties": { "variability_nT": 156.7, "tier": "optimal", "score": 10.0 }, "geometry": { "type": "Polygon", "coordinates": [ [ [ 126.125, 35.074999999999882 ], [ 126.125, 35.124999999999879 ], [ 126.075, 35.124999999999879 ], [ 126.075, 35.074999999999882 ], [ 126.125, 35.074999999999882 ] ] ] } },
{ "type": "Feature", "properties": { "variability_nT": 169.5, "tier": "optimal", "score": 10.0 }, "geometry": { "type": "Polygon", "coordinates": [ [ [ 126.225, 35.074999999999882 ], [ 126.225, 35.124999999999879 ], [ 126.174999999999898, 35.124999999999879 ], [ 126.174999999999898, 35.074999999999882 ], [ 126.225, 35.074999999999882 ] ] ] } },
{ "type": "Feature", "properties": { "variability_nT": 236.0, "tier": "optimal", "score": 10.0 }, "geometry": { "type": "Polygon", "coordinates": [ [ [ 126.275, 35.074999999999882 ], [ 126.275, 35.124999999999879 ], [ 126.224999999999895, 35.124999999999879 ], [ 126.224999999999895, 35.074999999999882 ], [ 126.275, 35.074999999999882 ] ] ] } },
{ "type": "Feature", "properties": { "variability_nT": 201.4, "tier": "optimal", "score": 10.0 }, "geometry": { "type": "Polygon", "coordinates": [ [ [ 126.325, 35.074999999999882 ], [ 126.325, 35.124999999999879 ], [ 126.274999999999892, 35.124999999999879 ], [ 126.274999999999892, 35.074999999999882 ], [ 126.325, 35.074999999999882 ] ] ] } },
{ "type": "Feature", "properties": { "variability_nT": 187.8, "tier": "optimal", "score": 10.0 }, "geometry": { "type": "Polygon", "coordinates": [ [ [ 126.574999999999889, 35.074999999999882 ], [ 126.574999999999889, 35.124999999999879 ], [ 126.524999999999878, 35.124999999999879 ], [ 126.524999999999878, 35.074999999999882 ], [ 126.574999999999889, 35.074999999999882 ] ] ] } },
{ "type": "Feature", "properties": { "variability_nT": 184.8, "tier": "optimal", "score": 10.0 }, "geometry": { "type": "Polygon", "coordinates": [ [ [ 126.624999999999886, 35.074999999999882 ], [ 126.624999999999886, 35.124999999999879 ], [ 126.574999999999875, 35.124999999999879 ], [ 126.574999999999875, 35.074999999999882 ], [ 126.624999999999886, 35.074999999999882 ] ] ] } },
{ "type": "Feature", "properties": { "variability_nT": 199.2, "tier": "optimal", "score": 10.0 }, "geometry": { "type": "Polygon", "coordinates": [ [ [ 126.674999999999883, 35.074999999999882 ], [ 126.674999999999883, 35.124999999999879 ], [ 126.624999999999872, 35.124999999999879 ], [ 126.624999999999872, 35.074999999999882 ], [ 126.674999999999883, 35.074999999999882 ] ] ] } },
{ "type": "Feature", "properties": { "variability_nT": 181.7, "tier": "optimal", "score": 10.0 }, "geometry": { "type": "Polygon", "coordinates": [ [ [ 126.724999999999881, 35.074999999999882 ], [ 126.724999999999881, 35.124999999999879 ], [ 126.674999999999869, 35.124999999999879 ], [ 126.674999999999869, 35.074999999999882 ], [ 126.724999999999881, 35.074999999999882 ] ] ] } },
{ "type": "Feature", "properties": { "variability_nT": 321.8, "tier": "optimal", "score": 10.0 }, "geometry": { "type": "Polygon", "coordinates": [ [ [ 126.924999999999869, 35.074999999999882 ], [ 126.924999999999869, 35.124999999999879 ], [ 126.874999999999858, 35.124999999999879 ], [ 126.874999999999858, 35.074999999999882 ], [ 126.924999999999869, 35.074999999999882 ] ] ] } },
{ "type": "Feature", "properties": { "variability_nT": 366.0, "tier": "optimal", "score": 10.0 }, "geometry": { "type": "Polygon", "coordinates": [ [ [ 126.974999999999866, 35.074999999999882 ], [ 126.974999999999866, 35.124999999999879 ], [ 126.924999999999855, 35.124999999999879 ], [ 126.924999999999855, 35.074999999999882 ], [ 126.974999999999866, 35.074999999999882 ] ] ] } },
{ "type": "Feature", "properties": { "variability_nT": 354.6, "tier": "optimal", "score": 10.0 }, "geometry": { "type": "Polygon", "coordinates": [ [ [ 127.024999999999864, 35.074999999999882 ], [ 127.024999999999864, 35.124999999999879 ], [ 126.974999999999852, 35.124999999999879 ], [ 126.974999999999852, 35.074999999999882 ], [ 127.024999999999864, 35.074999999999882 ] ] ] } },
{ "type": "Feature", "properties": { "variability_nT": 281.9, "tier": "optimal", "score": 10.0 }, "geometry": { "type": "Polygon", "coordinates": [ [ [ 127.124999999999858, 35.074999999999882 ], [ 127.124999999999858, 35.124999999999879 ], [ 127.074999999999847, 35.124999999999879 ], [ 127.074999999999847, 35.074999999999882 ], [ 127.124999999999858, 35.074999999999882 ] ] ] } },
{ "type": "Feature", "properties": { "variability_nT": 183.0, "tier": "optimal", "score": 10.0 }, "geometry": { "type": "Polygon", "coordinates": [ [ [ 127.174999999999855, 35.074999999999882 ], [ 127.174999999999855, 35.124999999999879 ], [ 127.124999999999844, 35.124999999999879 ], [ 127.124999999999844, 35.074999999999882 ], [ 127.174999999999855, 35.074999999999882 ] ] ] } },
{ "type": "Feature", "properties": { "variability_nT": 178.2, "tier": "optimal", "score": 10.0 }, "geometry": { "type": "Polygon", "coordinates": [ [ [ 127.374999999999844, 35.074999999999882 ], [ 127.374999999999844, 35.124999999999879 ], [ 127.324999999999832, 35.124999999999879 ], [ 127.324999999999832, 35.074999999999882 ], [ 127.374999999999844, 35.074999999999882 ] ] ] } },
{ "type": "Feature", "properties": { "variability_nT": 300.8, "tier": "optimal", "score": 10.0 }, "geometry": { "type": "Polygon", "coordinates": [ [ [ 127.424999999999841, 35.074999999999882 ], [ 127.424999999999841, 35.124999999999879 ], [ 127.374999999999829, 35.124999999999879 ], [ 127.374999999999829, 35.074999999999882 ], [ 127.424999999999841, 35.074999999999882 ] ] ] } },
{ "type": "Feature", "properties": { "variability_nT": 211.6, "tier": "optimal", "score": 10.0 }, "geometry": { "type": "Polygon", "coordinates": [ [ [ 127.474999999999838, 35.074999999999882 ], [ 127.474999999999838, 35.124999999999879 ], [ 127.424999999999827, 35.124999999999879 ], [ 127.424999999999827, 35.074999999999882 ], [ 127.474999999999838, 35.074999999999882 ] ] ] } },
{ "type": "Feature", "properties": { "variability_nT": 196.9, "tier": "optimal", "score": 10.0 }, "geometry": { "type": "Polygon", "coordinates": [ [ [ 127.524999999999835, 35.074999999999882 ], [ 127.524999999999835, 35.124999999999879 ], [ 127.474999999999824, 35.124999999999879 ], [ 127.474999999999824, 35.074999999999882 ], [ 127.524999999999835, 35.074999999999882 ] ] ] } },
{ "type": "Feature", "properties": { "variability_nT": 170.1, "tier": "optimal", "score": 10.0 }, "geometry": { "type": "Polygon", "coordinates": [ [ [ 127.574999999999832, 35.074999999999882 ], [ 127.574999999999832, 35.124999999999879 ], [ 127.524999999999821, 35.124999999999879 ], [ 127.524999999999821, 35.074999999999882 ], [ 127.574999999999832, 35.074999999999882 ] ] ] } },
{ "type": "Feature", "properties": { "variability_nT": 250.6, "tier": "optimal", "score": 10.0 }, "geometry": { "type": "Polygon", "coordinates": [ [ [ 127.97499999999981, 35.074999999999882 ], [ 127.97499999999981, 35.124999999999879 ], [ 127.924999999999798, 35.124999999999879 ], [ 127.924999999999798, 35.074999999999882 ], [ 127.97499999999981, 35.074999999999882 ] ] ] } },
{ "type": "Feature", "properties": { "variability_nT": 154.3, "tier": "optimal", "score": 10.0 }, "geometry": { "type": "Polygon", "coordinates": [ [ [ 128.024999999999807, 35.074999999999882 ], [ 128.024999999999807, 35.124999999999879 ], [ 127.974999999999795, 35.124999999999879 ], [ 127.974999999999795, 35.074999999999882 ], [ 128.024999999999807, 35.074999999999882 ] ] ] } },
{ "type": "Feature", "properties": { "variability_nT": 185.5, "tier": "optimal", "score": 10.0 }, "geometry": { "type": "Polygon", "coordinates": [ [ [ 128.124999999999801, 35.074999999999882 ], [ 128.124999999999801, 35.124999999999879 ], [ 128.07499999999979, 35.124999999999879 ], [ 128.07499999999979, 35.074999999999882 ], [ 128.124999999999801, 35.074999999999882 ] ] ] } },
{ "type": "Feature", "properties": { "variability_nT": 196.8, "tier": "optimal", "score": 10.0 }, "geometry": { "type": "Polygon", "coordinates": [ [ [ 128.174999999999812, 35.074999999999882 ], [ 128.174999999999812, 35.124999999999879 ], [ 128.124999999999801, 35.124999999999879 ], [ 128.124999999999801, 35.074999999999882 ], [ 128.174999999999812, 35.074999999999882 ] ] ] } },
{ "type": "Feature", "properties": { "variability_nT": 237.5, "tier": "optimal", "score": 10.0 }, "geometry": { "type": "Polygon", "coordinates": [ [ [ 128.224999999999795, 35.074999999999882 ], [ 128.224999999999795, 35.124999999999879 ], [ 128.174999999999784, 35.124999999999879 ], [ 128.174999999999784, 35.074999999999882 ], [ 128.224999999999795, 35.074999999999882 ] ] ] } },
{ "type": "Feature", "properties": { "variability_nT": 279.9, "tier": "optimal", "score": 10.0 }, "geometry": { "type": "Polygon", "coordinates": [ [ [ 128.274999999999778, 35.074999999999882 ], [ 128.274999999999778, 35.124999999999879 ], [ 128.224999999999767, 35.124999999999879 ], [ 128.224999999999767, 35.074999999999882 ], [ 128.274999999999778, 35.074999999999882 ] ] ] } },
{ "type": "Feature", "properties": { "variability_nT": 382.5, "tier": "optimal", "score": 10.0 }, "geometry": { "type": "Polygon", "coordinates": [ [ [ 128.32499999999979, 35.074999999999882 ], [ 128.32499999999979, 35.124999999999879 ], [ 128.274999999999778, 35.124999999999879 ], [ 128.274999999999778, 35.074999999999882 ], [ 128.32499999999979, 35.074999999999882 ] ] ] } },
{ "type": "Feature", "properties": { "variability_nT": 325.8, "tier": "optimal", "score": 10.0 }, "geometry": { "type": "Polygon", "coordinates": [ [ [ 128.374999999999801, 35.074999999999882 ], [ 128.374999999999801, 35.124999999999879 ], [ 128.32499999999979, 35.124999999999879 ], [ 128.32499999999979, 35.074999999999882 ], [ 128.374999999999801, 35.074999999999882 ] ] ] } },
{ "type": "Feature", "properties": { "variability_nT": 285.7, "tier": "optimal", "score": 10.0 }, "geometry": { "type": "Polygon", "coordinates": [ [ [ 128.424999999999784, 35.074999999999882 ], [ 128.424999999999784, 35.124999999999879 ], [ 128.374999999999773, 35.124999999999879 ], [ 128.374999999999773, 35.074999999999882 ], [ 128.424999999999784, 35.074999999999882 ] ] ] } },
{ "type": "Feature", "properties": { "variability_nT": 268.7, "tier": "optimal", "score": 10.0 }, "geometry": { "type": "Polygon", "coordinates": [ [ [ 128.474999999999767, 35.074999999999882 ], [ 128.474999999999767, 35.124999999999879 ], [ 128.424999999999756, 35.124999999999879 ], [ 128.424999999999756, 35.074999999999882 ], [ 128.474999999999767, 35.074999999999882 ] ] ] } },
{ "type": "Feature", "properties": { "variability_nT": 272.1, "tier": "optimal", "score": 10.0 }, "geometry": { "type": "Polygon", "coordinates": [ [ [ 128.524999999999778, 35.074999999999882 ], [ 128.524999999999778, 35.124999999999879 ], [ 128.474999999999767, 35.124999999999879 ], [ 128.474999999999767, 35.074999999999882 ], [ 128.524999999999778, 35.074999999999882 ] ] ] } },
{ "type": "Feature", "properties": { "variability_nT": 351.7, "tier": "optimal", "score": 10.0 }, "geometry": { "type": "Polygon", "coordinates": [ [ [ 128.674999999999756, 35.074999999999882 ], [ 128.674999999999756, 35.124999999999879 ], [ 128.624999999999744, 35.124999999999879 ], [ 128.624999999999744, 35.074999999999882 ], [ 128.674999999999756, 35.074999999999882 ] ] ] } },
{ "type": "Feature", "properties": { "variability_nT": 306.3, "tier": "optimal", "score": 10.0 }, "geometry": { "type": "Polygon", "coordinates": [ [ [ 128.724999999999767, 35.074999999999882 ], [ 128.724999999999767, 35.124999999999879 ], [ 128.674999999999756, 35.124999999999879 ], [ 128.674999999999756, 35.074999999999882 ], [ 128.724999999999767, 35.074999999999882 ] ] ] } },
{ "type": "Feature", "properties": { "variability_nT": 392.8, "tier": "optimal", "score": 10.0 }, "geometry": { "type": "Polygon", "coordinates": [ [ [ 128.774999999999778, 35.074999999999882 ], [ 128.774999999999778, 35.124999999999879 ], [ 128.724999999999767, 35.124999999999879 ], [ 128.724999999999767, 35.074999999999882 ], [ 128.774999999999778, 35.074999999999882 ] ] ] } },
{ "type": "Feature", "properties": { "variability_nT": 324.9, "tier": "optimal", "score": 10.0 }, "geometry": { "type": "Polygon", "coordinates": [ [ [ 128.824999999999761, 35.074999999999882 ], [ 128.824999999999761, 35.124999999999879 ], [ 128.77499999999975, 35.124999999999879 ], [ 128.77499999999975, 35.074999999999882 ], [ 128.824999999999761, 35.074999999999882 ] ] ] } },
{ "type": "Feature", "properties": { "variability_nT": 271.4, "tier": "optimal", "score": 10.0 }, "geometry": { "type": "Polygon", "coordinates": [ [ [ 128.874999999999744, 35.074999999999882 ], [ 128.874999999999744, 35.124999999999879 ], [ 128.824999999999733, 35.124999999999879 ], [ 128.824999999999733, 35.074999999999882 ], [ 128.874999999999744, 35.074999999999882 ] ] ] } },
{ "type": "Feature", "properties": { "variability_nT": 228.8, "tier": "optimal", "score": 10.0 }, "geometry": { "type": "Polygon", "coordinates": [ [ [ 128.924999999999756, 35.074999999999882 ], [ 128.924999999999756, 35.124999999999879 ], [ 128.874999999999744, 35.124999999999879 ], [ 128.874999999999744, 35.074999999999882 ], [ 128.924999999999756, 35.074999999999882 ] ] ] } },
{ "type": "Feature", "properties": { "variability_nT": 266.6, "tier": "optimal", "score": 10.0 }, "geometry": { "type": "Polygon", "coordinates": [ [ [ 128.974999999999767, 35.074999999999882 ], [ 128.974999999999767, 35.124999999999879 ], [ 128.924999999999756, 35.124999999999879 ], [ 128.924999999999756, 35.074999999999882 ], [ 128.974999999999767, 35.074999999999882 ] ] ] } },
{ "type": "Feature", "properties": { "variability_nT": 313.4, "tier": "optimal", "score": 10.0 }, "geometry": { "type": "Polygon", "coordinates": [ [ [ 129.02499999999975, 35.074999999999882 ], [ 129.02499999999975, 35.124999999999879 ], [ 128.974999999999739, 35.124999999999879 ], [ 128.974999999999739, 35.074999999999882 ], [ 129.02499999999975, 35.074999999999882 ] ] ] } },
{ "type": "Feature", "properties": { "variability_nT": 396.6, "tier": "optimal", "score": 10.0 }, "geometry": { "type": "Polygon", "coordinates": [ [ [ 129.124999999999744, 35.074999999999882 ], [ 129.124999999999744, 35.124999999999879 ], [ 129.074999999999733, 35.124999999999879 ], [ 129.074999999999733, 35.074999999999882 ], [ 129.124999999999744, 35.074999999999882 ] ] ] } },
{ "type": "Feature", "properties": { "variability_nT": 253.9, "tier": "optimal", "score": 10.0 }, "geometry": { "type": "Polygon", "coordinates": [ [ [ 129.174999999999756, 35.074999999999882 ], [ 129.174999999999756, 35.124999999999879 ], [ 129.124999999999744, 35.124999999999879 ], [ 129.124999999999744, 35.074999999999882 ], [ 129.174999999999756, 35.074999999999882 ] ] ] } },
{ "type": "Feature", "properties": { "variability_nT": 169.6, "tier": "optimal", "score": 10.0 }, "geometry": { "type": "Polygon", "coordinates": [ [ [ 129.224999999999739, 35.074999999999882 ], [ 129.224999999999739, 35.124999999999879 ], [ 129.174999999999727, 35.124999999999879 ], [ 129.174999999999727, 35.074999999999882 ], [ 129.224999999999739, 35.074999999999882 ] ] ] } },
{ "type": "Feature", "properties": { "variability_nT": 276.0, "tier": "optimal", "score": 10.0 }, "geometry": { "type": "Polygon", "coordinates": [ [ [ 129.374999999999744, 35.074999999999882 ], [ 129.374999999999744, 35.124999999999879 ], [ 129.324999999999733, 35.124999999999879 ], [ 129.324999999999733, 35.074999999999882 ], [ 129.374999999999744, 35.074999999999882 ] ] ] } },
{ "type": "Feature", "properties": { "variability_nT": 150.3, "tier": "optimal", "score": 10.0 }, "geometry": { "type": "Polygon", "coordinates": [ [ [ 125.975, 35.124999999999879 ], [ 125.975, 35.174999999999876 ], [ 125.925, 35.174999999999876 ], [ 125.925, 35.124999999999879 ], [ 125.975, 35.124999999999879 ] ] ] } },
{ "type": "Feature", "properties": { "variability_nT": 184.8, "tier": "optimal", "score": 10.0 }, "geometry": { "type": "Polygon", "coordinates": [ [ [ 126.025, 35.124999999999879 ], [ 126.025, 35.174999999999876 ], [ 125.975, 35.174999999999876 ], [ 125.975, 35.124999999999879 ], [ 126.025, 35.124999999999879 ] ] ] } },
{ "type": "Feature", "properties": { "variability_nT": 242.7, "tier": "optimal", "score": 10.0 }, "geometry": { "type": "Polygon", "coordinates": [ [ [ 126.075, 35.124999999999879 ], [ 126.075, 35.174999999999876 ], [ 126.025, 35.174999999999876 ], [ 126.025, 35.124999999999879 ], [ 126.075, 35.124999999999879 ] ] ] } },
{ "type": "Feature", "properties": { "variability_nT": 242.7, "tier": "optimal", "score": 10.0 }, "geometry": { "type": "Polygon", "coordinates": [ [ [ 126.125, 35.124999999999879 ], [ 126.125, 35.174999999999876 ], [ 126.075, 35.174999999999876 ], [ 126.075, 35.124999999999879 ], [ 126.125, 35.124999999999879 ] ] ] } },
{ "type": "Feature", "properties": { "variability_nT": 229.1, "tier": "optimal", "score": 10.0 }, "geometry": { "type": "Polygon", "coordinates": [ [ [ 126.175, 35.124999999999879 ], [ 126.175, 35.174999999999876 ], [ 126.125, 35.174999999999876 ], [ 126.125, 35.124999999999879 ], [ 126.175, 35.124999999999879 ] ] ] } },
{ "type": "Feature", "properties": { "variability_nT": 153.2, "tier": "optimal", "score": 10.0 }, "geometry": { "type": "Polygon", "coordinates": [ [ [ 126.275, 35.124999999999879 ], [ 126.275, 35.174999999999876 ], [ 126.224999999999895, 35.174999999999876 ], [ 126.224999999999895, 35.124999999999879 ], [ 126.275, 35.124999999999879 ] ] ] } },
{ "type": "Feature", "properties": { "variability_nT": 195.4, "tier": "optimal", "score": 10.0 }, "geometry": { "type": "Polygon", "coordinates": [ [ [ 126.325, 35.124999999999879 ], [ 126.325, 35.174999999999876 ], [ 126.274999999999892, 35.174999999999876 ], [ 126.274999999999892, 35.124999999999879 ], [ 126.325, 35.124999999999879 ] ] ] } },
{ "type": "Feature", "properties": { "variability_nT": 151.2, "tier": "optimal", "score": 10.0 }, "geometry": { "type": "Polygon", "coordinates": [ [ [ 126.524999999999892, 35.124999999999879 ], [ 126.524999999999892, 35.174999999999876 ], [ 126.474999999999881, 35.174999999999876 ], [ 126.474999999999881, 35.124999999999879 ], [ 126.524999999999892, 35.124999999999879 ] ] ] } },
{ "type": "Feature", "properties": { "variability_nT": 192.9, "tier": "optimal", "score": 10.0 }, "geometry": { "type": "Polygon", "coordinates": [ [ [ 126.574999999999889, 35.124999999999879 ], [ 126.574999999999889, 35.174999999999876 ], [ 126.524999999999878, 35.174999999999876 ], [ 126.524999999999878, 35.124999999999879 ], [ 126.574999999999889, 35.124999999999879 ] ] ] } },
{ "type": "Feature", "properties": { "variability_nT": 217.6, "tier": "optimal", "score": 10.0 }, "geometry": { "type": "Polygon", "coordinates": [ [ [ 126.624999999999886, 35.124999999999879 ], [ 126.624999999999886, 35.174999999999876 ], [ 126.574999999999875, 35.174999999999876 ], [ 126.574999999999875, 35.124999999999879 ], [ 126.624999999999886, 35.124999999999879 ] ] ] } },
{ "type": "Feature", "properties": { "variability_nT": 170.0, "tier": "optimal", "score": 10.0 }, "geometry": { "type": "Polygon", "coordinates": [ [ [ 126.674999999999883, 35.124999999999879 ], [ 126.674999999999883, 35.174999999999876 ], [ 126.624999999999872, 35.174999999999876 ], [ 126.624999999999872, 35.124999999999879 ], [ 126.674999999999883, 35.124999999999879 ] ] ] } },
{ "type": "Feature", "properties": { "variability_nT": 261.6, "tier": "optimal", "score": 10.0 }, "geometry": { "type": "Polygon", "coordinates": [ [ [ 126.974999999999866, 35.124999999999879 ], [ 126.974999999999866, 35.174999999999876 ], [ 126.924999999999855, 35.174999999999876 ], [ 126.924999999999855, 35.124999999999879 ], [ 126.974999999999866, 35.124999999999879 ] ] ] } },
{ "type": "Feature", "properties": { "variability_nT": 207.2, "tier": "optimal", "score": 10.0 }, "geometry": { "type": "Polygon", "coordinates": [ [ [ 127.124999999999858, 35.124999999999879 ], [ 127.124999999999858, 35.174999999999876 ], [ 127.074999999999847, 35.174999999999876 ], [ 127.074999999999847, 35.124999999999879 ], [ 127.124999999999858, 35.124999999999879 ] ] ] } },
{ "type": "Feature", "properties": { "variability_nT": 158.7, "tier": "optimal", "score": 10.0 }, "geometry": { "type": "Polygon", "coordinates": [ [ [ 127.524999999999835, 35.124999999999879 ], [ 127.524999999999835, 35.174999999999876 ], [ 127.474999999999824, 35.174999999999876 ], [ 127.474999999999824, 35.124999999999879 ], [ 127.524999999999835, 35.124999999999879 ] ] ] } },
{ "type": "Feature", "properties": { "variability_nT": 297.0, "tier": "optimal", "score": 10.0 }, "geometry": { "type": "Polygon", "coordinates": [ [ [ 127.724999999999824, 35.124999999999879 ], [ 127.724999999999824, 35.174999999999876 ], [ 127.674999999999812, 35.174999999999876 ], [ 127.674999999999812, 35.124999999999879 ], [ 127.724999999999824, 35.124999999999879 ] ] ] } },
{ "type": "Feature", "properties": { "variability_nT": 343.3, "tier": "optimal", "score": 10.0 }, "geometry": { "type": "Polygon", "coordinates": [ [ [ 127.774999999999821, 35.124999999999879 ], [ 127.774999999999821, 35.174999999999876 ], [ 127.72499999999981, 35.174999999999876 ], [ 127.72499999999981, 35.124999999999879 ], [ 127.774999999999821, 35.124999999999879 ] ] ] } },
{ "type": "Feature", "properties": { "variability_nT": 175.2, "tier": "optimal", "score": 10.0 }, "geometry": { "type": "Polygon", "coordinates": [ [ [ 127.97499999999981, 35.124999999999879 ], [ 127.97499999999981, 35.174999999999876 ], [ 127.924999999999798, 35.174999999999876 ], [ 127.924999999999798, 35.124999999999879 ], [ 127.97499999999981, 35.124999999999879 ] ] ] } },
{ "type": "Feature", "properties": { "variability_nT": 276.1, "tier": "optimal", "score": 10.0 }, "geometry": { "type": "Polygon", "coordinates": [ [ [ 128.024999999999807, 35.124999999999879 ], [ 128.024999999999807, 35.174999999999876 ], [ 127.974999999999795, 35.174999999999876 ], [ 127.974999999999795, 35.124999999999879 ], [ 128.024999999999807, 35.124999999999879 ] ] ] } },
{ "type": "Feature", "properties": { "variability_nT": 197.6, "tier": "optimal", "score": 10.0 }, "geometry": { "type": "Polygon", "coordinates": [ [ [ 128.07499999999979, 35.124999999999879 ], [ 128.07499999999979, 35.174999999999876 ], [ 128.024999999999778, 35.174999999999876 ], [ 128.024999999999778, 35.124999999999879 ], [ 128.07499999999979, 35.124999999999879 ] ] ] } },
{ "type": "Feature", "properties": { "variability_nT": 197.1, "tier": "optimal", "score": 10.0 }, "geometry": { "type": "Polygon", "coordinates": [ [ [ 128.224999999999795, 35.124999999999879 ], [ 128.224999999999795, 35.174999999999876 ], [ 128.174999999999784, 35.174999999999876 ], [ 128.174999999999784, 35.124999999999879 ], [ 128.224999999999795, 35.124999999999879 ] ] ] } },
{ "type": "Feature", "properties": { "variability_nT": 296.1, "tier": "optimal", "score": 10.0 }, "geometry": { "type": "Polygon", "coordinates": [ [ [ 128.274999999999778, 35.124999999999879 ], [ 128.274999999999778, 35.174999999999876 ], [ 128.224999999999767, 35.174999999999876 ], [ 128.224999999999767, 35.124999999999879 ], [ 128.274999999999778, 35.124999999999879 ] ] ] } },
{ "type": "Feature", "properties": { "variability_nT": 260.9, "tier": "optimal", "score": 10.0 }, "geometry": { "type": "Polygon", "coordinates": [ [ [ 128.32499999999979, 35.124999999999879 ], [ 128.32499999999979, 35.174999999999876 ], [ 128.274999999999778, 35.174999999999876 ], [ 128.274999999999778, 35.124999999999879 ], [ 128.32499999999979, 35.124999999999879 ] ] ] } },
{ "type": "Feature", "properties": { "variability_nT": 312.9, "tier": "optimal", "score": 10.0 }, "geometry": { "type": "Polygon", "coordinates": [ [ [ 128.374999999999801, 35.124999999999879 ], [ 128.374999999999801, 35.174999999999876 ], [ 128.32499999999979, 35.174999999999876 ], [ 128.32499999999979, 35.124999999999879 ], [ 128.374999999999801, 35.124999999999879 ] ] ] } },
{ "type": "Feature", "properties": { "variability_nT": 327.1, "tier": "optimal", "score": 10.0 }, "geometry": { "type": "Polygon", "coordinates": [ [ [ 128.474999999999767, 35.124999999999879 ], [ 128.474999999999767, 35.174999999999876 ], [ 128.424999999999756, 35.174999999999876 ], [ 128.424999999999756, 35.124999999999879 ], [ 128.474999999999767, 35.124999999999879 ] ] ] } },
{ "type": "Feature", "properties": { "variability_nT": 222.7, "tier": "optimal", "score": 10.0 }, "geometry": { "type": "Polygon", "coordinates": [ [ [ 128.524999999999778, 35.124999999999879 ], [ 128.524999999999778, 35.174999999999876 ], [ 128.474999999999767, 35.174999999999876 ], [ 128.474999999999767, 35.124999999999879 ], [ 128.524999999999778, 35.124999999999879 ] ] ] } },
{ "type": "Feature", "properties": { "variability_nT": 380.1, "tier": "optimal", "score": 10.0 }, "geometry": { "type": "Polygon", "coordinates": [ [ [ 128.724999999999767, 35.124999999999879 ], [ 128.724999999999767, 35.174999999999876 ], [ 128.674999999999756, 35.174999999999876 ], [ 128.674999999999756, 35.124999999999879 ], [ 128.724999999999767, 35.124999999999879 ] ] ] } },
{ "type": "Feature", "properties": { "variability_nT": 277.2, "tier": "optimal", "score": 10.0 }, "geometry": { "type": "Polygon", "coordinates": [ [ [ 128.874999999999744, 35.124999999999879 ], [ 128.874999999999744, 35.174999999999876 ], [ 128.824999999999733, 35.174999999999876 ], [ 128.824999999999733, 35.124999999999879 ], [ 128.874999999999744, 35.124999999999879 ] ] ] } },
{ "type": "Feature", "properties": { "variability_nT": 179.2, "tier": "optimal", "score": 10.0 }, "geometry": { "type": "Polygon", "coordinates": [ [ [ 128.924999999999756, 35.124999999999879 ], [ 128.924999999999756, 35.174999999999876 ], [ 128.874999999999744, 35.174999999999876 ], [ 128.874999999999744, 35.124999999999879 ], [ 128.924999999999756, 35.124999999999879 ] ] ] } },
{ "type": "Feature", "properties": { "variability_nT": 184.6, "tier": "optimal", "score": 10.0 }, "geometry": { "type": "Polygon", "coordinates": [ [ [ 128.974999999999767, 35.124999999999879 ], [ 128.974999999999767, 35.174999999999876 ], [ 128.924999999999756, 35.174999999999876 ], [ 128.924999999999756, 35.124999999999879 ], [ 128.974999999999767, 35.124999999999879 ] ] ] } },
{ "type": "Feature", "properties": { "variability_nT": 301.1, "tier": "optimal", "score": 10.0 }, "geometry": { "type": "Polygon", "coordinates": [ [ [ 129.02499999999975, 35.124999999999879 ], [ 129.02499999999975, 35.174999999999876 ], [ 128.974999999999739, 35.174999999999876 ], [ 128.974999999999739, 35.124999999999879 ], [ 129.02499999999975, 35.124999999999879 ] ] ] } },
{ "type": "Feature", "properties": { "variability_nT": 398.6, "tier": "optimal", "score": 10.0 }, "geometry": { "type": "Polygon", "coordinates": [ [ [ 129.124999999999744, 35.124999999999879 ], [ 129.124999999999744, 35.174999999999876 ], [ 129.074999999999733, 35.174999999999876 ], [ 129.074999999999733, 35.124999999999879 ], [ 129.124999999999744, 35.124999999999879 ] ] ] } },
{ "type": "Feature", "properties": { "variability_nT": 283.4, "tier": "optimal", "score": 10.0 }, "geometry": { "type": "Polygon", "coordinates": [ [ [ 129.174999999999756, 35.124999999999879 ], [ 129.174999999999756, 35.174999999999876 ], [ 129.124999999999744, 35.174999999999876 ], [ 129.124999999999744, 35.124999999999879 ], [ 129.174999999999756, 35.124999999999879 ] ] ] } },
{ "type": "Feature", "properties": { "variability_nT": 349.4, "tier": "optimal", "score": 10.0 }, "geometry": { "type": "Polygon", "coordinates": [ [ [ 129.224999999999739, 35.124999999999879 ], [ 129.224999999999739, 35.174999999999876 ], [ 129.174999999999727, 35.174999999999876 ], [ 129.174999999999727, 35.124999999999879 ], [ 129.224999999999739, 35.124999999999879 ] ] ] } },
{ "type": "Feature", "properties": { "variability_nT": 298.6, "tier": "optimal", "score": 10.0 }, "geometry": { "type": "Polygon", "coordinates": [ [ [ 129.274999999999721, 35.124999999999879 ], [ 129.274999999999721, 35.174999999999876 ], [ 129.22499999999971, 35.174999999999876 ], [ 129.22499999999971, 35.124999999999879 ], [ 129.274999999999721, 35.124999999999879 ] ] ] } },
{ "type": "Feature", "properties": { "variability_nT": 253.2, "tier": "optimal", "score": 10.0 }, "geometry": { "type": "Polygon", "coordinates": [ [ [ 129.324999999999733, 35.124999999999879 ], [ 129.324999999999733, 35.174999999999876 ], [ 129.274999999999721, 35.174999999999876 ], [ 129.274999999999721, 35.124999999999879 ], [ 129.324999999999733, 35.124999999999879 ] ] ] } },
{ "type": "Feature", "properties": { "variability_nT": 389.1, "tier": "optimal", "score": 10.0 }, "geometry": { "type": "Polygon", "coordinates": [ [ [ 129.374999999999744, 35.124999999999879 ], [ 129.374999999999744, 35.174999999999876 ], [ 129.324999999999733, 35.174999999999876 ], [ 129.324999999999733, 35.124999999999879 ], [ 129.374999999999744, 35.124999999999879 ] ] ] } },
{ "type": "Feature", "properties": { "variability_nT": 183.4, "tier": "optimal", "score": 10.0 }, "geometry": { "type": "Polygon", "coordinates": [ [ [ 129.424999999999727, 35.124999999999879 ], [ 129.424999999999727, 35.174999999999876 ], [ 129.374999999999716, 35.174999999999876 ], [ 129.374999999999716, 35.124999999999879 ], [ 129.424999999999727, 35.124999999999879 ] ] ] } },
{ "type": "Feature", "properties": { "variability_nT": 193.0, "tier": "optimal", "score": 10.0 }, "geometry": { "type": "Polygon", "coordinates": [ [ [ 125.925, 35.174999999999876 ], [ 125.925, 35.224999999999874 ], [ 125.875, 35.224999999999874 ], [ 125.875, 35.174999999999876 ], [ 125.925, 35.174999999999876 ] ] ] } },
{ "type": "Feature", "properties": { "variability_nT": 175.6, "tier": "optimal", "score": 10.0 }, "geometry": { "type": "Polygon", "coordinates": [ [ [ 126.125, 35.174999999999876 ], [ 126.125, 35.224999999999874 ], [ 126.075, 35.224999999999874 ], [ 126.075, 35.174999999999876 ], [ 126.125, 35.174999999999876 ] ] ] } },
{ "type": "Feature", "properties": { "variability_nT": 282.9, "tier": "optimal", "score": 10.0 }, "geometry": { "type": "Polygon", "coordinates": [ [ [ 126.175, 35.174999999999876 ], [ 126.175, 35.224999999999874 ], [ 126.125, 35.224999999999874 ], [ 126.125, 35.174999999999876 ], [ 126.175, 35.174999999999876 ] ] ] } },
{ "type": "Feature", "properties": { "variability_nT": 180.4, "tier": "optimal", "score": 10.0 }, "geometry": { "type": "Polygon", "coordinates": [ [ [ 126.225, 35.174999999999876 ], [ 126.225, 35.224999999999874 ], [ 126.174999999999898, 35.224999999999874 ], [ 126.174999999999898, 35.174999999999876 ], [ 126.225, 35.174999999999876 ] ] ] } },
{ "type": "Feature", "properties": { "variability_nT": 152.7, "tier": "optimal", "score": 10.0 }, "geometry": { "type": "Polygon", "coordinates": [ [ [ 127.274999999999849, 35.174999999999876 ], [ 127.274999999999849, 35.224999999999874 ], [ 127.224999999999838, 35.224999999999874 ], [ 127.224999999999838, 35.174999999999876 ], [ 127.274999999999849, 35.174999999999876 ] ] ] } },
{ "type": "Feature", "properties": { "variability_nT": 328.4, "tier": "optimal", "score": 10.0 }, "geometry": { "type": "Polygon", "coordinates": [ [ [ 127.724999999999824, 35.174999999999876 ], [ 127.724999999999824, 35.224999999999874 ], [ 127.674999999999812, 35.224999999999874 ], [ 127.674999999999812, 35.174999999999876 ], [ 127.724999999999824, 35.174999999999876 ] ] ] } },
{ "type": "Feature", "properties": { "variability_nT": 362.8, "tier": "optimal", "score": 10.0 }, "geometry": { "type": "Polygon", "coordinates": [ [ [ 127.774999999999821, 35.174999999999876 ], [ 127.774999999999821, 35.224999999999874 ], [ 127.72499999999981, 35.224999999999874 ], [ 127.72499999999981, 35.174999999999876 ], [ 127.774999999999821, 35.174999999999876 ] ] ] } },
{ "type": "Feature", "properties": { "variability_nT": 184.8, "tier": "optimal", "score": 10.0 }, "geometry": { "type": "Polygon", "coordinates": [ [ [ 128.07499999999979, 35.174999999999876 ], [ 128.07499999999979, 35.224999999999874 ], [ 128.024999999999778, 35.224999999999874 ], [ 128.024999999999778, 35.174999999999876 ], [ 128.07499999999979, 35.174999999999876 ] ] ] } },
{ "type": "Feature", "properties": { "variability_nT": 175.8, "tier": "optimal", "score": 10.0 }, "geometry": { "type": "Polygon", "coordinates": [ [ [ 128.274999999999778, 35.174999999999876 ], [ 128.274999999999778, 35.224999999999874 ], [ 128.224999999999767, 35.224999999999874 ], [ 128.224999999999767, 35.174999999999876 ], [ 128.274999999999778, 35.174999999999876 ] ] ] } },
{ "type": "Feature", "properties": { "variability_nT": 252.1, "tier": "optimal", "score": 10.0 }, "geometry": { "type": "Polygon", "coordinates": [ [ [ 128.32499999999979, 35.174999999999876 ], [ 128.32499999999979, 35.224999999999874 ], [ 128.274999999999778, 35.224999999999874 ], [ 128.274999999999778, 35.174999999999876 ], [ 128.32499999999979, 35.174999999999876 ] ] ] } },
{ "type": "Feature", "properties": { "variability_nT": 318.3, "tier": "optimal", "score": 10.0 }, "geometry": { "type": "Polygon", "coordinates": [ [ [ 128.374999999999801, 35.174999999999876 ], [ 128.374999999999801, 35.224999999999874 ], [ 128.32499999999979, 35.224999999999874 ], [ 128.32499999999979, 35.174999999999876 ], [ 128.374999999999801, 35.174999999999876 ] ] ] } },
{ "type": "Feature", "properties": { "variability_nT": 359.7, "tier": "optimal", "score": 10.0 }, "geometry": { "type": "Polygon", "coordinates": [ [ [ 128.524999999999778, 35.174999999999876 ], [ 128.524999999999778, 35.224999999999874 ], [ 128.474999999999767, 35.224999999999874 ], [ 128.474999999999767, 35.174999999999876 ], [ 128.524999999999778, 35.174999999999876 ] ] ] } },
{ "type": "Feature", "properties": { "variability_nT": 258.6, "tier": "optimal", "score": 10.0 }, "geometry": { "type": "Polygon", "coordinates": [ [ [ 128.57499999999979, 35.174999999999876 ], [ 128.57499999999979, 35.224999999999874 ], [ 128.524999999999778, 35.224999999999874 ], [ 128.524999999999778, 35.174999999999876 ], [ 128.57499999999979, 35.174999999999876 ] ] ] } },
{ "type": "Feature", "properties": { "variability_nT": 306.3, "tier": "optimal", "score": 10.0 }, "geometry": { "type": "Polygon", "coordinates": [ [ [ 128.624999999999773, 35.174999999999876 ], [ 128.624999999999773, 35.224999999999874 ], [ 128.574999999999761, 35.224999999999874 ], [ 128.574999999999761, 35.174999999999876 ], [ 128.624999999999773, 35.174999999999876 ] ] ] } },
{ "type": "Feature", "properties": { "variability_nT": 366.2, "tier": "optimal", "score": 10.0 }, "geometry": { "type": "Polygon", "coordinates": [ [ [ 128.674999999999756, 35.174999999999876 ], [ 128.674999999999756, 35.224999999999874 ], [ 128.624999999999744, 35.224999999999874 ], [ 128.624999999999744, 35.174999999999876 ], [ 128.674999999999756, 35.174999999999876 ] ] ] } },
{ "type": "Feature", "properties": { "variability_nT": 236.1, "tier": "optimal", "score": 10.0 }, "geometry": { "type": "Polygon", "coordinates": [ [ [ 128.874999999999744, 35.174999999999876 ], [ 128.874999999999744, 35.224999999999874 ], [ 128.824999999999733, 35.224999999999874 ], [ 128.824999999999733, 35.174999999999876 ], [ 128.874999999999744, 35.174999999999876 ] ] ] } },
{ "type": "Feature", "properties": { "variability_nT": 190.4, "tier": "optimal", "score": 10.0 }, "geometry": { "type": "Polygon", "coordinates": [ [ [ 128.924999999999756, 35.174999999999876 ], [ 128.924999999999756, 35.224999999999874 ], [ 128.874999999999744, 35.224999999999874 ], [ 128.874999999999744, 35.174999999999876 ], [ 128.924999999999756, 35.174999999999876 ] ] ] } },
{ "type": "Feature", "properties": { "variability_nT": 266.5, "tier": "optimal", "score": 10.0 }, "geometry": { "type": "Polygon", "coordinates": [ [ [ 128.974999999999767, 35.174999999999876 ], [ 128.974999999999767, 35.224999999999874 ], [ 128.924999999999756, 35.224999999999874 ], [ 128.924999999999756, 35.174999999999876 ], [ 128.974999999999767, 35.174999999999876 ] ] ] } },
{ "type": "Feature", "properties": { "variability_nT": 388.1, "tier": "optimal", "score": 10.0 }, "geometry": { "type": "Polygon", "coordinates": [ [ [ 129.02499999999975, 35.174999999999876 ], [ 129.02499999999975, 35.224999999999874 ], [ 128.974999999999739, 35.224999999999874 ], [ 128.974999999999739, 35.174999999999876 ], [ 129.02499999999975, 35.174999999999876 ] ] ] } },
{ "type": "Feature", "properties": { "variability_nT": 221.1, "tier": "optimal", "score": 10.0 }, "geometry": { "type": "Polygon", "coordinates": [ [ [ 129.124999999999744, 35.174999999999876 ], [ 129.124999999999744, 35.224999999999874 ], [ 129.074999999999733, 35.224999999999874 ], [ 129.074999999999733, 35.174999999999876 ], [ 129.124999999999744, 35.174999999999876 ] ] ] } },
{ "type": "Feature", "properties": { "variability_nT": 302.1, "tier": "optimal", "score": 10.0 }, "geometry": { "type": "Polygon", "coordinates": [ [ [ 129.174999999999756, 35.174999999999876 ], [ 129.174999999999756, 35.224999999999874 ], [ 129.124999999999744, 35.224999999999874 ], [ 129.124999999999744, 35.174999999999876 ], [ 129.174999999999756, 35.174999999999876 ] ] ] } },
{ "type": "Feature", "properties": { "variability_nT": 340.5, "tier": "optimal", "score": 10.0 }, "geometry": { "type": "Polygon", "coordinates": [ [ [ 129.274999999999721, 35.174999999999876 ], [ 129.274999999999721, 35.224999999999874 ], [ 129.22499999999971, 35.224999999999874 ], [ 129.22499999999971, 35.174999999999876 ], [ 129.274999999999721, 35.174999999999876 ] ] ] } },
{ "type": "Feature", "properties": { "variability_nT": 261.2, "tier": "optimal", "score": 10.0 }, "geometry": { "type": "Polygon", "coordinates": [ [ [ 129.324999999999733, 35.174999999999876 ], [ 129.324999999999733, 35.224999999999874 ], [ 129.274999999999721, 35.224999999999874 ], [ 129.274999999999721, 35.174999999999876 ], [ 129.324999999999733, 35.174999999999876 ] ] ] } },
{ "type": "Feature", "properties": { "variability_nT": 224.3, "tier": "optimal", "score": 10.0 }, "geometry": { "type": "Polygon", "coordinates": [ [ [ 125.925, 35.224999999999874 ], [ 125.925, 35.274999999999871 ], [ 125.875, 35.274999999999871 ], [ 125.875, 35.224999999999874 ], [ 125.925, 35.224999999999874 ] ] ] } },
{ "type": "Feature", "properties": { "variability_nT": 241.2, "tier": "optimal", "score": 10.0 }, "geometry": { "type": "Polygon", "coordinates": [ [ [ 125.975, 35.224999999999874 ], [ 125.975, 35.274999999999871 ], [ 125.925, 35.274999999999871 ], [ 125.925, 35.224999999999874 ], [ 125.975, 35.224999999999874 ] ] ] } },
{ "type": "Feature", "properties": { "variability_nT": 154.0, "tier": "optimal", "score": 10.0 }, "geometry": { "type": "Polygon", "coordinates": [ [ [ 126.075, 35.224999999999874 ], [ 126.075, 35.274999999999871 ], [ 126.025, 35.274999999999871 ], [ 126.025, 35.224999999999874 ], [ 126.075, 35.224999999999874 ] ] ] } },
{ "type": "Feature", "properties": { "variability_nT": 255.0, "tier": "optimal", "score": 10.0 }, "geometry": { "type": "Polygon", "coordinates": [ [ [ 126.125, 35.224999999999874 ], [ 126.125, 35.274999999999871 ], [ 126.075, 35.274999999999871 ], [ 126.075, 35.224999999999874 ], [ 126.125, 35.224999999999874 ] ] ] } },
{ "type": "Feature", "properties": { "variability_nT": 232.4, "tier": "optimal", "score": 10.0 }, "geometry": { "type": "Polygon", "coordinates": [ [ [ 126.175, 35.224999999999874 ], [ 126.175, 35.274999999999871 ], [ 126.125, 35.274999999999871 ], [ 126.125, 35.224999999999874 ], [ 126.175, 35.224999999999874 ] ] ] } },
{ "type": "Feature", "properties": { "variability_nT": 281.0, "tier": "optimal", "score": 10.0 }, "geometry": { "type": "Polygon", "coordinates": [ [ [ 126.225, 35.224999999999874 ], [ 126.225, 35.274999999999871 ], [ 126.174999999999898, 35.274999999999871 ], [ 126.174999999999898, 35.224999999999874 ], [ 126.225, 35.224999999999874 ] ] ] } },
{ "type": "Feature", "properties": { "variability_nT": 243.7, "tier": "optimal", "score": 10.0 }, "geometry": { "type": "Polygon", "coordinates": [ [ [ 126.275, 35.224999999999874 ], [ 126.275, 35.274999999999871 ], [ 126.224999999999895, 35.274999999999871 ], [ 126.224999999999895, 35.224999999999874 ], [ 126.275, 35.224999999999874 ] ] ] } },
{ "type": "Feature", "properties": { "variability_nT": 166.9, "tier": "optimal", "score": 10.0 }, "geometry": { "type": "Polygon", "coordinates": [ [ [ 126.325, 35.224999999999874 ], [ 126.325, 35.274999999999871 ], [ 126.274999999999892, 35.274999999999871 ], [ 126.274999999999892, 35.224999999999874 ], [ 126.325, 35.224999999999874 ] ] ] } },
{ "type": "Feature", "properties": { "variability_nT": 162.9, "tier": "optimal", "score": 10.0 }, "geometry": { "type": "Polygon", "coordinates": [ [ [ 126.424999999999898, 35.224999999999874 ], [ 126.424999999999898, 35.274999999999871 ], [ 126.374999999999886, 35.274999999999871 ], [ 126.374999999999886, 35.224999999999874 ], [ 126.424999999999898, 35.224999999999874 ] ] ] } },
{ "type": "Feature", "properties": { "variability_nT": 160.2, "tier": "optimal", "score": 10.0 }, "geometry": { "type": "Polygon", "coordinates": [ [ [ 126.474999999999895, 35.224999999999874 ], [ 126.474999999999895, 35.274999999999871 ], [ 126.424999999999883, 35.274999999999871 ], [ 126.424999999999883, 35.224999999999874 ], [ 126.474999999999895, 35.224999999999874 ] ] ] } },
{ "type": "Feature", "properties": { "variability_nT": 157.9, "tier": "optimal", "score": 10.0 }, "geometry": { "type": "Polygon", "coordinates": [ [ [ 126.624999999999886, 35.224999999999874 ], [ 126.624999999999886, 35.274999999999871 ], [ 126.574999999999875, 35.274999999999871 ], [ 126.574999999999875, 35.224999999999874 ], [ 126.624999999999886, 35.224999999999874 ] ] ] } },
{ "type": "Feature", "properties": { "variability_nT": 178.1, "tier": "optimal", "score": 10.0 }, "geometry": { "type": "Polygon", "coordinates": [ [ [ 126.824999999999875, 35.224999999999874 ], [ 126.824999999999875, 35.274999999999871 ], [ 126.774999999999864, 35.274999999999871 ], [ 126.774999999999864, 35.224999999999874 ], [ 126.824999999999875, 35.224999999999874 ] ] ] } },
{ "type": "Feature", "properties": { "variability_nT": 301.6, "tier": "optimal", "score": 10.0 }, "geometry": { "type": "Polygon", "coordinates": [ [ [ 126.874999999999872, 35.224999999999874 ], [ 126.874999999999872, 35.274999999999871 ], [ 126.824999999999861, 35.274999999999871 ], [ 126.824999999999861, 35.224999999999874 ], [ 126.874999999999872, 35.224999999999874 ] ] ] } },
{ "type": "Feature", "properties": { "variability_nT": 357.1, "tier": "optimal", "score": 10.0 }, "geometry": { "type": "Polygon", "coordinates": [ [ [ 126.924999999999869, 35.224999999999874 ], [ 126.924999999999869, 35.274999999999871 ], [ 126.874999999999858, 35.274999999999871 ], [ 126.874999999999858, 35.224999999999874 ], [ 126.924999999999869, 35.224999999999874 ] ] ] } },
{ "type": "Feature", "properties": { "variability_nT": 172.0, "tier": "optimal", "score": 10.0 }, "geometry": { "type": "Polygon", "coordinates": [ [ [ 127.024999999999864, 35.224999999999874 ], [ 127.024999999999864, 35.274999999999871 ], [ 126.974999999999852, 35.274999999999871 ], [ 126.974999999999852, 35.224999999999874 ], [ 127.024999999999864, 35.224999999999874 ] ] ] } },
{ "type": "Feature", "properties": { "variability_nT": 213.6, "tier": "optimal", "score": 10.0 }, "geometry": { "type": "Polygon", "coordinates": [ [ [ 127.074999999999861, 35.224999999999874 ], [ 127.074999999999861, 35.274999999999871 ], [ 127.024999999999849, 35.274999999999871 ], [ 127.024999999999849, 35.224999999999874 ], [ 127.074999999999861, 35.224999999999874 ] ] ] } },
{ "type": "Feature", "properties": { "variability_nT": 175.1, "tier": "optimal", "score": 10.0 }, "geometry": { "type": "Polygon", "coordinates": [ [ [ 127.124999999999858, 35.224999999999874 ], [ 127.124999999999858, 35.274999999999871 ], [ 127.074999999999847, 35.274999999999871 ], [ 127.074999999999847, 35.224999999999874 ], [ 127.124999999999858, 35.224999999999874 ] ] ] } },
{ "type": "Feature", "properties": { "variability_nT": 156.8, "tier": "optimal", "score": 10.0 }, "geometry": { "type": "Polygon", "coordinates": [ [ [ 128.024999999999807, 35.224999999999874 ], [ 128.024999999999807, 35.274999999999871 ], [ 127.974999999999795, 35.274999999999871 ], [ 127.974999999999795, 35.224999999999874 ], [ 128.024999999999807, 35.224999999999874 ] ] ] } },
{ "type": "Feature", "properties": { "variability_nT": 217.0, "tier": "optimal", "score": 10.0 }, "geometry": { "type": "Polygon", "coordinates": [ [ [ 128.07499999999979, 35.224999999999874 ], [ 128.07499999999979, 35.274999999999871 ], [ 128.024999999999778, 35.274999999999871 ], [ 128.024999999999778, 35.224999999999874 ], [ 128.07499999999979, 35.224999999999874 ] ] ] } },
{ "type": "Feature", "properties": { "variability_nT": 217.8, "tier": "optimal", "score": 10.0 }, "geometry": { "type": "Polygon", "coordinates": [ [ [ 128.32499999999979, 35.224999999999874 ], [ 128.32499999999979, 35.274999999999871 ], [ 128.274999999999778, 35.274999999999871 ], [ 128.274999999999778, 35.224999999999874 ], [ 128.32499999999979, 35.224999999999874 ] ] ] } },
{ "type": "Feature", "properties": { "variability_nT": 361.9, "tier": "optimal", "score": 10.0 }, "geometry": { "type": "Polygon", "coordinates": [ [ [ 128.374999999999801, 35.224999999999874 ], [ 128.374999999999801, 35.274999999999871 ], [ 128.32499999999979, 35.274999999999871 ], [ 128.32499999999979, 35.224999999999874 ], [ 128.374999999999801, 35.224999999999874 ] ] ] } },
{ "type": "Feature", "properties": { "variability_nT": 303.2, "tier": "optimal", "score": 10.0 }, "geometry": { "type": "Polygon", "coordinates": [ [ [ 128.524999999999778, 35.224999999999874 ], [ 128.524999999999778, 35.274999999999871 ], [ 128.474999999999767, 35.274999999999871 ], [ 128.474999999999767, 35.224999999999874 ], [ 128.524999999999778, 35.224999999999874 ] ] ] } },
{ "type": "Feature", "properties": { "variability_nT": 324.5, "tier": "optimal", "score": 10.0 }, "geometry": { "type": "Polygon", "coordinates": [ [ [ 128.57499999999979, 35.224999999999874 ], [ 128.57499999999979, 35.274999999999871 ], [ 128.524999999999778, 35.274999999999871 ], [ 128.524999999999778, 35.224999999999874 ], [ 128.57499999999979, 35.224999999999874 ] ] ] } },
{ "type": "Feature", "properties": { "variability_nT": 223.5, "tier": "optimal", "score": 10.0 }, "geometry": { "type": "Polygon", "coordinates": [ [ [ 128.624999999999773, 35.224999999999874 ], [ 128.624999999999773, 35.274999999999871 ], [ 128.574999999999761, 35.274999999999871 ], [ 128.574999999999761, 35.224999999999874 ], [ 128.624999999999773, 35.224999999999874 ] ] ] } },
{ "type": "Feature", "properties": { "variability_nT": 178.1, "tier": "optimal", "score": 10.0 }, "geometry": { "type": "Polygon", "coordinates": [ [ [ 128.674999999999756, 35.224999999999874 ], [ 128.674999999999756, 35.274999999999871 ], [ 128.624999999999744, 35.274999999999871 ], [ 128.624999999999744, 35.224999999999874 ], [ 128.674999999999756, 35.224999999999874 ] ] ] } },
{ "type": "Feature", "properties": { "variability_nT": 377.6, "tier": "optimal", "score": 10.0 }, "geometry": { "type": "Polygon", "coordinates": [ [ [ 128.724999999999767, 35.224999999999874 ], [ 128.724999999999767, 35.274999999999871 ], [ 128.674999999999756, 35.274999999999871 ], [ 128.674999999999756, 35.224999999999874 ], [ 128.724999999999767, 35.224999999999874 ] ] ] } },
{ "type": "Feature", "properties": { "variability_nT": 272.2, "tier": "optimal", "score": 10.0 }, "geometry": { "type": "Polygon", "coordinates": [ [ [ 128.824999999999761, 35.224999999999874 ], [ 128.824999999999761, 35.274999999999871 ], [ 128.77499999999975, 35.274999999999871 ], [ 128.77499999999975, 35.224999999999874 ], [ 128.824999999999761, 35.224999999999874 ] ] ] } },
{ "type": "Feature", "properties": { "variability_nT": 260.0, "tier": "optimal", "score": 10.0 }, "geometry": { "type": "Polygon", "coordinates": [ [ [ 128.974999999999767, 35.224999999999874 ], [ 128.974999999999767, 35.274999999999871 ], [ 128.924999999999756, 35.274999999999871 ], [ 128.924999999999756, 35.224999999999874 ], [ 128.974999999999767, 35.224999999999874 ] ] ] } },
{ "type": "Feature", "properties": { "variability_nT": 298.5, "tier": "optimal", "score": 10.0 }, "geometry": { "type": "Polygon", "coordinates": [ [ [ 129.02499999999975, 35.224999999999874 ], [ 129.02499999999975, 35.274999999999871 ], [ 128.974999999999739, 35.274999999999871 ], [ 128.974999999999739, 35.224999999999874 ], [ 129.02499999999975, 35.224999999999874 ] ] ] } },
{ "type": "Feature", "properties": { "variability_nT": 263.1, "tier": "optimal", "score": 10.0 }, "geometry": { "type": "Polygon", "coordinates": [ [ [ 129.074999999999733, 35.224999999999874 ], [ 129.074999999999733, 35.274999999999871 ], [ 129.024999999999721, 35.274999999999871 ], [ 129.024999999999721, 35.224999999999874 ], [ 129.074999999999733, 35.224999999999874 ] ] ] } },
{ "type": "Feature", "properties": { "variability_nT": 224.2, "tier": "optimal", "score": 10.0 }, "geometry": { "type": "Polygon", "coordinates": [ [ [ 129.124999999999744, 35.224999999999874 ], [ 129.124999999999744, 35.274999999999871 ], [ 129.074999999999733, 35.274999999999871 ], [ 129.074999999999733, 35.224999999999874 ], [ 129.124999999999744, 35.224999999999874 ] ] ] } },
{ "type": "Feature", "properties": { "variability_nT": 278.6, "tier": "optimal", "score": 10.0 }, "geometry": { "type": "Polygon", "coordinates": [ [ [ 129.174999999999756, 35.224999999999874 ], [ 129.174999999999756, 35.274999999999871 ], [ 129.124999999999744, 35.274999999999871 ], [ 129.124999999999744, 35.224999999999874 ], [ 129.174999999999756, 35.224999999999874 ] ] ] } },
{ "type": "Feature", "properties": { "variability_nT": 351.2, "tier": "optimal", "score": 10.0 }, "geometry": { "type": "Polygon", "coordinates": [ [ [ 129.224999999999739, 35.224999999999874 ], [ 129.224999999999739, 35.274999999999871 ], [ 129.174999999999727, 35.274999999999871 ], [ 129.174999999999727, 35.224999999999874 ], [ 129.224999999999739, 35.224999999999874 ] ] ] } },
{ "type": "Feature", "properties": { "variability_nT": 290.4, "tier": "optimal", "score": 10.0 }, "geometry": { "type": "Polygon", "coordinates": [ [ [ 129.274999999999721, 35.224999999999874 ], [ 129.274999999999721, 35.274999999999871 ], [ 129.22499999999971, 35.274999999999871 ], [ 129.22499999999971, 35.224999999999874 ], [ 129.274999999999721, 35.224999999999874 ] ] ] } },
{ "type": "Feature", "properties": { "variability_nT": 212.8, "tier": "optimal", "score": 10.0 }, "geometry": { "type": "Polygon", "coordinates": [ [ [ 129.324999999999733, 35.224999999999874 ], [ 129.324999999999733, 35.274999999999871 ], [ 129.274999999999721, 35.274999999999871 ], [ 129.274999999999721, 35.224999999999874 ], [ 129.324999999999733, 35.224999999999874 ] ] ] } },
{ "type": "Feature", "properties": { "variability_nT": 173.7, "tier": "optimal", "score": 10.0 }, "geometry": { "type": "Polygon", "coordinates": [ [ [ 129.374999999999744, 35.224999999999874 ], [ 129.374999999999744, 35.274999999999871 ], [ 129.324999999999733, 35.274999999999871 ], [ 129.324999999999733, 35.224999999999874 ], [ 129.374999999999744, 35.224999999999874 ] ] ] } },
{ "type": "Feature", "properties": { "variability_nT": 159.3, "tier": "optimal", "score": 10.0 }, "geometry": { "type": "Polygon", "coordinates": [ [ [ 125.975, 35.274999999999871 ], [ 125.975, 35.324999999999868 ], [ 125.925, 35.324999999999868 ], [ 125.925, 35.274999999999871 ], [ 125.975, 35.274999999999871 ] ] ] } },
{ "type": "Feature", "properties": { "variability_nT": 168.4, "tier": "optimal", "score": 10.0 }, "geometry": { "type": "Polygon", "coordinates": [ [ [ 126.025, 35.274999999999871 ], [ 126.025, 35.324999999999868 ], [ 125.975, 35.324999999999868 ], [ 125.975, 35.274999999999871 ], [ 126.025, 35.274999999999871 ] ] ] } },
{ "type": "Feature", "properties": { "variability_nT": 185.4, "tier": "optimal", "score": 10.0 }, "geometry": { "type": "Polygon", "coordinates": [ [ [ 126.175, 35.274999999999871 ], [ 126.175, 35.324999999999868 ], [ 126.125, 35.324999999999868 ], [ 126.125, 35.274999999999871 ], [ 126.175, 35.274999999999871 ] ] ] } },
{ "type": "Feature", "properties": { "variability_nT": 259.1, "tier": "optimal", "score": 10.0 }, "geometry": { "type": "Polygon", "coordinates": [ [ [ 126.225, 35.274999999999871 ], [ 126.225, 35.324999999999868 ], [ 126.174999999999898, 35.324999999999868 ], [ 126.174999999999898, 35.274999999999871 ], [ 126.225, 35.274999999999871 ] ] ] } },
{ "type": "Feature", "properties": { "variability_nT": 241.8, "tier": "optimal", "score": 10.0 }, "geometry": { "type": "Polygon", "coordinates": [ [ [ 126.424999999999898, 35.274999999999871 ], [ 126.424999999999898, 35.324999999999868 ], [ 126.374999999999886, 35.324999999999868 ], [ 126.374999999999886, 35.274999999999871 ], [ 126.424999999999898, 35.274999999999871 ] ] ] } },
{ "type": "Feature", "properties": { "variability_nT": 291.9, "tier": "optimal", "score": 10.0 }, "geometry": { "type": "Polygon", "coordinates": [ [ [ 126.474999999999895, 35.274999999999871 ], [ 126.474999999999895, 35.324999999999868 ], [ 126.424999999999883, 35.324999999999868 ], [ 126.424999999999883, 35.274999999999871 ], [ 126.474999999999895, 35.274999999999871 ] ] ] } },
{ "type": "Feature", "properties": { "variability_nT": 171.1, "tier": "optimal", "score": 10.0 }, "geometry": { "type": "Polygon", "coordinates": [ [ [ 126.524999999999892, 35.274999999999871 ], [ 126.524999999999892, 35.324999999999868 ], [ 126.474999999999881, 35.324999999999868 ], [ 126.474999999999881, 35.274999999999871 ], [ 126.524999999999892, 35.274999999999871 ] ] ] } },
{ "type": "Feature", "properties": { "variability_nT": 186.7, "tier": "optimal", "score": 10.0 }, "geometry": { "type": "Polygon", "coordinates": [ [ [ 126.574999999999889, 35.274999999999871 ], [ 126.574999999999889, 35.324999999999868 ], [ 126.524999999999878, 35.324999999999868 ], [ 126.524999999999878, 35.274999999999871 ], [ 126.574999999999889, 35.274999999999871 ] ] ] } },
{ "type": "Feature", "properties": { "variability_nT": 177.8, "tier": "optimal", "score": 10.0 }, "geometry": { "type": "Polygon", "coordinates": [ [ [ 126.774999999999878, 35.274999999999871 ], [ 126.774999999999878, 35.324999999999868 ], [ 126.724999999999866, 35.324999999999868 ], [ 126.724999999999866, 35.274999999999871 ], [ 126.774999999999878, 35.274999999999871 ] ] ] } },
{ "type": "Feature", "properties": { "variability_nT": 336.2, "tier": "optimal", "score": 10.0 }, "geometry": { "type": "Polygon", "coordinates": [ [ [ 126.824999999999875, 35.274999999999871 ], [ 126.824999999999875, 35.324999999999868 ], [ 126.774999999999864, 35.324999999999868 ], [ 126.774999999999864, 35.274999999999871 ], [ 126.824999999999875, 35.274999999999871 ] ] ] } },
{ "type": "Feature", "properties": { "variability_nT": 302.4, "tier": "optimal", "score": 10.0 }, "geometry": { "type": "Polygon", "coordinates": [ [ [ 127.024999999999864, 35.274999999999871 ], [ 127.024999999999864, 35.324999999999868 ], [ 126.974999999999852, 35.324999999999868 ], [ 126.974999999999852, 35.274999999999871 ], [ 127.024999999999864, 35.274999999999871 ] ] ] } },
{ "type": "Feature", "properties": { "variability_nT": 317.6, "tier": "optimal", "score": 10.0 }, "geometry": { "type": "Polygon", "coordinates": [ [ [ 127.074999999999861, 35.274999999999871 ], [ 127.074999999999861, 35.324999999999868 ], [ 127.024999999999849, 35.324999999999868 ], [ 127.024999999999849, 35.274999999999871 ], [ 127.074999999999861, 35.274999999999871 ] ] ] } },
{ "type": "Feature", "properties": { "variability_nT": 163.9, "tier": "optimal", "score": 10.0 }, "geometry": { "type": "Polygon", "coordinates": [ [ [ 127.124999999999858, 35.274999999999871 ], [ 127.124999999999858, 35.324999999999868 ], [ 127.074999999999847, 35.324999999999868 ], [ 127.074999999999847, 35.274999999999871 ], [ 127.124999999999858, 35.274999999999871 ] ] ] } },
{ "type": "Feature", "properties": { "variability_nT": 166.3, "tier": "optimal", "score": 10.0 }, "geometry": { "type": "Polygon", "coordinates": [ [ [ 127.174999999999855, 35.274999999999871 ], [ 127.174999999999855, 35.324999999999868 ], [ 127.124999999999844, 35.324999999999868 ], [ 127.124999999999844, 35.274999999999871 ], [ 127.174999999999855, 35.274999999999871 ] ] ] } },
{ "type": "Feature", "properties": { "variability_nT": 167.0, "tier": "optimal", "score": 10.0 }, "geometry": { "type": "Polygon", "coordinates": [ [ [ 127.674999999999827, 35.274999999999871 ], [ 127.674999999999827, 35.324999999999868 ], [ 127.624999999999815, 35.324999999999868 ], [ 127.624999999999815, 35.274999999999871 ], [ 127.674999999999827, 35.274999999999871 ] ] ] } },
{ "type": "Feature", "properties": { "variability_nT": 246.7, "tier": "optimal", "score": 10.0 }, "geometry": { "type": "Polygon", "coordinates": [ [ [ 128.07499999999979, 35.274999999999871 ], [ 128.07499999999979, 35.324999999999868 ], [ 128.024999999999778, 35.324999999999868 ], [ 128.024999999999778, 35.274999999999871 ], [ 128.07499999999979, 35.274999999999871 ] ] ] } },
{ "type": "Feature", "properties": { "variability_nT": 223.9, "tier": "optimal", "score": 10.0 }, "geometry": { "type": "Polygon", "coordinates": [ [ [ 128.32499999999979, 35.274999999999871 ], [ 128.32499999999979, 35.324999999999868 ], [ 128.274999999999778, 35.324999999999868 ], [ 128.274999999999778, 35.274999999999871 ], [ 128.32499999999979, 35.274999999999871 ] ] ] } },
{ "type": "Feature", "properties": { "variability_nT": 188.2, "tier": "optimal", "score": 10.0 }, "geometry": { "type": "Polygon", "coordinates": [ [ [ 128.374999999999801, 35.274999999999871 ], [ 128.374999999999801, 35.324999999999868 ], [ 128.32499999999979, 35.324999999999868 ], [ 128.32499999999979, 35.274999999999871 ], [ 128.374999999999801, 35.274999999999871 ] ] ] } },
{ "type": "Feature", "properties": { "variability_nT": 243.0, "tier": "optimal", "score": 10.0 }, "geometry": { "type": "Polygon", "coordinates": [ [ [ 128.424999999999784, 35.274999999999871 ], [ 128.424999999999784, 35.324999999999868 ], [ 128.374999999999773, 35.324999999999868 ], [ 128.374999999999773, 35.274999999999871 ], [ 128.424999999999784, 35.274999999999871 ] ] ] } },
{ "type": "Feature", "properties": { "variability_nT": 288.3, "tier": "optimal", "score": 10.0 }, "geometry": { "type": "Polygon", "coordinates": [ [ [ 128.474999999999767, 35.274999999999871 ], [ 128.474999999999767, 35.324999999999868 ], [ 128.424999999999756, 35.324999999999868 ], [ 128.424999999999756, 35.274999999999871 ], [ 128.474999999999767, 35.274999999999871 ] ] ] } },
{ "type": "Feature", "properties": { "variability_nT": 203.4, "tier": "optimal", "score": 10.0 }, "geometry": { "type": "Polygon", "coordinates": [ [ [ 128.524999999999778, 35.274999999999871 ], [ 128.524999999999778, 35.324999999999868 ], [ 128.474999999999767, 35.324999999999868 ], [ 128.474999999999767, 35.274999999999871 ], [ 128.524999999999778, 35.274999999999871 ] ] ] } },
{ "type": "Feature", "properties": { "variability_nT": 197.9, "tier": "optimal", "score": 10.0 }, "geometry": { "type": "Polygon", "coordinates": [ [ [ 128.57499999999979, 35.274999999999871 ], [ 128.57499999999979, 35.324999999999868 ], [ 128.524999999999778, 35.324999999999868 ], [ 128.524999999999778, 35.274999999999871 ], [ 128.57499999999979, 35.274999999999871 ] ] ] } },
{ "type": "Feature", "properties": { "variability_nT": 152.0, "tier": "optimal", "score": 10.0 }, "geometry": { "type": "Polygon", "coordinates": [ [ [ 128.624999999999773, 35.274999999999871 ], [ 128.624999999999773, 35.324999999999868 ], [ 128.574999999999761, 35.324999999999868 ], [ 128.574999999999761, 35.274999999999871 ], [ 128.624999999999773, 35.274999999999871 ] ] ] } },
{ "type": "Feature", "properties": { "variability_nT": 253.5, "tier": "optimal", "score": 10.0 }, "geometry": { "type": "Polygon", "coordinates": [ [ [ 128.724999999999767, 35.274999999999871 ], [ 128.724999999999767, 35.324999999999868 ], [ 128.674999999999756, 35.324999999999868 ], [ 128.674999999999756, 35.274999999999871 ], [ 128.724999999999767, 35.274999999999871 ] ] ] } },
{ "type": "Feature", "properties": { "variability_nT": 325.9, "tier": "optimal", "score": 10.0 }, "geometry": { "type": "Polygon", "coordinates": [ [ [ 128.774999999999778, 35.274999999999871 ], [ 128.774999999999778, 35.324999999999868 ], [ 128.724999999999767, 35.324999999999868 ], [ 128.724999999999767, 35.274999999999871 ], [ 128.774999999999778, 35.274999999999871 ] ] ] } },
{ "type": "Feature", "properties": { "variability_nT": 215.9, "tier": "optimal", "score": 10.0 }, "geometry": { "type": "Polygon", "coordinates": [ [ [ 128.824999999999761, 35.274999999999871 ], [ 128.824999999999761, 35.324999999999868 ], [ 128.77499999999975, 35.324999999999868 ], [ 128.77499999999975, 35.274999999999871 ], [ 128.824999999999761, 35.274999999999871 ] ] ] } },
{ "type": "Feature", "properties": { "variability_nT": 175.6, "tier": "optimal", "score": 10.0 }, "geometry": { "type": "Polygon", "coordinates": [ [ [ 128.874999999999744, 35.274999999999871 ], [ 128.874999999999744, 35.324999999999868 ], [ 128.824999999999733, 35.324999999999868 ], [ 128.824999999999733, 35.274999999999871 ], [ 128.874999999999744, 35.274999999999871 ] ] ] } },
{ "type": "Feature", "properties": { "variability_nT": 157.4, "tier": "optimal", "score": 10.0 }, "geometry": { "type": "Polygon", "coordinates": [ [ [ 128.924999999999756, 35.274999999999871 ], [ 128.924999999999756, 35.324999999999868 ], [ 128.874999999999744, 35.324999999999868 ], [ 128.874999999999744, 35.274999999999871 ], [ 128.924999999999756, 35.274999999999871 ] ] ] } },
{ "type": "Feature", "properties": { "variability_nT": 192.0, "tier": "optimal", "score": 10.0 }, "geometry": { "type": "Polygon", "coordinates": [ [ [ 129.074999999999733, 35.274999999999871 ], [ 129.074999999999733, 35.324999999999868 ], [ 129.024999999999721, 35.324999999999868 ], [ 129.024999999999721, 35.274999999999871 ], [ 129.074999999999733, 35.274999999999871 ] ] ] } },
{ "type": "Feature", "properties": { "variability_nT": 290.0, "tier": "optimal", "score": 10.0 }, "geometry": { "type": "Polygon", "coordinates": [ [ [ 129.124999999999744, 35.274999999999871 ], [ 129.124999999999744, 35.324999999999868 ], [ 129.074999999999733, 35.324999999999868 ], [ 129.074999999999733, 35.274999999999871 ], [ 129.124999999999744, 35.274999999999871 ] ] ] } },
{ "type": "Feature", "properties": { "variability_nT": 252.0, "tier": "optimal", "score": 10.0 }, "geometry": { "type": "Polygon", "coordinates": [ [ [ 129.174999999999756, 35.274999999999871 ], [ 129.174999999999756, 35.324999999999868 ], [ 129.124999999999744, 35.324999999999868 ], [ 129.124999999999744, 35.274999999999871 ], [ 129.174999999999756, 35.274999999999871 ] ] ] } },
{ "type": "Feature", "properties": { "variability_nT": 370.8, "tier": "optimal", "score": 10.0 }, "geometry": { "type": "Polygon", "coordinates": [ [ [ 129.224999999999739, 35.274999999999871 ], [ 129.224999999999739, 35.324999999999868 ], [ 129.174999999999727, 35.324999999999868 ], [ 129.174999999999727, 35.274999999999871 ], [ 129.224999999999739, 35.274999999999871 ] ] ] } },
{ "type": "Feature", "properties": { "variability_nT": 232.1, "tier": "optimal", "score": 10.0 }, "geometry": { "type": "Polygon", "coordinates": [ [ [ 129.274999999999721, 35.274999999999871 ], [ 129.274999999999721, 35.324999999999868 ], [ 129.22499999999971, 35.324999999999868 ], [ 129.22499999999971, 35.274999999999871 ], [ 129.274999999999721, 35.274999999999871 ] ] ] } },
{ "type": "Feature", "properties": { "variability_nT": 282.2, "tier": "optimal", "score": 10.0 }, "geometry": { "type": "Polygon", "coordinates": [ [ [ 129.324999999999733, 35.274999999999871 ], [ 129.324999999999733, 35.324999999999868 ], [ 129.274999999999721, 35.324999999999868 ], [ 129.274999999999721, 35.274999999999871 ], [ 129.324999999999733, 35.274999999999871 ] ] ] } },
{ "type": "Feature", "properties": { "variability_nT": 166.7, "tier": "optimal", "score": 10.0 }, "geometry": { "type": "Polygon", "coordinates": [ [ [ 129.374999999999744, 35.274999999999871 ], [ 129.374999999999744, 35.324999999999868 ], [ 129.324999999999733, 35.324999999999868 ], [ 129.324999999999733, 35.274999999999871 ], [ 129.374999999999744, 35.274999999999871 ] ] ] } },
{ "type": "Feature", "properties": { "variability_nT": 176.7, "tier": "optimal", "score": 10.0 }, "geometry": { "type": "Polygon", "coordinates": [ [ [ 126.275, 35.324999999999868 ], [ 126.275, 35.374999999999865 ], [ 126.224999999999895, 35.374999999999865 ], [ 126.224999999999895, 35.324999999999868 ], [ 126.275, 35.324999999999868 ] ] ] } },
{ "type": "Feature", "properties": { "variability_nT": 297.3, "tier": "optimal", "score": 10.0 }, "geometry": { "type": "Polygon", "coordinates": [ [ [ 126.325, 35.324999999999868 ], [ 126.325, 35.374999999999865 ], [ 126.274999999999892, 35.374999999999865 ], [ 126.274999999999892, 35.324999999999868 ], [ 126.325, 35.324999999999868 ] ] ] } },
{ "type": "Feature", "properties": { "variability_nT": 346.4, "tier": "optimal", "score": 10.0 }, "geometry": { "type": "Polygon", "coordinates": [ [ [ 126.375, 35.324999999999868 ], [ 126.375, 35.374999999999865 ], [ 126.324999999999889, 35.374999999999865 ], [ 126.324999999999889, 35.324999999999868 ], [ 126.375, 35.324999999999868 ] ] ] } },
{ "type": "Feature", "properties": { "variability_nT": 292.2, "tier": "optimal", "score": 10.0 }, "geometry": { "type": "Polygon", "coordinates": [ [ [ 126.424999999999898, 35.324999999999868 ], [ 126.424999999999898, 35.374999999999865 ], [ 126.374999999999886, 35.374999999999865 ], [ 126.374999999999886, 35.324999999999868 ], [ 126.424999999999898, 35.324999999999868 ] ] ] } },
{ "type": "Feature", "properties": { "variability_nT": 346.9, "tier": "optimal", "score": 10.0 }, "geometry": { "type": "Polygon", "coordinates": [ [ [ 126.474999999999895, 35.324999999999868 ], [ 126.474999999999895, 35.374999999999865 ], [ 126.424999999999883, 35.374999999999865 ], [ 126.424999999999883, 35.324999999999868 ], [ 126.474999999999895, 35.324999999999868 ] ] ] } },
{ "type": "Feature", "properties": { "variability_nT": 162.8, "tier": "optimal", "score": 10.0 }, "geometry": { "type": "Polygon", "coordinates": [ [ [ 126.724999999999881, 35.324999999999868 ], [ 126.724999999999881, 35.374999999999865 ], [ 126.674999999999869, 35.374999999999865 ], [ 126.674999999999869, 35.324999999999868 ], [ 126.724999999999881, 35.324999999999868 ] ] ] } },
{ "type": "Feature", "properties": { "variability_nT": 170.4, "tier": "optimal", "score": 10.0 }, "geometry": { "type": "Polygon", "coordinates": [ [ [ 126.824999999999875, 35.324999999999868 ], [ 126.824999999999875, 35.374999999999865 ], [ 126.774999999999864, 35.374999999999865 ], [ 126.774999999999864, 35.324999999999868 ], [ 126.824999999999875, 35.324999999999868 ] ] ] } },
{ "type": "Feature", "properties": { "variability_nT": 269.5, "tier": "optimal", "score": 10.0 }, "geometry": { "type": "Polygon", "coordinates": [ [ [ 126.874999999999872, 35.324999999999868 ], [ 126.874999999999872, 35.374999999999865 ], [ 126.824999999999861, 35.374999999999865 ], [ 126.824999999999861, 35.324999999999868 ], [ 126.874999999999872, 35.324999999999868 ] ] ] } },
{ "type": "Feature", "properties": { "variability_nT": 377.6, "tier": "optimal", "score": 10.0 }, "geometry": { "type": "Polygon", "coordinates": [ [ [ 126.924999999999869, 35.324999999999868 ], [ 126.924999999999869, 35.374999999999865 ], [ 126.874999999999858, 35.374999999999865 ], [ 126.874999999999858, 35.324999999999868 ], [ 126.924999999999869, 35.324999999999868 ] ] ] } },
{ "type": "Feature", "properties": { "variability_nT": 265.9, "tier": "optimal", "score": 10.0 }, "geometry": { "type": "Polygon", "coordinates": [ [ [ 127.174999999999855, 35.324999999999868 ], [ 127.174999999999855, 35.374999999999865 ], [ 127.124999999999844, 35.374999999999865 ], [ 127.124999999999844, 35.324999999999868 ], [ 127.174999999999855, 35.324999999999868 ] ] ] } },
{ "type": "Feature", "properties": { "variability_nT": 161.7, "tier": "optimal", "score": 10.0 }, "geometry": { "type": "Polygon", "coordinates": [ [ [ 127.924999999999812, 35.324999999999868 ], [ 127.924999999999812, 35.374999999999865 ], [ 127.874999999999801, 35.374999999999865 ], [ 127.874999999999801, 35.324999999999868 ], [ 127.924999999999812, 35.324999999999868 ] ] ] } },
{ "type": "Feature", "properties": { "variability_nT": 231.4, "tier": "optimal", "score": 10.0 }, "geometry": { "type": "Polygon", "coordinates": [ [ [ 127.97499999999981, 35.324999999999868 ], [ 127.97499999999981, 35.374999999999865 ], [ 127.924999999999798, 35.374999999999865 ], [ 127.924999999999798, 35.324999999999868 ], [ 127.97499999999981, 35.324999999999868 ] ] ] } },
{ "type": "Feature", "properties": { "variability_nT": 166.2, "tier": "optimal", "score": 10.0 }, "geometry": { "type": "Polygon", "coordinates": [ [ [ 128.024999999999807, 35.324999999999868 ], [ 128.024999999999807, 35.374999999999865 ], [ 127.974999999999795, 35.374999999999865 ], [ 127.974999999999795, 35.324999999999868 ], [ 128.024999999999807, 35.324999999999868 ] ] ] } },
{ "type": "Feature", "properties": { "variability_nT": 198.3, "tier": "optimal", "score": 10.0 }, "geometry": { "type": "Polygon", "coordinates": [ [ [ 128.07499999999979, 35.324999999999868 ], [ 128.07499999999979, 35.374999999999865 ], [ 128.024999999999778, 35.374999999999865 ], [ 128.024999999999778, 35.324999999999868 ], [ 128.07499999999979, 35.324999999999868 ] ] ] } },
{ "type": "Feature", "properties": { "variability_nT": 230.5, "tier": "optimal", "score": 10.0 }, "geometry": { "type": "Polygon", "coordinates": [ [ [ 128.274999999999778, 35.324999999999868 ], [ 128.274999999999778, 35.374999999999865 ], [ 128.224999999999767, 35.374999999999865 ], [ 128.224999999999767, 35.324999999999868 ], [ 128.274999999999778, 35.324999999999868 ] ] ] } },
{ "type": "Feature", "properties": { "variability_nT": 222.6, "tier": "optimal", "score": 10.0 }, "geometry": { "type": "Polygon", "coordinates": [ [ [ 128.32499999999979, 35.324999999999868 ], [ 128.32499999999979, 35.374999999999865 ], [ 128.274999999999778, 35.374999999999865 ], [ 128.274999999999778, 35.324999999999868 ], [ 128.32499999999979, 35.324999999999868 ] ] ] } },
{ "type": "Feature", "properties": { "variability_nT": 171.4, "tier": "optimal", "score": 10.0 }, "geometry": { "type": "Polygon", "coordinates": [ [ [ 128.57499999999979, 35.324999999999868 ], [ 128.57499999999979, 35.374999999999865 ], [ 128.524999999999778, 35.374999999999865 ], [ 128.524999999999778, 35.324999999999868 ], [ 128.57499999999979, 35.324999999999868 ] ] ] } },
{ "type": "Feature", "properties": { "variability_nT": 172.7, "tier": "optimal", "score": 10.0 }, "geometry": { "type": "Polygon", "coordinates": [ [ [ 128.624999999999773, 35.324999999999868 ], [ 128.624999999999773, 35.374999999999865 ], [ 128.574999999999761, 35.374999999999865 ], [ 128.574999999999761, 35.324999999999868 ], [ 128.624999999999773, 35.324999999999868 ] ] ] } },
{ "type": "Feature", "properties": { "variability_nT": 152.6, "tier": "optimal", "score": 10.0 }, "geometry": { "type": "Polygon", "coordinates": [ [ [ 128.674999999999756, 35.324999999999868 ], [ 128.674999999999756, 35.374999999999865 ], [ 128.624999999999744, 35.374999999999865 ], [ 128.624999999999744, 35.324999999999868 ], [ 128.674999999999756, 35.324999999999868 ] ] ] } },
{ "type": "Feature", "properties": { "variability_nT": 158.3, "tier": "optimal", "score": 10.0 }, "geometry": { "type": "Polygon", "coordinates": [ [ [ 128.724999999999767, 35.324999999999868 ], [ 128.724999999999767, 35.374999999999865 ], [ 128.674999999999756, 35.374999999999865 ], [ 128.674999999999756, 35.324999999999868 ], [ 128.724999999999767, 35.324999999999868 ] ] ] } },
{ "type": "Feature", "properties": { "variability_nT": 219.0, "tier": "optimal", "score": 10.0 }, "geometry": { "type": "Polygon", "coordinates": [ [ [ 128.774999999999778, 35.324999999999868 ], [ 128.774999999999778, 35.374999999999865 ], [ 128.724999999999767, 35.374999999999865 ], [ 128.724999999999767, 35.324999999999868 ], [ 128.774999999999778, 35.324999999999868 ] ] ] } },
{ "type": "Feature", "properties": { "variability_nT": 314.9, "tier": "optimal", "score": 10.0 }, "geometry": { "type": "Polygon", "coordinates": [ [ [ 128.824999999999761, 35.324999999999868 ], [ 128.824999999999761, 35.374999999999865 ], [ 128.77499999999975, 35.374999999999865 ], [ 128.77499999999975, 35.324999999999868 ], [ 128.824999999999761, 35.324999999999868 ] ] ] } },
{ "type": "Feature", "properties": { "variability_nT": 319.1, "tier": "optimal", "score": 10.0 }, "geometry": { "type": "Polygon", "coordinates": [ [ [ 128.874999999999744, 35.324999999999868 ], [ 128.874999999999744, 35.374999999999865 ], [ 128.824999999999733, 35.374999999999865 ], [ 128.824999999999733, 35.324999999999868 ], [ 128.874999999999744, 35.324999999999868 ] ] ] } },
{ "type": "Feature", "properties": { "variability_nT": 394.4, "tier": "optimal", "score": 10.0 }, "geometry": { "type": "Polygon", "coordinates": [ [ [ 128.924999999999756, 35.324999999999868 ], [ 128.924999999999756, 35.374999999999865 ], [ 128.874999999999744, 35.374999999999865 ], [ 128.874999999999744, 35.324999999999868 ], [ 128.924999999999756, 35.324999999999868 ] ] ] } },
{ "type": "Feature", "properties": { "variability_nT": 388.5, "tier": "optimal", "score": 10.0 }, "geometry": { "type": "Polygon", "coordinates": [ [ [ 129.074999999999733, 35.324999999999868 ], [ 129.074999999999733, 35.374999999999865 ], [ 129.024999999999721, 35.374999999999865 ], [ 129.024999999999721, 35.324999999999868 ], [ 129.074999999999733, 35.324999999999868 ] ] ] } },
{ "type": "Feature", "properties": { "variability_nT": 301.9, "tier": "optimal", "score": 10.0 }, "geometry": { "type": "Polygon", "coordinates": [ [ [ 129.124999999999744, 35.324999999999868 ], [ 129.124999999999744, 35.374999999999865 ], [ 129.074999999999733, 35.374999999999865 ], [ 129.074999999999733, 35.324999999999868 ], [ 129.124999999999744, 35.324999999999868 ] ] ] } },
{ "type": "Feature", "properties": { "variability_nT": 180.0, "tier": "optimal", "score": 10.0 }, "geometry": { "type": "Polygon", "coordinates": [ [ [ 129.174999999999756, 35.324999999999868 ], [ 129.174999999999756, 35.374999999999865 ], [ 129.124999999999744, 35.374999999999865 ], [ 129.124999999999744, 35.324999999999868 ], [ 129.174999999999756, 35.324999999999868 ] ] ] } },
{ "type": "Feature", "properties": { "variability_nT": 229.4, "tier": "optimal", "score": 10.0 }, "geometry": { "type": "Polygon", "coordinates": [ [ [ 129.224999999999739, 35.324999999999868 ], [ 129.224999999999739, 35.374999999999865 ], [ 129.174999999999727, 35.374999999999865 ], [ 129.174999999999727, 35.324999999999868 ], [ 129.224999999999739, 35.324999999999868 ] ] ] } },
{ "type": "Feature", "properties": { "variability_nT": 270.7, "tier": "optimal", "score": 10.0 }, "geometry": { "type": "Polygon", "coordinates": [ [ [ 129.274999999999721, 35.324999999999868 ], [ 129.274999999999721, 35.374999999999865 ], [ 129.22499999999971, 35.374999999999865 ], [ 129.22499999999971, 35.324999999999868 ], [ 129.274999999999721, 35.324999999999868 ] ] ] } },
{ "type": "Feature", "properties": { "variability_nT": 283.7, "tier": "optimal", "score": 10.0 }, "geometry": { "type": "Polygon", "coordinates": [ [ [ 129.324999999999733, 35.324999999999868 ], [ 129.324999999999733, 35.374999999999865 ], [ 129.274999999999721, 35.374999999999865 ], [ 129.274999999999721, 35.324999999999868 ], [ 129.324999999999733, 35.324999999999868 ] ] ] } },
{ "type": "Feature", "properties": { "variability_nT": 197.7, "tier": "optimal", "score": 10.0 }, "geometry": { "type": "Polygon", "coordinates": [ [ [ 129.374999999999744, 35.324999999999868 ], [ 129.374999999999744, 35.374999999999865 ], [ 129.324999999999733, 35.374999999999865 ], [ 129.324999999999733, 35.324999999999868 ], [ 129.374999999999744, 35.324999999999868 ] ] ] } },
{ "type": "Feature", "properties": { "variability_nT": 153.1, "tier": "optimal", "score": 10.0 }, "geometry": { "type": "Polygon", "coordinates": [ [ [ 129.424999999999727, 35.324999999999868 ], [ 129.424999999999727, 35.374999999999865 ], [ 129.374999999999716, 35.374999999999865 ], [ 129.374999999999716, 35.324999999999868 ], [ 129.424999999999727, 35.324999999999868 ] ] ] } },
{ "type": "Feature", "properties": { "variability_nT": 177.2, "tier": "optimal", "score": 10.0 }, "geometry": { "type": "Polygon", "coordinates": [ [ [ 126.325, 35.374999999999865 ], [ 126.325, 35.424999999999862 ], [ 126.274999999999892, 35.424999999999862 ], [ 126.274999999999892, 35.374999999999865 ], [ 126.325, 35.374999999999865 ] ] ] } },
{ "type": "Feature", "properties": { "variability_nT": 259.8, "tier": "optimal", "score": 10.0 }, "geometry": { "type": "Polygon", "coordinates": [ [ [ 126.375, 35.374999999999865 ], [ 126.375, 35.424999999999862 ], [ 126.324999999999889, 35.424999999999862 ], [ 126.324999999999889, 35.374999999999865 ], [ 126.375, 35.374999999999865 ] ] ] } },
{ "type": "Feature", "properties": { "variability_nT": 312.7, "tier": "optimal", "score": 10.0 }, "geometry": { "type": "Polygon", "coordinates": [ [ [ 126.424999999999898, 35.374999999999865 ], [ 126.424999999999898, 35.424999999999862 ], [ 126.374999999999886, 35.424999999999862 ], [ 126.374999999999886, 35.374999999999865 ], [ 126.424999999999898, 35.374999999999865 ] ] ] } },
{ "type": "Feature", "properties": { "variability_nT": 222.2, "tier": "optimal", "score": 10.0 }, "geometry": { "type": "Polygon", "coordinates": [ [ [ 126.474999999999895, 35.374999999999865 ], [ 126.474999999999895, 35.424999999999862 ], [ 126.424999999999883, 35.424999999999862 ], [ 126.424999999999883, 35.374999999999865 ], [ 126.474999999999895, 35.374999999999865 ] ] ] } },
{ "type": "Feature", "properties": { "variability_nT": 152.9, "tier": "optimal", "score": 10.0 }, "geometry": { "type": "Polygon", "coordinates": [ [ [ 126.674999999999883, 35.374999999999865 ], [ 126.674999999999883, 35.424999999999862 ], [ 126.624999999999872, 35.424999999999862 ], [ 126.624999999999872, 35.374999999999865 ], [ 126.674999999999883, 35.374999999999865 ] ] ] } },
{ "type": "Feature", "properties": { "variability_nT": 192.8, "tier": "optimal", "score": 10.0 }, "geometry": { "type": "Polygon", "coordinates": [ [ [ 126.724999999999881, 35.374999999999865 ], [ 126.724999999999881, 35.424999999999862 ], [ 126.674999999999869, 35.424999999999862 ], [ 126.674999999999869, 35.374999999999865 ], [ 126.724999999999881, 35.374999999999865 ] ] ] } },
{ "type": "Feature", "properties": { "variability_nT": 231.1, "tier": "optimal", "score": 10.0 }, "geometry": { "type": "Polygon", "coordinates": [ [ [ 126.774999999999878, 35.374999999999865 ], [ 126.774999999999878, 35.424999999999862 ], [ 126.724999999999866, 35.424999999999862 ], [ 126.724999999999866, 35.374999999999865 ], [ 126.774999999999878, 35.374999999999865 ] ] ] } },
{ "type": "Feature", "properties": { "variability_nT": 237.5, "tier": "optimal", "score": 10.0 }, "geometry": { "type": "Polygon", "coordinates": [ [ [ 126.824999999999875, 35.374999999999865 ], [ 126.824999999999875, 35.424999999999862 ], [ 126.774999999999864, 35.424999999999862 ], [ 126.774999999999864, 35.374999999999865 ], [ 126.824999999999875, 35.374999999999865 ] ] ] } },
{ "type": "Feature", "properties": { "variability_nT": 247.0, "tier": "optimal", "score": 10.0 }, "geometry": { "type": "Polygon", "coordinates": [ [ [ 126.874999999999872, 35.374999999999865 ], [ 126.874999999999872, 35.424999999999862 ], [ 126.824999999999861, 35.424999999999862 ], [ 126.824999999999861, 35.374999999999865 ], [ 126.874999999999872, 35.374999999999865 ] ] ] } },
{ "type": "Feature", "properties": { "variability_nT": 300.5, "tier": "optimal", "score": 10.0 }, "geometry": { "type": "Polygon", "coordinates": [ [ [ 127.124999999999858, 35.374999999999865 ], [ 127.124999999999858, 35.424999999999862 ], [ 127.074999999999847, 35.424999999999862 ], [ 127.074999999999847, 35.374999999999865 ], [ 127.124999999999858, 35.374999999999865 ] ] ] } },
{ "type": "Feature", "properties": { "variability_nT": 301.9, "tier": "optimal", "score": 10.0 }, "geometry": { "type": "Polygon", "coordinates": [ [ [ 127.174999999999855, 35.374999999999865 ], [ 127.174999999999855, 35.424999999999862 ], [ 127.124999999999844, 35.424999999999862 ], [ 127.124999999999844, 35.374999999999865 ], [ 127.174999999999855, 35.374999999999865 ] ] ] } },
{ "type": "Feature", "properties": { "variability_nT": 170.3, "tier": "optimal", "score": 10.0 }, "geometry": { "type": "Polygon", "coordinates": [ [ [ 127.274999999999849, 35.374999999999865 ], [ 127.274999999999849, 35.424999999999862 ], [ 127.224999999999838, 35.424999999999862 ], [ 127.224999999999838, 35.374999999999865 ], [ 127.274999999999849, 35.374999999999865 ] ] ] } },
{ "type": "Feature", "properties": { "variability_nT": 394.6, "tier": "optimal", "score": 10.0 }, "geometry": { "type": "Polygon", "coordinates": [ [ [ 127.674999999999827, 35.374999999999865 ], [ 127.674999999999827, 35.424999999999862 ], [ 127.624999999999815, 35.424999999999862 ], [ 127.624999999999815, 35.374999999999865 ], [ 127.674999999999827, 35.374999999999865 ] ] ] } },
{ "type": "Feature", "properties": { "variability_nT": 363.0, "tier": "optimal", "score": 10.0 }, "geometry": { "type": "Polygon", "coordinates": [ [ [ 127.724999999999824, 35.374999999999865 ], [ 127.724999999999824, 35.424999999999862 ], [ 127.674999999999812, 35.424999999999862 ], [ 127.674999999999812, 35.374999999999865 ], [ 127.724999999999824, 35.374999999999865 ] ] ] } },
{ "type": "Feature", "properties": { "variability_nT": 191.2, "tier": "optimal", "score": 10.0 }, "geometry": { "type": "Polygon", "coordinates": [ [ [ 127.774999999999821, 35.374999999999865 ], [ 127.774999999999821, 35.424999999999862 ], [ 127.72499999999981, 35.424999999999862 ], [ 127.72499999999981, 35.374999999999865 ], [ 127.774999999999821, 35.374999999999865 ] ] ] } },
{ "type": "Feature", "properties": { "variability_nT": 393.5, "tier": "optimal", "score": 10.0 }, "geometry": { "type": "Polygon", "coordinates": [ [ [ 127.924999999999812, 35.374999999999865 ], [ 127.924999999999812, 35.424999999999862 ], [ 127.874999999999801, 35.424999999999862 ], [ 127.874999999999801, 35.374999999999865 ], [ 127.924999999999812, 35.374999999999865 ] ] ] } },
{ "type": "Feature", "properties": { "variability_nT": 168.4, "tier": "optimal", "score": 10.0 }, "geometry": { "type": "Polygon", "coordinates": [ [ [ 128.07499999999979, 35.374999999999865 ], [ 128.07499999999979, 35.424999999999862 ], [ 128.024999999999778, 35.424999999999862 ], [ 128.024999999999778, 35.374999999999865 ], [ 128.07499999999979, 35.374999999999865 ] ] ] } },
{ "type": "Feature", "properties": { "variability_nT": 247.6, "tier": "optimal", "score": 10.0 }, "geometry": { "type": "Polygon", "coordinates": [ [ [ 128.274999999999778, 35.374999999999865 ], [ 128.274999999999778, 35.424999999999862 ], [ 128.224999999999767, 35.424999999999862 ], [ 128.224999999999767, 35.374999999999865 ], [ 128.274999999999778, 35.374999999999865 ] ] ] } },
{ "type": "Feature", "properties": { "variability_nT": 212.4, "tier": "optimal", "score": 10.0 }, "geometry": { "type": "Polygon", "coordinates": [ [ [ 128.32499999999979, 35.374999999999865 ], [ 128.32499999999979, 35.424999999999862 ], [ 128.274999999999778, 35.424999999999862 ], [ 128.274999999999778, 35.374999999999865 ], [ 128.32499999999979, 35.374999999999865 ] ] ] } },
{ "type": "Feature", "properties": { "variability_nT": 154.3, "tier": "optimal", "score": 10.0 }, "geometry": { "type": "Polygon", "coordinates": [ [ [ 128.57499999999979, 35.374999999999865 ], [ 128.57499999999979, 35.424999999999862 ], [ 128.524999999999778, 35.424999999999862 ], [ 128.524999999999778, 35.374999999999865 ], [ 128.57499999999979, 35.374999999999865 ] ] ] } },
{ "type": "Feature", "properties": { "variability_nT": 205.4, "tier": "optimal", "score": 10.0 }, "geometry": { "type": "Polygon", "coordinates": [ [ [ 128.624999999999773, 35.374999999999865 ], [ 128.624999999999773, 35.424999999999862 ], [ 128.574999999999761, 35.424999999999862 ], [ 128.574999999999761, 35.374999999999865 ], [ 128.624999999999773, 35.374999999999865 ] ] ] } },
{ "type": "Feature", "properties": { "variability_nT": 190.8, "tier": "optimal", "score": 10.0 }, "geometry": { "type": "Polygon", "coordinates": [ [ [ 128.674999999999756, 35.374999999999865 ], [ 128.674999999999756, 35.424999999999862 ], [ 128.624999999999744, 35.424999999999862 ], [ 128.624999999999744, 35.374999999999865 ], [ 128.674999999999756, 35.374999999999865 ] ] ] } },
{ "type": "Feature", "properties": { "variability_nT": 339.8, "tier": "optimal", "score": 10.0 }, "geometry": { "type": "Polygon", "coordinates": [ [ [ 128.724999999999767, 35.374999999999865 ], [ 128.724999999999767, 35.424999999999862 ], [ 128.674999999999756, 35.424999999999862 ], [ 128.674999999999756, 35.374999999999865 ], [ 128.724999999999767, 35.374999999999865 ] ] ] } },
{ "type": "Feature", "properties": { "variability_nT": 241.8, "tier": "optimal", "score": 10.0 }, "geometry": { "type": "Polygon", "coordinates": [ [ [ 128.774999999999778, 35.374999999999865 ], [ 128.774999999999778, 35.424999999999862 ], [ 128.724999999999767, 35.424999999999862 ], [ 128.724999999999767, 35.374999999999865 ], [ 128.774999999999778, 35.374999999999865 ] ] ] } },
{ "type": "Feature", "properties": { "variability_nT": 270.1, "tier": "optimal", "score": 10.0 }, "geometry": { "type": "Polygon", "coordinates": [ [ [ 128.824999999999761, 35.374999999999865 ], [ 128.824999999999761, 35.424999999999862 ], [ 128.77499999999975, 35.424999999999862 ], [ 128.77499999999975, 35.374999999999865 ], [ 128.824999999999761, 35.374999999999865 ] ] ] } },
{ "type": "Feature", "properties": { "variability_nT": 265.1, "tier": "optimal", "score": 10.0 }, "geometry": { "type": "Polygon", "coordinates": [ [ [ 128.974999999999767, 35.374999999999865 ], [ 128.974999999999767, 35.424999999999862 ], [ 128.924999999999756, 35.424999999999862 ], [ 128.924999999999756, 35.374999999999865 ], [ 128.974999999999767, 35.374999999999865 ] ] ] } },
{ "type": "Feature", "properties": { "variability_nT": 348.4, "tier": "optimal", "score": 10.0 }, "geometry": { "type": "Polygon", "coordinates": [ [ [ 129.02499999999975, 35.374999999999865 ], [ 129.02499999999975, 35.424999999999862 ], [ 128.974999999999739, 35.424999999999862 ], [ 128.974999999999739, 35.374999999999865 ], [ 129.02499999999975, 35.374999999999865 ] ] ] } },
{ "type": "Feature", "properties": { "variability_nT": 322.5, "tier": "optimal", "score": 10.0 }, "geometry": { "type": "Polygon", "coordinates": [ [ [ 129.074999999999733, 35.374999999999865 ], [ 129.074999999999733, 35.424999999999862 ], [ 129.024999999999721, 35.424999999999862 ], [ 129.024999999999721, 35.374999999999865 ], [ 129.074999999999733, 35.374999999999865 ] ] ] } },
{ "type": "Feature", "properties": { "variability_nT": 285.1, "tier": "optimal", "score": 10.0 }, "geometry": { "type": "Polygon", "coordinates": [ [ [ 129.124999999999744, 35.374999999999865 ], [ 129.124999999999744, 35.424999999999862 ], [ 129.074999999999733, 35.424999999999862 ], [ 129.074999999999733, 35.374999999999865 ], [ 129.124999999999744, 35.374999999999865 ] ] ] } },
{ "type": "Feature", "properties": { "variability_nT": 216.9, "tier": "optimal", "score": 10.0 }, "geometry": { "type": "Polygon", "coordinates": [ [ [ 129.174999999999756, 35.374999999999865 ], [ 129.174999999999756, 35.424999999999862 ], [ 129.124999999999744, 35.424999999999862 ], [ 129.124999999999744, 35.374999999999865 ], [ 129.174999999999756, 35.374999999999865 ] ] ] } },
{ "type": "Feature", "properties": { "variability_nT": 251.2, "tier": "optimal", "score": 10.0 }, "geometry": { "type": "Polygon", "coordinates": [ [ [ 129.274999999999721, 35.374999999999865 ], [ 129.274999999999721, 35.424999999999862 ], [ 129.22499999999971, 35.424999999999862 ], [ 129.22499999999971, 35.374999999999865 ], [ 129.274999999999721, 35.374999999999865 ] ] ] } },
{ "type": "Feature", "properties": { "variability_nT": 325.7, "tier": "optimal", "score": 10.0 }, "geometry": { "type": "Polygon", "coordinates": [ [ [ 129.374999999999744, 35.374999999999865 ], [ 129.374999999999744, 35.424999999999862 ], [ 129.324999999999733, 35.424999999999862 ], [ 129.324999999999733, 35.374999999999865 ], [ 129.374999999999744, 35.374999999999865 ] ] ] } },
{ "type": "Feature", "properties": { "variability_nT": 165.6, "tier": "optimal", "score": 10.0 }, "geometry": { "type": "Polygon", "coordinates": [ [ [ 129.424999999999727, 35.374999999999865 ], [ 129.424999999999727, 35.424999999999862 ], [ 129.374999999999716, 35.424999999999862 ], [ 129.374999999999716, 35.374999999999865 ], [ 129.424999999999727, 35.374999999999865 ] ] ] } },
{ "type": "Feature", "properties": { "variability_nT": 156.8, "tier": "optimal", "score": 10.0 }, "geometry": { "type": "Polygon", "coordinates": [ [ [ 126.424999999999898, 35.424999999999862 ], [ 126.424999999999898, 35.474999999999859 ], [ 126.374999999999886, 35.474999999999859 ], [ 126.374999999999886, 35.424999999999862 ], [ 126.424999999999898, 35.424999999999862 ] ] ] } },
{ "type": "Feature", "properties": { "variability_nT": 325.9, "tier": "optimal", "score": 10.0 }, "geometry": { "type": "Polygon", "coordinates": [ [ [ 126.574999999999889, 35.424999999999862 ], [ 126.574999999999889, 35.474999999999859 ], [ 126.524999999999878, 35.474999999999859 ], [ 126.524999999999878, 35.424999999999862 ], [ 126.574999999999889, 35.424999999999862 ] ] ] } },
{ "type": "Feature", "properties": { "variability_nT": 368.0, "tier": "optimal", "score": 10.0 }, "geometry": { "type": "Polygon", "coordinates": [ [ [ 126.624999999999886, 35.424999999999862 ], [ 126.624999999999886, 35.474999999999859 ], [ 126.574999999999875, 35.474999999999859 ], [ 126.574999999999875, 35.424999999999862 ], [ 126.624999999999886, 35.424999999999862 ] ] ] } },
{ "type": "Feature", "properties": { "variability_nT": 313.4, "tier": "optimal", "score": 10.0 }, "geometry": { "type": "Polygon", "coordinates": [ [ [ 126.674999999999883, 35.424999999999862 ], [ 126.674999999999883, 35.474999999999859 ], [ 126.624999999999872, 35.474999999999859 ], [ 126.624999999999872, 35.424999999999862 ], [ 126.674999999999883, 35.424999999999862 ] ] ] } },
{ "type": "Feature", "properties": { "variability_nT": 222.2, "tier": "optimal", "score": 10.0 }, "geometry": { "type": "Polygon", "coordinates": [ [ [ 126.724999999999881, 35.424999999999862 ], [ 126.724999999999881, 35.474999999999859 ], [ 126.674999999999869, 35.474999999999859 ], [ 126.674999999999869, 35.424999999999862 ], [ 126.724999999999881, 35.424999999999862 ] ] ] } },
{ "type": "Feature", "properties": { "variability_nT": 325.8, "tier": "optimal", "score": 10.0 }, "geometry": { "type": "Polygon", "coordinates": [ [ [ 126.774999999999878, 35.424999999999862 ], [ 126.774999999999878, 35.474999999999859 ], [ 126.724999999999866, 35.474999999999859 ], [ 126.724999999999866, 35.424999999999862 ], [ 126.774999999999878, 35.424999999999862 ] ] ] } },
{ "type": "Feature", "properties": { "variability_nT": 388.1, "tier": "optimal", "score": 10.0 }, "geometry": { "type": "Polygon", "coordinates": [ [ [ 126.824999999999875, 35.424999999999862 ], [ 126.824999999999875, 35.474999999999859 ], [ 126.774999999999864, 35.474999999999859 ], [ 126.774999999999864, 35.424999999999862 ], [ 126.824999999999875, 35.424999999999862 ] ] ] } },
{ "type": "Feature", "properties": { "variability_nT": 168.6, "tier": "optimal", "score": 10.0 }, "geometry": { "type": "Polygon", "coordinates": [ [ [ 126.874999999999872, 35.424999999999862 ], [ 126.874999999999872, 35.474999999999859 ], [ 126.824999999999861, 35.474999999999859 ], [ 126.824999999999861, 35.424999999999862 ], [ 126.874999999999872, 35.424999999999862 ] ] ] } },
{ "type": "Feature", "properties": { "variability_nT": 340.6, "tier": "optimal", "score": 10.0 }, "geometry": { "type": "Polygon", "coordinates": [ [ [ 126.924999999999869, 35.424999999999862 ], [ 126.924999999999869, 35.474999999999859 ], [ 126.874999999999858, 35.474999999999859 ], [ 126.874999999999858, 35.424999999999862 ], [ 126.924999999999869, 35.424999999999862 ] ] ] } },
{ "type": "Feature", "properties": { "variability_nT": 249.8, "tier": "optimal", "score": 10.0 }, "geometry": { "type": "Polygon", "coordinates": [ [ [ 127.124999999999858, 35.424999999999862 ], [ 127.124999999999858, 35.474999999999859 ], [ 127.074999999999847, 35.474999999999859 ], [ 127.074999999999847, 35.424999999999862 ], [ 127.124999999999858, 35.424999999999862 ] ] ] } },
{ "type": "Feature", "properties": { "variability_nT": 188.9, "tier": "optimal", "score": 10.0 }, "geometry": { "type": "Polygon", "coordinates": [ [ [ 127.174999999999855, 35.424999999999862 ], [ 127.174999999999855, 35.474999999999859 ], [ 127.124999999999844, 35.474999999999859 ], [ 127.124999999999844, 35.424999999999862 ], [ 127.174999999999855, 35.424999999999862 ] ] ] } },
{ "type": "Feature", "properties": { "variability_nT": 186.0, "tier": "optimal", "score": 10.0 }, "geometry": { "type": "Polygon", "coordinates": [ [ [ 127.224999999999852, 35.424999999999862 ], [ 127.224999999999852, 35.474999999999859 ], [ 127.174999999999841, 35.474999999999859 ], [ 127.174999999999841, 35.424999999999862 ], [ 127.224999999999852, 35.424999999999862 ] ] ] } },
{ "type": "Feature", "properties": { "variability_nT": 279.9, "tier": "optimal", "score": 10.0 }, "geometry": { "type": "Polygon", "coordinates": [ [ [ 127.274999999999849, 35.424999999999862 ], [ 127.274999999999849, 35.474999999999859 ], [ 127.224999999999838, 35.474999999999859 ], [ 127.224999999999838, 35.424999999999862 ], [ 127.274999999999849, 35.424999999999862 ] ] ] } },
{ "type": "Feature", "properties": { "variability_nT": 153.7, "tier": "optimal", "score": 10.0 }, "geometry": { "type": "Polygon", "coordinates": [ [ [ 127.324999999999847, 35.424999999999862 ], [ 127.324999999999847, 35.474999999999859 ], [ 127.274999999999835, 35.474999999999859 ], [ 127.274999999999835, 35.424999999999862 ], [ 127.324999999999847, 35.424999999999862 ] ] ] } },
{ "type": "Feature", "properties": { "variability_nT": 266.4, "tier": "optimal", "score": 10.0 }, "geometry": { "type": "Polygon", "coordinates": [ [ [ 127.674999999999827, 35.424999999999862 ], [ 127.674999999999827, 35.474999999999859 ], [ 127.624999999999815, 35.474999999999859 ], [ 127.624999999999815, 35.424999999999862 ], [ 127.674999999999827, 35.424999999999862 ] ] ] } },
{ "type": "Feature", "properties": { "variability_nT": 296.7, "tier": "optimal", "score": 10.0 }, "geometry": { "type": "Polygon", "coordinates": [ [ [ 127.724999999999824, 35.424999999999862 ], [ 127.724999999999824, 35.474999999999859 ], [ 127.674999999999812, 35.474999999999859 ], [ 127.674999999999812, 35.424999999999862 ], [ 127.724999999999824, 35.424999999999862 ] ] ] } },
{ "type": "Feature", "properties": { "variability_nT": 219.7, "tier": "optimal", "score": 10.0 }, "geometry": { "type": "Polygon", "coordinates": [ [ [ 127.774999999999821, 35.424999999999862 ], [ 127.774999999999821, 35.474999999999859 ], [ 127.72499999999981, 35.474999999999859 ], [ 127.72499999999981, 35.424999999999862 ], [ 127.774999999999821, 35.424999999999862 ] ] ] } },
{ "type": "Feature", "properties": { "variability_nT": 187.2, "tier": "optimal", "score": 10.0 }, "geometry": { "type": "Polygon", "coordinates": [ [ [ 127.874999999999815, 35.424999999999862 ], [ 127.874999999999815, 35.474999999999859 ], [ 127.824999999999804, 35.474999999999859 ], [ 127.824999999999804, 35.424999999999862 ], [ 127.874999999999815, 35.424999999999862 ] ] ] } },
{ "type": "Feature", "properties": { "variability_nT": 380.5, "tier": "optimal", "score": 10.0 }, "geometry": { "type": "Polygon", "coordinates": [ [ [ 128.124999999999801, 35.424999999999862 ], [ 128.124999999999801, 35.474999999999859 ], [ 128.07499999999979, 35.474999999999859 ], [ 128.07499999999979, 35.424999999999862 ], [ 128.124999999999801, 35.424999999999862 ] ] ] } },
{ "type": "Feature", "properties": { "variability_nT": 174.5, "tier": "optimal", "score": 10.0 }, "geometry": { "type": "Polygon", "coordinates": [ [ [ 128.224999999999795, 35.424999999999862 ], [ 128.224999999999795, 35.474999999999859 ], [ 128.174999999999784, 35.474999999999859 ], [ 128.174999999999784, 35.424999999999862 ], [ 128.224999999999795, 35.424999999999862 ] ] ] } },
{ "type": "Feature", "properties": { "variability_nT": 247.2, "tier": "optimal", "score": 10.0 }, "geometry": { "type": "Polygon", "coordinates": [ [ [ 128.274999999999778, 35.424999999999862 ], [ 128.274999999999778, 35.474999999999859 ], [ 128.224999999999767, 35.474999999999859 ], [ 128.224999999999767, 35.424999999999862 ], [ 128.274999999999778, 35.424999999999862 ] ] ] } },
{ "type": "Feature", "properties": { "variability_nT": 198.9, "tier": "optimal", "score": 10.0 }, "geometry": { "type": "Polygon", "coordinates": [ [ [ 128.32499999999979, 35.424999999999862 ], [ 128.32499999999979, 35.474999999999859 ], [ 128.274999999999778, 35.474999999999859 ], [ 128.274999999999778, 35.424999999999862 ], [ 128.32499999999979, 35.424999999999862 ] ] ] } },
{ "type": "Feature", "properties": { "variability_nT": 212.4, "tier": "optimal", "score": 10.0 }, "geometry": { "type": "Polygon", "coordinates": [ [ [ 128.57499999999979, 35.424999999999862 ], [ 128.57499999999979, 35.474999999999859 ], [ 128.524999999999778, 35.474999999999859 ], [ 128.524999999999778, 35.424999999999862 ], [ 128.57499999999979, 35.424999999999862 ] ] ] } },
{ "type": "Feature", "properties": { "variability_nT": 260.1, "tier": "optimal", "score": 10.0 }, "geometry": { "type": "Polygon", "coordinates": [ [ [ 128.624999999999773, 35.424999999999862 ], [ 128.624999999999773, 35.474999999999859 ], [ 128.574999999999761, 35.474999999999859 ], [ 128.574999999999761, 35.424999999999862 ], [ 128.624999999999773, 35.424999999999862 ] ] ] } },
{ "type": "Feature", "properties": { "variability_nT": 334.6, "tier": "optimal", "score": 10.0 }, "geometry": { "type": "Polygon", "coordinates": [ [ [ 128.674999999999756, 35.424999999999862 ], [ 128.674999999999756, 35.474999999999859 ], [ 128.624999999999744, 35.474999999999859 ], [ 128.624999999999744, 35.424999999999862 ], [ 128.674999999999756, 35.424999999999862 ] ] ] } },
{ "type": "Feature", "properties": { "variability_nT": 373.9, "tier": "optimal", "score": 10.0 }, "geometry": { "type": "Polygon", "coordinates": [ [ [ 128.724999999999767, 35.424999999999862 ], [ 128.724999999999767, 35.474999999999859 ], [ 128.674999999999756, 35.474999999999859 ], [ 128.674999999999756, 35.424999999999862 ], [ 128.724999999999767, 35.424999999999862 ] ] ] } },
{ "type": "Feature", "properties": { "variability_nT": 250.9, "tier": "optimal", "score": 10.0 }, "geometry": { "type": "Polygon", "coordinates": [ [ [ 128.774999999999778, 35.424999999999862 ], [ 128.774999999999778, 35.474999999999859 ], [ 128.724999999999767, 35.474999999999859 ], [ 128.724999999999767, 35.424999999999862 ], [ 128.774999999999778, 35.424999999999862 ] ] ] } },
{ "type": "Feature", "properties": { "variability_nT": 398.9, "tier": "optimal", "score": 10.0 }, "geometry": { "type": "Polygon", "coordinates": [ [ [ 128.824999999999761, 35.424999999999862 ], [ 128.824999999999761, 35.474999999999859 ], [ 128.77499999999975, 35.474999999999859 ], [ 128.77499999999975, 35.424999999999862 ], [ 128.824999999999761, 35.424999999999862 ] ] ] } },
{ "type": "Feature", "properties": { "variability_nT": 269.6, "tier": "optimal", "score": 10.0 }, "geometry": { "type": "Polygon", "coordinates": [ [ [ 128.974999999999767, 35.424999999999862 ], [ 128.974999999999767, 35.474999999999859 ], [ 128.924999999999756, 35.474999999999859 ], [ 128.924999999999756, 35.424999999999862 ], [ 128.974999999999767, 35.424999999999862 ] ] ] } },
{ "type": "Feature", "properties": { "variability_nT": 239.7, "tier": "optimal", "score": 10.0 }, "geometry": { "type": "Polygon", "coordinates": [ [ [ 129.02499999999975, 35.424999999999862 ], [ 129.02499999999975, 35.474999999999859 ], [ 128.974999999999739, 35.474999999999859 ], [ 128.974999999999739, 35.424999999999862 ], [ 129.02499999999975, 35.424999999999862 ] ] ] } },
{ "type": "Feature", "properties": { "variability_nT": 222.4, "tier": "optimal", "score": 10.0 }, "geometry": { "type": "Polygon", "coordinates": [ [ [ 129.074999999999733, 35.424999999999862 ], [ 129.074999999999733, 35.474999999999859 ], [ 129.024999999999721, 35.474999999999859 ], [ 129.024999999999721, 35.424999999999862 ], [ 129.074999999999733, 35.424999999999862 ] ] ] } },
{ "type": "Feature", "properties": { "variability_nT": 236.8, "tier": "optimal", "score": 10.0 }, "geometry": { "type": "Polygon", "coordinates": [ [ [ 129.124999999999744, 35.424999999999862 ], [ 129.124999999999744, 35.474999999999859 ], [ 129.074999999999733, 35.474999999999859 ], [ 129.074999999999733, 35.424999999999862 ], [ 129.124999999999744, 35.424999999999862 ] ] ] } },
{ "type": "Feature", "properties": { "variability_nT": 265.9, "tier": "optimal", "score": 10.0 }, "geometry": { "type": "Polygon", "coordinates": [ [ [ 129.174999999999756, 35.424999999999862 ], [ 129.174999999999756, 35.474999999999859 ], [ 129.124999999999744, 35.474999999999859 ], [ 129.124999999999744, 35.424999999999862 ], [ 129.174999999999756, 35.424999999999862 ] ] ] } },
{ "type": "Feature", "properties": { "variability_nT": 219.1, "tier": "optimal", "score": 10.0 }, "geometry": { "type": "Polygon", "coordinates": [ [ [ 129.224999999999739, 35.424999999999862 ], [ 129.224999999999739, 35.474999999999859 ], [ 129.174999999999727, 35.474999999999859 ], [ 129.174999999999727, 35.424999999999862 ], [ 129.224999999999739, 35.424999999999862 ] ] ] } },
{ "type": "Feature", "properties": { "variability_nT": 201.2, "tier": "optimal", "score": 10.0 }, "geometry": { "type": "Polygon", "coordinates": [ [ [ 129.274999999999721, 35.424999999999862 ], [ 129.274999999999721, 35.474999999999859 ], [ 129.22499999999971, 35.474999999999859 ], [ 129.22499999999971, 35.424999999999862 ], [ 129.274999999999721, 35.424999999999862 ] ] ] } },
{ "type": "Feature", "properties": { "variability_nT": 334.1, "tier": "optimal", "score": 10.0 }, "geometry": { "type": "Polygon", "coordinates": [ [ [ 129.324999999999733, 35.424999999999862 ], [ 129.324999999999733, 35.474999999999859 ], [ 129.274999999999721, 35.474999999999859 ], [ 129.274999999999721, 35.424999999999862 ], [ 129.324999999999733, 35.424999999999862 ] ] ] } },
{ "type": "Feature", "properties": { "variability_nT": 255.4, "tier": "optimal", "score": 10.0 }, "geometry": { "type": "Polygon", "coordinates": [ [ [ 129.424999999999727, 35.424999999999862 ], [ 129.424999999999727, 35.474999999999859 ], [ 129.374999999999716, 35.474999999999859 ], [ 129.374999999999716, 35.424999999999862 ], [ 129.424999999999727, 35.424999999999862 ] ] ] } },
{ "type": "Feature", "properties": { "variability_nT": 180.8, "tier": "optimal", "score": 10.0 }, "geometry": { "type": "Polygon", "coordinates": [ [ [ 126.275, 35.474999999999859 ], [ 126.275, 35.524999999999856 ], [ 126.224999999999895, 35.524999999999856 ], [ 126.224999999999895, 35.474999999999859 ], [ 126.275, 35.474999999999859 ] ] ] } },
{ "type": "Feature", "properties": { "variability_nT": 166.8, "tier": "optimal", "score": 10.0 }, "geometry": { "type": "Polygon", "coordinates": [ [ [ 126.325, 35.474999999999859 ], [ 126.325, 35.524999999999856 ], [ 126.274999999999892, 35.524999999999856 ], [ 126.274999999999892, 35.474999999999859 ], [ 126.325, 35.474999999999859 ] ] ] } },
{ "type": "Feature", "properties": { "variability_nT": 207.7, "tier": "optimal", "score": 10.0 }, "geometry": { "type": "Polygon", "coordinates": [ [ [ 126.424999999999898, 35.474999999999859 ], [ 126.424999999999898, 35.524999999999856 ], [ 126.374999999999886, 35.524999999999856 ], [ 126.374999999999886, 35.474999999999859 ], [ 126.424999999999898, 35.474999999999859 ] ] ] } },
{ "type": "Feature", "properties": { "variability_nT": 160.6, "tier": "optimal", "score": 10.0 }, "geometry": { "type": "Polygon", "coordinates": [ [ [ 126.474999999999895, 35.474999999999859 ], [ 126.474999999999895, 35.524999999999856 ], [ 126.424999999999883, 35.524999999999856 ], [ 126.424999999999883, 35.474999999999859 ], [ 126.474999999999895, 35.474999999999859 ] ] ] } },
{ "type": "Feature", "properties": { "variability_nT": 320.6, "tier": "optimal", "score": 10.0 }, "geometry": { "type": "Polygon", "coordinates": [ [ [ 126.674999999999883, 35.474999999999859 ], [ 126.674999999999883, 35.524999999999856 ], [ 126.624999999999872, 35.524999999999856 ], [ 126.624999999999872, 35.474999999999859 ], [ 126.674999999999883, 35.474999999999859 ] ] ] } },
{ "type": "Feature", "properties": { "variability_nT": 259.9, "tier": "optimal", "score": 10.0 }, "geometry": { "type": "Polygon", "coordinates": [ [ [ 126.724999999999881, 35.474999999999859 ], [ 126.724999999999881, 35.524999999999856 ], [ 126.674999999999869, 35.524999999999856 ], [ 126.674999999999869, 35.474999999999859 ], [ 126.724999999999881, 35.474999999999859 ] ] ] } },
{ "type": "Feature", "properties": { "variability_nT": 261.6, "tier": "optimal", "score": 10.0 }, "geometry": { "type": "Polygon", "coordinates": [ [ [ 127.024999999999864, 35.474999999999859 ], [ 127.024999999999864, 35.524999999999856 ], [ 126.974999999999852, 35.524999999999856 ], [ 126.974999999999852, 35.474999999999859 ], [ 127.024999999999864, 35.474999999999859 ] ] ] } },
{ "type": "Feature", "properties": { "variability_nT": 336.6, "tier": "optimal", "score": 10.0 }, "geometry": { "type": "Polygon", "coordinates": [ [ [ 127.074999999999861, 35.474999999999859 ], [ 127.074999999999861, 35.524999999999856 ], [ 127.024999999999849, 35.524999999999856 ], [ 127.024999999999849, 35.474999999999859 ], [ 127.074999999999861, 35.474999999999859 ] ] ] } },
{ "type": "Feature", "properties": { "variability_nT": 369.8, "tier": "optimal", "score": 10.0 }, "geometry": { "type": "Polygon", "coordinates": [ [ [ 127.174999999999855, 35.474999999999859 ], [ 127.174999999999855, 35.524999999999856 ], [ 127.124999999999844, 35.524999999999856 ], [ 127.124999999999844, 35.474999999999859 ], [ 127.174999999999855, 35.474999999999859 ] ] ] } },
{ "type": "Feature", "properties": { "variability_nT": 248.8, "tier": "optimal", "score": 10.0 }, "geometry": { "type": "Polygon", "coordinates": [ [ [ 127.224999999999852, 35.474999999999859 ], [ 127.224999999999852, 35.524999999999856 ], [ 127.174999999999841, 35.524999999999856 ], [ 127.174999999999841, 35.474999999999859 ], [ 127.224999999999852, 35.474999999999859 ] ] ] } },
{ "type": "Feature", "properties": { "variability_nT": 218.0, "tier": "optimal", "score": 10.0 }, "geometry": { "type": "Polygon", "coordinates": [ [ [ 127.274999999999849, 35.474999999999859 ], [ 127.274999999999849, 35.524999999999856 ], [ 127.224999999999838, 35.524999999999856 ], [ 127.224999999999838, 35.474999999999859 ], [ 127.274999999999849, 35.474999999999859 ] ] ] } },
{ "type": "Feature", "properties": { "variability_nT": 167.4, "tier": "optimal", "score": 10.0 }, "geometry": { "type": "Polygon", "coordinates": [ [ [ 127.774999999999821, 35.474999999999859 ], [ 127.774999999999821, 35.524999999999856 ], [ 127.72499999999981, 35.524999999999856 ], [ 127.72499999999981, 35.474999999999859 ], [ 127.774999999999821, 35.474999999999859 ] ] ] } },
{ "type": "Feature", "properties": { "variability_nT": 165.4, "tier": "optimal", "score": 10.0 }, "geometry": { "type": "Polygon", "coordinates": [ [ [ 127.824999999999818, 35.474999999999859 ], [ 127.824999999999818, 35.524999999999856 ], [ 127.774999999999807, 35.524999999999856 ], [ 127.774999999999807, 35.474999999999859 ], [ 127.824999999999818, 35.474999999999859 ] ] ] } },
{ "type": "Feature", "properties": { "variability_nT": 176.3, "tier": "optimal", "score": 10.0 }, "geometry": { "type": "Polygon", "coordinates": [ [ [ 127.874999999999815, 35.474999999999859 ], [ 127.874999999999815, 35.524999999999856 ], [ 127.824999999999804, 35.524999999999856 ], [ 127.824999999999804, 35.474999999999859 ], [ 127.874999999999815, 35.474999999999859 ] ] ] } },
{ "type": "Feature", "properties": { "variability_nT": 288.9, "tier": "optimal", "score": 10.0 }, "geometry": { "type": "Polygon", "coordinates": [ [ [ 127.924999999999812, 35.474999999999859 ], [ 127.924999999999812, 35.524999999999856 ], [ 127.874999999999801, 35.524999999999856 ], [ 127.874999999999801, 35.474999999999859 ], [ 127.924999999999812, 35.474999999999859 ] ] ] } },
{ "type": "Feature", "properties": { "variability_nT": 259.1, "tier": "optimal", "score": 10.0 }, "geometry": { "type": "Polygon", "coordinates": [ [ [ 128.174999999999812, 35.474999999999859 ], [ 128.174999999999812, 35.524999999999856 ], [ 128.124999999999801, 35.524999999999856 ], [ 128.124999999999801, 35.474999999999859 ], [ 128.174999999999812, 35.474999999999859 ] ] ] } },
{ "type": "Feature", "properties": { "variability_nT": 185.8, "tier": "optimal", "score": 10.0 }, "geometry": { "type": "Polygon", "coordinates": [ [ [ 128.224999999999795, 35.474999999999859 ], [ 128.224999999999795, 35.524999999999856 ], [ 128.174999999999784, 35.524999999999856 ], [ 128.174999999999784, 35.474999999999859 ], [ 128.224999999999795, 35.474999999999859 ] ] ] } },
{ "type": "Feature", "properties": { "variability_nT": 227.0, "tier": "optimal", "score": 10.0 }, "geometry": { "type": "Polygon", "coordinates": [ [ [ 128.274999999999778, 35.474999999999859 ], [ 128.274999999999778, 35.524999999999856 ], [ 128.224999999999767, 35.524999999999856 ], [ 128.224999999999767, 35.474999999999859 ], [ 128.274999999999778, 35.474999999999859 ] ] ] } },
{ "type": "Feature", "properties": { "variability_nT": 194.9, "tier": "optimal", "score": 10.0 }, "geometry": { "type": "Polygon", "coordinates": [ [ [ 128.524999999999778, 35.474999999999859 ], [ 128.524999999999778, 35.524999999999856 ], [ 128.474999999999767, 35.524999999999856 ], [ 128.474999999999767, 35.474999999999859 ], [ 128.524999999999778, 35.474999999999859 ] ] ] } },
{ "type": "Feature", "properties": { "variability_nT": 212.6, "tier": "optimal", "score": 10.0 }, "geometry": { "type": "Polygon", "coordinates": [ [ [ 128.57499999999979, 35.474999999999859 ], [ 128.57499999999979, 35.524999999999856 ], [ 128.524999999999778, 35.524999999999856 ], [ 128.524999999999778, 35.474999999999859 ], [ 128.57499999999979, 35.474999999999859 ] ] ] } },
{ "type": "Feature", "properties": { "variability_nT": 227.3, "tier": "optimal", "score": 10.0 }, "geometry": { "type": "Polygon", "coordinates": [ [ [ 128.624999999999773, 35.474999999999859 ], [ 128.624999999999773, 35.524999999999856 ], [ 128.574999999999761, 35.524999999999856 ], [ 128.574999999999761, 35.474999999999859 ], [ 128.624999999999773, 35.474999999999859 ] ] ] } },
{ "type": "Feature", "properties": { "variability_nT": 258.9, "tier": "optimal", "score": 10.0 }, "geometry": { "type": "Polygon", "coordinates": [ [ [ 128.674999999999756, 35.474999999999859 ], [ 128.674999999999756, 35.524999999999856 ], [ 128.624999999999744, 35.524999999999856 ], [ 128.624999999999744, 35.474999999999859 ], [ 128.674999999999756, 35.474999999999859 ] ] ] } },
{ "type": "Feature", "properties": { "variability_nT": 249.5, "tier": "optimal", "score": 10.0 }, "geometry": { "type": "Polygon", "coordinates": [ [ [ 128.724999999999767, 35.474999999999859 ], [ 128.724999999999767, 35.524999999999856 ], [ 128.674999999999756, 35.524999999999856 ], [ 128.674999999999756, 35.474999999999859 ], [ 128.724999999999767, 35.474999999999859 ] ] ] } },
{ "type": "Feature", "properties": { "variability_nT": 300.2, "tier": "optimal", "score": 10.0 }, "geometry": { "type": "Polygon", "coordinates": [ [ [ 128.774999999999778, 35.474999999999859 ], [ 128.774999999999778, 35.524999999999856 ], [ 128.724999999999767, 35.524999999999856 ], [ 128.724999999999767, 35.474999999999859 ], [ 128.774999999999778, 35.474999999999859 ] ] ] } },
{ "type": "Feature", "properties": { "variability_nT": 289.1, "tier": "optimal", "score": 10.0 }, "geometry": { "type": "Polygon", "coordinates": [ [ [ 128.974999999999767, 35.474999999999859 ], [ 128.974999999999767, 35.524999999999856 ], [ 128.924999999999756, 35.524999999999856 ], [ 128.924999999999756, 35.474999999999859 ], [ 128.974999999999767, 35.474999999999859 ] ] ] } },
{ "type": "Feature", "properties": { "variability_nT": 296.0, "tier": "optimal", "score": 10.0 }, "geometry": { "type": "Polygon", "coordinates": [ [ [ 129.02499999999975, 35.474999999999859 ], [ 129.02499999999975, 35.524999999999856 ], [ 128.974999999999739, 35.524999999999856 ], [ 128.974999999999739, 35.474999999999859 ], [ 129.02499999999975, 35.474999999999859 ] ] ] } },
{ "type": "Feature", "properties": { "variability_nT": 246.3, "tier": "optimal", "score": 10.0 }, "geometry": { "type": "Polygon", "coordinates": [ [ [ 129.074999999999733, 35.474999999999859 ], [ 129.074999999999733, 35.524999999999856 ], [ 129.024999999999721, 35.524999999999856 ], [ 129.024999999999721, 35.474999999999859 ], [ 129.074999999999733, 35.474999999999859 ] ] ] } },
{ "type": "Feature", "properties": { "variability_nT": 298.5, "tier": "optimal", "score": 10.0 }, "geometry": { "type": "Polygon", "coordinates": [ [ [ 129.124999999999744, 35.474999999999859 ], [ 129.124999999999744, 35.524999999999856 ], [ 129.074999999999733, 35.524999999999856 ], [ 129.074999999999733, 35.474999999999859 ], [ 129.124999999999744, 35.474999999999859 ] ] ] } },
{ "type": "Feature", "properties": { "variability_nT": 252.0, "tier": "optimal", "score": 10.0 }, "geometry": { "type": "Polygon", "coordinates": [ [ [ 129.174999999999756, 35.474999999999859 ], [ 129.174999999999756, 35.524999999999856 ], [ 129.124999999999744, 35.524999999999856 ], [ 129.124999999999744, 35.474999999999859 ], [ 129.174999999999756, 35.474999999999859 ] ] ] } },
{ "type": "Feature", "properties": { "variability_nT": 268.3, "tier": "optimal", "score": 10.0 }, "geometry": { "type": "Polygon", "coordinates": [ [ [ 129.224999999999739, 35.474999999999859 ], [ 129.224999999999739, 35.524999999999856 ], [ 129.174999999999727, 35.524999999999856 ], [ 129.174999999999727, 35.474999999999859 ], [ 129.224999999999739, 35.474999999999859 ] ] ] } },
{ "type": "Feature", "properties": { "variability_nT": 279.7, "tier": "optimal", "score": 10.0 }, "geometry": { "type": "Polygon", "coordinates": [ [ [ 129.274999999999721, 35.474999999999859 ], [ 129.274999999999721, 35.524999999999856 ], [ 129.22499999999971, 35.524999999999856 ], [ 129.22499999999971, 35.474999999999859 ], [ 129.274999999999721, 35.474999999999859 ] ] ] } },
{ "type": "Feature", "properties": { "variability_nT": 350.4, "tier": "optimal", "score": 10.0 }, "geometry": { "type": "Polygon", "coordinates": [ [ [ 129.324999999999733, 35.474999999999859 ], [ 129.324999999999733, 35.524999999999856 ], [ 129.274999999999721, 35.524999999999856 ], [ 129.274999999999721, 35.474999999999859 ], [ 129.324999999999733, 35.474999999999859 ] ] ] } },
{ "type": "Feature", "properties": { "variability_nT": 342.4, "tier": "optimal", "score": 10.0 }, "geometry": { "type": "Polygon", "coordinates": [ [ [ 129.374999999999744, 35.474999999999859 ], [ 129.374999999999744, 35.524999999999856 ], [ 129.324999999999733, 35.524999999999856 ], [ 129.324999999999733, 35.474999999999859 ], [ 129.374999999999744, 35.474999999999859 ] ] ] } },
{ "type": "Feature", "properties": { "variability_nT": 231.8, "tier": "optimal", "score": 10.0 }, "geometry": { "type": "Polygon", "coordinates": [ [ [ 129.424999999999727, 35.474999999999859 ], [ 129.424999999999727, 35.524999999999856 ], [ 129.374999999999716, 35.524999999999856 ], [ 129.374999999999716, 35.474999999999859 ], [ 129.424999999999727, 35.474999999999859 ] ] ] } },
{ "type": "Feature", "properties": { "variability_nT": 220.7, "tier": "optimal", "score": 10.0 }, "geometry": { "type": "Polygon", "coordinates": [ [ [ 126.325, 35.524999999999856 ], [ 126.325, 35.574999999999854 ], [ 126.274999999999892, 35.574999999999854 ], [ 126.274999999999892, 35.524999999999856 ], [ 126.325, 35.524999999999856 ] ] ] } },
{ "type": "Feature", "properties": { "variability_nT": 191.3, "tier": "optimal", "score": 10.0 }, "geometry": { "type": "Polygon", "coordinates": [ [ [ 126.375, 35.524999999999856 ], [ 126.375, 35.574999999999854 ], [ 126.324999999999889, 35.574999999999854 ], [ 126.324999999999889, 35.524999999999856 ], [ 126.375, 35.524999999999856 ] ] ] } },
{ "type": "Feature", "properties": { "variability_nT": 161.8, "tier": "optimal", "score": 10.0 }, "geometry": { "type": "Polygon", "coordinates": [ [ [ 126.424999999999898, 35.524999999999856 ], [ 126.424999999999898, 35.574999999999854 ], [ 126.374999999999886, 35.574999999999854 ], [ 126.374999999999886, 35.524999999999856 ], [ 126.424999999999898, 35.524999999999856 ] ] ] } },
{ "type": "Feature", "properties": { "variability_nT": 274.8, "tier": "optimal", "score": 10.0 }, "geometry": { "type": "Polygon", "coordinates": [ [ [ 126.474999999999895, 35.524999999999856 ], [ 126.474999999999895, 35.574999999999854 ], [ 126.424999999999883, 35.574999999999854 ], [ 126.424999999999883, 35.524999999999856 ], [ 126.474999999999895, 35.524999999999856 ] ] ] } },
{ "type": "Feature", "properties": { "variability_nT": 392.8, "tier": "optimal", "score": 10.0 }, "geometry": { "type": "Polygon", "coordinates": [ [ [ 126.574999999999889, 35.524999999999856 ], [ 126.574999999999889, 35.574999999999854 ], [ 126.524999999999878, 35.574999999999854 ], [ 126.524999999999878, 35.524999999999856 ], [ 126.574999999999889, 35.524999999999856 ] ] ] } },
{ "type": "Feature", "properties": { "variability_nT": 344.7, "tier": "optimal", "score": 10.0 }, "geometry": { "type": "Polygon", "coordinates": [ [ [ 126.624999999999886, 35.524999999999856 ], [ 126.624999999999886, 35.574999999999854 ], [ 126.574999999999875, 35.574999999999854 ], [ 126.574999999999875, 35.524999999999856 ], [ 126.624999999999886, 35.524999999999856 ] ] ] } },
{ "type": "Feature", "properties": { "variability_nT": 194.3, "tier": "optimal", "score": 10.0 }, "geometry": { "type": "Polygon", "coordinates": [ [ [ 126.674999999999883, 35.524999999999856 ], [ 126.674999999999883, 35.574999999999854 ], [ 126.624999999999872, 35.574999999999854 ], [ 126.624999999999872, 35.524999999999856 ], [ 126.674999999999883, 35.524999999999856 ] ] ] } },
{ "type": "Feature", "properties": { "variability_nT": 175.9, "tier": "optimal", "score": 10.0 }, "geometry": { "type": "Polygon", "coordinates": [ [ [ 126.724999999999881, 35.524999999999856 ], [ 126.724999999999881, 35.574999999999854 ], [ 126.674999999999869, 35.574999999999854 ], [ 126.674999999999869, 35.524999999999856 ], [ 126.724999999999881, 35.524999999999856 ] ] ] } },
{ "type": "Feature", "properties": { "variability_nT": 190.9, "tier": "optimal", "score": 10.0 }, "geometry": { "type": "Polygon", "coordinates": [ [ [ 126.774999999999878, 35.524999999999856 ], [ 126.774999999999878, 35.574999999999854 ], [ 126.724999999999866, 35.574999999999854 ], [ 126.724999999999866, 35.524999999999856 ], [ 126.774999999999878, 35.524999999999856 ] ] ] } },
{ "type": "Feature", "properties": { "variability_nT": 197.6, "tier": "optimal", "score": 10.0 }, "geometry": { "type": "Polygon", "coordinates": [ [ [ 126.824999999999875, 35.524999999999856 ], [ 126.824999999999875, 35.574999999999854 ], [ 126.774999999999864, 35.574999999999854 ], [ 126.774999999999864, 35.524999999999856 ], [ 126.824999999999875, 35.524999999999856 ] ] ] } },
{ "type": "Feature", "properties": { "variability_nT": 278.3, "tier": "optimal", "score": 10.0 }, "geometry": { "type": "Polygon", "coordinates": [ [ [ 126.874999999999872, 35.524999999999856 ], [ 126.874999999999872, 35.574999999999854 ], [ 126.824999999999861, 35.574999999999854 ], [ 126.824999999999861, 35.524999999999856 ], [ 126.874999999999872, 35.524999999999856 ] ] ] } },
{ "type": "Feature", "properties": { "variability_nT": 220.9, "tier": "optimal", "score": 10.0 }, "geometry": { "type": "Polygon", "coordinates": [ [ [ 126.924999999999869, 35.524999999999856 ], [ 126.924999999999869, 35.574999999999854 ], [ 126.874999999999858, 35.574999999999854 ], [ 126.874999999999858, 35.524999999999856 ], [ 126.924999999999869, 35.524999999999856 ] ] ] } },
{ "type": "Feature", "properties": { "variability_nT": 189.2, "tier": "optimal", "score": 10.0 }, "geometry": { "type": "Polygon", "coordinates": [ [ [ 126.974999999999866, 35.524999999999856 ], [ 126.974999999999866, 35.574999999999854 ], [ 126.924999999999855, 35.574999999999854 ], [ 126.924999999999855, 35.524999999999856 ], [ 126.974999999999866, 35.524999999999856 ] ] ] } },
{ "type": "Feature", "properties": { "variability_nT": 283.4, "tier": "optimal", "score": 10.0 }, "geometry": { "type": "Polygon", "coordinates": [ [ [ 127.024999999999864, 35.524999999999856 ], [ 127.024999999999864, 35.574999999999854 ], [ 126.974999999999852, 35.574999999999854 ], [ 126.974999999999852, 35.524999999999856 ], [ 127.024999999999864, 35.524999999999856 ] ] ] } },
{ "type": "Feature", "properties": { "variability_nT": 150.2, "tier": "optimal", "score": 10.0 }, "geometry": { "type": "Polygon", "coordinates": [ [ [ 127.224999999999852, 35.524999999999856 ], [ 127.224999999999852, 35.574999999999854 ], [ 127.174999999999841, 35.574999999999854 ], [ 127.174999999999841, 35.524999999999856 ], [ 127.224999999999852, 35.524999999999856 ] ] ] } },
{ "type": "Feature", "properties": { "variability_nT": 200.4, "tier": "optimal", "score": 10.0 }, "geometry": { "type": "Polygon", "coordinates": [ [ [ 127.624999999999829, 35.524999999999856 ], [ 127.624999999999829, 35.574999999999854 ], [ 127.574999999999818, 35.574999999999854 ], [ 127.574999999999818, 35.524999999999856 ], [ 127.624999999999829, 35.524999999999856 ] ] ] } },
{ "type": "Feature", "properties": { "variability_nT": 178.9, "tier": "optimal", "score": 10.0 }, "geometry": { "type": "Polygon", "coordinates": [ [ [ 127.97499999999981, 35.524999999999856 ], [ 127.97499999999981, 35.574999999999854 ], [ 127.924999999999798, 35.574999999999854 ], [ 127.924999999999798, 35.524999999999856 ], [ 127.97499999999981, 35.524999999999856 ] ] ] } },
{ "type": "Feature", "properties": { "variability_nT": 216.4, "tier": "optimal", "score": 10.0 }, "geometry": { "type": "Polygon", "coordinates": [ [ [ 128.524999999999778, 35.524999999999856 ], [ 128.524999999999778, 35.574999999999854 ], [ 128.474999999999767, 35.574999999999854 ], [ 128.474999999999767, 35.524999999999856 ], [ 128.524999999999778, 35.524999999999856 ] ] ] } },
{ "type": "Feature", "properties": { "variability_nT": 186.7, "tier": "optimal", "score": 10.0 }, "geometry": { "type": "Polygon", "coordinates": [ [ [ 128.57499999999979, 35.524999999999856 ], [ 128.57499999999979, 35.574999999999854 ], [ 128.524999999999778, 35.574999999999854 ], [ 128.524999999999778, 35.524999999999856 ], [ 128.57499999999979, 35.524999999999856 ] ] ] } },
{ "type": "Feature", "properties": { "variability_nT": 203.8, "tier": "optimal", "score": 10.0 }, "geometry": { "type": "Polygon", "coordinates": [ [ [ 128.624999999999773, 35.524999999999856 ], [ 128.624999999999773, 35.574999999999854 ], [ 128.574999999999761, 35.574999999999854 ], [ 128.574999999999761, 35.524999999999856 ], [ 128.624999999999773, 35.524999999999856 ] ] ] } },
{ "type": "Feature", "properties": { "variability_nT": 224.6, "tier": "optimal", "score": 10.0 }, "geometry": { "type": "Polygon", "coordinates": [ [ [ 128.674999999999756, 35.524999999999856 ], [ 128.674999999999756, 35.574999999999854 ], [ 128.624999999999744, 35.574999999999854 ], [ 128.624999999999744, 35.524999999999856 ], [ 128.674999999999756, 35.524999999999856 ] ] ] } },
{ "type": "Feature", "properties": { "variability_nT": 256.1, "tier": "optimal", "score": 10.0 }, "geometry": { "type": "Polygon", "coordinates": [ [ [ 128.724999999999767, 35.524999999999856 ], [ 128.724999999999767, 35.574999999999854 ], [ 128.674999999999756, 35.574999999999854 ], [ 128.674999999999756, 35.524999999999856 ], [ 128.724999999999767, 35.524999999999856 ] ] ] } },
{ "type": "Feature", "properties": { "variability_nT": 396.3, "tier": "optimal", "score": 10.0 }, "geometry": { "type": "Polygon", "coordinates": [ [ [ 128.774999999999778, 35.524999999999856 ], [ 128.774999999999778, 35.574999999999854 ], [ 128.724999999999767, 35.574999999999854 ], [ 128.724999999999767, 35.524999999999856 ], [ 128.774999999999778, 35.524999999999856 ] ] ] } },
{ "type": "Feature", "properties": { "variability_nT": 354.0, "tier": "optimal", "score": 10.0 }, "geometry": { "type": "Polygon", "coordinates": [ [ [ 128.824999999999761, 35.524999999999856 ], [ 128.824999999999761, 35.574999999999854 ], [ 128.77499999999975, 35.574999999999854 ], [ 128.77499999999975, 35.524999999999856 ], [ 128.824999999999761, 35.524999999999856 ] ] ] } },
{ "type": "Feature", "properties": { "variability_nT": 368.2, "tier": "optimal", "score": 10.0 }, "geometry": { "type": "Polygon", "coordinates": [ [ [ 128.874999999999744, 35.524999999999856 ], [ 128.874999999999744, 35.574999999999854 ], [ 128.824999999999733, 35.574999999999854 ], [ 128.824999999999733, 35.524999999999856 ], [ 128.874999999999744, 35.524999999999856 ] ] ] } },
{ "type": "Feature", "properties": { "variability_nT": 258.8, "tier": "optimal", "score": 10.0 }, "geometry": { "type": "Polygon", "coordinates": [ [ [ 128.924999999999756, 35.524999999999856 ], [ 128.924999999999756, 35.574999999999854 ], [ 128.874999999999744, 35.574999999999854 ], [ 128.874999999999744, 35.524999999999856 ], [ 128.924999999999756, 35.524999999999856 ] ] ] } },
{ "type": "Feature", "properties": { "variability_nT": 262.9, "tier": "optimal", "score": 10.0 }, "geometry": { "type": "Polygon", "coordinates": [ [ [ 129.02499999999975, 35.524999999999856 ], [ 129.02499999999975, 35.574999999999854 ], [ 128.974999999999739, 35.574999999999854 ], [ 128.974999999999739, 35.524999999999856 ], [ 129.02499999999975, 35.524999999999856 ] ] ] } },
{ "type": "Feature", "properties": { "variability_nT": 395.6, "tier": "optimal", "score": 10.0 }, "geometry": { "type": "Polygon", "coordinates": [ [ [ 129.074999999999733, 35.524999999999856 ], [ 129.074999999999733, 35.574999999999854 ], [ 129.024999999999721, 35.574999999999854 ], [ 129.024999999999721, 35.524999999999856 ], [ 129.074999999999733, 35.524999999999856 ] ] ] } },
{ "type": "Feature", "properties": { "variability_nT": 350.8, "tier": "optimal", "score": 10.0 }, "geometry": { "type": "Polygon", "coordinates": [ [ [ 129.124999999999744, 35.524999999999856 ], [ 129.124999999999744, 35.574999999999854 ], [ 129.074999999999733, 35.574999999999854 ], [ 129.074999999999733, 35.524999999999856 ], [ 129.124999999999744, 35.524999999999856 ] ] ] } },
{ "type": "Feature", "properties": { "variability_nT": 271.1, "tier": "optimal", "score": 10.0 }, "geometry": { "type": "Polygon", "coordinates": [ [ [ 129.224999999999739, 35.524999999999856 ], [ 129.224999999999739, 35.574999999999854 ], [ 129.174999999999727, 35.574999999999854 ], [ 129.174999999999727, 35.524999999999856 ], [ 129.224999999999739, 35.524999999999856 ] ] ] } },
{ "type": "Feature", "properties": { "variability_nT": 264.7, "tier": "optimal", "score": 10.0 }, "geometry": { "type": "Polygon", "coordinates": [ [ [ 129.274999999999721, 35.524999999999856 ], [ 129.274999999999721, 35.574999999999854 ], [ 129.22499999999971, 35.574999999999854 ], [ 129.22499999999971, 35.524999999999856 ], [ 129.274999999999721, 35.524999999999856 ] ] ] } },
{ "type": "Feature", "properties": { "variability_nT": 229.1, "tier": "optimal", "score": 10.0 }, "geometry": { "type": "Polygon", "coordinates": [ [ [ 129.324999999999733, 35.524999999999856 ], [ 129.324999999999733, 35.574999999999854 ], [ 129.274999999999721, 35.574999999999854 ], [ 129.274999999999721, 35.524999999999856 ], [ 129.324999999999733, 35.524999999999856 ] ] ] } },
{ "type": "Feature", "properties": { "variability_nT": 223.1, "tier": "optimal", "score": 10.0 }, "geometry": { "type": "Polygon", "coordinates": [ [ [ 129.374999999999744, 35.524999999999856 ], [ 129.374999999999744, 35.574999999999854 ], [ 129.324999999999733, 35.574999999999854 ], [ 129.324999999999733, 35.524999999999856 ], [ 129.374999999999744, 35.524999999999856 ] ] ] } },
{ "type": "Feature", "properties": { "variability_nT": 151.5, "tier": "optimal", "score": 10.0 }, "geometry": { "type": "Polygon", "coordinates": [ [ [ 129.424999999999727, 35.524999999999856 ], [ 129.424999999999727, 35.574999999999854 ], [ 129.374999999999716, 35.574999999999854 ], [ 129.374999999999716, 35.524999999999856 ], [ 129.424999999999727, 35.524999999999856 ] ] ] } },
{ "type": "Feature", "properties": { "variability_nT": 166.2, "tier": "optimal", "score": 10.0 }, "geometry": { "type": "Polygon", "coordinates": [ [ [ 129.47499999999971, 35.524999999999856 ], [ 129.47499999999971, 35.574999999999854 ], [ 129.424999999999699, 35.574999999999854 ], [ 129.424999999999699, 35.524999999999856 ], [ 129.47499999999971, 35.524999999999856 ] ] ] } },
{ "type": "Feature", "properties": { "variability_nT": 245.8, "tier": "optimal", "score": 10.0 }, "geometry": { "type": "Polygon", "coordinates": [ [ [ 129.524999999999721, 35.524999999999856 ], [ 129.524999999999721, 35.574999999999854 ], [ 129.47499999999971, 35.574999999999854 ], [ 129.47499999999971, 35.524999999999856 ], [ 129.524999999999721, 35.524999999999856 ] ] ] } },
{ "type": "Feature", "properties": { "variability_nT": 256.9, "tier": "optimal", "score": 10.0 }, "geometry": { "type": "Polygon", "coordinates": [ [ [ 126.474999999999895, 35.574999999999854 ], [ 126.474999999999895, 35.624999999999851 ], [ 126.424999999999883, 35.624999999999851 ], [ 126.424999999999883, 35.574999999999854 ], [ 126.474999999999895, 35.574999999999854 ] ] ] } },
{ "type": "Feature", "properties": { "variability_nT": 382.2, "tier": "optimal", "score": 10.0 }, "geometry": { "type": "Polygon", "coordinates": [ [ [ 126.574999999999889, 35.574999999999854 ], [ 126.574999999999889, 35.624999999999851 ], [ 126.524999999999878, 35.624999999999851 ], [ 126.524999999999878, 35.574999999999854 ], [ 126.574999999999889, 35.574999999999854 ] ] ] } },
{ "type": "Feature", "properties": { "variability_nT": 163.9, "tier": "optimal", "score": 10.0 }, "geometry": { "type": "Polygon", "coordinates": [ [ [ 126.624999999999886, 35.574999999999854 ], [ 126.624999999999886, 35.624999999999851 ], [ 126.574999999999875, 35.624999999999851 ], [ 126.574999999999875, 35.574999999999854 ], [ 126.624999999999886, 35.574999999999854 ] ] ] } },
{ "type": "Feature", "properties": { "variability_nT": 167.6, "tier": "optimal", "score": 10.0 }, "geometry": { "type": "Polygon", "coordinates": [ [ [ 126.674999999999883, 35.574999999999854 ], [ 126.674999999999883, 35.624999999999851 ], [ 126.624999999999872, 35.624999999999851 ], [ 126.624999999999872, 35.574999999999854 ], [ 126.674999999999883, 35.574999999999854 ] ] ] } },
{ "type": "Feature", "properties": { "variability_nT": 207.4, "tier": "optimal", "score": 10.0 }, "geometry": { "type": "Polygon", "coordinates": [ [ [ 126.724999999999881, 35.574999999999854 ], [ 126.724999999999881, 35.624999999999851 ], [ 126.674999999999869, 35.624999999999851 ], [ 126.674999999999869, 35.574999999999854 ], [ 126.724999999999881, 35.574999999999854 ] ] ] } },
{ "type": "Feature", "properties": { "variability_nT": 188.4, "tier": "optimal", "score": 10.0 }, "geometry": { "type": "Polygon", "coordinates": [ [ [ 126.774999999999878, 35.574999999999854 ], [ 126.774999999999878, 35.624999999999851 ], [ 126.724999999999866, 35.624999999999851 ], [ 126.724999999999866, 35.574999999999854 ], [ 126.774999999999878, 35.574999999999854 ] ] ] } },
{ "type": "Feature", "properties": { "variability_nT": 211.9, "tier": "optimal", "score": 10.0 }, "geometry": { "type": "Polygon", "coordinates": [ [ [ 126.824999999999875, 35.574999999999854 ], [ 126.824999999999875, 35.624999999999851 ], [ 126.774999999999864, 35.624999999999851 ], [ 126.774999999999864, 35.574999999999854 ], [ 126.824999999999875, 35.574999999999854 ] ] ] } },
{ "type": "Feature", "properties": { "variability_nT": 247.4, "tier": "optimal", "score": 10.0 }, "geometry": { "type": "Polygon", "coordinates": [ [ [ 126.874999999999872, 35.574999999999854 ], [ 126.874999999999872, 35.624999999999851 ], [ 126.824999999999861, 35.624999999999851 ], [ 126.824999999999861, 35.574999999999854 ], [ 126.874999999999872, 35.574999999999854 ] ] ] } },
{ "type": "Feature", "properties": { "variability_nT": 203.0, "tier": "optimal", "score": 10.0 }, "geometry": { "type": "Polygon", "coordinates": [ [ [ 126.924999999999869, 35.574999999999854 ], [ 126.924999999999869, 35.624999999999851 ], [ 126.874999999999858, 35.624999999999851 ], [ 126.874999999999858, 35.574999999999854 ], [ 126.924999999999869, 35.574999999999854 ] ] ] } },
{ "type": "Feature", "properties": { "variability_nT": 162.5, "tier": "optimal", "score": 10.0 }, "geometry": { "type": "Polygon", "coordinates": [ [ [ 126.974999999999866, 35.574999999999854 ], [ 126.974999999999866, 35.624999999999851 ], [ 126.924999999999855, 35.624999999999851 ], [ 126.924999999999855, 35.574999999999854 ], [ 126.974999999999866, 35.574999999999854 ] ] ] } },
{ "type": "Feature", "properties": { "variability_nT": 152.0, "tier": "optimal", "score": 10.0 }, "geometry": { "type": "Polygon", "coordinates": [ [ [ 127.024999999999864, 35.574999999999854 ], [ 127.024999999999864, 35.624999999999851 ], [ 126.974999999999852, 35.624999999999851 ], [ 126.974999999999852, 35.574999999999854 ], [ 127.024999999999864, 35.574999999999854 ] ] ] } },
{ "type": "Feature", "properties": { "variability_nT": 260.2, "tier": "optimal", "score": 10.0 }, "geometry": { "type": "Polygon", "coordinates": [ [ [ 127.074999999999861, 35.574999999999854 ], [ 127.074999999999861, 35.624999999999851 ], [ 127.024999999999849, 35.624999999999851 ], [ 127.024999999999849, 35.574999999999854 ], [ 127.074999999999861, 35.574999999999854 ] ] ] } },
{ "type": "Feature", "properties": { "variability_nT": 169.6, "tier": "optimal", "score": 10.0 }, "geometry": { "type": "Polygon", "coordinates": [ [ [ 127.174999999999855, 35.574999999999854 ], [ 127.174999999999855, 35.624999999999851 ], [ 127.124999999999844, 35.624999999999851 ], [ 127.124999999999844, 35.574999999999854 ], [ 127.174999999999855, 35.574999999999854 ] ] ] } },
{ "type": "Feature", "properties": { "variability_nT": 200.6, "tier": "optimal", "score": 10.0 }, "geometry": { "type": "Polygon", "coordinates": [ [ [ 127.424999999999841, 35.574999999999854 ], [ 127.424999999999841, 35.624999999999851 ], [ 127.374999999999829, 35.624999999999851 ], [ 127.374999999999829, 35.574999999999854 ], [ 127.424999999999841, 35.574999999999854 ] ] ] } },
{ "type": "Feature", "properties": { "variability_nT": 221.1, "tier": "optimal", "score": 10.0 }, "geometry": { "type": "Polygon", "coordinates": [ [ [ 127.474999999999838, 35.574999999999854 ], [ 127.474999999999838, 35.624999999999851 ], [ 127.424999999999827, 35.624999999999851 ], [ 127.424999999999827, 35.574999999999854 ], [ 127.474999999999838, 35.574999999999854 ] ] ] } },
{ "type": "Feature", "properties": { "variability_nT": 201.4, "tier": "optimal", "score": 10.0 }, "geometry": { "type": "Polygon", "coordinates": [ [ [ 127.874999999999815, 35.574999999999854 ], [ 127.874999999999815, 35.624999999999851 ], [ 127.824999999999804, 35.624999999999851 ], [ 127.824999999999804, 35.574999999999854 ], [ 127.874999999999815, 35.574999999999854 ] ] ] } },
{ "type": "Feature", "properties": { "variability_nT": 187.4, "tier": "optimal", "score": 10.0 }, "geometry": { "type": "Polygon", "coordinates": [ [ [ 127.924999999999812, 35.574999999999854 ], [ 127.924999999999812, 35.624999999999851 ], [ 127.874999999999801, 35.624999999999851 ], [ 127.874999999999801, 35.574999999999854 ], [ 127.924999999999812, 35.574999999999854 ] ] ] } },
{ "type": "Feature", "properties": { "variability_nT": 348.7, "tier": "optimal", "score": 10.0 }, "geometry": { "type": "Polygon", "coordinates": [ [ [ 128.174999999999812, 35.574999999999854 ], [ 128.174999999999812, 35.624999999999851 ], [ 128.124999999999801, 35.624999999999851 ], [ 128.124999999999801, 35.574999999999854 ], [ 128.174999999999812, 35.574999999999854 ] ] ] } },
{ "type": "Feature", "properties": { "variability_nT": 167.1, "tier": "optimal", "score": 10.0 }, "geometry": { "type": "Polygon", "coordinates": [ [ [ 128.224999999999795, 35.574999999999854 ], [ 128.224999999999795, 35.624999999999851 ], [ 128.174999999999784, 35.624999999999851 ], [ 128.174999999999784, 35.574999999999854 ], [ 128.224999999999795, 35.574999999999854 ] ] ] } },
{ "type": "Feature", "properties": { "variability_nT": 305.9, "tier": "optimal", "score": 10.0 }, "geometry": { "type": "Polygon", "coordinates": [ [ [ 128.524999999999778, 35.574999999999854 ], [ 128.524999999999778, 35.624999999999851 ], [ 128.474999999999767, 35.624999999999851 ], [ 128.474999999999767, 35.574999999999854 ], [ 128.524999999999778, 35.574999999999854 ] ] ] } },
{ "type": "Feature", "properties": { "variability_nT": 369.1, "tier": "optimal", "score": 10.0 }, "geometry": { "type": "Polygon", "coordinates": [ [ [ 128.57499999999979, 35.574999999999854 ], [ 128.57499999999979, 35.624999999999851 ], [ 128.524999999999778, 35.624999999999851 ], [ 128.524999999999778, 35.574999999999854 ], [ 128.57499999999979, 35.574999999999854 ] ] ] } },
{ "type": "Feature", "properties": { "variability_nT": 298.5, "tier": "optimal", "score": 10.0 }, "geometry": { "type": "Polygon", "coordinates": [ [ [ 128.674999999999756, 35.574999999999854 ], [ 128.674999999999756, 35.624999999999851 ], [ 128.624999999999744, 35.624999999999851 ], [ 128.624999999999744, 35.574999999999854 ], [ 128.674999999999756, 35.574999999999854 ] ] ] } },
{ "type": "Feature", "properties": { "variability_nT": 379.4, "tier": "optimal", "score": 10.0 }, "geometry": { "type": "Polygon", "coordinates": [ [ [ 128.824999999999761, 35.574999999999854 ], [ 128.824999999999761, 35.624999999999851 ], [ 128.77499999999975, 35.624999999999851 ], [ 128.77499999999975, 35.574999999999854 ], [ 128.824999999999761, 35.574999999999854 ] ] ] } },
{ "type": "Feature", "properties": { "variability_nT": 268.6, "tier": "optimal", "score": 10.0 }, "geometry": { "type": "Polygon", "coordinates": [ [ [ 128.874999999999744, 35.574999999999854 ], [ 128.874999999999744, 35.624999999999851 ], [ 128.824999999999733, 35.624999999999851 ], [ 128.824999999999733, 35.574999999999854 ], [ 128.874999999999744, 35.574999999999854 ] ] ] } },
{ "type": "Feature", "properties": { "variability_nT": 384.9, "tier": "optimal", "score": 10.0 }, "geometry": { "type": "Polygon", "coordinates": [ [ [ 128.924999999999756, 35.574999999999854 ], [ 128.924999999999756, 35.624999999999851 ], [ 128.874999999999744, 35.624999999999851 ], [ 128.874999999999744, 35.574999999999854 ], [ 128.924999999999756, 35.574999999999854 ] ] ] } },
{ "type": "Feature", "properties": { "variability_nT": 255.8, "tier": "optimal", "score": 10.0 }, "geometry": { "type": "Polygon", "coordinates": [ [ [ 128.974999999999767, 35.574999999999854 ], [ 128.974999999999767, 35.624999999999851 ], [ 128.924999999999756, 35.624999999999851 ], [ 128.924999999999756, 35.574999999999854 ], [ 128.974999999999767, 35.574999999999854 ] ] ] } },
{ "type": "Feature", "properties": { "variability_nT": 385.3, "tier": "optimal", "score": 10.0 }, "geometry": { "type": "Polygon", "coordinates": [ [ [ 129.02499999999975, 35.574999999999854 ], [ 129.02499999999975, 35.624999999999851 ], [ 128.974999999999739, 35.624999999999851 ], [ 128.974999999999739, 35.574999999999854 ], [ 129.02499999999975, 35.574999999999854 ] ] ] } },
{ "type": "Feature", "properties": { "variability_nT": 250.6, "tier": "optimal", "score": 10.0 }, "geometry": { "type": "Polygon", "coordinates": [ [ [ 129.124999999999744, 35.574999999999854 ], [ 129.124999999999744, 35.624999999999851 ], [ 129.074999999999733, 35.624999999999851 ], [ 129.074999999999733, 35.574999999999854 ], [ 129.124999999999744, 35.574999999999854 ] ] ] } },
{ "type": "Feature", "properties": { "variability_nT": 237.9, "tier": "optimal", "score": 10.0 }, "geometry": { "type": "Polygon", "coordinates": [ [ [ 129.174999999999756, 35.574999999999854 ], [ 129.174999999999756, 35.624999999999851 ], [ 129.124999999999744, 35.624999999999851 ], [ 129.124999999999744, 35.574999999999854 ], [ 129.174999999999756, 35.574999999999854 ] ] ] } },
{ "type": "Feature", "properties": { "variability_nT": 172.3, "tier": "optimal", "score": 10.0 }, "geometry": { "type": "Polygon", "coordinates": [ [ [ 129.274999999999721, 35.574999999999854 ], [ 129.274999999999721, 35.624999999999851 ], [ 129.22499999999971, 35.624999999999851 ], [ 129.22499999999971, 35.574999999999854 ], [ 129.274999999999721, 35.574999999999854 ] ] ] } },
{ "type": "Feature", "properties": { "variability_nT": 241.0, "tier": "optimal", "score": 10.0 }, "geometry": { "type": "Polygon", "coordinates": [ [ [ 129.47499999999971, 35.574999999999854 ], [ 129.47499999999971, 35.624999999999851 ], [ 129.424999999999699, 35.624999999999851 ], [ 129.424999999999699, 35.574999999999854 ], [ 129.47499999999971, 35.574999999999854 ] ] ] } },
{ "type": "Feature", "properties": { "variability_nT": 192.5, "tier": "optimal", "score": 10.0 }, "geometry": { "type": "Polygon", "coordinates": [ [ [ 129.524999999999721, 35.574999999999854 ], [ 129.524999999999721, 35.624999999999851 ], [ 129.47499999999971, 35.624999999999851 ], [ 129.47499999999971, 35.574999999999854 ], [ 129.524999999999721, 35.574999999999854 ] ] ] } },
{ "type": "Feature", "properties": { "variability_nT": 152.2, "tier": "optimal", "score": 10.0 }, "geometry": { "type": "Polygon", "coordinates": [ [ [ 126.275, 35.624999999999851 ], [ 126.275, 35.674999999999848 ], [ 126.224999999999895, 35.674999999999848 ], [ 126.224999999999895, 35.624999999999851 ], [ 126.275, 35.624999999999851 ] ] ] } },
{ "type": "Feature", "properties": { "variability_nT": 327.6, "tier": "optimal", "score": 10.0 }, "geometry": { "type": "Polygon", "coordinates": [ [ [ 126.375, 35.624999999999851 ], [ 126.375, 35.674999999999848 ], [ 126.324999999999889, 35.674999999999848 ], [ 126.324999999999889, 35.624999999999851 ], [ 126.375, 35.624999999999851 ] ] ] } },
{ "type": "Feature", "properties": { "variability_nT": 191.3, "tier": "optimal", "score": 10.0 }, "geometry": { "type": "Polygon", "coordinates": [ [ [ 126.424999999999898, 35.624999999999851 ], [ 126.424999999999898, 35.674999999999848 ], [ 126.374999999999886, 35.674999999999848 ], [ 126.374999999999886, 35.624999999999851 ], [ 126.424999999999898, 35.624999999999851 ] ] ] } },
{ "type": "Feature", "properties": { "variability_nT": 254.6, "tier": "optimal", "score": 10.0 }, "geometry": { "type": "Polygon", "coordinates": [ [ [ 126.474999999999895, 35.624999999999851 ], [ 126.474999999999895, 35.674999999999848 ], [ 126.424999999999883, 35.674999999999848 ], [ 126.424999999999883, 35.624999999999851 ], [ 126.474999999999895, 35.624999999999851 ] ] ] } },
{ "type": "Feature", "properties": { "variability_nT": 386.3, "tier": "optimal", "score": 10.0 }, "geometry": { "type": "Polygon", "coordinates": [ [ [ 126.524999999999892, 35.624999999999851 ], [ 126.524999999999892, 35.674999999999848 ], [ 126.474999999999881, 35.674999999999848 ], [ 126.474999999999881, 35.624999999999851 ], [ 126.524999999999892, 35.624999999999851 ] ] ] } },
{ "type": "Feature", "properties": { "variability_nT": 239.0, "tier": "optimal", "score": 10.0 }, "geometry": { "type": "Polygon", "coordinates": [ [ [ 126.574999999999889, 35.624999999999851 ], [ 126.574999999999889, 35.674999999999848 ], [ 126.524999999999878, 35.674999999999848 ], [ 126.524999999999878, 35.624999999999851 ], [ 126.574999999999889, 35.624999999999851 ] ] ] } },
{ "type": "Feature", "properties": { "variability_nT": 184.4, "tier": "optimal", "score": 10.0 }, "geometry": { "type": "Polygon", "coordinates": [ [ [ 126.674999999999883, 35.624999999999851 ], [ 126.674999999999883, 35.674999999999848 ], [ 126.624999999999872, 35.674999999999848 ], [ 126.624999999999872, 35.624999999999851 ], [ 126.674999999999883, 35.624999999999851 ] ] ] } },
{ "type": "Feature", "properties": { "variability_nT": 307.1, "tier": "optimal", "score": 10.0 }, "geometry": { "type": "Polygon", "coordinates": [ [ [ 126.724999999999881, 35.624999999999851 ], [ 126.724999999999881, 35.674999999999848 ], [ 126.674999999999869, 35.674999999999848 ], [ 126.674999999999869, 35.624999999999851 ], [ 126.724999999999881, 35.624999999999851 ] ] ] } },
{ "type": "Feature", "properties": { "variability_nT": 185.3, "tier": "optimal", "score": 10.0 }, "geometry": { "type": "Polygon", "coordinates": [ [ [ 126.774999999999878, 35.624999999999851 ], [ 126.774999999999878, 35.674999999999848 ], [ 126.724999999999866, 35.674999999999848 ], [ 126.724999999999866, 35.624999999999851 ], [ 126.774999999999878, 35.624999999999851 ] ] ] } },
{ "type": "Feature", "properties": { "variability_nT": 180.3, "tier": "optimal", "score": 10.0 }, "geometry": { "type": "Polygon", "coordinates": [ [ [ 126.874999999999872, 35.624999999999851 ], [ 126.874999999999872, 35.674999999999848 ], [ 126.824999999999861, 35.674999999999848 ], [ 126.824999999999861, 35.624999999999851 ], [ 126.874999999999872, 35.624999999999851 ] ] ] } },
{ "type": "Feature", "properties": { "variability_nT": 259.0, "tier": "optimal", "score": 10.0 }, "geometry": { "type": "Polygon", "coordinates": [ [ [ 126.924999999999869, 35.624999999999851 ], [ 126.924999999999869, 35.674999999999848 ], [ 126.874999999999858, 35.674999999999848 ], [ 126.874999999999858, 35.624999999999851 ], [ 126.924999999999869, 35.624999999999851 ] ] ] } },
{ "type": "Feature", "properties": { "variability_nT": 231.1, "tier": "optimal", "score": 10.0 }, "geometry": { "type": "Polygon", "coordinates": [ [ [ 127.424999999999841, 35.624999999999851 ], [ 127.424999999999841, 35.674999999999848 ], [ 127.374999999999829, 35.674999999999848 ], [ 127.374999999999829, 35.624999999999851 ], [ 127.424999999999841, 35.624999999999851 ] ] ] } },
{ "type": "Feature", "properties": { "variability_nT": 256.0, "tier": "optimal", "score": 10.0 }, "geometry": { "type": "Polygon", "coordinates": [ [ [ 127.474999999999838, 35.624999999999851 ], [ 127.474999999999838, 35.674999999999848 ], [ 127.424999999999827, 35.674999999999848 ], [ 127.424999999999827, 35.624999999999851 ], [ 127.474999999999838, 35.624999999999851 ] ] ] } },
{ "type": "Feature", "properties": { "variability_nT": 204.8, "tier": "optimal", "score": 10.0 }, "geometry": { "type": "Polygon", "coordinates": [ [ [ 127.874999999999815, 35.624999999999851 ], [ 127.874999999999815, 35.674999999999848 ], [ 127.824999999999804, 35.674999999999848 ], [ 127.824999999999804, 35.624999999999851 ], [ 127.874999999999815, 35.624999999999851 ] ] ] } },
{ "type": "Feature", "properties": { "variability_nT": 228.8, "tier": "optimal", "score": 10.0 }, "geometry": { "type": "Polygon", "coordinates": [ [ [ 127.924999999999812, 35.624999999999851 ], [ 127.924999999999812, 35.674999999999848 ], [ 127.874999999999801, 35.674999999999848 ], [ 127.874999999999801, 35.624999999999851 ], [ 127.924999999999812, 35.624999999999851 ] ] ] } },
{ "type": "Feature", "properties": { "variability_nT": 261.6, "tier": "optimal", "score": 10.0 }, "geometry": { "type": "Polygon", "coordinates": [ [ [ 127.97499999999981, 35.624999999999851 ], [ 127.97499999999981, 35.674999999999848 ], [ 127.924999999999798, 35.674999999999848 ], [ 127.924999999999798, 35.624999999999851 ], [ 127.97499999999981, 35.624999999999851 ] ] ] } },
{ "type": "Feature", "properties": { "variability_nT": 152.8, "tier": "optimal", "score": 10.0 }, "geometry": { "type": "Polygon", "coordinates": [ [ [ 128.274999999999778, 35.624999999999851 ], [ 128.274999999999778, 35.674999999999848 ], [ 128.224999999999767, 35.674999999999848 ], [ 128.224999999999767, 35.624999999999851 ], [ 128.274999999999778, 35.624999999999851 ] ] ] } },
{ "type": "Feature", "properties": { "variability_nT": 160.4, "tier": "optimal", "score": 10.0 }, "geometry": { "type": "Polygon", "coordinates": [ [ [ 128.474999999999767, 35.624999999999851 ], [ 128.474999999999767, 35.674999999999848 ], [ 128.424999999999756, 35.674999999999848 ], [ 128.424999999999756, 35.624999999999851 ], [ 128.474999999999767, 35.624999999999851 ] ] ] } },
{ "type": "Feature", "properties": { "variability_nT": 279.7, "tier": "optimal", "score": 10.0 }, "geometry": { "type": "Polygon", "coordinates": [ [ [ 128.674999999999756, 35.624999999999851 ], [ 128.674999999999756, 35.674999999999848 ], [ 128.624999999999744, 35.674999999999848 ], [ 128.624999999999744, 35.624999999999851 ], [ 128.674999999999756, 35.624999999999851 ] ] ] } },
{ "type": "Feature", "properties": { "variability_nT": 358.5, "tier": "optimal", "score": 10.0 }, "geometry": { "type": "Polygon", "coordinates": [ [ [ 128.724999999999767, 35.624999999999851 ], [ 128.724999999999767, 35.674999999999848 ], [ 128.674999999999756, 35.674999999999848 ], [ 128.674999999999756, 35.624999999999851 ], [ 128.724999999999767, 35.624999999999851 ] ] ] } },
{ "type": "Feature", "properties": { "variability_nT": 384.7, "tier": "optimal", "score": 10.0 }, "geometry": { "type": "Polygon", "coordinates": [ [ [ 128.824999999999761, 35.624999999999851 ], [ 128.824999999999761, 35.674999999999848 ], [ 128.77499999999975, 35.674999999999848 ], [ 128.77499999999975, 35.624999999999851 ], [ 128.824999999999761, 35.624999999999851 ] ] ] } },
{ "type": "Feature", "properties": { "variability_nT": 358.4, "tier": "optimal", "score": 10.0 }, "geometry": { "type": "Polygon", "coordinates": [ [ [ 128.874999999999744, 35.624999999999851 ], [ 128.874999999999744, 35.674999999999848 ], [ 128.824999999999733, 35.674999999999848 ], [ 128.824999999999733, 35.624999999999851 ], [ 128.874999999999744, 35.624999999999851 ] ] ] } },
{ "type": "Feature", "properties": { "variability_nT": 360.8, "tier": "optimal", "score": 10.0 }, "geometry": { "type": "Polygon", "coordinates": [ [ [ 129.02499999999975, 35.624999999999851 ], [ 129.02499999999975, 35.674999999999848 ], [ 128.974999999999739, 35.674999999999848 ], [ 128.974999999999739, 35.624999999999851 ], [ 129.02499999999975, 35.624999999999851 ] ] ] } },
{ "type": "Feature", "properties": { "variability_nT": 304.7, "tier": "optimal", "score": 10.0 }, "geometry": { "type": "Polygon", "coordinates": [ [ [ 129.074999999999733, 35.624999999999851 ], [ 129.074999999999733, 35.674999999999848 ], [ 129.024999999999721, 35.674999999999848 ], [ 129.024999999999721, 35.624999999999851 ], [ 129.074999999999733, 35.624999999999851 ] ] ] } },
{ "type": "Feature", "properties": { "variability_nT": 370.5, "tier": "optimal", "score": 10.0 }, "geometry": { "type": "Polygon", "coordinates": [ [ [ 129.124999999999744, 35.624999999999851 ], [ 129.124999999999744, 35.674999999999848 ], [ 129.074999999999733, 35.674999999999848 ], [ 129.074999999999733, 35.624999999999851 ], [ 129.124999999999744, 35.624999999999851 ] ] ] } },
{ "type": "Feature", "properties": { "variability_nT": 332.0, "tier": "optimal", "score": 10.0 }, "geometry": { "type": "Polygon", "coordinates": [ [ [ 129.174999999999756, 35.624999999999851 ], [ 129.174999999999756, 35.674999999999848 ], [ 129.124999999999744, 35.674999999999848 ], [ 129.124999999999744, 35.624999999999851 ], [ 129.174999999999756, 35.624999999999851 ] ] ] } },
{ "type": "Feature", "properties": { "variability_nT": 218.8, "tier": "optimal", "score": 10.0 }, "geometry": { "type": "Polygon", "coordinates": [ [ [ 129.224999999999739, 35.624999999999851 ], [ 129.224999999999739, 35.674999999999848 ], [ 129.174999999999727, 35.674999999999848 ], [ 129.174999999999727, 35.624999999999851 ], [ 129.224999999999739, 35.624999999999851 ] ] ] } },
{ "type": "Feature", "properties": { "variability_nT": 212.5, "tier": "optimal", "score": 10.0 }, "geometry": { "type": "Polygon", "coordinates": [ [ [ 129.274999999999721, 35.624999999999851 ], [ 129.274999999999721, 35.674999999999848 ], [ 129.22499999999971, 35.674999999999848 ], [ 129.22499999999971, 35.624999999999851 ], [ 129.274999999999721, 35.624999999999851 ] ] ] } },
{ "type": "Feature", "properties": { "variability_nT": 205.2, "tier": "optimal", "score": 10.0 }, "geometry": { "type": "Polygon", "coordinates": [ [ [ 129.424999999999727, 35.624999999999851 ], [ 129.424999999999727, 35.674999999999848 ], [ 129.374999999999716, 35.674999999999848 ], [ 129.374999999999716, 35.624999999999851 ], [ 129.424999999999727, 35.624999999999851 ] ] ] } },
{ "type": "Feature", "properties": { "variability_nT": 206.5, "tier": "optimal", "score": 10.0 }, "geometry": { "type": "Polygon", "coordinates": [ [ [ 129.47499999999971, 35.624999999999851 ], [ 129.47499999999971, 35.674999999999848 ], [ 129.424999999999699, 35.674999999999848 ], [ 129.424999999999699, 35.624999999999851 ], [ 129.47499999999971, 35.624999999999851 ] ] ] } },
{ "type": "Feature", "properties": { "variability_nT": 193.5, "tier": "optimal", "score": 10.0 }, "geometry": { "type": "Polygon", "coordinates": [ [ [ 129.524999999999721, 35.624999999999851 ], [ 129.524999999999721, 35.674999999999848 ], [ 129.47499999999971, 35.674999999999848 ], [ 129.47499999999971, 35.624999999999851 ], [ 129.524999999999721, 35.624999999999851 ] ] ] } },
{ "type": "Feature", "properties": { "variability_nT": 154.0, "tier": "optimal", "score": 10.0 }, "geometry": { "type": "Polygon", "coordinates": [ [ [ 126.275, 35.674999999999848 ], [ 126.275, 35.724999999999845 ], [ 126.224999999999895, 35.724999999999845 ], [ 126.224999999999895, 35.674999999999848 ], [ 126.275, 35.674999999999848 ] ] ] } },
{ "type": "Feature", "properties": { "variability_nT": 152.4, "tier": "optimal", "score": 10.0 }, "geometry": { "type": "Polygon", "coordinates": [ [ [ 126.325, 35.674999999999848 ], [ 126.325, 35.724999999999845 ], [ 126.274999999999892, 35.724999999999845 ], [ 126.274999999999892, 35.674999999999848 ], [ 126.325, 35.674999999999848 ] ] ] } },
{ "type": "Feature", "properties": { "variability_nT": 178.3, "tier": "optimal", "score": 10.0 }, "geometry": { "type": "Polygon", "coordinates": [ [ [ 126.375, 35.674999999999848 ], [ 126.375, 35.724999999999845 ], [ 126.324999999999889, 35.724999999999845 ], [ 126.324999999999889, 35.674999999999848 ], [ 126.375, 35.674999999999848 ] ] ] } },
{ "type": "Feature", "properties": { "variability_nT": 233.0, "tier": "optimal", "score": 10.0 }, "geometry": { "type": "Polygon", "coordinates": [ [ [ 126.424999999999898, 35.674999999999848 ], [ 126.424999999999898, 35.724999999999845 ], [ 126.374999999999886, 35.724999999999845 ], [ 126.374999999999886, 35.674999999999848 ], [ 126.424999999999898, 35.674999999999848 ] ] ] } },
{ "type": "Feature", "properties": { "variability_nT": 235.5, "tier": "optimal", "score": 10.0 }, "geometry": { "type": "Polygon", "coordinates": [ [ [ 126.474999999999895, 35.674999999999848 ], [ 126.474999999999895, 35.724999999999845 ], [ 126.424999999999883, 35.724999999999845 ], [ 126.424999999999883, 35.674999999999848 ], [ 126.474999999999895, 35.674999999999848 ] ] ] } },
{ "type": "Feature", "properties": { "variability_nT": 188.9, "tier": "optimal", "score": 10.0 }, "geometry": { "type": "Polygon", "coordinates": [ [ [ 126.524999999999892, 35.674999999999848 ], [ 126.524999999999892, 35.724999999999845 ], [ 126.474999999999881, 35.724999999999845 ], [ 126.474999999999881, 35.674999999999848 ], [ 126.524999999999892, 35.674999999999848 ] ] ] } },
{ "type": "Feature", "properties": { "variability_nT": 225.7, "tier": "optimal", "score": 10.0 }, "geometry": { "type": "Polygon", "coordinates": [ [ [ 126.574999999999889, 35.674999999999848 ], [ 126.574999999999889, 35.724999999999845 ], [ 126.524999999999878, 35.724999999999845 ], [ 126.524999999999878, 35.674999999999848 ], [ 126.574999999999889, 35.674999999999848 ] ] ] } },
{ "type": "Feature", "properties": { "variability_nT": 248.7, "tier": "optimal", "score": 10.0 }, "geometry": { "type": "Polygon", "coordinates": [ [ [ 126.624999999999886, 35.674999999999848 ], [ 126.624999999999886, 35.724999999999845 ], [ 126.574999999999875, 35.724999999999845 ], [ 126.574999999999875, 35.674999999999848 ], [ 126.624999999999886, 35.674999999999848 ] ] ] } },
{ "type": "Feature", "properties": { "variability_nT": 305.9, "tier": "optimal", "score": 10.0 }, "geometry": { "type": "Polygon", "coordinates": [ [ [ 126.674999999999883, 35.674999999999848 ], [ 126.674999999999883, 35.724999999999845 ], [ 126.624999999999872, 35.724999999999845 ], [ 126.624999999999872, 35.674999999999848 ], [ 126.674999999999883, 35.674999999999848 ] ] ] } },
{ "type": "Feature", "properties": { "variability_nT": 245.9, "tier": "optimal", "score": 10.0 }, "geometry": { "type": "Polygon", "coordinates": [ [ [ 126.724999999999881, 35.674999999999848 ], [ 126.724999999999881, 35.724999999999845 ], [ 126.674999999999869, 35.724999999999845 ], [ 126.674999999999869, 35.674999999999848 ], [ 126.724999999999881, 35.674999999999848 ] ] ] } },
{ "type": "Feature", "properties": { "variability_nT": 159.2, "tier": "optimal", "score": 10.0 }, "geometry": { "type": "Polygon", "coordinates": [ [ [ 126.774999999999878, 35.674999999999848 ], [ 126.774999999999878, 35.724999999999845 ], [ 126.724999999999866, 35.724999999999845 ], [ 126.724999999999866, 35.674999999999848 ], [ 126.774999999999878, 35.674999999999848 ] ] ] } },
{ "type": "Feature", "properties": { "variability_nT": 182.7, "tier": "optimal", "score": 10.0 }, "geometry": { "type": "Polygon", "coordinates": [ [ [ 126.824999999999875, 35.674999999999848 ], [ 126.824999999999875, 35.724999999999845 ], [ 126.774999999999864, 35.724999999999845 ], [ 126.774999999999864, 35.674999999999848 ], [ 126.824999999999875, 35.674999999999848 ] ] ] } },
{ "type": "Feature", "properties": { "variability_nT": 200.7, "tier": "optimal", "score": 10.0 }, "geometry": { "type": "Polygon", "coordinates": [ [ [ 126.924999999999869, 35.674999999999848 ], [ 126.924999999999869, 35.724999999999845 ], [ 126.874999999999858, 35.724999999999845 ], [ 126.874999999999858, 35.674999999999848 ], [ 126.924999999999869, 35.674999999999848 ] ] ] } },
{ "type": "Feature", "properties": { "variability_nT": 197.0, "tier": "optimal", "score": 10.0 }, "geometry": { "type": "Polygon", "coordinates": [ [ [ 126.974999999999866, 35.674999999999848 ], [ 126.974999999999866, 35.724999999999845 ], [ 126.924999999999855, 35.724999999999845 ], [ 126.924999999999855, 35.674999999999848 ], [ 126.974999999999866, 35.674999999999848 ] ] ] } },
{ "type": "Feature", "properties": { "variability_nT": 164.8, "tier": "optimal", "score": 10.0 }, "geometry": { "type": "Polygon", "coordinates": [ [ [ 127.424999999999841, 35.674999999999848 ], [ 127.424999999999841, 35.724999999999845 ], [ 127.374999999999829, 35.724999999999845 ], [ 127.374999999999829, 35.674999999999848 ], [ 127.424999999999841, 35.674999999999848 ] ] ] } },
{ "type": "Feature", "properties": { "variability_nT": 203.5, "tier": "optimal", "score": 10.0 }, "geometry": { "type": "Polygon", "coordinates": [ [ [ 127.824999999999818, 35.674999999999848 ], [ 127.824999999999818, 35.724999999999845 ], [ 127.774999999999807, 35.724999999999845 ], [ 127.774999999999807, 35.674999999999848 ], [ 127.824999999999818, 35.674999999999848 ] ] ] } },
{ "type": "Feature", "properties": { "variability_nT": 265.6, "tier": "optimal", "score": 10.0 }, "geometry": { "type": "Polygon", "coordinates": [ [ [ 127.874999999999815, 35.674999999999848 ], [ 127.874999999999815, 35.724999999999845 ], [ 127.824999999999804, 35.724999999999845 ], [ 127.824999999999804, 35.674999999999848 ], [ 127.874999999999815, 35.674999999999848 ] ] ] } },
{ "type": "Feature", "properties": { "variability_nT": 200.5, "tier": "optimal", "score": 10.0 }, "geometry": { "type": "Polygon", "coordinates": [ [ [ 127.924999999999812, 35.674999999999848 ], [ 127.924999999999812, 35.724999999999845 ], [ 127.874999999999801, 35.724999999999845 ], [ 127.874999999999801, 35.674999999999848 ], [ 127.924999999999812, 35.674999999999848 ] ] ] } },
{ "type": "Feature", "properties": { "variability_nT": 170.6, "tier": "optimal", "score": 10.0 }, "geometry": { "type": "Polygon", "coordinates": [ [ [ 127.97499999999981, 35.674999999999848 ], [ 127.97499999999981, 35.724999999999845 ], [ 127.924999999999798, 35.724999999999845 ], [ 127.924999999999798, 35.674999999999848 ], [ 127.97499999999981, 35.674999999999848 ] ] ] } },
{ "type": "Feature", "properties": { "variability_nT": 163.0, "tier": "optimal", "score": 10.0 }, "geometry": { "type": "Polygon", "coordinates": [ [ [ 128.024999999999807, 35.674999999999848 ], [ 128.024999999999807, 35.724999999999845 ], [ 127.974999999999795, 35.724999999999845 ], [ 127.974999999999795, 35.674999999999848 ], [ 128.024999999999807, 35.674999999999848 ] ] ] } },
{ "type": "Feature", "properties": { "variability_nT": 239.7, "tier": "optimal", "score": 10.0 }, "geometry": { "type": "Polygon", "coordinates": [ [ [ 128.07499999999979, 35.674999999999848 ], [ 128.07499999999979, 35.724999999999845 ], [ 128.024999999999778, 35.724999999999845 ], [ 128.024999999999778, 35.674999999999848 ], [ 128.07499999999979, 35.674999999999848 ] ] ] } },
{ "type": "Feature", "properties": { "variability_nT": 353.2, "tier": "optimal", "score": 10.0 }, "geometry": { "type": "Polygon", "coordinates": [ [ [ 128.124999999999801, 35.674999999999848 ], [ 128.124999999999801, 35.724999999999845 ], [ 128.07499999999979, 35.724999999999845 ], [ 128.07499999999979, 35.674999999999848 ], [ 128.124999999999801, 35.674999999999848 ] ] ] } },
{ "type": "Feature", "properties": { "variability_nT": 357.3, "tier": "optimal", "score": 10.0 }, "geometry": { "type": "Polygon", "coordinates": [ [ [ 128.274999999999778, 35.674999999999848 ], [ 128.274999999999778, 35.724999999999845 ], [ 128.224999999999767, 35.724999999999845 ], [ 128.224999999999767, 35.674999999999848 ], [ 128.274999999999778, 35.674999999999848 ] ] ] } },
{ "type": "Feature", "properties": { "variability_nT": 331.5, "tier": "optimal", "score": 10.0 }, "geometry": { "type": "Polygon", "coordinates": [ [ [ 128.32499999999979, 35.674999999999848 ], [ 128.32499999999979, 35.724999999999845 ], [ 128.274999999999778, 35.724999999999845 ], [ 128.274999999999778, 35.674999999999848 ], [ 128.32499999999979, 35.674999999999848 ] ] ] } },
{ "type": "Feature", "properties": { "variability_nT": 220.4, "tier": "optimal", "score": 10.0 }, "geometry": { "type": "Polygon", "coordinates": [ [ [ 128.374999999999801, 35.674999999999848 ], [ 128.374999999999801, 35.724999999999845 ], [ 128.32499999999979, 35.724999999999845 ], [ 128.32499999999979, 35.674999999999848 ], [ 128.374999999999801, 35.674999999999848 ] ] ] } },
{ "type": "Feature", "properties": { "variability_nT": 232.4, "tier": "optimal", "score": 10.0 }, "geometry": { "type": "Polygon", "coordinates": [ [ [ 128.424999999999784, 35.674999999999848 ], [ 128.424999999999784, 35.724999999999845 ], [ 128.374999999999773, 35.724999999999845 ], [ 128.374999999999773, 35.674999999999848 ], [ 128.424999999999784, 35.674999999999848 ] ] ] } },
{ "type": "Feature", "properties": { "variability_nT": 339.5, "tier": "optimal", "score": 10.0 }, "geometry": { "type": "Polygon", "coordinates": [ [ [ 128.474999999999767, 35.674999999999848 ], [ 128.474999999999767, 35.724999999999845 ], [ 128.424999999999756, 35.724999999999845 ], [ 128.424999999999756, 35.674999999999848 ], [ 128.474999999999767, 35.674999999999848 ] ] ] } },
{ "type": "Feature", "properties": { "variability_nT": 396.0, "tier": "optimal", "score": 10.0 }, "geometry": { "type": "Polygon", "coordinates": [ [ [ 128.524999999999778, 35.674999999999848 ], [ 128.524999999999778, 35.724999999999845 ], [ 128.474999999999767, 35.724999999999845 ], [ 128.474999999999767, 35.674999999999848 ], [ 128.524999999999778, 35.674999999999848 ] ] ] } },
{ "type": "Feature", "properties": { "variability_nT": 328.7, "tier": "optimal", "score": 10.0 }, "geometry": { "type": "Polygon", "coordinates": [ [ [ 128.57499999999979, 35.674999999999848 ], [ 128.57499999999979, 35.724999999999845 ], [ 128.524999999999778, 35.724999999999845 ], [ 128.524999999999778, 35.674999999999848 ], [ 128.57499999999979, 35.674999999999848 ] ] ] } },
{ "type": "Feature", "properties": { "variability_nT": 340.3, "tier": "optimal", "score": 10.0 }, "geometry": { "type": "Polygon", "coordinates": [ [ [ 128.624999999999773, 35.674999999999848 ], [ 128.624999999999773, 35.724999999999845 ], [ 128.574999999999761, 35.724999999999845 ], [ 128.574999999999761, 35.674999999999848 ], [ 128.624999999999773, 35.674999999999848 ] ] ] } },
{ "type": "Feature", "properties": { "variability_nT": 388.5, "tier": "optimal", "score": 10.0 }, "geometry": { "type": "Polygon", "coordinates": [ [ [ 128.674999999999756, 35.674999999999848 ], [ 128.674999999999756, 35.724999999999845 ], [ 128.624999999999744, 35.724999999999845 ], [ 128.624999999999744, 35.674999999999848 ], [ 128.674999999999756, 35.674999999999848 ] ] ] } },
{ "type": "Feature", "properties": { "variability_nT": 250.7, "tier": "optimal", "score": 10.0 }, "geometry": { "type": "Polygon", "coordinates": [ [ [ 128.724999999999767, 35.674999999999848 ], [ 128.724999999999767, 35.724999999999845 ], [ 128.674999999999756, 35.724999999999845 ], [ 128.674999999999756, 35.674999999999848 ], [ 128.724999999999767, 35.674999999999848 ] ] ] } },
{ "type": "Feature", "properties": { "variability_nT": 241.3, "tier": "optimal", "score": 10.0 }, "geometry": { "type": "Polygon", "coordinates": [ [ [ 128.774999999999778, 35.674999999999848 ], [ 128.774999999999778, 35.724999999999845 ], [ 128.724999999999767, 35.724999999999845 ], [ 128.724999999999767, 35.674999999999848 ], [ 128.774999999999778, 35.674999999999848 ] ] ] } },
{ "type": "Feature", "properties": { "variability_nT": 300.4, "tier": "optimal", "score": 10.0 }, "geometry": { "type": "Polygon", "coordinates": [ [ [ 128.824999999999761, 35.674999999999848 ], [ 128.824999999999761, 35.724999999999845 ], [ 128.77499999999975, 35.724999999999845 ], [ 128.77499999999975, 35.674999999999848 ], [ 128.824999999999761, 35.674999999999848 ] ] ] } },
{ "type": "Feature", "properties": { "variability_nT": 356.1, "tier": "optimal", "score": 10.0 }, "geometry": { "type": "Polygon", "coordinates": [ [ [ 128.874999999999744, 35.674999999999848 ], [ 128.874999999999744, 35.724999999999845 ], [ 128.824999999999733, 35.724999999999845 ], [ 128.824999999999733, 35.674999999999848 ], [ 128.874999999999744, 35.674999999999848 ] ] ] } },
{ "type": "Feature", "properties": { "variability_nT": 340.9, "tier": "optimal", "score": 10.0 }, "geometry": { "type": "Polygon", "coordinates": [ [ [ 128.924999999999756, 35.674999999999848 ], [ 128.924999999999756, 35.724999999999845 ], [ 128.874999999999744, 35.724999999999845 ], [ 128.874999999999744, 35.674999999999848 ], [ 128.924999999999756, 35.674999999999848 ] ] ] } },
{ "type": "Feature", "properties": { "variability_nT": 242.3, "tier": "optimal", "score": 10.0 }, "geometry": { "type": "Polygon", "coordinates": [ [ [ 128.974999999999767, 35.674999999999848 ], [ 128.974999999999767, 35.724999999999845 ], [ 128.924999999999756, 35.724999999999845 ], [ 128.924999999999756, 35.674999999999848 ], [ 128.974999999999767, 35.674999999999848 ] ] ] } },
{ "type": "Feature", "properties": { "variability_nT": 150.6, "tier": "optimal", "score": 10.0 }, "geometry": { "type": "Polygon", "coordinates": [ [ [ 129.02499999999975, 35.674999999999848 ], [ 129.02499999999975, 35.724999999999845 ], [ 128.974999999999739, 35.724999999999845 ], [ 128.974999999999739, 35.674999999999848 ], [ 129.02499999999975, 35.674999999999848 ] ] ] } },
{ "type": "Feature", "properties": { "variability_nT": 321.6, "tier": "optimal", "score": 10.0 }, "geometry": { "type": "Polygon", "coordinates": [ [ [ 129.124999999999744, 35.674999999999848 ], [ 129.124999999999744, 35.724999999999845 ], [ 129.074999999999733, 35.724999999999845 ], [ 129.074999999999733, 35.674999999999848 ], [ 129.124999999999744, 35.674999999999848 ] ] ] } },
{ "type": "Feature", "properties": { "variability_nT": 252.1, "tier": "optimal", "score": 10.0 }, "geometry": { "type": "Polygon", "coordinates": [ [ [ 129.224999999999739, 35.674999999999848 ], [ 129.224999999999739, 35.724999999999845 ], [ 129.174999999999727, 35.724999999999845 ], [ 129.174999999999727, 35.674999999999848 ], [ 129.224999999999739, 35.674999999999848 ] ] ] } },
{ "type": "Feature", "properties": { "variability_nT": 164.0, "tier": "optimal", "score": 10.0 }, "geometry": { "type": "Polygon", "coordinates": [ [ [ 129.374999999999744, 35.674999999999848 ], [ 129.374999999999744, 35.724999999999845 ], [ 129.324999999999733, 35.724999999999845 ], [ 129.324999999999733, 35.674999999999848 ], [ 129.374999999999744, 35.674999999999848 ] ] ] } },
{ "type": "Feature", "properties": { "variability_nT": 234.9, "tier": "optimal", "score": 10.0 }, "geometry": { "type": "Polygon", "coordinates": [ [ [ 129.424999999999727, 35.674999999999848 ], [ 129.424999999999727, 35.724999999999845 ], [ 129.374999999999716, 35.724999999999845 ], [ 129.374999999999716, 35.674999999999848 ], [ 129.424999999999727, 35.674999999999848 ] ] ] } },
{ "type": "Feature", "properties": { "variability_nT": 188.7, "tier": "optimal", "score": 10.0 }, "geometry": { "type": "Polygon", "coordinates": [ [ [ 129.47499999999971, 35.674999999999848 ], [ 129.47499999999971, 35.724999999999845 ], [ 129.424999999999699, 35.724999999999845 ], [ 129.424999999999699, 35.674999999999848 ], [ 129.47499999999971, 35.674999999999848 ] ] ] } },
{ "type": "Feature", "properties": { "variability_nT": 156.4, "tier": "optimal", "score": 10.0 }, "geometry": { "type": "Polygon", "coordinates": [ [ [ 129.524999999999721, 35.674999999999848 ], [ 129.524999999999721, 35.724999999999845 ], [ 129.47499999999971, 35.724999999999845 ], [ 129.47499999999971, 35.674999999999848 ], [ 129.524999999999721, 35.674999999999848 ] ] ] } },
{ "type": "Feature", "properties": { "variability_nT": 153.8, "tier": "optimal", "score": 10.0 }, "geometry": { "type": "Polygon", "coordinates": [ [ [ 126.275, 35.724999999999845 ], [ 126.275, 35.774999999999842 ], [ 126.224999999999895, 35.774999999999842 ], [ 126.224999999999895, 35.724999999999845 ], [ 126.275, 35.724999999999845 ] ] ] } },
{ "type": "Feature", "properties": { "variability_nT": 188.0, "tier": "optimal", "score": 10.0 }, "geometry": { "type": "Polygon", "coordinates": [ [ [ 126.474999999999895, 35.724999999999845 ], [ 126.474999999999895, 35.774999999999842 ], [ 126.424999999999883, 35.774999999999842 ], [ 126.424999999999883, 35.724999999999845 ], [ 126.474999999999895, 35.724999999999845 ] ] ] } },
{ "type": "Feature", "properties": { "variability_nT": 155.9, "tier": "optimal", "score": 10.0 }, "geometry": { "type": "Polygon", "coordinates": [ [ [ 126.524999999999892, 35.724999999999845 ], [ 126.524999999999892, 35.774999999999842 ], [ 126.474999999999881, 35.774999999999842 ], [ 126.474999999999881, 35.724999999999845 ], [ 126.524999999999892, 35.724999999999845 ] ] ] } },
{ "type": "Feature", "properties": { "variability_nT": 195.6, "tier": "optimal", "score": 10.0 }, "geometry": { "type": "Polygon", "coordinates": [ [ [ 126.624999999999886, 35.724999999999845 ], [ 126.624999999999886, 35.774999999999842 ], [ 126.574999999999875, 35.774999999999842 ], [ 126.574999999999875, 35.724999999999845 ], [ 126.624999999999886, 35.724999999999845 ] ] ] } },
{ "type": "Feature", "properties": { "variability_nT": 354.7, "tier": "optimal", "score": 10.0 }, "geometry": { "type": "Polygon", "coordinates": [ [ [ 126.674999999999883, 35.724999999999845 ], [ 126.674999999999883, 35.774999999999842 ], [ 126.624999999999872, 35.774999999999842 ], [ 126.624999999999872, 35.724999999999845 ], [ 126.674999999999883, 35.724999999999845 ] ] ] } },
{ "type": "Feature", "properties": { "variability_nT": 242.8, "tier": "optimal", "score": 10.0 }, "geometry": { "type": "Polygon", "coordinates": [ [ [ 126.724999999999881, 35.724999999999845 ], [ 126.724999999999881, 35.774999999999842 ], [ 126.674999999999869, 35.774999999999842 ], [ 126.674999999999869, 35.724999999999845 ], [ 126.724999999999881, 35.724999999999845 ] ] ] } },
{ "type": "Feature", "properties": { "variability_nT": 168.7, "tier": "optimal", "score": 10.0 }, "geometry": { "type": "Polygon", "coordinates": [ [ [ 126.774999999999878, 35.724999999999845 ], [ 126.774999999999878, 35.774999999999842 ], [ 126.724999999999866, 35.774999999999842 ], [ 126.724999999999866, 35.724999999999845 ], [ 126.774999999999878, 35.724999999999845 ] ] ] } },
{ "type": "Feature", "properties": { "variability_nT": 153.5, "tier": "optimal", "score": 10.0 }, "geometry": { "type": "Polygon", "coordinates": [ [ [ 127.074999999999861, 35.724999999999845 ], [ 127.074999999999861, 35.774999999999842 ], [ 127.024999999999849, 35.774999999999842 ], [ 127.024999999999849, 35.724999999999845 ], [ 127.074999999999861, 35.724999999999845 ] ] ] } },
{ "type": "Feature", "properties": { "variability_nT": 159.6, "tier": "optimal", "score": 10.0 }, "geometry": { "type": "Polygon", "coordinates": [ [ [ 127.224999999999852, 35.724999999999845 ], [ 127.224999999999852, 35.774999999999842 ], [ 127.174999999999841, 35.774999999999842 ], [ 127.174999999999841, 35.724999999999845 ], [ 127.224999999999852, 35.724999999999845 ] ] ] } },
{ "type": "Feature", "properties": { "variability_nT": 193.6, "tier": "optimal", "score": 10.0 }, "geometry": { "type": "Polygon", "coordinates": [ [ [ 127.824999999999818, 35.724999999999845 ], [ 127.824999999999818, 35.774999999999842 ], [ 127.774999999999807, 35.774999999999842 ], [ 127.774999999999807, 35.724999999999845 ], [ 127.824999999999818, 35.724999999999845 ] ] ] } },
{ "type": "Feature", "properties": { "variability_nT": 167.9, "tier": "optimal", "score": 10.0 }, "geometry": { "type": "Polygon", "coordinates": [ [ [ 127.874999999999815, 35.724999999999845 ], [ 127.874999999999815, 35.774999999999842 ], [ 127.824999999999804, 35.774999999999842 ], [ 127.824999999999804, 35.724999999999845 ], [ 127.874999999999815, 35.724999999999845 ] ] ] } },
{ "type": "Feature", "properties": { "variability_nT": 197.8, "tier": "optimal", "score": 10.0 }, "geometry": { "type": "Polygon", "coordinates": [ [ [ 128.124999999999801, 35.724999999999845 ], [ 128.124999999999801, 35.774999999999842 ], [ 128.07499999999979, 35.774999999999842 ], [ 128.07499999999979, 35.724999999999845 ], [ 128.124999999999801, 35.724999999999845 ] ] ] } },
{ "type": "Feature", "properties": { "variability_nT": 168.6, "tier": "optimal", "score": 10.0 }, "geometry": { "type": "Polygon", "coordinates": [ [ [ 128.174999999999812, 35.724999999999845 ], [ 128.174999999999812, 35.774999999999842 ], [ 128.124999999999801, 35.774999999999842 ], [ 128.124999999999801, 35.724999999999845 ], [ 128.174999999999812, 35.724999999999845 ] ] ] } },
{ "type": "Feature", "properties": { "variability_nT": 173.0, "tier": "optimal", "score": 10.0 }, "geometry": { "type": "Polygon", "coordinates": [ [ [ 128.224999999999795, 35.724999999999845 ], [ 128.224999999999795, 35.774999999999842 ], [ 128.174999999999784, 35.774999999999842 ], [ 128.174999999999784, 35.724999999999845 ], [ 128.224999999999795, 35.724999999999845 ] ] ] } },
{ "type": "Feature", "properties": { "variability_nT": 192.4, "tier": "optimal", "score": 10.0 }, "geometry": { "type": "Polygon", "coordinates": [ [ [ 128.274999999999778, 35.724999999999845 ], [ 128.274999999999778, 35.774999999999842 ], [ 128.224999999999767, 35.774999999999842 ], [ 128.224999999999767, 35.724999999999845 ], [ 128.274999999999778, 35.724999999999845 ] ] ] } },
{ "type": "Feature", "properties": { "variability_nT": 186.7, "tier": "optimal", "score": 10.0 }, "geometry": { "type": "Polygon", "coordinates": [ [ [ 128.32499999999979, 35.724999999999845 ], [ 128.32499999999979, 35.774999999999842 ], [ 128.274999999999778, 35.774999999999842 ], [ 128.274999999999778, 35.724999999999845 ], [ 128.32499999999979, 35.724999999999845 ] ] ] } },
{ "type": "Feature", "properties": { "variability_nT": 175.7, "tier": "optimal", "score": 10.0 }, "geometry": { "type": "Polygon", "coordinates": [ [ [ 128.374999999999801, 35.724999999999845 ], [ 128.374999999999801, 35.774999999999842 ], [ 128.32499999999979, 35.774999999999842 ], [ 128.32499999999979, 35.724999999999845 ], [ 128.374999999999801, 35.724999999999845 ] ] ] } },
{ "type": "Feature", "properties": { "variability_nT": 208.8, "tier": "optimal", "score": 10.0 }, "geometry": { "type": "Polygon", "coordinates": [ [ [ 128.424999999999784, 35.724999999999845 ], [ 128.424999999999784, 35.774999999999842 ], [ 128.374999999999773, 35.774999999999842 ], [ 128.374999999999773, 35.724999999999845 ], [ 128.424999999999784, 35.724999999999845 ] ] ] } },
{ "type": "Feature", "properties": { "variability_nT": 211.1, "tier": "optimal", "score": 10.0 }, "geometry": { "type": "Polygon", "coordinates": [ [ [ 128.724999999999767, 35.724999999999845 ], [ 128.724999999999767, 35.774999999999842 ], [ 128.674999999999756, 35.774999999999842 ], [ 128.674999999999756, 35.724999999999845 ], [ 128.724999999999767, 35.724999999999845 ] ] ] } },
{ "type": "Feature", "properties": { "variability_nT": 254.9, "tier": "optimal", "score": 10.0 }, "geometry": { "type": "Polygon", "coordinates": [ [ [ 128.774999999999778, 35.724999999999845 ], [ 128.774999999999778, 35.774999999999842 ], [ 128.724999999999767, 35.774999999999842 ], [ 128.724999999999767, 35.724999999999845 ], [ 128.774999999999778, 35.724999999999845 ] ] ] } },
{ "type": "Feature", "properties": { "variability_nT": 180.3, "tier": "optimal", "score": 10.0 }, "geometry": { "type": "Polygon", "coordinates": [ [ [ 128.824999999999761, 35.724999999999845 ], [ 128.824999999999761, 35.774999999999842 ], [ 128.77499999999975, 35.774999999999842 ], [ 128.77499999999975, 35.724999999999845 ], [ 128.824999999999761, 35.724999999999845 ] ] ] } },
{ "type": "Feature", "properties": { "variability_nT": 236.2, "tier": "optimal", "score": 10.0 }, "geometry": { "type": "Polygon", "coordinates": [ [ [ 128.874999999999744, 35.724999999999845 ], [ 128.874999999999744, 35.774999999999842 ], [ 128.824999999999733, 35.774999999999842 ], [ 128.824999999999733, 35.724999999999845 ], [ 128.874999999999744, 35.724999999999845 ] ] ] } },
{ "type": "Feature", "properties": { "variability_nT": 346.8, "tier": "optimal", "score": 10.0 }, "geometry": { "type": "Polygon", "coordinates": [ [ [ 128.924999999999756, 35.724999999999845 ], [ 128.924999999999756, 35.774999999999842 ], [ 128.874999999999744, 35.774999999999842 ], [ 128.874999999999744, 35.724999999999845 ], [ 128.924999999999756, 35.724999999999845 ] ] ] } },
{ "type": "Feature", "properties": { "variability_nT": 259.3, "tier": "optimal", "score": 10.0 }, "geometry": { "type": "Polygon", "coordinates": [ [ [ 128.974999999999767, 35.724999999999845 ], [ 128.974999999999767, 35.774999999999842 ], [ 128.924999999999756, 35.774999999999842 ], [ 128.924999999999756, 35.724999999999845 ], [ 128.974999999999767, 35.724999999999845 ] ] ] } },
{ "type": "Feature", "properties": { "variability_nT": 157.4, "tier": "optimal", "score": 10.0 }, "geometry": { "type": "Polygon", "coordinates": [ [ [ 129.02499999999975, 35.724999999999845 ], [ 129.02499999999975, 35.774999999999842 ], [ 128.974999999999739, 35.774999999999842 ], [ 128.974999999999739, 35.724999999999845 ], [ 129.02499999999975, 35.724999999999845 ] ] ] } },
{ "type": "Feature", "properties": { "variability_nT": 175.1, "tier": "optimal", "score": 10.0 }, "geometry": { "type": "Polygon", "coordinates": [ [ [ 129.074999999999733, 35.724999999999845 ], [ 129.074999999999733, 35.774999999999842 ], [ 129.024999999999721, 35.774999999999842 ], [ 129.024999999999721, 35.724999999999845 ], [ 129.074999999999733, 35.724999999999845 ] ] ] } },
{ "type": "Feature", "properties": { "variability_nT": 157.6, "tier": "optimal", "score": 10.0 }, "geometry": { "type": "Polygon", "coordinates": [ [ [ 129.124999999999744, 35.724999999999845 ], [ 129.124999999999744, 35.774999999999842 ], [ 129.074999999999733, 35.774999999999842 ], [ 129.074999999999733, 35.724999999999845 ], [ 129.124999999999744, 35.724999999999845 ] ] ] } },
{ "type": "Feature", "properties": { "variability_nT": 221.8, "tier": "optimal", "score": 10.0 }, "geometry": { "type": "Polygon", "coordinates": [ [ [ 129.174999999999756, 35.724999999999845 ], [ 129.174999999999756, 35.774999999999842 ], [ 129.124999999999744, 35.774999999999842 ], [ 129.124999999999744, 35.724999999999845 ], [ 129.174999999999756, 35.724999999999845 ] ] ] } },
{ "type": "Feature", "properties": { "variability_nT": 206.5, "tier": "optimal", "score": 10.0 }, "geometry": { "type": "Polygon", "coordinates": [ [ [ 129.224999999999739, 35.724999999999845 ], [ 129.224999999999739, 35.774999999999842 ], [ 129.174999999999727, 35.774999999999842 ], [ 129.174999999999727, 35.724999999999845 ], [ 129.224999999999739, 35.724999999999845 ] ] ] } },
{ "type": "Feature", "properties": { "variability_nT": 176.2, "tier": "optimal", "score": 10.0 }, "geometry": { "type": "Polygon", "coordinates": [ [ [ 129.374999999999744, 35.724999999999845 ], [ 129.374999999999744, 35.774999999999842 ], [ 129.324999999999733, 35.774999999999842 ], [ 129.324999999999733, 35.724999999999845 ], [ 129.374999999999744, 35.724999999999845 ] ] ] } },
{ "type": "Feature", "properties": { "variability_nT": 153.8, "tier": "optimal", "score": 10.0 }, "geometry": { "type": "Polygon", "coordinates": [ [ [ 129.424999999999727, 35.724999999999845 ], [ 129.424999999999727, 35.774999999999842 ], [ 129.374999999999716, 35.774999999999842 ], [ 129.374999999999716, 35.724999999999845 ], [ 129.424999999999727, 35.724999999999845 ] ] ] } },
{ "type": "Feature", "properties": { "variability_nT": 165.9, "tier": "optimal", "score": 10.0 }, "geometry": { "type": "Polygon", "coordinates": [ [ [ 129.47499999999971, 35.724999999999845 ], [ 129.47499999999971, 35.774999999999842 ], [ 129.424999999999699, 35.774999999999842 ], [ 129.424999999999699, 35.724999999999845 ], [ 129.47499999999971, 35.724999999999845 ] ] ] } },
{ "type": "Feature", "properties": { "variability_nT": 191.2, "tier": "optimal", "score": 10.0 }, "geometry": { "type": "Polygon", "coordinates": [ [ [ 129.524999999999721, 35.724999999999845 ], [ 129.524999999999721, 35.774999999999842 ], [ 129.47499999999971, 35.774999999999842 ], [ 129.47499999999971, 35.724999999999845 ], [ 129.524999999999721, 35.724999999999845 ] ] ] } },
{ "type": "Feature", "properties": { "variability_nT": 217.0, "tier": "optimal", "score": 10.0 }, "geometry": { "type": "Polygon", "coordinates": [ [ [ 129.574999999999733, 35.724999999999845 ], [ 129.574999999999733, 35.774999999999842 ], [ 129.524999999999721, 35.774999999999842 ], [ 129.524999999999721, 35.724999999999845 ], [ 129.574999999999733, 35.724999999999845 ] ] ] } },
{ "type": "Feature", "properties": { "variability_nT": 161.5, "tier": "optimal", "score": 10.0 }, "geometry": { "type": "Polygon", "coordinates": [ [ [ 126.275, 35.774999999999842 ], [ 126.275, 35.824999999999839 ], [ 126.224999999999895, 35.824999999999839 ], [ 126.224999999999895, 35.774999999999842 ], [ 126.275, 35.774999999999842 ] ] ] } },
{ "type": "Feature", "properties": { "variability_nT": 196.8, "tier": "optimal", "score": 10.0 }, "geometry": { "type": "Polygon", "coordinates": [ [ [ 126.325, 35.774999999999842 ], [ 126.325, 35.824999999999839 ], [ 126.274999999999892, 35.824999999999839 ], [ 126.274999999999892, 35.774999999999842 ], [ 126.325, 35.774999999999842 ] ] ] } },
{ "type": "Feature", "properties": { "variability_nT": 175.7, "tier": "optimal", "score": 10.0 }, "geometry": { "type": "Polygon", "coordinates": [ [ [ 126.375, 35.774999999999842 ], [ 126.375, 35.824999999999839 ], [ 126.324999999999889, 35.824999999999839 ], [ 126.324999999999889, 35.774999999999842 ], [ 126.375, 35.774999999999842 ] ] ] } },
{ "type": "Feature", "properties": { "variability_nT": 160.1, "tier": "optimal", "score": 10.0 }, "geometry": { "type": "Polygon", "coordinates": [ [ [ 126.474999999999895, 35.774999999999842 ], [ 126.474999999999895, 35.824999999999839 ], [ 126.424999999999883, 35.824999999999839 ], [ 126.424999999999883, 35.774999999999842 ], [ 126.474999999999895, 35.774999999999842 ] ] ] } },
{ "type": "Feature", "properties": { "variability_nT": 174.0, "tier": "optimal", "score": 10.0 }, "geometry": { "type": "Polygon", "coordinates": [ [ [ 126.524999999999892, 35.774999999999842 ], [ 126.524999999999892, 35.824999999999839 ], [ 126.474999999999881, 35.824999999999839 ], [ 126.474999999999881, 35.774999999999842 ], [ 126.524999999999892, 35.774999999999842 ] ] ] } },
{ "type": "Feature", "properties": { "variability_nT": 161.1, "tier": "optimal", "score": 10.0 }, "geometry": { "type": "Polygon", "coordinates": [ [ [ 126.574999999999889, 35.774999999999842 ], [ 126.574999999999889, 35.824999999999839 ], [ 126.524999999999878, 35.824999999999839 ], [ 126.524999999999878, 35.774999999999842 ], [ 126.574999999999889, 35.774999999999842 ] ] ] } },
{ "type": "Feature", "properties": { "variability_nT": 151.3, "tier": "optimal", "score": 10.0 }, "geometry": { "type": "Polygon", "coordinates": [ [ [ 126.674999999999883, 35.774999999999842 ], [ 126.674999999999883, 35.824999999999839 ], [ 126.624999999999872, 35.824999999999839 ], [ 126.624999999999872, 35.774999999999842 ], [ 126.674999999999883, 35.774999999999842 ] ] ] } },
{ "type": "Feature", "properties": { "variability_nT": 241.1, "tier": "optimal", "score": 10.0 }, "geometry": { "type": "Polygon", "coordinates": [ [ [ 126.724999999999881, 35.774999999999842 ], [ 126.724999999999881, 35.824999999999839 ], [ 126.674999999999869, 35.824999999999839 ], [ 126.674999999999869, 35.774999999999842 ], [ 126.724999999999881, 35.774999999999842 ] ] ] } },
{ "type": "Feature", "properties": { "variability_nT": 179.1, "tier": "optimal", "score": 10.0 }, "geometry": { "type": "Polygon", "coordinates": [ [ [ 126.774999999999878, 35.774999999999842 ], [ 126.774999999999878, 35.824999999999839 ], [ 126.724999999999866, 35.824999999999839 ], [ 126.724999999999866, 35.774999999999842 ], [ 126.774999999999878, 35.774999999999842 ] ] ] } },
{ "type": "Feature", "properties": { "variability_nT": 156.1, "tier": "optimal", "score": 10.0 }, "geometry": { "type": "Polygon", "coordinates": [ [ [ 126.924999999999869, 35.774999999999842 ], [ 126.924999999999869, 35.824999999999839 ], [ 126.874999999999858, 35.824999999999839 ], [ 126.874999999999858, 35.774999999999842 ], [ 126.924999999999869, 35.774999999999842 ] ] ] } },
{ "type": "Feature", "properties": { "variability_nT": 194.2, "tier": "optimal", "score": 10.0 }, "geometry": { "type": "Polygon", "coordinates": [ [ [ 127.274999999999849, 35.774999999999842 ], [ 127.274999999999849, 35.824999999999839 ], [ 127.224999999999838, 35.824999999999839 ], [ 127.224999999999838, 35.774999999999842 ], [ 127.274999999999849, 35.774999999999842 ] ] ] } },
{ "type": "Feature", "properties": { "variability_nT": 163.7, "tier": "optimal", "score": 10.0 }, "geometry": { "type": "Polygon", "coordinates": [ [ [ 127.874999999999815, 35.774999999999842 ], [ 127.874999999999815, 35.824999999999839 ], [ 127.824999999999804, 35.824999999999839 ], [ 127.824999999999804, 35.774999999999842 ], [ 127.874999999999815, 35.774999999999842 ] ] ] } },
{ "type": "Feature", "properties": { "variability_nT": 259.8, "tier": "optimal", "score": 10.0 }, "geometry": { "type": "Polygon", "coordinates": [ [ [ 127.924999999999812, 35.774999999999842 ], [ 127.924999999999812, 35.824999999999839 ], [ 127.874999999999801, 35.824999999999839 ], [ 127.874999999999801, 35.774999999999842 ], [ 127.924999999999812, 35.774999999999842 ] ] ] } },
{ "type": "Feature", "properties": { "variability_nT": 182.8, "tier": "optimal", "score": 10.0 }, "geometry": { "type": "Polygon", "coordinates": [ [ [ 127.97499999999981, 35.774999999999842 ], [ 127.97499999999981, 35.824999999999839 ], [ 127.924999999999798, 35.824999999999839 ], [ 127.924999999999798, 35.774999999999842 ], [ 127.97499999999981, 35.774999999999842 ] ] ] } },
{ "type": "Feature", "properties": { "variability_nT": 197.6, "tier": "optimal", "score": 10.0 }, "geometry": { "type": "Polygon", "coordinates": [ [ [ 128.024999999999807, 35.774999999999842 ], [ 128.024999999999807, 35.824999999999839 ], [ 127.974999999999795, 35.824999999999839 ], [ 127.974999999999795, 35.774999999999842 ], [ 128.024999999999807, 35.774999999999842 ] ] ] } },
{ "type": "Feature", "properties": { "variability_nT": 315.6, "tier": "optimal", "score": 10.0 }, "geometry": { "type": "Polygon", "coordinates": [ [ [ 128.07499999999979, 35.774999999999842 ], [ 128.07499999999979, 35.824999999999839 ], [ 128.024999999999778, 35.824999999999839 ], [ 128.024999999999778, 35.774999999999842 ], [ 128.07499999999979, 35.774999999999842 ] ] ] } },
{ "type": "Feature", "properties": { "variability_nT": 226.9, "tier": "optimal", "score": 10.0 }, "geometry": { "type": "Polygon", "coordinates": [ [ [ 128.124999999999801, 35.774999999999842 ], [ 128.124999999999801, 35.824999999999839 ], [ 128.07499999999979, 35.824999999999839 ], [ 128.07499999999979, 35.774999999999842 ], [ 128.124999999999801, 35.774999999999842 ] ] ] } },
{ "type": "Feature", "properties": { "variability_nT": 287.2, "tier": "optimal", "score": 10.0 }, "geometry": { "type": "Polygon", "coordinates": [ [ [ 128.174999999999812, 35.774999999999842 ], [ 128.174999999999812, 35.824999999999839 ], [ 128.124999999999801, 35.824999999999839 ], [ 128.124999999999801, 35.774999999999842 ], [ 128.174999999999812, 35.774999999999842 ] ] ] } },
{ "type": "Feature", "properties": { "variability_nT": 289.4, "tier": "optimal", "score": 10.0 }, "geometry": { "type": "Polygon", "coordinates": [ [ [ 128.224999999999795, 35.774999999999842 ], [ 128.224999999999795, 35.824999999999839 ], [ 128.174999999999784, 35.824999999999839 ], [ 128.174999999999784, 35.774999999999842 ], [ 128.224999999999795, 35.774999999999842 ] ] ] } },
{ "type": "Feature", "properties": { "variability_nT": 270.9, "tier": "optimal", "score": 10.0 }, "geometry": { "type": "Polygon", "coordinates": [ [ [ 128.424999999999784, 35.774999999999842 ], [ 128.424999999999784, 35.824999999999839 ], [ 128.374999999999773, 35.824999999999839 ], [ 128.374999999999773, 35.774999999999842 ], [ 128.424999999999784, 35.774999999999842 ] ] ] } },
{ "type": "Feature", "properties": { "variability_nT": 390.4, "tier": "optimal", "score": 10.0 }, "geometry": { "type": "Polygon", "coordinates": [ [ [ 128.474999999999767, 35.774999999999842 ], [ 128.474999999999767, 35.824999999999839 ], [ 128.424999999999756, 35.824999999999839 ], [ 128.424999999999756, 35.774999999999842 ], [ 128.474999999999767, 35.774999999999842 ] ] ] } },
{ "type": "Feature", "properties": { "variability_nT": 327.0, "tier": "optimal", "score": 10.0 }, "geometry": { "type": "Polygon", "coordinates": [ [ [ 128.524999999999778, 35.774999999999842 ], [ 128.524999999999778, 35.824999999999839 ], [ 128.474999999999767, 35.824999999999839 ], [ 128.474999999999767, 35.774999999999842 ], [ 128.524999999999778, 35.774999999999842 ] ] ] } },
{ "type": "Feature", "properties": { "variability_nT": 357.2, "tier": "optimal", "score": 10.0 }, "geometry": { "type": "Polygon", "coordinates": [ [ [ 128.724999999999767, 35.774999999999842 ], [ 128.724999999999767, 35.824999999999839 ], [ 128.674999999999756, 35.824999999999839 ], [ 128.674999999999756, 35.774999999999842 ], [ 128.724999999999767, 35.774999999999842 ] ] ] } },
{ "type": "Feature", "properties": { "variability_nT": 265.1, "tier": "optimal", "score": 10.0 }, "geometry": { "type": "Polygon", "coordinates": [ [ [ 128.774999999999778, 35.774999999999842 ], [ 128.774999999999778, 35.824999999999839 ], [ 128.724999999999767, 35.824999999999839 ], [ 128.724999999999767, 35.774999999999842 ], [ 128.774999999999778, 35.774999999999842 ] ] ] } },
{ "type": "Feature", "properties": { "variability_nT": 276.7, "tier": "optimal", "score": 10.0 }, "geometry": { "type": "Polygon", "coordinates": [ [ [ 128.924999999999756, 35.774999999999842 ], [ 128.924999999999756, 35.824999999999839 ], [ 128.874999999999744, 35.824999999999839 ], [ 128.874999999999744, 35.774999999999842 ], [ 128.924999999999756, 35.774999999999842 ] ] ] } },
{ "type": "Feature", "properties": { "variability_nT": 205.3, "tier": "optimal", "score": 10.0 }, "geometry": { "type": "Polygon", "coordinates": [ [ [ 128.974999999999767, 35.774999999999842 ], [ 128.974999999999767, 35.824999999999839 ], [ 128.924999999999756, 35.824999999999839 ], [ 128.924999999999756, 35.774999999999842 ], [ 128.974999999999767, 35.774999999999842 ] ] ] } },
{ "type": "Feature", "properties": { "variability_nT": 223.7, "tier": "optimal", "score": 10.0 }, "geometry": { "type": "Polygon", "coordinates": [ [ [ 129.02499999999975, 35.774999999999842 ], [ 129.02499999999975, 35.824999999999839 ], [ 128.974999999999739, 35.824999999999839 ], [ 128.974999999999739, 35.774999999999842 ], [ 129.02499999999975, 35.774999999999842 ] ] ] } },
{ "type": "Feature", "properties": { "variability_nT": 382.3, "tier": "optimal", "score": 10.0 }, "geometry": { "type": "Polygon", "coordinates": [ [ [ 129.074999999999733, 35.774999999999842 ], [ 129.074999999999733, 35.824999999999839 ], [ 129.024999999999721, 35.824999999999839 ], [ 129.024999999999721, 35.774999999999842 ], [ 129.074999999999733, 35.774999999999842 ] ] ] } },
{ "type": "Feature", "properties": { "variability_nT": 326.0, "tier": "optimal", "score": 10.0 }, "geometry": { "type": "Polygon", "coordinates": [ [ [ 129.124999999999744, 35.774999999999842 ], [ 129.124999999999744, 35.824999999999839 ], [ 129.074999999999733, 35.824999999999839 ], [ 129.074999999999733, 35.774999999999842 ], [ 129.124999999999744, 35.774999999999842 ] ] ] } },
{ "type": "Feature", "properties": { "variability_nT": 362.9, "tier": "optimal", "score": 10.0 }, "geometry": { "type": "Polygon", "coordinates": [ [ [ 129.174999999999756, 35.774999999999842 ], [ 129.174999999999756, 35.824999999999839 ], [ 129.124999999999744, 35.824999999999839 ], [ 129.124999999999744, 35.774999999999842 ], [ 129.174999999999756, 35.774999999999842 ] ] ] } },
{ "type": "Feature", "properties": { "variability_nT": 211.2, "tier": "optimal", "score": 10.0 }, "geometry": { "type": "Polygon", "coordinates": [ [ [ 129.224999999999739, 35.774999999999842 ], [ 129.224999999999739, 35.824999999999839 ], [ 129.174999999999727, 35.824999999999839 ], [ 129.174999999999727, 35.774999999999842 ], [ 129.224999999999739, 35.774999999999842 ] ] ] } },
{ "type": "Feature", "properties": { "variability_nT": 164.5, "tier": "optimal", "score": 10.0 }, "geometry": { "type": "Polygon", "coordinates": [ [ [ 129.374999999999744, 35.774999999999842 ], [ 129.374999999999744, 35.824999999999839 ], [ 129.324999999999733, 35.824999999999839 ], [ 129.324999999999733, 35.774999999999842 ], [ 129.374999999999744, 35.774999999999842 ] ] ] } },
{ "type": "Feature", "properties": { "variability_nT": 221.4, "tier": "optimal", "score": 10.0 }, "geometry": { "type": "Polygon", "coordinates": [ [ [ 129.424999999999727, 35.774999999999842 ], [ 129.424999999999727, 35.824999999999839 ], [ 129.374999999999716, 35.824999999999839 ], [ 129.374999999999716, 35.774999999999842 ], [ 129.424999999999727, 35.774999999999842 ] ] ] } },
{ "type": "Feature", "properties": { "variability_nT": 260.4, "tier": "optimal", "score": 10.0 }, "geometry": { "type": "Polygon", "coordinates": [ [ [ 129.47499999999971, 35.774999999999842 ], [ 129.47499999999971, 35.824999999999839 ], [ 129.424999999999699, 35.824999999999839 ], [ 129.424999999999699, 35.774999999999842 ], [ 129.47499999999971, 35.774999999999842 ] ] ] } },
{ "type": "Feature", "properties": { "variability_nT": 329.4, "tier": "optimal", "score": 10.0 }, "geometry": { "type": "Polygon", "coordinates": [ [ [ 129.524999999999721, 35.774999999999842 ], [ 129.524999999999721, 35.824999999999839 ], [ 129.47499999999971, 35.824999999999839 ], [ 129.47499999999971, 35.774999999999842 ], [ 129.524999999999721, 35.774999999999842 ] ] ] } },
{ "type": "Feature", "properties": { "variability_nT": 289.2, "tier": "optimal", "score": 10.0 }, "geometry": { "type": "Polygon", "coordinates": [ [ [ 129.574999999999733, 35.774999999999842 ], [ 129.574999999999733, 35.824999999999839 ], [ 129.524999999999721, 35.824999999999839 ], [ 129.524999999999721, 35.774999999999842 ], [ 129.574999999999733, 35.774999999999842 ] ] ] } },
{ "type": "Feature", "properties": { "variability_nT": 196.3, "tier": "optimal", "score": 10.0 }, "geometry": { "type": "Polygon", "coordinates": [ [ [ 126.225, 35.824999999999839 ], [ 126.225, 35.874999999999837 ], [ 126.174999999999898, 35.874999999999837 ], [ 126.174999999999898, 35.824999999999839 ], [ 126.225, 35.824999999999839 ] ] ] } },
{ "type": "Feature", "properties": { "variability_nT": 164.9, "tier": "optimal", "score": 10.0 }, "geometry": { "type": "Polygon", "coordinates": [ [ [ 126.275, 35.824999999999839 ], [ 126.275, 35.874999999999837 ], [ 126.224999999999895, 35.874999999999837 ], [ 126.224999999999895, 35.824999999999839 ], [ 126.275, 35.824999999999839 ] ] ] } },
{ "type": "Feature", "properties": { "variability_nT": 157.8, "tier": "optimal", "score": 10.0 }, "geometry": { "type": "Polygon", "coordinates": [ [ [ 126.325, 35.824999999999839 ], [ 126.325, 35.874999999999837 ], [ 126.274999999999892, 35.874999999999837 ], [ 126.274999999999892, 35.824999999999839 ], [ 126.325, 35.824999999999839 ] ] ] } },
{ "type": "Feature", "properties": { "variability_nT": 188.6, "tier": "optimal", "score": 10.0 }, "geometry": { "type": "Polygon", "coordinates": [ [ [ 126.375, 35.824999999999839 ], [ 126.375, 35.874999999999837 ], [ 126.324999999999889, 35.874999999999837 ], [ 126.324999999999889, 35.824999999999839 ], [ 126.375, 35.824999999999839 ] ] ] } },
{ "type": "Feature", "properties": { "variability_nT": 172.0, "tier": "optimal", "score": 10.0 }, "geometry": { "type": "Polygon", "coordinates": [ [ [ 126.774999999999878, 35.824999999999839 ], [ 126.774999999999878, 35.874999999999837 ], [ 126.724999999999866, 35.874999999999837 ], [ 126.724999999999866, 35.824999999999839 ], [ 126.774999999999878, 35.824999999999839 ] ] ] } },
{ "type": "Feature", "properties": { "variability_nT": 201.0, "tier": "optimal", "score": 10.0 }, "geometry": { "type": "Polygon", "coordinates": [ [ [ 126.924999999999869, 35.824999999999839 ], [ 126.924999999999869, 35.874999999999837 ], [ 126.874999999999858, 35.874999999999837 ], [ 126.874999999999858, 35.824999999999839 ], [ 126.924999999999869, 35.824999999999839 ] ] ] } },
{ "type": "Feature", "properties": { "variability_nT": 184.4, "tier": "optimal", "score": 10.0 }, "geometry": { "type": "Polygon", "coordinates": [ [ [ 127.074999999999861, 35.824999999999839 ], [ 127.074999999999861, 35.874999999999837 ], [ 127.024999999999849, 35.874999999999837 ], [ 127.024999999999849, 35.824999999999839 ], [ 127.074999999999861, 35.824999999999839 ] ] ] } },
{ "type": "Feature", "properties": { "variability_nT": 157.4, "tier": "optimal", "score": 10.0 }, "geometry": { "type": "Polygon", "coordinates": [ [ [ 127.274999999999849, 35.824999999999839 ], [ 127.274999999999849, 35.874999999999837 ], [ 127.224999999999838, 35.874999999999837 ], [ 127.224999999999838, 35.824999999999839 ], [ 127.274999999999849, 35.824999999999839 ] ] ] } },
{ "type": "Feature", "properties": { "variability_nT": 189.7, "tier": "optimal", "score": 10.0 }, "geometry": { "type": "Polygon", "coordinates": [ [ [ 127.324999999999847, 35.824999999999839 ], [ 127.324999999999847, 35.874999999999837 ], [ 127.274999999999835, 35.874999999999837 ], [ 127.274999999999835, 35.824999999999839 ], [ 127.324999999999847, 35.824999999999839 ] ] ] } },
{ "type": "Feature", "properties": { "variability_nT": 151.8, "tier": "optimal", "score": 10.0 }, "geometry": { "type": "Polygon", "coordinates": [ [ [ 127.374999999999844, 35.824999999999839 ], [ 127.374999999999844, 35.874999999999837 ], [ 127.324999999999832, 35.874999999999837 ], [ 127.324999999999832, 35.824999999999839 ], [ 127.374999999999844, 35.824999999999839 ] ] ] } },
{ "type": "Feature", "properties": { "variability_nT": 285.6, "tier": "optimal", "score": 10.0 }, "geometry": { "type": "Polygon", "coordinates": [ [ [ 127.874999999999815, 35.824999999999839 ], [ 127.874999999999815, 35.874999999999837 ], [ 127.824999999999804, 35.874999999999837 ], [ 127.824999999999804, 35.824999999999839 ], [ 127.874999999999815, 35.824999999999839 ] ] ] } },
{ "type": "Feature", "properties": { "variability_nT": 353.8, "tier": "optimal", "score": 10.0 }, "geometry": { "type": "Polygon", "coordinates": [ [ [ 127.924999999999812, 35.824999999999839 ], [ 127.924999999999812, 35.874999999999837 ], [ 127.874999999999801, 35.874999999999837 ], [ 127.874999999999801, 35.824999999999839 ], [ 127.924999999999812, 35.824999999999839 ] ] ] } },
{ "type": "Feature", "properties": { "variability_nT": 317.6, "tier": "optimal", "score": 10.0 }, "geometry": { "type": "Polygon", "coordinates": [ [ [ 127.97499999999981, 35.824999999999839 ], [ 127.97499999999981, 35.874999999999837 ], [ 127.924999999999798, 35.874999999999837 ], [ 127.924999999999798, 35.824999999999839 ], [ 127.97499999999981, 35.824999999999839 ] ] ] } },
{ "type": "Feature", "properties": { "variability_nT": 236.9, "tier": "optimal", "score": 10.0 }, "geometry": { "type": "Polygon", "coordinates": [ [ [ 128.124999999999801, 35.824999999999839 ], [ 128.124999999999801, 35.874999999999837 ], [ 128.07499999999979, 35.874999999999837 ], [ 128.07499999999979, 35.824999999999839 ], [ 128.124999999999801, 35.824999999999839 ] ] ] } },
{ "type": "Feature", "properties": { "variability_nT": 284.2, "tier": "optimal", "score": 10.0 }, "geometry": { "type": "Polygon", "coordinates": [ [ [ 128.174999999999812, 35.824999999999839 ], [ 128.174999999999812, 35.874999999999837 ], [ 128.124999999999801, 35.874999999999837 ], [ 128.124999999999801, 35.824999999999839 ], [ 128.174999999999812, 35.824999999999839 ] ] ] } },
{ "type": "Feature", "properties": { "variability_nT": 230.5, "tier": "optimal", "score": 10.0 }, "geometry": { "type": "Polygon", "coordinates": [ [ [ 128.224999999999795, 35.824999999999839 ], [ 128.224999999999795, 35.874999999999837 ], [ 128.174999999999784, 35.874999999999837 ], [ 128.174999999999784, 35.824999999999839 ], [ 128.224999999999795, 35.824999999999839 ] ] ] } },
{ "type": "Feature", "properties": { "variability_nT": 316.1, "tier": "optimal", "score": 10.0 }, "geometry": { "type": "Polygon", "coordinates": [ [ [ 128.424999999999784, 35.824999999999839 ], [ 128.424999999999784, 35.874999999999837 ], [ 128.374999999999773, 35.874999999999837 ], [ 128.374999999999773, 35.824999999999839 ], [ 128.424999999999784, 35.824999999999839 ] ] ] } },
{ "type": "Feature", "properties": { "variability_nT": 316.6, "tier": "optimal", "score": 10.0 }, "geometry": { "type": "Polygon", "coordinates": [ [ [ 128.474999999999767, 35.824999999999839 ], [ 128.474999999999767, 35.874999999999837 ], [ 128.424999999999756, 35.874999999999837 ], [ 128.424999999999756, 35.824999999999839 ], [ 128.474999999999767, 35.824999999999839 ] ] ] } },
{ "type": "Feature", "properties": { "variability_nT": 181.2, "tier": "optimal", "score": 10.0 }, "geometry": { "type": "Polygon", "coordinates": [ [ [ 128.524999999999778, 35.824999999999839 ], [ 128.524999999999778, 35.874999999999837 ], [ 128.474999999999767, 35.874999999999837 ], [ 128.474999999999767, 35.824999999999839 ], [ 128.524999999999778, 35.824999999999839 ] ] ] } },
{ "type": "Feature", "properties": { "variability_nT": 239.7, "tier": "optimal", "score": 10.0 }, "geometry": { "type": "Polygon", "coordinates": [ [ [ 128.57499999999979, 35.824999999999839 ], [ 128.57499999999979, 35.874999999999837 ], [ 128.524999999999778, 35.874999999999837 ], [ 128.524999999999778, 35.824999999999839 ], [ 128.57499999999979, 35.824999999999839 ] ] ] } },
{ "type": "Feature", "properties": { "variability_nT": 205.4, "tier": "optimal", "score": 10.0 }, "geometry": { "type": "Polygon", "coordinates": [ [ [ 128.624999999999773, 35.824999999999839 ], [ 128.624999999999773, 35.874999999999837 ], [ 128.574999999999761, 35.874999999999837 ], [ 128.574999999999761, 35.824999999999839 ], [ 128.624999999999773, 35.824999999999839 ] ] ] } },
{ "type": "Feature", "properties": { "variability_nT": 253.4, "tier": "optimal", "score": 10.0 }, "geometry": { "type": "Polygon", "coordinates": [ [ [ 128.674999999999756, 35.824999999999839 ], [ 128.674999999999756, 35.874999999999837 ], [ 128.624999999999744, 35.874999999999837 ], [ 128.624999999999744, 35.824999999999839 ], [ 128.674999999999756, 35.824999999999839 ] ] ] } },
{ "type": "Feature", "properties": { "variability_nT": 264.4, "tier": "optimal", "score": 10.0 }, "geometry": { "type": "Polygon", "coordinates": [ [ [ 128.724999999999767, 35.824999999999839 ], [ 128.724999999999767, 35.874999999999837 ], [ 128.674999999999756, 35.874999999999837 ], [ 128.674999999999756, 35.824999999999839 ], [ 128.724999999999767, 35.824999999999839 ] ] ] } },
{ "type": "Feature", "properties": { "variability_nT": 259.9, "tier": "optimal", "score": 10.0 }, "geometry": { "type": "Polygon", "coordinates": [ [ [ 128.774999999999778, 35.824999999999839 ], [ 128.774999999999778, 35.874999999999837 ], [ 128.724999999999767, 35.874999999999837 ], [ 128.724999999999767, 35.824999999999839 ], [ 128.774999999999778, 35.824999999999839 ] ] ] } },
{ "type": "Feature", "properties": { "variability_nT": 195.8, "tier": "optimal", "score": 10.0 }, "geometry": { "type": "Polygon", "coordinates": [ [ [ 128.824999999999761, 35.824999999999839 ], [ 128.824999999999761, 35.874999999999837 ], [ 128.77499999999975, 35.874999999999837 ], [ 128.77499999999975, 35.824999999999839 ], [ 128.824999999999761, 35.824999999999839 ] ] ] } },
{ "type": "Feature", "properties": { "variability_nT": 364.1, "tier": "optimal", "score": 10.0 }, "geometry": { "type": "Polygon", "coordinates": [ [ [ 128.924999999999756, 35.824999999999839 ], [ 128.924999999999756, 35.874999999999837 ], [ 128.874999999999744, 35.874999999999837 ], [ 128.874999999999744, 35.824999999999839 ], [ 128.924999999999756, 35.824999999999839 ] ] ] } },
{ "type": "Feature", "properties": { "variability_nT": 168.8, "tier": "optimal", "score": 10.0 }, "geometry": { "type": "Polygon", "coordinates": [ [ [ 129.124999999999744, 35.824999999999839 ], [ 129.124999999999744, 35.874999999999837 ], [ 129.074999999999733, 35.874999999999837 ], [ 129.074999999999733, 35.824999999999839 ], [ 129.124999999999744, 35.824999999999839 ] ] ] } },
{ "type": "Feature", "properties": { "variability_nT": 283.7, "tier": "optimal", "score": 10.0 }, "geometry": { "type": "Polygon", "coordinates": [ [ [ 129.224999999999739, 35.824999999999839 ], [ 129.224999999999739, 35.874999999999837 ], [ 129.174999999999727, 35.874999999999837 ], [ 129.174999999999727, 35.824999999999839 ], [ 129.224999999999739, 35.824999999999839 ] ] ] } },
{ "type": "Feature", "properties": { "variability_nT": 263.6, "tier": "optimal", "score": 10.0 }, "geometry": { "type": "Polygon", "coordinates": [ [ [ 129.424999999999727, 35.824999999999839 ], [ 129.424999999999727, 35.874999999999837 ], [ 129.374999999999716, 35.874999999999837 ], [ 129.374999999999716, 35.824999999999839 ], [ 129.424999999999727, 35.824999999999839 ] ] ] } },
{ "type": "Feature", "properties": { "variability_nT": 294.4, "tier": "optimal", "score": 10.0 }, "geometry": { "type": "Polygon", "coordinates": [ [ [ 129.47499999999971, 35.824999999999839 ], [ 129.47499999999971, 35.874999999999837 ], [ 129.424999999999699, 35.874999999999837 ], [ 129.424999999999699, 35.824999999999839 ], [ 129.47499999999971, 35.824999999999839 ] ] ] } },
{ "type": "Feature", "properties": { "variability_nT": 322.3, "tier": "optimal", "score": 10.0 }, "geometry": { "type": "Polygon", "coordinates": [ [ [ 129.524999999999721, 35.824999999999839 ], [ 129.524999999999721, 35.874999999999837 ], [ 129.47499999999971, 35.874999999999837 ], [ 129.47499999999971, 35.824999999999839 ], [ 129.524999999999721, 35.824999999999839 ] ] ] } },
{ "type": "Feature", "properties": { "variability_nT": 254.4, "tier": "optimal", "score": 10.0 }, "geometry": { "type": "Polygon", "coordinates": [ [ [ 129.574999999999733, 35.824999999999839 ], [ 129.574999999999733, 35.874999999999837 ], [ 129.524999999999721, 35.874999999999837 ], [ 129.524999999999721, 35.824999999999839 ], [ 129.574999999999733, 35.824999999999839 ] ] ] } },
{ "type": "Feature", "properties": { "variability_nT": 240.5, "tier": "optimal", "score": 10.0 }, "geometry": { "type": "Polygon", "coordinates": [ [ [ 126.225, 35.874999999999837 ], [ 126.225, 35.924999999999834 ], [ 126.174999999999898, 35.924999999999834 ], [ 126.174999999999898, 35.874999999999837 ], [ 126.225, 35.874999999999837 ] ] ] } },
{ "type": "Feature", "properties": { "variability_nT": 207.5, "tier": "optimal", "score": 10.0 }, "geometry": { "type": "Polygon", "coordinates": [ [ [ 126.275, 35.874999999999837 ], [ 126.275, 35.924999999999834 ], [ 126.224999999999895, 35.924999999999834 ], [ 126.224999999999895, 35.874999999999837 ], [ 126.275, 35.874999999999837 ] ] ] } },
{ "type": "Feature", "properties": { "variability_nT": 261.6, "tier": "optimal", "score": 10.0 }, "geometry": { "type": "Polygon", "coordinates": [ [ [ 126.325, 35.874999999999837 ], [ 126.325, 35.924999999999834 ], [ 126.274999999999892, 35.924999999999834 ], [ 126.274999999999892, 35.874999999999837 ], [ 126.325, 35.874999999999837 ] ] ] } },
{ "type": "Feature", "properties": { "variability_nT": 315.5, "tier": "optimal", "score": 10.0 }, "geometry": { "type": "Polygon", "coordinates": [ [ [ 126.375, 35.874999999999837 ], [ 126.375, 35.924999999999834 ], [ 126.324999999999889, 35.924999999999834 ], [ 126.324999999999889, 35.874999999999837 ], [ 126.375, 35.874999999999837 ] ] ] } },
{ "type": "Feature", "properties": { "variability_nT": 197.3, "tier": "optimal", "score": 10.0 }, "geometry": { "type": "Polygon", "coordinates": [ [ [ 126.424999999999898, 35.874999999999837 ], [ 126.424999999999898, 35.924999999999834 ], [ 126.374999999999886, 35.924999999999834 ], [ 126.374999999999886, 35.874999999999837 ], [ 126.424999999999898, 35.874999999999837 ] ] ] } },
{ "type": "Feature", "properties": { "variability_nT": 157.4, "tier": "optimal", "score": 10.0 }, "geometry": { "type": "Polygon", "coordinates": [ [ [ 126.524999999999892, 35.874999999999837 ], [ 126.524999999999892, 35.924999999999834 ], [ 126.474999999999881, 35.924999999999834 ], [ 126.474999999999881, 35.874999999999837 ], [ 126.524999999999892, 35.874999999999837 ] ] ] } },
{ "type": "Feature", "properties": { "variability_nT": 199.2, "tier": "optimal", "score": 10.0 }, "geometry": { "type": "Polygon", "coordinates": [ [ [ 127.324999999999847, 35.874999999999837 ], [ 127.324999999999847, 35.924999999999834 ], [ 127.274999999999835, 35.924999999999834 ], [ 127.274999999999835, 35.874999999999837 ], [ 127.324999999999847, 35.874999999999837 ] ] ] } },
{ "type": "Feature", "properties": { "variability_nT": 274.8, "tier": "optimal", "score": 10.0 }, "geometry": { "type": "Polygon", "coordinates": [ [ [ 127.374999999999844, 35.874999999999837 ], [ 127.374999999999844, 35.924999999999834 ], [ 127.324999999999832, 35.924999999999834 ], [ 127.324999999999832, 35.874999999999837 ], [ 127.374999999999844, 35.874999999999837 ] ] ] } },
{ "type": "Feature", "properties": { "variability_nT": 217.2, "tier": "optimal", "score": 10.0 }, "geometry": { "type": "Polygon", "coordinates": [ [ [ 127.424999999999841, 35.874999999999837 ], [ 127.424999999999841, 35.924999999999834 ], [ 127.374999999999829, 35.924999999999834 ], [ 127.374999999999829, 35.874999999999837 ], [ 127.424999999999841, 35.874999999999837 ] ] ] } },
{ "type": "Feature", "properties": { "variability_nT": 169.8, "tier": "optimal", "score": 10.0 }, "geometry": { "type": "Polygon", "coordinates": [ [ [ 127.474999999999838, 35.874999999999837 ], [ 127.474999999999838, 35.924999999999834 ], [ 127.424999999999827, 35.924999999999834 ], [ 127.424999999999827, 35.874999999999837 ], [ 127.474999999999838, 35.874999999999837 ] ] ] } },
{ "type": "Feature", "properties": { "variability_nT": 166.8, "tier": "optimal", "score": 10.0 }, "geometry": { "type": "Polygon", "coordinates": [ [ [ 127.824999999999818, 35.874999999999837 ], [ 127.824999999999818, 35.924999999999834 ], [ 127.774999999999807, 35.924999999999834 ], [ 127.774999999999807, 35.874999999999837 ], [ 127.824999999999818, 35.874999999999837 ] ] ] } },
{ "type": "Feature", "properties": { "variability_nT": 247.1, "tier": "optimal", "score": 10.0 }, "geometry": { "type": "Polygon", "coordinates": [ [ [ 128.024999999999807, 35.874999999999837 ], [ 128.024999999999807, 35.924999999999834 ], [ 127.974999999999795, 35.924999999999834 ], [ 127.974999999999795, 35.874999999999837 ], [ 128.024999999999807, 35.874999999999837 ] ] ] } },
{ "type": "Feature", "properties": { "variability_nT": 176.1, "tier": "optimal", "score": 10.0 }, "geometry": { "type": "Polygon", "coordinates": [ [ [ 128.07499999999979, 35.874999999999837 ], [ 128.07499999999979, 35.924999999999834 ], [ 128.024999999999778, 35.924999999999834 ], [ 128.024999999999778, 35.874999999999837 ], [ 128.07499999999979, 35.874999999999837 ] ] ] } },
{ "type": "Feature", "properties": { "variability_nT": 208.0, "tier": "optimal", "score": 10.0 }, "geometry": { "type": "Polygon", "coordinates": [ [ [ 128.274999999999778, 35.874999999999837 ], [ 128.274999999999778, 35.924999999999834 ], [ 128.224999999999767, 35.924999999999834 ], [ 128.224999999999767, 35.874999999999837 ], [ 128.274999999999778, 35.874999999999837 ] ] ] } },
{ "type": "Feature", "properties": { "variability_nT": 194.4, "tier": "optimal", "score": 10.0 }, "geometry": { "type": "Polygon", "coordinates": [ [ [ 128.32499999999979, 35.874999999999837 ], [ 128.32499999999979, 35.924999999999834 ], [ 128.274999999999778, 35.924999999999834 ], [ 128.274999999999778, 35.874999999999837 ], [ 128.32499999999979, 35.874999999999837 ] ] ] } },
{ "type": "Feature", "properties": { "variability_nT": 202.8, "tier": "optimal", "score": 10.0 }, "geometry": { "type": "Polygon", "coordinates": [ [ [ 128.424999999999784, 35.874999999999837 ], [ 128.424999999999784, 35.924999999999834 ], [ 128.374999999999773, 35.924999999999834 ], [ 128.374999999999773, 35.874999999999837 ], [ 128.424999999999784, 35.874999999999837 ] ] ] } },
{ "type": "Feature", "properties": { "variability_nT": 198.2, "tier": "optimal", "score": 10.0 }, "geometry": { "type": "Polygon", "coordinates": [ [ [ 128.474999999999767, 35.874999999999837 ], [ 128.474999999999767, 35.924999999999834 ], [ 128.424999999999756, 35.924999999999834 ], [ 128.424999999999756, 35.874999999999837 ], [ 128.474999999999767, 35.874999999999837 ] ] ] } },
{ "type": "Feature", "properties": { "variability_nT": 165.2, "tier": "optimal", "score": 10.0 }, "geometry": { "type": "Polygon", "coordinates": [ [ [ 128.524999999999778, 35.874999999999837 ], [ 128.524999999999778, 35.924999999999834 ], [ 128.474999999999767, 35.924999999999834 ], [ 128.474999999999767, 35.874999999999837 ], [ 128.524999999999778, 35.874999999999837 ] ] ] } },
{ "type": "Feature", "properties": { "variability_nT": 207.5, "tier": "optimal", "score": 10.0 }, "geometry": { "type": "Polygon", "coordinates": [ [ [ 128.57499999999979, 35.874999999999837 ], [ 128.57499999999979, 35.924999999999834 ], [ 128.524999999999778, 35.924999999999834 ], [ 128.524999999999778, 35.874999999999837 ], [ 128.57499999999979, 35.874999999999837 ] ] ] } },
{ "type": "Feature", "properties": { "variability_nT": 203.0, "tier": "optimal", "score": 10.0 }, "geometry": { "type": "Polygon", "coordinates": [ [ [ 128.624999999999773, 35.874999999999837 ], [ 128.624999999999773, 35.924999999999834 ], [ 128.574999999999761, 35.924999999999834 ], [ 128.574999999999761, 35.874999999999837 ], [ 128.624999999999773, 35.874999999999837 ] ] ] } },
{ "type": "Feature", "properties": { "variability_nT": 219.1, "tier": "optimal", "score": 10.0 }, "geometry": { "type": "Polygon", "coordinates": [ [ [ 128.674999999999756, 35.874999999999837 ], [ 128.674999999999756, 35.924999999999834 ], [ 128.624999999999744, 35.924999999999834 ], [ 128.624999999999744, 35.874999999999837 ], [ 128.674999999999756, 35.874999999999837 ] ] ] } },
{ "type": "Feature", "properties": { "variability_nT": 374.1, "tier": "optimal", "score": 10.0 }, "geometry": { "type": "Polygon", "coordinates": [ [ [ 128.824999999999761, 35.874999999999837 ], [ 128.824999999999761, 35.924999999999834 ], [ 128.77499999999975, 35.924999999999834 ], [ 128.77499999999975, 35.874999999999837 ], [ 128.824999999999761, 35.874999999999837 ] ] ] } },
{ "type": "Feature", "properties": { "variability_nT": 314.3, "tier": "optimal", "score": 10.0 }, "geometry": { "type": "Polygon", "coordinates": [ [ [ 128.924999999999756, 35.874999999999837 ], [ 128.924999999999756, 35.924999999999834 ], [ 128.874999999999744, 35.924999999999834 ], [ 128.874999999999744, 35.874999999999837 ], [ 128.924999999999756, 35.874999999999837 ] ] ] } },
{ "type": "Feature", "properties": { "variability_nT": 399.4, "tier": "optimal", "score": 10.0 }, "geometry": { "type": "Polygon", "coordinates": [ [ [ 128.974999999999767, 35.874999999999837 ], [ 128.974999999999767, 35.924999999999834 ], [ 128.924999999999756, 35.924999999999834 ], [ 128.924999999999756, 35.874999999999837 ], [ 128.974999999999767, 35.874999999999837 ] ] ] } },
{ "type": "Feature", "properties": { "variability_nT": 287.2, "tier": "optimal", "score": 10.0 }, "geometry": { "type": "Polygon", "coordinates": [ [ [ 129.02499999999975, 35.874999999999837 ], [ 129.02499999999975, 35.924999999999834 ], [ 128.974999999999739, 35.924999999999834 ], [ 128.974999999999739, 35.874999999999837 ], [ 129.02499999999975, 35.874999999999837 ] ] ] } },
{ "type": "Feature", "properties": { "variability_nT": 198.0, "tier": "optimal", "score": 10.0 }, "geometry": { "type": "Polygon", "coordinates": [ [ [ 129.074999999999733, 35.874999999999837 ], [ 129.074999999999733, 35.924999999999834 ], [ 129.024999999999721, 35.924999999999834 ], [ 129.024999999999721, 35.874999999999837 ], [ 129.074999999999733, 35.874999999999837 ] ] ] } },
{ "type": "Feature", "properties": { "variability_nT": 392.6, "tier": "optimal", "score": 10.0 }, "geometry": { "type": "Polygon", "coordinates": [ [ [ 129.174999999999756, 35.874999999999837 ], [ 129.174999999999756, 35.924999999999834 ], [ 129.124999999999744, 35.924999999999834 ], [ 129.124999999999744, 35.874999999999837 ], [ 129.174999999999756, 35.874999999999837 ] ] ] } },
{ "type": "Feature", "properties": { "variability_nT": 294.9, "tier": "optimal", "score": 10.0 }, "geometry": { "type": "Polygon", "coordinates": [ [ [ 129.224999999999739, 35.874999999999837 ], [ 129.224999999999739, 35.924999999999834 ], [ 129.174999999999727, 35.924999999999834 ], [ 129.174999999999727, 35.874999999999837 ], [ 129.224999999999739, 35.874999999999837 ] ] ] } },
{ "type": "Feature", "properties": { "variability_nT": 244.5, "tier": "optimal", "score": 10.0 }, "geometry": { "type": "Polygon", "coordinates": [ [ [ 129.47499999999971, 35.874999999999837 ], [ 129.47499999999971, 35.924999999999834 ], [ 129.424999999999699, 35.924999999999834 ], [ 129.424999999999699, 35.874999999999837 ], [ 129.47499999999971, 35.874999999999837 ] ] ] } },
{ "type": "Feature", "properties": { "variability_nT": 217.0, "tier": "optimal", "score": 10.0 }, "geometry": { "type": "Polygon", "coordinates": [ [ [ 129.524999999999721, 35.874999999999837 ], [ 129.524999999999721, 35.924999999999834 ], [ 129.47499999999971, 35.924999999999834 ], [ 129.47499999999971, 35.874999999999837 ], [ 129.524999999999721, 35.874999999999837 ] ] ] } },
{ "type": "Feature", "properties": { "variability_nT": 167.9, "tier": "optimal", "score": 10.0 }, "geometry": { "type": "Polygon", "coordinates": [ [ [ 126.275, 35.924999999999834 ], [ 126.275, 35.974999999999831 ], [ 126.224999999999895, 35.974999999999831 ], [ 126.224999999999895, 35.924999999999834 ], [ 126.275, 35.924999999999834 ] ] ] } },
{ "type": "Feature", "properties": { "variability_nT": 190.8, "tier": "optimal", "score": 10.0 }, "geometry": { "type": "Polygon", "coordinates": [ [ [ 126.474999999999895, 35.924999999999834 ], [ 126.474999999999895, 35.974999999999831 ], [ 126.424999999999883, 35.974999999999831 ], [ 126.424999999999883, 35.924999999999834 ], [ 126.474999999999895, 35.924999999999834 ] ] ] } },
{ "type": "Feature", "properties": { "variability_nT": 232.4, "tier": "optimal", "score": 10.0 }, "geometry": { "type": "Polygon", "coordinates": [ [ [ 126.524999999999892, 35.924999999999834 ], [ 126.524999999999892, 35.974999999999831 ], [ 126.474999999999881, 35.974999999999831 ], [ 126.474999999999881, 35.924999999999834 ], [ 126.524999999999892, 35.924999999999834 ] ] ] } },
{ "type": "Feature", "properties": { "variability_nT": 166.2, "tier": "optimal", "score": 10.0 }, "geometry": { "type": "Polygon", "coordinates": [ [ [ 126.574999999999889, 35.924999999999834 ], [ 126.574999999999889, 35.974999999999831 ], [ 126.524999999999878, 35.974999999999831 ], [ 126.524999999999878, 35.924999999999834 ], [ 126.574999999999889, 35.924999999999834 ] ] ] } },
{ "type": "Feature", "properties": { "variability_nT": 165.2, "tier": "optimal", "score": 10.0 }, "geometry": { "type": "Polygon", "coordinates": [ [ [ 126.674999999999883, 35.924999999999834 ], [ 126.674999999999883, 35.974999999999831 ], [ 126.624999999999872, 35.974999999999831 ], [ 126.624999999999872, 35.924999999999834 ], [ 126.674999999999883, 35.924999999999834 ] ] ] } },
{ "type": "Feature", "properties": { "variability_nT": 175.8, "tier": "optimal", "score": 10.0 }, "geometry": { "type": "Polygon", "coordinates": [ [ [ 126.724999999999881, 35.924999999999834 ], [ 126.724999999999881, 35.974999999999831 ], [ 126.674999999999869, 35.974999999999831 ], [ 126.674999999999869, 35.924999999999834 ], [ 126.724999999999881, 35.924999999999834 ] ] ] } },
{ "type": "Feature", "properties": { "variability_nT": 185.8, "tier": "optimal", "score": 10.0 }, "geometry": { "type": "Polygon", "coordinates": [ [ [ 127.674999999999827, 35.924999999999834 ], [ 127.674999999999827, 35.974999999999831 ], [ 127.624999999999815, 35.974999999999831 ], [ 127.624999999999815, 35.924999999999834 ], [ 127.674999999999827, 35.924999999999834 ] ] ] } },
{ "type": "Feature", "properties": { "variability_nT": 199.8, "tier": "optimal", "score": 10.0 }, "geometry": { "type": "Polygon", "coordinates": [ [ [ 127.724999999999824, 35.924999999999834 ], [ 127.724999999999824, 35.974999999999831 ], [ 127.674999999999812, 35.974999999999831 ], [ 127.674999999999812, 35.924999999999834 ], [ 127.724999999999824, 35.924999999999834 ] ] ] } },
{ "type": "Feature", "properties": { "variability_nT": 231.6, "tier": "optimal", "score": 10.0 }, "geometry": { "type": "Polygon", "coordinates": [ [ [ 127.774999999999821, 35.924999999999834 ], [ 127.774999999999821, 35.974999999999831 ], [ 127.72499999999981, 35.974999999999831 ], [ 127.72499999999981, 35.924999999999834 ], [ 127.774999999999821, 35.924999999999834 ] ] ] } },
{ "type": "Feature", "properties": { "variability_nT": 238.0, "tier": "optimal", "score": 10.0 }, "geometry": { "type": "Polygon", "coordinates": [ [ [ 127.824999999999818, 35.924999999999834 ], [ 127.824999999999818, 35.974999999999831 ], [ 127.774999999999807, 35.974999999999831 ], [ 127.774999999999807, 35.924999999999834 ], [ 127.824999999999818, 35.924999999999834 ] ] ] } },
{ "type": "Feature", "properties": { "variability_nT": 234.1, "tier": "optimal", "score": 10.0 }, "geometry": { "type": "Polygon", "coordinates": [ [ [ 127.97499999999981, 35.924999999999834 ], [ 127.97499999999981, 35.974999999999831 ], [ 127.924999999999798, 35.974999999999831 ], [ 127.924999999999798, 35.924999999999834 ], [ 127.97499999999981, 35.924999999999834 ] ] ] } },
{ "type": "Feature", "properties": { "variability_nT": 187.5, "tier": "optimal", "score": 10.0 }, "geometry": { "type": "Polygon", "coordinates": [ [ [ 128.024999999999807, 35.924999999999834 ], [ 128.024999999999807, 35.974999999999831 ], [ 127.974999999999795, 35.974999999999831 ], [ 127.974999999999795, 35.924999999999834 ], [ 128.024999999999807, 35.924999999999834 ] ] ] } },
{ "type": "Feature", "properties": { "variability_nT": 172.0, "tier": "optimal", "score": 10.0 }, "geometry": { "type": "Polygon", "coordinates": [ [ [ 128.07499999999979, 35.924999999999834 ], [ 128.07499999999979, 35.974999999999831 ], [ 128.024999999999778, 35.974999999999831 ], [ 128.024999999999778, 35.924999999999834 ], [ 128.07499999999979, 35.924999999999834 ] ] ] } },
{ "type": "Feature", "properties": { "variability_nT": 155.8, "tier": "optimal", "score": 10.0 }, "geometry": { "type": "Polygon", "coordinates": [ [ [ 128.124999999999801, 35.924999999999834 ], [ 128.124999999999801, 35.974999999999831 ], [ 128.07499999999979, 35.974999999999831 ], [ 128.07499999999979, 35.924999999999834 ], [ 128.124999999999801, 35.924999999999834 ] ] ] } },
{ "type": "Feature", "properties": { "variability_nT": 173.2, "tier": "optimal", "score": 10.0 }, "geometry": { "type": "Polygon", "coordinates": [ [ [ 128.274999999999778, 35.924999999999834 ], [ 128.274999999999778, 35.974999999999831 ], [ 128.224999999999767, 35.974999999999831 ], [ 128.224999999999767, 35.924999999999834 ], [ 128.274999999999778, 35.924999999999834 ] ] ] } },
{ "type": "Feature", "properties": { "variability_nT": 207.8, "tier": "optimal", "score": 10.0 }, "geometry": { "type": "Polygon", "coordinates": [ [ [ 128.32499999999979, 35.924999999999834 ], [ 128.32499999999979, 35.974999999999831 ], [ 128.274999999999778, 35.974999999999831 ], [ 128.274999999999778, 35.924999999999834 ], [ 128.32499999999979, 35.924999999999834 ] ] ] } },
{ "type": "Feature", "properties": { "variability_nT": 157.8, "tier": "optimal", "score": 10.0 }, "geometry": { "type": "Polygon", "coordinates": [ [ [ 128.374999999999801, 35.924999999999834 ], [ 128.374999999999801, 35.974999999999831 ], [ 128.32499999999979, 35.974999999999831 ], [ 128.32499999999979, 35.924999999999834 ], [ 128.374999999999801, 35.924999999999834 ] ] ] } },
{ "type": "Feature", "properties": { "variability_nT": 151.2, "tier": "optimal", "score": 10.0 }, "geometry": { "type": "Polygon", "coordinates": [ [ [ 128.424999999999784, 35.924999999999834 ], [ 128.424999999999784, 35.974999999999831 ], [ 128.374999999999773, 35.974999999999831 ], [ 128.374999999999773, 35.924999999999834 ], [ 128.424999999999784, 35.924999999999834 ] ] ] } },
{ "type": "Feature", "properties": { "variability_nT": 197.3, "tier": "optimal", "score": 10.0 }, "geometry": { "type": "Polygon", "coordinates": [ [ [ 128.474999999999767, 35.924999999999834 ], [ 128.474999999999767, 35.974999999999831 ], [ 128.424999999999756, 35.974999999999831 ], [ 128.424999999999756, 35.924999999999834 ], [ 128.474999999999767, 35.924999999999834 ] ] ] } },
{ "type": "Feature", "properties": { "variability_nT": 326.9, "tier": "optimal", "score": 10.0 }, "geometry": { "type": "Polygon", "coordinates": [ [ [ 128.524999999999778, 35.924999999999834 ], [ 128.524999999999778, 35.974999999999831 ], [ 128.474999999999767, 35.974999999999831 ], [ 128.474999999999767, 35.924999999999834 ], [ 128.524999999999778, 35.924999999999834 ] ] ] } },
{ "type": "Feature", "properties": { "variability_nT": 305.2, "tier": "optimal", "score": 10.0 }, "geometry": { "type": "Polygon", "coordinates": [ [ [ 128.57499999999979, 35.924999999999834 ], [ 128.57499999999979, 35.974999999999831 ], [ 128.524999999999778, 35.974999999999831 ], [ 128.524999999999778, 35.924999999999834 ], [ 128.57499999999979, 35.924999999999834 ] ] ] } },
{ "type": "Feature", "properties": { "variability_nT": 272.9, "tier": "optimal", "score": 10.0 }, "geometry": { "type": "Polygon", "coordinates": [ [ [ 128.624999999999773, 35.924999999999834 ], [ 128.624999999999773, 35.974999999999831 ], [ 128.574999999999761, 35.974999999999831 ], [ 128.574999999999761, 35.924999999999834 ], [ 128.624999999999773, 35.924999999999834 ] ] ] } },
{ "type": "Feature", "properties": { "variability_nT": 317.8, "tier": "optimal", "score": 10.0 }, "geometry": { "type": "Polygon", "coordinates": [ [ [ 128.674999999999756, 35.924999999999834 ], [ 128.674999999999756, 35.974999999999831 ], [ 128.624999999999744, 35.974999999999831 ], [ 128.624999999999744, 35.924999999999834 ], [ 128.674999999999756, 35.924999999999834 ] ] ] } },
{ "type": "Feature", "properties": { "variability_nT": 238.6, "tier": "optimal", "score": 10.0 }, "geometry": { "type": "Polygon", "coordinates": [ [ [ 128.724999999999767, 35.924999999999834 ], [ 128.724999999999767, 35.974999999999831 ], [ 128.674999999999756, 35.974999999999831 ], [ 128.674999999999756, 35.924999999999834 ], [ 128.724999999999767, 35.924999999999834 ] ] ] } },
{ "type": "Feature", "properties": { "variability_nT": 199.7, "tier": "optimal", "score": 10.0 }, "geometry": { "type": "Polygon", "coordinates": [ [ [ 128.774999999999778, 35.924999999999834 ], [ 128.774999999999778, 35.974999999999831 ], [ 128.724999999999767, 35.974999999999831 ], [ 128.724999999999767, 35.924999999999834 ], [ 128.774999999999778, 35.924999999999834 ] ] ] } },
{ "type": "Feature", "properties": { "variability_nT": 315.0, "tier": "optimal", "score": 10.0 }, "geometry": { "type": "Polygon", "coordinates": [ [ [ 128.824999999999761, 35.924999999999834 ], [ 128.824999999999761, 35.974999999999831 ], [ 128.77499999999975, 35.974999999999831 ], [ 128.77499999999975, 35.924999999999834 ], [ 128.824999999999761, 35.924999999999834 ] ] ] } },
{ "type": "Feature", "properties": { "variability_nT": 154.8, "tier": "optimal", "score": 10.0 }, "geometry": { "type": "Polygon", "coordinates": [ [ [ 128.974999999999767, 35.924999999999834 ], [ 128.974999999999767, 35.974999999999831 ], [ 128.924999999999756, 35.974999999999831 ], [ 128.924999999999756, 35.924999999999834 ], [ 128.974999999999767, 35.924999999999834 ] ] ] } },
{ "type": "Feature", "properties": { "variability_nT": 246.1, "tier": "optimal", "score": 10.0 }, "geometry": { "type": "Polygon", "coordinates": [ [ [ 129.02499999999975, 35.924999999999834 ], [ 129.02499999999975, 35.974999999999831 ], [ 128.974999999999739, 35.974999999999831 ], [ 128.974999999999739, 35.924999999999834 ], [ 129.02499999999975, 35.924999999999834 ] ] ] } },
{ "type": "Feature", "properties": { "variability_nT": 184.9, "tier": "optimal", "score": 10.0 }, "geometry": { "type": "Polygon", "coordinates": [ [ [ 129.074999999999733, 35.924999999999834 ], [ 129.074999999999733, 35.974999999999831 ], [ 129.024999999999721, 35.974999999999831 ], [ 129.024999999999721, 35.924999999999834 ], [ 129.074999999999733, 35.924999999999834 ] ] ] } },
{ "type": "Feature", "properties": { "variability_nT": 183.4, "tier": "optimal", "score": 10.0 }, "geometry": { "type": "Polygon", "coordinates": [ [ [ 129.124999999999744, 35.924999999999834 ], [ 129.124999999999744, 35.974999999999831 ], [ 129.074999999999733, 35.974999999999831 ], [ 129.074999999999733, 35.924999999999834 ], [ 129.124999999999744, 35.924999999999834 ] ] ] } },
{ "type": "Feature", "properties": { "variability_nT": 299.5, "tier": "optimal", "score": 10.0 }, "geometry": { "type": "Polygon", "coordinates": [ [ [ 129.174999999999756, 35.924999999999834 ], [ 129.174999999999756, 35.974999999999831 ], [ 129.124999999999744, 35.974999999999831 ], [ 129.124999999999744, 35.924999999999834 ], [ 129.174999999999756, 35.924999999999834 ] ] ] } },
{ "type": "Feature", "properties": { "variability_nT": 160.3, "tier": "optimal", "score": 10.0 }, "geometry": { "type": "Polygon", "coordinates": [ [ [ 129.424999999999727, 35.924999999999834 ], [ 129.424999999999727, 35.974999999999831 ], [ 129.374999999999716, 35.974999999999831 ], [ 129.374999999999716, 35.924999999999834 ], [ 129.424999999999727, 35.924999999999834 ] ] ] } },
{ "type": "Feature", "properties": { "variability_nT": 331.0, "tier": "optimal", "score": 10.0 }, "geometry": { "type": "Polygon", "coordinates": [ [ [ 129.47499999999971, 35.924999999999834 ], [ 129.47499999999971, 35.974999999999831 ], [ 129.424999999999699, 35.974999999999831 ], [ 129.424999999999699, 35.924999999999834 ], [ 129.47499999999971, 35.924999999999834 ] ] ] } },
{ "type": "Feature", "properties": { "variability_nT": 299.4, "tier": "optimal", "score": 10.0 }, "geometry": { "type": "Polygon", "coordinates": [ [ [ 129.524999999999721, 35.924999999999834 ], [ 129.524999999999721, 35.974999999999831 ], [ 129.47499999999971, 35.974999999999831 ], [ 129.47499999999971, 35.924999999999834 ], [ 129.524999999999721, 35.924999999999834 ] ] ] } },
{ "type": "Feature", "properties": { "variability_nT": 291.3, "tier": "optimal", "score": 10.0 }, "geometry": { "type": "Polygon", "coordinates": [ [ [ 129.574999999999733, 35.924999999999834 ], [ 129.574999999999733, 35.974999999999831 ], [ 129.524999999999721, 35.974999999999831 ], [ 129.524999999999721, 35.924999999999834 ], [ 129.574999999999733, 35.924999999999834 ] ] ] } },
{ "type": "Feature", "properties": { "variability_nT": 171.5, "tier": "optimal", "score": 10.0 }, "geometry": { "type": "Polygon", "coordinates": [ [ [ 129.624999999999716, 35.924999999999834 ], [ 129.624999999999716, 35.974999999999831 ], [ 129.574999999999704, 35.974999999999831 ], [ 129.574999999999704, 35.924999999999834 ], [ 129.624999999999716, 35.924999999999834 ] ] ] } },
{ "type": "Feature", "properties": { "variability_nT": 269.6, "tier": "optimal", "score": 10.0 }, "geometry": { "type": "Polygon", "coordinates": [ [ [ 126.225, 35.974999999999831 ], [ 126.225, 36.024999999999828 ], [ 126.174999999999898, 36.024999999999828 ], [ 126.174999999999898, 35.974999999999831 ], [ 126.225, 35.974999999999831 ] ] ] } },
{ "type": "Feature", "properties": { "variability_nT": 268.9, "tier": "optimal", "score": 10.0 }, "geometry": { "type": "Polygon", "coordinates": [ [ [ 126.275, 35.974999999999831 ], [ 126.275, 36.024999999999828 ], [ 126.224999999999895, 36.024999999999828 ], [ 126.224999999999895, 35.974999999999831 ], [ 126.275, 35.974999999999831 ] ] ] } },
{ "type": "Feature", "properties": { "variability_nT": 200.2, "tier": "optimal", "score": 10.0 }, "geometry": { "type": "Polygon", "coordinates": [ [ [ 126.325, 35.974999999999831 ], [ 126.325, 36.024999999999828 ], [ 126.274999999999892, 36.024999999999828 ], [ 126.274999999999892, 35.974999999999831 ], [ 126.325, 35.974999999999831 ] ] ] } },
{ "type": "Feature", "properties": { "variability_nT": 173.2, "tier": "optimal", "score": 10.0 }, "geometry": { "type": "Polygon", "coordinates": [ [ [ 126.375, 35.974999999999831 ], [ 126.375, 36.024999999999828 ], [ 126.324999999999889, 36.024999999999828 ], [ 126.324999999999889, 35.974999999999831 ], [ 126.375, 35.974999999999831 ] ] ] } },
{ "type": "Feature", "properties": { "variability_nT": 164.5, "tier": "optimal", "score": 10.0 }, "geometry": { "type": "Polygon", "coordinates": [ [ [ 126.474999999999895, 35.974999999999831 ], [ 126.474999999999895, 36.024999999999828 ], [ 126.424999999999883, 36.024999999999828 ], [ 126.424999999999883, 35.974999999999831 ], [ 126.474999999999895, 35.974999999999831 ] ] ] } },
{ "type": "Feature", "properties": { "variability_nT": 212.1, "tier": "optimal", "score": 10.0 }, "geometry": { "type": "Polygon", "coordinates": [ [ [ 126.524999999999892, 35.974999999999831 ], [ 126.524999999999892, 36.024999999999828 ], [ 126.474999999999881, 36.024999999999828 ], [ 126.474999999999881, 35.974999999999831 ], [ 126.524999999999892, 35.974999999999831 ] ] ] } },
{ "type": "Feature", "properties": { "variability_nT": 197.1, "tier": "optimal", "score": 10.0 }, "geometry": { "type": "Polygon", "coordinates": [ [ [ 126.574999999999889, 35.974999999999831 ], [ 126.574999999999889, 36.024999999999828 ], [ 126.524999999999878, 36.024999999999828 ], [ 126.524999999999878, 35.974999999999831 ], [ 126.574999999999889, 35.974999999999831 ] ] ] } },
{ "type": "Feature", "properties": { "variability_nT": 170.8, "tier": "optimal", "score": 10.0 }, "geometry": { "type": "Polygon", "coordinates": [ [ [ 126.624999999999886, 35.974999999999831 ], [ 126.624999999999886, 36.024999999999828 ], [ 126.574999999999875, 36.024999999999828 ], [ 126.574999999999875, 35.974999999999831 ], [ 126.624999999999886, 35.974999999999831 ] ] ] } },
{ "type": "Feature", "properties": { "variability_nT": 178.7, "tier": "optimal", "score": 10.0 }, "geometry": { "type": "Polygon", "coordinates": [ [ [ 127.074999999999861, 35.974999999999831 ], [ 127.074999999999861, 36.024999999999828 ], [ 127.024999999999849, 36.024999999999828 ], [ 127.024999999999849, 35.974999999999831 ], [ 127.074999999999861, 35.974999999999831 ] ] ] } },
{ "type": "Feature", "properties": { "variability_nT": 167.1, "tier": "optimal", "score": 10.0 }, "geometry": { "type": "Polygon", "coordinates": [ [ [ 127.124999999999858, 35.974999999999831 ], [ 127.124999999999858, 36.024999999999828 ], [ 127.074999999999847, 36.024999999999828 ], [ 127.074999999999847, 35.974999999999831 ], [ 127.124999999999858, 35.974999999999831 ] ] ] } },
{ "type": "Feature", "properties": { "variability_nT": 276.8, "tier": "optimal", "score": 10.0 }, "geometry": { "type": "Polygon", "coordinates": [ [ [ 127.724999999999824, 35.974999999999831 ], [ 127.724999999999824, 36.024999999999828 ], [ 127.674999999999812, 36.024999999999828 ], [ 127.674999999999812, 35.974999999999831 ], [ 127.724999999999824, 35.974999999999831 ] ] ] } },
{ "type": "Feature", "properties": { "variability_nT": 306.6, "tier": "optimal", "score": 10.0 }, "geometry": { "type": "Polygon", "coordinates": [ [ [ 127.774999999999821, 35.974999999999831 ], [ 127.774999999999821, 36.024999999999828 ], [ 127.72499999999981, 36.024999999999828 ], [ 127.72499999999981, 35.974999999999831 ], [ 127.774999999999821, 35.974999999999831 ] ] ] } },
{ "type": "Feature", "properties": { "variability_nT": 167.6, "tier": "optimal", "score": 10.0 }, "geometry": { "type": "Polygon", "coordinates": [ [ [ 127.824999999999818, 35.974999999999831 ], [ 127.824999999999818, 36.024999999999828 ], [ 127.774999999999807, 36.024999999999828 ], [ 127.774999999999807, 35.974999999999831 ], [ 127.824999999999818, 35.974999999999831 ] ] ] } },
{ "type": "Feature", "properties": { "variability_nT": 271.3, "tier": "optimal", "score": 10.0 }, "geometry": { "type": "Polygon", "coordinates": [ [ [ 127.874999999999815, 35.974999999999831 ], [ 127.874999999999815, 36.024999999999828 ], [ 127.824999999999804, 36.024999999999828 ], [ 127.824999999999804, 35.974999999999831 ], [ 127.874999999999815, 35.974999999999831 ] ] ] } },
{ "type": "Feature", "properties": { "variability_nT": 324.0, "tier": "optimal", "score": 10.0 }, "geometry": { "type": "Polygon", "coordinates": [ [ [ 127.924999999999812, 35.974999999999831 ], [ 127.924999999999812, 36.024999999999828 ], [ 127.874999999999801, 36.024999999999828 ], [ 127.874999999999801, 35.974999999999831 ], [ 127.924999999999812, 35.974999999999831 ] ] ] } },
{ "type": "Feature", "properties": { "variability_nT": 160.6, "tier": "optimal", "score": 10.0 }, "geometry": { "type": "Polygon", "coordinates": [ [ [ 128.07499999999979, 35.974999999999831 ], [ 128.07499999999979, 36.024999999999828 ], [ 128.024999999999778, 36.024999999999828 ], [ 128.024999999999778, 35.974999999999831 ], [ 128.07499999999979, 35.974999999999831 ] ] ] } },
{ "type": "Feature", "properties": { "variability_nT": 156.6, "tier": "optimal", "score": 10.0 }, "geometry": { "type": "Polygon", "coordinates": [ [ [ 128.32499999999979, 35.974999999999831 ], [ 128.32499999999979, 36.024999999999828 ], [ 128.274999999999778, 36.024999999999828 ], [ 128.274999999999778, 35.974999999999831 ], [ 128.32499999999979, 35.974999999999831 ] ] ] } },
{ "type": "Feature", "properties": { "variability_nT": 173.1, "tier": "optimal", "score": 10.0 }, "geometry": { "type": "Polygon", "coordinates": [ [ [ 128.474999999999767, 35.974999999999831 ], [ 128.474999999999767, 36.024999999999828 ], [ 128.424999999999756, 36.024999999999828 ], [ 128.424999999999756, 35.974999999999831 ], [ 128.474999999999767, 35.974999999999831 ] ] ] } },
{ "type": "Feature", "properties": { "variability_nT": 284.8, "tier": "optimal", "score": 10.0 }, "geometry": { "type": "Polygon", "coordinates": [ [ [ 128.524999999999778, 35.974999999999831 ], [ 128.524999999999778, 36.024999999999828 ], [ 128.474999999999767, 36.024999999999828 ], [ 128.474999999999767, 35.974999999999831 ], [ 128.524999999999778, 35.974999999999831 ] ] ] } },
{ "type": "Feature", "properties": { "variability_nT": 279.1, "tier": "optimal", "score": 10.0 }, "geometry": { "type": "Polygon", "coordinates": [ [ [ 128.57499999999979, 35.974999999999831 ], [ 128.57499999999979, 36.024999999999828 ], [ 128.524999999999778, 36.024999999999828 ], [ 128.524999999999778, 35.974999999999831 ], [ 128.57499999999979, 35.974999999999831 ] ] ] } },
{ "type": "Feature", "properties": { "variability_nT": 305.2, "tier": "optimal", "score": 10.0 }, "geometry": { "type": "Polygon", "coordinates": [ [ [ 128.624999999999773, 35.974999999999831 ], [ 128.624999999999773, 36.024999999999828 ], [ 128.574999999999761, 36.024999999999828 ], [ 128.574999999999761, 35.974999999999831 ], [ 128.624999999999773, 35.974999999999831 ] ] ] } },
{ "type": "Feature", "properties": { "variability_nT": 322.4, "tier": "optimal", "score": 10.0 }, "geometry": { "type": "Polygon", "coordinates": [ [ [ 128.674999999999756, 35.974999999999831 ], [ 128.674999999999756, 36.024999999999828 ], [ 128.624999999999744, 36.024999999999828 ], [ 128.624999999999744, 35.974999999999831 ], [ 128.674999999999756, 35.974999999999831 ] ] ] } },
{ "type": "Feature", "properties": { "variability_nT": 312.7, "tier": "optimal", "score": 10.0 }, "geometry": { "type": "Polygon", "coordinates": [ [ [ 128.724999999999767, 35.974999999999831 ], [ 128.724999999999767, 36.024999999999828 ], [ 128.674999999999756, 36.024999999999828 ], [ 128.674999999999756, 35.974999999999831 ], [ 128.724999999999767, 35.974999999999831 ] ] ] } },
{ "type": "Feature", "properties": { "variability_nT": 312.9, "tier": "optimal", "score": 10.0 }, "geometry": { "type": "Polygon", "coordinates": [ [ [ 128.774999999999778, 35.974999999999831 ], [ 128.774999999999778, 36.024999999999828 ], [ 128.724999999999767, 36.024999999999828 ], [ 128.724999999999767, 35.974999999999831 ], [ 128.774999999999778, 35.974999999999831 ] ] ] } },
{ "type": "Feature", "properties": { "variability_nT": 187.3, "tier": "optimal", "score": 10.0 }, "geometry": { "type": "Polygon", "coordinates": [ [ [ 128.824999999999761, 35.974999999999831 ], [ 128.824999999999761, 36.024999999999828 ], [ 128.77499999999975, 36.024999999999828 ], [ 128.77499999999975, 35.974999999999831 ], [ 128.824999999999761, 35.974999999999831 ] ] ] } },
{ "type": "Feature", "properties": { "variability_nT": 253.0, "tier": "optimal", "score": 10.0 }, "geometry": { "type": "Polygon", "coordinates": [ [ [ 129.124999999999744, 35.974999999999831 ], [ 129.124999999999744, 36.024999999999828 ], [ 129.074999999999733, 36.024999999999828 ], [ 129.074999999999733, 35.974999999999831 ], [ 129.124999999999744, 35.974999999999831 ] ] ] } },
{ "type": "Feature", "properties": { "variability_nT": 326.8, "tier": "optimal", "score": 10.0 }, "geometry": { "type": "Polygon", "coordinates": [ [ [ 129.174999999999756, 35.974999999999831 ], [ 129.174999999999756, 36.024999999999828 ], [ 129.124999999999744, 36.024999999999828 ], [ 129.124999999999744, 35.974999999999831 ], [ 129.174999999999756, 35.974999999999831 ] ] ] } },
{ "type": "Feature", "properties": { "variability_nT": 269.1, "tier": "optimal", "score": 10.0 }, "geometry": { "type": "Polygon", "coordinates": [ [ [ 129.224999999999739, 35.974999999999831 ], [ 129.224999999999739, 36.024999999999828 ], [ 129.174999999999727, 36.024999999999828 ], [ 129.174999999999727, 35.974999999999831 ], [ 129.224999999999739, 35.974999999999831 ] ] ] } },
{ "type": "Feature", "properties": { "variability_nT": 153.1, "tier": "optimal", "score": 10.0 }, "geometry": { "type": "Polygon", "coordinates": [ [ [ 129.424999999999727, 35.974999999999831 ], [ 129.424999999999727, 36.024999999999828 ], [ 129.374999999999716, 36.024999999999828 ], [ 129.374999999999716, 35.974999999999831 ], [ 129.424999999999727, 35.974999999999831 ] ] ] } },
{ "type": "Feature", "properties": { "variability_nT": 221.7, "tier": "optimal", "score": 10.0 }, "geometry": { "type": "Polygon", "coordinates": [ [ [ 129.47499999999971, 35.974999999999831 ], [ 129.47499999999971, 36.024999999999828 ], [ 129.424999999999699, 36.024999999999828 ], [ 129.424999999999699, 35.974999999999831 ], [ 129.47499999999971, 35.974999999999831 ] ] ] } },
{ "type": "Feature", "properties": { "variability_nT": 260.9, "tier": "optimal", "score": 10.0 }, "geometry": { "type": "Polygon", "coordinates": [ [ [ 129.524999999999721, 35.974999999999831 ], [ 129.524999999999721, 36.024999999999828 ], [ 129.47499999999971, 36.024999999999828 ], [ 129.47499999999971, 35.974999999999831 ], [ 129.524999999999721, 35.974999999999831 ] ] ] } },
{ "type": "Feature", "properties": { "variability_nT": 167.2, "tier": "optimal", "score": 10.0 }, "geometry": { "type": "Polygon", "coordinates": [ [ [ 126.225, 36.024999999999828 ], [ 126.225, 36.074999999999825 ], [ 126.174999999999898, 36.074999999999825 ], [ 126.174999999999898, 36.024999999999828 ], [ 126.225, 36.024999999999828 ] ] ] } },
{ "type": "Feature", "properties": { "variability_nT": 239.2, "tier": "optimal", "score": 10.0 }, "geometry": { "type": "Polygon", "coordinates": [ [ [ 126.275, 36.024999999999828 ], [ 126.275, 36.074999999999825 ], [ 126.224999999999895, 36.074999999999825 ], [ 126.224999999999895, 36.024999999999828 ], [ 126.275, 36.024999999999828 ] ] ] } },
{ "type": "Feature", "properties": { "variability_nT": 246.0, "tier": "optimal", "score": 10.0 }, "geometry": { "type": "Polygon", "coordinates": [ [ [ 126.325, 36.024999999999828 ], [ 126.325, 36.074999999999825 ], [ 126.274999999999892, 36.074999999999825 ], [ 126.274999999999892, 36.024999999999828 ], [ 126.325, 36.024999999999828 ] ] ] } },
{ "type": "Feature", "properties": { "variability_nT": 217.1, "tier": "optimal", "score": 10.0 }, "geometry": { "type": "Polygon", "coordinates": [ [ [ 126.375, 36.024999999999828 ], [ 126.375, 36.074999999999825 ], [ 126.324999999999889, 36.074999999999825 ], [ 126.324999999999889, 36.024999999999828 ], [ 126.375, 36.024999999999828 ] ] ] } },
{ "type": "Feature", "properties": { "variability_nT": 207.4, "tier": "optimal", "score": 10.0 }, "geometry": { "type": "Polygon", "coordinates": [ [ [ 126.474999999999895, 36.024999999999828 ], [ 126.474999999999895, 36.074999999999825 ], [ 126.424999999999883, 36.074999999999825 ], [ 126.424999999999883, 36.024999999999828 ], [ 126.474999999999895, 36.024999999999828 ] ] ] } },
{ "type": "Feature", "properties": { "variability_nT": 174.3, "tier": "optimal", "score": 10.0 }, "geometry": { "type": "Polygon", "coordinates": [ [ [ 126.524999999999892, 36.024999999999828 ], [ 126.524999999999892, 36.074999999999825 ], [ 126.474999999999881, 36.074999999999825 ], [ 126.474999999999881, 36.024999999999828 ], [ 126.524999999999892, 36.024999999999828 ] ] ] } },
{ "type": "Feature", "properties": { "variability_nT": 172.4, "tier": "optimal", "score": 10.0 }, "geometry": { "type": "Polygon", "coordinates": [ [ [ 126.624999999999886, 36.024999999999828 ], [ 126.624999999999886, 36.074999999999825 ], [ 126.574999999999875, 36.074999999999825 ], [ 126.574999999999875, 36.024999999999828 ], [ 126.624999999999886, 36.024999999999828 ] ] ] } },
{ "type": "Feature", "properties": { "variability_nT": 181.7, "tier": "optimal", "score": 10.0 }, "geometry": { "type": "Polygon", "coordinates": [ [ [ 126.974999999999866, 36.024999999999828 ], [ 126.974999999999866, 36.074999999999825 ], [ 126.924999999999855, 36.074999999999825 ], [ 126.924999999999855, 36.024999999999828 ], [ 126.974999999999866, 36.024999999999828 ] ] ] } },
{ "type": "Feature", "properties": { "variability_nT": 154.6, "tier": "optimal", "score": 10.0 }, "geometry": { "type": "Polygon", "coordinates": [ [ [ 127.124999999999858, 36.024999999999828 ], [ 127.124999999999858, 36.074999999999825 ], [ 127.074999999999847, 36.074999999999825 ], [ 127.074999999999847, 36.024999999999828 ], [ 127.124999999999858, 36.024999999999828 ] ] ] } },
{ "type": "Feature", "properties": { "variability_nT": 173.2, "tier": "optimal", "score": 10.0 }, "geometry": { "type": "Polygon", "coordinates": [ [ [ 127.774999999999821, 36.024999999999828 ], [ 127.774999999999821, 36.074999999999825 ], [ 127.72499999999981, 36.074999999999825 ], [ 127.72499999999981, 36.024999999999828 ], [ 127.774999999999821, 36.024999999999828 ] ] ] } },
{ "type": "Feature", "properties": { "variability_nT": 171.8, "tier": "optimal", "score": 10.0 }, "geometry": { "type": "Polygon", "coordinates": [ [ [ 128.224999999999795, 36.024999999999828 ], [ 128.224999999999795, 36.074999999999825 ], [ 128.174999999999784, 36.074999999999825 ], [ 128.174999999999784, 36.024999999999828 ], [ 128.224999999999795, 36.024999999999828 ] ] ] } },
{ "type": "Feature", "properties": { "variability_nT": 220.3, "tier": "optimal", "score": 10.0 }, "geometry": { "type": "Polygon", "coordinates": [ [ [ 128.274999999999778, 36.024999999999828 ], [ 128.274999999999778, 36.074999999999825 ], [ 128.224999999999767, 36.074999999999825 ], [ 128.224999999999767, 36.024999999999828 ], [ 128.274999999999778, 36.024999999999828 ] ] ] } },
{ "type": "Feature", "properties": { "variability_nT": 176.7, "tier": "optimal", "score": 10.0 }, "geometry": { "type": "Polygon", "coordinates": [ [ [ 128.32499999999979, 36.024999999999828 ], [ 128.32499999999979, 36.074999999999825 ], [ 128.274999999999778, 36.074999999999825 ], [ 128.274999999999778, 36.024999999999828 ], [ 128.32499999999979, 36.024999999999828 ] ] ] } },
{ "type": "Feature", "properties": { "variability_nT": 153.8, "tier": "optimal", "score": 10.0 }, "geometry": { "type": "Polygon", "coordinates": [ [ [ 128.374999999999801, 36.024999999999828 ], [ 128.374999999999801, 36.074999999999825 ], [ 128.32499999999979, 36.074999999999825 ], [ 128.32499999999979, 36.024999999999828 ], [ 128.374999999999801, 36.024999999999828 ] ] ] } },
{ "type": "Feature", "properties": { "variability_nT": 230.3, "tier": "optimal", "score": 10.0 }, "geometry": { "type": "Polygon", "coordinates": [ [ [ 128.474999999999767, 36.024999999999828 ], [ 128.474999999999767, 36.074999999999825 ], [ 128.424999999999756, 36.074999999999825 ], [ 128.424999999999756, 36.024999999999828 ], [ 128.474999999999767, 36.024999999999828 ] ] ] } },
{ "type": "Feature", "properties": { "variability_nT": 301.9, "tier": "optimal", "score": 10.0 }, "geometry": { "type": "Polygon", "coordinates": [ [ [ 128.524999999999778, 36.024999999999828 ], [ 128.524999999999778, 36.074999999999825 ], [ 128.474999999999767, 36.074999999999825 ], [ 128.474999999999767, 36.024999999999828 ], [ 128.524999999999778, 36.024999999999828 ] ] ] } },
{ "type": "Feature", "properties": { "variability_nT": 314.8, "tier": "optimal", "score": 10.0 }, "geometry": { "type": "Polygon", "coordinates": [ [ [ 128.57499999999979, 36.024999999999828 ], [ 128.57499999999979, 36.074999999999825 ], [ 128.524999999999778, 36.074999999999825 ], [ 128.524999999999778, 36.024999999999828 ], [ 128.57499999999979, 36.024999999999828 ] ] ] } },
{ "type": "Feature", "properties": { "variability_nT": 382.9, "tier": "optimal", "score": 10.0 }, "geometry": { "type": "Polygon", "coordinates": [ [ [ 128.624999999999773, 36.024999999999828 ], [ 128.624999999999773, 36.074999999999825 ], [ 128.574999999999761, 36.074999999999825 ], [ 128.574999999999761, 36.024999999999828 ], [ 128.624999999999773, 36.024999999999828 ] ] ] } },
{ "type": "Feature", "properties": { "variability_nT": 331.8, "tier": "optimal", "score": 10.0 }, "geometry": { "type": "Polygon", "coordinates": [ [ [ 128.674999999999756, 36.024999999999828 ], [ 128.674999999999756, 36.074999999999825 ], [ 128.624999999999744, 36.074999999999825 ], [ 128.624999999999744, 36.024999999999828 ], [ 128.674999999999756, 36.024999999999828 ] ] ] } },
{ "type": "Feature", "properties": { "variability_nT": 245.5, "tier": "optimal", "score": 10.0 }, "geometry": { "type": "Polygon", "coordinates": [ [ [ 128.724999999999767, 36.024999999999828 ], [ 128.724999999999767, 36.074999999999825 ], [ 128.674999999999756, 36.074999999999825 ], [ 128.674999999999756, 36.024999999999828 ], [ 128.724999999999767, 36.024999999999828 ] ] ] } },
{ "type": "Feature", "properties": { "variability_nT": 344.4, "tier": "optimal", "score": 10.0 }, "geometry": { "type": "Polygon", "coordinates": [ [ [ 128.774999999999778, 36.024999999999828 ], [ 128.774999999999778, 36.074999999999825 ], [ 128.724999999999767, 36.074999999999825 ], [ 128.724999999999767, 36.024999999999828 ], [ 128.774999999999778, 36.024999999999828 ] ] ] } },
{ "type": "Feature", "properties": { "variability_nT": 182.9, "tier": "optimal", "score": 10.0 }, "geometry": { "type": "Polygon", "coordinates": [ [ [ 128.924999999999756, 36.024999999999828 ], [ 128.924999999999756, 36.074999999999825 ], [ 128.874999999999744, 36.074999999999825 ], [ 128.874999999999744, 36.024999999999828 ], [ 128.924999999999756, 36.024999999999828 ] ] ] } },
{ "type": "Feature", "properties": { "variability_nT": 219.6, "tier": "optimal", "score": 10.0 }, "geometry": { "type": "Polygon", "coordinates": [ [ [ 129.02499999999975, 36.024999999999828 ], [ 129.02499999999975, 36.074999999999825 ], [ 128.974999999999739, 36.074999999999825 ], [ 128.974999999999739, 36.024999999999828 ], [ 129.02499999999975, 36.024999999999828 ] ] ] } },
{ "type": "Feature", "properties": { "variability_nT": 224.0, "tier": "optimal", "score": 10.0 }, "geometry": { "type": "Polygon", "coordinates": [ [ [ 129.074999999999733, 36.024999999999828 ], [ 129.074999999999733, 36.074999999999825 ], [ 129.024999999999721, 36.074999999999825 ], [ 129.024999999999721, 36.024999999999828 ], [ 129.074999999999733, 36.024999999999828 ] ] ] } },
{ "type": "Feature", "properties": { "variability_nT": 212.9, "tier": "optimal", "score": 10.0 }, "geometry": { "type": "Polygon", "coordinates": [ [ [ 129.124999999999744, 36.024999999999828 ], [ 129.124999999999744, 36.074999999999825 ], [ 129.074999999999733, 36.074999999999825 ], [ 129.074999999999733, 36.024999999999828 ], [ 129.124999999999744, 36.024999999999828 ] ] ] } },
{ "type": "Feature", "properties": { "variability_nT": 269.7, "tier": "optimal", "score": 10.0 }, "geometry": { "type": "Polygon", "coordinates": [ [ [ 129.174999999999756, 36.024999999999828 ], [ 129.174999999999756, 36.074999999999825 ], [ 129.124999999999744, 36.074999999999825 ], [ 129.124999999999744, 36.024999999999828 ], [ 129.174999999999756, 36.024999999999828 ] ] ] } },
{ "type": "Feature", "properties": { "variability_nT": 265.6, "tier": "optimal", "score": 10.0 }, "geometry": { "type": "Polygon", "coordinates": [ [ [ 129.224999999999739, 36.024999999999828 ], [ 129.224999999999739, 36.074999999999825 ], [ 129.174999999999727, 36.074999999999825 ], [ 129.174999999999727, 36.024999999999828 ], [ 129.224999999999739, 36.024999999999828 ] ] ] } },
{ "type": "Feature", "properties": { "variability_nT": 282.8, "tier": "optimal", "score": 10.0 }, "geometry": { "type": "Polygon", "coordinates": [ [ [ 129.274999999999721, 36.024999999999828 ], [ 129.274999999999721, 36.074999999999825 ], [ 129.22499999999971, 36.074999999999825 ], [ 129.22499999999971, 36.024999999999828 ], [ 129.274999999999721, 36.024999999999828 ] ] ] } },
{ "type": "Feature", "properties": { "variability_nT": 159.3, "tier": "optimal", "score": 10.0 }, "geometry": { "type": "Polygon", "coordinates": [ [ [ 129.47499999999971, 36.024999999999828 ], [ 129.47499999999971, 36.074999999999825 ], [ 129.424999999999699, 36.074999999999825 ], [ 129.424999999999699, 36.024999999999828 ], [ 129.47499999999971, 36.024999999999828 ] ] ] } },
{ "type": "Feature", "properties": { "variability_nT": 310.0, "tier": "optimal", "score": 10.0 }, "geometry": { "type": "Polygon", "coordinates": [ [ [ 129.524999999999721, 36.024999999999828 ], [ 129.524999999999721, 36.074999999999825 ], [ 129.47499999999971, 36.074999999999825 ], [ 129.47499999999971, 36.024999999999828 ], [ 129.524999999999721, 36.024999999999828 ] ] ] } },
{ "type": "Feature", "properties": { "variability_nT": 163.4, "tier": "optimal", "score": 10.0 }, "geometry": { "type": "Polygon", "coordinates": [ [ [ 126.275, 36.074999999999825 ], [ 126.275, 36.124999999999822 ], [ 126.224999999999895, 36.124999999999822 ], [ 126.224999999999895, 36.074999999999825 ], [ 126.275, 36.074999999999825 ] ] ] } },
{ "type": "Feature", "properties": { "variability_nT": 195.6, "tier": "optimal", "score": 10.0 }, "geometry": { "type": "Polygon", "coordinates": [ [ [ 126.325, 36.074999999999825 ], [ 126.325, 36.124999999999822 ], [ 126.274999999999892, 36.124999999999822 ], [ 126.274999999999892, 36.074999999999825 ], [ 126.325, 36.074999999999825 ] ] ] } },
{ "type": "Feature", "properties": { "variability_nT": 187.9, "tier": "optimal", "score": 10.0 }, "geometry": { "type": "Polygon", "coordinates": [ [ [ 126.974999999999866, 36.074999999999825 ], [ 126.974999999999866, 36.124999999999822 ], [ 126.924999999999855, 36.124999999999822 ], [ 126.924999999999855, 36.074999999999825 ], [ 126.974999999999866, 36.074999999999825 ] ] ] } },
{ "type": "Feature", "properties": { "variability_nT": 155.2, "tier": "optimal", "score": 10.0 }, "geometry": { "type": "Polygon", "coordinates": [ [ [ 127.124999999999858, 36.074999999999825 ], [ 127.124999999999858, 36.124999999999822 ], [ 127.074999999999847, 36.124999999999822 ], [ 127.074999999999847, 36.074999999999825 ], [ 127.124999999999858, 36.074999999999825 ] ] ] } },
{ "type": "Feature", "properties": { "variability_nT": 188.8, "tier": "optimal", "score": 10.0 }, "geometry": { "type": "Polygon", "coordinates": [ [ [ 128.274999999999778, 36.074999999999825 ], [ 128.274999999999778, 36.124999999999822 ], [ 128.224999999999767, 36.124999999999822 ], [ 128.224999999999767, 36.074999999999825 ], [ 128.274999999999778, 36.074999999999825 ] ] ] } },
{ "type": "Feature", "properties": { "variability_nT": 207.4, "tier": "optimal", "score": 10.0 }, "geometry": { "type": "Polygon", "coordinates": [ [ [ 128.32499999999979, 36.074999999999825 ], [ 128.32499999999979, 36.124999999999822 ], [ 128.274999999999778, 36.124999999999822 ], [ 128.274999999999778, 36.074999999999825 ], [ 128.32499999999979, 36.074999999999825 ] ] ] } },
{ "type": "Feature", "properties": { "variability_nT": 232.8, "tier": "optimal", "score": 10.0 }, "geometry": { "type": "Polygon", "coordinates": [ [ [ 128.424999999999784, 36.074999999999825 ], [ 128.424999999999784, 36.124999999999822 ], [ 128.374999999999773, 36.124999999999822 ], [ 128.374999999999773, 36.074999999999825 ], [ 128.424999999999784, 36.074999999999825 ] ] ] } },
{ "type": "Feature", "properties": { "variability_nT": 313.3, "tier": "optimal", "score": 10.0 }, "geometry": { "type": "Polygon", "coordinates": [ [ [ 128.474999999999767, 36.074999999999825 ], [ 128.474999999999767, 36.124999999999822 ], [ 128.424999999999756, 36.124999999999822 ], [ 128.424999999999756, 36.074999999999825 ], [ 128.474999999999767, 36.074999999999825 ] ] ] } },
{ "type": "Feature", "properties": { "variability_nT": 340.4, "tier": "optimal", "score": 10.0 }, "geometry": { "type": "Polygon", "coordinates": [ [ [ 128.524999999999778, 36.074999999999825 ], [ 128.524999999999778, 36.124999999999822 ], [ 128.474999999999767, 36.124999999999822 ], [ 128.474999999999767, 36.074999999999825 ], [ 128.524999999999778, 36.074999999999825 ] ] ] } },
{ "type": "Feature", "properties": { "variability_nT": 337.4, "tier": "optimal", "score": 10.0 }, "geometry": { "type": "Polygon", "coordinates": [ [ [ 128.57499999999979, 36.074999999999825 ], [ 128.57499999999979, 36.124999999999822 ], [ 128.524999999999778, 36.124999999999822 ], [ 128.524999999999778, 36.074999999999825 ], [ 128.57499999999979, 36.074999999999825 ] ] ] } },
{ "type": "Feature", "properties": { "variability_nT": 175.8, "tier": "optimal", "score": 10.0 }, "geometry": { "type": "Polygon", "coordinates": [ [ [ 128.624999999999773, 36.074999999999825 ], [ 128.624999999999773, 36.124999999999822 ], [ 128.574999999999761, 36.124999999999822 ], [ 128.574999999999761, 36.074999999999825 ], [ 128.624999999999773, 36.074999999999825 ] ] ] } },
{ "type": "Feature", "properties": { "variability_nT": 166.8, "tier": "optimal", "score": 10.0 }, "geometry": { "type": "Polygon", "coordinates": [ [ [ 128.674999999999756, 36.074999999999825 ], [ 128.674999999999756, 36.124999999999822 ], [ 128.624999999999744, 36.124999999999822 ], [ 128.624999999999744, 36.074999999999825 ], [ 128.674999999999756, 36.074999999999825 ] ] ] } },
{ "type": "Feature", "properties": { "variability_nT": 191.8, "tier": "optimal", "score": 10.0 }, "geometry": { "type": "Polygon", "coordinates": [ [ [ 128.724999999999767, 36.074999999999825 ], [ 128.724999999999767, 36.124999999999822 ], [ 128.674999999999756, 36.124999999999822 ], [ 128.674999999999756, 36.074999999999825 ], [ 128.724999999999767, 36.074999999999825 ] ] ] } },
{ "type": "Feature", "properties": { "variability_nT": 294.0, "tier": "optimal", "score": 10.0 }, "geometry": { "type": "Polygon", "coordinates": [ [ [ 128.774999999999778, 36.074999999999825 ], [ 128.774999999999778, 36.124999999999822 ], [ 128.724999999999767, 36.124999999999822 ], [ 128.724999999999767, 36.074999999999825 ], [ 128.774999999999778, 36.074999999999825 ] ] ] } },
{ "type": "Feature", "properties": { "variability_nT": 280.1, "tier": "optimal", "score": 10.0 }, "geometry": { "type": "Polygon", "coordinates": [ [ [ 128.824999999999761, 36.074999999999825 ], [ 128.824999999999761, 36.124999999999822 ], [ 128.77499999999975, 36.124999999999822 ], [ 128.77499999999975, 36.074999999999825 ], [ 128.824999999999761, 36.074999999999825 ] ] ] } },
{ "type": "Feature", "properties": { "variability_nT": 347.4, "tier": "optimal", "score": 10.0 }, "geometry": { "type": "Polygon", "coordinates": [ [ [ 128.874999999999744, 36.074999999999825 ], [ 128.874999999999744, 36.124999999999822 ], [ 128.824999999999733, 36.124999999999822 ], [ 128.824999999999733, 36.074999999999825 ], [ 128.874999999999744, 36.074999999999825 ] ] ] } },
{ "type": "Feature", "properties": { "variability_nT": 327.4, "tier": "optimal", "score": 10.0 }, "geometry": { "type": "Polygon", "coordinates": [ [ [ 128.924999999999756, 36.074999999999825 ], [ 128.924999999999756, 36.124999999999822 ], [ 128.874999999999744, 36.124999999999822 ], [ 128.874999999999744, 36.074999999999825 ], [ 128.924999999999756, 36.074999999999825 ] ] ] } },
{ "type": "Feature", "properties": { "variability_nT": 319.9, "tier": "optimal", "score": 10.0 }, "geometry": { "type": "Polygon", "coordinates": [ [ [ 128.974999999999767, 36.074999999999825 ], [ 128.974999999999767, 36.124999999999822 ], [ 128.924999999999756, 36.124999999999822 ], [ 128.924999999999756, 36.074999999999825 ], [ 128.974999999999767, 36.074999999999825 ] ] ] } },
{ "type": "Feature", "properties": { "variability_nT": 297.6, "tier": "optimal", "score": 10.0 }, "geometry": { "type": "Polygon", "coordinates": [ [ [ 129.02499999999975, 36.074999999999825 ], [ 129.02499999999975, 36.124999999999822 ], [ 128.974999999999739, 36.124999999999822 ], [ 128.974999999999739, 36.074999999999825 ], [ 129.02499999999975, 36.074999999999825 ] ] ] } },
{ "type": "Feature", "properties": { "variability_nT": 182.4, "tier": "optimal", "score": 10.0 }, "geometry": { "type": "Polygon", "coordinates": [ [ [ 129.074999999999733, 36.074999999999825 ], [ 129.074999999999733, 36.124999999999822 ], [ 129.024999999999721, 36.124999999999822 ], [ 129.024999999999721, 36.074999999999825 ], [ 129.074999999999733, 36.074999999999825 ] ] ] } },
{ "type": "Feature", "properties": { "variability_nT": 208.6, "tier": "optimal", "score": 10.0 }, "geometry": { "type": "Polygon", "coordinates": [ [ [ 129.124999999999744, 36.074999999999825 ], [ 129.124999999999744, 36.124999999999822 ], [ 129.074999999999733, 36.124999999999822 ], [ 129.074999999999733, 36.074999999999825 ], [ 129.124999999999744, 36.074999999999825 ] ] ] } },
{ "type": "Feature", "properties": { "variability_nT": 200.9, "tier": "optimal", "score": 10.0 }, "geometry": { "type": "Polygon", "coordinates": [ [ [ 129.174999999999756, 36.074999999999825 ], [ 129.174999999999756, 36.124999999999822 ], [ 129.124999999999744, 36.124999999999822 ], [ 129.124999999999744, 36.074999999999825 ], [ 129.174999999999756, 36.074999999999825 ] ] ] } },
{ "type": "Feature", "properties": { "variability_nT": 274.7, "tier": "optimal", "score": 10.0 }, "geometry": { "type": "Polygon", "coordinates": [ [ [ 129.274999999999721, 36.074999999999825 ], [ 129.274999999999721, 36.124999999999822 ], [ 129.22499999999971, 36.124999999999822 ], [ 129.22499999999971, 36.074999999999825 ], [ 129.274999999999721, 36.074999999999825 ] ] ] } },
{ "type": "Feature", "properties": { "variability_nT": 154.7, "tier": "optimal", "score": 10.0 }, "geometry": { "type": "Polygon", "coordinates": [ [ [ 129.374999999999744, 36.074999999999825 ], [ 129.374999999999744, 36.124999999999822 ], [ 129.324999999999733, 36.124999999999822 ], [ 129.324999999999733, 36.074999999999825 ], [ 129.374999999999744, 36.074999999999825 ] ] ] } },
{ "type": "Feature", "properties": { "variability_nT": 178.0, "tier": "optimal", "score": 10.0 }, "geometry": { "type": "Polygon", "coordinates": [ [ [ 129.424999999999727, 36.074999999999825 ], [ 129.424999999999727, 36.124999999999822 ], [ 129.374999999999716, 36.124999999999822 ], [ 129.374999999999716, 36.074999999999825 ], [ 129.424999999999727, 36.074999999999825 ] ] ] } },
{ "type": "Feature", "properties": { "variability_nT": 252.3, "tier": "optimal", "score": 10.0 }, "geometry": { "type": "Polygon", "coordinates": [ [ [ 129.574999999999733, 36.074999999999825 ], [ 129.574999999999733, 36.124999999999822 ], [ 129.524999999999721, 36.124999999999822 ], [ 129.524999999999721, 36.074999999999825 ], [ 129.574999999999733, 36.074999999999825 ] ] ] } },
{ "type": "Feature", "properties": { "variability_nT": 151.0, "tier": "optimal", "score": 10.0 }, "geometry": { "type": "Polygon", "coordinates": [ [ [ 126.275, 36.124999999999822 ], [ 126.275, 36.17499999999982 ], [ 126.224999999999895, 36.17499999999982 ], [ 126.224999999999895, 36.124999999999822 ], [ 126.275, 36.124999999999822 ] ] ] } },
{ "type": "Feature", "properties": { "variability_nT": 210.7, "tier": "optimal", "score": 10.0 }, "geometry": { "type": "Polygon", "coordinates": [ [ [ 127.024999999999864, 36.124999999999822 ], [ 127.024999999999864, 36.17499999999982 ], [ 126.974999999999852, 36.17499999999982 ], [ 126.974999999999852, 36.124999999999822 ], [ 127.024999999999864, 36.124999999999822 ] ] ] } },
{ "type": "Feature", "properties": { "variability_nT": 160.6, "tier": "optimal", "score": 10.0 }, "geometry": { "type": "Polygon", "coordinates": [ [ [ 127.174999999999855, 36.124999999999822 ], [ 127.174999999999855, 36.17499999999982 ], [ 127.124999999999844, 36.17499999999982 ], [ 127.124999999999844, 36.124999999999822 ], [ 127.174999999999855, 36.124999999999822 ] ] ] } },
{ "type": "Feature", "properties": { "variability_nT": 153.9, "tier": "optimal", "score": 10.0 }, "geometry": { "type": "Polygon", "coordinates": [ [ [ 127.224999999999852, 36.124999999999822 ], [ 127.224999999999852, 36.17499999999982 ], [ 127.174999999999841, 36.17499999999982 ], [ 127.174999999999841, 36.124999999999822 ], [ 127.224999999999852, 36.124999999999822 ] ] ] } },
{ "type": "Feature", "properties": { "variability_nT": 161.2, "tier": "optimal", "score": 10.0 }, "geometry": { "type": "Polygon", "coordinates": [ [ [ 127.324999999999847, 36.124999999999822 ], [ 127.324999999999847, 36.17499999999982 ], [ 127.274999999999835, 36.17499999999982 ], [ 127.274999999999835, 36.124999999999822 ], [ 127.324999999999847, 36.124999999999822 ] ] ] } },
{ "type": "Feature", "properties": { "variability_nT": 208.9, "tier": "optimal", "score": 10.0 }, "geometry": { "type": "Polygon", "coordinates": [ [ [ 128.124999999999801, 36.124999999999822 ], [ 128.124999999999801, 36.17499999999982 ], [ 128.07499999999979, 36.17499999999982 ], [ 128.07499999999979, 36.124999999999822 ], [ 128.124999999999801, 36.124999999999822 ] ] ] } },
{ "type": "Feature", "properties": { "variability_nT": 327.3, "tier": "optimal", "score": 10.0 }, "geometry": { "type": "Polygon", "coordinates": [ [ [ 128.174999999999812, 36.124999999999822 ], [ 128.174999999999812, 36.17499999999982 ], [ 128.124999999999801, 36.17499999999982 ], [ 128.124999999999801, 36.124999999999822 ], [ 128.174999999999812, 36.124999999999822 ] ] ] } },
{ "type": "Feature", "properties": { "variability_nT": 303.8, "tier": "optimal", "score": 10.0 }, "geometry": { "type": "Polygon", "coordinates": [ [ [ 128.224999999999795, 36.124999999999822 ], [ 128.224999999999795, 36.17499999999982 ], [ 128.174999999999784, 36.17499999999982 ], [ 128.174999999999784, 36.124999999999822 ], [ 128.224999999999795, 36.124999999999822 ] ] ] } },
{ "type": "Feature", "properties": { "variability_nT": 218.7, "tier": "optimal", "score": 10.0 }, "geometry": { "type": "Polygon", "coordinates": [ [ [ 128.274999999999778, 36.124999999999822 ], [ 128.274999999999778, 36.17499999999982 ], [ 128.224999999999767, 36.17499999999982 ], [ 128.224999999999767, 36.124999999999822 ], [ 128.274999999999778, 36.124999999999822 ] ] ] } },
{ "type": "Feature", "properties": { "variability_nT": 180.8, "tier": "optimal", "score": 10.0 }, "geometry": { "type": "Polygon", "coordinates": [ [ [ 128.32499999999979, 36.124999999999822 ], [ 128.32499999999979, 36.17499999999982 ], [ 128.274999999999778, 36.17499999999982 ], [ 128.274999999999778, 36.124999999999822 ], [ 128.32499999999979, 36.124999999999822 ] ] ] } },
{ "type": "Feature", "properties": { "variability_nT": 166.4, "tier": "optimal", "score": 10.0 }, "geometry": { "type": "Polygon", "coordinates": [ [ [ 128.424999999999784, 36.124999999999822 ], [ 128.424999999999784, 36.17499999999982 ], [ 128.374999999999773, 36.17499999999982 ], [ 128.374999999999773, 36.124999999999822 ], [ 128.424999999999784, 36.124999999999822 ] ] ] } },
{ "type": "Feature", "properties": { "variability_nT": 191.4, "tier": "optimal", "score": 10.0 }, "geometry": { "type": "Polygon", "coordinates": [ [ [ 128.474999999999767, 36.124999999999822 ], [ 128.474999999999767, 36.17499999999982 ], [ 128.424999999999756, 36.17499999999982 ], [ 128.424999999999756, 36.124999999999822 ], [ 128.474999999999767, 36.124999999999822 ] ] ] } },
{ "type": "Feature", "properties": { "variability_nT": 183.8, "tier": "optimal", "score": 10.0 }, "geometry": { "type": "Polygon", "coordinates": [ [ [ 128.774999999999778, 36.124999999999822 ], [ 128.774999999999778, 36.17499999999982 ], [ 128.724999999999767, 36.17499999999982 ], [ 128.724999999999767, 36.124999999999822 ], [ 128.774999999999778, 36.124999999999822 ] ] ] } },
{ "type": "Feature", "properties": { "variability_nT": 262.4, "tier": "optimal", "score": 10.0 }, "geometry": { "type": "Polygon", "coordinates": [ [ [ 128.824999999999761, 36.124999999999822 ], [ 128.824999999999761, 36.17499999999982 ], [ 128.77499999999975, 36.17499999999982 ], [ 128.77499999999975, 36.124999999999822 ], [ 128.824999999999761, 36.124999999999822 ] ] ] } },
{ "type": "Feature", "properties": { "variability_nT": 324.7, "tier": "optimal", "score": 10.0 }, "geometry": { "type": "Polygon", "coordinates": [ [ [ 128.874999999999744, 36.124999999999822 ], [ 128.874999999999744, 36.17499999999982 ], [ 128.824999999999733, 36.17499999999982 ], [ 128.824999999999733, 36.124999999999822 ], [ 128.874999999999744, 36.124999999999822 ] ] ] } },
{ "type": "Feature", "properties": { "variability_nT": 270.1, "tier": "optimal", "score": 10.0 }, "geometry": { "type": "Polygon", "coordinates": [ [ [ 128.924999999999756, 36.124999999999822 ], [ 128.924999999999756, 36.17499999999982 ], [ 128.874999999999744, 36.17499999999982 ], [ 128.874999999999744, 36.124999999999822 ], [ 128.924999999999756, 36.124999999999822 ] ] ] } },
{ "type": "Feature", "properties": { "variability_nT": 286.5, "tier": "optimal", "score": 10.0 }, "geometry": { "type": "Polygon", "coordinates": [ [ [ 128.974999999999767, 36.124999999999822 ], [ 128.974999999999767, 36.17499999999982 ], [ 128.924999999999756, 36.17499999999982 ], [ 128.924999999999756, 36.124999999999822 ], [ 128.974999999999767, 36.124999999999822 ] ] ] } },
{ "type": "Feature", "properties": { "variability_nT": 279.5, "tier": "optimal", "score": 10.0 }, "geometry": { "type": "Polygon", "coordinates": [ [ [ 129.02499999999975, 36.124999999999822 ], [ 129.02499999999975, 36.17499999999982 ], [ 128.974999999999739, 36.17499999999982 ], [ 128.974999999999739, 36.124999999999822 ], [ 129.02499999999975, 36.124999999999822 ] ] ] } },
{ "type": "Feature", "properties": { "variability_nT": 303.0, "tier": "optimal", "score": 10.0 }, "geometry": { "type": "Polygon", "coordinates": [ [ [ 129.074999999999733, 36.124999999999822 ], [ 129.074999999999733, 36.17499999999982 ], [ 129.024999999999721, 36.17499999999982 ], [ 129.024999999999721, 36.124999999999822 ], [ 129.074999999999733, 36.124999999999822 ] ] ] } },
{ "type": "Feature", "properties": { "variability_nT": 286.6, "tier": "optimal", "score": 10.0 }, "geometry": { "type": "Polygon", "coordinates": [ [ [ 129.124999999999744, 36.124999999999822 ], [ 129.124999999999744, 36.17499999999982 ], [ 129.074999999999733, 36.17499999999982 ], [ 129.074999999999733, 36.124999999999822 ], [ 129.124999999999744, 36.124999999999822 ] ] ] } },
{ "type": "Feature", "properties": { "variability_nT": 243.6, "tier": "optimal", "score": 10.0 }, "geometry": { "type": "Polygon", "coordinates": [ [ [ 129.174999999999756, 36.124999999999822 ], [ 129.174999999999756, 36.17499999999982 ], [ 129.124999999999744, 36.17499999999982 ], [ 129.124999999999744, 36.124999999999822 ], [ 129.174999999999756, 36.124999999999822 ] ] ] } },
{ "type": "Feature", "properties": { "variability_nT": 225.4, "tier": "optimal", "score": 10.0 }, "geometry": { "type": "Polygon", "coordinates": [ [ [ 129.224999999999739, 36.124999999999822 ], [ 129.224999999999739, 36.17499999999982 ], [ 129.174999999999727, 36.17499999999982 ], [ 129.174999999999727, 36.124999999999822 ], [ 129.224999999999739, 36.124999999999822 ] ] ] } },
{ "type": "Feature", "properties": { "variability_nT": 188.2, "tier": "optimal", "score": 10.0 }, "geometry": { "type": "Polygon", "coordinates": [ [ [ 129.274999999999721, 36.124999999999822 ], [ 129.274999999999721, 36.17499999999982 ], [ 129.22499999999971, 36.17499999999982 ], [ 129.22499999999971, 36.124999999999822 ], [ 129.274999999999721, 36.124999999999822 ] ] ] } },
{ "type": "Feature", "properties": { "variability_nT": 173.8, "tier": "optimal", "score": 10.0 }, "geometry": { "type": "Polygon", "coordinates": [ [ [ 129.324999999999733, 36.124999999999822 ], [ 129.324999999999733, 36.17499999999982 ], [ 129.274999999999721, 36.17499999999982 ], [ 129.274999999999721, 36.124999999999822 ], [ 129.324999999999733, 36.124999999999822 ] ] ] } },
{ "type": "Feature", "properties": { "variability_nT": 188.8, "tier": "optimal", "score": 10.0 }, "geometry": { "type": "Polygon", "coordinates": [ [ [ 129.47499999999971, 36.124999999999822 ], [ 129.47499999999971, 36.17499999999982 ], [ 129.424999999999699, 36.17499999999982 ], [ 129.424999999999699, 36.124999999999822 ], [ 129.47499999999971, 36.124999999999822 ] ] ] } },
{ "type": "Feature", "properties": { "variability_nT": 174.1, "tier": "optimal", "score": 10.0 }, "geometry": { "type": "Polygon", "coordinates": [ [ [ 127.074999999999861, 36.17499999999982 ], [ 127.074999999999861, 36.224999999999817 ], [ 127.024999999999849, 36.224999999999817 ], [ 127.024999999999849, 36.17499999999982 ], [ 127.074999999999861, 36.17499999999982 ] ] ] } },
{ "type": "Feature", "properties": { "variability_nT": 158.2, "tier": "optimal", "score": 10.0 }, "geometry": { "type": "Polygon", "coordinates": [ [ [ 128.274999999999778, 36.17499999999982 ], [ 128.274999999999778, 36.224999999999817 ], [ 128.224999999999767, 36.224999999999817 ], [ 128.224999999999767, 36.17499999999982 ], [ 128.274999999999778, 36.17499999999982 ] ] ] } },
{ "type": "Feature", "properties": { "variability_nT": 163.1, "tier": "optimal", "score": 10.0 }, "geometry": { "type": "Polygon", "coordinates": [ [ [ 128.474999999999767, 36.17499999999982 ], [ 128.474999999999767, 36.224999999999817 ], [ 128.424999999999756, 36.224999999999817 ], [ 128.424999999999756, 36.17499999999982 ], [ 128.474999999999767, 36.17499999999982 ] ] ] } },
{ "type": "Feature", "properties": { "variability_nT": 309.6, "tier": "optimal", "score": 10.0 }, "geometry": { "type": "Polygon", "coordinates": [ [ [ 128.824999999999761, 36.17499999999982 ], [ 128.824999999999761, 36.224999999999817 ], [ 128.77499999999975, 36.224999999999817 ], [ 128.77499999999975, 36.17499999999982 ], [ 128.824999999999761, 36.17499999999982 ] ] ] } },
{ "type": "Feature", "properties": { "variability_nT": 301.3, "tier": "optimal", "score": 10.0 }, "geometry": { "type": "Polygon", "coordinates": [ [ [ 128.924999999999756, 36.17499999999982 ], [ 128.924999999999756, 36.224999999999817 ], [ 128.874999999999744, 36.224999999999817 ], [ 128.874999999999744, 36.17499999999982 ], [ 128.924999999999756, 36.17499999999982 ] ] ] } },
{ "type": "Feature", "properties": { "variability_nT": 335.7, "tier": "optimal", "score": 10.0 }, "geometry": { "type": "Polygon", "coordinates": [ [ [ 129.074999999999733, 36.17499999999982 ], [ 129.074999999999733, 36.224999999999817 ], [ 129.024999999999721, 36.224999999999817 ], [ 129.024999999999721, 36.17499999999982 ], [ 129.074999999999733, 36.17499999999982 ] ] ] } },
{ "type": "Feature", "properties": { "variability_nT": 161.1, "tier": "optimal", "score": 10.0 }, "geometry": { "type": "Polygon", "coordinates": [ [ [ 129.124999999999744, 36.17499999999982 ], [ 129.124999999999744, 36.224999999999817 ], [ 129.074999999999733, 36.224999999999817 ], [ 129.074999999999733, 36.17499999999982 ], [ 129.124999999999744, 36.17499999999982 ] ] ] } },
{ "type": "Feature", "properties": { "variability_nT": 182.2, "tier": "optimal", "score": 10.0 }, "geometry": { "type": "Polygon", "coordinates": [ [ [ 129.174999999999756, 36.17499999999982 ], [ 129.174999999999756, 36.224999999999817 ], [ 129.124999999999744, 36.224999999999817 ], [ 129.124999999999744, 36.17499999999982 ], [ 129.174999999999756, 36.17499999999982 ] ] ] } },
{ "type": "Feature", "properties": { "variability_nT": 196.0, "tier": "optimal", "score": 10.0 }, "geometry": { "type": "Polygon", "coordinates": [ [ [ 129.224999999999739, 36.17499999999982 ], [ 129.224999999999739, 36.224999999999817 ], [ 129.174999999999727, 36.224999999999817 ], [ 129.174999999999727, 36.17499999999982 ], [ 129.224999999999739, 36.17499999999982 ] ] ] } },
{ "type": "Feature", "properties": { "variability_nT": 207.3, "tier": "optimal", "score": 10.0 }, "geometry": { "type": "Polygon", "coordinates": [ [ [ 129.274999999999721, 36.17499999999982 ], [ 129.274999999999721, 36.224999999999817 ], [ 129.22499999999971, 36.224999999999817 ], [ 129.22499999999971, 36.17499999999982 ], [ 129.274999999999721, 36.17499999999982 ] ] ] } },
{ "type": "Feature", "properties": { "variability_nT": 161.7, "tier": "optimal", "score": 10.0 }, "geometry": { "type": "Polygon", "coordinates": [ [ [ 129.324999999999733, 36.17499999999982 ], [ 129.324999999999733, 36.224999999999817 ], [ 129.274999999999721, 36.224999999999817 ], [ 129.274999999999721, 36.17499999999982 ], [ 129.324999999999733, 36.17499999999982 ] ] ] } },
{ "type": "Feature", "properties": { "variability_nT": 163.2, "tier": "optimal", "score": 10.0 }, "geometry": { "type": "Polygon", "coordinates": [ [ [ 129.374999999999744, 36.17499999999982 ], [ 129.374999999999744, 36.224999999999817 ], [ 129.324999999999733, 36.224999999999817 ], [ 129.324999999999733, 36.17499999999982 ], [ 129.374999999999744, 36.17499999999982 ] ] ] } },
{ "type": "Feature", "properties": { "variability_nT": 237.7, "tier": "optimal", "score": 10.0 }, "geometry": { "type": "Polygon", "coordinates": [ [ [ 129.424999999999727, 36.17499999999982 ], [ 129.424999999999727, 36.224999999999817 ], [ 129.374999999999716, 36.224999999999817 ], [ 129.374999999999716, 36.17499999999982 ], [ 129.424999999999727, 36.17499999999982 ] ] ] } },
{ "type": "Feature", "properties": { "variability_nT": 166.8, "tier": "optimal", "score": 10.0 }, "geometry": { "type": "Polygon", "coordinates": [ [ [ 129.47499999999971, 36.17499999999982 ], [ 129.47499999999971, 36.224999999999817 ], [ 129.424999999999699, 36.224999999999817 ], [ 129.424999999999699, 36.17499999999982 ], [ 129.47499999999971, 36.17499999999982 ] ] ] } },
{ "type": "Feature", "properties": { "variability_nT": 166.1, "tier": "optimal", "score": 10.0 }, "geometry": { "type": "Polygon", "coordinates": [ [ [ 126.075, 36.224999999999817 ], [ 126.075, 36.274999999999814 ], [ 126.025, 36.274999999999814 ], [ 126.025, 36.224999999999817 ], [ 126.075, 36.224999999999817 ] ] ] } },
{ "type": "Feature", "properties": { "variability_nT": 261.2, "tier": "optimal", "score": 10.0 }, "geometry": { "type": "Polygon", "coordinates": [ [ [ 126.125, 36.224999999999817 ], [ 126.125, 36.274999999999814 ], [ 126.075, 36.274999999999814 ], [ 126.075, 36.224999999999817 ], [ 126.125, 36.224999999999817 ] ] ] } },
{ "type": "Feature", "properties": { "variability_nT": 227.4, "tier": "optimal", "score": 10.0 }, "geometry": { "type": "Polygon", "coordinates": [ [ [ 126.175, 36.224999999999817 ], [ 126.175, 36.274999999999814 ], [ 126.125, 36.274999999999814 ], [ 126.125, 36.224999999999817 ], [ 126.175, 36.224999999999817 ] ] ] } },
{ "type": "Feature", "properties": { "variability_nT": 157.3, "tier": "optimal", "score": 10.0 }, "geometry": { "type": "Polygon", "coordinates": [ [ [ 127.074999999999861, 36.224999999999817 ], [ 127.074999999999861, 36.274999999999814 ], [ 127.024999999999849, 36.274999999999814 ], [ 127.024999999999849, 36.224999999999817 ], [ 127.074999999999861, 36.224999999999817 ] ] ] } },
{ "type": "Feature", "properties": { "variability_nT": 159.1, "tier": "optimal", "score": 10.0 }, "geometry": { "type": "Polygon", "coordinates": [ [ [ 127.174999999999855, 36.224999999999817 ], [ 127.174999999999855, 36.274999999999814 ], [ 127.124999999999844, 36.274999999999814 ], [ 127.124999999999844, 36.224999999999817 ], [ 127.174999999999855, 36.224999999999817 ] ] ] } },
{ "type": "Feature", "properties": { "variability_nT": 232.2, "tier": "optimal", "score": 10.0 }, "geometry": { "type": "Polygon", "coordinates": [ [ [ 127.624999999999829, 36.224999999999817 ], [ 127.624999999999829, 36.274999999999814 ], [ 127.574999999999818, 36.274999999999814 ], [ 127.574999999999818, 36.224999999999817 ], [ 127.624999999999829, 36.224999999999817 ] ] ] } },
{ "type": "Feature", "properties": { "variability_nT": 332.9, "tier": "optimal", "score": 10.0 }, "geometry": { "type": "Polygon", "coordinates": [ [ [ 127.674999999999827, 36.224999999999817 ], [ 127.674999999999827, 36.274999999999814 ], [ 127.624999999999815, 36.274999999999814 ], [ 127.624999999999815, 36.224999999999817 ], [ 127.674999999999827, 36.224999999999817 ] ] ] } },
{ "type": "Feature", "properties": { "variability_nT": 222.2, "tier": "optimal", "score": 10.0 }, "geometry": { "type": "Polygon", "coordinates": [ [ [ 127.724999999999824, 36.224999999999817 ], [ 127.724999999999824, 36.274999999999814 ], [ 127.674999999999812, 36.274999999999814 ], [ 127.674999999999812, 36.224999999999817 ], [ 127.724999999999824, 36.224999999999817 ] ] ] } },
{ "type": "Feature", "properties": { "variability_nT": 163.1, "tier": "optimal", "score": 10.0 }, "geometry": { "type": "Polygon", "coordinates": [ [ [ 128.424999999999784, 36.224999999999817 ], [ 128.424999999999784, 36.274999999999814 ], [ 128.374999999999773, 36.274999999999814 ], [ 128.374999999999773, 36.224999999999817 ], [ 128.424999999999784, 36.224999999999817 ] ] ] } },
{ "type": "Feature", "properties": { "variability_nT": 208.1, "tier": "optimal", "score": 10.0 }, "geometry": { "type": "Polygon", "coordinates": [ [ [ 128.474999999999767, 36.224999999999817 ], [ 128.474999999999767, 36.274999999999814 ], [ 128.424999999999756, 36.274999999999814 ], [ 128.424999999999756, 36.224999999999817 ], [ 128.474999999999767, 36.224999999999817 ] ] ] } },
{ "type": "Feature", "properties": { "variability_nT": 206.4, "tier": "optimal", "score": 10.0 }, "geometry": { "type": "Polygon", "coordinates": [ [ [ 128.824999999999761, 36.224999999999817 ], [ 128.824999999999761, 36.274999999999814 ], [ 128.77499999999975, 36.274999999999814 ], [ 128.77499999999975, 36.224999999999817 ], [ 128.824999999999761, 36.224999999999817 ] ] ] } },
{ "type": "Feature", "properties": { "variability_nT": 334.2, "tier": "optimal", "score": 10.0 }, "geometry": { "type": "Polygon", "coordinates": [ [ [ 128.974999999999767, 36.224999999999817 ], [ 128.974999999999767, 36.274999999999814 ], [ 128.924999999999756, 36.274999999999814 ], [ 128.924999999999756, 36.224999999999817 ], [ 128.974999999999767, 36.224999999999817 ] ] ] } },
{ "type": "Feature", "properties": { "variability_nT": 181.6, "tier": "optimal", "score": 10.0 }, "geometry": { "type": "Polygon", "coordinates": [ [ [ 129.224999999999739, 36.224999999999817 ], [ 129.224999999999739, 36.274999999999814 ], [ 129.174999999999727, 36.274999999999814 ], [ 129.174999999999727, 36.224999999999817 ], [ 129.224999999999739, 36.224999999999817 ] ] ] } },
{ "type": "Feature", "properties": { "variability_nT": 151.6, "tier": "optimal", "score": 10.0 }, "geometry": { "type": "Polygon", "coordinates": [ [ [ 129.274999999999721, 36.224999999999817 ], [ 129.274999999999721, 36.274999999999814 ], [ 129.22499999999971, 36.274999999999814 ], [ 129.22499999999971, 36.224999999999817 ], [ 129.274999999999721, 36.224999999999817 ] ] ] } },
{ "type": "Feature", "properties": { "variability_nT": 176.8, "tier": "optimal", "score": 10.0 }, "geometry": { "type": "Polygon", "coordinates": [ [ [ 129.374999999999744, 36.224999999999817 ], [ 129.374999999999744, 36.274999999999814 ], [ 129.324999999999733, 36.274999999999814 ], [ 129.324999999999733, 36.224999999999817 ], [ 129.374999999999744, 36.224999999999817 ] ] ] } },
{ "type": "Feature", "properties": { "variability_nT": 223.9, "tier": "optimal", "score": 10.0 }, "geometry": { "type": "Polygon", "coordinates": [ [ [ 129.424999999999727, 36.224999999999817 ], [ 129.424999999999727, 36.274999999999814 ], [ 129.374999999999716, 36.274999999999814 ], [ 129.374999999999716, 36.224999999999817 ], [ 129.424999999999727, 36.224999999999817 ] ] ] } },
{ "type": "Feature", "properties": { "variability_nT": 299.0, "tier": "optimal", "score": 10.0 }, "geometry": { "type": "Polygon", "coordinates": [ [ [ 126.125, 36.274999999999814 ], [ 126.125, 36.324999999999811 ], [ 126.075, 36.324999999999811 ], [ 126.075, 36.274999999999814 ], [ 126.125, 36.274999999999814 ] ] ] } },
{ "type": "Feature", "properties": { "variability_nT": 273.6, "tier": "optimal", "score": 10.0 }, "geometry": { "type": "Polygon", "coordinates": [ [ [ 126.175, 36.274999999999814 ], [ 126.175, 36.324999999999811 ], [ 126.125, 36.324999999999811 ], [ 126.125, 36.274999999999814 ], [ 126.175, 36.274999999999814 ] ] ] } },
{ "type": "Feature", "properties": { "variability_nT": 164.1, "tier": "optimal", "score": 10.0 }, "geometry": { "type": "Polygon", "coordinates": [ [ [ 127.624999999999829, 36.274999999999814 ], [ 127.624999999999829, 36.324999999999811 ], [ 127.574999999999818, 36.324999999999811 ], [ 127.574999999999818, 36.274999999999814 ], [ 127.624999999999829, 36.274999999999814 ] ] ] } },
{ "type": "Feature", "properties": { "variability_nT": 384.6, "tier": "optimal", "score": 10.0 }, "geometry": { "type": "Polygon", "coordinates": [ [ [ 127.674999999999827, 36.274999999999814 ], [ 127.674999999999827, 36.324999999999811 ], [ 127.624999999999815, 36.324999999999811 ], [ 127.624999999999815, 36.274999999999814 ], [ 127.674999999999827, 36.274999999999814 ] ] ] } },
{ "type": "Feature", "properties": { "variability_nT": 379.8, "tier": "optimal", "score": 10.0 }, "geometry": { "type": "Polygon", "coordinates": [ [ [ 127.724999999999824, 36.274999999999814 ], [ 127.724999999999824, 36.324999999999811 ], [ 127.674999999999812, 36.324999999999811 ], [ 127.674999999999812, 36.274999999999814 ], [ 127.724999999999824, 36.274999999999814 ] ] ] } },
{ "type": "Feature", "properties": { "variability_nT": 237.0, "tier": "optimal", "score": 10.0 }, "geometry": { "type": "Polygon", "coordinates": [ [ [ 128.424999999999784, 36.274999999999814 ], [ 128.424999999999784, 36.324999999999811 ], [ 128.374999999999773, 36.324999999999811 ], [ 128.374999999999773, 36.274999999999814 ], [ 128.424999999999784, 36.274999999999814 ] ] ] } },
{ "type": "Feature", "properties": { "variability_nT": 237.7, "tier": "optimal", "score": 10.0 }, "geometry": { "type": "Polygon", "coordinates": [ [ [ 128.474999999999767, 36.274999999999814 ], [ 128.474999999999767, 36.324999999999811 ], [ 128.424999999999756, 36.324999999999811 ], [ 128.424999999999756, 36.274999999999814 ], [ 128.474999999999767, 36.274999999999814 ] ] ] } },
{ "type": "Feature", "properties": { "variability_nT": 173.3, "tier": "optimal", "score": 10.0 }, "geometry": { "type": "Polygon", "coordinates": [ [ [ 128.924999999999756, 36.274999999999814 ], [ 128.924999999999756, 36.324999999999811 ], [ 128.874999999999744, 36.324999999999811 ], [ 128.874999999999744, 36.274999999999814 ], [ 128.924999999999756, 36.274999999999814 ] ] ] } },
{ "type": "Feature", "properties": { "variability_nT": 217.4, "tier": "optimal", "score": 10.0 }, "geometry": { "type": "Polygon", "coordinates": [ [ [ 128.974999999999767, 36.274999999999814 ], [ 128.974999999999767, 36.324999999999811 ], [ 128.924999999999756, 36.324999999999811 ], [ 128.924999999999756, 36.274999999999814 ], [ 128.974999999999767, 36.274999999999814 ] ] ] } },
{ "type": "Feature", "properties": { "variability_nT": 187.0, "tier": "optimal", "score": 10.0 }, "geometry": { "type": "Polygon", "coordinates": [ [ [ 129.02499999999975, 36.274999999999814 ], [ 129.02499999999975, 36.324999999999811 ], [ 128.974999999999739, 36.324999999999811 ], [ 128.974999999999739, 36.274999999999814 ], [ 129.02499999999975, 36.274999999999814 ] ] ] } },
{ "type": "Feature", "properties": { "variability_nT": 249.7, "tier": "optimal", "score": 10.0 }, "geometry": { "type": "Polygon", "coordinates": [ [ [ 129.074999999999733, 36.274999999999814 ], [ 129.074999999999733, 36.324999999999811 ], [ 129.024999999999721, 36.324999999999811 ], [ 129.024999999999721, 36.274999999999814 ], [ 129.074999999999733, 36.274999999999814 ] ] ] } },
{ "type": "Feature", "properties": { "variability_nT": 278.6, "tier": "optimal", "score": 10.0 }, "geometry": { "type": "Polygon", "coordinates": [ [ [ 129.224999999999739, 36.274999999999814 ], [ 129.224999999999739, 36.324999999999811 ], [ 129.174999999999727, 36.324999999999811 ], [ 129.174999999999727, 36.274999999999814 ], [ 129.224999999999739, 36.274999999999814 ] ] ] } },
{ "type": "Feature", "properties": { "variability_nT": 150.3, "tier": "optimal", "score": 10.0 }, "geometry": { "type": "Polygon", "coordinates": [ [ [ 129.274999999999721, 36.274999999999814 ], [ 129.274999999999721, 36.324999999999811 ], [ 129.22499999999971, 36.324999999999811 ], [ 129.22499999999971, 36.274999999999814 ], [ 129.274999999999721, 36.274999999999814 ] ] ] } },
{ "type": "Feature", "properties": { "variability_nT": 184.0, "tier": "optimal", "score": 10.0 }, "geometry": { "type": "Polygon", "coordinates": [ [ [ 129.424999999999727, 36.274999999999814 ], [ 129.424999999999727, 36.324999999999811 ], [ 129.374999999999716, 36.324999999999811 ], [ 129.374999999999716, 36.274999999999814 ], [ 129.424999999999727, 36.274999999999814 ] ] ] } },
{ "type": "Feature", "properties": { "variability_nT": 296.6, "tier": "optimal", "score": 10.0 }, "geometry": { "type": "Polygon", "coordinates": [ [ [ 127.674999999999827, 36.324999999999811 ], [ 127.674999999999827, 36.374999999999808 ], [ 127.624999999999815, 36.374999999999808 ], [ 127.624999999999815, 36.324999999999811 ], [ 127.674999999999827, 36.324999999999811 ] ] ] } },
{ "type": "Feature", "properties": { "variability_nT": 318.6, "tier": "optimal", "score": 10.0 }, "geometry": { "type": "Polygon", "coordinates": [ [ [ 127.724999999999824, 36.324999999999811 ], [ 127.724999999999824, 36.374999999999808 ], [ 127.674999999999812, 36.374999999999808 ], [ 127.674999999999812, 36.324999999999811 ], [ 127.724999999999824, 36.324999999999811 ] ] ] } },
{ "type": "Feature", "properties": { "variability_nT": 269.9, "tier": "optimal", "score": 10.0 }, "geometry": { "type": "Polygon", "coordinates": [ [ [ 127.774999999999821, 36.324999999999811 ], [ 127.774999999999821, 36.374999999999808 ], [ 127.72499999999981, 36.374999999999808 ], [ 127.72499999999981, 36.324999999999811 ], [ 127.774999999999821, 36.324999999999811 ] ] ] } },
{ "type": "Feature", "properties": { "variability_nT": 373.7, "tier": "optimal", "score": 10.0 }, "geometry": { "type": "Polygon", "coordinates": [ [ [ 127.824999999999818, 36.324999999999811 ], [ 127.824999999999818, 36.374999999999808 ], [ 127.774999999999807, 36.374999999999808 ], [ 127.774999999999807, 36.324999999999811 ], [ 127.824999999999818, 36.324999999999811 ] ] ] } },
{ "type": "Feature", "properties": { "variability_nT": 390.1, "tier": "optimal", "score": 10.0 }, "geometry": { "type": "Polygon", "coordinates": [ [ [ 127.874999999999815, 36.324999999999811 ], [ 127.874999999999815, 36.374999999999808 ], [ 127.824999999999804, 36.374999999999808 ], [ 127.824999999999804, 36.324999999999811 ], [ 127.874999999999815, 36.324999999999811 ] ] ] } },
{ "type": "Feature", "properties": { "variability_nT": 207.4, "tier": "optimal", "score": 10.0 }, "geometry": { "type": "Polygon", "coordinates": [ [ [ 127.924999999999812, 36.324999999999811 ], [ 127.924999999999812, 36.374999999999808 ], [ 127.874999999999801, 36.374999999999808 ], [ 127.874999999999801, 36.324999999999811 ], [ 127.924999999999812, 36.324999999999811 ] ] ] } },
{ "type": "Feature", "properties": { "variability_nT": 153.9, "tier": "optimal", "score": 10.0 }, "geometry": { "type": "Polygon", "coordinates": [ [ [ 128.824999999999761, 36.324999999999811 ], [ 128.824999999999761, 36.374999999999808 ], [ 128.77499999999975, 36.374999999999808 ], [ 128.77499999999975, 36.324999999999811 ], [ 128.824999999999761, 36.324999999999811 ] ] ] } },
{ "type": "Feature", "properties": { "variability_nT": 154.0, "tier": "optimal", "score": 10.0 }, "geometry": { "type": "Polygon", "coordinates": [ [ [ 128.974999999999767, 36.324999999999811 ], [ 128.974999999999767, 36.374999999999808 ], [ 128.924999999999756, 36.374999999999808 ], [ 128.924999999999756, 36.324999999999811 ], [ 128.974999999999767, 36.324999999999811 ] ] ] } },
{ "type": "Feature", "properties": { "variability_nT": 223.2, "tier": "optimal", "score": 10.0 }, "geometry": { "type": "Polygon", "coordinates": [ [ [ 129.074999999999733, 36.324999999999811 ], [ 129.074999999999733, 36.374999999999808 ], [ 129.024999999999721, 36.374999999999808 ], [ 129.024999999999721, 36.324999999999811 ], [ 129.074999999999733, 36.324999999999811 ] ] ] } },
{ "type": "Feature", "properties": { "variability_nT": 331.3, "tier": "optimal", "score": 10.0 }, "geometry": { "type": "Polygon", "coordinates": [ [ [ 129.274999999999721, 36.324999999999811 ], [ 129.274999999999721, 36.374999999999808 ], [ 129.22499999999971, 36.374999999999808 ], [ 129.22499999999971, 36.324999999999811 ], [ 129.274999999999721, 36.324999999999811 ] ] ] } },
{ "type": "Feature", "properties": { "variability_nT": 222.7, "tier": "optimal", "score": 10.0 }, "geometry": { "type": "Polygon", "coordinates": [ [ [ 127.674999999999827, 36.374999999999808 ], [ 127.674999999999827, 36.424999999999805 ], [ 127.624999999999815, 36.424999999999805 ], [ 127.624999999999815, 36.374999999999808 ], [ 127.674999999999827, 36.374999999999808 ] ] ] } },
{ "type": "Feature", "properties": { "variability_nT": 273.3, "tier": "optimal", "score": 10.0 }, "geometry": { "type": "Polygon", "coordinates": [ [ [ 127.724999999999824, 36.374999999999808 ], [ 127.724999999999824, 36.424999999999805 ], [ 127.674999999999812, 36.424999999999805 ], [ 127.674999999999812, 36.374999999999808 ], [ 127.724999999999824, 36.374999999999808 ] ] ] } },
{ "type": "Feature", "properties": { "variability_nT": 345.5, "tier": "optimal", "score": 10.0 }, "geometry": { "type": "Polygon", "coordinates": [ [ [ 127.774999999999821, 36.374999999999808 ], [ 127.774999999999821, 36.424999999999805 ], [ 127.72499999999981, 36.424999999999805 ], [ 127.72499999999981, 36.374999999999808 ], [ 127.774999999999821, 36.374999999999808 ] ] ] } },
{ "type": "Feature", "properties": { "variability_nT": 179.0, "tier": "optimal", "score": 10.0 }, "geometry": { "type": "Polygon", "coordinates": [ [ [ 128.274999999999778, 36.374999999999808 ], [ 128.274999999999778, 36.424999999999805 ], [ 128.224999999999767, 36.424999999999805 ], [ 128.224999999999767, 36.374999999999808 ], [ 128.274999999999778, 36.374999999999808 ] ] ] } },
{ "type": "Feature", "properties": { "variability_nT": 158.8, "tier": "optimal", "score": 10.0 }, "geometry": { "type": "Polygon", "coordinates": [ [ [ 128.924999999999756, 36.374999999999808 ], [ 128.924999999999756, 36.424999999999805 ], [ 128.874999999999744, 36.424999999999805 ], [ 128.874999999999744, 36.374999999999808 ], [ 128.924999999999756, 36.374999999999808 ] ] ] } },
{ "type": "Feature", "properties": { "variability_nT": 160.3, "tier": "optimal", "score": 10.0 }, "geometry": { "type": "Polygon", "coordinates": [ [ [ 128.974999999999767, 36.374999999999808 ], [ 128.974999999999767, 36.424999999999805 ], [ 128.924999999999756, 36.424999999999805 ], [ 128.924999999999756, 36.374999999999808 ], [ 128.974999999999767, 36.374999999999808 ] ] ] } },
{ "type": "Feature", "properties": { "variability_nT": 169.1, "tier": "optimal", "score": 10.0 }, "geometry": { "type": "Polygon", "coordinates": [ [ [ 129.02499999999975, 36.374999999999808 ], [ 129.02499999999975, 36.424999999999805 ], [ 128.974999999999739, 36.424999999999805 ], [ 128.974999999999739, 36.374999999999808 ], [ 129.02499999999975, 36.374999999999808 ] ] ] } },
{ "type": "Feature", "properties": { "variability_nT": 189.1, "tier": "optimal", "score": 10.0 }, "geometry": { "type": "Polygon", "coordinates": [ [ [ 129.074999999999733, 36.374999999999808 ], [ 129.074999999999733, 36.424999999999805 ], [ 129.024999999999721, 36.424999999999805 ], [ 129.024999999999721, 36.374999999999808 ], [ 129.074999999999733, 36.374999999999808 ] ] ] } },
{ "type": "Feature", "properties": { "variability_nT": 382.4, "tier": "optimal", "score": 10.0 }, "geometry": { "type": "Polygon", "coordinates": [ [ [ 129.174999999999756, 36.374999999999808 ], [ 129.174999999999756, 36.424999999999805 ], [ 129.124999999999744, 36.424999999999805 ], [ 129.124999999999744, 36.374999999999808 ], [ 129.174999999999756, 36.374999999999808 ] ] ] } },
{ "type": "Feature", "properties": { "variability_nT": 328.6, "tier": "optimal", "score": 10.0 }, "geometry": { "type": "Polygon", "coordinates": [ [ [ 129.224999999999739, 36.374999999999808 ], [ 129.224999999999739, 36.424999999999805 ], [ 129.174999999999727, 36.424999999999805 ], [ 129.174999999999727, 36.374999999999808 ], [ 129.224999999999739, 36.374999999999808 ] ] ] } },
{ "type": "Feature", "properties": { "variability_nT": 278.6, "tier": "optimal", "score": 10.0 }, "geometry": { "type": "Polygon", "coordinates": [ [ [ 129.274999999999721, 36.374999999999808 ], [ 129.274999999999721, 36.424999999999805 ], [ 129.22499999999971, 36.424999999999805 ], [ 129.22499999999971, 36.374999999999808 ], [ 129.274999999999721, 36.374999999999808 ] ] ] } },
{ "type": "Feature", "properties": { "variability_nT": 203.4, "tier": "optimal", "score": 10.0 }, "geometry": { "type": "Polygon", "coordinates": [ [ [ 127.674999999999827, 36.424999999999805 ], [ 127.674999999999827, 36.474999999999802 ], [ 127.624999999999815, 36.474999999999802 ], [ 127.624999999999815, 36.424999999999805 ], [ 127.674999999999827, 36.424999999999805 ] ] ] } },
{ "type": "Feature", "properties": { "variability_nT": 186.9, "tier": "optimal", "score": 10.0 }, "geometry": { "type": "Polygon", "coordinates": [ [ [ 128.124999999999801, 36.424999999999805 ], [ 128.124999999999801, 36.474999999999802 ], [ 128.07499999999979, 36.474999999999802 ], [ 128.07499999999979, 36.424999999999805 ], [ 128.124999999999801, 36.424999999999805 ] ] ] } },
{ "type": "Feature", "properties": { "variability_nT": 209.9, "tier": "optimal", "score": 10.0 }, "geometry": { "type": "Polygon", "coordinates": [ [ [ 128.174999999999812, 36.424999999999805 ], [ 128.174999999999812, 36.474999999999802 ], [ 128.124999999999801, 36.474999999999802 ], [ 128.124999999999801, 36.424999999999805 ], [ 128.174999999999812, 36.424999999999805 ] ] ] } },
{ "type": "Feature", "properties": { "variability_nT": 246.2, "tier": "optimal", "score": 10.0 }, "geometry": { "type": "Polygon", "coordinates": [ [ [ 128.274999999999778, 36.424999999999805 ], [ 128.274999999999778, 36.474999999999802 ], [ 128.224999999999767, 36.474999999999802 ], [ 128.224999999999767, 36.424999999999805 ], [ 128.274999999999778, 36.424999999999805 ] ] ] } },
{ "type": "Feature", "properties": { "variability_nT": 196.2, "tier": "optimal", "score": 10.0 }, "geometry": { "type": "Polygon", "coordinates": [ [ [ 128.32499999999979, 36.424999999999805 ], [ 128.32499999999979, 36.474999999999802 ], [ 128.274999999999778, 36.474999999999802 ], [ 128.274999999999778, 36.424999999999805 ], [ 128.32499999999979, 36.424999999999805 ] ] ] } },
{ "type": "Feature", "properties": { "variability_nT": 293.8, "tier": "optimal", "score": 10.0 }, "geometry": { "type": "Polygon", "coordinates": [ [ [ 128.924999999999756, 36.424999999999805 ], [ 128.924999999999756, 36.474999999999802 ], [ 128.874999999999744, 36.474999999999802 ], [ 128.874999999999744, 36.424999999999805 ], [ 128.924999999999756, 36.424999999999805 ] ] ] } },
{ "type": "Feature", "properties": { "variability_nT": 309.6, "tier": "optimal", "score": 10.0 }, "geometry": { "type": "Polygon", "coordinates": [ [ [ 128.974999999999767, 36.424999999999805 ], [ 128.974999999999767, 36.474999999999802 ], [ 128.924999999999756, 36.474999999999802 ], [ 128.924999999999756, 36.424999999999805 ], [ 128.974999999999767, 36.424999999999805 ] ] ] } },
{ "type": "Feature", "properties": { "variability_nT": 290.4, "tier": "optimal", "score": 10.0 }, "geometry": { "type": "Polygon", "coordinates": [ [ [ 129.02499999999975, 36.424999999999805 ], [ 129.02499999999975, 36.474999999999802 ], [ 128.974999999999739, 36.474999999999802 ], [ 128.974999999999739, 36.424999999999805 ], [ 129.02499999999975, 36.424999999999805 ] ] ] } },
{ "type": "Feature", "properties": { "variability_nT": 245.0, "tier": "optimal", "score": 10.0 }, "geometry": { "type": "Polygon", "coordinates": [ [ [ 129.074999999999733, 36.424999999999805 ], [ 129.074999999999733, 36.474999999999802 ], [ 129.024999999999721, 36.474999999999802 ], [ 129.024999999999721, 36.424999999999805 ], [ 129.074999999999733, 36.424999999999805 ] ] ] } },
{ "type": "Feature", "properties": { "variability_nT": 203.6, "tier": "optimal", "score": 10.0 }, "geometry": { "type": "Polygon", "coordinates": [ [ [ 129.124999999999744, 36.424999999999805 ], [ 129.124999999999744, 36.474999999999802 ], [ 129.074999999999733, 36.474999999999802 ], [ 129.074999999999733, 36.424999999999805 ], [ 129.124999999999744, 36.424999999999805 ] ] ] } },
{ "type": "Feature", "properties": { "variability_nT": 177.3, "tier": "optimal", "score": 10.0 }, "geometry": { "type": "Polygon", "coordinates": [ [ [ 129.174999999999756, 36.424999999999805 ], [ 129.174999999999756, 36.474999999999802 ], [ 129.124999999999744, 36.474999999999802 ], [ 129.124999999999744, 36.424999999999805 ], [ 129.174999999999756, 36.424999999999805 ] ] ] } },
{ "type": "Feature", "properties": { "variability_nT": 177.3, "tier": "optimal", "score": 10.0 }, "geometry": { "type": "Polygon", "coordinates": [ [ [ 129.224999999999739, 36.424999999999805 ], [ 129.224999999999739, 36.474999999999802 ], [ 129.174999999999727, 36.474999999999802 ], [ 129.174999999999727, 36.424999999999805 ], [ 129.224999999999739, 36.424999999999805 ] ] ] } },
{ "type": "Feature", "properties": { "variability_nT": 170.9, "tier": "optimal", "score": 10.0 }, "geometry": { "type": "Polygon", "coordinates": [ [ [ 129.274999999999721, 36.424999999999805 ], [ 129.274999999999721, 36.474999999999802 ], [ 129.22499999999971, 36.474999999999802 ], [ 129.22499999999971, 36.424999999999805 ], [ 129.274999999999721, 36.424999999999805 ] ] ] } },
{ "type": "Feature", "properties": { "variability_nT": 266.9, "tier": "optimal", "score": 10.0 }, "geometry": { "type": "Polygon", "coordinates": [ [ [ 129.374999999999744, 36.424999999999805 ], [ 129.374999999999744, 36.474999999999802 ], [ 129.324999999999733, 36.474999999999802 ], [ 129.324999999999733, 36.424999999999805 ], [ 129.374999999999744, 36.424999999999805 ] ] ] } },
{ "type": "Feature", "properties": { "variability_nT": 277.9, "tier": "optimal", "score": 10.0 }, "geometry": { "type": "Polygon", "coordinates": [ [ [ 129.424999999999727, 36.424999999999805 ], [ 129.424999999999727, 36.474999999999802 ], [ 129.374999999999716, 36.474999999999802 ], [ 129.374999999999716, 36.424999999999805 ], [ 129.424999999999727, 36.424999999999805 ] ] ] } },
{ "type": "Feature", "properties": { "variability_nT": 244.4, "tier": "optimal", "score": 10.0 }, "geometry": { "type": "Polygon", "coordinates": [ [ [ 129.47499999999971, 36.424999999999805 ], [ 129.47499999999971, 36.474999999999802 ], [ 129.424999999999699, 36.474999999999802 ], [ 129.424999999999699, 36.424999999999805 ], [ 129.47499999999971, 36.424999999999805 ] ] ] } },
{ "type": "Feature", "properties": { "variability_nT": 201.8, "tier": "optimal", "score": 10.0 }, "geometry": { "type": "Polygon", "coordinates": [ [ [ 128.124999999999801, 36.474999999999802 ], [ 128.124999999999801, 36.5249999999998 ], [ 128.07499999999979, 36.5249999999998 ], [ 128.07499999999979, 36.474999999999802 ], [ 128.124999999999801, 36.474999999999802 ] ] ] } },
{ "type": "Feature", "properties": { "variability_nT": 161.4, "tier": "optimal", "score": 10.0 }, "geometry": { "type": "Polygon", "coordinates": [ [ [ 128.174999999999812, 36.474999999999802 ], [ 128.174999999999812, 36.5249999999998 ], [ 128.124999999999801, 36.5249999999998 ], [ 128.124999999999801, 36.474999999999802 ], [ 128.174999999999812, 36.474999999999802 ] ] ] } },
{ "type": "Feature", "properties": { "variability_nT": 163.5, "tier": "optimal", "score": 10.0 }, "geometry": { "type": "Polygon", "coordinates": [ [ [ 128.32499999999979, 36.474999999999802 ], [ 128.32499999999979, 36.5249999999998 ], [ 128.274999999999778, 36.5249999999998 ], [ 128.274999999999778, 36.474999999999802 ], [ 128.32499999999979, 36.474999999999802 ] ] ] } },
{ "type": "Feature", "properties": { "variability_nT": 152.3, "tier": "optimal", "score": 10.0 }, "geometry": { "type": "Polygon", "coordinates": [ [ [ 128.374999999999801, 36.474999999999802 ], [ 128.374999999999801, 36.5249999999998 ], [ 128.32499999999979, 36.5249999999998 ], [ 128.32499999999979, 36.474999999999802 ], [ 128.374999999999801, 36.474999999999802 ] ] ] } },
{ "type": "Feature", "properties": { "variability_nT": 210.0, "tier": "optimal", "score": 10.0 }, "geometry": { "type": "Polygon", "coordinates": [ [ [ 128.874999999999744, 36.474999999999802 ], [ 128.874999999999744, 36.5249999999998 ], [ 128.824999999999733, 36.5249999999998 ], [ 128.824999999999733, 36.474999999999802 ], [ 128.874999999999744, 36.474999999999802 ] ] ] } },
{ "type": "Feature", "properties": { "variability_nT": 289.4, "tier": "optimal", "score": 10.0 }, "geometry": { "type": "Polygon", "coordinates": [ [ [ 128.924999999999756, 36.474999999999802 ], [ 128.924999999999756, 36.5249999999998 ], [ 128.874999999999744, 36.5249999999998 ], [ 128.874999999999744, 36.474999999999802 ], [ 128.924999999999756, 36.474999999999802 ] ] ] } },
{ "type": "Feature", "properties": { "variability_nT": 163.3, "tier": "optimal", "score": 10.0 }, "geometry": { "type": "Polygon", "coordinates": [ [ [ 128.974999999999767, 36.474999999999802 ], [ 128.974999999999767, 36.5249999999998 ], [ 128.924999999999756, 36.5249999999998 ], [ 128.924999999999756, 36.474999999999802 ], [ 128.974999999999767, 36.474999999999802 ] ] ] } },
{ "type": "Feature", "properties": { "variability_nT": 204.6, "tier": "optimal", "score": 10.0 }, "geometry": { "type": "Polygon", "coordinates": [ [ [ 129.074999999999733, 36.474999999999802 ], [ 129.074999999999733, 36.5249999999998 ], [ 129.024999999999721, 36.5249999999998 ], [ 129.024999999999721, 36.474999999999802 ], [ 129.074999999999733, 36.474999999999802 ] ] ] } },
{ "type": "Feature", "properties": { "variability_nT": 195.5, "tier": "optimal", "score": 10.0 }, "geometry": { "type": "Polygon", "coordinates": [ [ [ 129.124999999999744, 36.474999999999802 ], [ 129.124999999999744, 36.5249999999998 ], [ 129.074999999999733, 36.5249999999998 ], [ 129.074999999999733, 36.474999999999802 ], [ 129.124999999999744, 36.474999999999802 ] ] ] } },
{ "type": "Feature", "properties": { "variability_nT": 154.5, "tier": "optimal", "score": 10.0 }, "geometry": { "type": "Polygon", "coordinates": [ [ [ 129.224999999999739, 36.474999999999802 ], [ 129.224999999999739, 36.5249999999998 ], [ 129.174999999999727, 36.5249999999998 ], [ 129.174999999999727, 36.474999999999802 ], [ 129.224999999999739, 36.474999999999802 ] ] ] } },
{ "type": "Feature", "properties": { "variability_nT": 218.2, "tier": "optimal", "score": 10.0 }, "geometry": { "type": "Polygon", "coordinates": [ [ [ 129.274999999999721, 36.474999999999802 ], [ 129.274999999999721, 36.5249999999998 ], [ 129.22499999999971, 36.5249999999998 ], [ 129.22499999999971, 36.474999999999802 ], [ 129.274999999999721, 36.474999999999802 ] ] ] } },
{ "type": "Feature", "properties": { "variability_nT": 206.2, "tier": "optimal", "score": 10.0 }, "geometry": { "type": "Polygon", "coordinates": [ [ [ 129.374999999999744, 36.474999999999802 ], [ 129.374999999999744, 36.5249999999998 ], [ 129.324999999999733, 36.5249999999998 ], [ 129.324999999999733, 36.474999999999802 ], [ 129.374999999999744, 36.474999999999802 ] ] ] } },
{ "type": "Feature", "properties": { "variability_nT": 391.1, "tier": "optimal", "score": 10.0 }, "geometry": { "type": "Polygon", "coordinates": [ [ [ 129.424999999999727, 36.474999999999802 ], [ 129.424999999999727, 36.5249999999998 ], [ 129.374999999999716, 36.5249999999998 ], [ 129.374999999999716, 36.474999999999802 ], [ 129.424999999999727, 36.474999999999802 ] ] ] } },
{ "type": "Feature", "properties": { "variability_nT": 309.0, "tier": "optimal", "score": 10.0 }, "geometry": { "type": "Polygon", "coordinates": [ [ [ 129.47499999999971, 36.474999999999802 ], [ 129.47499999999971, 36.5249999999998 ], [ 129.424999999999699, 36.5249999999998 ], [ 129.424999999999699, 36.474999999999802 ], [ 129.47499999999971, 36.474999999999802 ] ] ] } },
{ "type": "Feature", "properties": { "variability_nT": 171.6, "tier": "optimal", "score": 10.0 }, "geometry": { "type": "Polygon", "coordinates": [ [ [ 126.424999999999898, 36.5249999999998 ], [ 126.424999999999898, 36.574999999999797 ], [ 126.374999999999886, 36.574999999999797 ], [ 126.374999999999886, 36.5249999999998 ], [ 126.424999999999898, 36.5249999999998 ] ] ] } },
{ "type": "Feature", "properties": { "variability_nT": 161.0, "tier": "optimal", "score": 10.0 }, "geometry": { "type": "Polygon", "coordinates": [ [ [ 126.474999999999895, 36.5249999999998 ], [ 126.474999999999895, 36.574999999999797 ], [ 126.424999999999883, 36.574999999999797 ], [ 126.424999999999883, 36.5249999999998 ], [ 126.474999999999895, 36.5249999999998 ] ] ] } },
{ "type": "Feature", "properties": { "variability_nT": 173.2, "tier": "optimal", "score": 10.0 }, "geometry": { "type": "Polygon", "coordinates": [ [ [ 127.674999999999827, 36.5249999999998 ], [ 127.674999999999827, 36.574999999999797 ], [ 127.624999999999815, 36.574999999999797 ], [ 127.624999999999815, 36.5249999999998 ], [ 127.674999999999827, 36.5249999999998 ] ] ] } },
{ "type": "Feature", "properties": { "variability_nT": 342.7, "tier": "optimal", "score": 10.0 }, "geometry": { "type": "Polygon", "coordinates": [ [ [ 127.724999999999824, 36.5249999999998 ], [ 127.724999999999824, 36.574999999999797 ], [ 127.674999999999812, 36.574999999999797 ], [ 127.674999999999812, 36.5249999999998 ], [ 127.724999999999824, 36.5249999999998 ] ] ] } },
{ "type": "Feature", "properties": { "variability_nT": 305.3, "tier": "optimal", "score": 10.0 }, "geometry": { "type": "Polygon", "coordinates": [ [ [ 127.774999999999821, 36.5249999999998 ], [ 127.774999999999821, 36.574999999999797 ], [ 127.72499999999981, 36.574999999999797 ], [ 127.72499999999981, 36.5249999999998 ], [ 127.774999999999821, 36.5249999999998 ] ] ] } },
{ "type": "Feature", "properties": { "variability_nT": 171.3, "tier": "optimal", "score": 10.0 }, "geometry": { "type": "Polygon", "coordinates": [ [ [ 128.724999999999767, 36.5249999999998 ], [ 128.724999999999767, 36.574999999999797 ], [ 128.674999999999756, 36.574999999999797 ], [ 128.674999999999756, 36.5249999999998 ], [ 128.724999999999767, 36.5249999999998 ] ] ] } },
{ "type": "Feature", "properties": { "variability_nT": 168.7, "tier": "optimal", "score": 10.0 }, "geometry": { "type": "Polygon", "coordinates": [ [ [ 128.774999999999778, 36.5249999999998 ], [ 128.774999999999778, 36.574999999999797 ], [ 128.724999999999767, 36.574999999999797 ], [ 128.724999999999767, 36.5249999999998 ], [ 128.774999999999778, 36.5249999999998 ] ] ] } },
{ "type": "Feature", "properties": { "variability_nT": 208.9, "tier": "optimal", "score": 10.0 }, "geometry": { "type": "Polygon", "coordinates": [ [ [ 128.824999999999761, 36.5249999999998 ], [ 128.824999999999761, 36.574999999999797 ], [ 128.77499999999975, 36.574999999999797 ], [ 128.77499999999975, 36.5249999999998 ], [ 128.824999999999761, 36.5249999999998 ] ] ] } },
{ "type": "Feature", "properties": { "variability_nT": 179.3, "tier": "optimal", "score": 10.0 }, "geometry": { "type": "Polygon", "coordinates": [ [ [ 128.874999999999744, 36.5249999999998 ], [ 128.874999999999744, 36.574999999999797 ], [ 128.824999999999733, 36.574999999999797 ], [ 128.824999999999733, 36.5249999999998 ], [ 128.874999999999744, 36.5249999999998 ] ] ] } },
{ "type": "Feature", "properties": { "variability_nT": 174.2, "tier": "optimal", "score": 10.0 }, "geometry": { "type": "Polygon", "coordinates": [ [ [ 128.924999999999756, 36.5249999999998 ], [ 128.924999999999756, 36.574999999999797 ], [ 128.874999999999744, 36.574999999999797 ], [ 128.874999999999744, 36.5249999999998 ], [ 128.924999999999756, 36.5249999999998 ] ] ] } },
{ "type": "Feature", "properties": { "variability_nT": 215.5, "tier": "optimal", "score": 10.0 }, "geometry": { "type": "Polygon", "coordinates": [ [ [ 128.974999999999767, 36.5249999999998 ], [ 128.974999999999767, 36.574999999999797 ], [ 128.924999999999756, 36.574999999999797 ], [ 128.924999999999756, 36.5249999999998 ], [ 128.974999999999767, 36.5249999999998 ] ] ] } },
{ "type": "Feature", "properties": { "variability_nT": 218.3, "tier": "optimal", "score": 10.0 }, "geometry": { "type": "Polygon", "coordinates": [ [ [ 129.124999999999744, 36.5249999999998 ], [ 129.124999999999744, 36.574999999999797 ], [ 129.074999999999733, 36.574999999999797 ], [ 129.074999999999733, 36.5249999999998 ], [ 129.124999999999744, 36.5249999999998 ] ] ] } },
{ "type": "Feature", "properties": { "variability_nT": 177.2, "tier": "optimal", "score": 10.0 }, "geometry": { "type": "Polygon", "coordinates": [ [ [ 129.174999999999756, 36.5249999999998 ], [ 129.174999999999756, 36.574999999999797 ], [ 129.124999999999744, 36.574999999999797 ], [ 129.124999999999744, 36.5249999999998 ], [ 129.174999999999756, 36.5249999999998 ] ] ] } },
{ "type": "Feature", "properties": { "variability_nT": 211.4, "tier": "optimal", "score": 10.0 }, "geometry": { "type": "Polygon", "coordinates": [ [ [ 129.224999999999739, 36.5249999999998 ], [ 129.224999999999739, 36.574999999999797 ], [ 129.174999999999727, 36.574999999999797 ], [ 129.174999999999727, 36.5249999999998 ], [ 129.224999999999739, 36.5249999999998 ] ] ] } },
{ "type": "Feature", "properties": { "variability_nT": 220.2, "tier": "optimal", "score": 10.0 }, "geometry": { "type": "Polygon", "coordinates": [ [ [ 129.274999999999721, 36.5249999999998 ], [ 129.274999999999721, 36.574999999999797 ], [ 129.22499999999971, 36.574999999999797 ], [ 129.22499999999971, 36.5249999999998 ], [ 129.274999999999721, 36.5249999999998 ] ] ] } },
{ "type": "Feature", "properties": { "variability_nT": 151.1, "tier": "optimal", "score": 10.0 }, "geometry": { "type": "Polygon", "coordinates": [ [ [ 129.374999999999744, 36.5249999999998 ], [ 129.374999999999744, 36.574999999999797 ], [ 129.324999999999733, 36.574999999999797 ], [ 129.324999999999733, 36.5249999999998 ], [ 129.374999999999744, 36.5249999999998 ] ] ] } },
{ "type": "Feature", "properties": { "variability_nT": 200.3, "tier": "optimal", "score": 10.0 }, "geometry": { "type": "Polygon", "coordinates": [ [ [ 129.424999999999727, 36.5249999999998 ], [ 129.424999999999727, 36.574999999999797 ], [ 129.374999999999716, 36.574999999999797 ], [ 129.374999999999716, 36.5249999999998 ], [ 129.424999999999727, 36.5249999999998 ] ] ] } },
{ "type": "Feature", "properties": { "variability_nT": 161.6, "tier": "optimal", "score": 10.0 }, "geometry": { "type": "Polygon", "coordinates": [ [ [ 126.325, 36.574999999999797 ], [ 126.325, 36.624999999999794 ], [ 126.274999999999892, 36.624999999999794 ], [ 126.274999999999892, 36.574999999999797 ], [ 126.325, 36.574999999999797 ] ] ] } },
{ "type": "Feature", "properties": { "variability_nT": 222.2, "tier": "optimal", "score": 10.0 }, "geometry": { "type": "Polygon", "coordinates": [ [ [ 126.424999999999898, 36.574999999999797 ], [ 126.424999999999898, 36.624999999999794 ], [ 126.374999999999886, 36.624999999999794 ], [ 126.374999999999886, 36.574999999999797 ], [ 126.424999999999898, 36.574999999999797 ] ] ] } },
{ "type": "Feature", "properties": { "variability_nT": 308.7, "tier": "optimal", "score": 10.0 }, "geometry": { "type": "Polygon", "coordinates": [ [ [ 126.474999999999895, 36.574999999999797 ], [ 126.474999999999895, 36.624999999999794 ], [ 126.424999999999883, 36.624999999999794 ], [ 126.424999999999883, 36.574999999999797 ], [ 126.474999999999895, 36.574999999999797 ] ] ] } },
{ "type": "Feature", "properties": { "variability_nT": 353.1, "tier": "optimal", "score": 10.0 }, "geometry": { "type": "Polygon", "coordinates": [ [ [ 126.524999999999892, 36.574999999999797 ], [ 126.524999999999892, 36.624999999999794 ], [ 126.474999999999881, 36.624999999999794 ], [ 126.474999999999881, 36.574999999999797 ], [ 126.524999999999892, 36.574999999999797 ] ] ] } },
{ "type": "Feature", "properties": { "variability_nT": 181.5, "tier": "optimal", "score": 10.0 }, "geometry": { "type": "Polygon", "coordinates": [ [ [ 126.574999999999889, 36.574999999999797 ], [ 126.574999999999889, 36.624999999999794 ], [ 126.524999999999878, 36.624999999999794 ], [ 126.524999999999878, 36.574999999999797 ], [ 126.574999999999889, 36.574999999999797 ] ] ] } },
{ "type": "Feature", "properties": { "variability_nT": 173.8, "tier": "optimal", "score": 10.0 }, "geometry": { "type": "Polygon", "coordinates": [ [ [ 126.824999999999875, 36.574999999999797 ], [ 126.824999999999875, 36.624999999999794 ], [ 126.774999999999864, 36.624999999999794 ], [ 126.774999999999864, 36.574999999999797 ], [ 126.824999999999875, 36.574999999999797 ] ] ] } },
{ "type": "Feature", "properties": { "variability_nT": 373.1, "tier": "optimal", "score": 10.0 }, "geometry": { "type": "Polygon", "coordinates": [ [ [ 127.724999999999824, 36.574999999999797 ], [ 127.724999999999824, 36.624999999999794 ], [ 127.674999999999812, 36.624999999999794 ], [ 127.674999999999812, 36.574999999999797 ], [ 127.724999999999824, 36.574999999999797 ] ] ] } },
{ "type": "Feature", "properties": { "variability_nT": 156.8, "tier": "optimal", "score": 10.0 }, "geometry": { "type": "Polygon", "coordinates": [ [ [ 128.674999999999756, 36.574999999999797 ], [ 128.674999999999756, 36.624999999999794 ], [ 128.624999999999744, 36.624999999999794 ], [ 128.624999999999744, 36.574999999999797 ], [ 128.674999999999756, 36.574999999999797 ] ] ] } },
{ "type": "Feature", "properties": { "variability_nT": 227.2, "tier": "optimal", "score": 10.0 }, "geometry": { "type": "Polygon", "coordinates": [ [ [ 128.724999999999767, 36.574999999999797 ], [ 128.724999999999767, 36.624999999999794 ], [ 128.674999999999756, 36.624999999999794 ], [ 128.674999999999756, 36.574999999999797 ], [ 128.724999999999767, 36.574999999999797 ] ] ] } },
{ "type": "Feature", "properties": { "variability_nT": 162.9, "tier": "optimal", "score": 10.0 }, "geometry": { "type": "Polygon", "coordinates": [ [ [ 128.774999999999778, 36.574999999999797 ], [ 128.774999999999778, 36.624999999999794 ], [ 128.724999999999767, 36.624999999999794 ], [ 128.724999999999767, 36.574999999999797 ], [ 128.774999999999778, 36.574999999999797 ] ] ] } },
{ "type": "Feature", "properties": { "variability_nT": 237.2, "tier": "optimal", "score": 10.0 }, "geometry": { "type": "Polygon", "coordinates": [ [ [ 128.924999999999756, 36.574999999999797 ], [ 128.924999999999756, 36.624999999999794 ], [ 128.874999999999744, 36.624999999999794 ], [ 128.874999999999744, 36.574999999999797 ], [ 128.924999999999756, 36.574999999999797 ] ] ] } },
{ "type": "Feature", "properties": { "variability_nT": 225.2, "tier": "optimal", "score": 10.0 }, "geometry": { "type": "Polygon", "coordinates": [ [ [ 128.974999999999767, 36.574999999999797 ], [ 128.974999999999767, 36.624999999999794 ], [ 128.924999999999756, 36.624999999999794 ], [ 128.924999999999756, 36.574999999999797 ], [ 128.974999999999767, 36.574999999999797 ] ] ] } },
{ "type": "Feature", "properties": { "variability_nT": 240.0, "tier": "optimal", "score": 10.0 }, "geometry": { "type": "Polygon", "coordinates": [ [ [ 129.374999999999744, 36.574999999999797 ], [ 129.374999999999744, 36.624999999999794 ], [ 129.324999999999733, 36.624999999999794 ], [ 129.324999999999733, 36.574999999999797 ], [ 129.374999999999744, 36.574999999999797 ] ] ] } },
{ "type": "Feature", "properties": { "variability_nT": 233.9, "tier": "optimal", "score": 10.0 }, "geometry": { "type": "Polygon", "coordinates": [ [ [ 129.424999999999727, 36.574999999999797 ], [ 129.424999999999727, 36.624999999999794 ], [ 129.374999999999716, 36.624999999999794 ], [ 129.374999999999716, 36.574999999999797 ], [ 129.424999999999727, 36.574999999999797 ] ] ] } },
{ "type": "Feature", "properties": { "variability_nT": 207.4, "tier": "optimal", "score": 10.0 }, "geometry": { "type": "Polygon", "coordinates": [ [ [ 129.47499999999971, 36.574999999999797 ], [ 129.47499999999971, 36.624999999999794 ], [ 129.424999999999699, 36.624999999999794 ], [ 129.424999999999699, 36.574999999999797 ], [ 129.47499999999971, 36.574999999999797 ] ] ] } },
{ "type": "Feature", "properties": { "variability_nT": 152.2, "tier": "optimal", "score": 10.0 }, "geometry": { "type": "Polygon", "coordinates": [ [ [ 126.375, 36.624999999999794 ], [ 126.375, 36.674999999999791 ], [ 126.324999999999889, 36.674999999999791 ], [ 126.324999999999889, 36.624999999999794 ], [ 126.375, 36.624999999999794 ] ] ] } },
{ "type": "Feature", "properties": { "variability_nT": 195.3, "tier": "optimal", "score": 10.0 }, "geometry": { "type": "Polygon", "coordinates": [ [ [ 126.424999999999898, 36.624999999999794 ], [ 126.424999999999898, 36.674999999999791 ], [ 126.374999999999886, 36.674999999999791 ], [ 126.374999999999886, 36.624999999999794 ], [ 126.424999999999898, 36.624999999999794 ] ] ] } },
{ "type": "Feature", "properties": { "variability_nT": 306.9, "tier": "optimal", "score": 10.0 }, "geometry": { "type": "Polygon", "coordinates": [ [ [ 126.474999999999895, 36.624999999999794 ], [ 126.474999999999895, 36.674999999999791 ], [ 126.424999999999883, 36.674999999999791 ], [ 126.424999999999883, 36.624999999999794 ], [ 126.474999999999895, 36.624999999999794 ] ] ] } },
{ "type": "Feature", "properties": { "variability_nT": 253.5, "tier": "optimal", "score": 10.0 }, "geometry": { "type": "Polygon", "coordinates": [ [ [ 126.524999999999892, 36.624999999999794 ], [ 126.524999999999892, 36.674999999999791 ], [ 126.474999999999881, 36.674999999999791 ], [ 126.474999999999881, 36.624999999999794 ], [ 126.524999999999892, 36.624999999999794 ] ] ] } },
{ "type": "Feature", "properties": { "variability_nT": 295.7, "tier": "optimal", "score": 10.0 }, "geometry": { "type": "Polygon", "coordinates": [ [ [ 126.574999999999889, 36.624999999999794 ], [ 126.574999999999889, 36.674999999999791 ], [ 126.524999999999878, 36.674999999999791 ], [ 126.524999999999878, 36.624999999999794 ], [ 126.574999999999889, 36.624999999999794 ] ] ] } },
{ "type": "Feature", "properties": { "variability_nT": 218.9, "tier": "optimal", "score": 10.0 }, "geometry": { "type": "Polygon", "coordinates": [ [ [ 127.774999999999821, 36.624999999999794 ], [ 127.774999999999821, 36.674999999999791 ], [ 127.72499999999981, 36.674999999999791 ], [ 127.72499999999981, 36.624999999999794 ], [ 127.774999999999821, 36.624999999999794 ] ] ] } },
{ "type": "Feature", "properties": { "variability_nT": 253.7, "tier": "optimal", "score": 10.0 }, "geometry": { "type": "Polygon", "coordinates": [ [ [ 128.724999999999767, 36.624999999999794 ], [ 128.724999999999767, 36.674999999999791 ], [ 128.674999999999756, 36.674999999999791 ], [ 128.674999999999756, 36.624999999999794 ], [ 128.724999999999767, 36.624999999999794 ] ] ] } },
{ "type": "Feature", "properties": { "variability_nT": 212.7, "tier": "optimal", "score": 10.0 }, "geometry": { "type": "Polygon", "coordinates": [ [ [ 128.774999999999778, 36.624999999999794 ], [ 128.774999999999778, 36.674999999999791 ], [ 128.724999999999767, 36.674999999999791 ], [ 128.724999999999767, 36.624999999999794 ], [ 128.774999999999778, 36.624999999999794 ] ] ] } },
{ "type": "Feature", "properties": { "variability_nT": 161.4, "tier": "optimal", "score": 10.0 }, "geometry": { "type": "Polygon", "coordinates": [ [ [ 128.824999999999761, 36.624999999999794 ], [ 128.824999999999761, 36.674999999999791 ], [ 128.77499999999975, 36.674999999999791 ], [ 128.77499999999975, 36.624999999999794 ], [ 128.824999999999761, 36.624999999999794 ] ] ] } },
{ "type": "Feature", "properties": { "variability_nT": 198.0, "tier": "optimal", "score": 10.0 }, "geometry": { "type": "Polygon", "coordinates": [ [ [ 128.874999999999744, 36.624999999999794 ], [ 128.874999999999744, 36.674999999999791 ], [ 128.824999999999733, 36.674999999999791 ], [ 128.824999999999733, 36.624999999999794 ], [ 128.874999999999744, 36.624999999999794 ] ] ] } },
{ "type": "Feature", "properties": { "variability_nT": 312.4, "tier": "optimal", "score": 10.0 }, "geometry": { "type": "Polygon", "coordinates": [ [ [ 128.924999999999756, 36.624999999999794 ], [ 128.924999999999756, 36.674999999999791 ], [ 128.874999999999744, 36.674999999999791 ], [ 128.874999999999744, 36.624999999999794 ], [ 128.924999999999756, 36.624999999999794 ] ] ] } },
{ "type": "Feature", "properties": { "variability_nT": 154.3, "tier": "optimal", "score": 10.0 }, "geometry": { "type": "Polygon", "coordinates": [ [ [ 128.974999999999767, 36.624999999999794 ], [ 128.974999999999767, 36.674999999999791 ], [ 128.924999999999756, 36.674999999999791 ], [ 128.924999999999756, 36.624999999999794 ], [ 128.974999999999767, 36.624999999999794 ] ] ] } },
{ "type": "Feature", "properties": { "variability_nT": 155.6, "tier": "optimal", "score": 10.0 }, "geometry": { "type": "Polygon", "coordinates": [ [ [ 129.274999999999721, 36.624999999999794 ], [ 129.274999999999721, 36.674999999999791 ], [ 129.22499999999971, 36.674999999999791 ], [ 129.22499999999971, 36.624999999999794 ], [ 129.274999999999721, 36.624999999999794 ] ] ] } },
{ "type": "Feature", "properties": { "variability_nT": 238.8, "tier": "optimal", "score": 10.0 }, "geometry": { "type": "Polygon", "coordinates": [ [ [ 129.324999999999733, 36.624999999999794 ], [ 129.324999999999733, 36.674999999999791 ], [ 129.274999999999721, 36.674999999999791 ], [ 129.274999999999721, 36.624999999999794 ], [ 129.324999999999733, 36.624999999999794 ] ] ] } },
{ "type": "Feature", "properties": { "variability_nT": 202.8, "tier": "optimal", "score": 10.0 }, "geometry": { "type": "Polygon", "coordinates": [ [ [ 129.374999999999744, 36.624999999999794 ], [ 129.374999999999744, 36.674999999999791 ], [ 129.324999999999733, 36.674999999999791 ], [ 129.324999999999733, 36.624999999999794 ], [ 129.374999999999744, 36.624999999999794 ] ] ] } },
{ "type": "Feature", "properties": { "variability_nT": 168.6, "tier": "optimal", "score": 10.0 }, "geometry": { "type": "Polygon", "coordinates": [ [ [ 129.424999999999727, 36.624999999999794 ], [ 129.424999999999727, 36.674999999999791 ], [ 129.374999999999716, 36.674999999999791 ], [ 129.374999999999716, 36.624999999999794 ], [ 129.424999999999727, 36.624999999999794 ] ] ] } },
{ "type": "Feature", "properties": { "variability_nT": 179.8, "tier": "optimal", "score": 10.0 }, "geometry": { "type": "Polygon", "coordinates": [ [ [ 129.47499999999971, 36.624999999999794 ], [ 129.47499999999971, 36.674999999999791 ], [ 129.424999999999699, 36.674999999999791 ], [ 129.424999999999699, 36.624999999999794 ], [ 129.47499999999971, 36.624999999999794 ] ] ] } },
{ "type": "Feature", "properties": { "variability_nT": 196.4, "tier": "optimal", "score": 10.0 }, "geometry": { "type": "Polygon", "coordinates": [ [ [ 126.025, 36.674999999999791 ], [ 126.025, 36.724999999999788 ], [ 125.975, 36.724999999999788 ], [ 125.975, 36.674999999999791 ], [ 126.025, 36.674999999999791 ] ] ] } },
{ "type": "Feature", "properties": { "variability_nT": 158.8, "tier": "optimal", "score": 10.0 }, "geometry": { "type": "Polygon", "coordinates": [ [ [ 126.075, 36.674999999999791 ], [ 126.075, 36.724999999999788 ], [ 126.025, 36.724999999999788 ], [ 126.025, 36.674999999999791 ], [ 126.075, 36.674999999999791 ] ] ] } },
{ "type": "Feature", "properties": { "variability_nT": 206.4, "tier": "optimal", "score": 10.0 }, "geometry": { "type": "Polygon", "coordinates": [ [ [ 126.325, 36.674999999999791 ], [ 126.325, 36.724999999999788 ], [ 126.274999999999892, 36.724999999999788 ], [ 126.274999999999892, 36.674999999999791 ], [ 126.325, 36.674999999999791 ] ] ] } },
{ "type": "Feature", "properties": { "variability_nT": 231.2, "tier": "optimal", "score": 10.0 }, "geometry": { "type": "Polygon", "coordinates": [ [ [ 126.375, 36.674999999999791 ], [ 126.375, 36.724999999999788 ], [ 126.324999999999889, 36.724999999999788 ], [ 126.324999999999889, 36.674999999999791 ], [ 126.375, 36.674999999999791 ] ] ] } },
{ "type": "Feature", "properties": { "variability_nT": 201.2, "tier": "optimal", "score": 10.0 }, "geometry": { "type": "Polygon", "coordinates": [ [ [ 126.424999999999898, 36.674999999999791 ], [ 126.424999999999898, 36.724999999999788 ], [ 126.374999999999886, 36.724999999999788 ], [ 126.374999999999886, 36.674999999999791 ], [ 126.424999999999898, 36.674999999999791 ] ] ] } },
{ "type": "Feature", "properties": { "variability_nT": 175.2, "tier": "optimal", "score": 10.0 }, "geometry": { "type": "Polygon", "coordinates": [ [ [ 126.474999999999895, 36.674999999999791 ], [ 126.474999999999895, 36.724999999999788 ], [ 126.424999999999883, 36.724999999999788 ], [ 126.424999999999883, 36.674999999999791 ], [ 126.474999999999895, 36.674999999999791 ] ] ] } },
{ "type": "Feature", "properties": { "variability_nT": 211.8, "tier": "optimal", "score": 10.0 }, "geometry": { "type": "Polygon", "coordinates": [ [ [ 126.574999999999889, 36.674999999999791 ], [ 126.574999999999889, 36.724999999999788 ], [ 126.524999999999878, 36.724999999999788 ], [ 126.524999999999878, 36.674999999999791 ], [ 126.574999999999889, 36.674999999999791 ] ] ] } },
{ "type": "Feature", "properties": { "variability_nT": 155.7, "tier": "optimal", "score": 10.0 }, "geometry": { "type": "Polygon", "coordinates": [ [ [ 128.724999999999767, 36.674999999999791 ], [ 128.724999999999767, 36.724999999999788 ], [ 128.674999999999756, 36.724999999999788 ], [ 128.674999999999756, 36.674999999999791 ], [ 128.724999999999767, 36.674999999999791 ] ] ] } },
{ "type": "Feature", "properties": { "variability_nT": 302.7, "tier": "optimal", "score": 10.0 }, "geometry": { "type": "Polygon", "coordinates": [ [ [ 128.774999999999778, 36.674999999999791 ], [ 128.774999999999778, 36.724999999999788 ], [ 128.724999999999767, 36.724999999999788 ], [ 128.724999999999767, 36.674999999999791 ], [ 128.774999999999778, 36.674999999999791 ] ] ] } },
{ "type": "Feature", "properties": { "variability_nT": 189.5, "tier": "optimal", "score": 10.0 }, "geometry": { "type": "Polygon", "coordinates": [ [ [ 128.824999999999761, 36.674999999999791 ], [ 128.824999999999761, 36.724999999999788 ], [ 128.77499999999975, 36.724999999999788 ], [ 128.77499999999975, 36.674999999999791 ], [ 128.824999999999761, 36.674999999999791 ] ] ] } },
{ "type": "Feature", "properties": { "variability_nT": 165.8, "tier": "optimal", "score": 10.0 }, "geometry": { "type": "Polygon", "coordinates": [ [ [ 128.874999999999744, 36.674999999999791 ], [ 128.874999999999744, 36.724999999999788 ], [ 128.824999999999733, 36.724999999999788 ], [ 128.824999999999733, 36.674999999999791 ], [ 128.874999999999744, 36.674999999999791 ] ] ] } },
{ "type": "Feature", "properties": { "variability_nT": 222.9, "tier": "optimal", "score": 10.0 }, "geometry": { "type": "Polygon", "coordinates": [ [ [ 128.924999999999756, 36.674999999999791 ], [ 128.924999999999756, 36.724999999999788 ], [ 128.874999999999744, 36.724999999999788 ], [ 128.874999999999744, 36.674999999999791 ], [ 128.924999999999756, 36.674999999999791 ] ] ] } },
{ "type": "Feature", "properties": { "variability_nT": 211.9, "tier": "optimal", "score": 10.0 }, "geometry": { "type": "Polygon", "coordinates": [ [ [ 129.274999999999721, 36.674999999999791 ], [ 129.274999999999721, 36.724999999999788 ], [ 129.22499999999971, 36.724999999999788 ], [ 129.22499999999971, 36.674999999999791 ], [ 129.274999999999721, 36.674999999999791 ] ] ] } },
{ "type": "Feature", "properties": { "variability_nT": 292.2, "tier": "optimal", "score": 10.0 }, "geometry": { "type": "Polygon", "coordinates": [ [ [ 129.324999999999733, 36.674999999999791 ], [ 129.324999999999733, 36.724999999999788 ], [ 129.274999999999721, 36.724999999999788 ], [ 129.274999999999721, 36.674999999999791 ], [ 129.324999999999733, 36.674999999999791 ] ] ] } },
{ "type": "Feature", "properties": { "variability_nT": 261.1, "tier": "optimal", "score": 10.0 }, "geometry": { "type": "Polygon", "coordinates": [ [ [ 129.374999999999744, 36.674999999999791 ], [ 129.374999999999744, 36.724999999999788 ], [ 129.324999999999733, 36.724999999999788 ], [ 129.324999999999733, 36.674999999999791 ], [ 129.374999999999744, 36.674999999999791 ] ] ] } },
{ "type": "Feature", "properties": { "variability_nT": 309.5, "tier": "optimal", "score": 10.0 }, "geometry": { "type": "Polygon", "coordinates": [ [ [ 129.424999999999727, 36.674999999999791 ], [ 129.424999999999727, 36.724999999999788 ], [ 129.374999999999716, 36.724999999999788 ], [ 129.374999999999716, 36.674999999999791 ], [ 129.424999999999727, 36.674999999999791 ] ] ] } },
{ "type": "Feature", "properties": { "variability_nT": 190.8, "tier": "optimal", "score": 10.0 }, "geometry": { "type": "Polygon", "coordinates": [ [ [ 129.47499999999971, 36.674999999999791 ], [ 129.47499999999971, 36.724999999999788 ], [ 129.424999999999699, 36.724999999999788 ], [ 129.424999999999699, 36.674999999999791 ], [ 129.47499999999971, 36.674999999999791 ] ] ] } },
{ "type": "Feature", "properties": { "variability_nT": 277.3, "tier": "optimal", "score": 10.0 }, "geometry": { "type": "Polygon", "coordinates": [ [ [ 126.025, 36.724999999999788 ], [ 126.025, 36.774999999999785 ], [ 125.975, 36.774999999999785 ], [ 125.975, 36.724999999999788 ], [ 126.025, 36.724999999999788 ] ] ] } },
{ "type": "Feature", "properties": { "variability_nT": 232.8, "tier": "optimal", "score": 10.0 }, "geometry": { "type": "Polygon", "coordinates": [ [ [ 126.075, 36.724999999999788 ], [ 126.075, 36.774999999999785 ], [ 126.025, 36.774999999999785 ], [ 126.025, 36.724999999999788 ], [ 126.075, 36.724999999999788 ] ] ] } },
{ "type": "Feature", "properties": { "variability_nT": 233.7, "tier": "optimal", "score": 10.0 }, "geometry": { "type": "Polygon", "coordinates": [ [ [ 126.375, 36.724999999999788 ], [ 126.375, 36.774999999999785 ], [ 126.324999999999889, 36.774999999999785 ], [ 126.324999999999889, 36.724999999999788 ], [ 126.375, 36.724999999999788 ] ] ] } },
{ "type": "Feature", "properties": { "variability_nT": 293.0, "tier": "optimal", "score": 10.0 }, "geometry": { "type": "Polygon", "coordinates": [ [ [ 126.424999999999898, 36.724999999999788 ], [ 126.424999999999898, 36.774999999999785 ], [ 126.374999999999886, 36.774999999999785 ], [ 126.374999999999886, 36.724999999999788 ], [ 126.424999999999898, 36.724999999999788 ] ] ] } },
{ "type": "Feature", "properties": { "variability_nT": 185.5, "tier": "optimal", "score": 10.0 }, "geometry": { "type": "Polygon", "coordinates": [ [ [ 126.474999999999895, 36.724999999999788 ], [ 126.474999999999895, 36.774999999999785 ], [ 126.424999999999883, 36.774999999999785 ], [ 126.424999999999883, 36.724999999999788 ], [ 126.474999999999895, 36.724999999999788 ] ] ] } },
{ "type": "Feature", "properties": { "variability_nT": 185.1, "tier": "optimal", "score": 10.0 }, "geometry": { "type": "Polygon", "coordinates": [ [ [ 126.724999999999881, 36.724999999999788 ], [ 126.724999999999881, 36.774999999999785 ], [ 126.674999999999869, 36.774999999999785 ], [ 126.674999999999869, 36.724999999999788 ], [ 126.724999999999881, 36.724999999999788 ] ] ] } },
{ "type": "Feature", "properties": { "variability_nT": 192.6, "tier": "optimal", "score": 10.0 }, "geometry": { "type": "Polygon", "coordinates": [ [ [ 126.774999999999878, 36.724999999999788 ], [ 126.774999999999878, 36.774999999999785 ], [ 126.724999999999866, 36.774999999999785 ], [ 126.724999999999866, 36.724999999999788 ], [ 126.774999999999878, 36.724999999999788 ] ] ] } },
{ "type": "Feature", "properties": { "variability_nT": 217.7, "tier": "optimal", "score": 10.0 }, "geometry": { "type": "Polygon", "coordinates": [ [ [ 127.824999999999818, 36.724999999999788 ], [ 127.824999999999818, 36.774999999999785 ], [ 127.774999999999807, 36.774999999999785 ], [ 127.774999999999807, 36.724999999999788 ], [ 127.824999999999818, 36.724999999999788 ] ] ] } },
{ "type": "Feature", "properties": { "variability_nT": 251.5, "tier": "optimal", "score": 10.0 }, "geometry": { "type": "Polygon", "coordinates": [ [ [ 127.874999999999815, 36.724999999999788 ], [ 127.874999999999815, 36.774999999999785 ], [ 127.824999999999804, 36.774999999999785 ], [ 127.824999999999804, 36.724999999999788 ], [ 127.874999999999815, 36.724999999999788 ] ] ] } },
{ "type": "Feature", "properties": { "variability_nT": 167.0, "tier": "optimal", "score": 10.0 }, "geometry": { "type": "Polygon", "coordinates": [ [ [ 128.774999999999778, 36.724999999999788 ], [ 128.774999999999778, 36.774999999999785 ], [ 128.724999999999767, 36.774999999999785 ], [ 128.724999999999767, 36.724999999999788 ], [ 128.774999999999778, 36.724999999999788 ] ] ] } },
{ "type": "Feature", "properties": { "variability_nT": 171.8, "tier": "optimal", "score": 10.0 }, "geometry": { "type": "Polygon", "coordinates": [ [ [ 129.174999999999756, 36.724999999999788 ], [ 129.174999999999756, 36.774999999999785 ], [ 129.124999999999744, 36.774999999999785 ], [ 129.124999999999744, 36.724999999999788 ], [ 129.174999999999756, 36.724999999999788 ] ] ] } },
{ "type": "Feature", "properties": { "variability_nT": 165.1, "tier": "optimal", "score": 10.0 }, "geometry": { "type": "Polygon", "coordinates": [ [ [ 129.224999999999739, 36.724999999999788 ], [ 129.224999999999739, 36.774999999999785 ], [ 129.174999999999727, 36.774999999999785 ], [ 129.174999999999727, 36.724999999999788 ], [ 129.224999999999739, 36.724999999999788 ] ] ] } },
{ "type": "Feature", "properties": { "variability_nT": 181.1, "tier": "optimal", "score": 10.0 }, "geometry": { "type": "Polygon", "coordinates": [ [ [ 129.274999999999721, 36.724999999999788 ], [ 129.274999999999721, 36.774999999999785 ], [ 129.22499999999971, 36.774999999999785 ], [ 129.22499999999971, 36.724999999999788 ], [ 129.274999999999721, 36.724999999999788 ] ] ] } },
{ "type": "Feature", "properties": { "variability_nT": 181.7, "tier": "optimal", "score": 10.0 }, "geometry": { "type": "Polygon", "coordinates": [ [ [ 129.374999999999744, 36.724999999999788 ], [ 129.374999999999744, 36.774999999999785 ], [ 129.324999999999733, 36.774999999999785 ], [ 129.324999999999733, 36.724999999999788 ], [ 129.374999999999744, 36.724999999999788 ] ] ] } },
{ "type": "Feature", "properties": { "variability_nT": 172.4, "tier": "optimal", "score": 10.0 }, "geometry": { "type": "Polygon", "coordinates": [ [ [ 129.424999999999727, 36.724999999999788 ], [ 129.424999999999727, 36.774999999999785 ], [ 129.374999999999716, 36.774999999999785 ], [ 129.374999999999716, 36.724999999999788 ], [ 129.424999999999727, 36.724999999999788 ] ] ] } },
{ "type": "Feature", "properties": { "variability_nT": 226.4, "tier": "optimal", "score": 10.0 }, "geometry": { "type": "Polygon", "coordinates": [ [ [ 126.474999999999895, 36.774999999999785 ], [ 126.474999999999895, 36.824999999999783 ], [ 126.424999999999883, 36.824999999999783 ], [ 126.424999999999883, 36.774999999999785 ], [ 126.474999999999895, 36.774999999999785 ] ] ] } },
{ "type": "Feature", "properties": { "variability_nT": 218.4, "tier": "optimal", "score": 10.0 }, "geometry": { "type": "Polygon", "coordinates": [ [ [ 126.524999999999892, 36.774999999999785 ], [ 126.524999999999892, 36.824999999999783 ], [ 126.474999999999881, 36.824999999999783 ], [ 126.474999999999881, 36.774999999999785 ], [ 126.524999999999892, 36.774999999999785 ] ] ] } },
{ "type": "Feature", "properties": { "variability_nT": 209.4, "tier": "optimal", "score": 10.0 }, "geometry": { "type": "Polygon", "coordinates": [ [ [ 127.774999999999821, 36.774999999999785 ], [ 127.774999999999821, 36.824999999999783 ], [ 127.72499999999981, 36.824999999999783 ], [ 127.72499999999981, 36.774999999999785 ], [ 127.774999999999821, 36.774999999999785 ] ] ] } },
{ "type": "Feature", "properties": { "variability_nT": 369.1, "tier": "optimal", "score": 10.0 }, "geometry": { "type": "Polygon", "coordinates": [ [ [ 127.824999999999818, 36.774999999999785 ], [ 127.824999999999818, 36.824999999999783 ], [ 127.774999999999807, 36.824999999999783 ], [ 127.774999999999807, 36.774999999999785 ], [ 127.824999999999818, 36.774999999999785 ] ] ] } },
{ "type": "Feature", "properties": { "variability_nT": 176.4, "tier": "optimal", "score": 10.0 }, "geometry": { "type": "Polygon", "coordinates": [ [ [ 129.224999999999739, 36.774999999999785 ], [ 129.224999999999739, 36.824999999999783 ], [ 129.174999999999727, 36.824999999999783 ], [ 129.174999999999727, 36.774999999999785 ], [ 129.224999999999739, 36.774999999999785 ] ] ] } },
{ "type": "Feature", "properties": { "variability_nT": 160.7, "tier": "optimal", "score": 10.0 }, "geometry": { "type": "Polygon", "coordinates": [ [ [ 129.374999999999744, 36.774999999999785 ], [ 129.374999999999744, 36.824999999999783 ], [ 129.324999999999733, 36.824999999999783 ], [ 129.324999999999733, 36.774999999999785 ], [ 129.374999999999744, 36.774999999999785 ] ] ] } },
{ "type": "Feature", "properties": { "variability_nT": 173.3, "tier": "optimal", "score": 10.0 }, "geometry": { "type": "Polygon", "coordinates": [ [ [ 126.175, 36.824999999999783 ], [ 126.175, 36.87499999999978 ], [ 126.125, 36.87499999999978 ], [ 126.125, 36.824999999999783 ], [ 126.175, 36.824999999999783 ] ] ] } },
{ "type": "Feature", "properties": { "variability_nT": 191.6, "tier": "optimal", "score": 10.0 }, "geometry": { "type": "Polygon", "coordinates": [ [ [ 126.524999999999892, 36.824999999999783 ], [ 126.524999999999892, 36.87499999999978 ], [ 126.474999999999881, 36.87499999999978 ], [ 126.474999999999881, 36.824999999999783 ], [ 126.524999999999892, 36.824999999999783 ] ] ] } },
{ "type": "Feature", "properties": { "variability_nT": 162.2, "tier": "optimal", "score": 10.0 }, "geometry": { "type": "Polygon", "coordinates": [ [ [ 126.574999999999889, 36.824999999999783 ], [ 126.574999999999889, 36.87499999999978 ], [ 126.524999999999878, 36.87499999999978 ], [ 126.524999999999878, 36.824999999999783 ], [ 126.574999999999889, 36.824999999999783 ] ] ] } },
{ "type": "Feature", "properties": { "variability_nT": 164.9, "tier": "optimal", "score": 10.0 }, "geometry": { "type": "Polygon", "coordinates": [ [ [ 127.774999999999821, 36.824999999999783 ], [ 127.774999999999821, 36.87499999999978 ], [ 127.72499999999981, 36.87499999999978 ], [ 127.72499999999981, 36.824999999999783 ], [ 127.774999999999821, 36.824999999999783 ] ] ] } },
{ "type": "Feature", "properties": { "variability_nT": 316.1, "tier": "optimal", "score": 10.0 }, "geometry": { "type": "Polygon", "coordinates": [ [ [ 127.824999999999818, 36.824999999999783 ], [ 127.824999999999818, 36.87499999999978 ], [ 127.774999999999807, 36.87499999999978 ], [ 127.774999999999807, 36.824999999999783 ], [ 127.824999999999818, 36.824999999999783 ] ] ] } },
{ "type": "Feature", "properties": { "variability_nT": 159.6, "tier": "optimal", "score": 10.0 }, "geometry": { "type": "Polygon", "coordinates": [ [ [ 126.125, 36.87499999999978 ], [ 126.125, 36.924999999999777 ], [ 126.075, 36.924999999999777 ], [ 126.075, 36.87499999999978 ], [ 126.125, 36.87499999999978 ] ] ] } },
{ "type": "Feature", "properties": { "variability_nT": 168.4, "tier": "optimal", "score": 10.0 }, "geometry": { "type": "Polygon", "coordinates": [ [ [ 126.824999999999875, 36.87499999999978 ], [ 126.824999999999875, 36.924999999999777 ], [ 126.774999999999864, 36.924999999999777 ], [ 126.774999999999864, 36.87499999999978 ], [ 126.824999999999875, 36.87499999999978 ] ] ] } },
{ "type": "Feature", "properties": { "variability_nT": 189.3, "tier": "optimal", "score": 10.0 }, "geometry": { "type": "Polygon", "coordinates": [ [ [ 127.774999999999821, 36.87499999999978 ], [ 127.774999999999821, 36.924999999999777 ], [ 127.72499999999981, 36.924999999999777 ], [ 127.72499999999981, 36.87499999999978 ], [ 127.774999999999821, 36.87499999999978 ] ] ] } },
{ "type": "Feature", "properties": { "variability_nT": 306.8, "tier": "optimal", "score": 10.0 }, "geometry": { "type": "Polygon", "coordinates": [ [ [ 127.824999999999818, 36.87499999999978 ], [ 127.824999999999818, 36.924999999999777 ], [ 127.774999999999807, 36.924999999999777 ], [ 127.774999999999807, 36.87499999999978 ], [ 127.824999999999818, 36.87499999999978 ] ] ] } },
{ "type": "Feature", "properties": { "variability_nT": 159.8, "tier": "optimal", "score": 10.0 }, "geometry": { "type": "Polygon", "coordinates": [ [ [ 129.374999999999744, 36.87499999999978 ], [ 129.374999999999744, 36.924999999999777 ], [ 129.324999999999733, 36.924999999999777 ], [ 129.324999999999733, 36.87499999999978 ], [ 129.374999999999744, 36.87499999999978 ] ] ] } },
{ "type": "Feature", "properties": { "variability_nT": 179.9, "tier": "optimal", "score": 10.0 }, "geometry": { "type": "Polygon", "coordinates": [ [ [ 129.424999999999727, 36.87499999999978 ], [ 129.424999999999727, 36.924999999999777 ], [ 129.374999999999716, 36.924999999999777 ], [ 129.374999999999716, 36.87499999999978 ], [ 129.424999999999727, 36.87499999999978 ] ] ] } },
{ "type": "Feature", "properties": { "variability_nT": 161.4, "tier": "optimal", "score": 10.0 }, "geometry": { "type": "Polygon", "coordinates": [ [ [ 126.025, 36.924999999999777 ], [ 126.025, 36.974999999999774 ], [ 125.975, 36.974999999999774 ], [ 125.975, 36.924999999999777 ], [ 126.025, 36.924999999999777 ] ] ] } },
{ "type": "Feature", "properties": { "variability_nT": 157.2, "tier": "optimal", "score": 10.0 }, "geometry": { "type": "Polygon", "coordinates": [ [ [ 126.824999999999875, 36.924999999999777 ], [ 126.824999999999875, 36.974999999999774 ], [ 126.774999999999864, 36.974999999999774 ], [ 126.774999999999864, 36.924999999999777 ], [ 126.824999999999875, 36.924999999999777 ] ] ] } },
{ "type": "Feature", "properties": { "variability_nT": 183.0, "tier": "optimal", "score": 10.0 }, "geometry": { "type": "Polygon", "coordinates": [ [ [ 126.874999999999872, 36.924999999999777 ], [ 126.874999999999872, 36.974999999999774 ], [ 126.824999999999861, 36.974999999999774 ], [ 126.824999999999861, 36.924999999999777 ], [ 126.874999999999872, 36.924999999999777 ] ] ] } },
{ "type": "Feature", "properties": { "variability_nT": 224.5, "tier": "optimal", "score": 10.0 }, "geometry": { "type": "Polygon", "coordinates": [ [ [ 127.774999999999821, 36.924999999999777 ], [ 127.774999999999821, 36.974999999999774 ], [ 127.72499999999981, 36.974999999999774 ], [ 127.72499999999981, 36.924999999999777 ], [ 127.774999999999821, 36.924999999999777 ] ] ] } },
{ "type": "Feature", "properties": { "variability_nT": 271.9, "tier": "optimal", "score": 10.0 }, "geometry": { "type": "Polygon", "coordinates": [ [ [ 128.07499999999979, 36.924999999999777 ], [ 128.07499999999979, 36.974999999999774 ], [ 128.024999999999778, 36.974999999999774 ], [ 128.024999999999778, 36.924999999999777 ], [ 128.07499999999979, 36.924999999999777 ] ] ] } },
{ "type": "Feature", "properties": { "variability_nT": 158.9, "tier": "optimal", "score": 10.0 }, "geometry": { "type": "Polygon", "coordinates": [ [ [ 128.124999999999801, 36.924999999999777 ], [ 128.124999999999801, 36.974999999999774 ], [ 128.07499999999979, 36.974999999999774 ], [ 128.07499999999979, 36.924999999999777 ], [ 128.124999999999801, 36.924999999999777 ] ] ] } },
{ "type": "Feature", "properties": { "variability_nT": 259.2, "tier": "optimal", "score": 10.0 }, "geometry": { "type": "Polygon", "coordinates": [ [ [ 129.324999999999733, 36.924999999999777 ], [ 129.324999999999733, 36.974999999999774 ], [ 129.274999999999721, 36.974999999999774 ], [ 129.274999999999721, 36.924999999999777 ], [ 129.324999999999733, 36.924999999999777 ] ] ] } },
{ "type": "Feature", "properties": { "variability_nT": 248.4, "tier": "optimal", "score": 10.0 }, "geometry": { "type": "Polygon", "coordinates": [ [ [ 129.374999999999744, 36.924999999999777 ], [ 129.374999999999744, 36.974999999999774 ], [ 129.324999999999733, 36.974999999999774 ], [ 129.324999999999733, 36.924999999999777 ], [ 129.374999999999744, 36.924999999999777 ] ] ] } },
{ "type": "Feature", "properties": { "variability_nT": 238.4, "tier": "optimal", "score": 10.0 }, "geometry": { "type": "Polygon", "coordinates": [ [ [ 129.424999999999727, 36.924999999999777 ], [ 129.424999999999727, 36.974999999999774 ], [ 129.374999999999716, 36.974999999999774 ], [ 129.374999999999716, 36.924999999999777 ], [ 129.424999999999727, 36.924999999999777 ] ] ] } },
{ "type": "Feature", "properties": { "variability_nT": 309.5, "tier": "optimal", "score": 10.0 }, "geometry": { "type": "Polygon", "coordinates": [ [ [ 125.975, 36.974999999999774 ], [ 125.975, 37.024999999999771 ], [ 125.925, 37.024999999999771 ], [ 125.925, 36.974999999999774 ], [ 125.975, 36.974999999999774 ] ] ] } },
{ "type": "Feature", "properties": { "variability_nT": 267.9, "tier": "optimal", "score": 10.0 }, "geometry": { "type": "Polygon", "coordinates": [ [ [ 126.025, 36.974999999999774 ], [ 126.025, 37.024999999999771 ], [ 125.975, 37.024999999999771 ], [ 125.975, 36.974999999999774 ], [ 126.025, 36.974999999999774 ] ] ] } },
{ "type": "Feature", "properties": { "variability_nT": 154.4, "tier": "optimal", "score": 10.0 }, "geometry": { "type": "Polygon", "coordinates": [ [ [ 126.175, 36.974999999999774 ], [ 126.175, 37.024999999999771 ], [ 126.125, 37.024999999999771 ], [ 126.125, 36.974999999999774 ], [ 126.175, 36.974999999999774 ] ] ] } },
{ "type": "Feature", "properties": { "variability_nT": 167.8, "tier": "optimal", "score": 10.0 }, "geometry": { "type": "Polygon", "coordinates": [ [ [ 127.024999999999864, 36.974999999999774 ], [ 127.024999999999864, 37.024999999999771 ], [ 126.974999999999852, 37.024999999999771 ], [ 126.974999999999852, 36.974999999999774 ], [ 127.024999999999864, 36.974999999999774 ] ] ] } },
{ "type": "Feature", "properties": { "variability_nT": 225.6, "tier": "optimal", "score": 10.0 }, "geometry": { "type": "Polygon", "coordinates": [ [ [ 127.074999999999861, 36.974999999999774 ], [ 127.074999999999861, 37.024999999999771 ], [ 127.024999999999849, 37.024999999999771 ], [ 127.024999999999849, 36.974999999999774 ], [ 127.074999999999861, 36.974999999999774 ] ] ] } },
{ "type": "Feature", "properties": { "variability_nT": 178.5, "tier": "optimal", "score": 10.0 }, "geometry": { "type": "Polygon", "coordinates": [ [ [ 127.124999999999858, 36.974999999999774 ], [ 127.124999999999858, 37.024999999999771 ], [ 127.074999999999847, 37.024999999999771 ], [ 127.074999999999847, 36.974999999999774 ], [ 127.124999999999858, 36.974999999999774 ] ] ] } },
{ "type": "Feature", "properties": { "variability_nT": 260.6, "tier": "optimal", "score": 10.0 }, "geometry": { "type": "Polygon", "coordinates": [ [ [ 127.824999999999818, 36.974999999999774 ], [ 127.824999999999818, 37.024999999999771 ], [ 127.774999999999807, 37.024999999999771 ], [ 127.774999999999807, 36.974999999999774 ], [ 127.824999999999818, 36.974999999999774 ] ] ] } },
{ "type": "Feature", "properties": { "variability_nT": 228.7, "tier": "optimal", "score": 10.0 }, "geometry": { "type": "Polygon", "coordinates": [ [ [ 128.124999999999801, 36.974999999999774 ], [ 128.124999999999801, 37.024999999999771 ], [ 128.07499999999979, 37.024999999999771 ], [ 128.07499999999979, 36.974999999999774 ], [ 128.124999999999801, 36.974999999999774 ] ] ] } },
{ "type": "Feature", "properties": { "variability_nT": 161.2, "tier": "optimal", "score": 10.0 }, "geometry": { "type": "Polygon", "coordinates": [ [ [ 128.174999999999812, 36.974999999999774 ], [ 128.174999999999812, 37.024999999999771 ], [ 128.124999999999801, 37.024999999999771 ], [ 128.124999999999801, 36.974999999999774 ], [ 128.174999999999812, 36.974999999999774 ] ] ] } },
{ "type": "Feature", "properties": { "variability_nT": 164.7, "tier": "optimal", "score": 10.0 }, "geometry": { "type": "Polygon", "coordinates": [ [ [ 129.02499999999975, 36.974999999999774 ], [ 129.02499999999975, 37.024999999999771 ], [ 128.974999999999739, 37.024999999999771 ], [ 128.974999999999739, 36.974999999999774 ], [ 129.02499999999975, 36.974999999999774 ] ] ] } },
{ "type": "Feature", "properties": { "variability_nT": 175.1, "tier": "optimal", "score": 10.0 }, "geometry": { "type": "Polygon", "coordinates": [ [ [ 129.074999999999733, 36.974999999999774 ], [ 129.074999999999733, 37.024999999999771 ], [ 129.024999999999721, 37.024999999999771 ], [ 129.024999999999721, 36.974999999999774 ], [ 129.074999999999733, 36.974999999999774 ] ] ] } },
{ "type": "Feature", "properties": { "variability_nT": 207.1, "tier": "optimal", "score": 10.0 }, "geometry": { "type": "Polygon", "coordinates": [ [ [ 129.324999999999733, 36.974999999999774 ], [ 129.324999999999733, 37.024999999999771 ], [ 129.274999999999721, 37.024999999999771 ], [ 129.274999999999721, 36.974999999999774 ], [ 129.324999999999733, 36.974999999999774 ] ] ] } },
{ "type": "Feature", "properties": { "variability_nT": 288.6, "tier": "optimal", "score": 10.0 }, "geometry": { "type": "Polygon", "coordinates": [ [ [ 129.374999999999744, 36.974999999999774 ], [ 129.374999999999744, 37.024999999999771 ], [ 129.324999999999733, 37.024999999999771 ], [ 129.324999999999733, 36.974999999999774 ], [ 129.374999999999744, 36.974999999999774 ] ] ] } },
{ "type": "Feature", "properties": { "variability_nT": 248.4, "tier": "optimal", "score": 10.0 }, "geometry": { "type": "Polygon", "coordinates": [ [ [ 129.424999999999727, 36.974999999999774 ], [ 129.424999999999727, 37.024999999999771 ], [ 129.374999999999716, 37.024999999999771 ], [ 129.374999999999716, 36.974999999999774 ], [ 129.424999999999727, 36.974999999999774 ] ] ] } },
{ "type": "Feature", "properties": { "variability_nT": 219.2, "tier": "optimal", "score": 10.0 }, "geometry": { "type": "Polygon", "coordinates": [ [ [ 125.925, 37.024999999999771 ], [ 125.925, 37.074999999999768 ], [ 125.875, 37.074999999999768 ], [ 125.875, 37.024999999999771 ], [ 125.925, 37.024999999999771 ] ] ] } },
{ "type": "Feature", "properties": { "variability_nT": 395.9, "tier": "optimal", "score": 10.0 }, "geometry": { "type": "Polygon", "coordinates": [ [ [ 125.975, 37.024999999999771 ], [ 125.975, 37.074999999999768 ], [ 125.925, 37.074999999999768 ], [ 125.925, 37.024999999999771 ], [ 125.975, 37.024999999999771 ] ] ] } },
{ "type": "Feature", "properties": { "variability_nT": 271.1, "tier": "optimal", "score": 10.0 }, "geometry": { "type": "Polygon", "coordinates": [ [ [ 126.025, 37.024999999999771 ], [ 126.025, 37.074999999999768 ], [ 125.975, 37.074999999999768 ], [ 125.975, 37.024999999999771 ], [ 126.025, 37.024999999999771 ] ] ] } },
{ "type": "Feature", "properties": { "variability_nT": 153.8, "tier": "optimal", "score": 10.0 }, "geometry": { "type": "Polygon", "coordinates": [ [ [ 126.225, 37.024999999999771 ], [ 126.225, 37.074999999999768 ], [ 126.174999999999898, 37.074999999999768 ], [ 126.174999999999898, 37.024999999999771 ], [ 126.225, 37.024999999999771 ] ] ] } },
{ "type": "Feature", "properties": { "variability_nT": 197.8, "tier": "optimal", "score": 10.0 }, "geometry": { "type": "Polygon", "coordinates": [ [ [ 126.375, 37.024999999999771 ], [ 126.375, 37.074999999999768 ], [ 126.324999999999889, 37.074999999999768 ], [ 126.324999999999889, 37.024999999999771 ], [ 126.375, 37.024999999999771 ] ] ] } },
{ "type": "Feature", "properties": { "variability_nT": 176.8, "tier": "optimal", "score": 10.0 }, "geometry": { "type": "Polygon", "coordinates": [ [ [ 126.424999999999898, 37.024999999999771 ], [ 126.424999999999898, 37.074999999999768 ], [ 126.374999999999886, 37.074999999999768 ], [ 126.374999999999886, 37.024999999999771 ], [ 126.424999999999898, 37.024999999999771 ] ] ] } },
{ "type": "Feature", "properties": { "variability_nT": 160.1, "tier": "optimal", "score": 10.0 }, "geometry": { "type": "Polygon", "coordinates": [ [ [ 127.874999999999815, 37.024999999999771 ], [ 127.874999999999815, 37.074999999999768 ], [ 127.824999999999804, 37.074999999999768 ], [ 127.824999999999804, 37.024999999999771 ], [ 127.874999999999815, 37.024999999999771 ] ] ] } },
{ "type": "Feature", "properties": { "variability_nT": 238.2, "tier": "optimal", "score": 10.0 }, "geometry": { "type": "Polygon", "coordinates": [ [ [ 127.97499999999981, 37.024999999999771 ], [ 127.97499999999981, 37.074999999999768 ], [ 127.924999999999798, 37.074999999999768 ], [ 127.924999999999798, 37.024999999999771 ], [ 127.97499999999981, 37.024999999999771 ] ] ] } },
{ "type": "Feature", "properties": { "variability_nT": 274.2, "tier": "optimal", "score": 10.0 }, "geometry": { "type": "Polygon", "coordinates": [ [ [ 128.124999999999801, 37.024999999999771 ], [ 128.124999999999801, 37.074999999999768 ], [ 128.07499999999979, 37.074999999999768 ], [ 128.07499999999979, 37.024999999999771 ], [ 128.124999999999801, 37.024999999999771 ] ] ] } },
{ "type": "Feature", "properties": { "variability_nT": 169.4, "tier": "optimal", "score": 10.0 }, "geometry": { "type": "Polygon", "coordinates": [ [ [ 128.174999999999812, 37.024999999999771 ], [ 128.174999999999812, 37.074999999999768 ], [ 128.124999999999801, 37.074999999999768 ], [ 128.124999999999801, 37.024999999999771 ], [ 128.174999999999812, 37.024999999999771 ] ] ] } },
{ "type": "Feature", "properties": { "variability_nT": 226.8, "tier": "optimal", "score": 10.0 }, "geometry": { "type": "Polygon", "coordinates": [ [ [ 128.924999999999756, 37.024999999999771 ], [ 128.924999999999756, 37.074999999999768 ], [ 128.874999999999744, 37.074999999999768 ], [ 128.874999999999744, 37.024999999999771 ], [ 128.924999999999756, 37.024999999999771 ] ] ] } },
{ "type": "Feature", "properties": { "variability_nT": 241.1, "tier": "optimal", "score": 10.0 }, "geometry": { "type": "Polygon", "coordinates": [ [ [ 128.974999999999767, 37.024999999999771 ], [ 128.974999999999767, 37.074999999999768 ], [ 128.924999999999756, 37.074999999999768 ], [ 128.924999999999756, 37.024999999999771 ], [ 128.974999999999767, 37.024999999999771 ] ] ] } },
{ "type": "Feature", "properties": { "variability_nT": 188.0, "tier": "optimal", "score": 10.0 }, "geometry": { "type": "Polygon", "coordinates": [ [ [ 129.02499999999975, 37.024999999999771 ], [ 129.02499999999975, 37.074999999999768 ], [ 128.974999999999739, 37.074999999999768 ], [ 128.974999999999739, 37.024999999999771 ], [ 129.02499999999975, 37.024999999999771 ] ] ] } },
{ "type": "Feature", "properties": { "variability_nT": 195.9, "tier": "optimal", "score": 10.0 }, "geometry": { "type": "Polygon", "coordinates": [ [ [ 129.074999999999733, 37.024999999999771 ], [ 129.074999999999733, 37.074999999999768 ], [ 129.024999999999721, 37.074999999999768 ], [ 129.024999999999721, 37.024999999999771 ], [ 129.074999999999733, 37.024999999999771 ] ] ] } },
{ "type": "Feature", "properties": { "variability_nT": 227.0, "tier": "optimal", "score": 10.0 }, "geometry": { "type": "Polygon", "coordinates": [ [ [ 125.925, 37.074999999999768 ], [ 125.925, 37.124999999999766 ], [ 125.875, 37.124999999999766 ], [ 125.875, 37.074999999999768 ], [ 125.925, 37.074999999999768 ] ] ] } },
{ "type": "Feature", "properties": { "variability_nT": 235.6, "tier": "optimal", "score": 10.0 }, "geometry": { "type": "Polygon", "coordinates": [ [ [ 125.975, 37.074999999999768 ], [ 125.975, 37.124999999999766 ], [ 125.925, 37.124999999999766 ], [ 125.925, 37.074999999999768 ], [ 125.975, 37.074999999999768 ] ] ] } },
{ "type": "Feature", "properties": { "variability_nT": 235.9, "tier": "optimal", "score": 10.0 }, "geometry": { "type": "Polygon", "coordinates": [ [ [ 126.275, 37.074999999999768 ], [ 126.275, 37.124999999999766 ], [ 126.224999999999895, 37.124999999999766 ], [ 126.224999999999895, 37.074999999999768 ], [ 126.275, 37.074999999999768 ] ] ] } },
{ "type": "Feature", "properties": { "variability_nT": 197.6, "tier": "optimal", "score": 10.0 }, "geometry": { "type": "Polygon", "coordinates": [ [ [ 126.325, 37.074999999999768 ], [ 126.325, 37.124999999999766 ], [ 126.274999999999892, 37.124999999999766 ], [ 126.274999999999892, 37.074999999999768 ], [ 126.325, 37.074999999999768 ] ] ] } },
{ "type": "Feature", "properties": { "variability_nT": 151.8, "tier": "optimal", "score": 10.0 }, "geometry": { "type": "Polygon", "coordinates": [ [ [ 126.375, 37.074999999999768 ], [ 126.375, 37.124999999999766 ], [ 126.324999999999889, 37.124999999999766 ], [ 126.324999999999889, 37.074999999999768 ], [ 126.375, 37.074999999999768 ] ] ] } },
{ "type": "Feature", "properties": { "variability_nT": 165.7, "tier": "optimal", "score": 10.0 }, "geometry": { "type": "Polygon", "coordinates": [ [ [ 126.424999999999898, 37.074999999999768 ], [ 126.424999999999898, 37.124999999999766 ], [ 126.374999999999886, 37.124999999999766 ], [ 126.374999999999886, 37.074999999999768 ], [ 126.424999999999898, 37.074999999999768 ] ] ] } },
{ "type": "Feature", "properties": { "variability_nT": 172.7, "tier": "optimal", "score": 10.0 }, "geometry": { "type": "Polygon", "coordinates": [ [ [ 127.924999999999812, 37.074999999999768 ], [ 127.924999999999812, 37.124999999999766 ], [ 127.874999999999801, 37.124999999999766 ], [ 127.874999999999801, 37.074999999999768 ], [ 127.924999999999812, 37.074999999999768 ] ] ] } },
{ "type": "Feature", "properties": { "variability_nT": 268.1, "tier": "optimal", "score": 10.0 }, "geometry": { "type": "Polygon", "coordinates": [ [ [ 127.97499999999981, 37.074999999999768 ], [ 127.97499999999981, 37.124999999999766 ], [ 127.924999999999798, 37.124999999999766 ], [ 127.924999999999798, 37.074999999999768 ], [ 127.97499999999981, 37.074999999999768 ] ] ] } },
{ "type": "Feature", "properties": { "variability_nT": 385.1, "tier": "optimal", "score": 10.0 }, "geometry": { "type": "Polygon", "coordinates": [ [ [ 128.024999999999807, 37.074999999999768 ], [ 128.024999999999807, 37.124999999999766 ], [ 127.974999999999795, 37.124999999999766 ], [ 127.974999999999795, 37.074999999999768 ], [ 128.024999999999807, 37.074999999999768 ] ] ] } },
{ "type": "Feature", "properties": { "variability_nT": 277.8, "tier": "optimal", "score": 10.0 }, "geometry": { "type": "Polygon", "coordinates": [ [ [ 128.07499999999979, 37.074999999999768 ], [ 128.07499999999979, 37.124999999999766 ], [ 128.024999999999778, 37.124999999999766 ], [ 128.024999999999778, 37.074999999999768 ], [ 128.07499999999979, 37.074999999999768 ] ] ] } },
{ "type": "Feature", "properties": { "variability_nT": 154.6, "tier": "optimal", "score": 10.0 }, "geometry": { "type": "Polygon", "coordinates": [ [ [ 128.124999999999801, 37.074999999999768 ], [ 128.124999999999801, 37.124999999999766 ], [ 128.07499999999979, 37.124999999999766 ], [ 128.07499999999979, 37.074999999999768 ], [ 128.124999999999801, 37.074999999999768 ] ] ] } },
{ "type": "Feature", "properties": { "variability_nT": 301.6, "tier": "optimal", "score": 10.0 }, "geometry": { "type": "Polygon", "coordinates": [ [ [ 128.924999999999756, 37.074999999999768 ], [ 128.924999999999756, 37.124999999999766 ], [ 128.874999999999744, 37.124999999999766 ], [ 128.874999999999744, 37.074999999999768 ], [ 128.924999999999756, 37.074999999999768 ] ] ] } },
{ "type": "Feature", "properties": { "variability_nT": 297.4, "tier": "optimal", "score": 10.0 }, "geometry": { "type": "Polygon", "coordinates": [ [ [ 128.974999999999767, 37.074999999999768 ], [ 128.974999999999767, 37.124999999999766 ], [ 128.924999999999756, 37.124999999999766 ], [ 128.924999999999756, 37.074999999999768 ], [ 128.974999999999767, 37.074999999999768 ] ] ] } },
{ "type": "Feature", "properties": { "variability_nT": 177.5, "tier": "optimal", "score": 10.0 }, "geometry": { "type": "Polygon", "coordinates": [ [ [ 129.274999999999721, 37.074999999999768 ], [ 129.274999999999721, 37.124999999999766 ], [ 129.22499999999971, 37.124999999999766 ], [ 129.22499999999971, 37.074999999999768 ], [ 129.274999999999721, 37.074999999999768 ] ] ] } },
{ "type": "Feature", "properties": { "variability_nT": 188.5, "tier": "optimal", "score": 10.0 }, "geometry": { "type": "Polygon", "coordinates": [ [ [ 129.324999999999733, 37.074999999999768 ], [ 129.324999999999733, 37.124999999999766 ], [ 129.274999999999721, 37.124999999999766 ], [ 129.274999999999721, 37.074999999999768 ], [ 129.324999999999733, 37.074999999999768 ] ] ] } },
{ "type": "Feature", "properties": { "variability_nT": 171.4, "tier": "optimal", "score": 10.0 }, "geometry": { "type": "Polygon", "coordinates": [ [ [ 125.925, 37.124999999999766 ], [ 125.925, 37.174999999999763 ], [ 125.875, 37.174999999999763 ], [ 125.875, 37.124999999999766 ], [ 125.925, 37.124999999999766 ] ] ] } },
{ "type": "Feature", "properties": { "variability_nT": 179.8, "tier": "optimal", "score": 10.0 }, "geometry": { "type": "Polygon", "coordinates": [ [ [ 125.975, 37.124999999999766 ], [ 125.975, 37.174999999999763 ], [ 125.925, 37.174999999999763 ], [ 125.925, 37.124999999999766 ], [ 125.975, 37.124999999999766 ] ] ] } },
{ "type": "Feature", "properties": { "variability_nT": 218.7, "tier": "optimal", "score": 10.0 }, "geometry": { "type": "Polygon", "coordinates": [ [ [ 126.275, 37.124999999999766 ], [ 126.275, 37.174999999999763 ], [ 126.224999999999895, 37.174999999999763 ], [ 126.224999999999895, 37.124999999999766 ], [ 126.275, 37.124999999999766 ] ] ] } },
{ "type": "Feature", "properties": { "variability_nT": 240.6, "tier": "optimal", "score": 10.0 }, "geometry": { "type": "Polygon", "coordinates": [ [ [ 126.325, 37.124999999999766 ], [ 126.325, 37.174999999999763 ], [ 126.274999999999892, 37.174999999999763 ], [ 126.274999999999892, 37.124999999999766 ], [ 126.325, 37.124999999999766 ] ] ] } },
{ "type": "Feature", "properties": { "variability_nT": 273.4, "tier": "optimal", "score": 10.0 }, "geometry": { "type": "Polygon", "coordinates": [ [ [ 126.375, 37.124999999999766 ], [ 126.375, 37.174999999999763 ], [ 126.324999999999889, 37.174999999999763 ], [ 126.324999999999889, 37.124999999999766 ], [ 126.375, 37.124999999999766 ] ] ] } },
{ "type": "Feature", "properties": { "variability_nT": 205.0, "tier": "optimal", "score": 10.0 }, "geometry": { "type": "Polygon", "coordinates": [ [ [ 126.424999999999898, 37.124999999999766 ], [ 126.424999999999898, 37.174999999999763 ], [ 126.374999999999886, 37.174999999999763 ], [ 126.374999999999886, 37.124999999999766 ], [ 126.424999999999898, 37.124999999999766 ] ] ] } },
{ "type": "Feature", "properties": { "variability_nT": 240.4, "tier": "optimal", "score": 10.0 }, "geometry": { "type": "Polygon", "coordinates": [ [ [ 127.924999999999812, 37.124999999999766 ], [ 127.924999999999812, 37.174999999999763 ], [ 127.874999999999801, 37.174999999999763 ], [ 127.874999999999801, 37.124999999999766 ], [ 127.924999999999812, 37.124999999999766 ] ] ] } },
{ "type": "Feature", "properties": { "variability_nT": 260.6, "tier": "optimal", "score": 10.0 }, "geometry": { "type": "Polygon", "coordinates": [ [ [ 127.97499999999981, 37.124999999999766 ], [ 127.97499999999981, 37.174999999999763 ], [ 127.924999999999798, 37.174999999999763 ], [ 127.924999999999798, 37.124999999999766 ], [ 127.97499999999981, 37.124999999999766 ] ] ] } },
{ "type": "Feature", "properties": { "variability_nT": 369.2, "tier": "optimal", "score": 10.0 }, "geometry": { "type": "Polygon", "coordinates": [ [ [ 128.024999999999807, 37.124999999999766 ], [ 128.024999999999807, 37.174999999999763 ], [ 127.974999999999795, 37.174999999999763 ], [ 127.974999999999795, 37.124999999999766 ], [ 128.024999999999807, 37.124999999999766 ] ] ] } },
{ "type": "Feature", "properties": { "variability_nT": 254.2, "tier": "optimal", "score": 10.0 }, "geometry": { "type": "Polygon", "coordinates": [ [ [ 128.07499999999979, 37.124999999999766 ], [ 128.07499999999979, 37.174999999999763 ], [ 128.024999999999778, 37.174999999999763 ], [ 128.024999999999778, 37.124999999999766 ], [ 128.07499999999979, 37.124999999999766 ] ] ] } },
{ "type": "Feature", "properties": { "variability_nT": 192.8, "tier": "optimal", "score": 10.0 }, "geometry": { "type": "Polygon", "coordinates": [ [ [ 128.924999999999756, 37.124999999999766 ], [ 128.924999999999756, 37.174999999999763 ], [ 128.874999999999744, 37.174999999999763 ], [ 128.874999999999744, 37.124999999999766 ], [ 128.924999999999756, 37.124999999999766 ] ] ] } },
{ "type": "Feature", "properties": { "variability_nT": 164.6, "tier": "optimal", "score": 10.0 }, "geometry": { "type": "Polygon", "coordinates": [ [ [ 128.974999999999767, 37.124999999999766 ], [ 128.974999999999767, 37.174999999999763 ], [ 128.924999999999756, 37.174999999999763 ], [ 128.924999999999756, 37.124999999999766 ], [ 128.974999999999767, 37.124999999999766 ] ] ] } },
{ "type": "Feature", "properties": { "variability_nT": 173.5, "tier": "optimal", "score": 10.0 }, "geometry": { "type": "Polygon", "coordinates": [ [ [ 125.975, 37.174999999999763 ], [ 125.975, 37.22499999999976 ], [ 125.925, 37.22499999999976 ], [ 125.925, 37.174999999999763 ], [ 125.975, 37.174999999999763 ] ] ] } },
{ "type": "Feature", "properties": { "variability_nT": 155.3, "tier": "optimal", "score": 10.0 }, "geometry": { "type": "Polygon", "coordinates": [ [ [ 126.025, 37.174999999999763 ], [ 126.025, 37.22499999999976 ], [ 125.975, 37.22499999999976 ], [ 125.975, 37.174999999999763 ], [ 126.025, 37.174999999999763 ] ] ] } },
{ "type": "Feature", "properties": { "variability_nT": 192.0, "tier": "optimal", "score": 10.0 }, "geometry": { "type": "Polygon", "coordinates": [ [ [ 126.275, 37.174999999999763 ], [ 126.275, 37.22499999999976 ], [ 126.224999999999895, 37.22499999999976 ], [ 126.224999999999895, 37.174999999999763 ], [ 126.275, 37.174999999999763 ] ] ] } },
{ "type": "Feature", "properties": { "variability_nT": 230.2, "tier": "optimal", "score": 10.0 }, "geometry": { "type": "Polygon", "coordinates": [ [ [ 126.325, 37.174999999999763 ], [ 126.325, 37.22499999999976 ], [ 126.274999999999892, 37.22499999999976 ], [ 126.274999999999892, 37.174999999999763 ], [ 126.325, 37.174999999999763 ] ] ] } },
{ "type": "Feature", "properties": { "variability_nT": 232.8, "tier": "optimal", "score": 10.0 }, "geometry": { "type": "Polygon", "coordinates": [ [ [ 126.375, 37.174999999999763 ], [ 126.375, 37.22499999999976 ], [ 126.324999999999889, 37.22499999999976 ], [ 126.324999999999889, 37.174999999999763 ], [ 126.375, 37.174999999999763 ] ] ] } },
{ "type": "Feature", "properties": { "variability_nT": 205.3, "tier": "optimal", "score": 10.0 }, "geometry": { "type": "Polygon", "coordinates": [ [ [ 126.424999999999898, 37.174999999999763 ], [ 126.424999999999898, 37.22499999999976 ], [ 126.374999999999886, 37.22499999999976 ], [ 126.374999999999886, 37.174999999999763 ], [ 126.424999999999898, 37.174999999999763 ] ] ] } },
{ "type": "Feature", "properties": { "variability_nT": 166.4, "tier": "optimal", "score": 10.0 }, "geometry": { "type": "Polygon", "coordinates": [ [ [ 127.024999999999864, 37.174999999999763 ], [ 127.024999999999864, 37.22499999999976 ], [ 126.974999999999852, 37.22499999999976 ], [ 126.974999999999852, 37.174999999999763 ], [ 127.024999999999864, 37.174999999999763 ] ] ] } },
{ "type": "Feature", "properties": { "variability_nT": 177.4, "tier": "optimal", "score": 10.0 }, "geometry": { "type": "Polygon", "coordinates": [ [ [ 127.074999999999861, 37.174999999999763 ], [ 127.074999999999861, 37.22499999999976 ], [ 127.024999999999849, 37.22499999999976 ], [ 127.024999999999849, 37.174999999999763 ], [ 127.074999999999861, 37.174999999999763 ] ] ] } },
{ "type": "Feature", "properties": { "variability_nT": 164.2, "tier": "optimal", "score": 10.0 }, "geometry": { "type": "Polygon", "coordinates": [ [ [ 127.97499999999981, 37.174999999999763 ], [ 127.97499999999981, 37.22499999999976 ], [ 127.924999999999798, 37.22499999999976 ], [ 127.924999999999798, 37.174999999999763 ], [ 127.97499999999981, 37.174999999999763 ] ] ] } },
{ "type": "Feature", "properties": { "variability_nT": 207.3, "tier": "optimal", "score": 10.0 }, "geometry": { "type": "Polygon", "coordinates": [ [ [ 126.275, 37.22499999999976 ], [ 126.275, 37.274999999999757 ], [ 126.224999999999895, 37.274999999999757 ], [ 126.224999999999895, 37.22499999999976 ], [ 126.275, 37.22499999999976 ] ] ] } },
{ "type": "Feature", "properties": { "variability_nT": 236.0, "tier": "optimal", "score": 10.0 }, "geometry": { "type": "Polygon", "coordinates": [ [ [ 126.325, 37.22499999999976 ], [ 126.325, 37.274999999999757 ], [ 126.274999999999892, 37.274999999999757 ], [ 126.274999999999892, 37.22499999999976 ], [ 126.325, 37.22499999999976 ] ] ] } },
{ "type": "Feature", "properties": { "variability_nT": 190.2, "tier": "optimal", "score": 10.0 }, "geometry": { "type": "Polygon", "coordinates": [ [ [ 126.375, 37.22499999999976 ], [ 126.375, 37.274999999999757 ], [ 126.324999999999889, 37.274999999999757 ], [ 126.324999999999889, 37.22499999999976 ], [ 126.375, 37.22499999999976 ] ] ] } },
{ "type": "Feature", "properties": { "variability_nT": 215.5, "tier": "optimal", "score": 10.0 }, "geometry": { "type": "Polygon", "coordinates": [ [ [ 126.424999999999898, 37.22499999999976 ], [ 126.424999999999898, 37.274999999999757 ], [ 126.374999999999886, 37.274999999999757 ], [ 126.374999999999886, 37.22499999999976 ], [ 126.424999999999898, 37.22499999999976 ] ] ] } },
{ "type": "Feature", "properties": { "variability_nT": 206.0, "tier": "optimal", "score": 10.0 }, "geometry": { "type": "Polygon", "coordinates": [ [ [ 127.024999999999864, 37.22499999999976 ], [ 127.024999999999864, 37.274999999999757 ], [ 126.974999999999852, 37.274999999999757 ], [ 126.974999999999852, 37.22499999999976 ], [ 127.024999999999864, 37.22499999999976 ] ] ] } },
{ "type": "Feature", "properties": { "variability_nT": 230.8, "tier": "optimal", "score": 10.0 }, "geometry": { "type": "Polygon", "coordinates": [ [ [ 127.074999999999861, 37.22499999999976 ], [ 127.074999999999861, 37.274999999999757 ], [ 127.024999999999849, 37.274999999999757 ], [ 127.024999999999849, 37.22499999999976 ], [ 127.074999999999861, 37.22499999999976 ] ] ] } },
{ "type": "Feature", "properties": { "variability_nT": 196.1, "tier": "optimal", "score": 10.0 }, "geometry": { "type": "Polygon", "coordinates": [ [ [ 127.124999999999858, 37.22499999999976 ], [ 127.124999999999858, 37.274999999999757 ], [ 127.074999999999847, 37.274999999999757 ], [ 127.074999999999847, 37.22499999999976 ], [ 127.124999999999858, 37.22499999999976 ] ] ] } },
{ "type": "Feature", "properties": { "variability_nT": 191.2, "tier": "optimal", "score": 10.0 }, "geometry": { "type": "Polygon", "coordinates": [ [ [ 126.275, 37.274999999999757 ], [ 126.275, 37.324999999999754 ], [ 126.224999999999895, 37.324999999999754 ], [ 126.224999999999895, 37.274999999999757 ], [ 126.275, 37.274999999999757 ] ] ] } },
{ "type": "Feature", "properties": { "variability_nT": 290.2, "tier": "optimal", "score": 10.0 }, "geometry": { "type": "Polygon", "coordinates": [ [ [ 126.325, 37.274999999999757 ], [ 126.325, 37.324999999999754 ], [ 126.274999999999892, 37.324999999999754 ], [ 126.274999999999892, 37.274999999999757 ], [ 126.325, 37.274999999999757 ] ] ] } },
{ "type": "Feature", "properties": { "variability_nT": 229.9, "tier": "optimal", "score": 10.0 }, "geometry": { "type": "Polygon", "coordinates": [ [ [ 126.375, 37.274999999999757 ], [ 126.375, 37.324999999999754 ], [ 126.324999999999889, 37.324999999999754 ], [ 126.324999999999889, 37.274999999999757 ], [ 126.375, 37.274999999999757 ] ] ] } },
{ "type": "Feature", "properties": { "variability_nT": 170.1, "tier": "optimal", "score": 10.0 }, "geometry": { "type": "Polygon", "coordinates": [ [ [ 126.474999999999895, 37.274999999999757 ], [ 126.474999999999895, 37.324999999999754 ], [ 126.424999999999883, 37.324999999999754 ], [ 126.424999999999883, 37.274999999999757 ], [ 126.474999999999895, 37.274999999999757 ] ] ] } },
{ "type": "Feature", "properties": { "variability_nT": 210.1, "tier": "optimal", "score": 10.0 }, "geometry": { "type": "Polygon", "coordinates": [ [ [ 127.024999999999864, 37.274999999999757 ], [ 127.024999999999864, 37.324999999999754 ], [ 126.974999999999852, 37.324999999999754 ], [ 126.974999999999852, 37.274999999999757 ], [ 127.024999999999864, 37.274999999999757 ] ] ] } },
{ "type": "Feature", "properties": { "variability_nT": 179.4, "tier": "optimal", "score": 10.0 }, "geometry": { "type": "Polygon", "coordinates": [ [ [ 127.074999999999861, 37.274999999999757 ], [ 127.074999999999861, 37.324999999999754 ], [ 127.024999999999849, 37.324999999999754 ], [ 127.024999999999849, 37.274999999999757 ], [ 127.074999999999861, 37.274999999999757 ] ] ] } },
{ "type": "Feature", "properties": { "variability_nT": 151.2, "tier": "optimal", "score": 10.0 }, "geometry": { "type": "Polygon", "coordinates": [ [ [ 126.075, 37.324999999999754 ], [ 126.075, 37.374999999999751 ], [ 126.025, 37.374999999999751 ], [ 126.025, 37.324999999999754 ], [ 126.075, 37.324999999999754 ] ] ] } },
{ "type": "Feature", "properties": { "variability_nT": 152.1, "tier": "optimal", "score": 10.0 }, "geometry": { "type": "Polygon", "coordinates": [ [ [ 126.275, 37.324999999999754 ], [ 126.275, 37.374999999999751 ], [ 126.224999999999895, 37.374999999999751 ], [ 126.224999999999895, 37.324999999999754 ], [ 126.275, 37.324999999999754 ] ] ] } },
{ "type": "Feature", "properties": { "variability_nT": 158.3, "tier": "optimal", "score": 10.0 }, "geometry": { "type": "Polygon", "coordinates": [ [ [ 126.325, 37.324999999999754 ], [ 126.325, 37.374999999999751 ], [ 126.274999999999892, 37.374999999999751 ], [ 126.274999999999892, 37.324999999999754 ], [ 126.325, 37.324999999999754 ] ] ] } },
{ "type": "Feature", "properties": { "variability_nT": 205.1, "tier": "optimal", "score": 10.0 }, "geometry": { "type": "Polygon", "coordinates": [ [ [ 126.474999999999895, 37.324999999999754 ], [ 126.474999999999895, 37.374999999999751 ], [ 126.424999999999883, 37.374999999999751 ], [ 126.424999999999883, 37.324999999999754 ], [ 126.474999999999895, 37.324999999999754 ] ] ] } },
{ "type": "Feature", "properties": { "variability_nT": 190.1, "tier": "optimal", "score": 10.0 }, "geometry": { "type": "Polygon", "coordinates": [ [ [ 126.824999999999875, 37.324999999999754 ], [ 126.824999999999875, 37.374999999999751 ], [ 126.774999999999864, 37.374999999999751 ], [ 126.774999999999864, 37.324999999999754 ], [ 126.824999999999875, 37.324999999999754 ] ] ] } },
{ "type": "Feature", "properties": { "variability_nT": 155.8, "tier": "optimal", "score": 10.0 }, "geometry": { "type": "Polygon", "coordinates": [ [ [ 126.075, 37.374999999999751 ], [ 126.075, 37.424999999999748 ], [ 126.025, 37.424999999999748 ], [ 126.025, 37.374999999999751 ], [ 126.075, 37.374999999999751 ] ] ] } },
{ "type": "Feature", "properties": { "variability_nT": 163.0, "tier": "optimal", "score": 10.0 }, "geometry": { "type": "Polygon", "coordinates": [ [ [ 126.375, 37.374999999999751 ], [ 126.375, 37.424999999999748 ], [ 126.324999999999889, 37.424999999999748 ], [ 126.324999999999889, 37.374999999999751 ], [ 126.375, 37.374999999999751 ] ] ] } },
{ "type": "Feature", "properties": { "variability_nT": 165.3, "tier": "optimal", "score": 10.0 }, "geometry": { "type": "Polygon", "coordinates": [ [ [ 128.974999999999767, 37.374999999999751 ], [ 128.974999999999767, 37.424999999999748 ], [ 128.924999999999756, 37.424999999999748 ], [ 128.924999999999756, 37.374999999999751 ], [ 128.974999999999767, 37.374999999999751 ] ] ] } },
{ "type": "Feature", "properties": { "variability_nT": 164.8, "tier": "optimal", "score": 10.0 }, "geometry": { "type": "Polygon", "coordinates": [ [ [ 129.02499999999975, 37.374999999999751 ], [ 129.02499999999975, 37.424999999999748 ], [ 128.974999999999739, 37.424999999999748 ], [ 128.974999999999739, 37.374999999999751 ], [ 129.02499999999975, 37.374999999999751 ] ] ] } },
{ "type": "Feature", "properties": { "variability_nT": 160.6, "tier": "optimal", "score": 10.0 }, "geometry": { "type": "Polygon", "coordinates": [ [ [ 129.074999999999733, 37.374999999999751 ], [ 129.074999999999733, 37.424999999999748 ], [ 129.024999999999721, 37.424999999999748 ], [ 129.024999999999721, 37.374999999999751 ], [ 129.074999999999733, 37.374999999999751 ] ] ] } },
{ "type": "Feature", "properties": { "variability_nT": 153.8, "tier": "optimal", "score": 10.0 }, "geometry": { "type": "Polygon", "coordinates": [ [ [ 126.924999999999869, 37.474999999999746 ], [ 126.924999999999869, 37.524999999999743 ], [ 126.874999999999858, 37.524999999999743 ], [ 126.874999999999858, 37.474999999999746 ], [ 126.924999999999869, 37.474999999999746 ] ] ] } },
{ "type": "Feature", "properties": { "variability_nT": 154.6, "tier": "optimal", "score": 10.0 }, "geometry": { "type": "Polygon", "coordinates": [ [ [ 129.02499999999975, 37.474999999999746 ], [ 129.02499999999975, 37.524999999999743 ], [ 128.974999999999739, 37.524999999999743 ], [ 128.974999999999739, 37.474999999999746 ], [ 129.02499999999975, 37.474999999999746 ] ] ] } },
{ "type": "Feature", "properties": { "variability_nT": 212.9, "tier": "optimal", "score": 10.0 }, "geometry": { "type": "Polygon", "coordinates": [ [ [ 129.074999999999733, 37.474999999999746 ], [ 129.074999999999733, 37.524999999999743 ], [ 129.024999999999721, 37.524999999999743 ], [ 129.024999999999721, 37.474999999999746 ], [ 129.074999999999733, 37.474999999999746 ] ] ] } },
{ "type": "Feature", "properties": { "variability_nT": 215.5, "tier": "optimal", "score": 10.0 }, "geometry": { "type": "Polygon", "coordinates": [ [ [ 129.124999999999744, 37.474999999999746 ], [ 129.124999999999744, 37.524999999999743 ], [ 129.074999999999733, 37.524999999999743 ], [ 129.074999999999733, 37.474999999999746 ], [ 129.124999999999744, 37.474999999999746 ] ] ] } },
{ "type": "Feature", "properties": { "variability_nT": 222.4, "tier": "optimal", "score": 10.0 }, "geometry": { "type": "Polygon", "coordinates": [ [ [ 126.175, 37.524999999999743 ], [ 126.175, 37.57499999999974 ], [ 126.125, 37.57499999999974 ], [ 126.125, 37.524999999999743 ], [ 126.175, 37.524999999999743 ] ] ] } },
{ "type": "Feature", "properties": { "variability_nT": 217.3, "tier": "optimal", "score": 10.0 }, "geometry": { "type": "Polygon", "coordinates": [ [ [ 126.225, 37.524999999999743 ], [ 126.225, 37.57499999999974 ], [ 126.174999999999898, 37.57499999999974 ], [ 126.174999999999898, 37.524999999999743 ], [ 126.225, 37.524999999999743 ] ] ] } },
{ "type": "Feature", "properties": { "variability_nT": 289.6, "tier": "optimal", "score": 10.0 }, "geometry": { "type": "Polygon", "coordinates": [ [ [ 127.024999999999864, 37.524999999999743 ], [ 127.024999999999864, 37.57499999999974 ], [ 126.974999999999852, 37.57499999999974 ], [ 126.974999999999852, 37.524999999999743 ], [ 127.024999999999864, 37.524999999999743 ] ] ] } },
{ "type": "Feature", "properties": { "variability_nT": 273.1, "tier": "optimal", "score": 10.0 }, "geometry": { "type": "Polygon", "coordinates": [ [ [ 127.074999999999861, 37.524999999999743 ], [ 127.074999999999861, 37.57499999999974 ], [ 127.024999999999849, 37.57499999999974 ], [ 127.024999999999849, 37.524999999999743 ], [ 127.074999999999861, 37.524999999999743 ] ] ] } },
{ "type": "Feature", "properties": { "variability_nT": 180.1, "tier": "optimal", "score": 10.0 }, "geometry": { "type": "Polygon", "coordinates": [ [ [ 128.524999999999778, 37.524999999999743 ], [ 128.524999999999778, 37.57499999999974 ], [ 128.474999999999767, 37.57499999999974 ], [ 128.474999999999767, 37.524999999999743 ], [ 128.524999999999778, 37.524999999999743 ] ] ] } },
{ "type": "Feature", "properties": { "variability_nT": 159.2, "tier": "optimal", "score": 10.0 }, "geometry": { "type": "Polygon", "coordinates": [ [ [ 128.924999999999756, 37.624999999999737 ], [ 128.924999999999756, 37.674999999999734 ], [ 128.874999999999744, 37.674999999999734 ], [ 128.874999999999744, 37.624999999999737 ], [ 128.924999999999756, 37.624999999999737 ] ] ] } },
{ "type": "Feature", "properties": { "variability_nT": 160.0, "tier": "optimal", "score": 10.0 }, "geometry": { "type": "Polygon", "coordinates": [ [ [ 128.974999999999767, 37.674999999999734 ], [ 128.974999999999767, 37.724999999999731 ], [ 128.924999999999756, 37.724999999999731 ], [ 128.924999999999756, 37.674999999999734 ], [ 128.974999999999767, 37.674999999999734 ] ] ] } },
{ "type": "Feature", "properties": { "variability_nT": 206.1, "tier": "optimal", "score": 10.0 }, "geometry": { "type": "Polygon", "coordinates": [ [ [ 127.474999999999838, 37.774999999999729 ], [ 127.474999999999838, 37.824999999999726 ], [ 127.424999999999827, 37.824999999999726 ], [ 127.424999999999827, 37.774999999999729 ], [ 127.474999999999838, 37.774999999999729 ] ] ] } },
{ "type": "Feature", "properties": { "variability_nT": 237.7, "tier": "optimal", "score": 10.0 }, "geometry": { "type": "Polygon", "coordinates": [ [ [ 127.524999999999835, 37.774999999999729 ], [ 127.524999999999835, 37.824999999999726 ], [ 127.474999999999824, 37.824999999999726 ], [ 127.474999999999824, 37.774999999999729 ], [ 127.524999999999835, 37.774999999999729 ] ] ] } },
{ "type": "Feature", "properties": { "variability_nT": 200.2, "tier": "optimal", "score": 10.0 }, "geometry": { "type": "Polygon", "coordinates": [ [ [ 127.574999999999832, 37.774999999999729 ], [ 127.574999999999832, 37.824999999999726 ], [ 127.524999999999821, 37.824999999999726 ], [ 127.524999999999821, 37.774999999999729 ], [ 127.574999999999832, 37.774999999999729 ] ] ] } },
{ "type": "Feature", "properties": { "variability_nT": 164.9, "tier": "optimal", "score": 10.0 }, "geometry": { "type": "Polygon", "coordinates": [ [ [ 127.674999999999827, 37.874999999999723 ], [ 127.674999999999827, 37.92499999999972 ], [ 127.624999999999815, 37.92499999999972 ], [ 127.624999999999815, 37.874999999999723 ], [ 127.674999999999827, 37.874999999999723 ] ] ] } }
]
}
