{
"type": "FeatureCollection",
"name": "gradient_low",
"crs": { "type": "name", "properties": { "name": "urn:ogc:def:crs:OGC:1.3:CRS84" } },
"features": [
{ "type": "Feature", "properties": { "variability_nT": 27.5, "tier": "low", "score": 5.0 }, "geometry": { "type": "Polygon", "coordinates": [ [ [ 126.924999999999869, 34.075 ], [ 126.924999999999869, 34.125 ], [ 126.874999999999858, 34.125 ], [ 126.874999999999858, 34.075 ], [ 126.924999999999869, 34.075 ] ] ] } },
{ "type": "Feature", "properties": { "variability_nT": 29.9, "tier": "low", "score": 5.0 }, "geometry": { "type": "Polygon", "coordinates": [ [ [ 127.424999999999841, 35.274999999999871 ], [ 127.424999999999841, 35.324999999999868 ], [ 127.374999999999829, 35.324999999999868 ], [ 127.374999999999829, 35.274999999999871 ], [ 127.424999999999841, 35.274999999999871 ] ] ] } },
{ "type": "Feature", "properties": { "variability_nT": 26.7, "tier": "low", "score": 5.0 }, "geometry": { "type": "Polygon", "coordinates": [ [ [ 128.474999999999767, 35.424999999999862 ], [ 128.474999999999767, 35.474999999999859 ], [ 128.424999999999756, 35.474999999999859 ], [ 128.424999999999756, 35.424999999999862 ], [ 128.474999999999767, 35.424999999999862 ] ] ] } },
{ "type": "Feature", "properties": { "variability_nT": 28.1, "tier": "low", "score": 5.0 }, "geometry": { "type": "Polygon", "coordinates": [ [ [ 127.724999999999824, 35.674999999999848 ], [ 127.724999999999824, 35.724999999999845 ], [ 127.674999999999812, 35.724999999999845 ], [ 127.674999999999812, 35.674999999999848 ], [ 127.724999999999824, 35.674999999999848 ] ] ] } },
{ "type": "Feature", "properties": { "variability_nT": 29.5, "tier": "low", "score": 5.0 }, "geometry": { "type": "Polygon", "coordinates": [ [ [ 126.874999999999872, 35.874999999999837 ], [ 126.874999999999872, 35.924999999999834 ], [ 126.824999999999861, 35.924999999999834 ], [ 126.824999999999861, 35.874999999999837 ], [ 126.874999999999872, 35.874999999999837 ] ] ] } },
{ "type": "Feature", "properties": { "variability_nT": 22.2, "tier": "low", "score": 5.0 }, "geometry": { "type": "Polygon", "coordinates": [ [ [ 126.874999999999872, 36.024999999999828 ], [ 126.874999999999872, 36.074999999999825 ], [ 126.824999999999861, 36.074999999999825 ], [ 126.824999999999861, 36.024999999999828 ], [ 126.874999999999872, 36.024999999999828 ] ] ] } },
{ "type": "Feature", "properties": { "variability_nT": 27.0, "tier": "low", "score": 5.0 }, "geometry": { "type": "Polygon", "coordinates": [ [ [ 127.574999999999832, 36.024999999999828 ], [ 127.574999999999832, 36.074999999999825 ], [ 127.524999999999821, 36.074999999999825 ], [ 127.524999999999821, 36.024999999999828 ], [ 127.574999999999832, 36.024999999999828 ] ] ] } },
{ "type": "Feature", "properties": { "variability_nT": 27.8, "tier": "low", "score": 5.0 }, "geometry": { "type": "Polygon", "coordinates": [ [ [ 125.975, 36.074999999999825 ], [ 125.975, 36.124999999999822 ], [ 125.925, 36.124999999999822 ], [ 125.925, 36.074999999999825 ], [ 125.975, 36.074999999999825 ] ] ] } },
{ "type": "Feature", "properties": { "variability_nT": 14.3, "tier": "low", "score": 5.0 }, "geometry": { "type": "Polygon", "coordinates": [ [ [ 126.824999999999875, 36.074999999999825 ], [ 126.824999999999875, 36.124999999999822 ], [ 126.774999999999864, 36.124999999999822 ], [ 126.774999999999864, 36.074999999999825 ], [ 126.824999999999875, 36.074999999999825 ] ] ] } },
{ "type": "Feature", "properties": { "variability_nT": 13.3, "tier": "low", "score": 5.0 }, "geometry": { "type": "Polygon", "coordinates": [ [ [ 126.874999999999872, 36.074999999999825 ], [ 126.874999999999872, 36.124999999999822 ], [ 126.824999999999861, 36.124999999999822 ], [ 126.824999999999861, 36.074999999999825 ], [ 126.874999999999872, 36.074999999999825 ] ] ] } },
{ "type": "Feature", "properties": { "variability_nT": 19.1, "tier": "low", "score": 5.0 }, "geometry": { "type": "Polygon", "coordinates": [ [ [ 126.375, 36.124999999999822 ], [ 126.375, 36.17499999999982 ], [ 126.324999999999889, 36.17499999999982 ], [ 126.324999999999889, 36.124999999999822 ], [ 126.375, 36.124999999999822 ] ] ] } },
{ "type": "Feature", "properties": { "variability_nT": 21.4, "tier": "low", "score": 5.0 }, "geometry": { "type": "Polygon", "coordinates": [ [ [ 126.424999999999898, 36.124999999999822 ], [ 126.424999999999898, 36.17499999999982 ], [ 126.374999999999886, 36.17499999999982 ], [ 126.374999999999886, 36.124999999999822 ], [ 126.424999999999898, 36.124999999999822 ] ] ] } },
{ "type": "Feature", "properties": { "variability_nT": 17.4, "tier": "low", "score": 5.0 }, "geometry": { "type": "Polygon", "coordinates": [ [ [ 126.824999999999875, 36.124999999999822 ], [ 126.824999999999875, 36.17499999999982 ], [ 126.774999999999864, 36.17499999999982 ], [ 126.774999999999864, 36.124999999999822 ], [ 126.824999999999875, 36.124999999999822 ] ] ] } },
{ "type": "Feature", "properties": { "variability_nT": 20.1, "tier": "low", "score": 5.0 }, "geometry": { "type": "Polygon", "coordinates": [ [ [ 126.874999999999872, 36.124999999999822 ], [ 126.874999999999872, 36.17499999999982 ], [ 126.824999999999861, 36.17499999999982 ], [ 126.824999999999861, 36.124999999999822 ], [ 126.874999999999872, 36.124999999999822 ] ] ] } },
{ "type": "Feature", "properties": { "variability_nT": 18.0, "tier": "low", "score": 5.0 }, "geometry": { "type": "Polygon", "coordinates": [ [ [ 126.375, 36.17499999999982 ], [ 126.375, 36.224999999999817 ], [ 126.324999999999889, 36.224999999999817 ], [ 126.324999999999889, 36.17499999999982 ], [ 126.375, 36.17499999999982 ] ] ] } },
{ "type": "Feature", "properties": { "variability_nT": 21.0, "tier": "low", "score": 5.0 }, "geometry": { "type": "Polygon", "coordinates": [ [ [ 126.874999999999872, 36.17499999999982 ], [ 126.874999999999872, 36.224999999999817 ], [ 126.824999999999861, 36.224999999999817 ], [ 126.824999999999861, 36.17499999999982 ], [ 126.874999999999872, 36.17499999999982 ] ] ] } },
{ "type": "Feature", "properties": { "variability_nT": 21.4, "tier": "low", "score": 5.0 }, "geometry": { "type": "Polygon", "coordinates": [ [ [ 126.874999999999872, 36.224999999999817 ], [ 126.874999999999872, 36.274999999999814 ], [ 126.824999999999861, 36.274999999999814 ], [ 126.824999999999861, 36.224999999999817 ], [ 126.874999999999872, 36.224999999999817 ] ] ] } },
{ "type": "Feature", "properties": { "variability_nT": 29.3, "tier": "low", "score": 5.0 }, "geometry": { "type": "Polygon", "coordinates": [ [ [ 126.924999999999869, 36.224999999999817 ], [ 126.924999999999869, 36.274999999999814 ], [ 126.874999999999858, 36.274999999999814 ], [ 126.874999999999858, 36.224999999999817 ], [ 126.924999999999869, 36.224999999999817 ] ] ] } },
{ "type": "Feature", "properties": { "variability_nT": 24.5, "tier": "low", "score": 5.0 }, "geometry": { "type": "Polygon", "coordinates": [ [ [ 128.57499999999979, 36.224999999999817 ], [ 128.57499999999979, 36.274999999999814 ], [ 128.524999999999778, 36.274999999999814 ], [ 128.524999999999778, 36.224999999999817 ], [ 128.57499999999979, 36.224999999999817 ] ] ] } },
{ "type": "Feature", "properties": { "variability_nT": 29.5, "tier": "low", "score": 5.0 }, "geometry": { "type": "Polygon", "coordinates": [ [ [ 126.075, 36.274999999999814 ], [ 126.075, 36.324999999999811 ], [ 126.025, 36.324999999999811 ], [ 126.025, 36.274999999999814 ], [ 126.075, 36.274999999999814 ] ] ] } },
{ "type": "Feature", "properties": { "variability_nT": 27.2, "tier": "low", "score": 5.0 }, "geometry": { "type": "Polygon", "coordinates": [ [ [ 126.225, 36.274999999999814 ], [ 126.225, 36.324999999999811 ], [ 126.174999999999898, 36.324999999999811 ], [ 126.174999999999898, 36.274999999999814 ], [ 126.225, 36.274999999999814 ] ] ] } },
{ "type": "Feature", "properties": { "variability_nT": 26.8, "tier": "low", "score": 5.0 }, "geometry": { "type": "Polygon", "coordinates": [ [ [ 126.724999999999881, 36.274999999999814 ], [ 126.724999999999881, 36.324999999999811 ], [ 126.674999999999869, 36.324999999999811 ], [ 126.674999999999869, 36.274999999999814 ], [ 126.724999999999881, 36.274999999999814 ] ] ] } },
{ "type": "Feature", "properties": { "variability_nT": 23.3, "tier": "low", "score": 5.0 }, "geometry": { "type": "Polygon", "coordinates": [ [ [ 126.824999999999875, 36.274999999999814 ], [ 126.824999999999875, 36.324999999999811 ], [ 126.774999999999864, 36.324999999999811 ], [ 126.774999999999864, 36.274999999999814 ], [ 126.824999999999875, 36.274999999999814 ] ] ] } },
{ "type": "Feature", "properties": { "variability_nT": 15.1, "tier": "low", "score": 5.0 }, "geometry": { "type": "Polygon", "coordinates": [ [ [ 128.57499999999979, 36.274999999999814 ], [ 128.57499999999979, 36.324999999999811 ], [ 128.524999999999778, 36.324999999999811 ], [ 128.524999999999778, 36.274999999999814 ], [ 128.57499999999979, 36.274999999999814 ] ] ] } },
{ "type": "Feature", "properties": { "variability_nT": 13.9, "tier": "low", "score": 5.0 }, "geometry": { "type": "Polygon", "coordinates": [ [ [ 126.225, 36.324999999999811 ], [ 126.225, 36.374999999999808 ], [ 126.174999999999898, 36.374999999999808 ], [ 126.174999999999898, 36.324999999999811 ], [ 126.225, 36.324999999999811 ] ] ] } },
{ "type": "Feature", "properties": { "variability_nT": 28.9, "tier": "low", "score": 5.0 }, "geometry": { "type": "Polygon", "coordinates": [ [ [ 126.724999999999881, 36.324999999999811 ], [ 126.724999999999881, 36.374999999999808 ], [ 126.674999999999869, 36.374999999999808 ], [ 126.674999999999869, 36.324999999999811 ], [ 126.724999999999881, 36.324999999999811 ] ] ] } },
{ "type": "Feature", "properties": { "variability_nT": 25.1, "tier": "low", "score": 5.0 }, "geometry": { "type": "Polygon", "coordinates": [ [ [ 126.774999999999878, 36.324999999999811 ], [ 126.774999999999878, 36.374999999999808 ], [ 126.724999999999866, 36.374999999999808 ], [ 126.724999999999866, 36.324999999999811 ], [ 126.774999999999878, 36.324999999999811 ] ] ] } },
{ "type": "Feature", "properties": { "variability_nT": 16.8, "tier": "low", "score": 5.0 }, "geometry": { "type": "Polygon", "coordinates": [ [ [ 126.824999999999875, 36.324999999999811 ], [ 126.824999999999875, 36.374999999999808 ], [ 126.774999999999864, 36.374999999999808 ], [ 126.774999999999864, 36.324999999999811 ], [ 126.824999999999875, 36.324999999999811 ] ] ] } },
{ "type": "Feature", "properties": { "variability_nT": 28.0, "tier": "low", "score": 5.0 }, "geometry": { "type": "Polygon", "coordinates": [ [ [ 128.524999999999778, 36.324999999999811 ], [ 128.524999999999778, 36.374999999999808 ], [ 128.474999999999767, 36.374999999999808 ], [ 128.474999999999767, 36.324999999999811 ], [ 128.524999999999778, 36.324999999999811 ] ] ] } },
{ "type": "Feature", "properties": { "variability_nT": 15.1, "tier": "low", "score": 5.0 }, "geometry": { "type": "Polygon", "coordinates": [ [ [ 128.57499999999979, 36.324999999999811 ], [ 128.57499999999979, 36.374999999999808 ], [ 128.524999999999778, 36.374999999999808 ], [ 128.524999999999778, 36.324999999999811 ], [ 128.57499999999979, 36.324999999999811 ] ] ] } },
{ "type": "Feature", "properties": { "variability_nT": 25.1, "tier": "low", "score": 5.0 }, "geometry": { "type": "Polygon", "coordinates": [ [ [ 128.624999999999773, 36.324999999999811 ], [ 128.624999999999773, 36.374999999999808 ], [ 128.574999999999761, 36.374999999999808 ], [ 128.574999999999761, 36.324999999999811 ], [ 128.624999999999773, 36.324999999999811 ] ] ] } },
{ "type": "Feature", "properties": { "variability_nT": 21.4, "tier": "low", "score": 5.0 }, "geometry": { "type": "Polygon", "coordinates": [ [ [ 126.225, 36.374999999999808 ], [ 126.225, 36.424999999999805 ], [ 126.174999999999898, 36.424999999999805 ], [ 126.174999999999898, 36.374999999999808 ], [ 126.225, 36.374999999999808 ] ] ] } },
{ "type": "Feature", "properties": { "variability_nT": 27.6, "tier": "low", "score": 5.0 }, "geometry": { "type": "Polygon", "coordinates": [ [ [ 126.275, 36.374999999999808 ], [ 126.275, 36.424999999999805 ], [ 126.224999999999895, 36.424999999999805 ], [ 126.224999999999895, 36.374999999999808 ], [ 126.275, 36.374999999999808 ] ] ] } },
{ "type": "Feature", "properties": { "variability_nT": 24.3, "tier": "low", "score": 5.0 }, "geometry": { "type": "Polygon", "coordinates": [ [ [ 126.674999999999883, 36.374999999999808 ], [ 126.674999999999883, 36.424999999999805 ], [ 126.624999999999872, 36.424999999999805 ], [ 126.624999999999872, 36.374999999999808 ], [ 126.674999999999883, 36.374999999999808 ] ] ] } },
{ "type": "Feature", "properties": { "variability_nT": 28.2, "tier": "low", "score": 5.0 }, "geometry": { "type": "Polygon", "coordinates": [ [ [ 126.724999999999881, 36.374999999999808 ], [ 126.724999999999881, 36.424999999999805 ], [ 126.674999999999869, 36.424999999999805 ], [ 126.674999999999869, 36.374999999999808 ], [ 126.724999999999881, 36.374999999999808 ] ] ] } },
{ "type": "Feature", "properties": { "variability_nT": 29.2, "tier": "low", "score": 5.0 }, "geometry": { "type": "Polygon", "coordinates": [ [ [ 126.774999999999878, 36.374999999999808 ], [ 126.774999999999878, 36.424999999999805 ], [ 126.724999999999866, 36.424999999999805 ], [ 126.724999999999866, 36.374999999999808 ], [ 126.774999999999878, 36.374999999999808 ] ] ] } },
{ "type": "Feature", "properties": { "variability_nT": 17.7, "tier": "low", "score": 5.0 }, "geometry": { "type": "Polygon", "coordinates": [ [ [ 126.824999999999875, 36.374999999999808 ], [ 126.824999999999875, 36.424999999999805 ], [ 126.774999999999864, 36.424999999999805 ], [ 126.774999999999864, 36.374999999999808 ], [ 126.824999999999875, 36.374999999999808 ] ] ] } },
{ "type": "Feature", "properties": { "variability_nT": 20.6, "tier": "low", "score": 5.0 }, "geometry": { "type": "Polygon", "coordinates": [ [ [ 126.874999999999872, 36.374999999999808 ], [ 126.874999999999872, 36.424999999999805 ], [ 126.824999999999861, 36.424999999999805 ], [ 126.824999999999861, 36.374999999999808 ], [ 126.874999999999872, 36.374999999999808 ] ] ] } },
{ "type": "Feature", "properties": { "variability_nT": 29.7, "tier": "low", "score": 5.0 }, "geometry": { "type": "Polygon", "coordinates": [ [ [ 127.124999999999858, 36.374999999999808 ], [ 127.124999999999858, 36.424999999999805 ], [ 127.074999999999847, 36.424999999999805 ], [ 127.074999999999847, 36.374999999999808 ], [ 127.124999999999858, 36.374999999999808 ] ] ] } },
{ "type": "Feature", "properties": { "variability_nT": 28.9, "tier": "low", "score": 5.0 }, "geometry": { "type": "Polygon", "coordinates": [ [ [ 128.57499999999979, 36.374999999999808 ], [ 128.57499999999979, 36.424999999999805 ], [ 128.524999999999778, 36.424999999999805 ], [ 128.524999999999778, 36.374999999999808 ], [ 128.57499999999979, 36.374999999999808 ] ] ] } },
{ "type": "Feature", "properties": { "variability_nT": 24.5, "tier": "low", "score": 5.0 }, "geometry": { "type": "Polygon", "coordinates": [ [ [ 128.624999999999773, 36.374999999999808 ], [ 128.624999999999773, 36.424999999999805 ], [ 128.574999999999761, 36.424999999999805 ], [ 128.574999999999761, 36.374999999999808 ], [ 128.624999999999773, 36.374999999999808 ] ] ] } },
{ "type": "Feature", "properties": { "variability_nT": 22.0, "tier": "low", "score": 5.0 }, "geometry": { "type": "Polygon", "coordinates": [ [ [ 128.674999999999756, 36.374999999999808 ], [ 128.674999999999756, 36.424999999999805 ], [ 128.624999999999744, 36.424999999999805 ], [ 128.624999999999744, 36.374999999999808 ], [ 128.674999999999756, 36.374999999999808 ] ] ] } },
{ "type": "Feature", "properties": { "variability_nT": 25.3, "tier": "low", "score": 5.0 }, "geometry": { "type": "Polygon", "coordinates": [ [ [ 126.225, 36.424999999999805 ], [ 126.225, 36.474999999999802 ], [ 126.174999999999898, 36.474999999999802 ], [ 126.174999999999898, 36.424999999999805 ], [ 126.225, 36.424999999999805 ] ] ] } },
{ "type": "Feature", "properties": { "variability_nT": 29.0, "tier": "low", "score": 5.0 }, "geometry": { "type": "Polygon", "coordinates": [ [ [ 126.524999999999892, 36.424999999999805 ], [ 126.524999999999892, 36.474999999999802 ], [ 126.474999999999881, 36.474999999999802 ], [ 126.474999999999881, 36.424999999999805 ], [ 126.524999999999892, 36.424999999999805 ] ] ] } },
{ "type": "Feature", "properties": { "variability_nT": 26.6, "tier": "low", "score": 5.0 }, "geometry": { "type": "Polygon", "coordinates": [ [ [ 126.574999999999889, 36.424999999999805 ], [ 126.574999999999889, 36.474999999999802 ], [ 126.524999999999878, 36.474999999999802 ], [ 126.524999999999878, 36.424999999999805 ], [ 126.574999999999889, 36.424999999999805 ] ] ] } },
{ "type": "Feature", "properties": { "variability_nT": 26.9, "tier": "low", "score": 5.0 }, "geometry": { "type": "Polygon", "coordinates": [ [ [ 126.674999999999883, 36.424999999999805 ], [ 126.674999999999883, 36.474999999999802 ], [ 126.624999999999872, 36.474999999999802 ], [ 126.624999999999872, 36.424999999999805 ], [ 126.674999999999883, 36.424999999999805 ] ] ] } },
{ "type": "Feature", "properties": { "variability_nT": 29.6, "tier": "low", "score": 5.0 }, "geometry": { "type": "Polygon", "coordinates": [ [ [ 126.724999999999881, 36.424999999999805 ], [ 126.724999999999881, 36.474999999999802 ], [ 126.674999999999869, 36.474999999999802 ], [ 126.674999999999869, 36.424999999999805 ], [ 126.724999999999881, 36.424999999999805 ] ] ] } },
{ "type": "Feature", "properties": { "variability_nT": 29.4, "tier": "low", "score": 5.0 }, "geometry": { "type": "Polygon", "coordinates": [ [ [ 126.824999999999875, 36.424999999999805 ], [ 126.824999999999875, 36.474999999999802 ], [ 126.774999999999864, 36.474999999999802 ], [ 126.774999999999864, 36.424999999999805 ], [ 126.824999999999875, 36.424999999999805 ] ] ] } },
{ "type": "Feature", "properties": { "variability_nT": 17.6, "tier": "low", "score": 5.0 }, "geometry": { "type": "Polygon", "coordinates": [ [ [ 126.874999999999872, 36.424999999999805 ], [ 126.874999999999872, 36.474999999999802 ], [ 126.824999999999861, 36.474999999999802 ], [ 126.824999999999861, 36.424999999999805 ], [ 126.874999999999872, 36.424999999999805 ] ] ] } },
{ "type": "Feature", "properties": { "variability_nT": 24.5, "tier": "low", "score": 5.0 }, "geometry": { "type": "Polygon", "coordinates": [ [ [ 126.924999999999869, 36.424999999999805 ], [ 126.924999999999869, 36.474999999999802 ], [ 126.874999999999858, 36.474999999999802 ], [ 126.874999999999858, 36.424999999999805 ], [ 126.924999999999869, 36.424999999999805 ] ] ] } },
{ "type": "Feature", "properties": { "variability_nT": 19.0, "tier": "low", "score": 5.0 }, "geometry": { "type": "Polygon", "coordinates": [ [ [ 126.974999999999866, 36.424999999999805 ], [ 126.974999999999866, 36.474999999999802 ], [ 126.924999999999855, 36.474999999999802 ], [ 126.924999999999855, 36.424999999999805 ], [ 126.974999999999866, 36.424999999999805 ] ] ] } },
{ "type": "Feature", "properties": { "variability_nT": 20.9, "tier": "low", "score": 5.0 }, "geometry": { "type": "Polygon", "coordinates": [ [ [ 127.074999999999861, 36.424999999999805 ], [ 127.074999999999861, 36.474999999999802 ], [ 127.024999999999849, 36.474999999999802 ], [ 127.024999999999849, 36.424999999999805 ], [ 127.074999999999861, 36.424999999999805 ] ] ] } },
{ "type": "Feature", "properties": { "variability_nT": 25.3, "tier": "low", "score": 5.0 }, "geometry": { "type": "Polygon", "coordinates": [ [ [ 127.124999999999858, 36.424999999999805 ], [ 127.124999999999858, 36.474999999999802 ], [ 127.074999999999847, 36.474999999999802 ], [ 127.074999999999847, 36.424999999999805 ], [ 127.124999999999858, 36.424999999999805 ] ] ] } },
{ "type": "Feature", "properties": { "variability_nT": 21.0, "tier": "low", "score": 5.0 }, "geometry": { "type": "Polygon", "coordinates": [ [ [ 127.174999999999855, 36.424999999999805 ], [ 127.174999999999855, 36.474999999999802 ], [ 127.124999999999844, 36.474999999999802 ], [ 127.124999999999844, 36.424999999999805 ], [ 127.174999999999855, 36.424999999999805 ] ] ] } },
{ "type": "Feature", "properties": { "variability_nT": 25.4, "tier": "low", "score": 5.0 }, "geometry": { "type": "Polygon", "coordinates": [ [ [ 126.874999999999872, 36.474999999999802 ], [ 126.874999999999872, 36.5249999999998 ], [ 126.824999999999861, 36.5249999999998 ], [ 126.824999999999861, 36.474999999999802 ], [ 126.874999999999872, 36.474999999999802 ] ] ] } },
{ "type": "Feature", "properties": { "variability_nT": 29.6, "tier": "low", "score": 5.0 }, "geometry": { "type": "Polygon", "coordinates": [ [ [ 126.924999999999869, 36.474999999999802 ], [ 126.924999999999869, 36.5249999999998 ], [ 126.874999999999858, 36.5249999999998 ], [ 126.874999999999858, 36.474999999999802 ], [ 126.924999999999869, 36.474999999999802 ] ] ] } },
{ "type": "Feature", "properties": { "variability_nT": 25.6, "tier": "low", "score": 5.0 }, "geometry": { "type": "Polygon", "coordinates": [ [ [ 127.074999999999861, 36.5249999999998 ], [ 127.074999999999861, 36.574999999999797 ], [ 127.024999999999849, 36.574999999999797 ], [ 127.024999999999849, 36.5249999999998 ], [ 127.074999999999861, 36.5249999999998 ] ] ] } },
{ "type": "Feature", "properties": { "variability_nT": 23.8, "tier": "low", "score": 5.0 }, "geometry": { "type": "Polygon", "coordinates": [ [ [ 127.124999999999858, 36.5249999999998 ], [ 127.124999999999858, 36.574999999999797 ], [ 127.074999999999847, 36.574999999999797 ], [ 127.074999999999847, 36.5249999999998 ], [ 127.124999999999858, 36.5249999999998 ] ] ] } },
{ "type": "Feature", "properties": { "variability_nT": 27.4, "tier": "low", "score": 5.0 }, "geometry": { "type": "Polygon", "coordinates": [ [ [ 127.174999999999855, 36.5249999999998 ], [ 127.174999999999855, 36.574999999999797 ], [ 127.124999999999844, 36.574999999999797 ], [ 127.124999999999844, 36.5249999999998 ], [ 127.174999999999855, 36.5249999999998 ] ] ] } },
{ "type": "Feature", "properties": { "variability_nT": 25.8, "tier": "low", "score": 5.0 }, "geometry": { "type": "Polygon", "coordinates": [ [ [ 127.224999999999852, 36.5249999999998 ], [ 127.224999999999852, 36.574999999999797 ], [ 127.174999999999841, 36.574999999999797 ], [ 127.174999999999841, 36.5249999999998 ], [ 127.224999999999852, 36.5249999999998 ] ] ] } },
{ "type": "Feature", "properties": { "variability_nT": 23.6, "tier": "low", "score": 5.0 }, "geometry": { "type": "Polygon", "coordinates": [ [ [ 129.524999999999721, 36.5249999999998 ], [ 129.524999999999721, 36.574999999999797 ], [ 129.47499999999971, 36.574999999999797 ], [ 129.47499999999971, 36.5249999999998 ], [ 129.524999999999721, 36.5249999999998 ] ] ] } },
{ "type": "Feature", "properties": { "variability_nT": 19.1, "tier": "low", "score": 5.0 }, "geometry": { "type": "Polygon", "coordinates": [ [ [ 127.124999999999858, 36.574999999999797 ], [ 127.124999999999858, 36.624999999999794 ], [ 127.074999999999847, 36.624999999999794 ], [ 127.074999999999847, 36.574999999999797 ], [ 127.124999999999858, 36.574999999999797 ] ] ] } },
{ "type": "Feature", "properties": { "variability_nT": 23.3, "tier": "low", "score": 5.0 }, "geometry": { "type": "Polygon", "coordinates": [ [ [ 127.174999999999855, 36.574999999999797 ], [ 127.174999999999855, 36.624999999999794 ], [ 127.124999999999844, 36.624999999999794 ], [ 127.124999999999844, 36.574999999999797 ], [ 127.174999999999855, 36.574999999999797 ] ] ] } },
{ "type": "Feature", "properties": { "variability_nT": 21.9, "tier": "low", "score": 5.0 }, "geometry": { "type": "Polygon", "coordinates": [ [ [ 127.224999999999852, 36.574999999999797 ], [ 127.224999999999852, 36.624999999999794 ], [ 127.174999999999841, 36.624999999999794 ], [ 127.174999999999841, 36.574999999999797 ], [ 127.224999999999852, 36.574999999999797 ] ] ] } },
{ "type": "Feature", "properties": { "variability_nT": 26.3, "tier": "low", "score": 5.0 }, "geometry": { "type": "Polygon", "coordinates": [ [ [ 127.474999999999838, 36.574999999999797 ], [ 127.474999999999838, 36.624999999999794 ], [ 127.424999999999827, 36.624999999999794 ], [ 127.424999999999827, 36.574999999999797 ], [ 127.474999999999838, 36.574999999999797 ] ] ] } },
{ "type": "Feature", "properties": { "variability_nT": 25.0, "tier": "low", "score": 5.0 }, "geometry": { "type": "Polygon", "coordinates": [ [ [ 127.074999999999861, 36.624999999999794 ], [ 127.074999999999861, 36.674999999999791 ], [ 127.024999999999849, 36.674999999999791 ], [ 127.024999999999849, 36.624999999999794 ], [ 127.074999999999861, 36.624999999999794 ] ] ] } },
{ "type": "Feature", "properties": { "variability_nT": 20.3, "tier": "low", "score": 5.0 }, "geometry": { "type": "Polygon", "coordinates": [ [ [ 127.124999999999858, 36.624999999999794 ], [ 127.124999999999858, 36.674999999999791 ], [ 127.074999999999847, 36.674999999999791 ], [ 127.074999999999847, 36.624999999999794 ], [ 127.124999999999858, 36.624999999999794 ] ] ] } },
{ "type": "Feature", "properties": { "variability_nT": 26.2, "tier": "low", "score": 5.0 }, "geometry": { "type": "Polygon", "coordinates": [ [ [ 127.174999999999855, 36.624999999999794 ], [ 127.174999999999855, 36.674999999999791 ], [ 127.124999999999844, 36.674999999999791 ], [ 127.124999999999844, 36.624999999999794 ], [ 127.174999999999855, 36.624999999999794 ] ] ] } },
{ "type": "Feature", "properties": { "variability_nT": 30.0, "tier": "low", "score": 5.0 }, "geometry": { "type": "Polygon", "coordinates": [ [ [ 127.624999999999829, 36.624999999999794 ], [ 127.624999999999829, 36.674999999999791 ], [ 127.574999999999818, 36.674999999999791 ], [ 127.574999999999818, 36.624999999999794 ], [ 127.624999999999829, 36.624999999999794 ] ] ] } },
{ "type": "Feature", "properties": { "variability_nT": 22.3, "tier": "low", "score": 5.0 }, "geometry": { "type": "Polygon", "coordinates": [ [ [ 127.624999999999829, 36.674999999999791 ], [ 127.624999999999829, 36.724999999999788 ], [ 127.574999999999818, 36.724999999999788 ], [ 127.574999999999818, 36.674999999999791 ], [ 127.624999999999829, 36.674999999999791 ] ] ] } },
{ "type": "Feature", "properties": { "variability_nT": 23.8, "tier": "low", "score": 5.0 }, "geometry": { "type": "Polygon", "coordinates": [ [ [ 127.874999999999815, 36.674999999999791 ], [ 127.874999999999815, 36.724999999999788 ], [ 127.824999999999804, 36.724999999999788 ], [ 127.824999999999804, 36.674999999999791 ], [ 127.874999999999815, 36.674999999999791 ] ] ] } },
{ "type": "Feature", "properties": { "variability_nT": 23.2, "tier": "low", "score": 5.0 }, "geometry": { "type": "Polygon", "coordinates": [ [ [ 127.924999999999812, 36.674999999999791 ], [ 127.924999999999812, 36.724999999999788 ], [ 127.874999999999801, 36.724999999999788 ], [ 127.874999999999801, 36.674999999999791 ], [ 127.924999999999812, 36.674999999999791 ] ] ] } },
{ "type": "Feature", "properties": { "variability_nT": 26.5, "tier": "low", "score": 5.0 }, "geometry": { "type": "Polygon", "coordinates": [ [ [ 127.97499999999981, 36.674999999999791 ], [ 127.97499999999981, 36.724999999999788 ], [ 127.924999999999798, 36.724999999999788 ], [ 127.924999999999798, 36.674999999999791 ], [ 127.97499999999981, 36.674999999999791 ] ] ] } },
{ "type": "Feature", "properties": { "variability_nT": 27.5, "tier": "low", "score": 5.0 }, "geometry": { "type": "Polygon", "coordinates": [ [ [ 128.174999999999812, 36.774999999999785 ], [ 128.174999999999812, 36.824999999999783 ], [ 128.124999999999801, 36.824999999999783 ], [ 128.124999999999801, 36.774999999999785 ], [ 128.174999999999812, 36.774999999999785 ] ] ] } },
{ "type": "Feature", "properties": { "variability_nT": 21.8, "tier": "low", "score": 5.0 }, "geometry": { "type": "Polygon", "coordinates": [ [ [ 127.074999999999861, 36.824999999999783 ], [ 127.074999999999861, 36.87499999999978 ], [ 127.024999999999849, 36.87499999999978 ], [ 127.024999999999849, 36.824999999999783 ], [ 127.074999999999861, 36.824999999999783 ] ] ] } },
{ "type": "Feature", "properties": { "variability_nT": 22.7, "tier": "low", "score": 5.0 }, "geometry": { "type": "Polygon", "coordinates": [ [ [ 127.124999999999858, 36.824999999999783 ], [ 127.124999999999858, 36.87499999999978 ], [ 127.074999999999847, 36.87499999999978 ], [ 127.074999999999847, 36.824999999999783 ], [ 127.124999999999858, 36.824999999999783 ] ] ] } },
{ "type": "Feature", "properties": { "variability_nT": 26.4, "tier": "low", "score": 5.0 }, "geometry": { "type": "Polygon", "coordinates": [ [ [ 127.174999999999855, 36.824999999999783 ], [ 127.174999999999855, 36.87499999999978 ], [ 127.124999999999844, 36.87499999999978 ], [ 127.124999999999844, 36.824999999999783 ], [ 127.174999999999855, 36.824999999999783 ] ] ] } },
{ "type": "Feature", "properties": { "variability_nT": 17.4, "tier": "low", "score": 5.0 }, "geometry": { "type": "Polygon", "coordinates": [ [ [ 127.224999999999852, 36.824999999999783 ], [ 127.224999999999852, 36.87499999999978 ], [ 127.174999999999841, 36.87499999999978 ], [ 127.174999999999841, 36.824999999999783 ], [ 127.224999999999852, 36.824999999999783 ] ] ] } },
{ "type": "Feature", "properties": { "variability_nT": 28.7, "tier": "low", "score": 5.0 }, "geometry": { "type": "Polygon", "coordinates": [ [ [ 127.274999999999849, 36.824999999999783 ], [ 127.274999999999849, 36.87499999999978 ], [ 127.224999999999838, 36.87499999999978 ], [ 127.224999999999838, 36.824999999999783 ], [ 127.274999999999849, 36.824999999999783 ] ] ] } },
{ "type": "Feature", "properties": { "variability_nT": 17.1, "tier": "low", "score": 5.0 }, "geometry": { "type": "Polygon", "coordinates": [ [ [ 127.324999999999847, 36.824999999999783 ], [ 127.324999999999847, 36.87499999999978 ], [ 127.274999999999835, 36.87499999999978 ], [ 127.274999999999835, 36.824999999999783 ], [ 127.324999999999847, 36.824999999999783 ] ] ] } },
{ "type": "Feature", "properties": { "variability_nT": 27.8, "tier": "low", "score": 5.0 }, "geometry": { "type": "Polygon", "coordinates": [ [ [ 127.374999999999844, 36.824999999999783 ], [ 127.374999999999844, 36.87499999999978 ], [ 127.324999999999832, 36.87499999999978 ], [ 127.324999999999832, 36.824999999999783 ], [ 127.374999999999844, 36.824999999999783 ] ] ] } },
{ "type": "Feature", "properties": { "variability_nT": 27.4, "tier": "low", "score": 5.0 }, "geometry": { "type": "Polygon", "coordinates": [ [ [ 128.32499999999979, 36.824999999999783 ], [ 128.32499999999979, 36.87499999999978 ], [ 128.274999999999778, 36.87499999999978 ], [ 128.274999999999778, 36.824999999999783 ], [ 128.32499999999979, 36.824999999999783 ] ] ] } },
{ "type": "Feature", "properties": { "variability_nT": 24.2, "tier": "low", "score": 5.0 }, "geometry": { "type": "Polygon", "coordinates": [ [ [ 128.674999999999756, 36.824999999999783 ], [ 128.674999999999756, 36.87499999999978 ], [ 128.624999999999744, 36.87499999999978 ], [ 128.624999999999744, 36.824999999999783 ], [ 128.674999999999756, 36.824999999999783 ] ] ] } },
{ "type": "Feature", "properties": { "variability_nT": 22.5, "tier": "low", "score": 5.0 }, "geometry": { "type": "Polygon", "coordinates": [ [ [ 128.724999999999767, 36.824999999999783 ], [ 128.724999999999767, 36.87499999999978 ], [ 128.674999999999756, 36.87499999999978 ], [ 128.674999999999756, 36.824999999999783 ], [ 128.724999999999767, 36.824999999999783 ] ] ] } },
{ "type": "Feature", "properties": { "variability_nT": 26.2, "tier": "low", "score": 5.0 }, "geometry": { "type": "Polygon", "coordinates": [ [ [ 126.375, 36.87499999999978 ], [ 126.375, 36.924999999999777 ], [ 126.324999999999889, 36.924999999999777 ], [ 126.324999999999889, 36.87499999999978 ], [ 126.375, 36.87499999999978 ] ] ] } },
{ "type": "Feature", "properties": { "variability_nT": 29.9, "tier": "low", "score": 5.0 }, "geometry": { "type": "Polygon", "coordinates": [ [ [ 127.224999999999852, 36.87499999999978 ], [ 127.224999999999852, 36.924999999999777 ], [ 127.174999999999841, 36.924999999999777 ], [ 127.174999999999841, 36.87499999999978 ], [ 127.224999999999852, 36.87499999999978 ] ] ] } },
{ "type": "Feature", "properties": { "variability_nT": 26.0, "tier": "low", "score": 5.0 }, "geometry": { "type": "Polygon", "coordinates": [ [ [ 127.274999999999849, 36.87499999999978 ], [ 127.274999999999849, 36.924999999999777 ], [ 127.224999999999838, 36.924999999999777 ], [ 127.224999999999838, 36.87499999999978 ], [ 127.274999999999849, 36.87499999999978 ] ] ] } },
{ "type": "Feature", "properties": { "variability_nT": 19.1, "tier": "low", "score": 5.0 }, "geometry": { "type": "Polygon", "coordinates": [ [ [ 127.324999999999847, 36.87499999999978 ], [ 127.324999999999847, 36.924999999999777 ], [ 127.274999999999835, 36.924999999999777 ], [ 127.274999999999835, 36.87499999999978 ], [ 127.324999999999847, 36.87499999999978 ] ] ] } },
{ "type": "Feature", "properties": { "variability_nT": 15.9, "tier": "low", "score": 5.0 }, "geometry": { "type": "Polygon", "coordinates": [ [ [ 127.374999999999844, 36.87499999999978 ], [ 127.374999999999844, 36.924999999999777 ], [ 127.324999999999832, 36.924999999999777 ], [ 127.324999999999832, 36.87499999999978 ], [ 127.374999999999844, 36.87499999999978 ] ] ] } },
{ "type": "Feature", "properties": { "variability_nT": 28.9, "tier": "low", "score": 5.0 }, "geometry": { "type": "Polygon", "coordinates": [ [ [ 127.574999999999832, 36.87499999999978 ], [ 127.574999999999832, 36.924999999999777 ], [ 127.524999999999821, 36.924999999999777 ], [ 127.524999999999821, 36.87499999999978 ], [ 127.574999999999832, 36.87499999999978 ] ] ] } },
{ "type": "Feature", "properties": { "variability_nT": 28.9, "tier": "low", "score": 5.0 }, "geometry": { "type": "Polygon", "coordinates": [ [ [ 127.624999999999829, 36.87499999999978 ], [ 127.624999999999829, 36.924999999999777 ], [ 127.574999999999818, 36.924999999999777 ], [ 127.574999999999818, 36.87499999999978 ], [ 127.624999999999829, 36.87499999999978 ] ] ] } },
{ "type": "Feature", "properties": { "variability_nT": 19.6, "tier": "low", "score": 5.0 }, "geometry": { "type": "Polygon", "coordinates": [ [ [ 128.674999999999756, 36.87499999999978 ], [ 128.674999999999756, 36.924999999999777 ], [ 128.624999999999744, 36.924999999999777 ], [ 128.624999999999744, 36.87499999999978 ], [ 128.674999999999756, 36.87499999999978 ] ] ] } },
{ "type": "Feature", "properties": { "variability_nT": 18.4, "tier": "low", "score": 5.0 }, "geometry": { "type": "Polygon", "coordinates": [ [ [ 128.724999999999767, 36.87499999999978 ], [ 128.724999999999767, 36.924999999999777 ], [ 128.674999999999756, 36.924999999999777 ], [ 128.674999999999756, 36.87499999999978 ], [ 128.724999999999767, 36.87499999999978 ] ] ] } },
{ "type": "Feature", "properties": { "variability_nT": 28.9, "tier": "low", "score": 5.0 }, "geometry": { "type": "Polygon", "coordinates": [ [ [ 128.774999999999778, 36.87499999999978 ], [ 128.774999999999778, 36.924999999999777 ], [ 128.724999999999767, 36.924999999999777 ], [ 128.724999999999767, 36.87499999999978 ], [ 128.774999999999778, 36.87499999999978 ] ] ] } },
{ "type": "Feature", "properties": { "variability_nT": 23.4, "tier": "low", "score": 5.0 }, "geometry": { "type": "Polygon", "coordinates": [ [ [ 127.374999999999844, 36.924999999999777 ], [ 127.374999999999844, 36.974999999999774 ], [ 127.324999999999832, 36.974999999999774 ], [ 127.324999999999832, 36.924999999999777 ], [ 127.374999999999844, 36.924999999999777 ] ] ] } },
{ "type": "Feature", "properties": { "variability_nT": 24.1, "tier": "low", "score": 5.0 }, "geometry": { "type": "Polygon", "coordinates": [ [ [ 127.624999999999829, 36.924999999999777 ], [ 127.624999999999829, 36.974999999999774 ], [ 127.574999999999818, 36.974999999999774 ], [ 127.574999999999818, 36.924999999999777 ], [ 127.624999999999829, 36.924999999999777 ] ] ] } },
{ "type": "Feature", "properties": { "variability_nT": 27.7, "tier": "low", "score": 5.0 }, "geometry": { "type": "Polygon", "coordinates": [ [ [ 127.674999999999827, 36.924999999999777 ], [ 127.674999999999827, 36.974999999999774 ], [ 127.624999999999815, 36.974999999999774 ], [ 127.624999999999815, 36.924999999999777 ], [ 127.674999999999827, 36.924999999999777 ] ] ] } },
{ "type": "Feature", "properties": { "variability_nT": 19.8, "tier": "low", "score": 5.0 }, "geometry": { "type": "Polygon", "coordinates": [ [ [ 128.624999999999773, 36.924999999999777 ], [ 128.624999999999773, 36.974999999999774 ], [ 128.574999999999761, 36.974999999999774 ], [ 128.574999999999761, 36.924999999999777 ], [ 128.624999999999773, 36.924999999999777 ] ] ] } },
{ "type": "Feature", "properties": { "variability_nT": 20.0, "tier": "low", "score": 5.0 }, "geometry": { "type": "Polygon", "coordinates": [ [ [ 128.674999999999756, 36.924999999999777 ], [ 128.674999999999756, 36.974999999999774 ], [ 128.624999999999744, 36.974999999999774 ], [ 128.624999999999744, 36.924999999999777 ], [ 128.674999999999756, 36.924999999999777 ] ] ] } },
{ "type": "Feature", "properties": { "variability_nT": 21.3, "tier": "low", "score": 5.0 }, "geometry": { "type": "Polygon", "coordinates": [ [ [ 128.724999999999767, 36.924999999999777 ], [ 128.724999999999767, 36.974999999999774 ], [ 128.674999999999756, 36.974999999999774 ], [ 128.674999999999756, 36.924999999999777 ], [ 128.724999999999767, 36.924999999999777 ] ] ] } },
{ "type": "Feature", "properties": { "variability_nT": 28.5, "tier": "low", "score": 5.0 }, "geometry": { "type": "Polygon", "coordinates": [ [ [ 128.774999999999778, 36.924999999999777 ], [ 128.774999999999778, 36.974999999999774 ], [ 128.724999999999767, 36.974999999999774 ], [ 128.724999999999767, 36.924999999999777 ], [ 128.774999999999778, 36.924999999999777 ] ] ] } },
{ "type": "Feature", "properties": { "variability_nT": 12.2, "tier": "low", "score": 5.0 }, "geometry": { "type": "Polygon", "coordinates": [ [ [ 125.875, 36.974999999999774 ], [ 125.875, 37.024999999999771 ], [ 125.825, 37.024999999999771 ], [ 125.825, 36.974999999999774 ], [ 125.875, 36.974999999999774 ] ] ] } },
{ "type": "Feature", "properties": { "variability_nT": 28.9, "tier": "low", "score": 5.0 }, "geometry": { "type": "Polygon", "coordinates": [ [ [ 127.524999999999835, 36.974999999999774 ], [ 127.524999999999835, 37.024999999999771 ], [ 127.474999999999824, 37.024999999999771 ], [ 127.474999999999824, 36.974999999999774 ], [ 127.524999999999835, 36.974999999999774 ] ] ] } },
{ "type": "Feature", "properties": { "variability_nT": 26.6, "tier": "low", "score": 5.0 }, "geometry": { "type": "Polygon", "coordinates": [ [ [ 127.674999999999827, 36.974999999999774 ], [ 127.674999999999827, 37.024999999999771 ], [ 127.624999999999815, 37.024999999999771 ], [ 127.624999999999815, 36.974999999999774 ], [ 127.674999999999827, 36.974999999999774 ] ] ] } },
{ "type": "Feature", "properties": { "variability_nT": 23.0, "tier": "low", "score": 5.0 }, "geometry": { "type": "Polygon", "coordinates": [ [ [ 128.374999999999801, 36.974999999999774 ], [ 128.374999999999801, 37.024999999999771 ], [ 128.32499999999979, 37.024999999999771 ], [ 128.32499999999979, 36.974999999999774 ], [ 128.374999999999801, 36.974999999999774 ] ] ] } },
{ "type": "Feature", "properties": { "variability_nT": 26.3, "tier": "low", "score": 5.0 }, "geometry": { "type": "Polygon", "coordinates": [ [ [ 129.524999999999721, 36.974999999999774 ], [ 129.524999999999721, 37.024999999999771 ], [ 129.47499999999971, 37.024999999999771 ], [ 129.47499999999971, 36.974999999999774 ], [ 129.524999999999721, 36.974999999999774 ] ] ] } },
{ "type": "Feature", "properties": { "variability_nT": 22.0, "tier": "low", "score": 5.0 }, "geometry": { "type": "Polygon", "coordinates": [ [ [ 127.524999999999835, 37.024999999999771 ], [ 127.524999999999835, 37.074999999999768 ], [ 127.474999999999824, 37.074999999999768 ], [ 127.474999999999824, 37.024999999999771 ], [ 127.524999999999835, 37.024999999999771 ] ] ] } },
{ "type": "Feature", "properties": { "variability_nT": 17.1, "tier": "low", "score": 5.0 }, "geometry": { "type": "Polygon", "coordinates": [ [ [ 127.624999999999829, 37.024999999999771 ], [ 127.624999999999829, 37.074999999999768 ], [ 127.574999999999818, 37.074999999999768 ], [ 127.574999999999818, 37.024999999999771 ], [ 127.624999999999829, 37.024999999999771 ] ] ] } },
{ "type": "Feature", "properties": { "variability_nT": 14.6, "tier": "low", "score": 5.0 }, "geometry": { "type": "Polygon", "coordinates": [ [ [ 127.674999999999827, 37.024999999999771 ], [ 127.674999999999827, 37.074999999999768 ], [ 127.624999999999815, 37.074999999999768 ], [ 127.624999999999815, 37.024999999999771 ], [ 127.674999999999827, 37.024999999999771 ] ] ] } },
{ "type": "Feature", "properties": { "variability_nT": 22.7, "tier": "low", "score": 5.0 }, "geometry": { "type": "Polygon", "coordinates": [ [ [ 127.724999999999824, 37.024999999999771 ], [ 127.724999999999824, 37.074999999999768 ], [ 127.674999999999812, 37.074999999999768 ], [ 127.674999999999812, 37.024999999999771 ], [ 127.724999999999824, 37.024999999999771 ] ] ] } },
{ "type": "Feature", "properties": { "variability_nT": 27.5, "tier": "low", "score": 5.0 }, "geometry": { "type": "Polygon", "coordinates": [ [ [ 128.374999999999801, 37.024999999999771 ], [ 128.374999999999801, 37.074999999999768 ], [ 128.32499999999979, 37.074999999999768 ], [ 128.32499999999979, 37.024999999999771 ], [ 128.374999999999801, 37.024999999999771 ] ] ] } },
{ "type": "Feature", "properties": { "variability_nT": 15.3, "tier": "low", "score": 5.0 }, "geometry": { "type": "Polygon", "coordinates": [ [ [ 128.674999999999756, 37.024999999999771 ], [ 128.674999999999756, 37.074999999999768 ], [ 128.624999999999744, 37.074999999999768 ], [ 128.624999999999744, 37.024999999999771 ], [ 128.674999999999756, 37.024999999999771 ] ] ] } },
{ "type": "Feature", "properties": { "variability_nT": 13.6, "tier": "low", "score": 5.0 }, "geometry": { "type": "Polygon", "coordinates": [ [ [ 128.724999999999767, 37.024999999999771 ], [ 128.724999999999767, 37.074999999999768 ], [ 128.674999999999756, 37.074999999999768 ], [ 128.674999999999756, 37.024999999999771 ], [ 128.724999999999767, 37.024999999999771 ] ] ] } },
{ "type": "Feature", "properties": { "variability_nT": 29.4, "tier": "low", "score": 5.0 }, "geometry": { "type": "Polygon", "coordinates": [ [ [ 129.47499999999971, 37.024999999999771 ], [ 129.47499999999971, 37.074999999999768 ], [ 129.424999999999699, 37.074999999999768 ], [ 129.424999999999699, 37.024999999999771 ], [ 129.47499999999971, 37.024999999999771 ] ] ] } },
{ "type": "Feature", "properties": { "variability_nT": 29.8, "tier": "low", "score": 5.0 }, "geometry": { "type": "Polygon", "coordinates": [ [ [ 126.774999999999878, 37.074999999999768 ], [ 126.774999999999878, 37.124999999999766 ], [ 126.724999999999866, 37.124999999999766 ], [ 126.724999999999866, 37.074999999999768 ], [ 126.774999999999878, 37.074999999999768 ] ] ] } },
{ "type": "Feature", "properties": { "variability_nT": 22.8, "tier": "low", "score": 5.0 }, "geometry": { "type": "Polygon", "coordinates": [ [ [ 126.824999999999875, 37.074999999999768 ], [ 126.824999999999875, 37.124999999999766 ], [ 126.774999999999864, 37.124999999999766 ], [ 126.774999999999864, 37.074999999999768 ], [ 126.824999999999875, 37.074999999999768 ] ] ] } },
{ "type": "Feature", "properties": { "variability_nT": 28.7, "tier": "low", "score": 5.0 }, "geometry": { "type": "Polygon", "coordinates": [ [ [ 127.574999999999832, 37.074999999999768 ], [ 127.574999999999832, 37.124999999999766 ], [ 127.524999999999821, 37.124999999999766 ], [ 127.524999999999821, 37.074999999999768 ], [ 127.574999999999832, 37.074999999999768 ] ] ] } },
{ "type": "Feature", "properties": { "variability_nT": 20.4, "tier": "low", "score": 5.0 }, "geometry": { "type": "Polygon", "coordinates": [ [ [ 127.624999999999829, 37.074999999999768 ], [ 127.624999999999829, 37.124999999999766 ], [ 127.574999999999818, 37.124999999999766 ], [ 127.574999999999818, 37.074999999999768 ], [ 127.624999999999829, 37.074999999999768 ] ] ] } },
{ "type": "Feature", "properties": { "variability_nT": 12.2, "tier": "low", "score": 5.0 }, "geometry": { "type": "Polygon", "coordinates": [ [ [ 127.674999999999827, 37.074999999999768 ], [ 127.674999999999827, 37.124999999999766 ], [ 127.624999999999815, 37.124999999999766 ], [ 127.624999999999815, 37.074999999999768 ], [ 127.674999999999827, 37.074999999999768 ] ] ] } },
{ "type": "Feature", "properties": { "variability_nT": 17.6, "tier": "low", "score": 5.0 }, "geometry": { "type": "Polygon", "coordinates": [ [ [ 127.724999999999824, 37.074999999999768 ], [ 127.724999999999824, 37.124999999999766 ], [ 127.674999999999812, 37.124999999999766 ], [ 127.674999999999812, 37.074999999999768 ], [ 127.724999999999824, 37.074999999999768 ] ] ] } },
{ "type": "Feature", "properties": { "variability_nT": 25.9, "tier": "low", "score": 5.0 }, "geometry": { "type": "Polygon", "coordinates": [ [ [ 128.674999999999756, 37.074999999999768 ], [ 128.674999999999756, 37.124999999999766 ], [ 128.624999999999744, 37.124999999999766 ], [ 128.624999999999744, 37.074999999999768 ], [ 128.674999999999756, 37.074999999999768 ] ] ] } },
{ "type": "Feature", "properties": { "variability_nT": 28.3, "tier": "low", "score": 5.0 }, "geometry": { "type": "Polygon", "coordinates": [ [ [ 128.724999999999767, 37.074999999999768 ], [ 128.724999999999767, 37.124999999999766 ], [ 128.674999999999756, 37.124999999999766 ], [ 128.674999999999756, 37.074999999999768 ], [ 128.724999999999767, 37.074999999999768 ] ] ] } },
{ "type": "Feature", "properties": { "variability_nT": 29.2, "tier": "low", "score": 5.0 }, "geometry": { "type": "Polygon", "coordinates": [ [ [ 126.624999999999886, 37.124999999999766 ], [ 126.624999999999886, 37.174999999999763 ], [ 126.574999999999875, 37.174999999999763 ], [ 126.574999999999875, 37.124999999999766 ], [ 126.624999999999886, 37.124999999999766 ] ] ] } },
{ "type": "Feature", "properties": { "variability_nT": 21.8, "tier": "low", "score": 5.0 }, "geometry": { "type": "Polygon", "coordinates": [ [ [ 126.674999999999883, 37.124999999999766 ], [ 126.674999999999883, 37.174999999999763 ], [ 126.624999999999872, 37.174999999999763 ], [ 126.624999999999872, 37.124999999999766 ], [ 126.674999999999883, 37.124999999999766 ] ] ] } },
{ "type": "Feature", "properties": { "variability_nT": 26.7, "tier": "low", "score": 5.0 }, "geometry": { "type": "Polygon", "coordinates": [ [ [ 127.024999999999864, 37.124999999999766 ], [ 127.024999999999864, 37.174999999999763 ], [ 126.974999999999852, 37.174999999999763 ], [ 126.974999999999852, 37.124999999999766 ], [ 127.024999999999864, 37.124999999999766 ] ] ] } },
{ "type": "Feature", "properties": { "variability_nT": 27.1, "tier": "low", "score": 5.0 }, "geometry": { "type": "Polygon", "coordinates": [ [ [ 127.474999999999838, 37.124999999999766 ], [ 127.474999999999838, 37.174999999999763 ], [ 127.424999999999827, 37.174999999999763 ], [ 127.424999999999827, 37.124999999999766 ], [ 127.474999999999838, 37.124999999999766 ] ] ] } },
{ "type": "Feature", "properties": { "variability_nT": 19.5, "tier": "low", "score": 5.0 }, "geometry": { "type": "Polygon", "coordinates": [ [ [ 127.524999999999835, 37.124999999999766 ], [ 127.524999999999835, 37.174999999999763 ], [ 127.474999999999824, 37.174999999999763 ], [ 127.474999999999824, 37.124999999999766 ], [ 127.524999999999835, 37.124999999999766 ] ] ] } },
{ "type": "Feature", "properties": { "variability_nT": 9.3, "tier": "low", "score": 5.0 }, "geometry": { "type": "Polygon", "coordinates": [ [ [ 127.574999999999832, 37.124999999999766 ], [ 127.574999999999832, 37.174999999999763 ], [ 127.524999999999821, 37.174999999999763 ], [ 127.524999999999821, 37.124999999999766 ], [ 127.574999999999832, 37.124999999999766 ] ] ] } },
{ "type": "Feature", "properties": { "variability_nT": 21.0, "tier": "low", "score": 5.0 }, "geometry": { "type": "Polygon", "coordinates": [ [ [ 127.624999999999829, 37.124999999999766 ], [ 127.624999999999829, 37.174999999999763 ], [ 127.574999999999818, 37.174999999999763 ], [ 127.574999999999818, 37.124999999999766 ], [ 127.624999999999829, 37.124999999999766 ] ] ] } },
{ "type": "Feature", "properties": { "variability_nT": 18.3, "tier": "low", "score": 5.0 }, "geometry": { "type": "Polygon", "coordinates": [ [ [ 127.674999999999827, 37.124999999999766 ], [ 127.674999999999827, 37.174999999999763 ], [ 127.624999999999815, 37.174999999999763 ], [ 127.624999999999815, 37.124999999999766 ], [ 127.674999999999827, 37.124999999999766 ] ] ] } },
{ "type": "Feature", "properties": { "variability_nT": 17.2, "tier": "low", "score": 5.0 }, "geometry": { "type": "Polygon", "coordinates": [ [ [ 127.724999999999824, 37.124999999999766 ], [ 127.724999999999824, 37.174999999999763 ], [ 127.674999999999812, 37.174999999999763 ], [ 127.674999999999812, 37.124999999999766 ], [ 127.724999999999824, 37.124999999999766 ] ] ] } },
{ "type": "Feature", "properties": { "variability_nT": 27.4, "tier": "low", "score": 5.0 }, "geometry": { "type": "Polygon", "coordinates": [ [ [ 126.574999999999889, 37.174999999999763 ], [ 126.574999999999889, 37.22499999999976 ], [ 126.524999999999878, 37.22499999999976 ], [ 126.524999999999878, 37.174999999999763 ], [ 126.574999999999889, 37.174999999999763 ] ] ] } },
{ "type": "Feature", "properties": { "variability_nT": 25.7, "tier": "low", "score": 5.0 }, "geometry": { "type": "Polygon", "coordinates": [ [ [ 126.624999999999886, 37.174999999999763 ], [ 126.624999999999886, 37.22499999999976 ], [ 126.574999999999875, 37.22499999999976 ], [ 126.574999999999875, 37.174999999999763 ], [ 126.624999999999886, 37.174999999999763 ] ] ] } },
{ "type": "Feature", "properties": { "variability_nT": 26.0, "tier": "low", "score": 5.0 }, "geometry": { "type": "Polygon", "coordinates": [ [ [ 127.474999999999838, 37.174999999999763 ], [ 127.474999999999838, 37.22499999999976 ], [ 127.424999999999827, 37.22499999999976 ], [ 127.424999999999827, 37.174999999999763 ], [ 127.474999999999838, 37.174999999999763 ] ] ] } },
{ "type": "Feature", "properties": { "variability_nT": 8.7, "tier": "low", "score": 5.0 }, "geometry": { "type": "Polygon", "coordinates": [ [ [ 127.524999999999835, 37.174999999999763 ], [ 127.524999999999835, 37.22499999999976 ], [ 127.474999999999824, 37.22499999999976 ], [ 127.474999999999824, 37.174999999999763 ], [ 127.524999999999835, 37.174999999999763 ] ] ] } },
{ "type": "Feature", "properties": { "variability_nT": 16.6, "tier": "low", "score": 5.0 }, "geometry": { "type": "Polygon", "coordinates": [ [ [ 127.574999999999832, 37.174999999999763 ], [ 127.574999999999832, 37.22499999999976 ], [ 127.524999999999821, 37.22499999999976 ], [ 127.524999999999821, 37.174999999999763 ], [ 127.574999999999832, 37.174999999999763 ] ] ] } },
{ "type": "Feature", "properties": { "variability_nT": 15.3, "tier": "low", "score": 5.0 }, "geometry": { "type": "Polygon", "coordinates": [ [ [ 127.824999999999818, 37.174999999999763 ], [ 127.824999999999818, 37.22499999999976 ], [ 127.774999999999807, 37.22499999999976 ], [ 127.774999999999807, 37.174999999999763 ], [ 127.824999999999818, 37.174999999999763 ] ] ] } },
{ "type": "Feature", "properties": { "variability_nT": 13.7, "tier": "low", "score": 5.0 }, "geometry": { "type": "Polygon", "coordinates": [ [ [ 125.875, 37.22499999999976 ], [ 125.875, 37.274999999999757 ], [ 125.825, 37.274999999999757 ], [ 125.825, 37.22499999999976 ], [ 125.875, 37.22499999999976 ] ] ] } },
{ "type": "Feature", "properties": { "variability_nT": 17.6, "tier": "low", "score": 5.0 }, "geometry": { "type": "Polygon", "coordinates": [ [ [ 127.524999999999835, 37.22499999999976 ], [ 127.524999999999835, 37.274999999999757 ], [ 127.474999999999824, 37.274999999999757 ], [ 127.474999999999824, 37.22499999999976 ], [ 127.524999999999835, 37.22499999999976 ] ] ] } },
{ "type": "Feature", "properties": { "variability_nT": 21.7, "tier": "low", "score": 5.0 }, "geometry": { "type": "Polygon", "coordinates": [ [ [ 127.574999999999832, 37.22499999999976 ], [ 127.574999999999832, 37.274999999999757 ], [ 127.524999999999821, 37.274999999999757 ], [ 127.524999999999821, 37.22499999999976 ], [ 127.574999999999832, 37.22499999999976 ] ] ] } },
{ "type": "Feature", "properties": { "variability_nT": 26.2, "tier": "low", "score": 5.0 }, "geometry": { "type": "Polygon", "coordinates": [ [ [ 127.624999999999829, 37.22499999999976 ], [ 127.624999999999829, 37.274999999999757 ], [ 127.574999999999818, 37.274999999999757 ], [ 127.574999999999818, 37.22499999999976 ], [ 127.624999999999829, 37.22499999999976 ] ] ] } },
{ "type": "Feature", "properties": { "variability_nT": 28.9, "tier": "low", "score": 5.0 }, "geometry": { "type": "Polygon", "coordinates": [ [ [ 127.674999999999827, 37.22499999999976 ], [ 127.674999999999827, 37.274999999999757 ], [ 127.624999999999815, 37.274999999999757 ], [ 127.624999999999815, 37.22499999999976 ], [ 127.674999999999827, 37.22499999999976 ] ] ] } },
{ "type": "Feature", "properties": { "variability_nT": 29.3, "tier": "low", "score": 5.0 }, "geometry": { "type": "Polygon", "coordinates": [ [ [ 127.724999999999824, 37.22499999999976 ], [ 127.724999999999824, 37.274999999999757 ], [ 127.674999999999812, 37.274999999999757 ], [ 127.674999999999812, 37.22499999999976 ], [ 127.724999999999824, 37.22499999999976 ] ] ] } },
{ "type": "Feature", "properties": { "variability_nT": 27.0, "tier": "low", "score": 5.0 }, "geometry": { "type": "Polygon", "coordinates": [ [ [ 127.824999999999818, 37.22499999999976 ], [ 127.824999999999818, 37.274999999999757 ], [ 127.774999999999807, 37.274999999999757 ], [ 127.774999999999807, 37.22499999999976 ], [ 127.824999999999818, 37.22499999999976 ] ] ] } },
{ "type": "Feature", "properties": { "variability_nT": 24.8, "tier": "low", "score": 5.0 }, "geometry": { "type": "Polygon", "coordinates": [ [ [ 127.874999999999815, 37.22499999999976 ], [ 127.874999999999815, 37.274999999999757 ], [ 127.824999999999804, 37.274999999999757 ], [ 127.824999999999804, 37.22499999999976 ], [ 127.874999999999815, 37.22499999999976 ] ] ] } },
{ "type": "Feature", "properties": { "variability_nT": 24.8, "tier": "low", "score": 5.0 }, "geometry": { "type": "Polygon", "coordinates": [ [ [ 128.57499999999979, 37.22499999999976 ], [ 128.57499999999979, 37.274999999999757 ], [ 128.524999999999778, 37.274999999999757 ], [ 128.524999999999778, 37.22499999999976 ], [ 128.57499999999979, 37.22499999999976 ] ] ] } },
{ "type": "Feature", "properties": { "variability_nT": 21.3, "tier": "low", "score": 5.0 }, "geometry": { "type": "Polygon", "coordinates": [ [ [ 128.974999999999767, 37.22499999999976 ], [ 128.974999999999767, 37.274999999999757 ], [ 128.924999999999756, 37.274999999999757 ], [ 128.924999999999756, 37.22499999999976 ], [ 128.974999999999767, 37.22499999999976 ] ] ] } },
{ "type": "Feature", "properties": { "variability_nT": 29.9, "tier": "low", "score": 5.0 }, "geometry": { "type": "Polygon", "coordinates": [ [ [ 127.574999999999832, 37.274999999999757 ], [ 127.574999999999832, 37.324999999999754 ], [ 127.524999999999821, 37.324999999999754 ], [ 127.524999999999821, 37.274999999999757 ], [ 127.574999999999832, 37.274999999999757 ] ] ] } },
{ "type": "Feature", "properties": { "variability_nT": 10.3, "tier": "low", "score": 5.0 }, "geometry": { "type": "Polygon", "coordinates": [ [ [ 127.624999999999829, 37.274999999999757 ], [ 127.624999999999829, 37.324999999999754 ], [ 127.574999999999818, 37.324999999999754 ], [ 127.574999999999818, 37.274999999999757 ], [ 127.624999999999829, 37.274999999999757 ] ] ] } },
{ "type": "Feature", "properties": { "variability_nT": 8.9, "tier": "low", "score": 5.0 }, "geometry": { "type": "Polygon", "coordinates": [ [ [ 127.674999999999827, 37.274999999999757 ], [ 127.674999999999827, 37.324999999999754 ], [ 127.624999999999815, 37.324999999999754 ], [ 127.624999999999815, 37.274999999999757 ], [ 127.674999999999827, 37.274999999999757 ] ] ] } },
{ "type": "Feature", "properties": { "variability_nT": 11.5, "tier": "low", "score": 5.0 }, "geometry": { "type": "Polygon", "coordinates": [ [ [ 127.724999999999824, 37.274999999999757 ], [ 127.724999999999824, 37.324999999999754 ], [ 127.674999999999812, 37.324999999999754 ], [ 127.674999999999812, 37.274999999999757 ], [ 127.724999999999824, 37.274999999999757 ] ] ] } },
{ "type": "Feature", "properties": { "variability_nT": 13.5, "tier": "low", "score": 5.0 }, "geometry": { "type": "Polygon", "coordinates": [ [ [ 127.774999999999821, 37.274999999999757 ], [ 127.774999999999821, 37.324999999999754 ], [ 127.72499999999981, 37.324999999999754 ], [ 127.72499999999981, 37.274999999999757 ], [ 127.774999999999821, 37.274999999999757 ] ] ] } },
{ "type": "Feature", "properties": { "variability_nT": 26.5, "tier": "low", "score": 5.0 }, "geometry": { "type": "Polygon", "coordinates": [ [ [ 128.624999999999773, 37.274999999999757 ], [ 128.624999999999773, 37.324999999999754 ], [ 128.574999999999761, 37.324999999999754 ], [ 128.574999999999761, 37.274999999999757 ], [ 128.624999999999773, 37.274999999999757 ] ] ] } },
{ "type": "Feature", "properties": { "variability_nT": 23.6, "tier": "low", "score": 5.0 }, "geometry": { "type": "Polygon", "coordinates": [ [ [ 129.524999999999721, 37.274999999999757 ], [ 129.524999999999721, 37.324999999999754 ], [ 129.47499999999971, 37.324999999999754 ], [ 129.47499999999971, 37.274999999999757 ], [ 129.524999999999721, 37.274999999999757 ] ] ] } },
{ "type": "Feature", "properties": { "variability_nT": 14.2, "tier": "low", "score": 5.0 }, "geometry": { "type": "Polygon", "coordinates": [ [ [ 126.025, 37.324999999999754 ], [ 126.025, 37.374999999999751 ], [ 125.975, 37.374999999999751 ], [ 125.975, 37.324999999999754 ], [ 126.025, 37.324999999999754 ] ] ] } },
{ "type": "Feature", "properties": { "variability_nT": 14.2, "tier": "low", "score": 5.0 }, "geometry": { "type": "Polygon", "coordinates": [ [ [ 127.374999999999844, 37.324999999999754 ], [ 127.374999999999844, 37.374999999999751 ], [ 127.324999999999832, 37.374999999999751 ], [ 127.324999999999832, 37.324999999999754 ], [ 127.374999999999844, 37.324999999999754 ] ] ] } },
{ "type": "Feature", "properties": { "variability_nT": 18.5, "tier": "low", "score": 5.0 }, "geometry": { "type": "Polygon", "coordinates": [ [ [ 127.424999999999841, 37.324999999999754 ], [ 127.424999999999841, 37.374999999999751 ], [ 127.374999999999829, 37.374999999999751 ], [ 127.374999999999829, 37.324999999999754 ], [ 127.424999999999841, 37.324999999999754 ] ] ] } },
{ "type": "Feature", "properties": { "variability_nT": 24.4, "tier": "low", "score": 5.0 }, "geometry": { "type": "Polygon", "coordinates": [ [ [ 127.474999999999838, 37.324999999999754 ], [ 127.474999999999838, 37.374999999999751 ], [ 127.424999999999827, 37.374999999999751 ], [ 127.424999999999827, 37.324999999999754 ], [ 127.474999999999838, 37.324999999999754 ] ] ] } },
{ "type": "Feature", "properties": { "variability_nT": 13.2, "tier": "low", "score": 5.0 }, "geometry": { "type": "Polygon", "coordinates": [ [ [ 127.674999999999827, 37.324999999999754 ], [ 127.674999999999827, 37.374999999999751 ], [ 127.624999999999815, 37.374999999999751 ], [ 127.624999999999815, 37.324999999999754 ], [ 127.674999999999827, 37.324999999999754 ] ] ] } },
{ "type": "Feature", "properties": { "variability_nT": 11.5, "tier": "low", "score": 5.0 }, "geometry": { "type": "Polygon", "coordinates": [ [ [ 127.724999999999824, 37.324999999999754 ], [ 127.724999999999824, 37.374999999999751 ], [ 127.674999999999812, 37.374999999999751 ], [ 127.674999999999812, 37.324999999999754 ], [ 127.724999999999824, 37.324999999999754 ] ] ] } },
{ "type": "Feature", "properties": { "variability_nT": 18.5, "tier": "low", "score": 5.0 }, "geometry": { "type": "Polygon", "coordinates": [ [ [ 127.774999999999821, 37.324999999999754 ], [ 127.774999999999821, 37.374999999999751 ], [ 127.72499999999981, 37.374999999999751 ], [ 127.72499999999981, 37.324999999999754 ], [ 127.774999999999821, 37.324999999999754 ] ] ] } },
{ "type": "Feature", "properties": { "variability_nT": 23.9, "tier": "low", "score": 5.0 }, "geometry": { "type": "Polygon", "coordinates": [ [ [ 127.824999999999818, 37.324999999999754 ], [ 127.824999999999818, 37.374999999999751 ], [ 127.774999999999807, 37.374999999999751 ], [ 127.774999999999807, 37.324999999999754 ], [ 127.824999999999818, 37.324999999999754 ] ] ] } },
{ "type": "Feature", "properties": { "variability_nT": 26.2, "tier": "low", "score": 5.0 }, "geometry": { "type": "Polygon", "coordinates": [ [ [ 127.874999999999815, 37.324999999999754 ], [ 127.874999999999815, 37.374999999999751 ], [ 127.824999999999804, 37.374999999999751 ], [ 127.824999999999804, 37.324999999999754 ], [ 127.874999999999815, 37.324999999999754 ] ] ] } },
{ "type": "Feature", "properties": { "variability_nT": 22.3, "tier": "low", "score": 5.0 }, "geometry": { "type": "Polygon", "coordinates": [ [ [ 127.374999999999844, 37.374999999999751 ], [ 127.374999999999844, 37.424999999999748 ], [ 127.324999999999832, 37.424999999999748 ], [ 127.324999999999832, 37.374999999999751 ], [ 127.374999999999844, 37.374999999999751 ] ] ] } },
{ "type": "Feature", "properties": { "variability_nT": 22.5, "tier": "low", "score": 5.0 }, "geometry": { "type": "Polygon", "coordinates": [ [ [ 127.424999999999841, 37.374999999999751 ], [ 127.424999999999841, 37.424999999999748 ], [ 127.374999999999829, 37.424999999999748 ], [ 127.374999999999829, 37.374999999999751 ], [ 127.424999999999841, 37.374999999999751 ] ] ] } },
{ "type": "Feature", "properties": { "variability_nT": 18.2, "tier": "low", "score": 5.0 }, "geometry": { "type": "Polygon", "coordinates": [ [ [ 127.474999999999838, 37.374999999999751 ], [ 127.474999999999838, 37.424999999999748 ], [ 127.424999999999827, 37.424999999999748 ], [ 127.424999999999827, 37.374999999999751 ], [ 127.474999999999838, 37.374999999999751 ] ] ] } },
{ "type": "Feature", "properties": { "variability_nT": 28.3, "tier": "low", "score": 5.0 }, "geometry": { "type": "Polygon", "coordinates": [ [ [ 127.524999999999835, 37.374999999999751 ], [ 127.524999999999835, 37.424999999999748 ], [ 127.474999999999824, 37.424999999999748 ], [ 127.474999999999824, 37.374999999999751 ], [ 127.524999999999835, 37.374999999999751 ] ] ] } },
{ "type": "Feature", "properties": { "variability_nT": 23.8, "tier": "low", "score": 5.0 }, "geometry": { "type": "Polygon", "coordinates": [ [ [ 127.724999999999824, 37.374999999999751 ], [ 127.724999999999824, 37.424999999999748 ], [ 127.674999999999812, 37.424999999999748 ], [ 127.674999999999812, 37.374999999999751 ], [ 127.724999999999824, 37.374999999999751 ] ] ] } },
{ "type": "Feature", "properties": { "variability_nT": 19.6, "tier": "low", "score": 5.0 }, "geometry": { "type": "Polygon", "coordinates": [ [ [ 128.124999999999801, 37.374999999999751 ], [ 128.124999999999801, 37.424999999999748 ], [ 128.07499999999979, 37.424999999999748 ], [ 128.07499999999979, 37.374999999999751 ], [ 128.124999999999801, 37.374999999999751 ] ] ] } },
{ "type": "Feature", "properties": { "variability_nT": 13.9, "tier": "low", "score": 5.0 }, "geometry": { "type": "Polygon", "coordinates": [ [ [ 126.474999999999895, 37.424999999999748 ], [ 126.474999999999895, 37.474999999999746 ], [ 126.424999999999883, 37.474999999999746 ], [ 126.424999999999883, 37.424999999999748 ], [ 126.474999999999895, 37.424999999999748 ] ] ] } },
{ "type": "Feature", "properties": { "variability_nT": 18.5, "tier": "low", "score": 5.0 }, "geometry": { "type": "Polygon", "coordinates": [ [ [ 127.374999999999844, 37.424999999999748 ], [ 127.374999999999844, 37.474999999999746 ], [ 127.324999999999832, 37.474999999999746 ], [ 127.324999999999832, 37.424999999999748 ], [ 127.374999999999844, 37.424999999999748 ] ] ] } },
{ "type": "Feature", "properties": { "variability_nT": 17.2, "tier": "low", "score": 5.0 }, "geometry": { "type": "Polygon", "coordinates": [ [ [ 127.424999999999841, 37.424999999999748 ], [ 127.424999999999841, 37.474999999999746 ], [ 127.374999999999829, 37.474999999999746 ], [ 127.374999999999829, 37.424999999999748 ], [ 127.424999999999841, 37.424999999999748 ] ] ] } },
{ "type": "Feature", "properties": { "variability_nT": 21.1, "tier": "low", "score": 5.0 }, "geometry": { "type": "Polygon", "coordinates": [ [ [ 127.474999999999838, 37.424999999999748 ], [ 127.474999999999838, 37.474999999999746 ], [ 127.424999999999827, 37.474999999999746 ], [ 127.424999999999827, 37.424999999999748 ], [ 127.474999999999838, 37.424999999999748 ] ] ] } },
{ "type": "Feature", "properties": { "variability_nT": 24.5, "tier": "low", "score": 5.0 }, "geometry": { "type": "Polygon", "coordinates": [ [ [ 127.524999999999835, 37.424999999999748 ], [ 127.524999999999835, 37.474999999999746 ], [ 127.474999999999824, 37.474999999999746 ], [ 127.474999999999824, 37.424999999999748 ], [ 127.524999999999835, 37.424999999999748 ] ] ] } },
{ "type": "Feature", "properties": { "variability_nT": 28.6, "tier": "low", "score": 5.0 }, "geometry": { "type": "Polygon", "coordinates": [ [ [ 128.874999999999744, 37.424999999999748 ], [ 128.874999999999744, 37.474999999999746 ], [ 128.824999999999733, 37.474999999999746 ], [ 128.824999999999733, 37.424999999999748 ], [ 128.874999999999744, 37.424999999999748 ] ] ] } },
{ "type": "Feature", "properties": { "variability_nT": 10.6, "tier": "low", "score": 5.0 }, "geometry": { "type": "Polygon", "coordinates": [ [ [ 126.424999999999898, 37.474999999999746 ], [ 126.424999999999898, 37.524999999999743 ], [ 126.374999999999886, 37.524999999999743 ], [ 126.374999999999886, 37.474999999999746 ], [ 126.424999999999898, 37.474999999999746 ] ] ] } },
{ "type": "Feature", "properties": { "variability_nT": 26.7, "tier": "low", "score": 5.0 }, "geometry": { "type": "Polygon", "coordinates": [ [ [ 126.574999999999889, 37.474999999999746 ], [ 126.574999999999889, 37.524999999999743 ], [ 126.524999999999878, 37.524999999999743 ], [ 126.524999999999878, 37.474999999999746 ], [ 126.574999999999889, 37.474999999999746 ] ] ] } },
{ "type": "Feature", "properties": { "variability_nT": 17.1, "tier": "low", "score": 5.0 }, "geometry": { "type": "Polygon", "coordinates": [ [ [ 127.374999999999844, 37.474999999999746 ], [ 127.374999999999844, 37.524999999999743 ], [ 127.324999999999832, 37.524999999999743 ], [ 127.324999999999832, 37.474999999999746 ], [ 127.374999999999844, 37.474999999999746 ] ] ] } },
{ "type": "Feature", "properties": { "variability_nT": 14.3, "tier": "low", "score": 5.0 }, "geometry": { "type": "Polygon", "coordinates": [ [ [ 127.424999999999841, 37.474999999999746 ], [ 127.424999999999841, 37.524999999999743 ], [ 127.374999999999829, 37.524999999999743 ], [ 127.374999999999829, 37.474999999999746 ], [ 127.424999999999841, 37.474999999999746 ] ] ] } },
{ "type": "Feature", "properties": { "variability_nT": 23.6, "tier": "low", "score": 5.0 }, "geometry": { "type": "Polygon", "coordinates": [ [ [ 127.474999999999838, 37.474999999999746 ], [ 127.474999999999838, 37.524999999999743 ], [ 127.424999999999827, 37.524999999999743 ], [ 127.424999999999827, 37.474999999999746 ], [ 127.474999999999838, 37.474999999999746 ] ] ] } },
{ "type": "Feature", "properties": { "variability_nT": 28.4, "tier": "low", "score": 5.0 }, "geometry": { "type": "Polygon", "coordinates": [ [ [ 127.524999999999835, 37.474999999999746 ], [ 127.524999999999835, 37.524999999999743 ], [ 127.474999999999824, 37.524999999999743 ], [ 127.474999999999824, 37.474999999999746 ], [ 127.524999999999835, 37.474999999999746 ] ] ] } },
{ "type": "Feature", "properties": { "variability_nT": 21.9, "tier": "low", "score": 5.0 }, "geometry": { "type": "Polygon", "coordinates": [ [ [ 127.624999999999829, 37.474999999999746 ], [ 127.624999999999829, 37.524999999999743 ], [ 127.574999999999818, 37.524999999999743 ], [ 127.574999999999818, 37.474999999999746 ], [ 127.624999999999829, 37.474999999999746 ] ] ] } },
{ "type": "Feature", "properties": { "variability_nT": 25.0, "tier": "low", "score": 5.0 }, "geometry": { "type": "Polygon", "coordinates": [ [ [ 128.07499999999979, 37.474999999999746 ], [ 128.07499999999979, 37.524999999999743 ], [ 128.024999999999778, 37.524999999999743 ], [ 128.024999999999778, 37.474999999999746 ], [ 128.07499999999979, 37.474999999999746 ] ] ] } },
{ "type": "Feature", "properties": { "variability_nT": 23.4, "tier": "low", "score": 5.0 }, "geometry": { "type": "Polygon", "coordinates": [ [ [ 128.124999999999801, 37.474999999999746 ], [ 128.124999999999801, 37.524999999999743 ], [ 128.07499999999979, 37.524999999999743 ], [ 128.07499999999979, 37.474999999999746 ], [ 128.124999999999801, 37.474999999999746 ] ] ] } },
{ "type": "Feature", "properties": { "variability_nT": 24.4, "tier": "low", "score": 5.0 }, "geometry": { "type": "Polygon", "coordinates": [ [ [ 128.57499999999979, 37.474999999999746 ], [ 128.57499999999979, 37.524999999999743 ], [ 128.524999999999778, 37.524999999999743 ], [ 128.524999999999778, 37.474999999999746 ], [ 128.57499999999979, 37.474999999999746 ] ] ] } },
{ "type": "Feature", "properties": { "variability_nT": 24.8, "tier": "low", "score": 5.0 }, "geometry": { "type": "Polygon", "coordinates": [ [ [ 128.874999999999744, 37.474999999999746 ], [ 128.874999999999744, 37.524999999999743 ], [ 128.824999999999733, 37.524999999999743 ], [ 128.824999999999733, 37.474999999999746 ], [ 128.874999999999744, 37.474999999999746 ] ] ] } },
{ "type": "Feature", "properties": { "variability_nT": 17.7, "tier": "low", "score": 5.0 }, "geometry": { "type": "Polygon", "coordinates": [ [ [ 129.274999999999721, 37.474999999999746 ], [ 129.274999999999721, 37.524999999999743 ], [ 129.22499999999971, 37.524999999999743 ], [ 129.22499999999971, 37.474999999999746 ], [ 129.274999999999721, 37.474999999999746 ] ] ] } },
{ "type": "Feature", "properties": { "variability_nT": 8.5, "tier": "low", "score": 5.0 }, "geometry": { "type": "Polygon", "coordinates": [ [ [ 126.624999999999886, 37.524999999999743 ], [ 126.624999999999886, 37.57499999999974 ], [ 126.574999999999875, 37.57499999999974 ], [ 126.574999999999875, 37.524999999999743 ], [ 126.624999999999886, 37.524999999999743 ] ] ] } },
{ "type": "Feature", "properties": { "variability_nT": 20.8, "tier": "low", "score": 5.0 }, "geometry": { "type": "Polygon", "coordinates": [ [ [ 127.324999999999847, 37.524999999999743 ], [ 127.324999999999847, 37.57499999999974 ], [ 127.274999999999835, 37.57499999999974 ], [ 127.274999999999835, 37.524999999999743 ], [ 127.324999999999847, 37.524999999999743 ] ] ] } },
{ "type": "Feature", "properties": { "variability_nT": 13.8, "tier": "low", "score": 5.0 }, "geometry": { "type": "Polygon", "coordinates": [ [ [ 127.374999999999844, 37.524999999999743 ], [ 127.374999999999844, 37.57499999999974 ], [ 127.324999999999832, 37.57499999999974 ], [ 127.324999999999832, 37.524999999999743 ], [ 127.374999999999844, 37.524999999999743 ] ] ] } },
{ "type": "Feature", "properties": { "variability_nT": 18.0, "tier": "low", "score": 5.0 }, "geometry": { "type": "Polygon", "coordinates": [ [ [ 127.424999999999841, 37.524999999999743 ], [ 127.424999999999841, 37.57499999999974 ], [ 127.374999999999829, 37.57499999999974 ], [ 127.374999999999829, 37.524999999999743 ], [ 127.424999999999841, 37.524999999999743 ] ] ] } },
{ "type": "Feature", "properties": { "variability_nT": 29.0, "tier": "low", "score": 5.0 }, "geometry": { "type": "Polygon", "coordinates": [ [ [ 127.474999999999838, 37.524999999999743 ], [ 127.474999999999838, 37.57499999999974 ], [ 127.424999999999827, 37.57499999999974 ], [ 127.424999999999827, 37.524999999999743 ], [ 127.474999999999838, 37.524999999999743 ] ] ] } },
{ "type": "Feature", "properties": { "variability_nT": 27.3, "tier": "low", "score": 5.0 }, "geometry": { "type": "Polygon", "coordinates": [ [ [ 127.624999999999829, 37.524999999999743 ], [ 127.624999999999829, 37.57499999999974 ], [ 127.574999999999818, 37.57499999999974 ], [ 127.574999999999818, 37.524999999999743 ], [ 127.624999999999829, 37.524999999999743 ] ] ] } },
{ "type": "Feature", "properties": { "variability_nT": 25.4, "tier": "low", "score": 5.0 }, "geometry": { "type": "Polygon", "coordinates": [ [ [ 128.274999999999778, 37.524999999999743 ], [ 128.274999999999778, 37.57499999999974 ], [ 128.224999999999767, 37.57499999999974 ], [ 128.224999999999767, 37.524999999999743 ], [ 128.274999999999778, 37.524999999999743 ] ] ] } },
{ "type": "Feature", "properties": { "variability_nT": 19.0, "tier": "low", "score": 5.0 }, "geometry": { "type": "Polygon", "coordinates": [ [ [ 128.32499999999979, 37.524999999999743 ], [ 128.32499999999979, 37.57499999999974 ], [ 128.274999999999778, 37.57499999999974 ], [ 128.274999999999778, 37.524999999999743 ], [ 128.32499999999979, 37.524999999999743 ] ] ] } },
{ "type": "Feature", "properties": { "variability_nT": 25.0, "tier": "low", "score": 5.0 }, "geometry": { "type": "Polygon", "coordinates": [ [ [ 129.274999999999721, 37.524999999999743 ], [ 129.274999999999721, 37.57499999999974 ], [ 129.22499999999971, 37.57499999999974 ], [ 129.22499999999971, 37.524999999999743 ], [ 129.274999999999721, 37.524999999999743 ] ] ] } },
{ "type": "Feature", "properties": { "variability_nT": 14.7, "tier": "low", "score": 5.0 }, "geometry": { "type": "Polygon", "coordinates": [ [ [ 129.324999999999733, 37.524999999999743 ], [ 129.324999999999733, 37.57499999999974 ], [ 129.274999999999721, 37.57499999999974 ], [ 129.274999999999721, 37.524999999999743 ], [ 129.324999999999733, 37.524999999999743 ] ] ] } },
{ "type": "Feature", "properties": { "variability_nT": 18.7, "tier": "low", "score": 5.0 }, "geometry": { "type": "Polygon", "coordinates": [ [ [ 127.324999999999847, 37.57499999999974 ], [ 127.324999999999847, 37.624999999999737 ], [ 127.274999999999835, 37.624999999999737 ], [ 127.274999999999835, 37.57499999999974 ], [ 127.324999999999847, 37.57499999999974 ] ] ] } },
{ "type": "Feature", "properties": { "variability_nT": 15.8, "tier": "low", "score": 5.0 }, "geometry": { "type": "Polygon", "coordinates": [ [ [ 127.374999999999844, 37.57499999999974 ], [ 127.374999999999844, 37.624999999999737 ], [ 127.324999999999832, 37.624999999999737 ], [ 127.324999999999832, 37.57499999999974 ], [ 127.374999999999844, 37.57499999999974 ] ] ] } },
{ "type": "Feature", "properties": { "variability_nT": 12.3, "tier": "low", "score": 5.0 }, "geometry": { "type": "Polygon", "coordinates": [ [ [ 127.424999999999841, 37.57499999999974 ], [ 127.424999999999841, 37.624999999999737 ], [ 127.374999999999829, 37.624999999999737 ], [ 127.374999999999829, 37.57499999999974 ], [ 127.424999999999841, 37.57499999999974 ] ] ] } },
{ "type": "Feature", "properties": { "variability_nT": 15.8, "tier": "low", "score": 5.0 }, "geometry": { "type": "Polygon", "coordinates": [ [ [ 127.474999999999838, 37.57499999999974 ], [ 127.474999999999838, 37.624999999999737 ], [ 127.424999999999827, 37.624999999999737 ], [ 127.424999999999827, 37.57499999999974 ], [ 127.474999999999838, 37.57499999999974 ] ] ] } },
{ "type": "Feature", "properties": { "variability_nT": 29.5, "tier": "low", "score": 5.0 }, "geometry": { "type": "Polygon", "coordinates": [ [ [ 128.32499999999979, 37.57499999999974 ], [ 128.32499999999979, 37.624999999999737 ], [ 128.274999999999778, 37.624999999999737 ], [ 128.274999999999778, 37.57499999999974 ], [ 128.32499999999979, 37.57499999999974 ] ] ] } },
{ "type": "Feature", "properties": { "variability_nT": 27.5, "tier": "low", "score": 5.0 }, "geometry": { "type": "Polygon", "coordinates": [ [ [ 128.374999999999801, 37.57499999999974 ], [ 128.374999999999801, 37.624999999999737 ], [ 128.32499999999979, 37.624999999999737 ], [ 128.32499999999979, 37.57499999999974 ], [ 128.374999999999801, 37.57499999999974 ] ] ] } },
{ "type": "Feature", "properties": { "variability_nT": 21.0, "tier": "low", "score": 5.0 }, "geometry": { "type": "Polygon", "coordinates": [ [ [ 129.324999999999733, 37.57499999999974 ], [ 129.324999999999733, 37.624999999999737 ], [ 129.274999999999721, 37.624999999999737 ], [ 129.274999999999721, 37.57499999999974 ], [ 129.324999999999733, 37.57499999999974 ] ] ] } },
{ "type": "Feature", "properties": { "variability_nT": 20.0, "tier": "low", "score": 5.0 }, "geometry": { "type": "Polygon", "coordinates": [ [ [ 127.274999999999849, 37.624999999999737 ], [ 127.274999999999849, 37.674999999999734 ], [ 127.224999999999838, 37.674999999999734 ], [ 127.224999999999838, 37.624999999999737 ], [ 127.274999999999849, 37.624999999999737 ] ] ] } },
{ "type": "Feature", "properties": { "variability_nT": 17.6, "tier": "low", "score": 5.0 }, "geometry": { "type": "Polygon", "coordinates": [ [ [ 127.324999999999847, 37.624999999999737 ], [ 127.324999999999847, 37.674999999999734 ], [ 127.274999999999835, 37.674999999999734 ], [ 127.274999999999835, 37.624999999999737 ], [ 127.324999999999847, 37.624999999999737 ] ] ] } },
{ "type": "Feature", "properties": { "variability_nT": 18.0, "tier": "low", "score": 5.0 }, "geometry": { "type": "Polygon", "coordinates": [ [ [ 127.374999999999844, 37.624999999999737 ], [ 127.374999999999844, 37.674999999999734 ], [ 127.324999999999832, 37.674999999999734 ], [ 127.324999999999832, 37.624999999999737 ], [ 127.374999999999844, 37.624999999999737 ] ] ] } },
{ "type": "Feature", "properties": { "variability_nT": 12.3, "tier": "low", "score": 5.0 }, "geometry": { "type": "Polygon", "coordinates": [ [ [ 127.424999999999841, 37.624999999999737 ], [ 127.424999999999841, 37.674999999999734 ], [ 127.374999999999829, 37.674999999999734 ], [ 127.374999999999829, 37.624999999999737 ], [ 127.424999999999841, 37.624999999999737 ] ] ] } },
{ "type": "Feature", "properties": { "variability_nT": 21.7, "tier": "low", "score": 5.0 }, "geometry": { "type": "Polygon", "coordinates": [ [ [ 127.474999999999838, 37.624999999999737 ], [ 127.474999999999838, 37.674999999999734 ], [ 127.424999999999827, 37.674999999999734 ], [ 127.424999999999827, 37.624999999999737 ], [ 127.474999999999838, 37.624999999999737 ] ] ] } },
{ "type": "Feature", "properties": { "variability_nT": 28.4, "tier": "low", "score": 5.0 }, "geometry": { "type": "Polygon", "coordinates": [ [ [ 128.57499999999979, 37.624999999999737 ], [ 128.57499999999979, 37.674999999999734 ], [ 128.524999999999778, 37.674999999999734 ], [ 128.524999999999778, 37.624999999999737 ], [ 128.57499999999979, 37.624999999999737 ] ] ] } },
{ "type": "Feature", "properties": { "variability_nT": 22.7, "tier": "low", "score": 5.0 }, "geometry": { "type": "Polygon", "coordinates": [ [ [ 129.324999999999733, 37.624999999999737 ], [ 129.324999999999733, 37.674999999999734 ], [ 129.274999999999721, 37.674999999999734 ], [ 129.274999999999721, 37.624999999999737 ], [ 129.324999999999733, 37.624999999999737 ] ] ] } },
{ "type": "Feature", "properties": { "variability_nT": 26.0, "tier": "low", "score": 5.0 }, "geometry": { "type": "Polygon", "coordinates": [ [ [ 127.274999999999849, 37.674999999999734 ], [ 127.274999999999849, 37.724999999999731 ], [ 127.224999999999838, 37.724999999999731 ], [ 127.224999999999838, 37.674999999999734 ], [ 127.274999999999849, 37.674999999999734 ] ] ] } },
{ "type": "Feature", "properties": { "variability_nT": 20.6, "tier": "low", "score": 5.0 }, "geometry": { "type": "Polygon", "coordinates": [ [ [ 127.324999999999847, 37.674999999999734 ], [ 127.324999999999847, 37.724999999999731 ], [ 127.274999999999835, 37.724999999999731 ], [ 127.274999999999835, 37.674999999999734 ], [ 127.324999999999847, 37.674999999999734 ] ] ] } },
{ "type": "Feature", "properties": { "variability_nT": 15.4, "tier": "low", "score": 5.0 }, "geometry": { "type": "Polygon", "coordinates": [ [ [ 127.374999999999844, 37.674999999999734 ], [ 127.374999999999844, 37.724999999999731 ], [ 127.324999999999832, 37.724999999999731 ], [ 127.324999999999832, 37.674999999999734 ], [ 127.374999999999844, 37.674999999999734 ] ] ] } },
{ "type": "Feature", "properties": { "variability_nT": 29.3, "tier": "low", "score": 5.0 }, "geometry": { "type": "Polygon", "coordinates": [ [ [ 127.424999999999841, 37.674999999999734 ], [ 127.424999999999841, 37.724999999999731 ], [ 127.374999999999829, 37.724999999999731 ], [ 127.374999999999829, 37.674999999999734 ], [ 127.424999999999841, 37.674999999999734 ] ] ] } },
{ "type": "Feature", "properties": { "variability_nT": 24.2, "tier": "low", "score": 5.0 }, "geometry": { "type": "Polygon", "coordinates": [ [ [ 127.724999999999824, 37.674999999999734 ], [ 127.724999999999824, 37.724999999999731 ], [ 127.674999999999812, 37.724999999999731 ], [ 127.674999999999812, 37.674999999999734 ], [ 127.724999999999824, 37.674999999999734 ] ] ] } },
{ "type": "Feature", "properties": { "variability_nT": 26.2, "tier": "low", "score": 5.0 }, "geometry": { "type": "Polygon", "coordinates": [ [ [ 128.424999999999784, 37.674999999999734 ], [ 128.424999999999784, 37.724999999999731 ], [ 128.374999999999773, 37.724999999999731 ], [ 128.374999999999773, 37.674999999999734 ], [ 128.424999999999784, 37.674999999999734 ] ] ] } },
{ "type": "Feature", "properties": { "variability_nT": 22.3, "tier": "low", "score": 5.0 }, "geometry": { "type": "Polygon", "coordinates": [ [ [ 128.57499999999979, 37.674999999999734 ], [ 128.57499999999979, 37.724999999999731 ], [ 128.524999999999778, 37.724999999999731 ], [ 128.524999999999778, 37.674999999999734 ], [ 128.57499999999979, 37.674999999999734 ] ] ] } },
{ "type": "Feature", "properties": { "variability_nT": 28.6, "tier": "low", "score": 5.0 }, "geometry": { "type": "Polygon", "coordinates": [ [ [ 128.624999999999773, 37.674999999999734 ], [ 128.624999999999773, 37.724999999999731 ], [ 128.574999999999761, 37.724999999999731 ], [ 128.574999999999761, 37.674999999999734 ], [ 128.624999999999773, 37.674999999999734 ] ] ] } },
{ "type": "Feature", "properties": { "variability_nT": 20.9, "tier": "low", "score": 5.0 }, "geometry": { "type": "Polygon", "coordinates": [ [ [ 128.724999999999767, 37.674999999999734 ], [ 128.724999999999767, 37.724999999999731 ], [ 128.674999999999756, 37.724999999999731 ], [ 128.674999999999756, 37.674999999999734 ], [ 128.724999999999767, 37.674999999999734 ] ] ] } },
{ "type": "Feature", "properties": { "variability_nT": 21.4, "tier": "low", "score": 5.0 }, "geometry": { "type": "Polygon", "coordinates": [ [ [ 128.774999999999778, 37.674999999999734 ], [ 128.774999999999778, 37.724999999999731 ], [ 128.724999999999767, 37.724999999999731 ], [ 128.724999999999767, 37.674999999999734 ], [ 128.774999999999778, 37.674999999999734 ] ] ] } },
{ "type": "Feature", "properties": { "variability_nT": 27.7, "tier": "low", "score": 5.0 }, "geometry": { "type": "Polygon", "coordinates": [ [ [ 128.824999999999761, 37.674999999999734 ], [ 128.824999999999761, 37.724999999999731 ], [ 128.77499999999975, 37.724999999999731 ], [ 128.77499999999975, 37.674999999999734 ], [ 128.824999999999761, 37.674999999999734 ] ] ] } },
{ "type": "Feature", "properties": { "variability_nT": 4.8, "tier": "low", "score": 5.0 }, "geometry": { "type": "Polygon", "coordinates": [ [ [ 129.274999999999721, 37.674999999999734 ], [ 129.274999999999721, 37.724999999999731 ], [ 129.22499999999971, 37.724999999999731 ], [ 129.22499999999971, 37.674999999999734 ], [ 129.274999999999721, 37.674999999999734 ] ] ] } },
{ "type": "Feature", "properties": { "variability_nT": 8.3, "tier": "low", "score": 5.0 }, "geometry": { "type": "Polygon", "coordinates": [ [ [ 127.274999999999849, 37.724999999999731 ], [ 127.274999999999849, 37.774999999999729 ], [ 127.224999999999838, 37.774999999999729 ], [ 127.224999999999838, 37.724999999999731 ], [ 127.274999999999849, 37.724999999999731 ] ] ] } },
{ "type": "Feature", "properties": { "variability_nT": 6.3, "tier": "low", "score": 5.0 }, "geometry": { "type": "Polygon", "coordinates": [ [ [ 127.324999999999847, 37.724999999999731 ], [ 127.324999999999847, 37.774999999999729 ], [ 127.274999999999835, 37.774999999999729 ], [ 127.274999999999835, 37.724999999999731 ], [ 127.324999999999847, 37.724999999999731 ] ] ] } },
{ "type": "Feature", "properties": { "variability_nT": 12.4, "tier": "low", "score": 5.0 }, "geometry": { "type": "Polygon", "coordinates": [ [ [ 127.374999999999844, 37.724999999999731 ], [ 127.374999999999844, 37.774999999999729 ], [ 127.324999999999832, 37.774999999999729 ], [ 127.324999999999832, 37.724999999999731 ], [ 127.374999999999844, 37.724999999999731 ] ] ] } },
{ "type": "Feature", "properties": { "variability_nT": 28.0, "tier": "low", "score": 5.0 }, "geometry": { "type": "Polygon", "coordinates": [ [ [ 127.674999999999827, 37.724999999999731 ], [ 127.674999999999827, 37.774999999999729 ], [ 127.624999999999815, 37.774999999999729 ], [ 127.624999999999815, 37.724999999999731 ], [ 127.674999999999827, 37.724999999999731 ] ] ] } },
{ "type": "Feature", "properties": { "variability_nT": 29.0, "tier": "low", "score": 5.0 }, "geometry": { "type": "Polygon", "coordinates": [ [ [ 127.924999999999812, 37.724999999999731 ], [ 127.924999999999812, 37.774999999999729 ], [ 127.874999999999801, 37.774999999999729 ], [ 127.874999999999801, 37.724999999999731 ], [ 127.924999999999812, 37.724999999999731 ] ] ] } },
{ "type": "Feature", "properties": { "variability_nT": 27.7, "tier": "low", "score": 5.0 }, "geometry": { "type": "Polygon", "coordinates": [ [ [ 128.824999999999761, 37.724999999999731 ], [ 128.824999999999761, 37.774999999999729 ], [ 128.77499999999975, 37.774999999999729 ], [ 128.77499999999975, 37.724999999999731 ], [ 128.824999999999761, 37.724999999999731 ] ] ] } },
{ "type": "Feature", "properties": { "variability_nT": 21.3, "tier": "low", "score": 5.0 }, "geometry": { "type": "Polygon", "coordinates": [ [ [ 129.174999999999756, 37.724999999999731 ], [ 129.174999999999756, 37.774999999999729 ], [ 129.124999999999744, 37.774999999999729 ], [ 129.124999999999744, 37.724999999999731 ], [ 129.174999999999756, 37.724999999999731 ] ] ] } },
{ "type": "Feature", "properties": { "variability_nT": 2.0, "tier": "low", "score": 5.0 }, "geometry": { "type": "Polygon", "coordinates": [ [ [ 127.324999999999847, 37.774999999999729 ], [ 127.324999999999847, 37.824999999999726 ], [ 127.274999999999835, 37.824999999999726 ], [ 127.274999999999835, 37.774999999999729 ], [ 127.324999999999847, 37.774999999999729 ] ] ] } },
{ "type": "Feature", "properties": { "variability_nT": 20.2, "tier": "low", "score": 5.0 }, "geometry": { "type": "Polygon", "coordinates": [ [ [ 127.374999999999844, 37.774999999999729 ], [ 127.374999999999844, 37.824999999999726 ], [ 127.324999999999832, 37.824999999999726 ], [ 127.324999999999832, 37.774999999999729 ], [ 127.374999999999844, 37.774999999999729 ] ] ] } },
{ "type": "Feature", "properties": { "variability_nT": 19.5, "tier": "low", "score": 5.0 }, "geometry": { "type": "Polygon", "coordinates": [ [ [ 127.424999999999841, 37.774999999999729 ], [ 127.424999999999841, 37.824999999999726 ], [ 127.374999999999829, 37.824999999999726 ], [ 127.374999999999829, 37.774999999999729 ], [ 127.424999999999841, 37.774999999999729 ] ] ] } },
{ "type": "Feature", "properties": { "variability_nT": 19.5, "tier": "low", "score": 5.0 }, "geometry": { "type": "Polygon", "coordinates": [ [ [ 127.674999999999827, 37.774999999999729 ], [ 127.674999999999827, 37.824999999999726 ], [ 127.624999999999815, 37.824999999999726 ], [ 127.624999999999815, 37.774999999999729 ], [ 127.674999999999827, 37.774999999999729 ] ] ] } },
{ "type": "Feature", "properties": { "variability_nT": 21.8, "tier": "low", "score": 5.0 }, "geometry": { "type": "Polygon", "coordinates": [ [ [ 127.874999999999815, 37.774999999999729 ], [ 127.874999999999815, 37.824999999999726 ], [ 127.824999999999804, 37.824999999999726 ], [ 127.824999999999804, 37.774999999999729 ], [ 127.874999999999815, 37.774999999999729 ] ] ] } },
{ "type": "Feature", "properties": { "variability_nT": 11.9, "tier": "low", "score": 5.0 }, "geometry": { "type": "Polygon", "coordinates": [ [ [ 127.924999999999812, 37.774999999999729 ], [ 127.924999999999812, 37.824999999999726 ], [ 127.874999999999801, 37.824999999999726 ], [ 127.874999999999801, 37.774999999999729 ], [ 127.924999999999812, 37.774999999999729 ] ] ] } },
{ "type": "Feature", "properties": { "variability_nT": 25.4, "tier": "low", "score": 5.0 }, "geometry": { "type": "Polygon", "coordinates": [ [ [ 128.624999999999773, 37.774999999999729 ], [ 128.624999999999773, 37.824999999999726 ], [ 128.574999999999761, 37.824999999999726 ], [ 128.574999999999761, 37.774999999999729 ], [ 128.624999999999773, 37.774999999999729 ] ] ] } },
{ "type": "Feature", "properties": { "variability_nT": 25.4, "tier": "low", "score": 5.0 }, "geometry": { "type": "Polygon", "coordinates": [ [ [ 128.674999999999756, 37.774999999999729 ], [ 128.674999999999756, 37.824999999999726 ], [ 128.624999999999744, 37.824999999999726 ], [ 128.624999999999744, 37.774999999999729 ], [ 128.674999999999756, 37.774999999999729 ] ] ] } },
{ "type": "Feature", "properties": { "variability_nT": 22.8, "tier": "low", "score": 5.0 }, "geometry": { "type": "Polygon", "coordinates": [ [ [ 128.824999999999761, 37.774999999999729 ], [ 128.824999999999761, 37.824999999999726 ], [ 128.77499999999975, 37.824999999999726 ], [ 128.77499999999975, 37.774999999999729 ], [ 128.824999999999761, 37.774999999999729 ] ] ] } },
{ "type": "Feature", "properties": { "variability_nT": 25.4, "tier": "low", "score": 5.0 }, "geometry": { "type": "Polygon", "coordinates": [ [ [ 128.874999999999744, 37.774999999999729 ], [ 128.874999999999744, 37.824999999999726 ], [ 128.824999999999733, 37.824999999999726 ], [ 128.824999999999733, 37.774999999999729 ], [ 128.874999999999744, 37.774999999999729 ] ] ] } },
{ "type": "Feature", "properties": { "variability_nT": 28.6, "tier": "low", "score": 5.0 }, "geometry": { "type": "Polygon", "coordinates": [ [ [ 128.924999999999756, 37.774999999999729 ], [ 128.924999999999756, 37.824999999999726 ], [ 128.874999999999744, 37.824999999999726 ], [ 128.874999999999744, 37.774999999999729 ], [ 128.924999999999756, 37.774999999999729 ] ] ] } },
{ "type": "Feature", "properties": { "variability_nT": 25.1, "tier": "low", "score": 5.0 }, "geometry": { "type": "Polygon", "coordinates": [ [ [ 129.02499999999975, 37.774999999999729 ], [ 129.02499999999975, 37.824999999999726 ], [ 128.974999999999739, 37.824999999999726 ], [ 128.974999999999739, 37.774999999999729 ], [ 129.02499999999975, 37.774999999999729 ] ] ] } },
{ "type": "Feature", "properties": { "variability_nT": 24.0, "tier": "low", "score": 5.0 }, "geometry": { "type": "Polygon", "coordinates": [ [ [ 129.074999999999733, 37.774999999999729 ], [ 129.074999999999733, 37.824999999999726 ], [ 129.024999999999721, 37.824999999999726 ], [ 129.024999999999721, 37.774999999999729 ], [ 129.074999999999733, 37.774999999999729 ] ] ] } },
{ "type": "Feature", "properties": { "variability_nT": 12.5, "tier": "low", "score": 5.0 }, "geometry": { "type": "Polygon", "coordinates": [ [ [ 127.924999999999812, 37.824999999999726 ], [ 127.924999999999812, 37.874999999999723 ], [ 127.874999999999801, 37.874999999999723 ], [ 127.874999999999801, 37.824999999999726 ], [ 127.924999999999812, 37.824999999999726 ] ] ] } },
{ "type": "Feature", "properties": { "variability_nT": 22.9, "tier": "low", "score": 5.0 }, "geometry": { "type": "Polygon", "coordinates": [ [ [ 127.97499999999981, 37.824999999999726 ], [ 127.97499999999981, 37.874999999999723 ], [ 127.924999999999798, 37.874999999999723 ], [ 127.924999999999798, 37.824999999999726 ], [ 127.97499999999981, 37.824999999999726 ] ] ] } },
{ "type": "Feature", "properties": { "variability_nT": 27.3, "tier": "low", "score": 5.0 }, "geometry": { "type": "Polygon", "coordinates": [ [ [ 128.124999999999801, 37.824999999999726 ], [ 128.124999999999801, 37.874999999999723 ], [ 128.07499999999979, 37.874999999999723 ], [ 128.07499999999979, 37.824999999999726 ], [ 128.124999999999801, 37.824999999999726 ] ] ] } },
{ "type": "Feature", "properties": { "variability_nT": 22.2, "tier": "low", "score": 5.0 }, "geometry": { "type": "Polygon", "coordinates": [ [ [ 128.624999999999773, 37.824999999999726 ], [ 128.624999999999773, 37.874999999999723 ], [ 128.574999999999761, 37.874999999999723 ], [ 128.574999999999761, 37.824999999999726 ], [ 128.624999999999773, 37.824999999999726 ] ] ] } },
{ "type": "Feature", "properties": { "variability_nT": 25.1, "tier": "low", "score": 5.0 }, "geometry": { "type": "Polygon", "coordinates": [ [ [ 128.674999999999756, 37.824999999999726 ], [ 128.674999999999756, 37.874999999999723 ], [ 128.624999999999744, 37.874999999999723 ], [ 128.624999999999744, 37.824999999999726 ], [ 128.674999999999756, 37.824999999999726 ] ] ] } },
{ "type": "Feature", "properties": { "variability_nT": 13.8, "tier": "low", "score": 5.0 }, "geometry": { "type": "Polygon", "coordinates": [ [ [ 128.724999999999767, 37.824999999999726 ], [ 128.724999999999767, 37.874999999999723 ], [ 128.674999999999756, 37.874999999999723 ], [ 128.674999999999756, 37.824999999999726 ], [ 128.724999999999767, 37.824999999999726 ] ] ] } },
{ "type": "Feature", "properties": { "variability_nT": 24.9, "tier": "low", "score": 5.0 }, "geometry": { "type": "Polygon", "coordinates": [ [ [ 128.774999999999778, 37.824999999999726 ], [ 128.774999999999778, 37.874999999999723 ], [ 128.724999999999767, 37.874999999999723 ], [ 128.724999999999767, 37.824999999999726 ], [ 128.774999999999778, 37.824999999999726 ] ] ] } },
{ "type": "Feature", "properties": { "variability_nT": 21.1, "tier": "low", "score": 5.0 }, "geometry": { "type": "Polygon", "coordinates": [ [ [ 128.824999999999761, 37.824999999999726 ], [ 128.824999999999761, 37.874999999999723 ], [ 128.77499999999975, 37.874999999999723 ], [ 128.77499999999975, 37.824999999999726 ], [ 128.824999999999761, 37.824999999999726 ] ] ] } },
{ "type": "Feature", "properties": { "variability_nT": 28.8, "tier": "low", "score": 5.0 }, "geometry": { "type": "Polygon", "coordinates": [ [ [ 128.874999999999744, 37.824999999999726 ], [ 128.874999999999744, 37.874999999999723 ], [ 128.824999999999733, 37.874999999999723 ], [ 128.824999999999733, 37.824999999999726 ], [ 128.874999999999744, 37.824999999999726 ] ] ] } },
{ "type": "Feature", "properties": { "variability_nT": 26.5, "tier": "low", "score": 5.0 }, "geometry": { "type": "Polygon", "coordinates": [ [ [ 128.924999999999756, 37.824999999999726 ], [ 128.924999999999756, 37.874999999999723 ], [ 128.874999999999744, 37.874999999999723 ], [ 128.874999999999744, 37.824999999999726 ], [ 128.924999999999756, 37.824999999999726 ] ] ] } },
{ "type": "Feature", "properties": { "variability_nT": 28.4, "tier": "low", "score": 5.0 }, "geometry": { "type": "Polygon", "coordinates": [ [ [ 129.074999999999733, 37.824999999999726 ], [ 129.074999999999733, 37.874999999999723 ], [ 129.024999999999721, 37.874999999999723 ], [ 129.024999999999721, 37.824999999999726 ], [ 129.074999999999733, 37.824999999999726 ] ] ] } },
{ "type": "Feature", "properties": { "variability_nT": 16.6, "tier": "low", "score": 5.0 }, "geometry": { "type": "Polygon", "coordinates": [ [ [ 127.924999999999812, 37.874999999999723 ], [ 127.924999999999812, 37.92499999999972 ], [ 127.874999999999801, 37.92499999999972 ], [ 127.874999999999801, 37.874999999999723 ], [ 127.924999999999812, 37.874999999999723 ] ] ] } },
{ "type": "Feature", "properties": { "variability_nT": 22.1, "tier": "low", "score": 5.0 }, "geometry": { "type": "Polygon", "coordinates": [ [ [ 127.97499999999981, 37.874999999999723 ], [ 127.97499999999981, 37.92499999999972 ], [ 127.924999999999798, 37.92499999999972 ], [ 127.924999999999798, 37.874999999999723 ], [ 127.97499999999981, 37.874999999999723 ] ] ] } },
{ "type": "Feature", "properties": { "variability_nT": 28.7, "tier": "low", "score": 5.0 }, "geometry": { "type": "Polygon", "coordinates": [ [ [ 128.57499999999979, 37.874999999999723 ], [ 128.57499999999979, 37.92499999999972 ], [ 128.524999999999778, 37.92499999999972 ], [ 128.524999999999778, 37.874999999999723 ], [ 128.57499999999979, 37.874999999999723 ] ] ] } },
{ "type": "Feature", "properties": { "variability_nT": 20.6, "tier": "low", "score": 5.0 }, "geometry": { "type": "Polygon", "coordinates": [ [ [ 128.624999999999773, 37.874999999999723 ], [ 128.624999999999773, 37.92499999999972 ], [ 128.574999999999761, 37.92499999999972 ], [ 128.574999999999761, 37.874999999999723 ], [ 128.624999999999773, 37.874999999999723 ] ] ] } },
{ "type": "Feature", "properties": { "variability_nT": 18.5, "tier": "low", "score": 5.0 }, "geometry": { "type": "Polygon", "coordinates": [ [ [ 128.674999999999756, 37.874999999999723 ], [ 128.674999999999756, 37.92499999999972 ], [ 128.624999999999744, 37.92499999999972 ], [ 128.624999999999744, 37.874999999999723 ], [ 128.674999999999756, 37.874999999999723 ] ] ] } },
{ "type": "Feature", "properties": { "variability_nT": 11.5, "tier": "low", "score": 5.0 }, "geometry": { "type": "Polygon", "coordinates": [ [ [ 128.724999999999767, 37.874999999999723 ], [ 128.724999999999767, 37.92499999999972 ], [ 128.674999999999756, 37.92499999999972 ], [ 128.674999999999756, 37.874999999999723 ], [ 128.724999999999767, 37.874999999999723 ] ] ] } },
{ "type": "Feature", "properties": { "variability_nT": 11.5, "tier": "low", "score": 5.0 }, "geometry": { "type": "Polygon", "coordinates": [ [ [ 128.774999999999778, 37.874999999999723 ], [ 128.774999999999778, 37.92499999999972 ], [ 128.724999999999767, 37.92499999999972 ], [ 128.724999999999767, 37.874999999999723 ], [ 128.774999999999778, 37.874999999999723 ] ] ] } },
{ "type": "Feature", "properties": { "variability_nT": 15.9, "tier": "low", "score": 5.0 }, "geometry": { "type": "Polygon", "coordinates": [ [ [ 128.824999999999761, 37.874999999999723 ], [ 128.824999999999761, 37.92499999999972 ], [ 128.77499999999975, 37.92499999999972 ], [ 128.77499999999975, 37.874999999999723 ], [ 128.824999999999761, 37.874999999999723 ] ] ] } },
{ "type": "Feature", "properties": { "variability_nT": 14.2, "tier": "low", "score": 5.0 }, "geometry": { "type": "Polygon", "coordinates": [ [ [ 128.874999999999744, 37.874999999999723 ], [ 128.874999999999744, 37.92499999999972 ], [ 128.824999999999733, 37.92499999999972 ], [ 128.824999999999733, 37.874999999999723 ], [ 128.874999999999744, 37.874999999999723 ] ] ] } },
{ "type": "Feature", "properties": { "variability_nT": 19.5, "tier": "low", "score": 5.0 }, "geometry": { "type": "Polygon", "coordinates": [ [ [ 128.924999999999756, 37.874999999999723 ], [ 128.924999999999756, 37.92499999999972 ], [ 128.874999999999744, 37.92499999999972 ], [ 128.874999999999744, 37.874999999999723 ], [ 128.924999999999756, 37.874999999999723 ] ] ] } },
{ "type": "Feature", "properties": { "variability_nT": 16.5, "tier": "low", "score": 5.0 }, "geometry": { "type": "Polygon", "coordinates": [ [ [ 129.124999999999744, 37.874999999999723 ], [ 129.124999999999744, 37.92499999999972 ], [ 129.074999999999733, 37.92499999999972 ], [ 129.074999999999733, 37.874999999999723 ], [ 129.124999999999744, 37.874999999999723 ] ] ] } },
{ "type": "Feature", "properties": { "variability_nT": 20.0, "tier": "low", "score": 5.0 }, "geometry": { "type": "Polygon", "coordinates": [ [ [ 128.024999999999807, 37.92499999999972 ], [ 128.024999999999807, 37.974999999999717 ], [ 127.974999999999795, 37.974999999999717 ], [ 127.974999999999795, 37.92499999999972 ], [ 128.024999999999807, 37.92499999999972 ] ] ] } },
{ "type": "Feature", "properties": { "variability_nT": 25.7, "tier": "low", "score": 5.0 }, "geometry": { "type": "Polygon", "coordinates": [ [ [ 128.07499999999979, 37.92499999999972 ], [ 128.07499999999979, 37.974999999999717 ], [ 128.024999999999778, 37.974999999999717 ], [ 128.024999999999778, 37.92499999999972 ], [ 128.07499999999979, 37.92499999999972 ] ] ] } },
{ "type": "Feature", "properties": { "variability_nT": 20.2, "tier": "low", "score": 5.0 }, "geometry": { "type": "Polygon", "coordinates": [ [ [ 128.624999999999773, 37.92499999999972 ], [ 128.624999999999773, 37.974999999999717 ], [ 128.574999999999761, 37.974999999999717 ], [ 128.574999999999761, 37.92499999999972 ], [ 128.624999999999773, 37.92499999999972 ] ] ] } },
{ "type": "Feature", "properties": { "variability_nT": 15.5, "tier": "low", "score": 5.0 }, "geometry": { "type": "Polygon", "coordinates": [ [ [ 128.024999999999807, 37.974999999999717 ], [ 128.024999999999807, 38.024999999999714 ], [ 127.974999999999795, 38.024999999999714 ], [ 127.974999999999795, 37.974999999999717 ], [ 128.024999999999807, 37.974999999999717 ] ] ] } },
{ "type": "Feature", "properties": { "variability_nT": 15.6, "tier": "low", "score": 5.0 }, "geometry": { "type": "Polygon", "coordinates": [ [ [ 128.07499999999979, 37.974999999999717 ], [ 128.07499999999979, 38.024999999999714 ], [ 128.024999999999778, 38.024999999999714 ], [ 128.024999999999778, 37.974999999999717 ], [ 128.07499999999979, 37.974999999999717 ] ] ] } },
{ "type": "Feature", "properties": { "variability_nT": 22.9, "tier": "low", "score": 5.0 }, "geometry": { "type": "Polygon", "coordinates": [ [ [ 128.124999999999801, 37.974999999999717 ], [ 128.124999999999801, 38.024999999999714 ], [ 128.07499999999979, 38.024999999999714 ], [ 128.07499999999979, 37.974999999999717 ], [ 128.124999999999801, 37.974999999999717 ] ] ] } },
{ "type": "Feature", "properties": { "variability_nT": 25.9, "tier": "low", "score": 5.0 }, "geometry": { "type": "Polygon", "coordinates": [ [ [ 128.424999999999784, 37.974999999999717 ], [ 128.424999999999784, 38.024999999999714 ], [ 128.374999999999773, 38.024999999999714 ], [ 128.374999999999773, 37.974999999999717 ], [ 128.424999999999784, 37.974999999999717 ] ] ] } },
{ "type": "Feature", "properties": { "variability_nT": 27.3, "tier": "low", "score": 5.0 }, "geometry": { "type": "Polygon", "coordinates": [ [ [ 128.57499999999979, 37.974999999999717 ], [ 128.57499999999979, 38.024999999999714 ], [ 128.524999999999778, 38.024999999999714 ], [ 128.524999999999778, 37.974999999999717 ], [ 128.57499999999979, 37.974999999999717 ] ] ] } },
{ "type": "Feature", "properties": { "variability_nT": 19.2, "tier": "low", "score": 5.0 }, "geometry": { "type": "Polygon", "coordinates": [ [ [ 128.624999999999773, 37.974999999999717 ], [ 128.624999999999773, 38.024999999999714 ], [ 128.574999999999761, 38.024999999999714 ], [ 128.574999999999761, 37.974999999999717 ], [ 128.624999999999773, 37.974999999999717 ] ] ] } },
{ "type": "Feature", "properties": { "variability_nT": 17.2, "tier": "low", "score": 5.0 }, "geometry": { "type": "Polygon", "coordinates": [ [ [ 128.674999999999756, 37.974999999999717 ], [ 128.674999999999756, 38.024999999999714 ], [ 128.624999999999744, 38.024999999999714 ], [ 128.624999999999744, 37.974999999999717 ], [ 128.674999999999756, 37.974999999999717 ] ] ] } },
{ "type": "Feature", "properties": { "variability_nT": 19.4, "tier": "low", "score": 5.0 }, "geometry": { "type": "Polygon", "coordinates": [ [ [ 128.724999999999767, 37.974999999999717 ], [ 128.724999999999767, 38.024999999999714 ], [ 128.674999999999756, 38.024999999999714 ], [ 128.674999999999756, 37.974999999999717 ], [ 128.724999999999767, 37.974999999999717 ] ] ] } },
{ "type": "Feature", "properties": { "variability_nT": 23.7, "tier": "low", "score": 5.0 }, "geometry": { "type": "Polygon", "coordinates": [ [ [ 128.774999999999778, 37.974999999999717 ], [ 128.774999999999778, 38.024999999999714 ], [ 128.724999999999767, 38.024999999999714 ], [ 128.724999999999767, 37.974999999999717 ], [ 128.774999999999778, 37.974999999999717 ] ] ] } },
{ "type": "Feature", "properties": { "variability_nT": 27.7, "tier": "low", "score": 5.0 }, "geometry": { "type": "Polygon", "coordinates": [ [ [ 128.824999999999761, 37.974999999999717 ], [ 128.824999999999761, 38.024999999999714 ], [ 128.77499999999975, 38.024999999999714 ], [ 128.77499999999975, 37.974999999999717 ], [ 128.824999999999761, 37.974999999999717 ] ] ] } },
{ "type": "Feature", "properties": { "variability_nT": 24.9, "tier": "low", "score": 5.0 }, "geometry": { "type": "Polygon", "coordinates": [ [ [ 128.874999999999744, 37.974999999999717 ], [ 128.874999999999744, 38.024999999999714 ], [ 128.824999999999733, 38.024999999999714 ], [ 128.824999999999733, 37.974999999999717 ], [ 128.874999999999744, 37.974999999999717 ] ] ] } },
{ "type": "Feature", "properties": { "variability_nT": 28.1, "tier": "low", "score": 5.0 }, "geometry": { "type": "Polygon", "coordinates": [ [ [ 128.924999999999756, 37.974999999999717 ], [ 128.924999999999756, 38.024999999999714 ], [ 128.874999999999744, 38.024999999999714 ], [ 128.874999999999744, 37.974999999999717 ], [ 128.924999999999756, 37.974999999999717 ] ] ] } },
{ "type": "Feature", "properties": { "variability_nT": 22.8, "tier": "low", "score": 5.0 }, "geometry": { "type": "Polygon", "coordinates": [ [ [ 128.974999999999767, 37.974999999999717 ], [ 128.974999999999767, 38.024999999999714 ], [ 128.924999999999756, 38.024999999999714 ], [ 128.924999999999756, 37.974999999999717 ], [ 128.974999999999767, 37.974999999999717 ] ] ] } },
{ "type": "Feature", "properties": { "variability_nT": 25.6, "tier": "low", "score": 5.0 }, "geometry": { "type": "Polygon", "coordinates": [ [ [ 129.02499999999975, 37.974999999999717 ], [ 129.02499999999975, 38.024999999999714 ], [ 128.974999999999739, 38.024999999999714 ], [ 128.974999999999739, 37.974999999999717 ], [ 129.02499999999975, 37.974999999999717 ] ] ] } },
{ "type": "Feature", "properties": { "variability_nT": 12.5, "tier": "low", "score": 5.0 }, "geometry": { "type": "Polygon", "coordinates": [ [ [ 128.07499999999979, 38.024999999999714 ], [ 128.07499999999979, 38.074999999999712 ], [ 128.024999999999778, 38.074999999999712 ], [ 128.024999999999778, 38.024999999999714 ], [ 128.07499999999979, 38.024999999999714 ] ] ] } },
{ "type": "Feature", "properties": { "variability_nT": 29.8, "tier": "low", "score": 5.0 }, "geometry": { "type": "Polygon", "coordinates": [ [ [ 128.124999999999801, 38.024999999999714 ], [ 128.124999999999801, 38.074999999999712 ], [ 128.07499999999979, 38.074999999999712 ], [ 128.07499999999979, 38.024999999999714 ], [ 128.124999999999801, 38.024999999999714 ] ] ] } },
{ "type": "Feature", "properties": { "variability_nT": 22.6, "tier": "low", "score": 5.0 }, "geometry": { "type": "Polygon", "coordinates": [ [ [ 128.224999999999795, 38.024999999999714 ], [ 128.224999999999795, 38.074999999999712 ], [ 128.174999999999784, 38.074999999999712 ], [ 128.174999999999784, 38.024999999999714 ], [ 128.224999999999795, 38.024999999999714 ] ] ] } },
{ "type": "Feature", "properties": { "variability_nT": 18.5, "tier": "low", "score": 5.0 }, "geometry": { "type": "Polygon", "coordinates": [ [ [ 128.274999999999778, 38.024999999999714 ], [ 128.274999999999778, 38.074999999999712 ], [ 128.224999999999767, 38.074999999999712 ], [ 128.224999999999767, 38.024999999999714 ], [ 128.274999999999778, 38.024999999999714 ] ] ] } },
{ "type": "Feature", "properties": { "variability_nT": 29.2, "tier": "low", "score": 5.0 }, "geometry": { "type": "Polygon", "coordinates": [ [ [ 128.32499999999979, 38.024999999999714 ], [ 128.32499999999979, 38.074999999999712 ], [ 128.274999999999778, 38.074999999999712 ], [ 128.274999999999778, 38.024999999999714 ], [ 128.32499999999979, 38.024999999999714 ] ] ] } },
{ "type": "Feature", "properties": { "variability_nT": 1.9, "tier": "low", "score": 5.0 }, "geometry": { "type": "Polygon", "coordinates": [ [ [ 128.374999999999801, 38.024999999999714 ], [ 128.374999999999801, 38.074999999999712 ], [ 128.32499999999979, 38.074999999999712 ], [ 128.32499999999979, 38.024999999999714 ], [ 128.374999999999801, 38.024999999999714 ] ] ] } },
{ "type": "Feature", "properties": { "variability_nT": 7.9, "tier": "low", "score": 5.0 }, "geometry": { "type": "Polygon", "coordinates": [ [ [ 128.424999999999784, 38.024999999999714 ], [ 128.424999999999784, 38.074999999999712 ], [ 128.374999999999773, 38.074999999999712 ], [ 128.374999999999773, 38.024999999999714 ], [ 128.424999999999784, 38.024999999999714 ] ] ] } },
{ "type": "Feature", "properties": { "variability_nT": 9.7, "tier": "low", "score": 5.0 }, "geometry": { "type": "Polygon", "coordinates": [ [ [ 128.474999999999767, 38.024999999999714 ], [ 128.474999999999767, 38.074999999999712 ], [ 128.424999999999756, 38.074999999999712 ], [ 128.424999999999756, 38.024999999999714 ], [ 128.474999999999767, 38.024999999999714 ] ] ] } },
{ "type": "Feature", "properties": { "variability_nT": 24.6, "tier": "low", "score": 5.0 }, "geometry": { "type": "Polygon", "coordinates": [ [ [ 128.674999999999756, 38.024999999999714 ], [ 128.674999999999756, 38.074999999999712 ], [ 128.624999999999744, 38.074999999999712 ], [ 128.624999999999744, 38.024999999999714 ], [ 128.674999999999756, 38.024999999999714 ] ] ] } },
{ "type": "Feature", "properties": { "variability_nT": 24.1, "tier": "low", "score": 5.0 }, "geometry": { "type": "Polygon", "coordinates": [ [ [ 128.774999999999778, 38.024999999999714 ], [ 128.774999999999778, 38.074999999999712 ], [ 128.724999999999767, 38.074999999999712 ], [ 128.724999999999767, 38.024999999999714 ], [ 128.774999999999778, 38.024999999999714 ] ] ] } },
{ "type": "Feature", "properties": { "variability_nT": 23.4, "tier": "low", "score": 5.0 }, "geometry": { "type": "Polygon", "coordinates": [ [ [ 128.824999999999761, 38.024999999999714 ], [ 128.824999999999761, 38.074999999999712 ], [ 128.77499999999975, 38.074999999999712 ], [ 128.77499999999975, 38.024999999999714 ], [ 128.824999999999761, 38.024999999999714 ] ] ] } },
{ "type": "Feature", "properties": { "variability_nT": 12.2, "tier": "low", "score": 5.0 }, "geometry": { "type": "Polygon", "coordinates": [ [ [ 128.874999999999744, 38.024999999999714 ], [ 128.874999999999744, 38.074999999999712 ], [ 128.824999999999733, 38.074999999999712 ], [ 128.824999999999733, 38.024999999999714 ], [ 128.874999999999744, 38.024999999999714 ] ] ] } },
{ "type": "Feature", "properties": { "variability_nT": 11.4, "tier": "low", "score": 5.0 }, "geometry": { "type": "Polygon", "coordinates": [ [ [ 128.924999999999756, 38.024999999999714 ], [ 128.924999999999756, 38.074999999999712 ], [ 128.874999999999744, 38.074999999999712 ], [ 128.874999999999744, 38.024999999999714 ], [ 128.924999999999756, 38.024999999999714 ] ] ] } },
{ "type": "Feature", "properties": { "variability_nT": 3.8, "tier": "low", "score": 5.0 }, "geometry": { "type": "Polygon", "coordinates": [ [ [ 128.974999999999767, 38.024999999999714 ], [ 128.974999999999767, 38.074999999999712 ], [ 128.924999999999756, 38.074999999999712 ], [ 128.924999999999756, 38.024999999999714 ], [ 128.974999999999767, 38.024999999999714 ] ] ] } },
{ "type": "Feature", "properties": { "variability_nT": 22.8, "tier": "low", "score": 5.0 }, "geometry": { "type": "Polygon", "coordinates": [ [ [ 128.674999999999756, 38.074999999999712 ], [ 128.674999999999756, 38.124999999999709 ], [ 128.624999999999744, 38.124999999999709 ], [ 128.624999999999744, 38.074999999999712 ], [ 128.674999999999756, 38.074999999999712 ] ] ] } },
{ "type": "Feature", "properties": { "variability_nT": 17.1, "tier": "low", "score": 5.0 }, "geometry": { "type": "Polygon", "coordinates": [ [ [ 128.724999999999767, 38.074999999999712 ], [ 128.724999999999767, 38.124999999999709 ], [ 128.674999999999756, 38.124999999999709 ], [ 128.674999999999756, 38.074999999999712 ], [ 128.724999999999767, 38.074999999999712 ] ] ] } },
{ "type": "Feature", "properties": { "variability_nT": 22.7, "tier": "low", "score": 5.0 }, "geometry": { "type": "Polygon", "coordinates": [ [ [ 128.674999999999756, 38.124999999999709 ], [ 128.674999999999756, 38.174999999999706 ], [ 128.624999999999744, 38.174999999999706 ], [ 128.624999999999744, 38.124999999999709 ], [ 128.674999999999756, 38.124999999999709 ] ] ] } },
{ "type": "Feature", "properties": { "variability_nT": 6.0, "tier": "low", "score": 5.0 }, "geometry": { "type": "Polygon", "coordinates": [ [ [ 128.724999999999767, 38.124999999999709 ], [ 128.724999999999767, 38.174999999999706 ], [ 128.674999999999756, 38.174999999999706 ], [ 128.674999999999756, 38.124999999999709 ], [ 128.724999999999767, 38.124999999999709 ] ] ] } }
]
}
