{
"type": "FeatureCollection",
"name": "maggrad_moderate",
"crs": { "type": "name", "properties": { "name": "urn:ogc:def:crs:OGC:1.3:CRS84" } },
"features": [
{ "type": "Feature", "properties": { "grad_nT_km": 28.0, "tier": "moderate", "score": 4.7 }, "geometry": { "type": "Polygon", "coordinates": [ [ [ 126.2875, 33.1875 ], [ 126.2875, 33.2375 ], [ 126.2375, 33.2375 ], [ 126.2375, 33.1875 ], [ 126.2875, 33.1875 ] ] ] } },
{ "type": "Feature", "properties": { "grad_nT_km": 29.8, "tier": "moderate", "score": 4.4 }, "geometry": { "type": "Polygon", "coordinates": [ [ [ 126.2375, 33.2375 ], [ 126.2375, 33.2875 ], [ 126.1875, 33.2875 ], [ 126.1875, 33.2375 ], [ 126.2375, 33.2375 ] ] ] } },
{ "type": "Feature", "properties": { "grad_nT_km": 28.2, "tier": "moderate", "score": 4.7 }, "geometry": { "type": "Polygon", "coordinates": [ [ [ 126.2875, 33.2375 ], [ 126.2875, 33.2875 ], [ 126.2375, 33.2875 ], [ 126.2375, 33.2375 ], [ 126.2875, 33.2375 ] ] ] } },
{ "type": "Feature", "properties": { "grad_nT_km": 38.0, "tier": "moderate", "score": 3.5 }, "geometry": { "type": "Polygon", "coordinates": [ [ [ 126.5875, 33.2375 ], [ 126.5875, 33.2875 ], [ 126.5375, 33.2875 ], [ 126.5375, 33.2375 ], [ 126.5875, 33.2375 ] ] ] } },
{ "type": "Feature", "properties": { "grad_nT_km": 39.1, "tier": "moderate", "score": 3.4 }, "geometry": { "type": "Polygon", "coordinates": [ [ [ 126.6375, 33.2375 ], [ 126.6375, 33.2875 ], [ 126.5875, 33.2875 ], [ 126.5875, 33.2375 ], [ 126.6375, 33.2375 ] ] ] } },
{ "type": "Feature", "properties": { "grad_nT_km": 24.1, "tier": "moderate", "score": 5.3 }, "geometry": { "type": "Polygon", "coordinates": [ [ [ 126.2875, 33.2875 ], [ 126.2875, 33.3375 ], [ 126.2375, 33.3375 ], [ 126.2375, 33.2875 ], [ 126.2875, 33.2875 ] ] ] } },
{ "type": "Feature", "properties": { "grad_nT_km": 33.5, "tier": "moderate", "score": 4.0 }, "geometry": { "type": "Polygon", "coordinates": [ [ [ 126.3375, 33.2875 ], [ 126.3375, 33.3375 ], [ 126.2875, 33.3375 ], [ 126.2875, 33.2875 ], [ 126.3375, 33.2875 ] ] ] } },
{ "type": "Feature", "properties": { "grad_nT_km": 38.8, "tier": "moderate", "score": 3.4 }, "geometry": { "type": "Polygon", "coordinates": [ [ [ 126.6375, 33.2875 ], [ 126.6375, 33.3375 ], [ 126.5875, 33.3375 ], [ 126.5875, 33.2875 ], [ 126.6375, 33.2875 ] ] ] } },
{ "type": "Feature", "properties": { "grad_nT_km": 22.9, "tier": "moderate", "score": 5.5 }, "geometry": { "type": "Polygon", "coordinates": [ [ [ 126.6875, 33.2875 ], [ 126.6875, 33.3375 ], [ 126.6375, 33.3375 ], [ 126.6375, 33.2875 ], [ 126.6875, 33.2875 ] ] ] } },
{ "type": "Feature", "properties": { "grad_nT_km": 29.0, "tier": "moderate", "score": 4.5 }, "geometry": { "type": "Polygon", "coordinates": [ [ [ 126.2375, 33.3375 ], [ 126.2375, 33.3875 ], [ 126.1875, 33.3875 ], [ 126.1875, 33.3375 ], [ 126.2375, 33.3375 ] ] ] } },
{ "type": "Feature", "properties": { "grad_nT_km": 28.4, "tier": "moderate", "score": 4.6 }, "geometry": { "type": "Polygon", "coordinates": [ [ [ 126.3375, 33.3375 ], [ 126.3375, 33.3875 ], [ 126.2875, 33.3875 ], [ 126.2875, 33.3375 ], [ 126.3375, 33.3375 ] ] ] } },
{ "type": "Feature", "properties": { "grad_nT_km": 35.6, "tier": "moderate", "score": 3.7 }, "geometry": { "type": "Polygon", "coordinates": [ [ [ 126.6875, 33.3375 ], [ 126.6875, 33.3875 ], [ 126.6375, 33.3875 ], [ 126.6375, 33.3375 ], [ 126.6875, 33.3375 ] ] ] } },
{ "type": "Feature", "properties": { "grad_nT_km": 15.4, "tier": "moderate", "score": 7.2 }, "geometry": { "type": "Polygon", "coordinates": [ [ [ 126.2875, 33.3875 ], [ 126.2875, 33.4375 ], [ 126.2375, 33.4375 ], [ 126.2375, 33.3875 ], [ 126.2875, 33.3875 ] ] ] } },
{ "type": "Feature", "properties": { "grad_nT_km": 17.9, "tier": "moderate", "score": 6.6 }, "geometry": { "type": "Polygon", "coordinates": [ [ [ 126.3375, 33.3875 ], [ 126.3375, 33.4375 ], [ 126.2875, 33.4375 ], [ 126.2875, 33.3875 ], [ 126.3375, 33.3875 ] ] ] } },
{ "type": "Feature", "properties": { "grad_nT_km": 33.3, "tier": "moderate", "score": 4.0 }, "geometry": { "type": "Polygon", "coordinates": [ [ [ 126.3875, 33.3875 ], [ 126.3875, 33.4375 ], [ 126.3375, 33.4375 ], [ 126.3375, 33.3875 ], [ 126.3875, 33.3875 ] ] ] } },
{ "type": "Feature", "properties": { "grad_nT_km": 34.6, "tier": "moderate", "score": 3.9 }, "geometry": { "type": "Polygon", "coordinates": [ [ [ 126.6875, 33.3875 ], [ 126.6875, 33.4375 ], [ 126.6375, 33.4375 ], [ 126.6375, 33.3875 ], [ 126.6875, 33.3875 ] ] ] } },
{ "type": "Feature", "properties": { "grad_nT_km": 35.4, "tier": "moderate", "score": 3.8 }, "geometry": { "type": "Polygon", "coordinates": [ [ [ 126.7375, 33.3875 ], [ 126.7375, 33.4375 ], [ 126.6875, 33.4375 ], [ 126.6875, 33.3875 ], [ 126.7375, 33.3875 ] ] ] } },
{ "type": "Feature", "properties": { "grad_nT_km": 36.4, "tier": "moderate", "score": 3.7 }, "geometry": { "type": "Polygon", "coordinates": [ [ [ 126.7875, 33.3875 ], [ 126.7875, 33.4375 ], [ 126.7375, 33.4375 ], [ 126.7375, 33.3875 ], [ 126.7875, 33.3875 ] ] ] } },
{ "type": "Feature", "properties": { "grad_nT_km": 32.0, "tier": "moderate", "score": 4.1 }, "geometry": { "type": "Polygon", "coordinates": [ [ [ 126.6375, 33.4375 ], [ 126.6375, 33.4875 ], [ 126.5875, 33.4875 ], [ 126.5875, 33.4375 ], [ 126.6375, 33.4375 ] ] ] } },
{ "type": "Feature", "properties": { "grad_nT_km": 24.2, "tier": "moderate", "score": 5.3 }, "geometry": { "type": "Polygon", "coordinates": [ [ [ 126.7875, 33.4375 ], [ 126.7875, 33.4875 ], [ 126.7375, 33.4875 ], [ 126.7375, 33.4375 ], [ 126.7875, 33.4375 ] ] ] } },
{ "type": "Feature", "properties": { "grad_nT_km": 27.2, "tier": "moderate", "score": 4.8 }, "geometry": { "type": "Polygon", "coordinates": [ [ [ 126.7375, 33.4875 ], [ 126.7375, 33.5375 ], [ 126.6875, 33.5375 ], [ 126.6875, 33.4875 ], [ 126.7375, 33.4875 ] ] ] } },
{ "type": "Feature", "properties": { "grad_nT_km": 30.1, "tier": "moderate", "score": 4.4 }, "geometry": { "type": "Polygon", "coordinates": [ [ [ 126.8875, 33.4875 ], [ 126.8875, 33.5375 ], [ 126.8375, 33.5375 ], [ 126.8375, 33.4875 ], [ 126.8875, 33.4875 ] ] ] } },
{ "type": "Feature", "properties": { "grad_nT_km": 29.2, "tier": "moderate", "score": 4.5 }, "geometry": { "type": "Polygon", "coordinates": [ [ [ 126.5875, 34.0875 ], [ 126.5875, 34.1375 ], [ 126.5375, 34.1375 ], [ 126.5375, 34.0875 ], [ 126.5875, 34.0875 ] ] ] } },
{ "type": "Feature", "properties": { "grad_nT_km": 23.7, "tier": "moderate", "score": 5.4 }, "geometry": { "type": "Polygon", "coordinates": [ [ [ 126.6875, 34.0875 ], [ 126.6875, 34.1375 ], [ 126.6375, 34.1375 ], [ 126.6375, 34.0875 ], [ 126.6875, 34.0875 ] ] ] } },
{ "type": "Feature", "properties": { "grad_nT_km": 22.8, "tier": "moderate", "score": 5.6 }, "geometry": { "type": "Polygon", "coordinates": [ [ [ 126.7375, 34.0875 ], [ 126.7375, 34.1375 ], [ 126.6875, 34.1375 ], [ 126.6875, 34.0875 ], [ 126.7375, 34.0875 ] ] ] } },
{ "type": "Feature", "properties": { "grad_nT_km": 23.9, "tier": "moderate", "score": 5.3 }, "geometry": { "type": "Polygon", "coordinates": [ [ [ 126.4875, 34.1375 ], [ 126.4875, 34.1875 ], [ 126.4375, 34.1875 ], [ 126.4375, 34.1375 ], [ 126.4875, 34.1375 ] ] ] } },
{ "type": "Feature", "properties": { "grad_nT_km": 18.8, "tier": "moderate", "score": 6.4 }, "geometry": { "type": "Polygon", "coordinates": [ [ [ 126.5375, 34.1375 ], [ 126.5375, 34.1875 ], [ 126.4875, 34.1875 ], [ 126.4875, 34.1375 ], [ 126.5375, 34.1375 ] ] ] } },
{ "type": "Feature", "properties": { "grad_nT_km": 37.2, "tier": "moderate", "score": 3.6 }, "geometry": { "type": "Polygon", "coordinates": [ [ [ 126.8375, 34.1375 ], [ 126.8375, 34.1875 ], [ 126.7875, 34.1875 ], [ 126.7875, 34.1375 ], [ 126.8375, 34.1375 ] ] ] } },
{ "type": "Feature", "properties": { "grad_nT_km": 21.0, "tier": "moderate", "score": 5.9 }, "geometry": { "type": "Polygon", "coordinates": [ [ [ 126.9375, 34.1375 ], [ 126.9375, 34.1875 ], [ 126.8875, 34.1875 ], [ 126.8875, 34.1375 ], [ 126.9375, 34.1375 ] ] ] } },
{ "type": "Feature", "properties": { "grad_nT_km": 30.3, "tier": "moderate", "score": 4.4 }, "geometry": { "type": "Polygon", "coordinates": [ [ [ 125.9875, 34.1875 ], [ 125.9875, 34.2375 ], [ 125.9375, 34.2375 ], [ 125.9375, 34.1875 ], [ 125.9875, 34.1875 ] ] ] } },
{ "type": "Feature", "properties": { "grad_nT_km": 18.9, "tier": "moderate", "score": 6.4 }, "geometry": { "type": "Polygon", "coordinates": [ [ [ 126.0375, 34.1875 ], [ 126.0375, 34.2375 ], [ 125.9875, 34.2375 ], [ 125.9875, 34.1875 ], [ 126.0375, 34.1875 ] ] ] } },
{ "type": "Feature", "properties": { "grad_nT_km": 36.0, "tier": "moderate", "score": 3.7 }, "geometry": { "type": "Polygon", "coordinates": [ [ [ 126.0875, 34.1875 ], [ 126.0875, 34.2375 ], [ 126.0375, 34.2375 ], [ 126.0375, 34.1875 ], [ 126.0875, 34.1875 ] ] ] } },
{ "type": "Feature", "properties": { "grad_nT_km": 34.0, "tier": "moderate", "score": 3.9 }, "geometry": { "type": "Polygon", "coordinates": [ [ [ 126.1875, 34.1875 ], [ 126.1875, 34.2375 ], [ 126.1375, 34.2375 ], [ 126.1375, 34.1875 ], [ 126.1875, 34.1875 ] ] ] } },
{ "type": "Feature", "properties": { "grad_nT_km": 20.3, "tier": "moderate", "score": 6.1 }, "geometry": { "type": "Polygon", "coordinates": [ [ [ 126.2375, 34.1875 ], [ 126.2375, 34.2375 ], [ 126.1875, 34.2375 ], [ 126.1875, 34.1875 ], [ 126.2375, 34.1875 ] ] ] } },
{ "type": "Feature", "properties": { "grad_nT_km": 25.2, "tier": "moderate", "score": 5.1 }, "geometry": { "type": "Polygon", "coordinates": [ [ [ 126.3375, 34.1875 ], [ 126.3375, 34.2375 ], [ 126.2875, 34.2375 ], [ 126.2875, 34.1875 ], [ 126.3375, 34.1875 ] ] ] } },
{ "type": "Feature", "properties": { "grad_nT_km": 27.7, "tier": "moderate", "score": 4.7 }, "geometry": { "type": "Polygon", "coordinates": [ [ [ 126.4375, 34.1875 ], [ 126.4375, 34.2375 ], [ 126.3875, 34.2375 ], [ 126.3875, 34.1875 ], [ 126.4375, 34.1875 ] ] ] } },
{ "type": "Feature", "properties": { "grad_nT_km": 24.4, "tier": "moderate", "score": 5.3 }, "geometry": { "type": "Polygon", "coordinates": [ [ [ 126.4875, 34.1875 ], [ 126.4875, 34.2375 ], [ 126.4375, 34.2375 ], [ 126.4375, 34.1875 ], [ 126.4875, 34.1875 ] ] ] } },
{ "type": "Feature", "properties": { "grad_nT_km": 31.6, "tier": "moderate", "score": 4.2 }, "geometry": { "type": "Polygon", "coordinates": [ [ [ 126.5875, 34.1875 ], [ 126.5875, 34.2375 ], [ 126.5375, 34.2375 ], [ 126.5375, 34.1875 ], [ 126.5875, 34.1875 ] ] ] } },
{ "type": "Feature", "properties": { "grad_nT_km": 19.1, "tier": "moderate", "score": 6.3 }, "geometry": { "type": "Polygon", "coordinates": [ [ [ 126.7375, 34.1875 ], [ 126.7375, 34.2375 ], [ 126.6875, 34.2375 ], [ 126.6875, 34.1875 ], [ 126.7375, 34.1875 ] ] ] } },
{ "type": "Feature", "properties": { "grad_nT_km": 35.4, "tier": "moderate", "score": 3.8 }, "geometry": { "type": "Polygon", "coordinates": [ [ [ 126.8875, 34.1875 ], [ 126.8875, 34.2375 ], [ 126.8375, 34.2375 ], [ 126.8375, 34.1875 ], [ 126.8875, 34.1875 ] ] ] } },
{ "type": "Feature", "properties": { "grad_nT_km": 29.5, "tier": "moderate", "score": 4.5 }, "geometry": { "type": "Polygon", "coordinates": [ [ [ 126.9375, 34.1875 ], [ 126.9375, 34.2375 ], [ 126.8875, 34.2375 ], [ 126.8875, 34.1875 ], [ 126.9375, 34.1875 ] ] ] } },
{ "type": "Feature", "properties": { "grad_nT_km": 33.9, "tier": "moderate", "score": 3.9 }, "geometry": { "type": "Polygon", "coordinates": [ [ [ 125.8875, 34.2375 ], [ 125.8875, 34.2875 ], [ 125.8375, 34.2875 ], [ 125.8375, 34.2375 ], [ 125.8875, 34.2375 ] ] ] } },
{ "type": "Feature", "properties": { "grad_nT_km": 19.9, "tier": "moderate", "score": 6.2 }, "geometry": { "type": "Polygon", "coordinates": [ [ [ 126.0375, 34.2375 ], [ 126.0375, 34.2875 ], [ 125.9875, 34.2875 ], [ 125.9875, 34.2375 ], [ 126.0375, 34.2375 ] ] ] } },
{ "type": "Feature", "properties": { "grad_nT_km": 20.0, "tier": "moderate", "score": 6.1 }, "geometry": { "type": "Polygon", "coordinates": [ [ [ 126.0875, 34.2375 ], [ 126.0875, 34.2875 ], [ 126.0375, 34.2875 ], [ 126.0375, 34.2375 ], [ 126.0875, 34.2375 ] ] ] } },
{ "type": "Feature", "properties": { "grad_nT_km": 23.0, "tier": "moderate", "score": 5.5 }, "geometry": { "type": "Polygon", "coordinates": [ [ [ 126.2375, 34.2375 ], [ 126.2375, 34.2875 ], [ 126.1875, 34.2875 ], [ 126.1875, 34.2375 ], [ 126.2375, 34.2375 ] ] ] } },
{ "type": "Feature", "properties": { "grad_nT_km": 19.0, "tier": "moderate", "score": 6.4 }, "geometry": { "type": "Polygon", "coordinates": [ [ [ 126.3875, 34.2375 ], [ 126.3875, 34.2875 ], [ 126.3375, 34.2875 ], [ 126.3375, 34.2375 ], [ 126.3875, 34.2375 ] ] ] } },
{ "type": "Feature", "properties": { "grad_nT_km": 20.3, "tier": "moderate", "score": 6.1 }, "geometry": { "type": "Polygon", "coordinates": [ [ [ 126.4375, 34.2375 ], [ 126.4375, 34.2875 ], [ 126.3875, 34.2875 ], [ 126.3875, 34.2375 ], [ 126.4375, 34.2375 ] ] ] } },
{ "type": "Feature", "properties": { "grad_nT_km": 23.1, "tier": "moderate", "score": 5.5 }, "geometry": { "type": "Polygon", "coordinates": [ [ [ 126.4875, 34.2375 ], [ 126.4875, 34.2875 ], [ 126.4375, 34.2875 ], [ 126.4375, 34.2375 ], [ 126.4875, 34.2375 ] ] ] } },
{ "type": "Feature", "properties": { "grad_nT_km": 22.4, "tier": "moderate", "score": 5.6 }, "geometry": { "type": "Polygon", "coordinates": [ [ [ 126.5375, 34.2375 ], [ 126.5375, 34.2875 ], [ 126.4875, 34.2875 ], [ 126.4875, 34.2375 ], [ 126.5375, 34.2375 ] ] ] } },
{ "type": "Feature", "properties": { "grad_nT_km": 23.2, "tier": "moderate", "score": 5.5 }, "geometry": { "type": "Polygon", "coordinates": [ [ [ 126.5875, 34.2375 ], [ 126.5875, 34.2875 ], [ 126.5375, 34.2875 ], [ 126.5375, 34.2375 ], [ 126.5875, 34.2375 ] ] ] } },
{ "type": "Feature", "properties": { "grad_nT_km": 33.4, "tier": "moderate", "score": 4.0 }, "geometry": { "type": "Polygon", "coordinates": [ [ [ 126.6375, 34.2375 ], [ 126.6375, 34.2875 ], [ 126.5875, 34.2875 ], [ 126.5875, 34.2375 ], [ 126.6375, 34.2375 ] ] ] } },
{ "type": "Feature", "properties": { "grad_nT_km": 22.9, "tier": "moderate", "score": 5.5 }, "geometry": { "type": "Polygon", "coordinates": [ [ [ 126.6875, 34.2375 ], [ 126.6875, 34.2875 ], [ 126.6375, 34.2875 ], [ 126.6375, 34.2375 ], [ 126.6875, 34.2375 ] ] ] } },
{ "type": "Feature", "properties": { "grad_nT_km": 29.0, "tier": "moderate", "score": 4.5 }, "geometry": { "type": "Polygon", "coordinates": [ [ [ 126.9375, 34.2375 ], [ 126.9375, 34.2875 ], [ 126.8875, 34.2875 ], [ 126.8875, 34.2375 ], [ 126.9375, 34.2375 ] ] ] } },
{ "type": "Feature", "properties": { "grad_nT_km": 29.6, "tier": "moderate", "score": 4.5 }, "geometry": { "type": "Polygon", "coordinates": [ [ [ 127.0375, 34.2375 ], [ 127.0375, 34.2875 ], [ 126.9875, 34.2875 ], [ 126.9875, 34.2375 ], [ 127.0375, 34.2375 ] ] ] } },
{ "type": "Feature", "properties": { "grad_nT_km": 34.7, "tier": "moderate", "score": 3.8 }, "geometry": { "type": "Polygon", "coordinates": [ [ [ 127.1875, 34.2375 ], [ 127.1875, 34.2875 ], [ 127.1375, 34.2875 ], [ 127.1375, 34.2375 ], [ 127.1875, 34.2375 ] ] ] } },
{ "type": "Feature", "properties": { "grad_nT_km": 35.7, "tier": "moderate", "score": 3.7 }, "geometry": { "type": "Polygon", "coordinates": [ [ [ 125.8875, 34.2875 ], [ 125.8875, 34.3375 ], [ 125.8375, 34.3375 ], [ 125.8375, 34.2875 ], [ 125.8875, 34.2875 ] ] ] } },
{ "type": "Feature", "properties": { "grad_nT_km": 26.7, "tier": "moderate", "score": 4.9 }, "geometry": { "type": "Polygon", "coordinates": [ [ [ 125.9875, 34.2875 ], [ 125.9875, 34.3375 ], [ 125.9375, 34.3375 ], [ 125.9375, 34.2875 ], [ 125.9875, 34.2875 ] ] ] } },
{ "type": "Feature", "properties": { "grad_nT_km": 26.4, "tier": "moderate", "score": 4.9 }, "geometry": { "type": "Polygon", "coordinates": [ [ [ 126.0375, 34.2875 ], [ 126.0375, 34.3375 ], [ 125.9875, 34.3375 ], [ 125.9875, 34.2875 ], [ 126.0375, 34.2875 ] ] ] } },
{ "type": "Feature", "properties": { "grad_nT_km": 16.7, "tier": "moderate", "score": 6.9 }, "geometry": { "type": "Polygon", "coordinates": [ [ [ 126.0875, 34.2875 ], [ 126.0875, 34.3375 ], [ 126.0375, 34.3375 ], [ 126.0375, 34.2875 ], [ 126.0875, 34.2875 ] ] ] } },
{ "type": "Feature", "properties": { "grad_nT_km": 33.4, "tier": "moderate", "score": 4.0 }, "geometry": { "type": "Polygon", "coordinates": [ [ [ 126.1875, 34.2875 ], [ 126.1875, 34.3375 ], [ 126.1375, 34.3375 ], [ 126.1375, 34.2875 ], [ 126.1875, 34.2875 ] ] ] } },
{ "type": "Feature", "properties": { "grad_nT_km": 17.8, "tier": "moderate", "score": 6.6 }, "geometry": { "type": "Polygon", "coordinates": [ [ [ 126.2375, 34.2875 ], [ 126.2375, 34.3375 ], [ 126.1875, 34.3375 ], [ 126.1875, 34.2875 ], [ 126.2375, 34.2875 ] ] ] } },
{ "type": "Feature", "properties": { "grad_nT_km": 17.2, "tier": "moderate", "score": 6.8 }, "geometry": { "type": "Polygon", "coordinates": [ [ [ 126.2875, 34.2875 ], [ 126.2875, 34.3375 ], [ 126.2375, 34.3375 ], [ 126.2375, 34.2875 ], [ 126.2875, 34.2875 ] ] ] } },
{ "type": "Feature", "properties": { "grad_nT_km": 19.8, "tier": "moderate", "score": 6.2 }, "geometry": { "type": "Polygon", "coordinates": [ [ [ 126.3375, 34.2875 ], [ 126.3375, 34.3375 ], [ 126.2875, 34.3375 ], [ 126.2875, 34.2875 ], [ 126.3375, 34.2875 ] ] ] } },
{ "type": "Feature", "properties": { "grad_nT_km": 27.8, "tier": "moderate", "score": 4.7 }, "geometry": { "type": "Polygon", "coordinates": [ [ [ 126.3875, 34.2875 ], [ 126.3875, 34.3375 ], [ 126.3375, 34.3375 ], [ 126.3375, 34.2875 ], [ 126.3875, 34.2875 ] ] ] } },
{ "type": "Feature", "properties": { "grad_nT_km": 18.0, "tier": "moderate", "score": 6.6 }, "geometry": { "type": "Polygon", "coordinates": [ [ [ 126.4375, 34.2875 ], [ 126.4375, 34.3375 ], [ 126.3875, 34.3375 ], [ 126.3875, 34.2875 ], [ 126.4375, 34.2875 ] ] ] } },
{ "type": "Feature", "properties": { "grad_nT_km": 15.4, "tier": "moderate", "score": 7.2 }, "geometry": { "type": "Polygon", "coordinates": [ [ [ 126.4875, 34.2875 ], [ 126.4875, 34.3375 ], [ 126.4375, 34.3375 ], [ 126.4375, 34.2875 ], [ 126.4875, 34.2875 ] ] ] } },
{ "type": "Feature", "properties": { "grad_nT_km": 15.8, "tier": "moderate", "score": 7.1 }, "geometry": { "type": "Polygon", "coordinates": [ [ [ 126.5375, 34.2875 ], [ 126.5375, 34.3375 ], [ 126.4875, 34.3375 ], [ 126.4875, 34.2875 ], [ 126.5375, 34.2875 ] ] ] } },
{ "type": "Feature", "properties": { "grad_nT_km": 39.2, "tier": "moderate", "score": 3.4 }, "geometry": { "type": "Polygon", "coordinates": [ [ [ 126.5875, 34.2875 ], [ 126.5875, 34.3375 ], [ 126.5375, 34.3375 ], [ 126.5375, 34.2875 ], [ 126.5875, 34.2875 ] ] ] } },
{ "type": "Feature", "properties": { "grad_nT_km": 30.1, "tier": "moderate", "score": 4.4 }, "geometry": { "type": "Polygon", "coordinates": [ [ [ 126.6375, 34.2875 ], [ 126.6375, 34.3375 ], [ 126.5875, 34.3375 ], [ 126.5875, 34.2875 ], [ 126.6375, 34.2875 ] ] ] } },
{ "type": "Feature", "properties": { "grad_nT_km": 28.7, "tier": "moderate", "score": 4.6 }, "geometry": { "type": "Polygon", "coordinates": [ [ [ 126.6875, 34.2875 ], [ 126.6875, 34.3375 ], [ 126.6375, 34.3375 ], [ 126.6375, 34.2875 ], [ 126.6875, 34.2875 ] ] ] } },
{ "type": "Feature", "properties": { "grad_nT_km": 27.4, "tier": "moderate", "score": 4.8 }, "geometry": { "type": "Polygon", "coordinates": [ [ [ 126.7875, 34.2875 ], [ 126.7875, 34.3375 ], [ 126.7375, 34.3375 ], [ 126.7375, 34.2875 ], [ 126.7875, 34.2875 ] ] ] } },
{ "type": "Feature", "properties": { "grad_nT_km": 31.3, "tier": "moderate", "score": 4.2 }, "geometry": { "type": "Polygon", "coordinates": [ [ [ 126.8875, 34.2875 ], [ 126.8875, 34.3375 ], [ 126.8375, 34.3375 ], [ 126.8375, 34.2875 ], [ 126.8875, 34.2875 ] ] ] } },
{ "type": "Feature", "properties": { "grad_nT_km": 30.9, "tier": "moderate", "score": 4.3 }, "geometry": { "type": "Polygon", "coordinates": [ [ [ 126.9375, 34.2875 ], [ 126.9375, 34.3375 ], [ 126.8875, 34.3375 ], [ 126.8875, 34.2875 ], [ 126.9375, 34.2875 ] ] ] } },
{ "type": "Feature", "properties": { "grad_nT_km": 26.7, "tier": "moderate", "score": 4.9 }, "geometry": { "type": "Polygon", "coordinates": [ [ [ 126.9875, 34.2875 ], [ 126.9875, 34.3375 ], [ 126.9375, 34.3375 ], [ 126.9375, 34.2875 ], [ 126.9875, 34.2875 ] ] ] } },
{ "type": "Feature", "properties": { "grad_nT_km": 18.5, "tier": "moderate", "score": 6.5 }, "geometry": { "type": "Polygon", "coordinates": [ [ [ 127.0375, 34.2875 ], [ 127.0375, 34.3375 ], [ 126.9875, 34.3375 ], [ 126.9875, 34.2875 ], [ 127.0375, 34.2875 ] ] ] } },
{ "type": "Feature", "properties": { "grad_nT_km": 23.7, "tier": "moderate", "score": 5.4 }, "geometry": { "type": "Polygon", "coordinates": [ [ [ 127.0875, 34.2875 ], [ 127.0875, 34.3375 ], [ 127.0375, 34.3375 ], [ 127.0375, 34.2875 ], [ 127.0875, 34.2875 ] ] ] } },
{ "type": "Feature", "properties": { "grad_nT_km": 28.8, "tier": "moderate", "score": 4.6 }, "geometry": { "type": "Polygon", "coordinates": [ [ [ 127.1375, 34.2875 ], [ 127.1375, 34.3375 ], [ 127.0875, 34.3375 ], [ 127.0875, 34.2875 ], [ 127.1375, 34.2875 ] ] ] } },
{ "type": "Feature", "properties": { "grad_nT_km": 36.1, "tier": "moderate", "score": 3.7 }, "geometry": { "type": "Polygon", "coordinates": [ [ [ 127.1875, 34.2875 ], [ 127.1875, 34.3375 ], [ 127.1375, 34.3375 ], [ 127.1375, 34.2875 ], [ 127.1875, 34.2875 ] ] ] } },
{ "type": "Feature", "properties": { "grad_nT_km": 29.4, "tier": "moderate", "score": 4.5 }, "geometry": { "type": "Polygon", "coordinates": [ [ [ 127.2375, 34.2875 ], [ 127.2375, 34.3375 ], [ 127.1875, 34.3375 ], [ 127.1875, 34.2875 ], [ 127.2375, 34.2875 ] ] ] } },
{ "type": "Feature", "properties": { "grad_nT_km": 15.2, "tier": "moderate", "score": 7.3 }, "geometry": { "type": "Polygon", "coordinates": [ [ [ 126.0375, 34.3375 ], [ 126.0375, 34.3875 ], [ 125.9875, 34.3875 ], [ 125.9875, 34.3375 ], [ 126.0375, 34.3375 ] ] ] } },
{ "type": "Feature", "properties": { "grad_nT_km": 33.2, "tier": "moderate", "score": 4.0 }, "geometry": { "type": "Polygon", "coordinates": [ [ [ 126.4375, 34.3375 ], [ 126.4375, 34.3875 ], [ 126.3875, 34.3875 ], [ 126.3875, 34.3375 ], [ 126.4375, 34.3375 ] ] ] } },
{ "type": "Feature", "properties": { "grad_nT_km": 21.0, "tier": "moderate", "score": 5.9 }, "geometry": { "type": "Polygon", "coordinates": [ [ [ 126.4875, 34.3375 ], [ 126.4875, 34.3875 ], [ 126.4375, 34.3875 ], [ 126.4375, 34.3375 ], [ 126.4875, 34.3375 ] ] ] } },
{ "type": "Feature", "properties": { "grad_nT_km": 17.6, "tier": "moderate", "score": 6.7 }, "geometry": { "type": "Polygon", "coordinates": [ [ [ 126.5375, 34.3375 ], [ 126.5375, 34.3875 ], [ 126.4875, 34.3875 ], [ 126.4875, 34.3375 ], [ 126.5375, 34.3375 ] ] ] } },
{ "type": "Feature", "properties": { "grad_nT_km": 23.3, "tier": "moderate", "score": 5.5 }, "geometry": { "type": "Polygon", "coordinates": [ [ [ 126.5875, 34.3375 ], [ 126.5875, 34.3875 ], [ 126.5375, 34.3875 ], [ 126.5375, 34.3375 ], [ 126.5875, 34.3375 ] ] ] } },
{ "type": "Feature", "properties": { "grad_nT_km": 38.8, "tier": "moderate", "score": 3.4 }, "geometry": { "type": "Polygon", "coordinates": [ [ [ 126.6375, 34.3375 ], [ 126.6375, 34.3875 ], [ 126.5875, 34.3875 ], [ 126.5875, 34.3375 ], [ 126.6375, 34.3375 ] ] ] } },
{ "type": "Feature", "properties": { "grad_nT_km": 21.8, "tier": "moderate", "score": 5.7 }, "geometry": { "type": "Polygon", "coordinates": [ [ [ 126.6875, 34.3375 ], [ 126.6875, 34.3875 ], [ 126.6375, 34.3875 ], [ 126.6375, 34.3375 ], [ 126.6875, 34.3375 ] ] ] } },
{ "type": "Feature", "properties": { "grad_nT_km": 31.2, "tier": "moderate", "score": 4.2 }, "geometry": { "type": "Polygon", "coordinates": [ [ [ 126.7375, 34.3375 ], [ 126.7375, 34.3875 ], [ 126.6875, 34.3875 ], [ 126.6875, 34.3375 ], [ 126.7375, 34.3375 ] ] ] } },
{ "type": "Feature", "properties": { "grad_nT_km": 34.0, "tier": "moderate", "score": 3.9 }, "geometry": { "type": "Polygon", "coordinates": [ [ [ 126.7875, 34.3375 ], [ 126.7875, 34.3875 ], [ 126.7375, 34.3875 ], [ 126.7375, 34.3375 ], [ 126.7875, 34.3375 ] ] ] } },
{ "type": "Feature", "properties": { "grad_nT_km": 35.8, "tier": "moderate", "score": 3.7 }, "geometry": { "type": "Polygon", "coordinates": [ [ [ 126.8375, 34.3375 ], [ 126.8375, 34.3875 ], [ 126.7875, 34.3875 ], [ 126.7875, 34.3375 ], [ 126.8375, 34.3375 ] ] ] } },
{ "type": "Feature", "properties": { "grad_nT_km": 34.6, "tier": "moderate", "score": 3.8 }, "geometry": { "type": "Polygon", "coordinates": [ [ [ 126.9375, 34.3375 ], [ 126.9375, 34.3875 ], [ 126.8875, 34.3875 ], [ 126.8875, 34.3375 ], [ 126.9375, 34.3375 ] ] ] } },
{ "type": "Feature", "properties": { "grad_nT_km": 30.6, "tier": "moderate", "score": 4.3 }, "geometry": { "type": "Polygon", "coordinates": [ [ [ 126.9875, 34.3375 ], [ 126.9875, 34.3875 ], [ 126.9375, 34.3875 ], [ 126.9375, 34.3375 ], [ 126.9875, 34.3375 ] ] ] } },
{ "type": "Feature", "properties": { "grad_nT_km": 37.9, "tier": "moderate", "score": 3.5 }, "geometry": { "type": "Polygon", "coordinates": [ [ [ 127.0375, 34.3375 ], [ 127.0375, 34.3875 ], [ 126.9875, 34.3875 ], [ 126.9875, 34.3375 ], [ 127.0375, 34.3375 ] ] ] } },
{ "type": "Feature", "properties": { "grad_nT_km": 33.4, "tier": "moderate", "score": 4.0 }, "geometry": { "type": "Polygon", "coordinates": [ [ [ 127.0875, 34.3375 ], [ 127.0875, 34.3875 ], [ 127.0375, 34.3875 ], [ 127.0375, 34.3375 ], [ 127.0875, 34.3375 ] ] ] } },
{ "type": "Feature", "properties": { "grad_nT_km": 28.3, "tier": "moderate", "score": 4.7 }, "geometry": { "type": "Polygon", "coordinates": [ [ [ 127.1375, 34.3375 ], [ 127.1375, 34.3875 ], [ 127.0875, 34.3875 ], [ 127.0875, 34.3375 ], [ 127.1375, 34.3375 ] ] ] } },
{ "type": "Feature", "properties": { "grad_nT_km": 26.0, "tier": "moderate", "score": 5.0 }, "geometry": { "type": "Polygon", "coordinates": [ [ [ 127.1875, 34.3375 ], [ 127.1875, 34.3875 ], [ 127.1375, 34.3875 ], [ 127.1375, 34.3375 ], [ 127.1875, 34.3375 ] ] ] } },
{ "type": "Feature", "properties": { "grad_nT_km": 26.2, "tier": "moderate", "score": 5.0 }, "geometry": { "type": "Polygon", "coordinates": [ [ [ 127.2375, 34.3375 ], [ 127.2375, 34.3875 ], [ 127.1875, 34.3875 ], [ 127.1875, 34.3375 ], [ 127.2375, 34.3375 ] ] ] } },
{ "type": "Feature", "properties": { "grad_nT_km": 16.5, "tier": "moderate", "score": 7.0 }, "geometry": { "type": "Polygon", "coordinates": [ [ [ 127.3875, 34.3375 ], [ 127.3875, 34.3875 ], [ 127.3375, 34.3875 ], [ 127.3375, 34.3375 ], [ 127.3875, 34.3375 ] ] ] } },
{ "type": "Feature", "properties": { "grad_nT_km": 20.3, "tier": "moderate", "score": 6.1 }, "geometry": { "type": "Polygon", "coordinates": [ [ [ 127.4375, 34.3375 ], [ 127.4375, 34.3875 ], [ 127.3875, 34.3875 ], [ 127.3875, 34.3375 ], [ 127.4375, 34.3375 ] ] ] } },
{ "type": "Feature", "properties": { "grad_nT_km": 20.2, "tier": "moderate", "score": 6.1 }, "geometry": { "type": "Polygon", "coordinates": [ [ [ 127.4875, 34.3375 ], [ 127.4875, 34.3875 ], [ 127.4375, 34.3875 ], [ 127.4375, 34.3375 ], [ 127.4875, 34.3375 ] ] ] } },
{ "type": "Feature", "properties": { "grad_nT_km": 25.8, "tier": "moderate", "score": 5.0 }, "geometry": { "type": "Polygon", "coordinates": [ [ [ 127.5375, 34.3375 ], [ 127.5375, 34.3875 ], [ 127.4875, 34.3875 ], [ 127.4875, 34.3375 ], [ 127.5375, 34.3375 ] ] ] } },
{ "type": "Feature", "properties": { "grad_nT_km": 37.6, "tier": "moderate", "score": 3.5 }, "geometry": { "type": "Polygon", "coordinates": [ [ [ 127.5875, 34.3375 ], [ 127.5875, 34.3875 ], [ 127.5375, 34.3875 ], [ 127.5375, 34.3375 ], [ 127.5875, 34.3375 ] ] ] } },
{ "type": "Feature", "properties": { "grad_nT_km": 19.2, "tier": "moderate", "score": 6.3 }, "geometry": { "type": "Polygon", "coordinates": [ [ [ 127.6375, 34.3375 ], [ 127.6375, 34.3875 ], [ 127.5875, 34.3875 ], [ 127.5875, 34.3375 ], [ 127.6375, 34.3375 ] ] ] } },
{ "type": "Feature", "properties": { "grad_nT_km": 25.6, "tier": "moderate", "score": 5.1 }, "geometry": { "type": "Polygon", "coordinates": [ [ [ 127.7375, 34.3375 ], [ 127.7375, 34.3875 ], [ 127.6875, 34.3875 ], [ 127.6875, 34.3375 ], [ 127.7375, 34.3375 ] ] ] } },
{ "type": "Feature", "properties": { "grad_nT_km": 28.1, "tier": "moderate", "score": 4.7 }, "geometry": { "type": "Polygon", "coordinates": [ [ [ 127.8375, 34.3375 ], [ 127.8375, 34.3875 ], [ 127.7875, 34.3875 ], [ 127.7875, 34.3375 ], [ 127.8375, 34.3375 ] ] ] } },
{ "type": "Feature", "properties": { "grad_nT_km": 15.7, "tier": "moderate", "score": 7.2 }, "geometry": { "type": "Polygon", "coordinates": [ [ [ 127.8875, 34.3375 ], [ 127.8875, 34.3875 ], [ 127.8375, 34.3875 ], [ 127.8375, 34.3375 ], [ 127.8875, 34.3375 ] ] ] } },
{ "type": "Feature", "properties": { "grad_nT_km": 15.6, "tier": "moderate", "score": 7.2 }, "geometry": { "type": "Polygon", "coordinates": [ [ [ 125.8875, 34.3875 ], [ 125.8875, 34.4375 ], [ 125.8375, 34.4375 ], [ 125.8375, 34.3875 ], [ 125.8875, 34.3875 ] ] ] } },
{ "type": "Feature", "properties": { "grad_nT_km": 22.0, "tier": "moderate", "score": 5.7 }, "geometry": { "type": "Polygon", "coordinates": [ [ [ 125.9375, 34.3875 ], [ 125.9375, 34.4375 ], [ 125.8875, 34.4375 ], [ 125.8875, 34.3875 ], [ 125.9375, 34.3875 ] ] ] } },
{ "type": "Feature", "properties": { "grad_nT_km": 38.1, "tier": "moderate", "score": 3.5 }, "geometry": { "type": "Polygon", "coordinates": [ [ [ 125.9875, 34.3875 ], [ 125.9875, 34.4375 ], [ 125.9375, 34.4375 ], [ 125.9375, 34.3875 ], [ 125.9875, 34.3875 ] ] ] } },
{ "type": "Feature", "properties": { "grad_nT_km": 27.7, "tier": "moderate", "score": 4.7 }, "geometry": { "type": "Polygon", "coordinates": [ [ [ 126.0375, 34.3875 ], [ 126.0375, 34.4375 ], [ 125.9875, 34.4375 ], [ 125.9875, 34.3875 ], [ 126.0375, 34.3875 ] ] ] } },
{ "type": "Feature", "properties": { "grad_nT_km": 29.9, "tier": "moderate", "score": 4.4 }, "geometry": { "type": "Polygon", "coordinates": [ [ [ 126.0875, 34.3875 ], [ 126.0875, 34.4375 ], [ 126.0375, 34.4375 ], [ 126.0375, 34.3875 ], [ 126.0875, 34.3875 ] ] ] } },
{ "type": "Feature", "properties": { "grad_nT_km": 26.6, "tier": "moderate", "score": 4.9 }, "geometry": { "type": "Polygon", "coordinates": [ [ [ 126.4375, 34.3875 ], [ 126.4375, 34.4375 ], [ 126.3875, 34.4375 ], [ 126.3875, 34.3875 ], [ 126.4375, 34.3875 ] ] ] } },
{ "type": "Feature", "properties": { "grad_nT_km": 17.8, "tier": "moderate", "score": 6.6 }, "geometry": { "type": "Polygon", "coordinates": [ [ [ 126.4875, 34.3875 ], [ 126.4875, 34.4375 ], [ 126.4375, 34.4375 ], [ 126.4375, 34.3875 ], [ 126.4875, 34.3875 ] ] ] } },
{ "type": "Feature", "properties": { "grad_nT_km": 20.4, "tier": "moderate", "score": 6.0 }, "geometry": { "type": "Polygon", "coordinates": [ [ [ 126.5375, 34.3875 ], [ 126.5375, 34.4375 ], [ 126.4875, 34.4375 ], [ 126.4875, 34.3875 ], [ 126.5375, 34.3875 ] ] ] } },
{ "type": "Feature", "properties": { "grad_nT_km": 20.8, "tier": "moderate", "score": 6.0 }, "geometry": { "type": "Polygon", "coordinates": [ [ [ 126.5875, 34.3875 ], [ 126.5875, 34.4375 ], [ 126.5375, 34.4375 ], [ 126.5375, 34.3875 ], [ 126.5875, 34.3875 ] ] ] } },
{ "type": "Feature", "properties": { "grad_nT_km": 37.1, "tier": "moderate", "score": 3.6 }, "geometry": { "type": "Polygon", "coordinates": [ [ [ 126.7375, 34.3875 ], [ 126.7375, 34.4375 ], [ 126.6875, 34.4375 ], [ 126.6875, 34.3875 ], [ 126.7375, 34.3875 ] ] ] } },
{ "type": "Feature", "properties": { "grad_nT_km": 29.7, "tier": "moderate", "score": 4.4 }, "geometry": { "type": "Polygon", "coordinates": [ [ [ 126.8375, 34.3875 ], [ 126.8375, 34.4375 ], [ 126.7875, 34.4375 ], [ 126.7875, 34.3875 ], [ 126.8375, 34.3875 ] ] ] } },
{ "type": "Feature", "properties": { "grad_nT_km": 32.8, "tier": "moderate", "score": 4.1 }, "geometry": { "type": "Polygon", "coordinates": [ [ [ 127.0375, 34.3875 ], [ 127.0375, 34.4375 ], [ 126.9875, 34.4375 ], [ 126.9875, 34.3875 ], [ 127.0375, 34.3875 ] ] ] } },
{ "type": "Feature", "properties": { "grad_nT_km": 18.3, "tier": "moderate", "score": 6.5 }, "geometry": { "type": "Polygon", "coordinates": [ [ [ 127.0875, 34.3875 ], [ 127.0875, 34.4375 ], [ 127.0375, 34.4375 ], [ 127.0375, 34.3875 ], [ 127.0875, 34.3875 ] ] ] } },
{ "type": "Feature", "properties": { "grad_nT_km": 34.2, "tier": "moderate", "score": 3.9 }, "geometry": { "type": "Polygon", "coordinates": [ [ [ 127.1375, 34.3875 ], [ 127.1375, 34.4375 ], [ 127.0875, 34.4375 ], [ 127.0875, 34.3875 ], [ 127.1375, 34.3875 ] ] ] } },
{ "type": "Feature", "properties": { "grad_nT_km": 15.9, "tier": "moderate", "score": 7.1 }, "geometry": { "type": "Polygon", "coordinates": [ [ [ 127.1875, 34.3875 ], [ 127.1875, 34.4375 ], [ 127.1375, 34.4375 ], [ 127.1375, 34.3875 ], [ 127.1875, 34.3875 ] ] ] } },
{ "type": "Feature", "properties": { "grad_nT_km": 39.6, "tier": "moderate", "score": 3.4 }, "geometry": { "type": "Polygon", "coordinates": [ [ [ 127.2875, 34.3875 ], [ 127.2875, 34.4375 ], [ 127.2375, 34.4375 ], [ 127.2375, 34.3875 ], [ 127.2875, 34.3875 ] ] ] } },
{ "type": "Feature", "properties": { "grad_nT_km": 21.2, "tier": "moderate", "score": 5.9 }, "geometry": { "type": "Polygon", "coordinates": [ [ [ 127.3375, 34.3875 ], [ 127.3375, 34.4375 ], [ 127.2875, 34.4375 ], [ 127.2875, 34.3875 ], [ 127.3375, 34.3875 ] ] ] } },
{ "type": "Feature", "properties": { "grad_nT_km": 26.4, "tier": "moderate", "score": 4.9 }, "geometry": { "type": "Polygon", "coordinates": [ [ [ 127.4875, 34.3875 ], [ 127.4875, 34.4375 ], [ 127.4375, 34.4375 ], [ 127.4375, 34.3875 ], [ 127.4875, 34.3875 ] ] ] } },
{ "type": "Feature", "properties": { "grad_nT_km": 35.3, "tier": "moderate", "score": 3.8 }, "geometry": { "type": "Polygon", "coordinates": [ [ [ 127.6375, 34.3875 ], [ 127.6375, 34.4375 ], [ 127.5875, 34.4375 ], [ 127.5875, 34.3875 ], [ 127.6375, 34.3875 ] ] ] } },
{ "type": "Feature", "properties": { "grad_nT_km": 20.7, "tier": "moderate", "score": 6.0 }, "geometry": { "type": "Polygon", "coordinates": [ [ [ 127.7375, 34.3875 ], [ 127.7375, 34.4375 ], [ 127.6875, 34.4375 ], [ 127.6875, 34.3875 ], [ 127.7375, 34.3875 ] ] ] } },
{ "type": "Feature", "properties": { "grad_nT_km": 24.1, "tier": "moderate", "score": 5.3 }, "geometry": { "type": "Polygon", "coordinates": [ [ [ 125.8875, 34.4375 ], [ 125.8875, 34.4875 ], [ 125.8375, 34.4875 ], [ 125.8375, 34.4375 ], [ 125.8875, 34.4375 ] ] ] } },
{ "type": "Feature", "properties": { "grad_nT_km": 17.1, "tier": "moderate", "score": 6.8 }, "geometry": { "type": "Polygon", "coordinates": [ [ [ 125.9375, 34.4375 ], [ 125.9375, 34.4875 ], [ 125.8875, 34.4875 ], [ 125.8875, 34.4375 ], [ 125.9375, 34.4375 ] ] ] } },
{ "type": "Feature", "properties": { "grad_nT_km": 38.1, "tier": "moderate", "score": 3.5 }, "geometry": { "type": "Polygon", "coordinates": [ [ [ 125.9875, 34.4375 ], [ 125.9875, 34.4875 ], [ 125.9375, 34.4875 ], [ 125.9375, 34.4375 ], [ 125.9875, 34.4375 ] ] ] } },
{ "type": "Feature", "properties": { "grad_nT_km": 20.5, "tier": "moderate", "score": 6.0 }, "geometry": { "type": "Polygon", "coordinates": [ [ [ 126.0375, 34.4375 ], [ 126.0375, 34.4875 ], [ 125.9875, 34.4875 ], [ 125.9875, 34.4375 ], [ 126.0375, 34.4375 ] ] ] } },
{ "type": "Feature", "properties": { "grad_nT_km": 19.7, "tier": "moderate", "score": 6.2 }, "geometry": { "type": "Polygon", "coordinates": [ [ [ 126.0875, 34.4375 ], [ 126.0875, 34.4875 ], [ 126.0375, 34.4875 ], [ 126.0375, 34.4375 ], [ 126.0875, 34.4375 ] ] ] } },
{ "type": "Feature", "properties": { "grad_nT_km": 39.3, "tier": "moderate", "score": 3.4 }, "geometry": { "type": "Polygon", "coordinates": [ [ [ 126.4375, 34.4375 ], [ 126.4375, 34.4875 ], [ 126.3875, 34.4875 ], [ 126.3875, 34.4375 ], [ 126.4375, 34.4375 ] ] ] } },
{ "type": "Feature", "properties": { "grad_nT_km": 25.0, "tier": "moderate", "score": 5.2 }, "geometry": { "type": "Polygon", "coordinates": [ [ [ 126.5375, 34.4375 ], [ 126.5375, 34.4875 ], [ 126.4875, 34.4875 ], [ 126.4875, 34.4375 ], [ 126.5375, 34.4375 ] ] ] } },
{ "type": "Feature", "properties": { "grad_nT_km": 34.7, "tier": "moderate", "score": 3.8 }, "geometry": { "type": "Polygon", "coordinates": [ [ [ 126.5875, 34.4375 ], [ 126.5875, 34.4875 ], [ 126.5375, 34.4875 ], [ 126.5375, 34.4375 ], [ 126.5875, 34.4375 ] ] ] } },
{ "type": "Feature", "properties": { "grad_nT_km": 16.3, "tier": "moderate", "score": 7.0 }, "geometry": { "type": "Polygon", "coordinates": [ [ [ 126.7375, 34.4375 ], [ 126.7375, 34.4875 ], [ 126.6875, 34.4875 ], [ 126.6875, 34.4375 ], [ 126.7375, 34.4375 ] ] ] } },
{ "type": "Feature", "properties": { "grad_nT_km": 38.8, "tier": "moderate", "score": 3.4 }, "geometry": { "type": "Polygon", "coordinates": [ [ [ 126.9375, 34.4375 ], [ 126.9375, 34.4875 ], [ 126.8875, 34.4875 ], [ 126.8875, 34.4375 ], [ 126.9375, 34.4375 ] ] ] } },
{ "type": "Feature", "properties": { "grad_nT_km": 27.9, "tier": "moderate", "score": 4.7 }, "geometry": { "type": "Polygon", "coordinates": [ [ [ 126.9875, 34.4375 ], [ 126.9875, 34.4875 ], [ 126.9375, 34.4875 ], [ 126.9375, 34.4375 ], [ 126.9875, 34.4375 ] ] ] } },
{ "type": "Feature", "properties": { "grad_nT_km": 26.6, "tier": "moderate", "score": 4.9 }, "geometry": { "type": "Polygon", "coordinates": [ [ [ 127.0375, 34.4375 ], [ 127.0375, 34.4875 ], [ 126.9875, 34.4875 ], [ 126.9875, 34.4375 ], [ 127.0375, 34.4375 ] ] ] } },
{ "type": "Feature", "properties": { "grad_nT_km": 16.0, "tier": "moderate", "score": 7.1 }, "geometry": { "type": "Polygon", "coordinates": [ [ [ 127.0875, 34.4375 ], [ 127.0875, 34.4875 ], [ 127.0375, 34.4875 ], [ 127.0375, 34.4375 ], [ 127.0875, 34.4375 ] ] ] } },
{ "type": "Feature", "properties": { "grad_nT_km": 21.9, "tier": "moderate", "score": 5.7 }, "geometry": { "type": "Polygon", "coordinates": [ [ [ 127.4875, 34.4375 ], [ 127.4875, 34.4875 ], [ 127.4375, 34.4875 ], [ 127.4375, 34.4375 ], [ 127.4875, 34.4375 ] ] ] } },
{ "type": "Feature", "properties": { "grad_nT_km": 26.3, "tier": "moderate", "score": 5.0 }, "geometry": { "type": "Polygon", "coordinates": [ [ [ 127.6375, 34.4375 ], [ 127.6375, 34.4875 ], [ 127.5875, 34.4875 ], [ 127.5875, 34.4375 ], [ 127.6375, 34.4375 ] ] ] } },
{ "type": "Feature", "properties": { "grad_nT_km": 34.8, "tier": "moderate", "score": 3.8 }, "geometry": { "type": "Polygon", "coordinates": [ [ [ 127.7375, 34.4375 ], [ 127.7375, 34.4875 ], [ 127.6875, 34.4875 ], [ 127.6875, 34.4375 ], [ 127.7375, 34.4375 ] ] ] } },
{ "type": "Feature", "properties": { "grad_nT_km": 32.3, "tier": "moderate", "score": 4.1 }, "geometry": { "type": "Polygon", "coordinates": [ [ [ 127.9875, 34.4375 ], [ 127.9875, 34.4875 ], [ 127.9375, 34.4875 ], [ 127.9375, 34.4375 ], [ 127.9875, 34.4375 ] ] ] } },
{ "type": "Feature", "properties": { "grad_nT_km": 23.5, "tier": "moderate", "score": 5.4 }, "geometry": { "type": "Polygon", "coordinates": [ [ [ 125.8875, 34.4875 ], [ 125.8875, 34.5375 ], [ 125.8375, 34.5375 ], [ 125.8375, 34.4875 ], [ 125.8875, 34.4875 ] ] ] } },
{ "type": "Feature", "properties": { "grad_nT_km": 22.2, "tier": "moderate", "score": 5.7 }, "geometry": { "type": "Polygon", "coordinates": [ [ [ 125.9375, 34.4875 ], [ 125.9375, 34.5375 ], [ 125.8875, 34.5375 ], [ 125.8875, 34.4875 ], [ 125.9375, 34.4875 ] ] ] } },
{ "type": "Feature", "properties": { "grad_nT_km": 36.4, "tier": "moderate", "score": 3.7 }, "geometry": { "type": "Polygon", "coordinates": [ [ [ 125.9875, 34.4875 ], [ 125.9875, 34.5375 ], [ 125.9375, 34.5375 ], [ 125.9375, 34.4875 ], [ 125.9875, 34.4875 ] ] ] } },
{ "type": "Feature", "properties": { "grad_nT_km": 37.4, "tier": "moderate", "score": 3.6 }, "geometry": { "type": "Polygon", "coordinates": [ [ [ 126.1375, 34.4875 ], [ 126.1375, 34.5375 ], [ 126.0875, 34.5375 ], [ 126.0875, 34.4875 ], [ 126.1375, 34.4875 ] ] ] } },
{ "type": "Feature", "properties": { "grad_nT_km": 32.1, "tier": "moderate", "score": 4.1 }, "geometry": { "type": "Polygon", "coordinates": [ [ [ 126.4875, 34.4875 ], [ 126.4875, 34.5375 ], [ 126.4375, 34.5375 ], [ 126.4375, 34.4875 ], [ 126.4875, 34.4875 ] ] ] } },
{ "type": "Feature", "properties": { "grad_nT_km": 38.9, "tier": "moderate", "score": 3.4 }, "geometry": { "type": "Polygon", "coordinates": [ [ [ 126.5375, 34.4875 ], [ 126.5375, 34.5375 ], [ 126.4875, 34.5375 ], [ 126.4875, 34.4875 ], [ 126.5375, 34.4875 ] ] ] } },
{ "type": "Feature", "properties": { "grad_nT_km": 31.3, "tier": "moderate", "score": 4.2 }, "geometry": { "type": "Polygon", "coordinates": [ [ [ 126.5875, 34.4875 ], [ 126.5875, 34.5375 ], [ 126.5375, 34.5375 ], [ 126.5375, 34.4875 ], [ 126.5875, 34.4875 ] ] ] } },
{ "type": "Feature", "properties": { "grad_nT_km": 28.5, "tier": "moderate", "score": 4.6 }, "geometry": { "type": "Polygon", "coordinates": [ [ [ 126.6875, 34.4875 ], [ 126.6875, 34.5375 ], [ 126.6375, 34.5375 ], [ 126.6375, 34.4875 ], [ 126.6875, 34.4875 ] ] ] } },
{ "type": "Feature", "properties": { "grad_nT_km": 29.8, "tier": "moderate", "score": 4.4 }, "geometry": { "type": "Polygon", "coordinates": [ [ [ 126.7875, 34.4875 ], [ 126.7875, 34.5375 ], [ 126.7375, 34.5375 ], [ 126.7375, 34.4875 ], [ 126.7875, 34.4875 ] ] ] } },
{ "type": "Feature", "properties": { "grad_nT_km": 29.0, "tier": "moderate", "score": 4.6 }, "geometry": { "type": "Polygon", "coordinates": [ [ [ 126.9375, 34.4875 ], [ 126.9375, 34.5375 ], [ 126.8875, 34.5375 ], [ 126.8875, 34.4875 ], [ 126.9375, 34.4875 ] ] ] } },
{ "type": "Feature", "properties": { "grad_nT_km": 26.2, "tier": "moderate", "score": 5.0 }, "geometry": { "type": "Polygon", "coordinates": [ [ [ 126.9875, 34.4875 ], [ 126.9875, 34.5375 ], [ 126.9375, 34.5375 ], [ 126.9375, 34.4875 ], [ 126.9875, 34.4875 ] ] ] } },
{ "type": "Feature", "properties": { "grad_nT_km": 26.9, "tier": "moderate", "score": 4.9 }, "geometry": { "type": "Polygon", "coordinates": [ [ [ 127.0375, 34.4875 ], [ 127.0375, 34.5375 ], [ 126.9875, 34.5375 ], [ 126.9875, 34.4875 ], [ 127.0375, 34.4875 ] ] ] } },
{ "type": "Feature", "properties": { "grad_nT_km": 17.6, "tier": "moderate", "score": 6.7 }, "geometry": { "type": "Polygon", "coordinates": [ [ [ 127.0875, 34.4875 ], [ 127.0875, 34.5375 ], [ 127.0375, 34.5375 ], [ 127.0375, 34.4875 ], [ 127.0875, 34.4875 ] ] ] } },
{ "type": "Feature", "properties": { "grad_nT_km": 27.9, "tier": "moderate", "score": 4.7 }, "geometry": { "type": "Polygon", "coordinates": [ [ [ 127.1375, 34.4875 ], [ 127.1375, 34.5375 ], [ 127.0875, 34.5375 ], [ 127.0875, 34.4875 ], [ 127.1375, 34.4875 ] ] ] } },
{ "type": "Feature", "properties": { "grad_nT_km": 35.3, "tier": "moderate", "score": 3.8 }, "geometry": { "type": "Polygon", "coordinates": [ [ [ 127.1875, 34.4875 ], [ 127.1875, 34.5375 ], [ 127.1375, 34.5375 ], [ 127.1375, 34.4875 ], [ 127.1875, 34.4875 ] ] ] } },
{ "type": "Feature", "properties": { "grad_nT_km": 17.6, "tier": "moderate", "score": 6.7 }, "geometry": { "type": "Polygon", "coordinates": [ [ [ 127.3875, 34.4875 ], [ 127.3875, 34.5375 ], [ 127.3375, 34.5375 ], [ 127.3375, 34.4875 ], [ 127.3875, 34.4875 ] ] ] } },
{ "type": "Feature", "properties": { "grad_nT_km": 18.7, "tier": "moderate", "score": 6.4 }, "geometry": { "type": "Polygon", "coordinates": [ [ [ 127.4875, 34.4875 ], [ 127.4875, 34.5375 ], [ 127.4375, 34.5375 ], [ 127.4375, 34.4875 ], [ 127.4875, 34.4875 ] ] ] } },
{ "type": "Feature", "properties": { "grad_nT_km": 19.9, "tier": "moderate", "score": 6.1 }, "geometry": { "type": "Polygon", "coordinates": [ [ [ 127.5375, 34.4875 ], [ 127.5375, 34.5375 ], [ 127.4875, 34.5375 ], [ 127.4875, 34.4875 ], [ 127.5375, 34.4875 ] ] ] } },
{ "type": "Feature", "properties": { "grad_nT_km": 15.7, "tier": "moderate", "score": 7.2 }, "geometry": { "type": "Polygon", "coordinates": [ [ [ 127.5875, 34.4875 ], [ 127.5875, 34.5375 ], [ 127.5375, 34.5375 ], [ 127.5375, 34.4875 ], [ 127.5875, 34.4875 ] ] ] } },
{ "type": "Feature", "properties": { "grad_nT_km": 24.2, "tier": "moderate", "score": 5.3 }, "geometry": { "type": "Polygon", "coordinates": [ [ [ 127.6375, 34.4875 ], [ 127.6375, 34.5375 ], [ 127.5875, 34.5375 ], [ 127.5875, 34.4875 ], [ 127.6375, 34.4875 ] ] ] } },
{ "type": "Feature", "properties": { "grad_nT_km": 35.8, "tier": "moderate", "score": 3.7 }, "geometry": { "type": "Polygon", "coordinates": [ [ [ 127.8875, 34.4875 ], [ 127.8875, 34.5375 ], [ 127.8375, 34.5375 ], [ 127.8375, 34.4875 ], [ 127.8875, 34.4875 ] ] ] } },
{ "type": "Feature", "properties": { "grad_nT_km": 36.9, "tier": "moderate", "score": 3.6 }, "geometry": { "type": "Polygon", "coordinates": [ [ [ 128.2375, 34.4875 ], [ 128.2375, 34.5375 ], [ 128.1875, 34.5375 ], [ 128.1875, 34.4875 ], [ 128.2375, 34.4875 ] ] ] } },
{ "type": "Feature", "properties": { "grad_nT_km": 19.2, "tier": "moderate", "score": 6.3 }, "geometry": { "type": "Polygon", "coordinates": [ [ [ 128.3875, 34.4875 ], [ 128.3875, 34.5375 ], [ 128.3375, 34.5375 ], [ 128.3375, 34.4875 ], [ 128.3875, 34.4875 ] ] ] } },
{ "type": "Feature", "properties": { "grad_nT_km": 23.9, "tier": "moderate", "score": 5.4 }, "geometry": { "type": "Polygon", "coordinates": [ [ [ 128.4375, 34.4875 ], [ 128.4375, 34.5375 ], [ 128.3875, 34.5375 ], [ 128.3875, 34.4875 ], [ 128.4375, 34.4875 ] ] ] } },
{ "type": "Feature", "properties": { "grad_nT_km": 17.8, "tier": "moderate", "score": 6.6 }, "geometry": { "type": "Polygon", "coordinates": [ [ [ 128.4875, 34.4875 ], [ 128.4875, 34.5375 ], [ 128.4375, 34.5375 ], [ 128.4375, 34.4875 ], [ 128.4875, 34.4875 ] ] ] } },
{ "type": "Feature", "properties": { "grad_nT_km": 35.5, "tier": "moderate", "score": 3.8 }, "geometry": { "type": "Polygon", "coordinates": [ [ [ 128.5375, 34.4875 ], [ 128.5375, 34.5375 ], [ 128.4875, 34.5375 ], [ 128.4875, 34.4875 ], [ 128.5375, 34.4875 ] ] ] } },
{ "type": "Feature", "properties": { "grad_nT_km": 28.1, "tier": "moderate", "score": 4.7 }, "geometry": { "type": "Polygon", "coordinates": [ [ [ 128.5875, 34.4875 ], [ 128.5875, 34.5375 ], [ 128.5375, 34.5375 ], [ 128.5375, 34.4875 ], [ 128.5875, 34.4875 ] ] ] } },
{ "type": "Feature", "properties": { "grad_nT_km": 29.9, "tier": "moderate", "score": 4.4 }, "geometry": { "type": "Polygon", "coordinates": [ [ [ 125.8375, 34.5375 ], [ 125.8375, 34.5875 ], [ 125.7875, 34.5875 ], [ 125.7875, 34.5375 ], [ 125.8375, 34.5375 ] ] ] } },
{ "type": "Feature", "properties": { "grad_nT_km": 30.7, "tier": "moderate", "score": 4.3 }, "geometry": { "type": "Polygon", "coordinates": [ [ [ 125.8875, 34.5375 ], [ 125.8875, 34.5875 ], [ 125.8375, 34.5875 ], [ 125.8375, 34.5375 ], [ 125.8875, 34.5375 ] ] ] } },
{ "type": "Feature", "properties": { "grad_nT_km": 21.0, "tier": "moderate", "score": 5.9 }, "geometry": { "type": "Polygon", "coordinates": [ [ [ 125.9375, 34.5375 ], [ 125.9375, 34.5875 ], [ 125.8875, 34.5875 ], [ 125.8875, 34.5375 ], [ 125.9375, 34.5375 ] ] ] } },
{ "type": "Feature", "properties": { "grad_nT_km": 37.9, "tier": "moderate", "score": 3.5 }, "geometry": { "type": "Polygon", "coordinates": [ [ [ 125.9875, 34.5375 ], [ 125.9875, 34.5875 ], [ 125.9375, 34.5875 ], [ 125.9375, 34.5375 ], [ 125.9875, 34.5375 ] ] ] } },
{ "type": "Feature", "properties": { "grad_nT_km": 31.0, "tier": "moderate", "score": 4.3 }, "geometry": { "type": "Polygon", "coordinates": [ [ [ 126.0375, 34.5375 ], [ 126.0375, 34.5875 ], [ 125.9875, 34.5875 ], [ 125.9875, 34.5375 ], [ 126.0375, 34.5375 ] ] ] } },
{ "type": "Feature", "properties": { "grad_nT_km": 25.4, "tier": "moderate", "score": 5.1 }, "geometry": { "type": "Polygon", "coordinates": [ [ [ 126.0875, 34.5375 ], [ 126.0875, 34.5875 ], [ 126.0375, 34.5875 ], [ 126.0375, 34.5375 ], [ 126.0875, 34.5375 ] ] ] } },
{ "type": "Feature", "properties": { "grad_nT_km": 34.5, "tier": "moderate", "score": 3.9 }, "geometry": { "type": "Polygon", "coordinates": [ [ [ 126.1375, 34.5375 ], [ 126.1375, 34.5875 ], [ 126.0875, 34.5875 ], [ 126.0875, 34.5375 ], [ 126.1375, 34.5375 ] ] ] } },
{ "type": "Feature", "properties": { "grad_nT_km": 23.4, "tier": "moderate", "score": 5.5 }, "geometry": { "type": "Polygon", "coordinates": [ [ [ 126.2875, 34.5375 ], [ 126.2875, 34.5875 ], [ 126.2375, 34.5875 ], [ 126.2375, 34.5375 ], [ 126.2875, 34.5375 ] ] ] } },
{ "type": "Feature", "properties": { "grad_nT_km": 34.8, "tier": "moderate", "score": 3.8 }, "geometry": { "type": "Polygon", "coordinates": [ [ [ 126.3875, 34.5375 ], [ 126.3875, 34.5875 ], [ 126.3375, 34.5875 ], [ 126.3375, 34.5375 ], [ 126.3875, 34.5375 ] ] ] } },
{ "type": "Feature", "properties": { "grad_nT_km": 39.6, "tier": "moderate", "score": 3.4 }, "geometry": { "type": "Polygon", "coordinates": [ [ [ 126.4375, 34.5375 ], [ 126.4375, 34.5875 ], [ 126.3875, 34.5875 ], [ 126.3875, 34.5375 ], [ 126.4375, 34.5375 ] ] ] } },
{ "type": "Feature", "properties": { "grad_nT_km": 19.7, "tier": "moderate", "score": 6.2 }, "geometry": { "type": "Polygon", "coordinates": [ [ [ 126.4875, 34.5375 ], [ 126.4875, 34.5875 ], [ 126.4375, 34.5875 ], [ 126.4375, 34.5375 ], [ 126.4875, 34.5375 ] ] ] } },
{ "type": "Feature", "properties": { "grad_nT_km": 38.0, "tier": "moderate", "score": 3.5 }, "geometry": { "type": "Polygon", "coordinates": [ [ [ 126.5375, 34.5375 ], [ 126.5375, 34.5875 ], [ 126.4875, 34.5875 ], [ 126.4875, 34.5375 ], [ 126.5375, 34.5375 ] ] ] } },
{ "type": "Feature", "properties": { "grad_nT_km": 34.2, "tier": "moderate", "score": 3.9 }, "geometry": { "type": "Polygon", "coordinates": [ [ [ 126.5875, 34.5375 ], [ 126.5875, 34.5875 ], [ 126.5375, 34.5875 ], [ 126.5375, 34.5375 ], [ 126.5875, 34.5375 ] ] ] } },
{ "type": "Feature", "properties": { "grad_nT_km": 30.0, "tier": "moderate", "score": 4.4 }, "geometry": { "type": "Polygon", "coordinates": [ [ [ 126.6375, 34.5375 ], [ 126.6375, 34.5875 ], [ 126.5875, 34.5875 ], [ 126.5875, 34.5375 ], [ 126.6375, 34.5375 ] ] ] } },
{ "type": "Feature", "properties": { "grad_nT_km": 22.3, "tier": "moderate", "score": 5.7 }, "geometry": { "type": "Polygon", "coordinates": [ [ [ 126.6875, 34.5375 ], [ 126.6875, 34.5875 ], [ 126.6375, 34.5875 ], [ 126.6375, 34.5375 ], [ 126.6875, 34.5375 ] ] ] } },
{ "type": "Feature", "properties": { "grad_nT_km": 21.8, "tier": "moderate", "score": 5.7 }, "geometry": { "type": "Polygon", "coordinates": [ [ [ 126.7375, 34.5375 ], [ 126.7375, 34.5875 ], [ 126.6875, 34.5875 ], [ 126.6875, 34.5375 ], [ 126.7375, 34.5375 ] ] ] } },
{ "type": "Feature", "properties": { "grad_nT_km": 33.1, "tier": "moderate", "score": 4.0 }, "geometry": { "type": "Polygon", "coordinates": [ [ [ 126.7875, 34.5375 ], [ 126.7875, 34.5875 ], [ 126.7375, 34.5875 ], [ 126.7375, 34.5375 ], [ 126.7875, 34.5375 ] ] ] } },
{ "type": "Feature", "properties": { "grad_nT_km": 21.9, "tier": "moderate", "score": 5.7 }, "geometry": { "type": "Polygon", "coordinates": [ [ [ 126.9875, 34.5375 ], [ 126.9875, 34.5875 ], [ 126.9375, 34.5875 ], [ 126.9375, 34.5375 ], [ 126.9875, 34.5375 ] ] ] } },
{ "type": "Feature", "properties": { "grad_nT_km": 17.3, "tier": "moderate", "score": 6.8 }, "geometry": { "type": "Polygon", "coordinates": [ [ [ 127.0875, 34.5375 ], [ 127.0875, 34.5875 ], [ 127.0375, 34.5875 ], [ 127.0375, 34.5375 ], [ 127.0875, 34.5375 ] ] ] } },
{ "type": "Feature", "properties": { "grad_nT_km": 19.2, "tier": "moderate", "score": 6.3 }, "geometry": { "type": "Polygon", "coordinates": [ [ [ 127.1375, 34.5375 ], [ 127.1375, 34.5875 ], [ 127.0875, 34.5875 ], [ 127.0875, 34.5375 ], [ 127.1375, 34.5375 ] ] ] } },
{ "type": "Feature", "properties": { "grad_nT_km": 16.4, "tier": "moderate", "score": 7.0 }, "geometry": { "type": "Polygon", "coordinates": [ [ [ 127.1875, 34.5375 ], [ 127.1875, 34.5875 ], [ 127.1375, 34.5875 ], [ 127.1375, 34.5375 ], [ 127.1875, 34.5375 ] ] ] } },
{ "type": "Feature", "properties": { "grad_nT_km": 24.7, "tier": "moderate", "score": 5.2 }, "geometry": { "type": "Polygon", "coordinates": [ [ [ 127.2375, 34.5375 ], [ 127.2375, 34.5875 ], [ 127.1875, 34.5875 ], [ 127.1875, 34.5375 ], [ 127.2375, 34.5375 ] ] ] } },
{ "type": "Feature", "properties": { "grad_nT_km": 29.6, "tier": "moderate", "score": 4.5 }, "geometry": { "type": "Polygon", "coordinates": [ [ [ 127.5875, 34.5375 ], [ 127.5875, 34.5875 ], [ 127.5375, 34.5875 ], [ 127.5375, 34.5375 ], [ 127.5875, 34.5375 ] ] ] } },
{ "type": "Feature", "properties": { "grad_nT_km": 27.3, "tier": "moderate", "score": 4.8 }, "geometry": { "type": "Polygon", "coordinates": [ [ [ 127.6375, 34.5375 ], [ 127.6375, 34.5875 ], [ 127.5875, 34.5875 ], [ 127.5875, 34.5375 ], [ 127.6375, 34.5375 ] ] ] } },
{ "type": "Feature", "properties": { "grad_nT_km": 37.6, "tier": "moderate", "score": 3.5 }, "geometry": { "type": "Polygon", "coordinates": [ [ [ 127.7875, 34.5375 ], [ 127.7875, 34.5875 ], [ 127.7375, 34.5875 ], [ 127.7375, 34.5375 ], [ 127.7875, 34.5375 ] ] ] } },
{ "type": "Feature", "properties": { "grad_nT_km": 32.9, "tier": "moderate", "score": 4.0 }, "geometry": { "type": "Polygon", "coordinates": [ [ [ 127.8875, 34.5375 ], [ 127.8875, 34.5875 ], [ 127.8375, 34.5875 ], [ 127.8375, 34.5375 ], [ 127.8875, 34.5375 ] ] ] } },
{ "type": "Feature", "properties": { "grad_nT_km": 37.5, "tier": "moderate", "score": 3.5 }, "geometry": { "type": "Polygon", "coordinates": [ [ [ 127.9875, 34.5375 ], [ 127.9875, 34.5875 ], [ 127.9375, 34.5875 ], [ 127.9375, 34.5375 ], [ 127.9875, 34.5375 ] ] ] } },
{ "type": "Feature", "properties": { "grad_nT_km": 37.6, "tier": "moderate", "score": 3.5 }, "geometry": { "type": "Polygon", "coordinates": [ [ [ 128.0375, 34.5375 ], [ 128.0375, 34.5875 ], [ 127.9875, 34.5875 ], [ 127.9875, 34.5375 ], [ 128.0375, 34.5375 ] ] ] } },
{ "type": "Feature", "properties": { "grad_nT_km": 26.0, "tier": "moderate", "score": 5.0 }, "geometry": { "type": "Polygon", "coordinates": [ [ [ 128.3375, 34.5375 ], [ 128.3375, 34.5875 ], [ 128.2875, 34.5875 ], [ 128.2875, 34.5375 ], [ 128.3375, 34.5375 ] ] ] } },
{ "type": "Feature", "properties": { "grad_nT_km": 22.0, "tier": "moderate", "score": 5.7 }, "geometry": { "type": "Polygon", "coordinates": [ [ [ 128.3875, 34.5375 ], [ 128.3875, 34.5875 ], [ 128.3375, 34.5875 ], [ 128.3375, 34.5375 ], [ 128.3875, 34.5375 ] ] ] } },
{ "type": "Feature", "properties": { "grad_nT_km": 18.6, "tier": "moderate", "score": 6.4 }, "geometry": { "type": "Polygon", "coordinates": [ [ [ 128.4375, 34.5375 ], [ 128.4375, 34.5875 ], [ 128.3875, 34.5875 ], [ 128.3875, 34.5375 ], [ 128.4375, 34.5375 ] ] ] } },
{ "type": "Feature", "properties": { "grad_nT_km": 27.6, "tier": "moderate", "score": 4.8 }, "geometry": { "type": "Polygon", "coordinates": [ [ [ 128.4875, 34.5375 ], [ 128.4875, 34.5875 ], [ 128.4375, 34.5875 ], [ 128.4375, 34.5375 ], [ 128.4875, 34.5375 ] ] ] } },
{ "type": "Feature", "properties": { "grad_nT_km": 29.4, "tier": "moderate", "score": 4.5 }, "geometry": { "type": "Polygon", "coordinates": [ [ [ 128.5375, 34.5375 ], [ 128.5375, 34.5875 ], [ 128.4875, 34.5875 ], [ 128.4875, 34.5375 ], [ 128.5375, 34.5375 ] ] ] } },
{ "type": "Feature", "properties": { "grad_nT_km": 38.5, "tier": "moderate", "score": 3.5 }, "geometry": { "type": "Polygon", "coordinates": [ [ [ 128.5875, 34.5375 ], [ 128.5875, 34.5875 ], [ 128.5375, 34.5875 ], [ 128.5375, 34.5375 ], [ 128.5875, 34.5375 ] ] ] } },
{ "type": "Feature", "properties": { "grad_nT_km": 34.3, "tier": "moderate", "score": 3.9 }, "geometry": { "type": "Polygon", "coordinates": [ [ [ 128.6375, 34.5375 ], [ 128.6375, 34.5875 ], [ 128.5875, 34.5875 ], [ 128.5875, 34.5375 ], [ 128.6375, 34.5375 ] ] ] } },
{ "type": "Feature", "properties": { "grad_nT_km": 23.1, "tier": "moderate", "score": 5.5 }, "geometry": { "type": "Polygon", "coordinates": [ [ [ 125.9875, 34.5875 ], [ 125.9875, 34.6375 ], [ 125.9375, 34.6375 ], [ 125.9375, 34.5875 ], [ 125.9875, 34.5875 ] ] ] } },
{ "type": "Feature", "properties": { "grad_nT_km": 17.1, "tier": "moderate", "score": 6.8 }, "geometry": { "type": "Polygon", "coordinates": [ [ [ 126.0875, 34.5875 ], [ 126.0875, 34.6375 ], [ 126.0375, 34.6375 ], [ 126.0375, 34.5875 ], [ 126.0875, 34.5875 ] ] ] } },
{ "type": "Feature", "properties": { "grad_nT_km": 16.7, "tier": "moderate", "score": 6.9 }, "geometry": { "type": "Polygon", "coordinates": [ [ [ 126.1375, 34.5875 ], [ 126.1375, 34.6375 ], [ 126.0875, 34.6375 ], [ 126.0875, 34.5875 ], [ 126.1375, 34.5875 ] ] ] } },
{ "type": "Feature", "properties": { "grad_nT_km": 33.5, "tier": "moderate", "score": 4.0 }, "geometry": { "type": "Polygon", "coordinates": [ [ [ 126.2375, 34.5875 ], [ 126.2375, 34.6375 ], [ 126.1875, 34.6375 ], [ 126.1875, 34.5875 ], [ 126.2375, 34.5875 ] ] ] } },
{ "type": "Feature", "properties": { "grad_nT_km": 16.3, "tier": "moderate", "score": 7.0 }, "geometry": { "type": "Polygon", "coordinates": [ [ [ 126.2875, 34.5875 ], [ 126.2875, 34.6375 ], [ 126.2375, 34.6375 ], [ 126.2375, 34.5875 ], [ 126.2875, 34.5875 ] ] ] } },
{ "type": "Feature", "properties": { "grad_nT_km": 31.7, "tier": "moderate", "score": 4.2 }, "geometry": { "type": "Polygon", "coordinates": [ [ [ 126.3375, 34.5875 ], [ 126.3375, 34.6375 ], [ 126.2875, 34.6375 ], [ 126.2875, 34.5875 ], [ 126.3375, 34.5875 ] ] ] } },
{ "type": "Feature", "properties": { "grad_nT_km": 38.2, "tier": "moderate", "score": 3.5 }, "geometry": { "type": "Polygon", "coordinates": [ [ [ 126.3875, 34.5875 ], [ 126.3875, 34.6375 ], [ 126.3375, 34.6375 ], [ 126.3375, 34.5875 ], [ 126.3875, 34.5875 ] ] ] } },
{ "type": "Feature", "properties": { "grad_nT_km": 24.1, "tier": "moderate", "score": 5.3 }, "geometry": { "type": "Polygon", "coordinates": [ [ [ 126.4875, 34.5875 ], [ 126.4875, 34.6375 ], [ 126.4375, 34.6375 ], [ 126.4375, 34.5875 ], [ 126.4875, 34.5875 ] ] ] } },
{ "type": "Feature", "properties": { "grad_nT_km": 31.8, "tier": "moderate", "score": 4.2 }, "geometry": { "type": "Polygon", "coordinates": [ [ [ 126.5375, 34.5875 ], [ 126.5375, 34.6375 ], [ 126.4875, 34.6375 ], [ 126.4875, 34.5875 ], [ 126.5375, 34.5875 ] ] ] } },
{ "type": "Feature", "properties": { "grad_nT_km": 20.0, "tier": "moderate", "score": 6.1 }, "geometry": { "type": "Polygon", "coordinates": [ [ [ 126.7375, 34.5875 ], [ 126.7375, 34.6375 ], [ 126.6875, 34.6375 ], [ 126.6875, 34.5875 ], [ 126.7375, 34.5875 ] ] ] } },
{ "type": "Feature", "properties": { "grad_nT_km": 33.2, "tier": "moderate", "score": 4.0 }, "geometry": { "type": "Polygon", "coordinates": [ [ [ 126.7875, 34.5875 ], [ 126.7875, 34.6375 ], [ 126.7375, 34.6375 ], [ 126.7375, 34.5875 ], [ 126.7875, 34.5875 ] ] ] } },
{ "type": "Feature", "properties": { "grad_nT_km": 25.2, "tier": "moderate", "score": 5.1 }, "geometry": { "type": "Polygon", "coordinates": [ [ [ 126.8375, 34.5875 ], [ 126.8375, 34.6375 ], [ 126.7875, 34.6375 ], [ 126.7875, 34.5875 ], [ 126.8375, 34.5875 ] ] ] } },
{ "type": "Feature", "properties": { "grad_nT_km": 25.3, "tier": "moderate", "score": 5.1 }, "geometry": { "type": "Polygon", "coordinates": [ [ [ 127.0875, 34.5875 ], [ 127.0875, 34.6375 ], [ 127.0375, 34.6375 ], [ 127.0375, 34.5875 ], [ 127.0875, 34.5875 ] ] ] } },
{ "type": "Feature", "properties": { "grad_nT_km": 16.9, "tier": "moderate", "score": 6.9 }, "geometry": { "type": "Polygon", "coordinates": [ [ [ 127.1875, 34.5875 ], [ 127.1875, 34.6375 ], [ 127.1375, 34.6375 ], [ 127.1375, 34.5875 ], [ 127.1875, 34.5875 ] ] ] } },
{ "type": "Feature", "properties": { "grad_nT_km": 25.5, "tier": "moderate", "score": 5.1 }, "geometry": { "type": "Polygon", "coordinates": [ [ [ 127.2375, 34.5875 ], [ 127.2375, 34.6375 ], [ 127.1875, 34.6375 ], [ 127.1875, 34.5875 ], [ 127.2375, 34.5875 ] ] ] } },
{ "type": "Feature", "properties": { "grad_nT_km": 34.6, "tier": "moderate", "score": 3.8 }, "geometry": { "type": "Polygon", "coordinates": [ [ [ 127.5375, 34.5875 ], [ 127.5375, 34.6375 ], [ 127.4875, 34.6375 ], [ 127.4875, 34.5875 ], [ 127.5375, 34.5875 ] ] ] } },
{ "type": "Feature", "properties": { "grad_nT_km": 31.4, "tier": "moderate", "score": 4.2 }, "geometry": { "type": "Polygon", "coordinates": [ [ [ 127.5875, 34.5875 ], [ 127.5875, 34.6375 ], [ 127.5375, 34.6375 ], [ 127.5375, 34.5875 ], [ 127.5875, 34.5875 ] ] ] } },
{ "type": "Feature", "properties": { "grad_nT_km": 18.6, "tier": "moderate", "score": 6.4 }, "geometry": { "type": "Polygon", "coordinates": [ [ [ 127.6375, 34.5875 ], [ 127.6375, 34.6375 ], [ 127.5875, 34.6375 ], [ 127.5875, 34.5875 ], [ 127.6375, 34.5875 ] ] ] } },
{ "type": "Feature", "properties": { "grad_nT_km": 21.6, "tier": "moderate", "score": 5.8 }, "geometry": { "type": "Polygon", "coordinates": [ [ [ 127.6875, 34.5875 ], [ 127.6875, 34.6375 ], [ 127.6375, 34.6375 ], [ 127.6375, 34.5875 ], [ 127.6875, 34.5875 ] ] ] } },
{ "type": "Feature", "properties": { "grad_nT_km": 19.5, "tier": "moderate", "score": 6.2 }, "geometry": { "type": "Polygon", "coordinates": [ [ [ 127.7375, 34.5875 ], [ 127.7375, 34.6375 ], [ 127.6875, 34.6375 ], [ 127.6875, 34.5875 ], [ 127.7375, 34.5875 ] ] ] } },
{ "type": "Feature", "properties": { "grad_nT_km": 28.8, "tier": "moderate", "score": 4.6 }, "geometry": { "type": "Polygon", "coordinates": [ [ [ 127.9375, 34.5875 ], [ 127.9375, 34.6375 ], [ 127.8875, 34.6375 ], [ 127.8875, 34.5875 ], [ 127.9375, 34.5875 ] ] ] } },
{ "type": "Feature", "properties": { "grad_nT_km": 15.5, "tier": "moderate", "score": 7.2 }, "geometry": { "type": "Polygon", "coordinates": [ [ [ 127.9875, 34.5875 ], [ 127.9875, 34.6375 ], [ 127.9375, 34.6375 ], [ 127.9375, 34.5875 ], [ 127.9875, 34.5875 ] ] ] } },
{ "type": "Feature", "properties": { "grad_nT_km": 35.0, "tier": "moderate", "score": 3.8 }, "geometry": { "type": "Polygon", "coordinates": [ [ [ 128.0375, 34.5875 ], [ 128.0375, 34.6375 ], [ 127.9875, 34.6375 ], [ 127.9875, 34.5875 ], [ 128.0375, 34.5875 ] ] ] } },
{ "type": "Feature", "properties": { "grad_nT_km": 23.4, "tier": "moderate", "score": 5.4 }, "geometry": { "type": "Polygon", "coordinates": [ [ [ 128.3375, 34.5875 ], [ 128.3375, 34.6375 ], [ 128.2875, 34.6375 ], [ 128.2875, 34.5875 ], [ 128.3375, 34.5875 ] ] ] } },
{ "type": "Feature", "properties": { "grad_nT_km": 33.8, "tier": "moderate", "score": 3.9 }, "geometry": { "type": "Polygon", "coordinates": [ [ [ 128.4375, 34.5875 ], [ 128.4375, 34.6375 ], [ 128.3875, 34.6375 ], [ 128.3875, 34.5875 ], [ 128.4375, 34.5875 ] ] ] } },
{ "type": "Feature", "properties": { "grad_nT_km": 29.1, "tier": "moderate", "score": 4.5 }, "geometry": { "type": "Polygon", "coordinates": [ [ [ 128.4875, 34.5875 ], [ 128.4875, 34.6375 ], [ 128.4375, 34.6375 ], [ 128.4375, 34.5875 ], [ 128.4875, 34.5875 ] ] ] } },
{ "type": "Feature", "properties": { "grad_nT_km": 30.4, "tier": "moderate", "score": 4.4 }, "geometry": { "type": "Polygon", "coordinates": [ [ [ 128.5375, 34.5875 ], [ 128.5375, 34.6375 ], [ 128.4875, 34.6375 ], [ 128.4875, 34.5875 ], [ 128.5375, 34.5875 ] ] ] } },
{ "type": "Feature", "properties": { "grad_nT_km": 36.1, "tier": "moderate", "score": 3.7 }, "geometry": { "type": "Polygon", "coordinates": [ [ [ 128.5875, 34.5875 ], [ 128.5875, 34.6375 ], [ 128.5375, 34.6375 ], [ 128.5375, 34.5875 ], [ 128.5875, 34.5875 ] ] ] } },
{ "type": "Feature", "properties": { "grad_nT_km": 30.6, "tier": "moderate", "score": 4.3 }, "geometry": { "type": "Polygon", "coordinates": [ [ [ 125.7875, 34.6375 ], [ 125.7875, 34.6875 ], [ 125.7375, 34.6875 ], [ 125.7375, 34.6375 ], [ 125.7875, 34.6375 ] ] ] } },
{ "type": "Feature", "properties": { "grad_nT_km": 29.2, "tier": "moderate", "score": 4.5 }, "geometry": { "type": "Polygon", "coordinates": [ [ [ 125.8375, 34.6375 ], [ 125.8375, 34.6875 ], [ 125.7875, 34.6875 ], [ 125.7875, 34.6375 ], [ 125.8375, 34.6375 ] ] ] } },
{ "type": "Feature", "properties": { "grad_nT_km": 39.0, "tier": "moderate", "score": 3.4 }, "geometry": { "type": "Polygon", "coordinates": [ [ [ 126.1375, 34.6375 ], [ 126.1375, 34.6875 ], [ 126.0875, 34.6875 ], [ 126.0875, 34.6375 ], [ 126.1375, 34.6375 ] ] ] } },
{ "type": "Feature", "properties": { "grad_nT_km": 29.2, "tier": "moderate", "score": 4.5 }, "geometry": { "type": "Polygon", "coordinates": [ [ [ 126.1875, 34.6375 ], [ 126.1875, 34.6875 ], [ 126.1375, 34.6875 ], [ 126.1375, 34.6375 ], [ 126.1875, 34.6375 ] ] ] } },
{ "type": "Feature", "properties": { "grad_nT_km": 27.5, "tier": "moderate", "score": 4.8 }, "geometry": { "type": "Polygon", "coordinates": [ [ [ 126.2875, 34.6375 ], [ 126.2875, 34.6875 ], [ 126.2375, 34.6875 ], [ 126.2375, 34.6375 ], [ 126.2875, 34.6375 ] ] ] } },
{ "type": "Feature", "properties": { "grad_nT_km": 37.1, "tier": "moderate", "score": 3.6 }, "geometry": { "type": "Polygon", "coordinates": [ [ [ 126.4875, 34.6375 ], [ 126.4875, 34.6875 ], [ 126.4375, 34.6875 ], [ 126.4375, 34.6375 ], [ 126.4875, 34.6375 ] ] ] } },
{ "type": "Feature", "properties": { "grad_nT_km": 24.5, "tier": "moderate", "score": 5.2 }, "geometry": { "type": "Polygon", "coordinates": [ [ [ 126.5375, 34.6375 ], [ 126.5375, 34.6875 ], [ 126.4875, 34.6875 ], [ 126.4875, 34.6375 ], [ 126.5375, 34.6375 ] ] ] } },
{ "type": "Feature", "properties": { "grad_nT_km": 34.6, "tier": "moderate", "score": 3.9 }, "geometry": { "type": "Polygon", "coordinates": [ [ [ 126.7875, 34.6375 ], [ 126.7875, 34.6875 ], [ 126.7375, 34.6875 ], [ 126.7375, 34.6375 ], [ 126.7875, 34.6375 ] ] ] } },
{ "type": "Feature", "properties": { "grad_nT_km": 25.8, "tier": "moderate", "score": 5.0 }, "geometry": { "type": "Polygon", "coordinates": [ [ [ 126.8375, 34.6375 ], [ 126.8375, 34.6875 ], [ 126.7875, 34.6875 ], [ 126.7875, 34.6375 ], [ 126.8375, 34.6375 ] ] ] } },
{ "type": "Feature", "properties": { "grad_nT_km": 23.2, "tier": "moderate", "score": 5.5 }, "geometry": { "type": "Polygon", "coordinates": [ [ [ 126.9875, 34.6375 ], [ 126.9875, 34.6875 ], [ 126.9375, 34.6875 ], [ 126.9375, 34.6375 ], [ 126.9875, 34.6375 ] ] ] } },
{ "type": "Feature", "properties": { "grad_nT_km": 31.8, "tier": "moderate", "score": 4.2 }, "geometry": { "type": "Polygon", "coordinates": [ [ [ 127.0375, 34.6375 ], [ 127.0375, 34.6875 ], [ 126.9875, 34.6875 ], [ 126.9875, 34.6375 ], [ 127.0375, 34.6375 ] ] ] } },
{ "type": "Feature", "properties": { "grad_nT_km": 24.5, "tier": "moderate", "score": 5.3 }, "geometry": { "type": "Polygon", "coordinates": [ [ [ 127.1375, 34.6375 ], [ 127.1375, 34.6875 ], [ 127.0875, 34.6875 ], [ 127.0875, 34.6375 ], [ 127.1375, 34.6375 ] ] ] } },
{ "type": "Feature", "properties": { "grad_nT_km": 28.7, "tier": "moderate", "score": 4.6 }, "geometry": { "type": "Polygon", "coordinates": [ [ [ 127.1875, 34.6375 ], [ 127.1875, 34.6875 ], [ 127.1375, 34.6875 ], [ 127.1375, 34.6375 ], [ 127.1875, 34.6375 ] ] ] } },
{ "type": "Feature", "properties": { "grad_nT_km": 28.3, "tier": "moderate", "score": 4.6 }, "geometry": { "type": "Polygon", "coordinates": [ [ [ 127.2375, 34.6375 ], [ 127.2375, 34.6875 ], [ 127.1875, 34.6875 ], [ 127.1875, 34.6375 ], [ 127.2375, 34.6375 ] ] ] } },
{ "type": "Feature", "properties": { "grad_nT_km": 27.6, "tier": "moderate", "score": 4.8 }, "geometry": { "type": "Polygon", "coordinates": [ [ [ 127.2875, 34.6375 ], [ 127.2875, 34.6875 ], [ 127.2375, 34.6875 ], [ 127.2375, 34.6375 ], [ 127.2875, 34.6375 ] ] ] } },
{ "type": "Feature", "properties": { "grad_nT_km": 25.7, "tier": "moderate", "score": 5.0 }, "geometry": { "type": "Polygon", "coordinates": [ [ [ 127.5875, 34.6375 ], [ 127.5875, 34.6875 ], [ 127.5375, 34.6875 ], [ 127.5375, 34.6375 ], [ 127.5875, 34.6375 ] ] ] } },
{ "type": "Feature", "properties": { "grad_nT_km": 18.4, "tier": "moderate", "score": 6.5 }, "geometry": { "type": "Polygon", "coordinates": [ [ [ 127.6375, 34.6375 ], [ 127.6375, 34.6875 ], [ 127.5875, 34.6875 ], [ 127.5875, 34.6375 ], [ 127.6375, 34.6375 ] ] ] } },
{ "type": "Feature", "properties": { "grad_nT_km": 20.6, "tier": "moderate", "score": 6.0 }, "geometry": { "type": "Polygon", "coordinates": [ [ [ 127.6875, 34.6375 ], [ 127.6875, 34.6875 ], [ 127.6375, 34.6875 ], [ 127.6375, 34.6375 ], [ 127.6875, 34.6375 ] ] ] } },
{ "type": "Feature", "properties": { "grad_nT_km": 27.0, "tier": "moderate", "score": 4.8 }, "geometry": { "type": "Polygon", "coordinates": [ [ [ 127.7875, 34.6375 ], [ 127.7875, 34.6875 ], [ 127.7375, 34.6875 ], [ 127.7375, 34.6375 ], [ 127.7875, 34.6375 ] ] ] } },
{ "type": "Feature", "properties": { "grad_nT_km": 35.3, "tier": "moderate", "score": 3.8 }, "geometry": { "type": "Polygon", "coordinates": [ [ [ 127.8875, 34.6375 ], [ 127.8875, 34.6875 ], [ 127.8375, 34.6875 ], [ 127.8375, 34.6375 ], [ 127.8875, 34.6375 ] ] ] } },
{ "type": "Feature", "properties": { "grad_nT_km": 26.9, "tier": "moderate", "score": 4.9 }, "geometry": { "type": "Polygon", "coordinates": [ [ [ 127.9375, 34.6375 ], [ 127.9375, 34.6875 ], [ 127.8875, 34.6875 ], [ 127.8875, 34.6375 ], [ 127.9375, 34.6375 ] ] ] } },
{ "type": "Feature", "properties": { "grad_nT_km": 36.0, "tier": "moderate", "score": 3.7 }, "geometry": { "type": "Polygon", "coordinates": [ [ [ 128.1375, 34.6375 ], [ 128.1375, 34.6875 ], [ 128.0875, 34.6875 ], [ 128.0875, 34.6375 ], [ 128.1375, 34.6375 ] ] ] } },
{ "type": "Feature", "properties": { "grad_nT_km": 29.4, "tier": "moderate", "score": 4.5 }, "geometry": { "type": "Polygon", "coordinates": [ [ [ 128.3375, 34.6375 ], [ 128.3375, 34.6875 ], [ 128.2875, 34.6875 ], [ 128.2875, 34.6375 ], [ 128.3375, 34.6375 ] ] ] } },
{ "type": "Feature", "properties": { "grad_nT_km": 29.6, "tier": "moderate", "score": 4.5 }, "geometry": { "type": "Polygon", "coordinates": [ [ [ 128.4875, 34.6375 ], [ 128.4875, 34.6875 ], [ 128.4375, 34.6875 ], [ 128.4375, 34.6375 ], [ 128.4875, 34.6375 ] ] ] } },
{ "type": "Feature", "properties": { "grad_nT_km": 20.8, "tier": "moderate", "score": 6.0 }, "geometry": { "type": "Polygon", "coordinates": [ [ [ 128.6875, 34.6375 ], [ 128.6875, 34.6875 ], [ 128.6375, 34.6875 ], [ 128.6375, 34.6375 ], [ 128.6875, 34.6375 ] ] ] } },
{ "type": "Feature", "properties": { "grad_nT_km": 22.0, "tier": "moderate", "score": 5.7 }, "geometry": { "type": "Polygon", "coordinates": [ [ [ 128.7375, 34.6375 ], [ 128.7375, 34.6875 ], [ 128.6875, 34.6875 ], [ 128.6875, 34.6375 ], [ 128.7375, 34.6375 ] ] ] } },
{ "type": "Feature", "properties": { "grad_nT_km": 26.3, "tier": "moderate", "score": 4.9 }, "geometry": { "type": "Polygon", "coordinates": [ [ [ 125.7875, 34.6875 ], [ 125.7875, 34.7375 ], [ 125.7375, 34.7375 ], [ 125.7375, 34.6875 ], [ 125.7875, 34.6875 ] ] ] } },
{ "type": "Feature", "properties": { "grad_nT_km": 20.3, "tier": "moderate", "score": 6.1 }, "geometry": { "type": "Polygon", "coordinates": [ [ [ 125.8375, 34.6875 ], [ 125.8375, 34.7375 ], [ 125.7875, 34.7375 ], [ 125.7875, 34.6875 ], [ 125.8375, 34.6875 ] ] ] } },
{ "type": "Feature", "properties": { "grad_nT_km": 32.9, "tier": "moderate", "score": 4.0 }, "geometry": { "type": "Polygon", "coordinates": [ [ [ 125.8875, 34.6875 ], [ 125.8875, 34.7375 ], [ 125.8375, 34.7375 ], [ 125.8375, 34.6875 ], [ 125.8875, 34.6875 ] ] ] } },
{ "type": "Feature", "properties": { "grad_nT_km": 36.9, "tier": "moderate", "score": 3.6 }, "geometry": { "type": "Polygon", "coordinates": [ [ [ 125.9375, 34.6875 ], [ 125.9375, 34.7375 ], [ 125.8875, 34.7375 ], [ 125.8875, 34.6875 ], [ 125.9375, 34.6875 ] ] ] } },
{ "type": "Feature", "properties": { "grad_nT_km": 35.7, "tier": "moderate", "score": 3.7 }, "geometry": { "type": "Polygon", "coordinates": [ [ [ 126.1875, 34.6875 ], [ 126.1875, 34.7375 ], [ 126.1375, 34.7375 ], [ 126.1375, 34.6875 ], [ 126.1875, 34.6875 ] ] ] } },
{ "type": "Feature", "properties": { "grad_nT_km": 21.9, "tier": "moderate", "score": 5.7 }, "geometry": { "type": "Polygon", "coordinates": [ [ [ 126.4375, 34.6875 ], [ 126.4375, 34.7375 ], [ 126.3875, 34.7375 ], [ 126.3875, 34.6875 ], [ 126.4375, 34.6875 ] ] ] } },
{ "type": "Feature", "properties": { "grad_nT_km": 20.7, "tier": "moderate", "score": 6.0 }, "geometry": { "type": "Polygon", "coordinates": [ [ [ 126.4875, 34.6875 ], [ 126.4875, 34.7375 ], [ 126.4375, 34.7375 ], [ 126.4375, 34.6875 ], [ 126.4875, 34.6875 ] ] ] } },
{ "type": "Feature", "properties": { "grad_nT_km": 35.0, "tier": "moderate", "score": 3.8 }, "geometry": { "type": "Polygon", "coordinates": [ [ [ 126.5375, 34.6875 ], [ 126.5375, 34.7375 ], [ 126.4875, 34.7375 ], [ 126.4875, 34.6875 ], [ 126.5375, 34.6875 ] ] ] } },
{ "type": "Feature", "properties": { "grad_nT_km": 37.0, "tier": "moderate", "score": 3.6 }, "geometry": { "type": "Polygon", "coordinates": [ [ [ 126.5875, 34.6875 ], [ 126.5875, 34.7375 ], [ 126.5375, 34.7375 ], [ 126.5375, 34.6875 ], [ 126.5875, 34.6875 ] ] ] } },
{ "type": "Feature", "properties": { "grad_nT_km": 31.6, "tier": "moderate", "score": 4.2 }, "geometry": { "type": "Polygon", "coordinates": [ [ [ 126.6375, 34.6875 ], [ 126.6375, 34.7375 ], [ 126.5875, 34.7375 ], [ 126.5875, 34.6875 ], [ 126.6375, 34.6875 ] ] ] } },
{ "type": "Feature", "properties": { "grad_nT_km": 23.7, "tier": "moderate", "score": 5.4 }, "geometry": { "type": "Polygon", "coordinates": [ [ [ 126.6875, 34.6875 ], [ 126.6875, 34.7375 ], [ 126.6375, 34.7375 ], [ 126.6375, 34.6875 ], [ 126.6875, 34.6875 ] ] ] } },
{ "type": "Feature", "properties": { "grad_nT_km": 30.7, "tier": "moderate", "score": 4.3 }, "geometry": { "type": "Polygon", "coordinates": [ [ [ 126.7875, 34.6875 ], [ 126.7875, 34.7375 ], [ 126.7375, 34.7375 ], [ 126.7375, 34.6875 ], [ 126.7875, 34.6875 ] ] ] } },
{ "type": "Feature", "properties": { "grad_nT_km": 18.3, "tier": "moderate", "score": 6.5 }, "geometry": { "type": "Polygon", "coordinates": [ [ [ 126.8375, 34.6875 ], [ 126.8375, 34.7375 ], [ 126.7875, 34.7375 ], [ 126.7875, 34.6875 ], [ 126.8375, 34.6875 ] ] ] } },
{ "type": "Feature", "properties": { "grad_nT_km": 26.3, "tier": "moderate", "score": 4.9 }, "geometry": { "type": "Polygon", "coordinates": [ [ [ 126.8875, 34.6875 ], [ 126.8875, 34.7375 ], [ 126.8375, 34.7375 ], [ 126.8375, 34.6875 ], [ 126.8875, 34.6875 ] ] ] } },
{ "type": "Feature", "properties": { "grad_nT_km": 23.7, "tier": "moderate", "score": 5.4 }, "geometry": { "type": "Polygon", "coordinates": [ [ [ 126.9375, 34.6875 ], [ 126.9375, 34.7375 ], [ 126.8875, 34.7375 ], [ 126.8875, 34.6875 ], [ 126.9375, 34.6875 ] ] ] } },
{ "type": "Feature", "properties": { "grad_nT_km": 20.5, "tier": "moderate", "score": 6.0 }, "geometry": { "type": "Polygon", "coordinates": [ [ [ 127.0375, 34.6875 ], [ 127.0375, 34.7375 ], [ 126.9875, 34.7375 ], [ 126.9875, 34.6875 ], [ 127.0375, 34.6875 ] ] ] } },
{ "type": "Feature", "properties": { "grad_nT_km": 18.7, "tier": "moderate", "score": 6.4 }, "geometry": { "type": "Polygon", "coordinates": [ [ [ 127.0875, 34.6875 ], [ 127.0875, 34.7375 ], [ 127.0375, 34.7375 ], [ 127.0375, 34.6875 ], [ 127.0875, 34.6875 ] ] ] } },
{ "type": "Feature", "properties": { "grad_nT_km": 31.1, "tier": "moderate", "score": 4.3 }, "geometry": { "type": "Polygon", "coordinates": [ [ [ 127.1375, 34.6875 ], [ 127.1375, 34.7375 ], [ 127.0875, 34.7375 ], [ 127.0875, 34.6875 ], [ 127.1375, 34.6875 ] ] ] } },
{ "type": "Feature", "properties": { "grad_nT_km": 17.0, "tier": "moderate", "score": 6.8 }, "geometry": { "type": "Polygon", "coordinates": [ [ [ 127.2375, 34.6875 ], [ 127.2375, 34.7375 ], [ 127.1875, 34.7375 ], [ 127.1875, 34.6875 ], [ 127.2375, 34.6875 ] ] ] } },
{ "type": "Feature", "properties": { "grad_nT_km": 21.9, "tier": "moderate", "score": 5.7 }, "geometry": { "type": "Polygon", "coordinates": [ [ [ 127.2875, 34.6875 ], [ 127.2875, 34.7375 ], [ 127.2375, 34.7375 ], [ 127.2375, 34.6875 ], [ 127.2875, 34.6875 ] ] ] } },
{ "type": "Feature", "properties": { "grad_nT_km": 30.2, "tier": "moderate", "score": 4.4 }, "geometry": { "type": "Polygon", "coordinates": [ [ [ 127.3375, 34.6875 ], [ 127.3375, 34.7375 ], [ 127.2875, 34.7375 ], [ 127.2875, 34.6875 ], [ 127.3375, 34.6875 ] ] ] } },
{ "type": "Feature", "properties": { "grad_nT_km": 16.6, "tier": "moderate", "score": 6.9 }, "geometry": { "type": "Polygon", "coordinates": [ [ [ 127.4875, 34.6875 ], [ 127.4875, 34.7375 ], [ 127.4375, 34.7375 ], [ 127.4375, 34.6875 ], [ 127.4875, 34.6875 ] ] ] } },
{ "type": "Feature", "properties": { "grad_nT_km": 17.2, "tier": "moderate", "score": 6.8 }, "geometry": { "type": "Polygon", "coordinates": [ [ [ 127.5375, 34.6875 ], [ 127.5375, 34.7375 ], [ 127.4875, 34.7375 ], [ 127.4875, 34.6875 ], [ 127.5375, 34.6875 ] ] ] } },
{ "type": "Feature", "properties": { "grad_nT_km": 22.6, "tier": "moderate", "score": 5.6 }, "geometry": { "type": "Polygon", "coordinates": [ [ [ 127.5875, 34.6875 ], [ 127.5875, 34.7375 ], [ 127.5375, 34.7375 ], [ 127.5375, 34.6875 ], [ 127.5875, 34.6875 ] ] ] } },
{ "type": "Feature", "properties": { "grad_nT_km": 31.6, "tier": "moderate", "score": 4.2 }, "geometry": { "type": "Polygon", "coordinates": [ [ [ 127.6375, 34.6875 ], [ 127.6375, 34.7375 ], [ 127.5875, 34.7375 ], [ 127.5875, 34.6875 ], [ 127.6375, 34.6875 ] ] ] } },
{ "type": "Feature", "properties": { "grad_nT_km": 29.4, "tier": "moderate", "score": 4.5 }, "geometry": { "type": "Polygon", "coordinates": [ [ [ 127.8375, 34.6875 ], [ 127.8375, 34.7375 ], [ 127.7875, 34.7375 ], [ 127.7875, 34.6875 ], [ 127.8375, 34.6875 ] ] ] } },
{ "type": "Feature", "properties": { "grad_nT_km": 39.7, "tier": "moderate", "score": 3.3 }, "geometry": { "type": "Polygon", "coordinates": [ [ [ 128.0375, 34.6875 ], [ 128.0375, 34.7375 ], [ 127.9875, 34.7375 ], [ 127.9875, 34.6875 ], [ 128.0375, 34.6875 ] ] ] } },
{ "type": "Feature", "properties": { "grad_nT_km": 30.5, "tier": "moderate", "score": 4.3 }, "geometry": { "type": "Polygon", "coordinates": [ [ [ 128.0875, 34.6875 ], [ 128.0875, 34.7375 ], [ 128.0375, 34.7375 ], [ 128.0375, 34.6875 ], [ 128.0875, 34.6875 ] ] ] } },
{ "type": "Feature", "properties": { "grad_nT_km": 20.4, "tier": "moderate", "score": 6.0 }, "geometry": { "type": "Polygon", "coordinates": [ [ [ 128.1375, 34.6875 ], [ 128.1375, 34.7375 ], [ 128.0875, 34.7375 ], [ 128.0875, 34.6875 ], [ 128.1375, 34.6875 ] ] ] } },
{ "type": "Feature", "properties": { "grad_nT_km": 29.9, "tier": "moderate", "score": 4.4 }, "geometry": { "type": "Polygon", "coordinates": [ [ [ 128.4875, 34.6875 ], [ 128.4875, 34.7375 ], [ 128.4375, 34.7375 ], [ 128.4375, 34.6875 ], [ 128.4875, 34.6875 ] ] ] } },
{ "type": "Feature", "properties": { "grad_nT_km": 28.2, "tier": "moderate", "score": 4.7 }, "geometry": { "type": "Polygon", "coordinates": [ [ [ 128.5375, 34.6875 ], [ 128.5375, 34.7375 ], [ 128.4875, 34.7375 ], [ 128.4875, 34.6875 ], [ 128.5375, 34.6875 ] ] ] } },
{ "type": "Feature", "properties": { "grad_nT_km": 26.4, "tier": "moderate", "score": 4.9 }, "geometry": { "type": "Polygon", "coordinates": [ [ [ 128.5875, 34.6875 ], [ 128.5875, 34.7375 ], [ 128.5375, 34.7375 ], [ 128.5375, 34.6875 ], [ 128.5875, 34.6875 ] ] ] } },
{ "type": "Feature", "properties": { "grad_nT_km": 23.1, "tier": "moderate", "score": 5.5 }, "geometry": { "type": "Polygon", "coordinates": [ [ [ 128.6875, 34.6875 ], [ 128.6875, 34.7375 ], [ 128.6375, 34.7375 ], [ 128.6375, 34.6875 ], [ 128.6875, 34.6875 ] ] ] } },
{ "type": "Feature", "properties": { "grad_nT_km": 34.6, "tier": "moderate", "score": 3.9 }, "geometry": { "type": "Polygon", "coordinates": [ [ [ 128.7375, 34.6875 ], [ 128.7375, 34.7375 ], [ 128.6875, 34.7375 ], [ 128.6875, 34.6875 ], [ 128.7375, 34.6875 ] ] ] } },
{ "type": "Feature", "properties": { "grad_nT_km": 20.8, "tier": "moderate", "score": 6.0 }, "geometry": { "type": "Polygon", "coordinates": [ [ [ 125.7875, 34.7375 ], [ 125.7875, 34.7875 ], [ 125.7375, 34.7875 ], [ 125.7375, 34.7375 ], [ 125.7875, 34.7375 ] ] ] } },
{ "type": "Feature", "properties": { "grad_nT_km": 27.4, "tier": "moderate", "score": 4.8 }, "geometry": { "type": "Polygon", "coordinates": [ [ [ 125.8875, 34.7375 ], [ 125.8875, 34.7875 ], [ 125.8375, 34.7875 ], [ 125.8375, 34.7375 ], [ 125.8875, 34.7375 ] ] ] } },
{ "type": "Feature", "properties": { "grad_nT_km": 33.9, "tier": "moderate", "score": 3.9 }, "geometry": { "type": "Polygon", "coordinates": [ [ [ 125.9875, 34.7375 ], [ 125.9875, 34.7875 ], [ 125.9375, 34.7875 ], [ 125.9375, 34.7375 ], [ 125.9875, 34.7375 ] ] ] } },
{ "type": "Feature", "properties": { "grad_nT_km": 33.1, "tier": "moderate", "score": 4.0 }, "geometry": { "type": "Polygon", "coordinates": [ [ [ 126.0375, 34.7375 ], [ 126.0375, 34.7875 ], [ 125.9875, 34.7875 ], [ 125.9875, 34.7375 ], [ 126.0375, 34.7375 ] ] ] } },
{ "type": "Feature", "properties": { "grad_nT_km": 33.0, "tier": "moderate", "score": 4.0 }, "geometry": { "type": "Polygon", "coordinates": [ [ [ 126.2375, 34.7375 ], [ 126.2375, 34.7875 ], [ 126.1875, 34.7875 ], [ 126.1875, 34.7375 ], [ 126.2375, 34.7375 ] ] ] } },
{ "type": "Feature", "properties": { "grad_nT_km": 20.8, "tier": "moderate", "score": 6.0 }, "geometry": { "type": "Polygon", "coordinates": [ [ [ 126.2875, 34.7375 ], [ 126.2875, 34.7875 ], [ 126.2375, 34.7875 ], [ 126.2375, 34.7375 ], [ 126.2875, 34.7375 ] ] ] } },
{ "type": "Feature", "properties": { "grad_nT_km": 20.9, "tier": "moderate", "score": 5.9 }, "geometry": { "type": "Polygon", "coordinates": [ [ [ 126.3375, 34.7375 ], [ 126.3375, 34.7875 ], [ 126.2875, 34.7875 ], [ 126.2875, 34.7375 ], [ 126.3375, 34.7375 ] ] ] } },
{ "type": "Feature", "properties": { "grad_nT_km": 22.6, "tier": "moderate", "score": 5.6 }, "geometry": { "type": "Polygon", "coordinates": [ [ [ 126.3875, 34.7375 ], [ 126.3875, 34.7875 ], [ 126.3375, 34.7875 ], [ 126.3375, 34.7375 ], [ 126.3875, 34.7375 ] ] ] } },
{ "type": "Feature", "properties": { "grad_nT_km": 39.1, "tier": "moderate", "score": 3.4 }, "geometry": { "type": "Polygon", "coordinates": [ [ [ 126.4875, 34.7375 ], [ 126.4875, 34.7875 ], [ 126.4375, 34.7875 ], [ 126.4375, 34.7375 ], [ 126.4875, 34.7375 ] ] ] } },
{ "type": "Feature", "properties": { "grad_nT_km": 24.4, "tier": "moderate", "score": 5.3 }, "geometry": { "type": "Polygon", "coordinates": [ [ [ 126.5375, 34.7375 ], [ 126.5375, 34.7875 ], [ 126.4875, 34.7875 ], [ 126.4875, 34.7375 ], [ 126.5375, 34.7375 ] ] ] } },
{ "type": "Feature", "properties": { "grad_nT_km": 23.8, "tier": "moderate", "score": 5.4 }, "geometry": { "type": "Polygon", "coordinates": [ [ [ 126.7375, 34.7375 ], [ 126.7375, 34.7875 ], [ 126.6875, 34.7875 ], [ 126.6875, 34.7375 ], [ 126.7375, 34.7375 ] ] ] } },
{ "type": "Feature", "properties": { "grad_nT_km": 30.9, "tier": "moderate", "score": 4.3 }, "geometry": { "type": "Polygon", "coordinates": [ [ [ 126.7875, 34.7375 ], [ 126.7875, 34.7875 ], [ 126.7375, 34.7875 ], [ 126.7375, 34.7375 ], [ 126.7875, 34.7375 ] ] ] } },
{ "type": "Feature", "properties": { "grad_nT_km": 23.5, "tier": "moderate", "score": 5.4 }, "geometry": { "type": "Polygon", "coordinates": [ [ [ 126.8375, 34.7375 ], [ 126.8375, 34.7875 ], [ 126.7875, 34.7875 ], [ 126.7875, 34.7375 ], [ 126.8375, 34.7375 ] ] ] } },
{ "type": "Feature", "properties": { "grad_nT_km": 28.6, "tier": "moderate", "score": 4.6 }, "geometry": { "type": "Polygon", "coordinates": [ [ [ 126.8875, 34.7375 ], [ 126.8875, 34.7875 ], [ 126.8375, 34.7875 ], [ 126.8375, 34.7375 ], [ 126.8875, 34.7375 ] ] ] } },
{ "type": "Feature", "properties": { "grad_nT_km": 21.4, "tier": "moderate", "score": 5.8 }, "geometry": { "type": "Polygon", "coordinates": [ [ [ 126.9375, 34.7375 ], [ 126.9375, 34.7875 ], [ 126.8875, 34.7875 ], [ 126.8875, 34.7375 ], [ 126.9375, 34.7375 ] ] ] } },
{ "type": "Feature", "properties": { "grad_nT_km": 28.9, "tier": "moderate", "score": 4.6 }, "geometry": { "type": "Polygon", "coordinates": [ [ [ 127.0375, 34.7375 ], [ 127.0375, 34.7875 ], [ 126.9875, 34.7875 ], [ 126.9875, 34.7375 ], [ 127.0375, 34.7375 ] ] ] } },
{ "type": "Feature", "properties": { "grad_nT_km": 23.0, "tier": "moderate", "score": 5.5 }, "geometry": { "type": "Polygon", "coordinates": [ [ [ 127.0875, 34.7375 ], [ 127.0875, 34.7875 ], [ 127.0375, 34.7875 ], [ 127.0375, 34.7375 ], [ 127.0875, 34.7375 ] ] ] } },
{ "type": "Feature", "properties": { "grad_nT_km": 16.7, "tier": "moderate", "score": 6.9 }, "geometry": { "type": "Polygon", "coordinates": [ [ [ 127.1875, 34.7375 ], [ 127.1875, 34.7875 ], [ 127.1375, 34.7875 ], [ 127.1375, 34.7375 ], [ 127.1875, 34.7375 ] ] ] } },
{ "type": "Feature", "properties": { "grad_nT_km": 18.4, "tier": "moderate", "score": 6.5 }, "geometry": { "type": "Polygon", "coordinates": [ [ [ 127.2375, 34.7375 ], [ 127.2375, 34.7875 ], [ 127.1875, 34.7875 ], [ 127.1875, 34.7375 ], [ 127.2375, 34.7375 ] ] ] } },
{ "type": "Feature", "properties": { "grad_nT_km": 31.6, "tier": "moderate", "score": 4.2 }, "geometry": { "type": "Polygon", "coordinates": [ [ [ 127.2875, 34.7375 ], [ 127.2875, 34.7875 ], [ 127.2375, 34.7875 ], [ 127.2375, 34.7375 ], [ 127.2875, 34.7375 ] ] ] } },
{ "type": "Feature", "properties": { "grad_nT_km": 30.2, "tier": "moderate", "score": 4.4 }, "geometry": { "type": "Polygon", "coordinates": [ [ [ 127.3375, 34.7375 ], [ 127.3375, 34.7875 ], [ 127.2875, 34.7875 ], [ 127.2875, 34.7375 ], [ 127.3375, 34.7375 ] ] ] } },
{ "type": "Feature", "properties": { "grad_nT_km": 37.6, "tier": "moderate", "score": 3.5 }, "geometry": { "type": "Polygon", "coordinates": [ [ [ 127.4875, 34.7375 ], [ 127.4875, 34.7875 ], [ 127.4375, 34.7875 ], [ 127.4375, 34.7375 ], [ 127.4875, 34.7375 ] ] ] } },
{ "type": "Feature", "properties": { "grad_nT_km": 15.9, "tier": "moderate", "score": 7.1 }, "geometry": { "type": "Polygon", "coordinates": [ [ [ 127.5375, 34.7375 ], [ 127.5375, 34.7875 ], [ 127.4875, 34.7875 ], [ 127.4875, 34.7375 ], [ 127.5375, 34.7375 ] ] ] } },
{ "type": "Feature", "properties": { "grad_nT_km": 19.4, "tier": "moderate", "score": 6.3 }, "geometry": { "type": "Polygon", "coordinates": [ [ [ 127.5875, 34.7375 ], [ 127.5875, 34.7875 ], [ 127.5375, 34.7875 ], [ 127.5375, 34.7375 ], [ 127.5875, 34.7375 ] ] ] } },
{ "type": "Feature", "properties": { "grad_nT_km": 21.2, "tier": "moderate", "score": 5.9 }, "geometry": { "type": "Polygon", "coordinates": [ [ [ 127.6375, 34.7375 ], [ 127.6375, 34.7875 ], [ 127.5875, 34.7875 ], [ 127.5875, 34.7375 ], [ 127.6375, 34.7375 ] ] ] } },
{ "type": "Feature", "properties": { "grad_nT_km": 17.7, "tier": "moderate", "score": 6.6 }, "geometry": { "type": "Polygon", "coordinates": [ [ [ 127.8375, 34.7375 ], [ 127.8375, 34.7875 ], [ 127.7875, 34.7875 ], [ 127.7875, 34.7375 ], [ 127.8375, 34.7375 ] ] ] } },
{ "type": "Feature", "properties": { "grad_nT_km": 36.3, "tier": "moderate", "score": 3.7 }, "geometry": { "type": "Polygon", "coordinates": [ [ [ 127.8875, 34.7375 ], [ 127.8875, 34.7875 ], [ 127.8375, 34.7875 ], [ 127.8375, 34.7375 ], [ 127.8875, 34.7375 ] ] ] } },
{ "type": "Feature", "properties": { "grad_nT_km": 32.1, "tier": "moderate", "score": 4.1 }, "geometry": { "type": "Polygon", "coordinates": [ [ [ 128.0375, 34.7375 ], [ 128.0375, 34.7875 ], [ 127.9875, 34.7875 ], [ 127.9875, 34.7375 ], [ 128.0375, 34.7375 ] ] ] } },
{ "type": "Feature", "properties": { "grad_nT_km": 36.3, "tier": "moderate", "score": 3.7 }, "geometry": { "type": "Polygon", "coordinates": [ [ [ 128.0875, 34.7375 ], [ 128.0875, 34.7875 ], [ 128.0375, 34.7875 ], [ 128.0375, 34.7375 ], [ 128.0875, 34.7375 ] ] ] } },
{ "type": "Feature", "properties": { "grad_nT_km": 37.9, "tier": "moderate", "score": 3.5 }, "geometry": { "type": "Polygon", "coordinates": [ [ [ 128.1375, 34.7375 ], [ 128.1375, 34.7875 ], [ 128.0875, 34.7875 ], [ 128.0875, 34.7375 ], [ 128.1375, 34.7375 ] ] ] } },
{ "type": "Feature", "properties": { "grad_nT_km": 36.5, "tier": "moderate", "score": 3.6 }, "geometry": { "type": "Polygon", "coordinates": [ [ [ 128.5375, 34.7375 ], [ 128.5375, 34.7875 ], [ 128.4875, 34.7875 ], [ 128.4875, 34.7375 ], [ 128.5375, 34.7375 ] ] ] } },
{ "type": "Feature", "properties": { "grad_nT_km": 36.0, "tier": "moderate", "score": 3.7 }, "geometry": { "type": "Polygon", "coordinates": [ [ [ 128.7375, 34.7375 ], [ 128.7375, 34.7875 ], [ 128.6875, 34.7875 ], [ 128.6875, 34.7375 ], [ 128.7375, 34.7375 ] ] ] } },
{ "type": "Feature", "properties": { "grad_nT_km": 15.2, "tier": "moderate", "score": 7.3 }, "geometry": { "type": "Polygon", "coordinates": [ [ [ 125.9375, 34.7875 ], [ 125.9375, 34.8375 ], [ 125.8875, 34.8375 ], [ 125.8875, 34.7875 ], [ 125.9375, 34.7875 ] ] ] } },
{ "type": "Feature", "properties": { "grad_nT_km": 33.5, "tier": "moderate", "score": 4.0 }, "geometry": { "type": "Polygon", "coordinates": [ [ [ 125.9875, 34.7875 ], [ 125.9875, 34.8375 ], [ 125.9375, 34.8375 ], [ 125.9375, 34.7875 ], [ 125.9875, 34.7875 ] ] ] } },
{ "type": "Feature", "properties": { "grad_nT_km": 35.3, "tier": "moderate", "score": 3.8 }, "geometry": { "type": "Polygon", "coordinates": [ [ [ 126.2375, 34.7875 ], [ 126.2375, 34.8375 ], [ 126.1875, 34.8375 ], [ 126.1875, 34.7875 ], [ 126.2375, 34.7875 ] ] ] } },
{ "type": "Feature", "properties": { "grad_nT_km": 29.7, "tier": "moderate", "score": 4.4 }, "geometry": { "type": "Polygon", "coordinates": [ [ [ 126.2875, 34.7875 ], [ 126.2875, 34.8375 ], [ 126.2375, 34.8375 ], [ 126.2375, 34.7875 ], [ 126.2875, 34.7875 ] ] ] } },
{ "type": "Feature", "properties": { "grad_nT_km": 17.6, "tier": "moderate", "score": 6.7 }, "geometry": { "type": "Polygon", "coordinates": [ [ [ 126.3375, 34.7875 ], [ 126.3375, 34.8375 ], [ 126.2875, 34.8375 ], [ 126.2875, 34.7875 ], [ 126.3375, 34.7875 ] ] ] } },
{ "type": "Feature", "properties": { "grad_nT_km": 31.5, "tier": "moderate", "score": 4.2 }, "geometry": { "type": "Polygon", "coordinates": [ [ [ 126.4875, 34.7875 ], [ 126.4875, 34.8375 ], [ 126.4375, 34.8375 ], [ 126.4375, 34.7875 ], [ 126.4875, 34.7875 ] ] ] } },
{ "type": "Feature", "properties": { "grad_nT_km": 30.6, "tier": "moderate", "score": 4.3 }, "geometry": { "type": "Polygon", "coordinates": [ [ [ 126.6375, 34.7875 ], [ 126.6375, 34.8375 ], [ 126.5875, 34.8375 ], [ 126.5875, 34.7875 ], [ 126.6375, 34.7875 ] ] ] } },
{ "type": "Feature", "properties": { "grad_nT_km": 15.2, "tier": "moderate", "score": 7.3 }, "geometry": { "type": "Polygon", "coordinates": [ [ [ 126.6875, 34.7875 ], [ 126.6875, 34.8375 ], [ 126.6375, 34.8375 ], [ 126.6375, 34.7875 ], [ 126.6875, 34.7875 ] ] ] } },
{ "type": "Feature", "properties": { "grad_nT_km": 29.5, "tier": "moderate", "score": 4.5 }, "geometry": { "type": "Polygon", "coordinates": [ [ [ 126.7875, 34.7875 ], [ 126.7875, 34.8375 ], [ 126.7375, 34.8375 ], [ 126.7375, 34.7875 ], [ 126.7875, 34.7875 ] ] ] } },
{ "type": "Feature", "properties": { "grad_nT_km": 34.3, "tier": "moderate", "score": 3.9 }, "geometry": { "type": "Polygon", "coordinates": [ [ [ 126.8375, 34.7875 ], [ 126.8375, 34.8375 ], [ 126.7875, 34.8375 ], [ 126.7875, 34.7875 ], [ 126.8375, 34.7875 ] ] ] } },
{ "type": "Feature", "properties": { "grad_nT_km": 35.8, "tier": "moderate", "score": 3.7 }, "geometry": { "type": "Polygon", "coordinates": [ [ [ 126.8875, 34.7875 ], [ 126.8875, 34.8375 ], [ 126.8375, 34.8375 ], [ 126.8375, 34.7875 ], [ 126.8875, 34.7875 ] ] ] } },
{ "type": "Feature", "properties": { "grad_nT_km": 21.6, "tier": "moderate", "score": 5.8 }, "geometry": { "type": "Polygon", "coordinates": [ [ [ 126.9375, 34.7875 ], [ 126.9375, 34.8375 ], [ 126.8875, 34.8375 ], [ 126.8875, 34.7875 ], [ 126.9375, 34.7875 ] ] ] } },
{ "type": "Feature", "properties": { "grad_nT_km": 16.0, "tier": "moderate", "score": 7.1 }, "geometry": { "type": "Polygon", "coordinates": [ [ [ 127.0875, 34.7875 ], [ 127.0875, 34.8375 ], [ 127.0375, 34.8375 ], [ 127.0375, 34.7875 ], [ 127.0875, 34.7875 ] ] ] } },
{ "type": "Feature", "properties": { "grad_nT_km": 16.1, "tier": "moderate", "score": 7.1 }, "geometry": { "type": "Polygon", "coordinates": [ [ [ 127.1375, 34.7875 ], [ 127.1375, 34.8375 ], [ 127.0875, 34.8375 ], [ 127.0875, 34.7875 ], [ 127.1375, 34.7875 ] ] ] } },
{ "type": "Feature", "properties": { "grad_nT_km": 15.8, "tier": "moderate", "score": 7.1 }, "geometry": { "type": "Polygon", "coordinates": [ [ [ 127.2875, 34.7875 ], [ 127.2875, 34.8375 ], [ 127.2375, 34.8375 ], [ 127.2375, 34.7875 ], [ 127.2875, 34.7875 ] ] ] } },
{ "type": "Feature", "properties": { "grad_nT_km": 21.6, "tier": "moderate", "score": 5.8 }, "geometry": { "type": "Polygon", "coordinates": [ [ [ 127.3375, 34.7875 ], [ 127.3375, 34.8375 ], [ 127.2875, 34.8375 ], [ 127.2875, 34.7875 ], [ 127.3375, 34.7875 ] ] ] } },
{ "type": "Feature", "properties": { "grad_nT_km": 23.6, "tier": "moderate", "score": 5.4 }, "geometry": { "type": "Polygon", "coordinates": [ [ [ 127.3875, 34.7875 ], [ 127.3875, 34.8375 ], [ 127.3375, 34.8375 ], [ 127.3375, 34.7875 ], [ 127.3875, 34.7875 ] ] ] } },
{ "type": "Feature", "properties": { "grad_nT_km": 17.9, "tier": "moderate", "score": 6.6 }, "geometry": { "type": "Polygon", "coordinates": [ [ [ 127.4375, 34.7875 ], [ 127.4375, 34.8375 ], [ 127.3875, 34.8375 ], [ 127.3875, 34.7875 ], [ 127.4375, 34.7875 ] ] ] } },
{ "type": "Feature", "properties": { "grad_nT_km": 27.1, "tier": "moderate", "score": 4.8 }, "geometry": { "type": "Polygon", "coordinates": [ [ [ 127.4875, 34.7875 ], [ 127.4875, 34.8375 ], [ 127.4375, 34.8375 ], [ 127.4375, 34.7875 ], [ 127.4875, 34.7875 ] ] ] } },
{ "type": "Feature", "properties": { "grad_nT_km": 17.7, "tier": "moderate", "score": 6.7 }, "geometry": { "type": "Polygon", "coordinates": [ [ [ 127.5375, 34.7875 ], [ 127.5375, 34.8375 ], [ 127.4875, 34.8375 ], [ 127.4875, 34.7875 ], [ 127.5375, 34.7875 ] ] ] } },
{ "type": "Feature", "properties": { "grad_nT_km": 36.7, "tier": "moderate", "score": 3.6 }, "geometry": { "type": "Polygon", "coordinates": [ [ [ 127.5875, 34.7875 ], [ 127.5875, 34.8375 ], [ 127.5375, 34.8375 ], [ 127.5375, 34.7875 ], [ 127.5875, 34.7875 ] ] ] } },
{ "type": "Feature", "properties": { "grad_nT_km": 29.6, "tier": "moderate", "score": 4.5 }, "geometry": { "type": "Polygon", "coordinates": [ [ [ 127.9875, 34.7875 ], [ 127.9875, 34.8375 ], [ 127.9375, 34.8375 ], [ 127.9375, 34.7875 ], [ 127.9875, 34.7875 ] ] ] } },
{ "type": "Feature", "properties": { "grad_nT_km": 29.5, "tier": "moderate", "score": 4.5 }, "geometry": { "type": "Polygon", "coordinates": [ [ [ 128.0375, 34.7875 ], [ 128.0375, 34.8375 ], [ 127.9875, 34.8375 ], [ 127.9875, 34.7875 ], [ 128.0375, 34.7875 ] ] ] } },
{ "type": "Feature", "properties": { "grad_nT_km": 28.6, "tier": "moderate", "score": 4.6 }, "geometry": { "type": "Polygon", "coordinates": [ [ [ 128.0875, 34.7875 ], [ 128.0875, 34.8375 ], [ 128.0375, 34.8375 ], [ 128.0375, 34.7875 ], [ 128.0875, 34.7875 ] ] ] } },
{ "type": "Feature", "properties": { "grad_nT_km": 25.4, "tier": "moderate", "score": 5.1 }, "geometry": { "type": "Polygon", "coordinates": [ [ [ 128.1375, 34.7875 ], [ 128.1375, 34.8375 ], [ 128.0875, 34.8375 ], [ 128.0875, 34.7875 ], [ 128.1375, 34.7875 ] ] ] } },
{ "type": "Feature", "properties": { "grad_nT_km": 24.0, "tier": "moderate", "score": 5.3 }, "geometry": { "type": "Polygon", "coordinates": [ [ [ 128.1875, 34.7875 ], [ 128.1875, 34.8375 ], [ 128.1375, 34.8375 ], [ 128.1375, 34.7875 ], [ 128.1875, 34.7875 ] ] ] } },
{ "type": "Feature", "properties": { "grad_nT_km": 36.0, "tier": "moderate", "score": 3.7 }, "geometry": { "type": "Polygon", "coordinates": [ [ [ 128.5375, 34.7875 ], [ 128.5375, 34.8375 ], [ 128.4875, 34.8375 ], [ 128.4875, 34.7875 ], [ 128.5375, 34.7875 ] ] ] } },
{ "type": "Feature", "properties": { "grad_nT_km": 35.3, "tier": "moderate", "score": 3.8 }, "geometry": { "type": "Polygon", "coordinates": [ [ [ 128.5875, 34.7875 ], [ 128.5875, 34.8375 ], [ 128.5375, 34.8375 ], [ 128.5375, 34.7875 ], [ 128.5875, 34.7875 ] ] ] } },
{ "type": "Feature", "properties": { "grad_nT_km": 33.6, "tier": "moderate", "score": 4.0 }, "geometry": { "type": "Polygon", "coordinates": [ [ [ 128.8375, 34.7875 ], [ 128.8375, 34.8375 ], [ 128.7875, 34.8375 ], [ 128.7875, 34.7875 ], [ 128.8375, 34.7875 ] ] ] } },
{ "type": "Feature", "properties": { "grad_nT_km": 19.4, "tier": "moderate", "score": 6.3 }, "geometry": { "type": "Polygon", "coordinates": [ [ [ 128.8875, 34.7875 ], [ 128.8875, 34.8375 ], [ 128.8375, 34.8375 ], [ 128.8375, 34.7875 ], [ 128.8875, 34.7875 ] ] ] } },
{ "type": "Feature", "properties": { "grad_nT_km": 38.2, "tier": "moderate", "score": 3.5 }, "geometry": { "type": "Polygon", "coordinates": [ [ [ 125.9875, 34.8375 ], [ 125.9875, 34.8875 ], [ 125.9375, 34.8875 ], [ 125.9375, 34.8375 ], [ 125.9875, 34.8375 ] ] ] } },
{ "type": "Feature", "properties": { "grad_nT_km": 22.5, "tier": "moderate", "score": 5.6 }, "geometry": { "type": "Polygon", "coordinates": [ [ [ 126.0375, 34.8375 ], [ 126.0375, 34.8875 ], [ 125.9875, 34.8875 ], [ 125.9875, 34.8375 ], [ 126.0375, 34.8375 ] ] ] } },
{ "type": "Feature", "properties": { "grad_nT_km": 25.6, "tier": "moderate", "score": 5.1 }, "geometry": { "type": "Polygon", "coordinates": [ [ [ 126.0875, 34.8375 ], [ 126.0875, 34.8875 ], [ 126.0375, 34.8875 ], [ 126.0375, 34.8375 ], [ 126.0875, 34.8375 ] ] ] } },
{ "type": "Feature", "properties": { "grad_nT_km": 19.1, "tier": "moderate", "score": 6.3 }, "geometry": { "type": "Polygon", "coordinates": [ [ [ 126.1375, 34.8375 ], [ 126.1375, 34.8875 ], [ 126.0875, 34.8875 ], [ 126.0875, 34.8375 ], [ 126.1375, 34.8375 ] ] ] } },
{ "type": "Feature", "properties": { "grad_nT_km": 18.6, "tier": "moderate", "score": 6.4 }, "geometry": { "type": "Polygon", "coordinates": [ [ [ 126.1875, 34.8375 ], [ 126.1875, 34.8875 ], [ 126.1375, 34.8875 ], [ 126.1375, 34.8375 ], [ 126.1875, 34.8375 ] ] ] } },
{ "type": "Feature", "properties": { "grad_nT_km": 26.1, "tier": "moderate", "score": 5.0 }, "geometry": { "type": "Polygon", "coordinates": [ [ [ 126.2375, 34.8375 ], [ 126.2375, 34.8875 ], [ 126.1875, 34.8875 ], [ 126.1875, 34.8375 ], [ 126.2375, 34.8375 ] ] ] } },
{ "type": "Feature", "properties": { "grad_nT_km": 30.0, "tier": "moderate", "score": 4.4 }, "geometry": { "type": "Polygon", "coordinates": [ [ [ 126.2875, 34.8375 ], [ 126.2875, 34.8875 ], [ 126.2375, 34.8875 ], [ 126.2375, 34.8375 ], [ 126.2875, 34.8375 ] ] ] } },
{ "type": "Feature", "properties": { "grad_nT_km": 17.8, "tier": "moderate", "score": 6.6 }, "geometry": { "type": "Polygon", "coordinates": [ [ [ 126.3375, 34.8375 ], [ 126.3375, 34.8875 ], [ 126.2875, 34.8875 ], [ 126.2875, 34.8375 ], [ 126.3375, 34.8375 ] ] ] } },
{ "type": "Feature", "properties": { "grad_nT_km": 24.9, "tier": "moderate", "score": 5.2 }, "geometry": { "type": "Polygon", "coordinates": [ [ [ 126.3875, 34.8375 ], [ 126.3875, 34.8875 ], [ 126.3375, 34.8875 ], [ 126.3375, 34.8375 ], [ 126.3875, 34.8375 ] ] ] } },
{ "type": "Feature", "properties": { "grad_nT_km": 32.7, "tier": "moderate", "score": 4.1 }, "geometry": { "type": "Polygon", "coordinates": [ [ [ 126.4375, 34.8375 ], [ 126.4375, 34.8875 ], [ 126.3875, 34.8875 ], [ 126.3875, 34.8375 ], [ 126.4375, 34.8375 ] ] ] } },
{ "type": "Feature", "properties": { "grad_nT_km": 22.2, "tier": "moderate", "score": 5.7 }, "geometry": { "type": "Polygon", "coordinates": [ [ [ 126.4875, 34.8375 ], [ 126.4875, 34.8875 ], [ 126.4375, 34.8875 ], [ 126.4375, 34.8375 ], [ 126.4875, 34.8375 ] ] ] } },
{ "type": "Feature", "properties": { "grad_nT_km": 24.9, "tier": "moderate", "score": 5.2 }, "geometry": { "type": "Polygon", "coordinates": [ [ [ 126.5375, 34.8375 ], [ 126.5375, 34.8875 ], [ 126.4875, 34.8875 ], [ 126.4875, 34.8375 ], [ 126.5375, 34.8375 ] ] ] } },
{ "type": "Feature", "properties": { "grad_nT_km": 17.4, "tier": "moderate", "score": 6.7 }, "geometry": { "type": "Polygon", "coordinates": [ [ [ 126.5875, 34.8375 ], [ 126.5875, 34.8875 ], [ 126.5375, 34.8875 ], [ 126.5375, 34.8375 ], [ 126.5875, 34.8375 ] ] ] } },
{ "type": "Feature", "properties": { "grad_nT_km": 15.2, "tier": "moderate", "score": 7.3 }, "geometry": { "type": "Polygon", "coordinates": [ [ [ 126.6375, 34.8375 ], [ 126.6375, 34.8875 ], [ 126.5875, 34.8875 ], [ 126.5875, 34.8375 ], [ 126.6375, 34.8375 ] ] ] } },
{ "type": "Feature", "properties": { "grad_nT_km": 28.1, "tier": "moderate", "score": 4.7 }, "geometry": { "type": "Polygon", "coordinates": [ [ [ 126.7875, 34.8375 ], [ 126.7875, 34.8875 ], [ 126.7375, 34.8875 ], [ 126.7375, 34.8375 ], [ 126.7875, 34.8375 ] ] ] } },
{ "type": "Feature", "properties": { "grad_nT_km": 18.8, "tier": "moderate", "score": 6.4 }, "geometry": { "type": "Polygon", "coordinates": [ [ [ 126.8375, 34.8375 ], [ 126.8375, 34.8875 ], [ 126.7875, 34.8875 ], [ 126.7875, 34.8375 ], [ 126.8375, 34.8375 ] ] ] } },
{ "type": "Feature", "properties": { "grad_nT_km": 28.8, "tier": "moderate", "score": 4.6 }, "geometry": { "type": "Polygon", "coordinates": [ [ [ 126.8875, 34.8375 ], [ 126.8875, 34.8875 ], [ 126.8375, 34.8875 ], [ 126.8375, 34.8375 ], [ 126.8875, 34.8375 ] ] ] } },
{ "type": "Feature", "properties": { "grad_nT_km": 18.8, "tier": "moderate", "score": 6.4 }, "geometry": { "type": "Polygon", "coordinates": [ [ [ 126.9375, 34.8375 ], [ 126.9375, 34.8875 ], [ 126.8875, 34.8875 ], [ 126.8875, 34.8375 ], [ 126.9375, 34.8375 ] ] ] } },
{ "type": "Feature", "properties": { "grad_nT_km": 35.0, "tier": "moderate", "score": 3.8 }, "geometry": { "type": "Polygon", "coordinates": [ [ [ 127.1375, 34.8375 ], [ 127.1375, 34.8875 ], [ 127.0875, 34.8875 ], [ 127.0875, 34.8375 ], [ 127.1375, 34.8375 ] ] ] } },
{ "type": "Feature", "properties": { "grad_nT_km": 21.8, "tier": "moderate", "score": 5.7 }, "geometry": { "type": "Polygon", "coordinates": [ [ [ 127.1875, 34.8375 ], [ 127.1875, 34.8875 ], [ 127.1375, 34.8875 ], [ 127.1375, 34.8375 ], [ 127.1875, 34.8375 ] ] ] } },
{ "type": "Feature", "properties": { "grad_nT_km": 15.9, "tier": "moderate", "score": 7.1 }, "geometry": { "type": "Polygon", "coordinates": [ [ [ 127.3875, 34.8375 ], [ 127.3875, 34.8875 ], [ 127.3375, 34.8875 ], [ 127.3375, 34.8375 ], [ 127.3875, 34.8375 ] ] ] } },
{ "type": "Feature", "properties": { "grad_nT_km": 27.4, "tier": "moderate", "score": 4.8 }, "geometry": { "type": "Polygon", "coordinates": [ [ [ 127.5375, 34.8375 ], [ 127.5375, 34.8875 ], [ 127.4875, 34.8875 ], [ 127.4875, 34.8375 ], [ 127.5375, 34.8375 ] ] ] } },
{ "type": "Feature", "properties": { "grad_nT_km": 30.0, "tier": "moderate", "score": 4.4 }, "geometry": { "type": "Polygon", "coordinates": [ [ [ 127.5875, 34.8375 ], [ 127.5875, 34.8875 ], [ 127.5375, 34.8875 ], [ 127.5375, 34.8375 ], [ 127.5875, 34.8375 ] ] ] } },
{ "type": "Feature", "properties": { "grad_nT_km": 24.5, "tier": "moderate", "score": 5.2 }, "geometry": { "type": "Polygon", "coordinates": [ [ [ 127.9375, 34.8375 ], [ 127.9375, 34.8875 ], [ 127.8875, 34.8875 ], [ 127.8875, 34.8375 ], [ 127.9375, 34.8375 ] ] ] } },
{ "type": "Feature", "properties": { "grad_nT_km": 26.6, "tier": "moderate", "score": 4.9 }, "geometry": { "type": "Polygon", "coordinates": [ [ [ 128.0375, 34.8375 ], [ 128.0375, 34.8875 ], [ 127.9875, 34.8875 ], [ 127.9875, 34.8375 ], [ 128.0375, 34.8375 ] ] ] } },
{ "type": "Feature", "properties": { "grad_nT_km": 24.3, "tier": "moderate", "score": 5.3 }, "geometry": { "type": "Polygon", "coordinates": [ [ [ 128.1375, 34.8375 ], [ 128.1375, 34.8875 ], [ 128.0875, 34.8875 ], [ 128.0875, 34.8375 ], [ 128.1375, 34.8375 ] ] ] } },
{ "type": "Feature", "properties": { "grad_nT_km": 26.9, "tier": "moderate", "score": 4.9 }, "geometry": { "type": "Polygon", "coordinates": [ [ [ 128.2375, 34.8375 ], [ 128.2375, 34.8875 ], [ 128.1875, 34.8875 ], [ 128.1875, 34.8375 ], [ 128.2375, 34.8375 ] ] ] } },
{ "type": "Feature", "properties": { "grad_nT_km": 36.7, "tier": "moderate", "score": 3.6 }, "geometry": { "type": "Polygon", "coordinates": [ [ [ 128.4875, 34.8375 ], [ 128.4875, 34.8875 ], [ 128.4375, 34.8875 ], [ 128.4375, 34.8375 ], [ 128.4875, 34.8375 ] ] ] } },
{ "type": "Feature", "properties": { "grad_nT_km": 28.9, "tier": "moderate", "score": 4.6 }, "geometry": { "type": "Polygon", "coordinates": [ [ [ 128.5375, 34.8375 ], [ 128.5375, 34.8875 ], [ 128.4875, 34.8875 ], [ 128.4875, 34.8375 ], [ 128.5375, 34.8375 ] ] ] } },
{ "type": "Feature", "properties": { "grad_nT_km": 36.7, "tier": "moderate", "score": 3.6 }, "geometry": { "type": "Polygon", "coordinates": [ [ [ 128.5875, 34.8375 ], [ 128.5875, 34.8875 ], [ 128.5375, 34.8875 ], [ 128.5375, 34.8375 ], [ 128.5875, 34.8375 ] ] ] } },
{ "type": "Feature", "properties": { "grad_nT_km": 17.5, "tier": "moderate", "score": 6.7 }, "geometry": { "type": "Polygon", "coordinates": [ [ [ 128.8875, 34.8375 ], [ 128.8875, 34.8875 ], [ 128.8375, 34.8875 ], [ 128.8375, 34.8375 ], [ 128.8875, 34.8375 ] ] ] } },
{ "type": "Feature", "properties": { "grad_nT_km": 15.4, "tier": "moderate", "score": 7.3 }, "geometry": { "type": "Polygon", "coordinates": [ [ [ 128.9375, 34.8375 ], [ 128.9375, 34.8875 ], [ 128.8875, 34.8875 ], [ 128.8875, 34.8375 ], [ 128.9375, 34.8375 ] ] ] } },
{ "type": "Feature", "properties": { "grad_nT_km": 19.0, "tier": "moderate", "score": 6.3 }, "geometry": { "type": "Polygon", "coordinates": [ [ [ 126.0375, 34.8875 ], [ 126.0375, 34.9375 ], [ 125.9875, 34.9375 ], [ 125.9875, 34.8875 ], [ 126.0375, 34.8875 ] ] ] } },
{ "type": "Feature", "properties": { "grad_nT_km": 29.9, "tier": "moderate", "score": 4.4 }, "geometry": { "type": "Polygon", "coordinates": [ [ [ 126.1375, 34.8875 ], [ 126.1375, 34.9375 ], [ 126.0875, 34.9375 ], [ 126.0875, 34.8875 ], [ 126.1375, 34.8875 ] ] ] } },
{ "type": "Feature", "properties": { "grad_nT_km": 27.6, "tier": "moderate", "score": 4.8 }, "geometry": { "type": "Polygon", "coordinates": [ [ [ 126.2875, 34.8875 ], [ 126.2875, 34.9375 ], [ 126.2375, 34.9375 ], [ 126.2375, 34.8875 ], [ 126.2875, 34.8875 ] ] ] } },
{ "type": "Feature", "properties": { "grad_nT_km": 35.3, "tier": "moderate", "score": 3.8 }, "geometry": { "type": "Polygon", "coordinates": [ [ [ 126.3875, 34.8875 ], [ 126.3875, 34.9375 ], [ 126.3375, 34.9375 ], [ 126.3375, 34.8875 ], [ 126.3875, 34.8875 ] ] ] } },
{ "type": "Feature", "properties": { "grad_nT_km": 29.9, "tier": "moderate", "score": 4.4 }, "geometry": { "type": "Polygon", "coordinates": [ [ [ 126.4375, 34.8875 ], [ 126.4375, 34.9375 ], [ 126.3875, 34.9375 ], [ 126.3875, 34.8875 ], [ 126.4375, 34.8875 ] ] ] } },
{ "type": "Feature", "properties": { "grad_nT_km": 28.7, "tier": "moderate", "score": 4.6 }, "geometry": { "type": "Polygon", "coordinates": [ [ [ 126.5375, 34.8875 ], [ 126.5375, 34.9375 ], [ 126.4875, 34.9375 ], [ 126.4875, 34.8875 ], [ 126.5375, 34.8875 ] ] ] } },
{ "type": "Feature", "properties": { "grad_nT_km": 24.6, "tier": "moderate", "score": 5.2 }, "geometry": { "type": "Polygon", "coordinates": [ [ [ 126.5875, 34.8875 ], [ 126.5875, 34.9375 ], [ 126.5375, 34.9375 ], [ 126.5375, 34.8875 ], [ 126.5875, 34.8875 ] ] ] } },
{ "type": "Feature", "properties": { "grad_nT_km": 26.8, "tier": "moderate", "score": 4.9 }, "geometry": { "type": "Polygon", "coordinates": [ [ [ 126.7375, 34.8875 ], [ 126.7375, 34.9375 ], [ 126.6875, 34.9375 ], [ 126.6875, 34.8875 ], [ 126.7375, 34.8875 ] ] ] } },
{ "type": "Feature", "properties": { "grad_nT_km": 23.7, "tier": "moderate", "score": 5.4 }, "geometry": { "type": "Polygon", "coordinates": [ [ [ 126.7875, 34.8875 ], [ 126.7875, 34.9375 ], [ 126.7375, 34.9375 ], [ 126.7375, 34.8875 ], [ 126.7875, 34.8875 ] ] ] } },
{ "type": "Feature", "properties": { "grad_nT_km": 33.0, "tier": "moderate", "score": 4.0 }, "geometry": { "type": "Polygon", "coordinates": [ [ [ 126.8375, 34.8875 ], [ 126.8375, 34.9375 ], [ 126.7875, 34.9375 ], [ 126.7875, 34.8875 ], [ 126.8375, 34.8875 ] ] ] } },
{ "type": "Feature", "properties": { "grad_nT_km": 29.8, "tier": "moderate", "score": 4.4 }, "geometry": { "type": "Polygon", "coordinates": [ [ [ 126.8875, 34.8875 ], [ 126.8875, 34.9375 ], [ 126.8375, 34.9375 ], [ 126.8375, 34.8875 ], [ 126.8875, 34.8875 ] ] ] } },
{ "type": "Feature", "properties": { "grad_nT_km": 21.8, "tier": "moderate", "score": 5.8 }, "geometry": { "type": "Polygon", "coordinates": [ [ [ 126.9375, 34.8875 ], [ 126.9375, 34.9375 ], [ 126.8875, 34.9375 ], [ 126.8875, 34.8875 ], [ 126.9375, 34.8875 ] ] ] } },
{ "type": "Feature", "properties": { "grad_nT_km": 32.2, "tier": "moderate", "score": 4.1 }, "geometry": { "type": "Polygon", "coordinates": [ [ [ 126.9875, 34.8875 ], [ 126.9875, 34.9375 ], [ 126.9375, 34.9375 ], [ 126.9375, 34.8875 ], [ 126.9875, 34.8875 ] ] ] } },
{ "type": "Feature", "properties": { "grad_nT_km": 17.8, "tier": "moderate", "score": 6.6 }, "geometry": { "type": "Polygon", "coordinates": [ [ [ 127.0375, 34.8875 ], [ 127.0375, 34.9375 ], [ 126.9875, 34.9375 ], [ 126.9875, 34.8875 ], [ 127.0375, 34.8875 ] ] ] } },
{ "type": "Feature", "properties": { "grad_nT_km": 24.3, "tier": "moderate", "score": 5.3 }, "geometry": { "type": "Polygon", "coordinates": [ [ [ 127.4875, 34.8875 ], [ 127.4875, 34.9375 ], [ 127.4375, 34.9375 ], [ 127.4375, 34.8875 ], [ 127.4875, 34.8875 ] ] ] } },
{ "type": "Feature", "properties": { "grad_nT_km": 36.0, "tier": "moderate", "score": 3.7 }, "geometry": { "type": "Polygon", "coordinates": [ [ [ 127.5875, 34.8875 ], [ 127.5875, 34.9375 ], [ 127.5375, 34.9375 ], [ 127.5375, 34.8875 ], [ 127.5875, 34.8875 ] ] ] } },
{ "type": "Feature", "properties": { "grad_nT_km": 35.6, "tier": "moderate", "score": 3.7 }, "geometry": { "type": "Polygon", "coordinates": [ [ [ 127.6375, 34.8875 ], [ 127.6375, 34.9375 ], [ 127.5875, 34.9375 ], [ 127.5875, 34.8875 ], [ 127.6375, 34.8875 ] ] ] } },
{ "type": "Feature", "properties": { "grad_nT_km": 34.5, "tier": "moderate", "score": 3.9 }, "geometry": { "type": "Polygon", "coordinates": [ [ [ 127.6875, 34.8875 ], [ 127.6875, 34.9375 ], [ 127.6375, 34.9375 ], [ 127.6375, 34.8875 ], [ 127.6875, 34.8875 ] ] ] } },
{ "type": "Feature", "properties": { "grad_nT_km": 38.3, "tier": "moderate", "score": 3.5 }, "geometry": { "type": "Polygon", "coordinates": [ [ [ 127.7375, 34.8875 ], [ 127.7375, 34.9375 ], [ 127.6875, 34.9375 ], [ 127.6875, 34.8875 ], [ 127.7375, 34.8875 ] ] ] } },
{ "type": "Feature", "properties": { "grad_nT_km": 21.0, "tier": "moderate", "score": 5.9 }, "geometry": { "type": "Polygon", "coordinates": [ [ [ 127.8375, 34.8875 ], [ 127.8375, 34.9375 ], [ 127.7875, 34.9375 ], [ 127.7875, 34.8875 ], [ 127.8375, 34.8875 ] ] ] } },
{ "type": "Feature", "properties": { "grad_nT_km": 16.7, "tier": "moderate", "score": 6.9 }, "geometry": { "type": "Polygon", "coordinates": [ [ [ 127.9375, 34.8875 ], [ 127.9375, 34.9375 ], [ 127.8875, 34.9375 ], [ 127.8875, 34.8875 ], [ 127.9375, 34.8875 ] ] ] } },
{ "type": "Feature", "properties": { "grad_nT_km": 18.8, "tier": "moderate", "score": 6.4 }, "geometry": { "type": "Polygon", "coordinates": [ [ [ 127.9875, 34.8875 ], [ 127.9875, 34.9375 ], [ 127.9375, 34.9375 ], [ 127.9375, 34.8875 ], [ 127.9875, 34.8875 ] ] ] } },
{ "type": "Feature", "properties": { "grad_nT_km": 19.3, "tier": "moderate", "score": 6.3 }, "geometry": { "type": "Polygon", "coordinates": [ [ [ 128.0375, 34.8875 ], [ 128.0375, 34.9375 ], [ 127.9875, 34.9375 ], [ 127.9875, 34.8875 ], [ 128.0375, 34.8875 ] ] ] } },
{ "type": "Feature", "properties": { "grad_nT_km": 28.2, "tier": "moderate", "score": 4.7 }, "geometry": { "type": "Polygon", "coordinates": [ [ [ 128.0875, 34.8875 ], [ 128.0875, 34.9375 ], [ 128.0375, 34.9375 ], [ 128.0375, 34.8875 ], [ 128.0875, 34.8875 ] ] ] } },
{ "type": "Feature", "properties": { "grad_nT_km": 32.1, "tier": "moderate", "score": 4.1 }, "geometry": { "type": "Polygon", "coordinates": [ [ [ 128.2375, 34.8875 ], [ 128.2375, 34.9375 ], [ 128.1875, 34.9375 ], [ 128.1875, 34.8875 ], [ 128.2375, 34.8875 ] ] ] } },
{ "type": "Feature", "properties": { "grad_nT_km": 25.4, "tier": "moderate", "score": 5.1 }, "geometry": { "type": "Polygon", "coordinates": [ [ [ 128.2875, 34.8875 ], [ 128.2875, 34.9375 ], [ 128.2375, 34.9375 ], [ 128.2375, 34.8875 ], [ 128.2875, 34.8875 ] ] ] } },
{ "type": "Feature", "properties": { "grad_nT_km": 26.1, "tier": "moderate", "score": 5.0 }, "geometry": { "type": "Polygon", "coordinates": [ [ [ 128.4375, 34.8875 ], [ 128.4375, 34.9375 ], [ 128.3875, 34.9375 ], [ 128.3875, 34.8875 ], [ 128.4375, 34.8875 ] ] ] } },
{ "type": "Feature", "properties": { "grad_nT_km": 15.0, "tier": "moderate", "score": 7.3 }, "geometry": { "type": "Polygon", "coordinates": [ [ [ 128.4875, 34.8875 ], [ 128.4875, 34.9375 ], [ 128.4375, 34.9375 ], [ 128.4375, 34.8875 ], [ 128.4875, 34.8875 ] ] ] } },
{ "type": "Feature", "properties": { "grad_nT_km": 30.5, "tier": "moderate", "score": 4.3 }, "geometry": { "type": "Polygon", "coordinates": [ [ [ 128.8875, 34.8875 ], [ 128.8875, 34.9375 ], [ 128.8375, 34.9375 ], [ 128.8375, 34.8875 ], [ 128.8875, 34.8875 ] ] ] } },
{ "type": "Feature", "properties": { "grad_nT_km": 32.9, "tier": "moderate", "score": 4.0 }, "geometry": { "type": "Polygon", "coordinates": [ [ [ 128.9375, 34.8875 ], [ 128.9375, 34.9375 ], [ 128.8875, 34.9375 ], [ 128.8875, 34.8875 ], [ 128.9375, 34.8875 ] ] ] } },
{ "type": "Feature", "properties": { "grad_nT_km": 22.0, "tier": "moderate", "score": 5.7 }, "geometry": { "type": "Polygon", "coordinates": [ [ [ 128.9875, 34.8875 ], [ 128.9875, 34.9375 ], [ 128.9375, 34.9375 ], [ 128.9375, 34.8875 ], [ 128.9875, 34.8875 ] ] ] } },
{ "type": "Feature", "properties": { "grad_nT_km": 15.1, "tier": "moderate", "score": 7.3 }, "geometry": { "type": "Polygon", "coordinates": [ [ [ 125.9875, 34.9375 ], [ 125.9875, 34.9875 ], [ 125.9375, 34.9875 ], [ 125.9375, 34.9375 ], [ 125.9875, 34.9375 ] ] ] } },
{ "type": "Feature", "properties": { "grad_nT_km": 23.3, "tier": "moderate", "score": 5.5 }, "geometry": { "type": "Polygon", "coordinates": [ [ [ 126.0375, 34.9375 ], [ 126.0375, 34.9875 ], [ 125.9875, 34.9875 ], [ 125.9875, 34.9375 ], [ 126.0375, 34.9375 ] ] ] } },
{ "type": "Feature", "properties": { "grad_nT_km": 19.3, "tier": "moderate", "score": 6.3 }, "geometry": { "type": "Polygon", "coordinates": [ [ [ 126.0875, 34.9375 ], [ 126.0875, 34.9875 ], [ 126.0375, 34.9875 ], [ 126.0375, 34.9375 ], [ 126.0875, 34.9375 ] ] ] } },
{ "type": "Feature", "properties": { "grad_nT_km": 19.5, "tier": "moderate", "score": 6.2 }, "geometry": { "type": "Polygon", "coordinates": [ [ [ 126.1375, 34.9375 ], [ 126.1375, 34.9875 ], [ 126.0875, 34.9875 ], [ 126.0875, 34.9375 ], [ 126.1375, 34.9375 ] ] ] } },
{ "type": "Feature", "properties": { "grad_nT_km": 17.0, "tier": "moderate", "score": 6.8 }, "geometry": { "type": "Polygon", "coordinates": [ [ [ 126.1875, 34.9375 ], [ 126.1875, 34.9875 ], [ 126.1375, 34.9875 ], [ 126.1375, 34.9375 ], [ 126.1875, 34.9375 ] ] ] } },
{ "type": "Feature", "properties": { "grad_nT_km": 30.9, "tier": "moderate", "score": 4.3 }, "geometry": { "type": "Polygon", "coordinates": [ [ [ 126.2875, 34.9375 ], [ 126.2875, 34.9875 ], [ 126.2375, 34.9875 ], [ 126.2375, 34.9375 ], [ 126.2875, 34.9375 ] ] ] } },
{ "type": "Feature", "properties": { "grad_nT_km": 20.5, "tier": "moderate", "score": 6.0 }, "geometry": { "type": "Polygon", "coordinates": [ [ [ 126.3375, 34.9375 ], [ 126.3375, 34.9875 ], [ 126.2875, 34.9875 ], [ 126.2875, 34.9375 ], [ 126.3375, 34.9375 ] ] ] } },
{ "type": "Feature", "properties": { "grad_nT_km": 29.2, "tier": "moderate", "score": 4.5 }, "geometry": { "type": "Polygon", "coordinates": [ [ [ 126.3875, 34.9375 ], [ 126.3875, 34.9875 ], [ 126.3375, 34.9875 ], [ 126.3375, 34.9375 ], [ 126.3875, 34.9375 ] ] ] } },
{ "type": "Feature", "properties": { "grad_nT_km": 16.8, "tier": "moderate", "score": 6.9 }, "geometry": { "type": "Polygon", "coordinates": [ [ [ 126.4375, 34.9375 ], [ 126.4375, 34.9875 ], [ 126.3875, 34.9875 ], [ 126.3875, 34.9375 ], [ 126.4375, 34.9375 ] ] ] } },
{ "type": "Feature", "properties": { "grad_nT_km": 17.8, "tier": "moderate", "score": 6.6 }, "geometry": { "type": "Polygon", "coordinates": [ [ [ 126.4875, 34.9375 ], [ 126.4875, 34.9875 ], [ 126.4375, 34.9875 ], [ 126.4375, 34.9375 ], [ 126.4875, 34.9375 ] ] ] } },
{ "type": "Feature", "properties": { "grad_nT_km": 17.4, "tier": "moderate", "score": 6.7 }, "geometry": { "type": "Polygon", "coordinates": [ [ [ 126.5375, 34.9375 ], [ 126.5375, 34.9875 ], [ 126.4875, 34.9875 ], [ 126.4875, 34.9375 ], [ 126.5375, 34.9375 ] ] ] } },
{ "type": "Feature", "properties": { "grad_nT_km": 28.6, "tier": "moderate", "score": 4.6 }, "geometry": { "type": "Polygon", "coordinates": [ [ [ 126.6875, 34.9375 ], [ 126.6875, 34.9875 ], [ 126.6375, 34.9875 ], [ 126.6375, 34.9375 ], [ 126.6875, 34.9375 ] ] ] } },
{ "type": "Feature", "properties": { "grad_nT_km": 22.4, "tier": "moderate", "score": 5.6 }, "geometry": { "type": "Polygon", "coordinates": [ [ [ 126.7375, 34.9375 ], [ 126.7375, 34.9875 ], [ 126.6875, 34.9875 ], [ 126.6875, 34.9375 ], [ 126.7375, 34.9375 ] ] ] } },
{ "type": "Feature", "properties": { "grad_nT_km": 21.5, "tier": "moderate", "score": 5.8 }, "geometry": { "type": "Polygon", "coordinates": [ [ [ 126.7875, 34.9375 ], [ 126.7875, 34.9875 ], [ 126.7375, 34.9875 ], [ 126.7375, 34.9375 ], [ 126.7875, 34.9375 ] ] ] } },
{ "type": "Feature", "properties": { "grad_nT_km": 21.1, "tier": "moderate", "score": 5.9 }, "geometry": { "type": "Polygon", "coordinates": [ [ [ 126.8875, 34.9375 ], [ 126.8875, 34.9875 ], [ 126.8375, 34.9875 ], [ 126.8375, 34.9375 ], [ 126.8875, 34.9375 ] ] ] } },
{ "type": "Feature", "properties": { "grad_nT_km": 28.3, "tier": "moderate", "score": 4.7 }, "geometry": { "type": "Polygon", "coordinates": [ [ [ 126.9375, 34.9375 ], [ 126.9375, 34.9875 ], [ 126.8875, 34.9875 ], [ 126.8875, 34.9375 ], [ 126.9375, 34.9375 ] ] ] } },
{ "type": "Feature", "properties": { "grad_nT_km": 26.5, "tier": "moderate", "score": 4.9 }, "geometry": { "type": "Polygon", "coordinates": [ [ [ 126.9875, 34.9375 ], [ 126.9875, 34.9875 ], [ 126.9375, 34.9875 ], [ 126.9375, 34.9375 ], [ 126.9875, 34.9375 ] ] ] } },
{ "type": "Feature", "properties": { "grad_nT_km": 16.6, "tier": "moderate", "score": 6.9 }, "geometry": { "type": "Polygon", "coordinates": [ [ [ 127.0375, 34.9375 ], [ 127.0375, 34.9875 ], [ 126.9875, 34.9875 ], [ 126.9875, 34.9375 ], [ 127.0375, 34.9375 ] ] ] } },
{ "type": "Feature", "properties": { "grad_nT_km": 27.9, "tier": "moderate", "score": 4.7 }, "geometry": { "type": "Polygon", "coordinates": [ [ [ 127.4875, 34.9375 ], [ 127.4875, 34.9875 ], [ 127.4375, 34.9875 ], [ 127.4375, 34.9375 ], [ 127.4875, 34.9375 ] ] ] } },
{ "type": "Feature", "properties": { "grad_nT_km": 17.7, "tier": "moderate", "score": 6.6 }, "geometry": { "type": "Polygon", "coordinates": [ [ [ 127.5375, 34.9375 ], [ 127.5375, 34.9875 ], [ 127.4875, 34.9875 ], [ 127.4875, 34.9375 ], [ 127.5375, 34.9375 ] ] ] } },
{ "type": "Feature", "properties": { "grad_nT_km": 18.8, "tier": "moderate", "score": 6.4 }, "geometry": { "type": "Polygon", "coordinates": [ [ [ 127.5875, 34.9375 ], [ 127.5875, 34.9875 ], [ 127.5375, 34.9875 ], [ 127.5375, 34.9375 ], [ 127.5875, 34.9375 ] ] ] } },
{ "type": "Feature", "properties": { "grad_nT_km": 39.4, "tier": "moderate", "score": 3.4 }, "geometry": { "type": "Polygon", "coordinates": [ [ [ 127.6375, 34.9375 ], [ 127.6375, 34.9875 ], [ 127.5875, 34.9875 ], [ 127.5875, 34.9375 ], [ 127.6375, 34.9375 ] ] ] } },
{ "type": "Feature", "properties": { "grad_nT_km": 24.0, "tier": "moderate", "score": 5.3 }, "geometry": { "type": "Polygon", "coordinates": [ [ [ 127.6875, 34.9375 ], [ 127.6875, 34.9875 ], [ 127.6375, 34.9875 ], [ 127.6375, 34.9375 ], [ 127.6875, 34.9375 ] ] ] } },
{ "type": "Feature", "properties": { "grad_nT_km": 34.5, "tier": "moderate", "score": 3.9 }, "geometry": { "type": "Polygon", "coordinates": [ [ [ 127.8375, 34.9375 ], [ 127.8375, 34.9875 ], [ 127.7875, 34.9875 ], [ 127.7875, 34.9375 ], [ 127.8375, 34.9375 ] ] ] } },
{ "type": "Feature", "properties": { "grad_nT_km": 22.1, "tier": "moderate", "score": 5.7 }, "geometry": { "type": "Polygon", "coordinates": [ [ [ 128.0375, 34.9375 ], [ 128.0375, 34.9875 ], [ 127.9875, 34.9875 ], [ 127.9875, 34.9375 ], [ 128.0375, 34.9375 ] ] ] } },
{ "type": "Feature", "properties": { "grad_nT_km": 37.3, "tier": "moderate", "score": 3.6 }, "geometry": { "type": "Polygon", "coordinates": [ [ [ 128.2875, 34.9375 ], [ 128.2875, 34.9875 ], [ 128.2375, 34.9875 ], [ 128.2375, 34.9375 ], [ 128.2875, 34.9375 ] ] ] } },
{ "type": "Feature", "properties": { "grad_nT_km": 34.7, "tier": "moderate", "score": 3.8 }, "geometry": { "type": "Polygon", "coordinates": [ [ [ 128.3875, 34.9375 ], [ 128.3875, 34.9875 ], [ 128.3375, 34.9875 ], [ 128.3375, 34.9375 ], [ 128.3875, 34.9375 ] ] ] } },
{ "type": "Feature", "properties": { "grad_nT_km": 32.9, "tier": "moderate", "score": 4.0 }, "geometry": { "type": "Polygon", "coordinates": [ [ [ 128.4875, 34.9375 ], [ 128.4875, 34.9875 ], [ 128.4375, 34.9875 ], [ 128.4375, 34.9375 ], [ 128.4875, 34.9375 ] ] ] } },
{ "type": "Feature", "properties": { "grad_nT_km": 38.7, "tier": "moderate", "score": 3.4 }, "geometry": { "type": "Polygon", "coordinates": [ [ [ 128.6875, 34.9375 ], [ 128.6875, 34.9875 ], [ 128.6375, 34.9875 ], [ 128.6375, 34.9375 ], [ 128.6875, 34.9375 ] ] ] } },
{ "type": "Feature", "properties": { "grad_nT_km": 31.9, "tier": "moderate", "score": 4.2 }, "geometry": { "type": "Polygon", "coordinates": [ [ [ 128.8375, 34.9375 ], [ 128.8375, 34.9875 ], [ 128.7875, 34.9875 ], [ 128.7875, 34.9375 ], [ 128.8375, 34.9375 ] ] ] } },
{ "type": "Feature", "properties": { "grad_nT_km": 16.6, "tier": "moderate", "score": 6.9 }, "geometry": { "type": "Polygon", "coordinates": [ [ [ 125.9875, 34.9875 ], [ 125.9875, 35.0375 ], [ 125.9375, 35.0375 ], [ 125.9375, 34.9875 ], [ 125.9875, 34.9875 ] ] ] } },
{ "type": "Feature", "properties": { "grad_nT_km": 20.6, "tier": "moderate", "score": 6.0 }, "geometry": { "type": "Polygon", "coordinates": [ [ [ 126.0875, 34.9875 ], [ 126.0875, 35.0375 ], [ 126.0375, 35.0375 ], [ 126.0375, 34.9875 ], [ 126.0875, 34.9875 ] ] ] } },
{ "type": "Feature", "properties": { "grad_nT_km": 15.1, "tier": "moderate", "score": 7.3 }, "geometry": { "type": "Polygon", "coordinates": [ [ [ 126.1875, 34.9875 ], [ 126.1875, 35.0375 ], [ 126.1375, 35.0375 ], [ 126.1375, 34.9875 ], [ 126.1875, 34.9875 ] ] ] } },
{ "type": "Feature", "properties": { "grad_nT_km": 15.5, "tier": "moderate", "score": 7.2 }, "geometry": { "type": "Polygon", "coordinates": [ [ [ 126.3375, 34.9875 ], [ 126.3375, 35.0375 ], [ 126.2875, 35.0375 ], [ 126.2875, 34.9875 ], [ 126.3375, 34.9875 ] ] ] } },
{ "type": "Feature", "properties": { "grad_nT_km": 20.7, "tier": "moderate", "score": 6.0 }, "geometry": { "type": "Polygon", "coordinates": [ [ [ 126.3875, 34.9875 ], [ 126.3875, 35.0375 ], [ 126.3375, 35.0375 ], [ 126.3375, 34.9875 ], [ 126.3875, 34.9875 ] ] ] } },
{ "type": "Feature", "properties": { "grad_nT_km": 15.4, "tier": "moderate", "score": 7.2 }, "geometry": { "type": "Polygon", "coordinates": [ [ [ 126.5375, 34.9875 ], [ 126.5375, 35.0375 ], [ 126.4875, 35.0375 ], [ 126.4875, 34.9875 ], [ 126.5375, 34.9875 ] ] ] } },
{ "type": "Feature", "properties": { "grad_nT_km": 18.1, "tier": "moderate", "score": 6.6 }, "geometry": { "type": "Polygon", "coordinates": [ [ [ 126.5875, 34.9875 ], [ 126.5875, 35.0375 ], [ 126.5375, 35.0375 ], [ 126.5375, 34.9875 ], [ 126.5875, 34.9875 ] ] ] } },
{ "type": "Feature", "properties": { "grad_nT_km": 20.9, "tier": "moderate", "score": 5.9 }, "geometry": { "type": "Polygon", "coordinates": [ [ [ 126.6375, 34.9875 ], [ 126.6375, 35.0375 ], [ 126.5875, 35.0375 ], [ 126.5875, 34.9875 ], [ 126.6375, 34.9875 ] ] ] } },
{ "type": "Feature", "properties": { "grad_nT_km": 21.1, "tier": "moderate", "score": 5.9 }, "geometry": { "type": "Polygon", "coordinates": [ [ [ 126.6875, 34.9875 ], [ 126.6875, 35.0375 ], [ 126.6375, 35.0375 ], [ 126.6375, 34.9875 ], [ 126.6875, 34.9875 ] ] ] } },
{ "type": "Feature", "properties": { "grad_nT_km": 21.1, "tier": "moderate", "score": 5.9 }, "geometry": { "type": "Polygon", "coordinates": [ [ [ 126.8375, 34.9875 ], [ 126.8375, 35.0375 ], [ 126.7875, 35.0375 ], [ 126.7875, 34.9875 ], [ 126.8375, 34.9875 ] ] ] } },
{ "type": "Feature", "properties": { "grad_nT_km": 38.8, "tier": "moderate", "score": 3.4 }, "geometry": { "type": "Polygon", "coordinates": [ [ [ 127.0875, 34.9875 ], [ 127.0875, 35.0375 ], [ 127.0375, 35.0375 ], [ 127.0375, 34.9875 ], [ 127.0875, 34.9875 ] ] ] } },
{ "type": "Feature", "properties": { "grad_nT_km": 20.5, "tier": "moderate", "score": 6.0 }, "geometry": { "type": "Polygon", "coordinates": [ [ [ 127.1375, 34.9875 ], [ 127.1375, 35.0375 ], [ 127.0875, 35.0375 ], [ 127.0875, 34.9875 ], [ 127.1375, 34.9875 ] ] ] } },
{ "type": "Feature", "properties": { "grad_nT_km": 23.0, "tier": "moderate", "score": 5.5 }, "geometry": { "type": "Polygon", "coordinates": [ [ [ 127.2375, 34.9875 ], [ 127.2375, 35.0375 ], [ 127.1875, 35.0375 ], [ 127.1875, 34.9875 ], [ 127.2375, 34.9875 ] ] ] } },
{ "type": "Feature", "properties": { "grad_nT_km": 23.4, "tier": "moderate", "score": 5.4 }, "geometry": { "type": "Polygon", "coordinates": [ [ [ 127.5875, 34.9875 ], [ 127.5875, 35.0375 ], [ 127.5375, 35.0375 ], [ 127.5375, 34.9875 ], [ 127.5875, 34.9875 ] ] ] } },
{ "type": "Feature", "properties": { "grad_nT_km": 39.5, "tier": "moderate", "score": 3.4 }, "geometry": { "type": "Polygon", "coordinates": [ [ [ 127.6375, 34.9875 ], [ 127.6375, 35.0375 ], [ 127.5875, 35.0375 ], [ 127.5875, 34.9875 ], [ 127.6375, 34.9875 ] ] ] } },
{ "type": "Feature", "properties": { "grad_nT_km": 16.5, "tier": "moderate", "score": 6.9 }, "geometry": { "type": "Polygon", "coordinates": [ [ [ 127.7875, 34.9875 ], [ 127.7875, 35.0375 ], [ 127.7375, 35.0375 ], [ 127.7375, 34.9875 ], [ 127.7875, 34.9875 ] ] ] } },
{ "type": "Feature", "properties": { "grad_nT_km": 19.3, "tier": "moderate", "score": 6.3 }, "geometry": { "type": "Polygon", "coordinates": [ [ [ 127.8375, 34.9875 ], [ 127.8375, 35.0375 ], [ 127.7875, 35.0375 ], [ 127.7875, 34.9875 ], [ 127.8375, 34.9875 ] ] ] } },
{ "type": "Feature", "properties": { "grad_nT_km": 21.8, "tier": "moderate", "score": 5.8 }, "geometry": { "type": "Polygon", "coordinates": [ [ [ 127.9375, 34.9875 ], [ 127.9375, 35.0375 ], [ 127.8875, 35.0375 ], [ 127.8875, 34.9875 ], [ 127.9375, 34.9875 ] ] ] } },
{ "type": "Feature", "properties": { "grad_nT_km": 28.3, "tier": "moderate", "score": 4.6 }, "geometry": { "type": "Polygon", "coordinates": [ [ [ 127.9875, 34.9875 ], [ 127.9875, 35.0375 ], [ 127.9375, 35.0375 ], [ 127.9375, 34.9875 ], [ 127.9875, 34.9875 ] ] ] } },
{ "type": "Feature", "properties": { "grad_nT_km": 37.3, "tier": "moderate", "score": 3.6 }, "geometry": { "type": "Polygon", "coordinates": [ [ [ 128.0875, 34.9875 ], [ 128.0875, 35.0375 ], [ 128.0375, 35.0375 ], [ 128.0375, 34.9875 ], [ 128.0875, 34.9875 ] ] ] } },
{ "type": "Feature", "properties": { "grad_nT_km": 36.2, "tier": "moderate", "score": 3.7 }, "geometry": { "type": "Polygon", "coordinates": [ [ [ 128.4875, 34.9875 ], [ 128.4875, 35.0375 ], [ 128.4375, 35.0375 ], [ 128.4375, 34.9875 ], [ 128.4875, 34.9875 ] ] ] } },
{ "type": "Feature", "properties": { "grad_nT_km": 34.8, "tier": "moderate", "score": 3.8 }, "geometry": { "type": "Polygon", "coordinates": [ [ [ 129.1375, 34.9875 ], [ 129.1375, 35.0375 ], [ 129.0875, 35.0375 ], [ 129.0875, 34.9875 ], [ 129.1375, 34.9875 ] ] ] } },
{ "type": "Feature", "properties": { "grad_nT_km": 27.7, "tier": "moderate", "score": 4.7 }, "geometry": { "type": "Polygon", "coordinates": [ [ [ 129.1875, 34.9875 ], [ 129.1875, 35.0375 ], [ 129.1375, 35.0375 ], [ 129.1375, 34.9875 ], [ 129.1875, 34.9875 ] ] ] } },
{ "type": "Feature", "properties": { "grad_nT_km": 39.0, "tier": "moderate", "score": 3.4 }, "geometry": { "type": "Polygon", "coordinates": [ [ [ 129.2375, 34.9875 ], [ 129.2375, 35.0375 ], [ 129.1875, 35.0375 ], [ 129.1875, 34.9875 ], [ 129.2375, 34.9875 ] ] ] } },
{ "type": "Feature", "properties": { "grad_nT_km": 30.2, "tier": "moderate", "score": 4.4 }, "geometry": { "type": "Polygon", "coordinates": [ [ [ 125.9875, 35.0375 ], [ 125.9875, 35.0875 ], [ 125.9375, 35.0875 ], [ 125.9375, 35.0375 ], [ 125.9875, 35.0375 ] ] ] } },
{ "type": "Feature", "properties": { "grad_nT_km": 24.7, "tier": "moderate", "score": 5.2 }, "geometry": { "type": "Polygon", "coordinates": [ [ [ 126.0875, 35.0375 ], [ 126.0875, 35.0875 ], [ 126.0375, 35.0875 ], [ 126.0375, 35.0375 ], [ 126.0875, 35.0375 ] ] ] } },
{ "type": "Feature", "properties": { "grad_nT_km": 18.2, "tier": "moderate", "score": 6.5 }, "geometry": { "type": "Polygon", "coordinates": [ [ [ 126.1375, 35.0375 ], [ 126.1375, 35.0875 ], [ 126.0875, 35.0875 ], [ 126.0875, 35.0375 ], [ 126.1375, 35.0375 ] ] ] } },
{ "type": "Feature", "properties": { "grad_nT_km": 22.4, "tier": "moderate", "score": 5.6 }, "geometry": { "type": "Polygon", "coordinates": [ [ [ 126.1875, 35.0375 ], [ 126.1875, 35.0875 ], [ 126.1375, 35.0875 ], [ 126.1375, 35.0375 ], [ 126.1875, 35.0375 ] ] ] } },
{ "type": "Feature", "properties": { "grad_nT_km": 22.7, "tier": "moderate", "score": 5.6 }, "geometry": { "type": "Polygon", "coordinates": [ [ [ 126.3375, 35.0375 ], [ 126.3375, 35.0875 ], [ 126.2875, 35.0875 ], [ 126.2875, 35.0375 ], [ 126.3375, 35.0375 ] ] ] } },
{ "type": "Feature", "properties": { "grad_nT_km": 24.9, "tier": "moderate", "score": 5.2 }, "geometry": { "type": "Polygon", "coordinates": [ [ [ 126.5375, 35.0375 ], [ 126.5375, 35.0875 ], [ 126.4875, 35.0875 ], [ 126.4875, 35.0375 ], [ 126.5375, 35.0375 ] ] ] } },
{ "type": "Feature", "properties": { "grad_nT_km": 32.5, "tier": "moderate", "score": 4.1 }, "geometry": { "type": "Polygon", "coordinates": [ [ [ 126.6375, 35.0375 ], [ 126.6375, 35.0875 ], [ 126.5875, 35.0875 ], [ 126.5875, 35.0375 ], [ 126.6375, 35.0375 ] ] ] } },
{ "type": "Feature", "properties": { "grad_nT_km": 39.6, "tier": "moderate", "score": 3.4 }, "geometry": { "type": "Polygon", "coordinates": [ [ [ 126.6875, 35.0375 ], [ 126.6875, 35.0875 ], [ 126.6375, 35.0875 ], [ 126.6375, 35.0375 ], [ 126.6875, 35.0375 ] ] ] } },
{ "type": "Feature", "properties": { "grad_nT_km": 22.6, "tier": "moderate", "score": 5.6 }, "geometry": { "type": "Polygon", "coordinates": [ [ [ 126.7375, 35.0375 ], [ 126.7375, 35.0875 ], [ 126.6875, 35.0875 ], [ 126.6875, 35.0375 ], [ 126.7375, 35.0375 ] ] ] } },
{ "type": "Feature", "properties": { "grad_nT_km": 34.9, "tier": "moderate", "score": 3.8 }, "geometry": { "type": "Polygon", "coordinates": [ [ [ 126.8875, 35.0375 ], [ 126.8875, 35.0875 ], [ 126.8375, 35.0875 ], [ 126.8375, 35.0375 ], [ 126.8875, 35.0375 ] ] ] } },
{ "type": "Feature", "properties": { "grad_nT_km": 35.1, "tier": "moderate", "score": 3.8 }, "geometry": { "type": "Polygon", "coordinates": [ [ [ 126.9875, 35.0375 ], [ 126.9875, 35.0875 ], [ 126.9375, 35.0875 ], [ 126.9375, 35.0375 ], [ 126.9875, 35.0375 ] ] ] } },
{ "type": "Feature", "properties": { "grad_nT_km": 39.5, "tier": "moderate", "score": 3.4 }, "geometry": { "type": "Polygon", "coordinates": [ [ [ 127.0375, 35.0375 ], [ 127.0375, 35.0875 ], [ 126.9875, 35.0875 ], [ 126.9875, 35.0375 ], [ 127.0375, 35.0375 ] ] ] } },
{ "type": "Feature", "properties": { "grad_nT_km": 15.5, "tier": "moderate", "score": 7.2 }, "geometry": { "type": "Polygon", "coordinates": [ [ [ 127.1875, 35.0375 ], [ 127.1875, 35.0875 ], [ 127.1375, 35.0875 ], [ 127.1375, 35.0375 ], [ 127.1875, 35.0375 ] ] ] } },
{ "type": "Feature", "properties": { "grad_nT_km": 23.4, "tier": "moderate", "score": 5.5 }, "geometry": { "type": "Polygon", "coordinates": [ [ [ 127.4875, 35.0375 ], [ 127.4875, 35.0875 ], [ 127.4375, 35.0875 ], [ 127.4375, 35.0375 ], [ 127.4875, 35.0375 ] ] ] } },
{ "type": "Feature", "properties": { "grad_nT_km": 22.2, "tier": "moderate", "score": 5.7 }, "geometry": { "type": "Polygon", "coordinates": [ [ [ 127.5375, 35.0375 ], [ 127.5375, 35.0875 ], [ 127.4875, 35.0875 ], [ 127.4875, 35.0375 ], [ 127.5375, 35.0375 ] ] ] } },
{ "type": "Feature", "properties": { "grad_nT_km": 15.5, "tier": "moderate", "score": 7.2 }, "geometry": { "type": "Polygon", "coordinates": [ [ [ 127.7875, 35.0375 ], [ 127.7875, 35.0875 ], [ 127.7375, 35.0875 ], [ 127.7375, 35.0375 ], [ 127.7875, 35.0375 ] ] ] } },
{ "type": "Feature", "properties": { "grad_nT_km": 21.9, "tier": "moderate", "score": 5.7 }, "geometry": { "type": "Polygon", "coordinates": [ [ [ 127.8875, 35.0375 ], [ 127.8875, 35.0875 ], [ 127.8375, 35.0875 ], [ 127.8375, 35.0375 ], [ 127.8875, 35.0375 ] ] ] } },
{ "type": "Feature", "properties": { "grad_nT_km": 28.3, "tier": "moderate", "score": 4.6 }, "geometry": { "type": "Polygon", "coordinates": [ [ [ 127.9375, 35.0375 ], [ 127.9375, 35.0875 ], [ 127.8875, 35.0875 ], [ 127.8875, 35.0375 ], [ 127.9375, 35.0375 ] ] ] } },
{ "type": "Feature", "properties": { "grad_nT_km": 39.4, "tier": "moderate", "score": 3.4 }, "geometry": { "type": "Polygon", "coordinates": [ [ [ 127.9875, 35.0375 ], [ 127.9875, 35.0875 ], [ 127.9375, 35.0875 ], [ 127.9375, 35.0375 ], [ 127.9875, 35.0375 ] ] ] } },
{ "type": "Feature", "properties": { "grad_nT_km": 18.1, "tier": "moderate", "score": 6.6 }, "geometry": { "type": "Polygon", "coordinates": [ [ [ 128.0375, 35.0375 ], [ 128.0375, 35.0875 ], [ 127.9875, 35.0875 ], [ 127.9875, 35.0375 ], [ 128.0375, 35.0375 ] ] ] } },
{ "type": "Feature", "properties": { "grad_nT_km": 32.4, "tier": "moderate", "score": 4.1 }, "geometry": { "type": "Polygon", "coordinates": [ [ [ 128.0875, 35.0375 ], [ 128.0875, 35.0875 ], [ 128.0375, 35.0875 ], [ 128.0375, 35.0375 ], [ 128.0875, 35.0375 ] ] ] } },
{ "type": "Feature", "properties": { "grad_nT_km": 33.5, "tier": "moderate", "score": 4.0 }, "geometry": { "type": "Polygon", "coordinates": [ [ [ 128.1375, 35.0375 ], [ 128.1375, 35.0875 ], [ 128.0875, 35.0875 ], [ 128.0875, 35.0375 ], [ 128.1375, 35.0375 ] ] ] } },
{ "type": "Feature", "properties": { "grad_nT_km": 32.6, "tier": "moderate", "score": 4.1 }, "geometry": { "type": "Polygon", "coordinates": [ [ [ 128.1875, 35.0375 ], [ 128.1875, 35.0875 ], [ 128.1375, 35.0875 ], [ 128.1375, 35.0375 ], [ 128.1875, 35.0375 ] ] ] } },
{ "type": "Feature", "properties": { "grad_nT_km": 27.7, "tier": "moderate", "score": 4.7 }, "geometry": { "type": "Polygon", "coordinates": [ [ [ 128.3875, 35.0375 ], [ 128.3875, 35.0875 ], [ 128.3375, 35.0875 ], [ 128.3375, 35.0375 ], [ 128.3875, 35.0375 ] ] ] } },
{ "type": "Feature", "properties": { "grad_nT_km": 36.8, "tier": "moderate", "score": 3.6 }, "geometry": { "type": "Polygon", "coordinates": [ [ [ 128.4375, 35.0375 ], [ 128.4375, 35.0875 ], [ 128.3875, 35.0875 ], [ 128.3875, 35.0375 ], [ 128.4375, 35.0375 ] ] ] } },
{ "type": "Feature", "properties": { "grad_nT_km": 31.6, "tier": "moderate", "score": 4.2 }, "geometry": { "type": "Polygon", "coordinates": [ [ [ 128.6875, 35.0375 ], [ 128.6875, 35.0875 ], [ 128.6375, 35.0875 ], [ 128.6375, 35.0375 ], [ 128.6875, 35.0375 ] ] ] } },
{ "type": "Feature", "properties": { "grad_nT_km": 38.4, "tier": "moderate", "score": 3.5 }, "geometry": { "type": "Polygon", "coordinates": [ [ [ 128.7875, 35.0375 ], [ 128.7875, 35.0875 ], [ 128.7375, 35.0875 ], [ 128.7375, 35.0375 ], [ 128.7875, 35.0375 ] ] ] } },
{ "type": "Feature", "properties": { "grad_nT_km": 28.0, "tier": "moderate", "score": 4.7 }, "geometry": { "type": "Polygon", "coordinates": [ [ [ 128.9875, 35.0375 ], [ 128.9875, 35.0875 ], [ 128.9375, 35.0875 ], [ 128.9375, 35.0375 ], [ 128.9875, 35.0375 ] ] ] } },
{ "type": "Feature", "properties": { "grad_nT_km": 33.2, "tier": "moderate", "score": 4.0 }, "geometry": { "type": "Polygon", "coordinates": [ [ [ 129.0375, 35.0375 ], [ 129.0375, 35.0875 ], [ 128.9875, 35.0875 ], [ 128.9875, 35.0375 ], [ 129.0375, 35.0375 ] ] ] } },
{ "type": "Feature", "properties": { "grad_nT_km": 37.2, "tier": "moderate", "score": 3.6 }, "geometry": { "type": "Polygon", "coordinates": [ [ [ 129.1375, 35.0375 ], [ 129.1375, 35.0875 ], [ 129.0875, 35.0875 ], [ 129.0875, 35.0375 ], [ 129.1375, 35.0375 ] ] ] } },
{ "type": "Feature", "properties": { "grad_nT_km": 19.9, "tier": "moderate", "score": 6.1 }, "geometry": { "type": "Polygon", "coordinates": [ [ [ 129.1875, 35.0375 ], [ 129.1875, 35.0875 ], [ 129.1375, 35.0875 ], [ 129.1375, 35.0375 ], [ 129.1875, 35.0375 ] ] ] } },
{ "type": "Feature", "properties": { "grad_nT_km": 21.5, "tier": "moderate", "score": 5.8 }, "geometry": { "type": "Polygon", "coordinates": [ [ [ 129.2375, 35.0375 ], [ 129.2375, 35.0875 ], [ 129.1875, 35.0875 ], [ 129.1875, 35.0375 ], [ 129.2375, 35.0375 ] ] ] } },
{ "type": "Feature", "properties": { "grad_nT_km": 18.3, "tier": "moderate", "score": 6.5 }, "geometry": { "type": "Polygon", "coordinates": [ [ [ 125.9875, 35.0875 ], [ 125.9875, 35.1375 ], [ 125.9375, 35.1375 ], [ 125.9375, 35.0875 ], [ 125.9875, 35.0875 ] ] ] } },
{ "type": "Feature", "properties": { "grad_nT_km": 18.2, "tier": "moderate", "score": 6.5 }, "geometry": { "type": "Polygon", "coordinates": [ [ [ 126.0375, 35.0875 ], [ 126.0375, 35.1375 ], [ 125.9875, 35.1375 ], [ 125.9875, 35.0875 ], [ 126.0375, 35.0875 ] ] ] } },
{ "type": "Feature", "properties": { "grad_nT_km": 25.2, "tier": "moderate", "score": 5.1 }, "geometry": { "type": "Polygon", "coordinates": [ [ [ 126.0875, 35.0875 ], [ 126.0875, 35.1375 ], [ 126.0375, 35.1375 ], [ 126.0375, 35.0875 ], [ 126.0875, 35.0875 ] ] ] } },
{ "type": "Feature", "properties": { "grad_nT_km": 20.7, "tier": "moderate", "score": 6.0 }, "geometry": { "type": "Polygon", "coordinates": [ [ [ 126.1375, 35.0875 ], [ 126.1375, 35.1375 ], [ 126.0875, 35.1375 ], [ 126.0875, 35.0875 ], [ 126.1375, 35.0875 ] ] ] } },
{ "type": "Feature", "properties": { "grad_nT_km": 29.9, "tier": "moderate", "score": 4.4 }, "geometry": { "type": "Polygon", "coordinates": [ [ [ 126.1875, 35.0875 ], [ 126.1875, 35.1375 ], [ 126.1375, 35.1375 ], [ 126.1375, 35.0875 ], [ 126.1875, 35.0875 ] ] ] } },
{ "type": "Feature", "properties": { "grad_nT_km": 20.5, "tier": "moderate", "score": 6.0 }, "geometry": { "type": "Polygon", "coordinates": [ [ [ 126.2375, 35.0875 ], [ 126.2375, 35.1375 ], [ 126.1875, 35.1375 ], [ 126.1875, 35.0875 ], [ 126.2375, 35.0875 ] ] ] } },
{ "type": "Feature", "properties": { "grad_nT_km": 30.8, "tier": "moderate", "score": 4.3 }, "geometry": { "type": "Polygon", "coordinates": [ [ [ 126.2875, 35.0875 ], [ 126.2875, 35.1375 ], [ 126.2375, 35.1375 ], [ 126.2375, 35.0875 ], [ 126.2875, 35.0875 ] ] ] } },
{ "type": "Feature", "properties": { "grad_nT_km": 21.2, "tier": "moderate", "score": 5.9 }, "geometry": { "type": "Polygon", "coordinates": [ [ [ 126.3375, 35.0875 ], [ 126.3375, 35.1375 ], [ 126.2875, 35.1375 ], [ 126.2875, 35.0875 ], [ 126.3375, 35.0875 ] ] ] } },
{ "type": "Feature", "properties": { "grad_nT_km": 20.9, "tier": "moderate", "score": 5.9 }, "geometry": { "type": "Polygon", "coordinates": [ [ [ 126.3875, 35.0875 ], [ 126.3875, 35.1375 ], [ 126.3375, 35.1375 ], [ 126.3375, 35.0875 ], [ 126.3875, 35.0875 ] ] ] } },
{ "type": "Feature", "properties": { "grad_nT_km": 37.8, "tier": "moderate", "score": 3.5 }, "geometry": { "type": "Polygon", "coordinates": [ [ [ 126.5375, 35.0875 ], [ 126.5375, 35.1375 ], [ 126.4875, 35.1375 ], [ 126.4875, 35.0875 ], [ 126.5375, 35.0875 ] ] ] } },
{ "type": "Feature", "properties": { "grad_nT_km": 23.4, "tier": "moderate", "score": 5.5 }, "geometry": { "type": "Polygon", "coordinates": [ [ [ 126.5875, 35.0875 ], [ 126.5875, 35.1375 ], [ 126.5375, 35.1375 ], [ 126.5375, 35.0875 ], [ 126.5875, 35.0875 ] ] ] } },
{ "type": "Feature", "properties": { "grad_nT_km": 35.1, "tier": "moderate", "score": 3.8 }, "geometry": { "type": "Polygon", "coordinates": [ [ [ 126.6375, 35.0875 ], [ 126.6375, 35.1375 ], [ 126.5875, 35.1375 ], [ 126.5875, 35.0875 ], [ 126.6375, 35.0875 ] ] ] } },
{ "type": "Feature", "properties": { "grad_nT_km": 29.8, "tier": "moderate", "score": 4.4 }, "geometry": { "type": "Polygon", "coordinates": [ [ [ 126.6875, 35.0875 ], [ 126.6875, 35.1375 ], [ 126.6375, 35.1375 ], [ 126.6375, 35.0875 ], [ 126.6875, 35.0875 ] ] ] } },
{ "type": "Feature", "properties": { "grad_nT_km": 28.4, "tier": "moderate", "score": 4.6 }, "geometry": { "type": "Polygon", "coordinates": [ [ [ 126.7875, 35.0875 ], [ 126.7875, 35.1375 ], [ 126.7375, 35.1375 ], [ 126.7375, 35.0875 ], [ 126.7875, 35.0875 ] ] ] } },
{ "type": "Feature", "properties": { "grad_nT_km": 25.0, "tier": "moderate", "score": 5.2 }, "geometry": { "type": "Polygon", "coordinates": [ [ [ 126.8875, 35.0875 ], [ 126.8875, 35.1375 ], [ 126.8375, 35.1375 ], [ 126.8375, 35.0875 ], [ 126.8875, 35.0875 ] ] ] } },
{ "type": "Feature", "properties": { "grad_nT_km": 27.7, "tier": "moderate", "score": 4.7 }, "geometry": { "type": "Polygon", "coordinates": [ [ [ 127.1375, 35.0875 ], [ 127.1375, 35.1375 ], [ 127.0875, 35.1375 ], [ 127.0875, 35.0875 ], [ 127.1375, 35.0875 ] ] ] } },
{ "type": "Feature", "properties": { "grad_nT_km": 24.7, "tier": "moderate", "score": 5.2 }, "geometry": { "type": "Polygon", "coordinates": [ [ [ 127.1875, 35.0875 ], [ 127.1875, 35.1375 ], [ 127.1375, 35.1375 ], [ 127.1375, 35.0875 ], [ 127.1875, 35.0875 ] ] ] } },
{ "type": "Feature", "properties": { "grad_nT_km": 22.2, "tier": "moderate", "score": 5.7 }, "geometry": { "type": "Polygon", "coordinates": [ [ [ 127.3875, 35.0875 ], [ 127.3875, 35.1375 ], [ 127.3375, 35.1375 ], [ 127.3375, 35.0875 ], [ 127.3875, 35.0875 ] ] ] } },
{ "type": "Feature", "properties": { "grad_nT_km": 15.7, "tier": "moderate", "score": 7.2 }, "geometry": { "type": "Polygon", "coordinates": [ [ [ 127.4375, 35.0875 ], [ 127.4375, 35.1375 ], [ 127.3875, 35.1375 ], [ 127.3875, 35.0875 ], [ 127.4375, 35.0875 ] ] ] } },
{ "type": "Feature", "properties": { "grad_nT_km": 20.7, "tier": "moderate", "score": 6.0 }, "geometry": { "type": "Polygon", "coordinates": [ [ [ 127.4875, 35.0875 ], [ 127.4875, 35.1375 ], [ 127.4375, 35.1375 ], [ 127.4375, 35.0875 ], [ 127.4875, 35.0875 ] ] ] } },
{ "type": "Feature", "properties": { "grad_nT_km": 29.7, "tier": "moderate", "score": 4.4 }, "geometry": { "type": "Polygon", "coordinates": [ [ [ 127.5375, 35.0875 ], [ 127.5375, 35.1375 ], [ 127.4875, 35.1375 ], [ 127.4875, 35.0875 ], [ 127.5375, 35.0875 ] ] ] } },
{ "type": "Feature", "properties": { "grad_nT_km": 21.6, "tier": "moderate", "score": 5.8 }, "geometry": { "type": "Polygon", "coordinates": [ [ [ 127.6875, 35.0875 ], [ 127.6875, 35.1375 ], [ 127.6375, 35.1375 ], [ 127.6375, 35.0875 ], [ 127.6875, 35.0875 ] ] ] } },
{ "type": "Feature", "properties": { "grad_nT_km": 38.1, "tier": "moderate", "score": 3.5 }, "geometry": { "type": "Polygon", "coordinates": [ [ [ 127.7375, 35.0875 ], [ 127.7375, 35.1375 ], [ 127.6875, 35.1375 ], [ 127.6875, 35.0875 ], [ 127.7375, 35.0875 ] ] ] } },
{ "type": "Feature", "properties": { "grad_nT_km": 18.2, "tier": "moderate", "score": 6.5 }, "geometry": { "type": "Polygon", "coordinates": [ [ [ 127.8375, 35.0875 ], [ 127.8375, 35.1375 ], [ 127.7875, 35.1375 ], [ 127.7875, 35.0875 ], [ 127.8375, 35.0875 ] ] ] } },
{ "type": "Feature", "properties": { "grad_nT_km": 20.5, "tier": "moderate", "score": 6.0 }, "geometry": { "type": "Polygon", "coordinates": [ [ [ 127.9375, 35.0875 ], [ 127.9375, 35.1375 ], [ 127.8875, 35.1375 ], [ 127.8875, 35.0875 ], [ 127.9375, 35.0875 ] ] ] } },
{ "type": "Feature", "properties": { "grad_nT_km": 30.4, "tier": "moderate", "score": 4.4 }, "geometry": { "type": "Polygon", "coordinates": [ [ [ 127.9875, 35.0875 ], [ 127.9875, 35.1375 ], [ 127.9375, 35.1375 ], [ 127.9375, 35.0875 ], [ 127.9875, 35.0875 ] ] ] } },
{ "type": "Feature", "properties": { "grad_nT_km": 34.3, "tier": "moderate", "score": 3.9 }, "geometry": { "type": "Polygon", "coordinates": [ [ [ 128.0375, 35.0875 ], [ 128.0375, 35.1375 ], [ 127.9875, 35.1375 ], [ 127.9875, 35.0875 ], [ 128.0375, 35.0875 ] ] ] } },
{ "type": "Feature", "properties": { "grad_nT_km": 24.7, "tier": "moderate", "score": 5.2 }, "geometry": { "type": "Polygon", "coordinates": [ [ [ 128.1375, 35.0875 ], [ 128.1375, 35.1375 ], [ 128.0875, 35.1375 ], [ 128.0875, 35.0875 ], [ 128.1375, 35.0875 ] ] ] } },
{ "type": "Feature", "properties": { "grad_nT_km": 19.7, "tier": "moderate", "score": 6.2 }, "geometry": { "type": "Polygon", "coordinates": [ [ [ 128.1875, 35.0875 ], [ 128.1875, 35.1375 ], [ 128.1375, 35.1375 ], [ 128.1375, 35.0875 ], [ 128.1875, 35.0875 ] ] ] } },
{ "type": "Feature", "properties": { "grad_nT_km": 23.7, "tier": "moderate", "score": 5.4 }, "geometry": { "type": "Polygon", "coordinates": [ [ [ 128.8875, 35.0875 ], [ 128.8875, 35.1375 ], [ 128.8375, 35.1375 ], [ 128.8375, 35.0875 ], [ 128.8875, 35.0875 ] ] ] } },
{ "type": "Feature", "properties": { "grad_nT_km": 38.7, "tier": "moderate", "score": 3.4 }, "geometry": { "type": "Polygon", "coordinates": [ [ [ 128.9875, 35.0875 ], [ 128.9875, 35.1375 ], [ 128.9375, 35.1375 ], [ 128.9375, 35.0875 ], [ 128.9875, 35.0875 ] ] ] } },
{ "type": "Feature", "properties": { "grad_nT_km": 38.4, "tier": "moderate", "score": 3.5 }, "geometry": { "type": "Polygon", "coordinates": [ [ [ 129.1875, 35.0875 ], [ 129.1875, 35.1375 ], [ 129.1375, 35.1375 ], [ 129.1375, 35.0875 ], [ 129.1875, 35.0875 ] ] ] } },
{ "type": "Feature", "properties": { "grad_nT_km": 35.6, "tier": "moderate", "score": 3.7 }, "geometry": { "type": "Polygon", "coordinates": [ [ [ 129.2375, 35.0875 ], [ 129.2375, 35.1375 ], [ 129.1875, 35.1375 ], [ 129.1875, 35.0875 ], [ 129.2375, 35.0875 ] ] ] } },
{ "type": "Feature", "properties": { "grad_nT_km": 26.8, "tier": "moderate", "score": 4.9 }, "geometry": { "type": "Polygon", "coordinates": [ [ [ 129.2875, 35.0875 ], [ 129.2875, 35.1375 ], [ 129.2375, 35.1375 ], [ 129.2375, 35.0875 ], [ 129.2875, 35.0875 ] ] ] } },
{ "type": "Feature", "properties": { "grad_nT_km": 35.4, "tier": "moderate", "score": 3.8 }, "geometry": { "type": "Polygon", "coordinates": [ [ [ 125.9875, 35.1375 ], [ 125.9875, 35.1875 ], [ 125.9375, 35.1875 ], [ 125.9375, 35.1375 ], [ 125.9875, 35.1375 ] ] ] } },
{ "type": "Feature", "properties": { "grad_nT_km": 23.7, "tier": "moderate", "score": 5.4 }, "geometry": { "type": "Polygon", "coordinates": [ [ [ 126.0375, 35.1375 ], [ 126.0375, 35.1875 ], [ 125.9875, 35.1875 ], [ 125.9875, 35.1375 ], [ 126.0375, 35.1375 ] ] ] } },
{ "type": "Feature", "properties": { "grad_nT_km": 38.3, "tier": "moderate", "score": 3.5 }, "geometry": { "type": "Polygon", "coordinates": [ [ [ 126.0875, 35.1375 ], [ 126.0875, 35.1875 ], [ 126.0375, 35.1875 ], [ 126.0375, 35.1375 ], [ 126.0875, 35.1375 ] ] ] } },
{ "type": "Feature", "properties": { "grad_nT_km": 23.8, "tier": "moderate", "score": 5.4 }, "geometry": { "type": "Polygon", "coordinates": [ [ [ 126.2375, 35.1375 ], [ 126.2375, 35.1875 ], [ 126.1875, 35.1875 ], [ 126.1875, 35.1375 ], [ 126.2375, 35.1375 ] ] ] } },
{ "type": "Feature", "properties": { "grad_nT_km": 18.0, "tier": "moderate", "score": 6.6 }, "geometry": { "type": "Polygon", "coordinates": [ [ [ 126.2875, 35.1375 ], [ 126.2875, 35.1875 ], [ 126.2375, 35.1875 ], [ 126.2375, 35.1375 ], [ 126.2875, 35.1375 ] ] ] } },
{ "type": "Feature", "properties": { "grad_nT_km": 16.0, "tier": "moderate", "score": 7.1 }, "geometry": { "type": "Polygon", "coordinates": [ [ [ 126.3375, 35.1375 ], [ 126.3375, 35.1875 ], [ 126.2875, 35.1875 ], [ 126.2875, 35.1375 ], [ 126.3375, 35.1375 ] ] ] } },
{ "type": "Feature", "properties": { "grad_nT_km": 17.4, "tier": "moderate", "score": 6.7 }, "geometry": { "type": "Polygon", "coordinates": [ [ [ 126.4875, 35.1375 ], [ 126.4875, 35.1875 ], [ 126.4375, 35.1875 ], [ 126.4375, 35.1375 ], [ 126.4875, 35.1375 ] ] ] } },
{ "type": "Feature", "properties": { "grad_nT_km": 35.3, "tier": "moderate", "score": 3.8 }, "geometry": { "type": "Polygon", "coordinates": [ [ [ 126.5875, 35.1375 ], [ 126.5875, 35.1875 ], [ 126.5375, 35.1875 ], [ 126.5375, 35.1375 ], [ 126.5875, 35.1375 ] ] ] } },
{ "type": "Feature", "properties": { "grad_nT_km": 25.8, "tier": "moderate", "score": 5.0 }, "geometry": { "type": "Polygon", "coordinates": [ [ [ 126.6875, 35.1375 ], [ 126.6875, 35.1875 ], [ 126.6375, 35.1875 ], [ 126.6375, 35.1375 ], [ 126.6875, 35.1375 ] ] ] } },
{ "type": "Feature", "properties": { "grad_nT_km": 19.9, "tier": "moderate", "score": 6.1 }, "geometry": { "type": "Polygon", "coordinates": [ [ [ 126.7875, 35.1375 ], [ 126.7875, 35.1875 ], [ 126.7375, 35.1875 ], [ 126.7375, 35.1375 ], [ 126.7875, 35.1375 ] ] ] } },
{ "type": "Feature", "properties": { "grad_nT_km": 15.1, "tier": "moderate", "score": 7.3 }, "geometry": { "type": "Polygon", "coordinates": [ [ [ 126.8875, 35.1375 ], [ 126.8875, 35.1875 ], [ 126.8375, 35.1875 ], [ 126.8375, 35.1375 ], [ 126.8875, 35.1375 ] ] ] } },
{ "type": "Feature", "properties": { "grad_nT_km": 34.1, "tier": "moderate", "score": 3.9 }, "geometry": { "type": "Polygon", "coordinates": [ [ [ 126.9875, 35.1375 ], [ 126.9875, 35.1875 ], [ 126.9375, 35.1875 ], [ 126.9375, 35.1375 ], [ 126.9875, 35.1375 ] ] ] } },
{ "type": "Feature", "properties": { "grad_nT_km": 25.6, "tier": "moderate", "score": 5.1 }, "geometry": { "type": "Polygon", "coordinates": [ [ [ 127.0375, 35.1375 ], [ 127.0375, 35.1875 ], [ 126.9875, 35.1875 ], [ 126.9875, 35.1375 ], [ 127.0375, 35.1375 ] ] ] } },
{ "type": "Feature", "properties": { "grad_nT_km": 21.0, "tier": "moderate", "score": 5.9 }, "geometry": { "type": "Polygon", "coordinates": [ [ [ 127.0875, 35.1375 ], [ 127.0875, 35.1875 ], [ 127.0375, 35.1875 ], [ 127.0375, 35.1375 ], [ 127.0875, 35.1375 ] ] ] } },
{ "type": "Feature", "properties": { "grad_nT_km": 22.1, "tier": "moderate", "score": 5.7 }, "geometry": { "type": "Polygon", "coordinates": [ [ [ 127.1875, 35.1375 ], [ 127.1875, 35.1875 ], [ 127.1375, 35.1875 ], [ 127.1375, 35.1375 ], [ 127.1875, 35.1375 ] ] ] } },
{ "type": "Feature", "properties": { "grad_nT_km": 36.6, "tier": "moderate", "score": 3.6 }, "geometry": { "type": "Polygon", "coordinates": [ [ [ 127.2375, 35.1375 ], [ 127.2375, 35.1875 ], [ 127.1875, 35.1875 ], [ 127.1875, 35.1375 ], [ 127.2375, 35.1375 ] ] ] } },
{ "type": "Feature", "properties": { "grad_nT_km": 21.7, "tier": "moderate", "score": 5.8 }, "geometry": { "type": "Polygon", "coordinates": [ [ [ 127.2875, 35.1375 ], [ 127.2875, 35.1875 ], [ 127.2375, 35.1875 ], [ 127.2375, 35.1375 ], [ 127.2875, 35.1375 ] ] ] } },
{ "type": "Feature", "properties": { "grad_nT_km": 25.1, "tier": "moderate", "score": 5.1 }, "geometry": { "type": "Polygon", "coordinates": [ [ [ 127.4875, 35.1375 ], [ 127.4875, 35.1875 ], [ 127.4375, 35.1875 ], [ 127.4375, 35.1375 ], [ 127.4875, 35.1375 ] ] ] } },
{ "type": "Feature", "properties": { "grad_nT_km": 24.5, "tier": "moderate", "score": 5.3 }, "geometry": { "type": "Polygon", "coordinates": [ [ [ 127.5375, 35.1375 ], [ 127.5375, 35.1875 ], [ 127.4875, 35.1875 ], [ 127.4875, 35.1375 ], [ 127.5375, 35.1375 ] ] ] } },
{ "type": "Feature", "properties": { "grad_nT_km": 36.7, "tier": "moderate", "score": 3.6 }, "geometry": { "type": "Polygon", "coordinates": [ [ [ 127.6875, 35.1375 ], [ 127.6875, 35.1875 ], [ 127.6375, 35.1875 ], [ 127.6375, 35.1375 ], [ 127.6875, 35.1375 ] ] ] } },
{ "type": "Feature", "properties": { "grad_nT_km": 29.2, "tier": "moderate", "score": 4.5 }, "geometry": { "type": "Polygon", "coordinates": [ [ [ 127.7875, 35.1375 ], [ 127.7875, 35.1875 ], [ 127.7375, 35.1875 ], [ 127.7375, 35.1375 ], [ 127.7875, 35.1375 ] ] ] } },
{ "type": "Feature", "properties": { "grad_nT_km": 22.4, "tier": "moderate", "score": 5.6 }, "geometry": { "type": "Polygon", "coordinates": [ [ [ 127.9875, 35.1375 ], [ 127.9875, 35.1875 ], [ 127.9375, 35.1875 ], [ 127.9375, 35.1375 ], [ 127.9875, 35.1375 ] ] ] } },
{ "type": "Feature", "properties": { "grad_nT_km": 29.5, "tier": "moderate", "score": 4.5 }, "geometry": { "type": "Polygon", "coordinates": [ [ [ 128.0375, 35.1375 ], [ 128.0375, 35.1875 ], [ 127.9875, 35.1875 ], [ 127.9875, 35.1375 ], [ 128.0375, 35.1375 ] ] ] } },
{ "type": "Feature", "properties": { "grad_nT_km": 26.2, "tier": "moderate", "score": 5.0 }, "geometry": { "type": "Polygon", "coordinates": [ [ [ 128.0875, 35.1375 ], [ 128.0875, 35.1875 ], [ 128.0375, 35.1875 ], [ 128.0375, 35.1375 ], [ 128.0875, 35.1375 ] ] ] } },
{ "type": "Feature", "properties": { "grad_nT_km": 25.6, "tier": "moderate", "score": 5.1 }, "geometry": { "type": "Polygon", "coordinates": [ [ [ 128.2375, 35.1375 ], [ 128.2375, 35.1875 ], [ 128.1875, 35.1875 ], [ 128.1875, 35.1375 ], [ 128.2375, 35.1375 ] ] ] } },
{ "type": "Feature", "properties": { "grad_nT_km": 34.9, "tier": "moderate", "score": 3.8 }, "geometry": { "type": "Polygon", "coordinates": [ [ [ 128.2875, 35.1375 ], [ 128.2875, 35.1875 ], [ 128.2375, 35.1875 ], [ 128.2375, 35.1375 ], [ 128.2875, 35.1375 ] ] ] } },
{ "type": "Feature", "properties": { "grad_nT_km": 27.3, "tier": "moderate", "score": 4.8 }, "geometry": { "type": "Polygon", "coordinates": [ [ [ 128.3375, 35.1375 ], [ 128.3375, 35.1875 ], [ 128.2875, 35.1875 ], [ 128.2875, 35.1375 ], [ 128.3375, 35.1375 ] ] ] } },
{ "type": "Feature", "properties": { "grad_nT_km": 37.2, "tier": "moderate", "score": 3.6 }, "geometry": { "type": "Polygon", "coordinates": [ [ [ 128.5375, 35.1375 ], [ 128.5375, 35.1875 ], [ 128.4875, 35.1875 ], [ 128.4875, 35.1375 ], [ 128.5375, 35.1375 ] ] ] } },
{ "type": "Feature", "properties": { "grad_nT_km": 25.4, "tier": "moderate", "score": 5.1 }, "geometry": { "type": "Polygon", "coordinates": [ [ [ 128.9375, 35.1375 ], [ 128.9375, 35.1875 ], [ 128.8875, 35.1875 ], [ 128.8875, 35.1375 ], [ 128.9375, 35.1375 ] ] ] } },
{ "type": "Feature", "properties": { "grad_nT_km": 33.8, "tier": "moderate", "score": 3.9 }, "geometry": { "type": "Polygon", "coordinates": [ [ [ 128.9875, 35.1375 ], [ 128.9875, 35.1875 ], [ 128.9375, 35.1875 ], [ 128.9375, 35.1375 ], [ 128.9875, 35.1375 ] ] ] } },
{ "type": "Feature", "properties": { "grad_nT_km": 16.2, "tier": "moderate", "score": 7.0 }, "geometry": { "type": "Polygon", "coordinates": [ [ [ 125.9875, 35.1875 ], [ 125.9875, 35.2375 ], [ 125.9375, 35.2375 ], [ 125.9375, 35.1875 ], [ 125.9875, 35.1875 ] ] ] } },
{ "type": "Feature", "properties": { "grad_nT_km": 18.6, "tier": "moderate", "score": 6.4 }, "geometry": { "type": "Polygon", "coordinates": [ [ [ 126.0375, 35.1875 ], [ 126.0375, 35.2375 ], [ 125.9875, 35.2375 ], [ 125.9875, 35.1875 ], [ 126.0375, 35.1875 ] ] ] } },
{ "type": "Feature", "properties": { "grad_nT_km": 28.9, "tier": "moderate", "score": 4.6 }, "geometry": { "type": "Polygon", "coordinates": [ [ [ 126.0875, 35.1875 ], [ 126.0875, 35.2375 ], [ 126.0375, 35.2375 ], [ 126.0375, 35.1875 ], [ 126.0875, 35.1875 ] ] ] } },
{ "type": "Feature", "properties": { "grad_nT_km": 29.3, "tier": "moderate", "score": 4.5 }, "geometry": { "type": "Polygon", "coordinates": [ [ [ 126.1875, 35.1875 ], [ 126.1875, 35.2375 ], [ 126.1375, 35.2375 ], [ 126.1375, 35.1875 ], [ 126.1875, 35.1875 ] ] ] } },
{ "type": "Feature", "properties": { "grad_nT_km": 28.8, "tier": "moderate", "score": 4.6 }, "geometry": { "type": "Polygon", "coordinates": [ [ [ 126.2875, 35.1875 ], [ 126.2875, 35.2375 ], [ 126.2375, 35.2375 ], [ 126.2375, 35.1875 ], [ 126.2875, 35.1875 ] ] ] } },
{ "type": "Feature", "properties": { "grad_nT_km": 15.0, "tier": "moderate", "score": 7.3 }, "geometry": { "type": "Polygon", "coordinates": [ [ [ 126.3375, 35.1875 ], [ 126.3375, 35.2375 ], [ 126.2875, 35.2375 ], [ 126.2875, 35.1875 ], [ 126.3375, 35.1875 ] ] ] } },
{ "type": "Feature", "properties": { "grad_nT_km": 22.5, "tier": "moderate", "score": 5.6 }, "geometry": { "type": "Polygon", "coordinates": [ [ [ 126.3875, 35.1875 ], [ 126.3875, 35.2375 ], [ 126.3375, 35.2375 ], [ 126.3375, 35.1875 ], [ 126.3875, 35.1875 ] ] ] } },
{ "type": "Feature", "properties": { "grad_nT_km": 26.3, "tier": "moderate", "score": 4.9 }, "geometry": { "type": "Polygon", "coordinates": [ [ [ 126.4375, 35.1875 ], [ 126.4375, 35.2375 ], [ 126.3875, 35.2375 ], [ 126.3875, 35.1875 ], [ 126.4375, 35.1875 ] ] ] } },
{ "type": "Feature", "properties": { "grad_nT_km": 16.8, "tier": "moderate", "score": 6.9 }, "geometry": { "type": "Polygon", "coordinates": [ [ [ 126.4875, 35.1875 ], [ 126.4875, 35.2375 ], [ 126.4375, 35.2375 ], [ 126.4375, 35.1875 ], [ 126.4875, 35.1875 ] ] ] } },
{ "type": "Feature", "properties": { "grad_nT_km": 16.5, "tier": "moderate", "score": 7.0 }, "geometry": { "type": "Polygon", "coordinates": [ [ [ 126.5375, 35.1875 ], [ 126.5375, 35.2375 ], [ 126.4875, 35.2375 ], [ 126.4875, 35.1875 ], [ 126.5375, 35.1875 ] ] ] } },
{ "type": "Feature", "properties": { "grad_nT_km": 18.6, "tier": "moderate", "score": 6.4 }, "geometry": { "type": "Polygon", "coordinates": [ [ [ 126.5875, 35.1875 ], [ 126.5875, 35.2375 ], [ 126.5375, 35.2375 ], [ 126.5375, 35.1875 ], [ 126.5875, 35.1875 ] ] ] } },
{ "type": "Feature", "properties": { "grad_nT_km": 15.2, "tier": "moderate", "score": 7.3 }, "geometry": { "type": "Polygon", "coordinates": [ [ [ 126.7375, 35.1875 ], [ 126.7375, 35.2375 ], [ 126.6875, 35.2375 ], [ 126.6875, 35.1875 ], [ 126.7375, 35.1875 ] ] ] } },
{ "type": "Feature", "properties": { "grad_nT_km": 18.6, "tier": "moderate", "score": 6.4 }, "geometry": { "type": "Polygon", "coordinates": [ [ [ 126.7875, 35.1875 ], [ 126.7875, 35.2375 ], [ 126.7375, 35.2375 ], [ 126.7375, 35.1875 ], [ 126.7875, 35.1875 ] ] ] } },
{ "type": "Feature", "properties": { "grad_nT_km": 21.1, "tier": "moderate", "score": 5.9 }, "geometry": { "type": "Polygon", "coordinates": [ [ [ 126.8875, 35.1875 ], [ 126.8875, 35.2375 ], [ 126.8375, 35.2375 ], [ 126.8375, 35.1875 ], [ 126.8875, 35.1875 ] ] ] } },
{ "type": "Feature", "properties": { "grad_nT_km": 23.6, "tier": "moderate", "score": 5.4 }, "geometry": { "type": "Polygon", "coordinates": [ [ [ 126.9375, 35.1875 ], [ 126.9375, 35.2375 ], [ 126.8875, 35.2375 ], [ 126.8875, 35.1875 ], [ 126.9375, 35.1875 ] ] ] } },
{ "type": "Feature", "properties": { "grad_nT_km": 20.1, "tier": "moderate", "score": 6.1 }, "geometry": { "type": "Polygon", "coordinates": [ [ [ 126.9875, 35.1875 ], [ 126.9875, 35.2375 ], [ 126.9375, 35.2375 ], [ 126.9375, 35.1875 ], [ 126.9875, 35.1875 ] ] ] } },
{ "type": "Feature", "properties": { "grad_nT_km": 27.7, "tier": "moderate", "score": 4.7 }, "geometry": { "type": "Polygon", "coordinates": [ [ [ 127.0375, 35.1875 ], [ 127.0375, 35.2375 ], [ 126.9875, 35.2375 ], [ 126.9875, 35.1875 ], [ 127.0375, 35.1875 ] ] ] } },
{ "type": "Feature", "properties": { "grad_nT_km": 20.1, "tier": "moderate", "score": 6.1 }, "geometry": { "type": "Polygon", "coordinates": [ [ [ 127.0875, 35.1875 ], [ 127.0875, 35.2375 ], [ 127.0375, 35.2375 ], [ 127.0375, 35.1875 ], [ 127.0875, 35.1875 ] ] ] } },
{ "type": "Feature", "properties": { "grad_nT_km": 20.9, "tier": "moderate", "score": 5.9 }, "geometry": { "type": "Polygon", "coordinates": [ [ [ 127.5375, 35.1875 ], [ 127.5375, 35.2375 ], [ 127.4875, 35.2375 ], [ 127.4875, 35.1875 ], [ 127.5375, 35.1875 ] ] ] } },
{ "type": "Feature", "properties": { "grad_nT_km": 15.2, "tier": "moderate", "score": 7.3 }, "geometry": { "type": "Polygon", "coordinates": [ [ [ 127.6875, 35.1875 ], [ 127.6875, 35.2375 ], [ 127.6375, 35.2375 ], [ 127.6375, 35.1875 ], [ 127.6875, 35.1875 ] ] ] } },
{ "type": "Feature", "properties": { "grad_nT_km": 34.4, "tier": "moderate", "score": 3.9 }, "geometry": { "type": "Polygon", "coordinates": [ [ [ 127.7375, 35.1875 ], [ 127.7375, 35.2375 ], [ 127.6875, 35.2375 ], [ 127.6875, 35.1875 ], [ 127.7375, 35.1875 ] ] ] } },
{ "type": "Feature", "properties": { "grad_nT_km": 17.8, "tier": "moderate", "score": 6.6 }, "geometry": { "type": "Polygon", "coordinates": [ [ [ 127.7875, 35.1875 ], [ 127.7875, 35.2375 ], [ 127.7375, 35.2375 ], [ 127.7375, 35.1875 ], [ 127.7875, 35.1875 ] ] ] } },
{ "type": "Feature", "properties": { "grad_nT_km": 17.6, "tier": "moderate", "score": 6.7 }, "geometry": { "type": "Polygon", "coordinates": [ [ [ 127.9875, 35.1875 ], [ 127.9875, 35.2375 ], [ 127.9375, 35.2375 ], [ 127.9375, 35.1875 ], [ 127.9875, 35.1875 ] ] ] } },
{ "type": "Feature", "properties": { "grad_nT_km": 26.1, "tier": "moderate", "score": 5.0 }, "geometry": { "type": "Polygon", "coordinates": [ [ [ 128.0875, 35.1875 ], [ 128.0875, 35.2375 ], [ 128.0375, 35.2375 ], [ 128.0375, 35.1875 ], [ 128.0875, 35.1875 ] ] ] } },
{ "type": "Feature", "properties": { "grad_nT_km": 15.5, "tier": "moderate", "score": 7.2 }, "geometry": { "type": "Polygon", "coordinates": [ [ [ 128.1375, 35.1875 ], [ 128.1375, 35.2375 ], [ 128.0875, 35.2375 ], [ 128.0875, 35.1875 ], [ 128.1375, 35.1875 ] ] ] } },
{ "type": "Feature", "properties": { "grad_nT_km": 20.0, "tier": "moderate", "score": 6.1 }, "geometry": { "type": "Polygon", "coordinates": [ [ [ 128.2375, 35.1875 ], [ 128.2375, 35.2375 ], [ 128.1875, 35.2375 ], [ 128.1875, 35.1875 ], [ 128.2375, 35.1875 ] ] ] } },
{ "type": "Feature", "properties": { "grad_nT_km": 22.7, "tier": "moderate", "score": 5.6 }, "geometry": { "type": "Polygon", "coordinates": [ [ [ 128.2875, 35.1875 ], [ 128.2875, 35.2375 ], [ 128.2375, 35.2375 ], [ 128.2375, 35.1875 ], [ 128.2875, 35.1875 ] ] ] } },
{ "type": "Feature", "properties": { "grad_nT_km": 29.7, "tier": "moderate", "score": 4.4 }, "geometry": { "type": "Polygon", "coordinates": [ [ [ 128.6375, 35.1875 ], [ 128.6375, 35.2375 ], [ 128.5875, 35.2375 ], [ 128.5875, 35.1875 ], [ 128.6375, 35.1875 ] ] ] } },
{ "type": "Feature", "properties": { "grad_nT_km": 35.1, "tier": "moderate", "score": 3.8 }, "geometry": { "type": "Polygon", "coordinates": [ [ [ 128.6875, 35.1875 ], [ 128.6875, 35.2375 ], [ 128.6375, 35.2375 ], [ 128.6375, 35.1875 ], [ 128.6875, 35.1875 ] ] ] } },
{ "type": "Feature", "properties": { "grad_nT_km": 15.6, "tier": "moderate", "score": 7.2 }, "geometry": { "type": "Polygon", "coordinates": [ [ [ 128.8875, 35.1875 ], [ 128.8875, 35.2375 ], [ 128.8375, 35.2375 ], [ 128.8375, 35.1875 ], [ 128.8875, 35.1875 ] ] ] } },
{ "type": "Feature", "properties": { "grad_nT_km": 39.1, "tier": "moderate", "score": 3.4 }, "geometry": { "type": "Polygon", "coordinates": [ [ [ 129.0875, 35.1875 ], [ 129.0875, 35.2375 ], [ 129.0375, 35.2375 ], [ 129.0375, 35.1875 ], [ 129.0875, 35.1875 ] ] ] } },
{ "type": "Feature", "properties": { "grad_nT_km": 27.2, "tier": "moderate", "score": 4.8 }, "geometry": { "type": "Polygon", "coordinates": [ [ [ 129.1375, 35.1875 ], [ 129.1375, 35.2375 ], [ 129.0875, 35.2375 ], [ 129.0875, 35.1875 ], [ 129.1375, 35.1875 ] ] ] } },
{ "type": "Feature", "properties": { "grad_nT_km": 24.8, "tier": "moderate", "score": 5.2 }, "geometry": { "type": "Polygon", "coordinates": [ [ [ 129.2875, 35.1875 ], [ 129.2875, 35.2375 ], [ 129.2375, 35.2375 ], [ 129.2375, 35.1875 ], [ 129.2875, 35.1875 ] ] ] } },
{ "type": "Feature", "properties": { "grad_nT_km": 29.7, "tier": "moderate", "score": 4.5 }, "geometry": { "type": "Polygon", "coordinates": [ [ [ 129.3375, 35.1875 ], [ 129.3375, 35.2375 ], [ 129.2875, 35.2375 ], [ 129.2875, 35.1875 ], [ 129.3375, 35.1875 ] ] ] } },
{ "type": "Feature", "properties": { "grad_nT_km": 24.7, "tier": "moderate", "score": 5.2 }, "geometry": { "type": "Polygon", "coordinates": [ [ [ 126.2375, 35.2375 ], [ 126.2375, 35.2875 ], [ 126.1875, 35.2875 ], [ 126.1875, 35.2375 ], [ 126.2375, 35.2375 ] ] ] } },
{ "type": "Feature", "properties": { "grad_nT_km": 26.9, "tier": "moderate", "score": 4.9 }, "geometry": { "type": "Polygon", "coordinates": [ [ [ 126.3375, 35.2375 ], [ 126.3375, 35.2875 ], [ 126.2875, 35.2875 ], [ 126.2875, 35.2375 ], [ 126.3375, 35.2375 ] ] ] } },
{ "type": "Feature", "properties": { "grad_nT_km": 19.6, "tier": "moderate", "score": 6.2 }, "geometry": { "type": "Polygon", "coordinates": [ [ [ 126.3875, 35.2375 ], [ 126.3875, 35.2875 ], [ 126.3375, 35.2875 ], [ 126.3375, 35.2375 ], [ 126.3875, 35.2375 ] ] ] } },
{ "type": "Feature", "properties": { "grad_nT_km": 33.3, "tier": "moderate", "score": 4.0 }, "geometry": { "type": "Polygon", "coordinates": [ [ [ 126.4375, 35.2375 ], [ 126.4375, 35.2875 ], [ 126.3875, 35.2875 ], [ 126.3875, 35.2375 ], [ 126.4375, 35.2375 ] ] ] } },
{ "type": "Feature", "properties": { "grad_nT_km": 30.3, "tier": "moderate", "score": 4.4 }, "geometry": { "type": "Polygon", "coordinates": [ [ [ 126.5375, 35.2375 ], [ 126.5375, 35.2875 ], [ 126.4875, 35.2875 ], [ 126.4875, 35.2375 ], [ 126.5375, 35.2375 ] ] ] } },
{ "type": "Feature", "properties": { "grad_nT_km": 21.5, "tier": "moderate", "score": 5.8 }, "geometry": { "type": "Polygon", "coordinates": [ [ [ 126.5875, 35.2375 ], [ 126.5875, 35.2875 ], [ 126.5375, 35.2875 ], [ 126.5375, 35.2375 ], [ 126.5875, 35.2375 ] ] ] } },
{ "type": "Feature", "properties": { "grad_nT_km": 34.2, "tier": "moderate", "score": 3.9 }, "geometry": { "type": "Polygon", "coordinates": [ [ [ 126.6375, 35.2375 ], [ 126.6375, 35.2875 ], [ 126.5875, 35.2875 ], [ 126.5875, 35.2375 ], [ 126.6375, 35.2375 ] ] ] } },
{ "type": "Feature", "properties": { "grad_nT_km": 20.4, "tier": "moderate", "score": 6.0 }, "geometry": { "type": "Polygon", "coordinates": [ [ [ 126.7375, 35.2375 ], [ 126.7375, 35.2875 ], [ 126.6875, 35.2875 ], [ 126.6875, 35.2375 ], [ 126.7375, 35.2375 ] ] ] } },
{ "type": "Feature", "properties": { "grad_nT_km": 22.1, "tier": "moderate", "score": 5.7 }, "geometry": { "type": "Polygon", "coordinates": [ [ [ 126.7875, 35.2375 ], [ 126.7875, 35.2875 ], [ 126.7375, 35.2875 ], [ 126.7375, 35.2375 ], [ 126.7875, 35.2375 ] ] ] } },
{ "type": "Feature", "properties": { "grad_nT_km": 26.7, "tier": "moderate", "score": 4.9 }, "geometry": { "type": "Polygon", "coordinates": [ [ [ 126.9875, 35.2375 ], [ 126.9875, 35.2875 ], [ 126.9375, 35.2875 ], [ 126.9375, 35.2375 ], [ 126.9875, 35.2375 ] ] ] } },
{ "type": "Feature", "properties": { "grad_nT_km": 21.4, "tier": "moderate", "score": 5.8 }, "geometry": { "type": "Polygon", "coordinates": [ [ [ 127.0375, 35.2375 ], [ 127.0375, 35.2875 ], [ 126.9875, 35.2875 ], [ 126.9875, 35.2375 ], [ 127.0375, 35.2375 ] ] ] } },
{ "type": "Feature", "properties": { "grad_nT_km": 33.7, "tier": "moderate", "score": 3.9 }, "geometry": { "type": "Polygon", "coordinates": [ [ [ 127.0875, 35.2375 ], [ 127.0875, 35.2875 ], [ 127.0375, 35.2875 ], [ 127.0375, 35.2375 ], [ 127.0875, 35.2375 ] ] ] } },
{ "type": "Feature", "properties": { "grad_nT_km": 29.3, "tier": "moderate", "score": 4.5 }, "geometry": { "type": "Polygon", "coordinates": [ [ [ 127.1375, 35.2375 ], [ 127.1375, 35.2875 ], [ 127.0875, 35.2875 ], [ 127.0875, 35.2375 ], [ 127.1375, 35.2375 ] ] ] } },
{ "type": "Feature", "properties": { "grad_nT_km": 21.2, "tier": "moderate", "score": 5.9 }, "geometry": { "type": "Polygon", "coordinates": [ [ [ 127.1875, 35.2375 ], [ 127.1875, 35.2875 ], [ 127.1375, 35.2875 ], [ 127.1375, 35.2375 ], [ 127.1875, 35.2375 ] ] ] } },
{ "type": "Feature", "properties": { "grad_nT_km": 16.0, "tier": "moderate", "score": 7.1 }, "geometry": { "type": "Polygon", "coordinates": [ [ [ 127.2875, 35.2375 ], [ 127.2875, 35.2875 ], [ 127.2375, 35.2875 ], [ 127.2375, 35.2375 ], [ 127.2875, 35.2375 ] ] ] } },
{ "type": "Feature", "properties": { "grad_nT_km": 19.0, "tier": "moderate", "score": 6.3 }, "geometry": { "type": "Polygon", "coordinates": [ [ [ 127.5375, 35.2375 ], [ 127.5375, 35.2875 ], [ 127.4875, 35.2875 ], [ 127.4875, 35.2375 ], [ 127.5375, 35.2375 ] ] ] } },
{ "type": "Feature", "properties": { "grad_nT_km": 24.9, "tier": "moderate", "score": 5.2 }, "geometry": { "type": "Polygon", "coordinates": [ [ [ 127.6875, 35.2375 ], [ 127.6875, 35.2875 ], [ 127.6375, 35.2875 ], [ 127.6375, 35.2375 ], [ 127.6875, 35.2375 ] ] ] } },
{ "type": "Feature", "properties": { "grad_nT_km": 37.9, "tier": "moderate", "score": 3.5 }, "geometry": { "type": "Polygon", "coordinates": [ [ [ 128.0375, 35.2375 ], [ 128.0375, 35.2875 ], [ 127.9875, 35.2875 ], [ 127.9875, 35.2375 ], [ 128.0375, 35.2375 ] ] ] } },
{ "type": "Feature", "properties": { "grad_nT_km": 31.0, "tier": "moderate", "score": 4.3 }, "geometry": { "type": "Polygon", "coordinates": [ [ [ 128.0875, 35.2375 ], [ 128.0875, 35.2875 ], [ 128.0375, 35.2875 ], [ 128.0375, 35.2375 ], [ 128.0875, 35.2375 ] ] ] } },
{ "type": "Feature", "properties": { "grad_nT_km": 19.5, "tier": "moderate", "score": 6.2 }, "geometry": { "type": "Polygon", "coordinates": [ [ [ 128.1375, 35.2375 ], [ 128.1375, 35.2875 ], [ 128.0875, 35.2875 ], [ 128.0875, 35.2375 ], [ 128.1375, 35.2375 ] ] ] } },
{ "type": "Feature", "properties": { "grad_nT_km": 17.3, "tier": "moderate", "score": 6.8 }, "geometry": { "type": "Polygon", "coordinates": [ [ [ 128.1875, 35.2375 ], [ 128.1875, 35.2875 ], [ 128.1375, 35.2875 ], [ 128.1375, 35.2375 ], [ 128.1875, 35.2375 ] ] ] } },
{ "type": "Feature", "properties": { "grad_nT_km": 38.7, "tier": "moderate", "score": 3.4 }, "geometry": { "type": "Polygon", "coordinates": [ [ [ 128.2875, 35.2375 ], [ 128.2875, 35.2875 ], [ 128.2375, 35.2875 ], [ 128.2375, 35.2375 ], [ 128.2875, 35.2375 ] ] ] } },
{ "type": "Feature", "properties": { "grad_nT_km": 36.4, "tier": "moderate", "score": 3.7 }, "geometry": { "type": "Polygon", "coordinates": [ [ [ 128.3375, 35.2375 ], [ 128.3375, 35.2875 ], [ 128.2875, 35.2875 ], [ 128.2875, 35.2375 ], [ 128.3375, 35.2375 ] ] ] } },
{ "type": "Feature", "properties": { "grad_nT_km": 27.3, "tier": "moderate", "score": 4.8 }, "geometry": { "type": "Polygon", "coordinates": [ [ [ 128.3875, 35.2375 ], [ 128.3875, 35.2875 ], [ 128.3375, 35.2875 ], [ 128.3375, 35.2375 ], [ 128.3875, 35.2375 ] ] ] } },
{ "type": "Feature", "properties": { "grad_nT_km": 33.5, "tier": "moderate", "score": 4.0 }, "geometry": { "type": "Polygon", "coordinates": [ [ [ 128.5875, 35.2375 ], [ 128.5875, 35.2875 ], [ 128.5375, 35.2875 ], [ 128.5375, 35.2375 ], [ 128.5875, 35.2375 ] ] ] } },
{ "type": "Feature", "properties": { "grad_nT_km": 26.0, "tier": "moderate", "score": 5.0 }, "geometry": { "type": "Polygon", "coordinates": [ [ [ 128.6375, 35.2375 ], [ 128.6375, 35.2875 ], [ 128.5875, 35.2875 ], [ 128.5875, 35.2375 ], [ 128.6375, 35.2375 ] ] ] } },
{ "type": "Feature", "properties": { "grad_nT_km": 22.4, "tier": "moderate", "score": 5.6 }, "geometry": { "type": "Polygon", "coordinates": [ [ [ 128.6875, 35.2375 ], [ 128.6875, 35.2875 ], [ 128.6375, 35.2875 ], [ 128.6375, 35.2375 ], [ 128.6875, 35.2375 ] ] ] } },
{ "type": "Feature", "properties": { "grad_nT_km": 29.2, "tier": "moderate", "score": 4.5 }, "geometry": { "type": "Polygon", "coordinates": [ [ [ 128.8375, 35.2375 ], [ 128.8375, 35.2875 ], [ 128.7875, 35.2875 ], [ 128.7875, 35.2375 ], [ 128.8375, 35.2375 ] ] ] } },
{ "type": "Feature", "properties": { "grad_nT_km": 18.3, "tier": "moderate", "score": 6.5 }, "geometry": { "type": "Polygon", "coordinates": [ [ [ 128.8875, 35.2375 ], [ 128.8875, 35.2875 ], [ 128.8375, 35.2875 ], [ 128.8375, 35.2375 ], [ 128.8875, 35.2375 ] ] ] } },
{ "type": "Feature", "properties": { "grad_nT_km": 25.5, "tier": "moderate", "score": 5.1 }, "geometry": { "type": "Polygon", "coordinates": [ [ [ 128.9375, 35.2375 ], [ 128.9375, 35.2875 ], [ 128.8875, 35.2875 ], [ 128.8875, 35.2375 ], [ 128.9375, 35.2375 ] ] ] } },
{ "type": "Feature", "properties": { "grad_nT_km": 30.9, "tier": "moderate", "score": 4.3 }, "geometry": { "type": "Polygon", "coordinates": [ [ [ 129.0375, 35.2375 ], [ 129.0375, 35.2875 ], [ 128.9875, 35.2875 ], [ 128.9875, 35.2375 ], [ 129.0375, 35.2375 ] ] ] } },
{ "type": "Feature", "properties": { "grad_nT_km": 23.8, "tier": "moderate", "score": 5.4 }, "geometry": { "type": "Polygon", "coordinates": [ [ [ 129.2375, 35.2375 ], [ 129.2375, 35.2875 ], [ 129.1875, 35.2875 ], [ 129.1875, 35.2375 ], [ 129.2375, 35.2375 ] ] ] } },
{ "type": "Feature", "properties": { "grad_nT_km": 30.8, "tier": "moderate", "score": 4.3 }, "geometry": { "type": "Polygon", "coordinates": [ [ [ 129.3375, 35.2375 ], [ 129.3375, 35.2875 ], [ 129.2875, 35.2875 ], [ 129.2875, 35.2375 ], [ 129.3375, 35.2375 ] ] ] } },
{ "type": "Feature", "properties": { "grad_nT_km": 15.5, "tier": "moderate", "score": 7.2 }, "geometry": { "type": "Polygon", "coordinates": [ [ [ 129.3875, 35.2375 ], [ 129.3875, 35.2875 ], [ 129.3375, 35.2875 ], [ 129.3375, 35.2375 ], [ 129.3875, 35.2375 ] ] ] } },
{ "type": "Feature", "properties": { "grad_nT_km": 22.6, "tier": "moderate", "score": 5.6 }, "geometry": { "type": "Polygon", "coordinates": [ [ [ 126.2375, 35.2875 ], [ 126.2375, 35.3375 ], [ 126.1875, 35.3375 ], [ 126.1875, 35.2875 ], [ 126.2375, 35.2875 ] ] ] } },
{ "type": "Feature", "properties": { "grad_nT_km": 24.9, "tier": "moderate", "score": 5.2 }, "geometry": { "type": "Polygon", "coordinates": [ [ [ 126.2875, 35.2875 ], [ 126.2875, 35.3375 ], [ 126.2375, 35.3375 ], [ 126.2375, 35.2875 ], [ 126.2875, 35.2875 ] ] ] } },
{ "type": "Feature", "properties": { "grad_nT_km": 19.7, "tier": "moderate", "score": 6.2 }, "geometry": { "type": "Polygon", "coordinates": [ [ [ 126.3375, 35.2875 ], [ 126.3375, 35.3375 ], [ 126.2875, 35.3375 ], [ 126.2875, 35.2875 ], [ 126.3375, 35.2875 ] ] ] } },
{ "type": "Feature", "properties": { "grad_nT_km": 32.9, "tier": "moderate", "score": 4.0 }, "geometry": { "type": "Polygon", "coordinates": [ [ [ 126.3875, 35.2875 ], [ 126.3875, 35.3375 ], [ 126.3375, 35.3375 ], [ 126.3375, 35.2875 ], [ 126.3875, 35.2875 ] ] ] } },
{ "type": "Feature", "properties": { "grad_nT_km": 23.2, "tier": "moderate", "score": 5.5 }, "geometry": { "type": "Polygon", "coordinates": [ [ [ 126.5375, 35.2875 ], [ 126.5375, 35.3375 ], [ 126.4875, 35.3375 ], [ 126.4875, 35.2875 ], [ 126.5375, 35.2875 ] ] ] } },
{ "type": "Feature", "properties": { "grad_nT_km": 18.0, "tier": "moderate", "score": 6.6 }, "geometry": { "type": "Polygon", "coordinates": [ [ [ 126.5875, 35.2875 ], [ 126.5875, 35.3375 ], [ 126.5375, 35.3375 ], [ 126.5375, 35.2875 ], [ 126.5875, 35.2875 ] ] ] } },
{ "type": "Feature", "properties": { "grad_nT_km": 23.9, "tier": "moderate", "score": 5.4 }, "geometry": { "type": "Polygon", "coordinates": [ [ [ 126.6375, 35.2875 ], [ 126.6375, 35.3375 ], [ 126.5875, 35.3375 ], [ 126.5875, 35.2875 ], [ 126.6375, 35.2875 ] ] ] } },
{ "type": "Feature", "properties": { "grad_nT_km": 23.7, "tier": "moderate", "score": 5.4 }, "geometry": { "type": "Polygon", "coordinates": [ [ [ 126.6875, 35.2875 ], [ 126.6875, 35.3375 ], [ 126.6375, 35.3375 ], [ 126.6375, 35.2875 ], [ 126.6875, 35.2875 ] ] ] } },
{ "type": "Feature", "properties": { "grad_nT_km": 18.0, "tier": "moderate", "score": 6.6 }, "geometry": { "type": "Polygon", "coordinates": [ [ [ 126.7375, 35.2875 ], [ 126.7375, 35.3375 ], [ 126.6875, 35.3375 ], [ 126.6875, 35.2875 ], [ 126.7375, 35.2875 ] ] ] } },
{ "type": "Feature", "properties": { "grad_nT_km": 15.7, "tier": "moderate", "score": 7.2 }, "geometry": { "type": "Polygon", "coordinates": [ [ [ 126.7875, 35.2875 ], [ 126.7875, 35.3375 ], [ 126.7375, 35.3375 ], [ 126.7375, 35.2875 ], [ 126.7875, 35.2875 ] ] ] } },
{ "type": "Feature", "properties": { "grad_nT_km": 20.7, "tier": "moderate", "score": 6.0 }, "geometry": { "type": "Polygon", "coordinates": [ [ [ 127.1875, 35.2875 ], [ 127.1875, 35.3375 ], [ 127.1375, 35.3375 ], [ 127.1375, 35.2875 ], [ 127.1875, 35.2875 ] ] ] } },
{ "type": "Feature", "properties": { "grad_nT_km": 15.3, "tier": "moderate", "score": 7.3 }, "geometry": { "type": "Polygon", "coordinates": [ [ [ 127.2375, 35.2875 ], [ 127.2375, 35.3375 ], [ 127.1875, 35.3375 ], [ 127.1875, 35.2875 ], [ 127.2375, 35.2875 ] ] ] } },
{ "type": "Feature", "properties": { "grad_nT_km": 20.3, "tier": "moderate", "score": 6.1 }, "geometry": { "type": "Polygon", "coordinates": [ [ [ 127.6875, 35.2875 ], [ 127.6875, 35.3375 ], [ 127.6375, 35.3375 ], [ 127.6375, 35.2875 ], [ 127.6875, 35.2875 ] ] ] } },
{ "type": "Feature", "properties": { "grad_nT_km": 16.2, "tier": "moderate", "score": 7.0 }, "geometry": { "type": "Polygon", "coordinates": [ [ [ 127.8875, 35.2875 ], [ 127.8875, 35.3375 ], [ 127.8375, 35.3375 ], [ 127.8375, 35.2875 ], [ 127.8875, 35.2875 ] ] ] } },
{ "type": "Feature", "properties": { "grad_nT_km": 16.6, "tier": "moderate", "score": 6.9 }, "geometry": { "type": "Polygon", "coordinates": [ [ [ 127.9375, 35.2875 ], [ 127.9375, 35.3375 ], [ 127.8875, 35.3375 ], [ 127.8875, 35.2875 ], [ 127.9375, 35.2875 ] ] ] } },
{ "type": "Feature", "properties": { "grad_nT_km": 26.4, "tier": "moderate", "score": 4.9 }, "geometry": { "type": "Polygon", "coordinates": [ [ [ 128.0375, 35.2875 ], [ 128.0375, 35.3375 ], [ 127.9875, 35.3375 ], [ 127.9875, 35.2875 ], [ 128.0375, 35.2875 ] ] ] } },
{ "type": "Feature", "properties": { "grad_nT_km": 27.5, "tier": "moderate", "score": 4.8 }, "geometry": { "type": "Polygon", "coordinates": [ [ [ 128.2875, 35.2875 ], [ 128.2875, 35.3375 ], [ 128.2375, 35.3375 ], [ 128.2375, 35.2875 ], [ 128.2875, 35.2875 ] ] ] } },
{ "type": "Feature", "properties": { "grad_nT_km": 17.3, "tier": "moderate", "score": 6.7 }, "geometry": { "type": "Polygon", "coordinates": [ [ [ 128.3375, 35.2875 ], [ 128.3375, 35.3375 ], [ 128.2875, 35.3375 ], [ 128.2875, 35.2875 ], [ 128.3375, 35.2875 ] ] ] } },
{ "type": "Feature", "properties": { "grad_nT_km": 22.4, "tier": "moderate", "score": 5.6 }, "geometry": { "type": "Polygon", "coordinates": [ [ [ 128.4375, 35.2875 ], [ 128.4375, 35.3375 ], [ 128.3875, 35.3375 ], [ 128.3875, 35.2875 ], [ 128.4375, 35.2875 ] ] ] } },
{ "type": "Feature", "properties": { "grad_nT_km": 31.6, "tier": "moderate", "score": 4.2 }, "geometry": { "type": "Polygon", "coordinates": [ [ [ 128.4875, 35.2875 ], [ 128.4875, 35.3375 ], [ 128.4375, 35.3375 ], [ 128.4375, 35.2875 ], [ 128.4875, 35.2875 ] ] ] } },
{ "type": "Feature", "properties": { "grad_nT_km": 18.1, "tier": "moderate", "score": 6.6 }, "geometry": { "type": "Polygon", "coordinates": [ [ [ 128.5375, 35.2875 ], [ 128.5375, 35.3375 ], [ 128.4875, 35.3375 ], [ 128.4875, 35.2875 ], [ 128.5375, 35.2875 ] ] ] } },
{ "type": "Feature", "properties": { "grad_nT_km": 35.2, "tier": "moderate", "score": 3.8 }, "geometry": { "type": "Polygon", "coordinates": [ [ [ 128.5875, 35.2875 ], [ 128.5875, 35.3375 ], [ 128.5375, 35.3375 ], [ 128.5375, 35.2875 ], [ 128.5875, 35.2875 ] ] ] } },
{ "type": "Feature", "properties": { "grad_nT_km": 16.1, "tier": "moderate", "score": 7.1 }, "geometry": { "type": "Polygon", "coordinates": [ [ [ 128.6375, 35.2875 ], [ 128.6375, 35.3375 ], [ 128.5875, 35.3375 ], [ 128.5875, 35.2875 ], [ 128.6375, 35.2875 ] ] ] } },
{ "type": "Feature", "properties": { "grad_nT_km": 20.0, "tier": "moderate", "score": 6.1 }, "geometry": { "type": "Polygon", "coordinates": [ [ [ 128.6875, 35.2875 ], [ 128.6875, 35.3375 ], [ 128.6375, 35.3375 ], [ 128.6375, 35.2875 ], [ 128.6875, 35.2875 ] ] ] } },
{ "type": "Feature", "properties": { "grad_nT_km": 25.2, "tier": "moderate", "score": 5.1 }, "geometry": { "type": "Polygon", "coordinates": [ [ [ 128.7875, 35.2875 ], [ 128.7875, 35.3375 ], [ 128.7375, 35.3375 ], [ 128.7375, 35.2875 ], [ 128.7875, 35.2875 ] ] ] } },
{ "type": "Feature", "properties": { "grad_nT_km": 32.6, "tier": "moderate", "score": 4.1 }, "geometry": { "type": "Polygon", "coordinates": [ [ [ 128.8875, 35.2875 ], [ 128.8875, 35.3375 ], [ 128.8375, 35.3375 ], [ 128.8375, 35.2875 ], [ 128.8875, 35.2875 ] ] ] } },
{ "type": "Feature", "properties": { "grad_nT_km": 34.9, "tier": "moderate", "score": 3.8 }, "geometry": { "type": "Polygon", "coordinates": [ [ [ 129.1375, 35.2875 ], [ 129.1375, 35.3375 ], [ 129.0875, 35.3375 ], [ 129.0875, 35.2875 ], [ 129.1375, 35.2875 ] ] ] } },
{ "type": "Feature", "properties": { "grad_nT_km": 30.2, "tier": "moderate", "score": 4.4 }, "geometry": { "type": "Polygon", "coordinates": [ [ [ 129.1875, 35.2875 ], [ 129.1875, 35.3375 ], [ 129.1375, 35.3375 ], [ 129.1375, 35.2875 ], [ 129.1875, 35.2875 ] ] ] } },
{ "type": "Feature", "properties": { "grad_nT_km": 33.4, "tier": "moderate", "score": 4.0 }, "geometry": { "type": "Polygon", "coordinates": [ [ [ 129.3375, 35.2875 ], [ 129.3375, 35.3375 ], [ 129.2875, 35.3375 ], [ 129.2875, 35.2875 ], [ 129.3375, 35.2875 ] ] ] } },
{ "type": "Feature", "properties": { "grad_nT_km": 16.4, "tier": "moderate", "score": 7.0 }, "geometry": { "type": "Polygon", "coordinates": [ [ [ 129.3875, 35.2875 ], [ 129.3875, 35.3375 ], [ 129.3375, 35.3375 ], [ 129.3375, 35.2875 ], [ 129.3875, 35.2875 ] ] ] } },
{ "type": "Feature", "properties": { "grad_nT_km": 27.9, "tier": "moderate", "score": 4.7 }, "geometry": { "type": "Polygon", "coordinates": [ [ [ 126.2875, 35.3375 ], [ 126.2875, 35.3875 ], [ 126.2375, 35.3875 ], [ 126.2375, 35.3375 ], [ 126.2875, 35.3375 ] ] ] } },
{ "type": "Feature", "properties": { "grad_nT_km": 35.9, "tier": "moderate", "score": 3.7 }, "geometry": { "type": "Polygon", "coordinates": [ [ [ 126.4375, 35.3375 ], [ 126.4375, 35.3875 ], [ 126.3875, 35.3875 ], [ 126.3875, 35.3375 ], [ 126.4375, 35.3375 ] ] ] } },
{ "type": "Feature", "properties": { "grad_nT_km": 29.6, "tier": "moderate", "score": 4.5 }, "geometry": { "type": "Polygon", "coordinates": [ [ [ 126.4875, 35.3375 ], [ 126.4875, 35.3875 ], [ 126.4375, 35.3875 ], [ 126.4375, 35.3375 ], [ 126.4875, 35.3375 ] ] ] } },
{ "type": "Feature", "properties": { "grad_nT_km": 27.2, "tier": "moderate", "score": 4.8 }, "geometry": { "type": "Polygon", "coordinates": [ [ [ 126.6875, 35.3375 ], [ 126.6875, 35.3875 ], [ 126.6375, 35.3875 ], [ 126.6375, 35.3375 ], [ 126.6875, 35.3375 ] ] ] } },
{ "type": "Feature", "properties": { "grad_nT_km": 19.7, "tier": "moderate", "score": 6.2 }, "geometry": { "type": "Polygon", "coordinates": [ [ [ 126.7875, 35.3375 ], [ 126.7875, 35.3875 ], [ 126.7375, 35.3875 ], [ 126.7375, 35.3375 ], [ 126.7875, 35.3375 ] ] ] } },
{ "type": "Feature", "properties": { "grad_nT_km": 25.9, "tier": "moderate", "score": 5.0 }, "geometry": { "type": "Polygon", "coordinates": [ [ [ 126.8375, 35.3375 ], [ 126.8375, 35.3875 ], [ 126.7875, 35.3875 ], [ 126.7875, 35.3375 ], [ 126.8375, 35.3375 ] ] ] } },
{ "type": "Feature", "properties": { "grad_nT_km": 33.5, "tier": "moderate", "score": 4.0 }, "geometry": { "type": "Polygon", "coordinates": [ [ [ 127.1875, 35.3375 ], [ 127.1875, 35.3875 ], [ 127.1375, 35.3875 ], [ 127.1375, 35.3375 ], [ 127.1875, 35.3375 ] ] ] } },
{ "type": "Feature", "properties": { "grad_nT_km": 22.5, "tier": "moderate", "score": 5.6 }, "geometry": { "type": "Polygon", "coordinates": [ [ [ 127.2375, 35.3375 ], [ 127.2375, 35.3875 ], [ 127.1875, 35.3875 ], [ 127.1875, 35.3375 ], [ 127.2375, 35.3375 ] ] ] } },
{ "type": "Feature", "properties": { "grad_nT_km": 16.1, "tier": "moderate", "score": 7.1 }, "geometry": { "type": "Polygon", "coordinates": [ [ [ 127.3375, 35.3375 ], [ 127.3375, 35.3875 ], [ 127.2875, 35.3875 ], [ 127.2875, 35.3375 ], [ 127.3375, 35.3375 ] ] ] } },
{ "type": "Feature", "properties": { "grad_nT_km": 23.8, "tier": "moderate", "score": 5.4 }, "geometry": { "type": "Polygon", "coordinates": [ [ [ 127.6375, 35.3375 ], [ 127.6375, 35.3875 ], [ 127.5875, 35.3875 ], [ 127.5875, 35.3375 ], [ 127.6375, 35.3375 ] ] ] } },
{ "type": "Feature", "properties": { "grad_nT_km": 16.6, "tier": "moderate", "score": 6.9 }, "geometry": { "type": "Polygon", "coordinates": [ [ [ 127.7375, 35.3375 ], [ 127.7375, 35.3875 ], [ 127.6875, 35.3875 ], [ 127.6875, 35.3375 ], [ 127.7375, 35.3375 ] ] ] } },
{ "type": "Feature", "properties": { "grad_nT_km": 18.5, "tier": "moderate", "score": 6.5 }, "geometry": { "type": "Polygon", "coordinates": [ [ [ 127.8875, 35.3375 ], [ 127.8875, 35.3875 ], [ 127.8375, 35.3875 ], [ 127.8375, 35.3375 ], [ 127.8875, 35.3375 ] ] ] } },
{ "type": "Feature", "properties": { "grad_nT_km": 25.2, "tier": "moderate", "score": 5.1 }, "geometry": { "type": "Polygon", "coordinates": [ [ [ 128.0375, 35.3375 ], [ 128.0375, 35.3875 ], [ 127.9875, 35.3875 ], [ 127.9875, 35.3375 ], [ 128.0375, 35.3375 ] ] ] } },
{ "type": "Feature", "properties": { "grad_nT_km": 24.6, "tier": "moderate", "score": 5.2 }, "geometry": { "type": "Polygon", "coordinates": [ [ [ 128.0875, 35.3375 ], [ 128.0875, 35.3875 ], [ 128.0375, 35.3875 ], [ 128.0375, 35.3375 ], [ 128.0875, 35.3375 ] ] ] } },
{ "type": "Feature", "properties": { "grad_nT_km": 15.0, "tier": "moderate", "score": 7.3 }, "geometry": { "type": "Polygon", "coordinates": [ [ [ 128.3375, 35.3375 ], [ 128.3375, 35.3875 ], [ 128.2875, 35.3875 ], [ 128.2875, 35.3375 ], [ 128.3375, 35.3375 ] ] ] } },
{ "type": "Feature", "properties": { "grad_nT_km": 15.1, "tier": "moderate", "score": 7.3 }, "geometry": { "type": "Polygon", "coordinates": [ [ [ 128.4375, 35.3375 ], [ 128.4375, 35.3875 ], [ 128.3875, 35.3875 ], [ 128.3875, 35.3375 ], [ 128.4375, 35.3375 ] ] ] } },
{ "type": "Feature", "properties": { "grad_nT_km": 17.0, "tier": "moderate", "score": 6.8 }, "geometry": { "type": "Polygon", "coordinates": [ [ [ 128.4875, 35.3375 ], [ 128.4875, 35.3875 ], [ 128.4375, 35.3875 ], [ 128.4375, 35.3375 ], [ 128.4875, 35.3375 ] ] ] } },
{ "type": "Feature", "properties": { "grad_nT_km": 18.4, "tier": "moderate", "score": 6.5 }, "geometry": { "type": "Polygon", "coordinates": [ [ [ 128.5375, 35.3375 ], [ 128.5375, 35.3875 ], [ 128.4875, 35.3875 ], [ 128.4875, 35.3375 ], [ 128.5375, 35.3375 ] ] ] } },
{ "type": "Feature", "properties": { "grad_nT_km": 35.0, "tier": "moderate", "score": 3.8 }, "geometry": { "type": "Polygon", "coordinates": [ [ [ 128.5875, 35.3375 ], [ 128.5875, 35.3875 ], [ 128.5375, 35.3875 ], [ 128.5375, 35.3375 ], [ 128.5875, 35.3375 ] ] ] } },
{ "type": "Feature", "properties": { "grad_nT_km": 23.3, "tier": "moderate", "score": 5.5 }, "geometry": { "type": "Polygon", "coordinates": [ [ [ 128.6875, 35.3375 ], [ 128.6875, 35.3875 ], [ 128.6375, 35.3875 ], [ 128.6375, 35.3375 ], [ 128.6875, 35.3375 ] ] ] } },
{ "type": "Feature", "properties": { "grad_nT_km": 22.9, "tier": "moderate", "score": 5.5 }, "geometry": { "type": "Polygon", "coordinates": [ [ [ 128.7375, 35.3375 ], [ 128.7375, 35.3875 ], [ 128.6875, 35.3875 ], [ 128.6875, 35.3375 ], [ 128.7375, 35.3375 ] ] ] } },
{ "type": "Feature", "properties": { "grad_nT_km": 34.3, "tier": "moderate", "score": 3.9 }, "geometry": { "type": "Polygon", "coordinates": [ [ [ 128.7875, 35.3375 ], [ 128.7875, 35.3875 ], [ 128.7375, 35.3875 ], [ 128.7375, 35.3375 ], [ 128.7875, 35.3375 ] ] ] } },
{ "type": "Feature", "properties": { "grad_nT_km": 31.3, "tier": "moderate", "score": 4.2 }, "geometry": { "type": "Polygon", "coordinates": [ [ [ 128.9875, 35.3375 ], [ 128.9875, 35.3875 ], [ 128.9375, 35.3875 ], [ 128.9375, 35.3375 ], [ 128.9875, 35.3375 ] ] ] } },
{ "type": "Feature", "properties": { "grad_nT_km": 25.8, "tier": "moderate", "score": 5.0 }, "geometry": { "type": "Polygon", "coordinates": [ [ [ 129.1875, 35.3375 ], [ 129.1875, 35.3875 ], [ 129.1375, 35.3875 ], [ 129.1375, 35.3375 ], [ 129.1875, 35.3375 ] ] ] } },
{ "type": "Feature", "properties": { "grad_nT_km": 24.4, "tier": "moderate", "score": 5.3 }, "geometry": { "type": "Polygon", "coordinates": [ [ [ 129.2375, 35.3375 ], [ 129.2375, 35.3875 ], [ 129.1875, 35.3875 ], [ 129.1875, 35.3375 ], [ 129.2375, 35.3375 ] ] ] } },
{ "type": "Feature", "properties": { "grad_nT_km": 38.1, "tier": "moderate", "score": 3.5 }, "geometry": { "type": "Polygon", "coordinates": [ [ [ 129.3375, 35.3375 ], [ 129.3375, 35.3875 ], [ 129.2875, 35.3875 ], [ 129.2875, 35.3375 ], [ 129.3375, 35.3375 ] ] ] } },
{ "type": "Feature", "properties": { "grad_nT_km": 28.4, "tier": "moderate", "score": 4.6 }, "geometry": { "type": "Polygon", "coordinates": [ [ [ 129.4375, 35.3375 ], [ 129.4375, 35.3875 ], [ 129.3875, 35.3875 ], [ 129.3875, 35.3375 ], [ 129.4375, 35.3375 ] ] ] } },
{ "type": "Feature", "properties": { "grad_nT_km": 18.0, "tier": "moderate", "score": 6.6 }, "geometry": { "type": "Polygon", "coordinates": [ [ [ 126.2875, 35.3875 ], [ 126.2875, 35.4375 ], [ 126.2375, 35.4375 ], [ 126.2375, 35.3875 ], [ 126.2875, 35.3875 ] ] ] } },
{ "type": "Feature", "properties": { "grad_nT_km": 19.6, "tier": "moderate", "score": 6.2 }, "geometry": { "type": "Polygon", "coordinates": [ [ [ 126.3375, 35.3875 ], [ 126.3375, 35.4375 ], [ 126.2875, 35.4375 ], [ 126.2875, 35.3875 ], [ 126.3375, 35.3875 ] ] ] } },
{ "type": "Feature", "properties": { "grad_nT_km": 23.5, "tier": "moderate", "score": 5.4 }, "geometry": { "type": "Polygon", "coordinates": [ [ [ 126.3875, 35.3875 ], [ 126.3875, 35.4375 ], [ 126.3375, 35.4375 ], [ 126.3375, 35.3875 ], [ 126.3875, 35.3875 ] ] ] } },
{ "type": "Feature", "properties": { "grad_nT_km": 27.4, "tier": "moderate", "score": 4.8 }, "geometry": { "type": "Polygon", "coordinates": [ [ [ 126.4875, 35.3875 ], [ 126.4875, 35.4375 ], [ 126.4375, 35.4375 ], [ 126.4375, 35.3875 ], [ 126.4875, 35.3875 ] ] ] } },
{ "type": "Feature", "properties": { "grad_nT_km": 20.1, "tier": "moderate", "score": 6.1 }, "geometry": { "type": "Polygon", "coordinates": [ [ [ 126.5375, 35.3875 ], [ 126.5375, 35.4375 ], [ 126.4875, 35.4375 ], [ 126.4875, 35.3875 ], [ 126.5375, 35.3875 ] ] ] } },
{ "type": "Feature", "properties": { "grad_nT_km": 24.0, "tier": "moderate", "score": 5.3 }, "geometry": { "type": "Polygon", "coordinates": [ [ [ 126.5875, 35.3875 ], [ 126.5875, 35.4375 ], [ 126.5375, 35.4375 ], [ 126.5375, 35.3875 ], [ 126.5875, 35.3875 ] ] ] } },
{ "type": "Feature", "properties": { "grad_nT_km": 25.3, "tier": "moderate", "score": 5.1 }, "geometry": { "type": "Polygon", "coordinates": [ [ [ 126.7375, 35.3875 ], [ 126.7375, 35.4375 ], [ 126.6875, 35.4375 ], [ 126.6875, 35.3875 ], [ 126.7375, 35.3875 ] ] ] } },
{ "type": "Feature", "properties": { "grad_nT_km": 29.2, "tier": "moderate", "score": 4.5 }, "geometry": { "type": "Polygon", "coordinates": [ [ [ 126.8875, 35.3875 ], [ 126.8875, 35.4375 ], [ 126.8375, 35.4375 ], [ 126.8375, 35.3875 ], [ 126.8875, 35.3875 ] ] ] } },
{ "type": "Feature", "properties": { "grad_nT_km": 29.4, "tier": "moderate", "score": 4.5 }, "geometry": { "type": "Polygon", "coordinates": [ [ [ 127.1375, 35.3875 ], [ 127.1375, 35.4375 ], [ 127.0875, 35.4375 ], [ 127.0875, 35.3875 ], [ 127.1375, 35.3875 ] ] ] } },
{ "type": "Feature", "properties": { "grad_nT_km": 28.2, "tier": "moderate", "score": 4.7 }, "geometry": { "type": "Polygon", "coordinates": [ [ [ 127.2375, 35.3875 ], [ 127.2375, 35.4375 ], [ 127.1875, 35.4375 ], [ 127.1875, 35.3875 ], [ 127.2375, 35.3875 ] ] ] } },
{ "type": "Feature", "properties": { "grad_nT_km": 36.6, "tier": "moderate", "score": 3.6 }, "geometry": { "type": "Polygon", "coordinates": [ [ [ 127.2875, 35.3875 ], [ 127.2875, 35.4375 ], [ 127.2375, 35.4375 ], [ 127.2375, 35.3875 ], [ 127.2875, 35.3875 ] ] ] } },
{ "type": "Feature", "properties": { "grad_nT_km": 19.0, "tier": "moderate", "score": 6.3 }, "geometry": { "type": "Polygon", "coordinates": [ [ [ 127.3875, 35.3875 ], [ 127.3875, 35.4375 ], [ 127.3375, 35.4375 ], [ 127.3375, 35.3875 ], [ 127.3875, 35.3875 ] ] ] } },
{ "type": "Feature", "properties": { "grad_nT_km": 18.3, "tier": "moderate", "score": 6.5 }, "geometry": { "type": "Polygon", "coordinates": [ [ [ 127.5375, 35.3875 ], [ 127.5375, 35.4375 ], [ 127.4875, 35.4375 ], [ 127.4875, 35.3875 ], [ 127.5375, 35.3875 ] ] ] } },
{ "type": "Feature", "properties": { "grad_nT_km": 15.0, "tier": "moderate", "score": 7.3 }, "geometry": { "type": "Polygon", "coordinates": [ [ [ 127.5875, 35.3875 ], [ 127.5875, 35.4375 ], [ 127.5375, 35.4375 ], [ 127.5375, 35.3875 ], [ 127.5875, 35.3875 ] ] ] } },
{ "type": "Feature", "properties": { "grad_nT_km": 34.3, "tier": "moderate", "score": 3.9 }, "geometry": { "type": "Polygon", "coordinates": [ [ [ 127.6375, 35.3875 ], [ 127.6375, 35.4375 ], [ 127.5875, 35.4375 ], [ 127.5875, 35.3875 ], [ 127.6375, 35.3875 ] ] ] } },
{ "type": "Feature", "properties": { "grad_nT_km": 34.9, "tier": "moderate", "score": 3.8 }, "geometry": { "type": "Polygon", "coordinates": [ [ [ 128.0375, 35.3875 ], [ 128.0375, 35.4375 ], [ 127.9875, 35.4375 ], [ 127.9875, 35.3875 ], [ 128.0375, 35.3875 ] ] ] } },
{ "type": "Feature", "properties": { "grad_nT_km": 20.7, "tier": "moderate", "score": 6.0 }, "geometry": { "type": "Polygon", "coordinates": [ [ [ 128.0875, 35.3875 ], [ 128.0875, 35.4375 ], [ 128.0375, 35.4375 ], [ 128.0375, 35.3875 ], [ 128.0875, 35.3875 ] ] ] } },
{ "type": "Feature", "properties": { "grad_nT_km": 17.4, "tier": "moderate", "score": 6.7 }, "geometry": { "type": "Polygon", "coordinates": [ [ [ 128.1375, 35.3875 ], [ 128.1375, 35.4375 ], [ 128.0875, 35.4375 ], [ 128.0875, 35.3875 ], [ 128.1375, 35.3875 ] ] ] } },
{ "type": "Feature", "properties": { "grad_nT_km": 36.1, "tier": "moderate", "score": 3.7 }, "geometry": { "type": "Polygon", "coordinates": [ [ [ 128.2875, 35.3875 ], [ 128.2875, 35.4375 ], [ 128.2375, 35.4375 ], [ 128.2375, 35.3875 ], [ 128.2875, 35.3875 ] ] ] } },
{ "type": "Feature", "properties": { "grad_nT_km": 15.3, "tier": "moderate", "score": 7.3 }, "geometry": { "type": "Polygon", "coordinates": [ [ [ 128.3375, 35.3875 ], [ 128.3375, 35.4375 ], [ 128.2875, 35.4375 ], [ 128.2875, 35.3875 ], [ 128.3375, 35.3875 ] ] ] } },
{ "type": "Feature", "properties": { "grad_nT_km": 32.1, "tier": "moderate", "score": 4.1 }, "geometry": { "type": "Polygon", "coordinates": [ [ [ 128.5875, 35.3875 ], [ 128.5875, 35.4375 ], [ 128.5375, 35.4375 ], [ 128.5375, 35.3875 ], [ 128.5875, 35.3875 ] ] ] } },
{ "type": "Feature", "properties": { "grad_nT_km": 36.9, "tier": "moderate", "score": 3.6 }, "geometry": { "type": "Polygon", "coordinates": [ [ [ 128.6375, 35.3875 ], [ 128.6375, 35.4375 ], [ 128.5875, 35.4375 ], [ 128.5875, 35.3875 ], [ 128.6375, 35.3875 ] ] ] } },
{ "type": "Feature", "properties": { "grad_nT_km": 30.3, "tier": "moderate", "score": 4.4 }, "geometry": { "type": "Polygon", "coordinates": [ [ [ 128.7875, 35.3875 ], [ 128.7875, 35.4375 ], [ 128.7375, 35.4375 ], [ 128.7375, 35.3875 ], [ 128.7875, 35.3875 ] ] ] } },
{ "type": "Feature", "properties": { "grad_nT_km": 34.8, "tier": "moderate", "score": 3.8 }, "geometry": { "type": "Polygon", "coordinates": [ [ [ 128.9875, 35.3875 ], [ 128.9875, 35.4375 ], [ 128.9375, 35.4375 ], [ 128.9375, 35.3875 ], [ 128.9875, 35.3875 ] ] ] } },
{ "type": "Feature", "properties": { "grad_nT_km": 36.5, "tier": "moderate", "score": 3.7 }, "geometry": { "type": "Polygon", "coordinates": [ [ [ 129.0375, 35.3875 ], [ 129.0375, 35.4375 ], [ 128.9875, 35.4375 ], [ 128.9875, 35.3875 ], [ 129.0375, 35.3875 ] ] ] } },
{ "type": "Feature", "properties": { "grad_nT_km": 36.8, "tier": "moderate", "score": 3.6 }, "geometry": { "type": "Polygon", "coordinates": [ [ [ 129.0875, 35.3875 ], [ 129.0875, 35.4375 ], [ 129.0375, 35.4375 ], [ 129.0375, 35.3875 ], [ 129.0875, 35.3875 ] ] ] } },
{ "type": "Feature", "properties": { "grad_nT_km": 30.4, "tier": "moderate", "score": 4.4 }, "geometry": { "type": "Polygon", "coordinates": [ [ [ 129.1875, 35.3875 ], [ 129.1875, 35.4375 ], [ 129.1375, 35.4375 ], [ 129.1375, 35.3875 ], [ 129.1875, 35.3875 ] ] ] } },
{ "type": "Feature", "properties": { "grad_nT_km": 27.7, "tier": "moderate", "score": 4.7 }, "geometry": { "type": "Polygon", "coordinates": [ [ [ 129.2875, 35.3875 ], [ 129.2875, 35.4375 ], [ 129.2375, 35.4375 ], [ 129.2375, 35.3875 ], [ 129.2875, 35.3875 ] ] ] } },
{ "type": "Feature", "properties": { "grad_nT_km": 24.3, "tier": "moderate", "score": 5.3 }, "geometry": { "type": "Polygon", "coordinates": [ [ [ 129.4375, 35.3875 ], [ 129.4375, 35.4375 ], [ 129.3875, 35.4375 ], [ 129.3875, 35.3875 ], [ 129.4375, 35.3875 ] ] ] } },
{ "type": "Feature", "properties": { "grad_nT_km": 23.6, "tier": "moderate", "score": 5.4 }, "geometry": { "type": "Polygon", "coordinates": [ [ [ 126.2875, 35.4375 ], [ 126.2875, 35.4875 ], [ 126.2375, 35.4875 ], [ 126.2375, 35.4375 ], [ 126.2875, 35.4375 ] ] ] } },
{ "type": "Feature", "properties": { "grad_nT_km": 21.9, "tier": "moderate", "score": 5.7 }, "geometry": { "type": "Polygon", "coordinates": [ [ [ 126.3875, 35.4375 ], [ 126.3875, 35.4875 ], [ 126.3375, 35.4875 ], [ 126.3375, 35.4375 ], [ 126.3875, 35.4375 ] ] ] } },
{ "type": "Feature", "properties": { "grad_nT_km": 28.1, "tier": "moderate", "score": 4.7 }, "geometry": { "type": "Polygon", "coordinates": [ [ [ 126.4375, 35.4375 ], [ 126.4375, 35.4875 ], [ 126.3875, 35.4875 ], [ 126.3875, 35.4375 ], [ 126.4375, 35.4375 ] ] ] } },
{ "type": "Feature", "properties": { "grad_nT_km": 17.4, "tier": "moderate", "score": 6.7 }, "geometry": { "type": "Polygon", "coordinates": [ [ [ 126.4875, 35.4375 ], [ 126.4875, 35.4875 ], [ 126.4375, 35.4875 ], [ 126.4375, 35.4375 ], [ 126.4875, 35.4375 ] ] ] } },
{ "type": "Feature", "properties": { "grad_nT_km": 29.2, "tier": "moderate", "score": 4.5 }, "geometry": { "type": "Polygon", "coordinates": [ [ [ 126.5375, 35.4375 ], [ 126.5375, 35.4875 ], [ 126.4875, 35.4875 ], [ 126.4875, 35.4375 ], [ 126.5375, 35.4375 ] ] ] } },
{ "type": "Feature", "properties": { "grad_nT_km": 37.6, "tier": "moderate", "score": 3.5 }, "geometry": { "type": "Polygon", "coordinates": [ [ [ 127.1375, 35.4375 ], [ 127.1375, 35.4875 ], [ 127.0875, 35.4875 ], [ 127.0875, 35.4375 ], [ 127.1375, 35.4375 ] ] ] } },
{ "type": "Feature", "properties": { "grad_nT_km": 33.0, "tier": "moderate", "score": 4.0 }, "geometry": { "type": "Polygon", "coordinates": [ [ [ 127.1875, 35.4375 ], [ 127.1875, 35.4875 ], [ 127.1375, 35.4875 ], [ 127.1375, 35.4375 ], [ 127.1875, 35.4375 ] ] ] } },
{ "type": "Feature", "properties": { "grad_nT_km": 19.8, "tier": "moderate", "score": 6.2 }, "geometry": { "type": "Polygon", "coordinates": [ [ [ 127.3875, 35.4375 ], [ 127.3875, 35.4875 ], [ 127.3375, 35.4875 ], [ 127.3375, 35.4375 ], [ 127.3875, 35.4375 ] ] ] } },
{ "type": "Feature", "properties": { "grad_nT_km": 15.8, "tier": "moderate", "score": 7.1 }, "geometry": { "type": "Polygon", "coordinates": [ [ [ 127.4375, 35.4375 ], [ 127.4375, 35.4875 ], [ 127.3875, 35.4875 ], [ 127.3875, 35.4375 ], [ 127.4375, 35.4375 ] ] ] } },
{ "type": "Feature", "properties": { "grad_nT_km": 25.6, "tier": "moderate", "score": 5.1 }, "geometry": { "type": "Polygon", "coordinates": [ [ [ 127.6375, 35.4375 ], [ 127.6375, 35.4875 ], [ 127.5875, 35.4875 ], [ 127.5875, 35.4375 ], [ 127.6375, 35.4375 ] ] ] } },
{ "type": "Feature", "properties": { "grad_nT_km": 26.1, "tier": "moderate", "score": 5.0 }, "geometry": { "type": "Polygon", "coordinates": [ [ [ 127.6875, 35.4375 ], [ 127.6875, 35.4875 ], [ 127.6375, 35.4875 ], [ 127.6375, 35.4375 ], [ 127.6875, 35.4375 ] ] ] } },
{ "type": "Feature", "properties": { "grad_nT_km": 36.6, "tier": "moderate", "score": 3.6 }, "geometry": { "type": "Polygon", "coordinates": [ [ [ 127.7375, 35.4375 ], [ 127.7375, 35.4875 ], [ 127.6875, 35.4875 ], [ 127.6875, 35.4375 ], [ 127.7375, 35.4375 ] ] ] } },
{ "type": "Feature", "properties": { "grad_nT_km": 24.7, "tier": "moderate", "score": 5.2 }, "geometry": { "type": "Polygon", "coordinates": [ [ [ 127.7875, 35.4375 ], [ 127.7875, 35.4875 ], [ 127.7375, 35.4875 ], [ 127.7375, 35.4375 ], [ 127.7875, 35.4375 ] ] ] } },
{ "type": "Feature", "properties": { "grad_nT_km": 30.6, "tier": "moderate", "score": 4.3 }, "geometry": { "type": "Polygon", "coordinates": [ [ [ 127.8375, 35.4375 ], [ 127.8375, 35.4875 ], [ 127.7875, 35.4875 ], [ 127.7875, 35.4375 ], [ 127.8375, 35.4375 ] ] ] } },
{ "type": "Feature", "properties": { "grad_nT_km": 32.3, "tier": "moderate", "score": 4.1 }, "geometry": { "type": "Polygon", "coordinates": [ [ [ 127.8875, 35.4375 ], [ 127.8875, 35.4875 ], [ 127.8375, 35.4875 ], [ 127.8375, 35.4375 ], [ 127.8875, 35.4375 ] ] ] } },
{ "type": "Feature", "properties": { "grad_nT_km": 25.0, "tier": "moderate", "score": 5.2 }, "geometry": { "type": "Polygon", "coordinates": [ [ [ 128.1875, 35.4375 ], [ 128.1875, 35.4875 ], [ 128.1375, 35.4875 ], [ 128.1375, 35.4375 ], [ 128.1875, 35.4375 ] ] ] } },
{ "type": "Feature", "properties": { "grad_nT_km": 34.8, "tier": "moderate", "score": 3.8 }, "geometry": { "type": "Polygon", "coordinates": [ [ [ 128.2375, 35.4375 ], [ 128.2375, 35.4875 ], [ 128.1875, 35.4875 ], [ 128.1875, 35.4375 ], [ 128.2375, 35.4375 ] ] ] } },
{ "type": "Feature", "properties": { "grad_nT_km": 34.6, "tier": "moderate", "score": 3.9 }, "geometry": { "type": "Polygon", "coordinates": [ [ [ 128.5375, 35.4375 ], [ 128.5375, 35.4875 ], [ 128.4875, 35.4875 ], [ 128.4875, 35.4375 ], [ 128.5375, 35.4375 ] ] ] } },
{ "type": "Feature", "properties": { "grad_nT_km": 24.8, "tier": "moderate", "score": 5.2 }, "geometry": { "type": "Polygon", "coordinates": [ [ [ 128.5875, 35.4375 ], [ 128.5875, 35.4875 ], [ 128.5375, 35.4875 ], [ 128.5375, 35.4375 ], [ 128.5875, 35.4375 ] ] ] } },
{ "type": "Feature", "properties": { "grad_nT_km": 30.4, "tier": "moderate", "score": 4.4 }, "geometry": { "type": "Polygon", "coordinates": [ [ [ 128.6375, 35.4375 ], [ 128.6375, 35.4875 ], [ 128.5875, 35.4875 ], [ 128.5875, 35.4375 ], [ 128.6375, 35.4375 ] ] ] } },
{ "type": "Feature", "properties": { "grad_nT_km": 35.8, "tier": "moderate", "score": 3.7 }, "geometry": { "type": "Polygon", "coordinates": [ [ [ 129.0375, 35.4375 ], [ 129.0375, 35.4875 ], [ 128.9875, 35.4875 ], [ 128.9875, 35.4375 ], [ 129.0375, 35.4375 ] ] ] } },
{ "type": "Feature", "properties": { "grad_nT_km": 37.1, "tier": "moderate", "score": 3.6 }, "geometry": { "type": "Polygon", "coordinates": [ [ [ 129.1375, 35.4375 ], [ 129.1375, 35.4875 ], [ 129.0875, 35.4875 ], [ 129.0875, 35.4375 ], [ 129.1375, 35.4375 ] ] ] } },
{ "type": "Feature", "properties": { "grad_nT_km": 35.9, "tier": "moderate", "score": 3.7 }, "geometry": { "type": "Polygon", "coordinates": [ [ [ 129.1875, 35.4375 ], [ 129.1875, 35.4875 ], [ 129.1375, 35.4875 ], [ 129.1375, 35.4375 ], [ 129.1875, 35.4375 ] ] ] } },
{ "type": "Feature", "properties": { "grad_nT_km": 31.6, "tier": "moderate", "score": 4.2 }, "geometry": { "type": "Polygon", "coordinates": [ [ [ 129.2375, 35.4375 ], [ 129.2375, 35.4875 ], [ 129.1875, 35.4875 ], [ 129.1875, 35.4375 ], [ 129.2375, 35.4375 ] ] ] } },
{ "type": "Feature", "properties": { "grad_nT_km": 29.9, "tier": "moderate", "score": 4.4 }, "geometry": { "type": "Polygon", "coordinates": [ [ [ 129.2875, 35.4375 ], [ 129.2875, 35.4875 ], [ 129.2375, 35.4875 ], [ 129.2375, 35.4375 ], [ 129.2875, 35.4375 ] ] ] } },
{ "type": "Feature", "properties": { "grad_nT_km": 20.6, "tier": "moderate", "score": 6.0 }, "geometry": { "type": "Polygon", "coordinates": [ [ [ 129.4875, 35.4375 ], [ 129.4875, 35.4875 ], [ 129.4375, 35.4875 ], [ 129.4375, 35.4375 ], [ 129.4875, 35.4375 ] ] ] } },
{ "type": "Feature", "properties": { "grad_nT_km": 33.5, "tier": "moderate", "score": 4.0 }, "geometry": { "type": "Polygon", "coordinates": [ [ [ 126.2875, 35.4875 ], [ 126.2875, 35.5375 ], [ 126.2375, 35.5375 ], [ 126.2375, 35.4875 ], [ 126.2875, 35.4875 ] ] ] } },
{ "type": "Feature", "properties": { "grad_nT_km": 24.9, "tier": "moderate", "score": 5.2 }, "geometry": { "type": "Polygon", "coordinates": [ [ [ 126.3375, 35.4875 ], [ 126.3375, 35.5375 ], [ 126.2875, 35.5375 ], [ 126.2875, 35.4875 ], [ 126.3375, 35.4875 ] ] ] } },
{ "type": "Feature", "properties": { "grad_nT_km": 17.2, "tier": "moderate", "score": 6.8 }, "geometry": { "type": "Polygon", "coordinates": [ [ [ 126.3875, 35.4875 ], [ 126.3875, 35.5375 ], [ 126.3375, 35.5375 ], [ 126.3375, 35.4875 ], [ 126.3875, 35.4875 ] ] ] } },
{ "type": "Feature", "properties": { "grad_nT_km": 37.1, "tier": "moderate", "score": 3.6 }, "geometry": { "type": "Polygon", "coordinates": [ [ [ 126.4375, 35.4875 ], [ 126.4375, 35.5375 ], [ 126.3875, 35.5375 ], [ 126.3875, 35.4875 ], [ 126.4375, 35.4875 ] ] ] } },
{ "type": "Feature", "properties": { "grad_nT_km": 38.4, "tier": "moderate", "score": 3.5 }, "geometry": { "type": "Polygon", "coordinates": [ [ [ 126.4875, 35.4875 ], [ 126.4875, 35.5375 ], [ 126.4375, 35.5375 ], [ 126.4375, 35.4875 ], [ 126.4875, 35.4875 ] ] ] } },
{ "type": "Feature", "properties": { "grad_nT_km": 38.1, "tier": "moderate", "score": 3.5 }, "geometry": { "type": "Polygon", "coordinates": [ [ [ 126.5375, 35.4875 ], [ 126.5375, 35.5375 ], [ 126.4875, 35.5375 ], [ 126.4875, 35.4875 ], [ 126.5375, 35.4875 ] ] ] } },
{ "type": "Feature", "properties": { "grad_nT_km": 39.9, "tier": "moderate", "score": 3.3 }, "geometry": { "type": "Polygon", "coordinates": [ [ [ 126.6875, 35.4875 ], [ 126.6875, 35.5375 ], [ 126.6375, 35.5375 ], [ 126.6375, 35.4875 ], [ 126.6875, 35.4875 ] ] ] } },
{ "type": "Feature", "properties": { "grad_nT_km": 33.3, "tier": "moderate", "score": 4.0 }, "geometry": { "type": "Polygon", "coordinates": [ [ [ 126.7875, 35.4875 ], [ 126.7875, 35.5375 ], [ 126.7375, 35.5375 ], [ 126.7375, 35.4875 ], [ 126.7875, 35.4875 ] ] ] } },
{ "type": "Feature", "properties": { "grad_nT_km": 27.9, "tier": "moderate", "score": 4.7 }, "geometry": { "type": "Polygon", "coordinates": [ [ [ 126.9875, 35.4875 ], [ 126.9875, 35.5375 ], [ 126.9375, 35.5375 ], [ 126.9375, 35.4875 ], [ 126.9875, 35.4875 ] ] ] } },
{ "type": "Feature", "properties": { "grad_nT_km": 35.7, "tier": "moderate", "score": 3.7 }, "geometry": { "type": "Polygon", "coordinates": [ [ [ 127.5875, 35.4875 ], [ 127.5875, 35.5375 ], [ 127.5375, 35.5375 ], [ 127.5375, 35.4875 ], [ 127.5875, 35.4875 ] ] ] } },
{ "type": "Feature", "properties": { "grad_nT_km": 27.1, "tier": "moderate", "score": 4.8 }, "geometry": { "type": "Polygon", "coordinates": [ [ [ 127.6375, 35.4875 ], [ 127.6375, 35.5375 ], [ 127.5875, 35.5375 ], [ 127.5875, 35.4875 ], [ 127.6375, 35.4875 ] ] ] } },
{ "type": "Feature", "properties": { "grad_nT_km": 21.4, "tier": "moderate", "score": 5.8 }, "geometry": { "type": "Polygon", "coordinates": [ [ [ 127.6875, 35.4875 ], [ 127.6875, 35.5375 ], [ 127.6375, 35.5375 ], [ 127.6375, 35.4875 ], [ 127.6875, 35.4875 ] ] ] } },
{ "type": "Feature", "properties": { "grad_nT_km": 16.1, "tier": "moderate", "score": 7.1 }, "geometry": { "type": "Polygon", "coordinates": [ [ [ 127.7375, 35.4875 ], [ 127.7375, 35.5375 ], [ 127.6875, 35.5375 ], [ 127.6875, 35.4875 ], [ 127.7375, 35.4875 ] ] ] } },
{ "type": "Feature", "properties": { "grad_nT_km": 36.7, "tier": "moderate", "score": 3.6 }, "geometry": { "type": "Polygon", "coordinates": [ [ [ 127.7875, 35.4875 ], [ 127.7875, 35.5375 ], [ 127.7375, 35.5375 ], [ 127.7375, 35.4875 ], [ 127.7875, 35.4875 ] ] ] } },
{ "type": "Feature", "properties": { "grad_nT_km": 24.1, "tier": "moderate", "score": 5.3 }, "geometry": { "type": "Polygon", "coordinates": [ [ [ 127.8875, 35.4875 ], [ 127.8875, 35.5375 ], [ 127.8375, 35.5375 ], [ 127.8375, 35.4875 ], [ 127.8875, 35.4875 ] ] ] } },
{ "type": "Feature", "properties": { "grad_nT_km": 19.6, "tier": "moderate", "score": 6.2 }, "geometry": { "type": "Polygon", "coordinates": [ [ [ 127.9375, 35.4875 ], [ 127.9375, 35.5375 ], [ 127.8875, 35.5375 ], [ 127.8875, 35.4875 ], [ 127.9375, 35.4875 ] ] ] } },
{ "type": "Feature", "properties": { "grad_nT_km": 21.4, "tier": "moderate", "score": 5.8 }, "geometry": { "type": "Polygon", "coordinates": [ [ [ 128.2375, 35.4875 ], [ 128.2375, 35.5375 ], [ 128.1875, 35.5375 ], [ 128.1875, 35.4875 ], [ 128.2375, 35.4875 ] ] ] } },
{ "type": "Feature", "properties": { "grad_nT_km": 25.1, "tier": "moderate", "score": 5.1 }, "geometry": { "type": "Polygon", "coordinates": [ [ [ 128.2875, 35.4875 ], [ 128.2875, 35.5375 ], [ 128.2375, 35.5375 ], [ 128.2375, 35.4875 ], [ 128.2875, 35.4875 ] ] ] } },
{ "type": "Feature", "properties": { "grad_nT_km": 38.6, "tier": "moderate", "score": 3.4 }, "geometry": { "type": "Polygon", "coordinates": [ [ [ 128.5375, 35.4875 ], [ 128.5375, 35.5375 ], [ 128.4875, 35.5375 ], [ 128.4875, 35.4875 ], [ 128.5375, 35.4875 ] ] ] } },
{ "type": "Feature", "properties": { "grad_nT_km": 18.3, "tier": "moderate", "score": 6.5 }, "geometry": { "type": "Polygon", "coordinates": [ [ [ 128.5875, 35.4875 ], [ 128.5875, 35.5375 ], [ 128.5375, 35.5375 ], [ 128.5375, 35.4875 ], [ 128.5875, 35.4875 ] ] ] } },
{ "type": "Feature", "properties": { "grad_nT_km": 38.2, "tier": "moderate", "score": 3.5 }, "geometry": { "type": "Polygon", "coordinates": [ [ [ 128.6375, 35.4875 ], [ 128.6375, 35.5375 ], [ 128.5875, 35.5375 ], [ 128.5875, 35.4875 ], [ 128.6375, 35.4875 ] ] ] } },
{ "type": "Feature", "properties": { "grad_nT_km": 29.4, "tier": "moderate", "score": 4.5 }, "geometry": { "type": "Polygon", "coordinates": [ [ [ 128.7375, 35.4875 ], [ 128.7375, 35.5375 ], [ 128.6875, 35.5375 ], [ 128.6875, 35.4875 ], [ 128.7375, 35.4875 ] ] ] } },
{ "type": "Feature", "properties": { "grad_nT_km": 25.6, "tier": "moderate", "score": 5.1 }, "geometry": { "type": "Polygon", "coordinates": [ [ [ 128.9375, 35.4875 ], [ 128.9375, 35.5375 ], [ 128.8875, 35.5375 ], [ 128.8875, 35.4875 ], [ 128.9375, 35.4875 ] ] ] } },
{ "type": "Feature", "properties": { "grad_nT_km": 33.3, "tier": "moderate", "score": 4.0 }, "geometry": { "type": "Polygon", "coordinates": [ [ [ 128.9875, 35.4875 ], [ 128.9875, 35.5375 ], [ 128.9375, 35.5375 ], [ 128.9375, 35.4875 ], [ 128.9875, 35.4875 ] ] ] } },
{ "type": "Feature", "properties": { "grad_nT_km": 29.1, "tier": "moderate", "score": 4.5 }, "geometry": { "type": "Polygon", "coordinates": [ [ [ 129.0875, 35.4875 ], [ 129.0875, 35.5375 ], [ 129.0375, 35.5375 ], [ 129.0375, 35.4875 ], [ 129.0875, 35.4875 ] ] ] } },
{ "type": "Feature", "properties": { "grad_nT_km": 37.0, "tier": "moderate", "score": 3.6 }, "geometry": { "type": "Polygon", "coordinates": [ [ [ 129.2375, 35.4875 ], [ 129.2375, 35.5375 ], [ 129.1875, 35.5375 ], [ 129.1875, 35.4875 ], [ 129.2375, 35.4875 ] ] ] } },
{ "type": "Feature", "properties": { "grad_nT_km": 35.2, "tier": "moderate", "score": 3.8 }, "geometry": { "type": "Polygon", "coordinates": [ [ [ 129.3875, 35.4875 ], [ 129.3875, 35.5375 ], [ 129.3375, 35.5375 ], [ 129.3375, 35.4875 ], [ 129.3875, 35.4875 ] ] ] } },
{ "type": "Feature", "properties": { "grad_nT_km": 25.0, "tier": "moderate", "score": 5.2 }, "geometry": { "type": "Polygon", "coordinates": [ [ [ 129.4375, 35.4875 ], [ 129.4375, 35.5375 ], [ 129.3875, 35.5375 ], [ 129.3875, 35.4875 ], [ 129.4375, 35.4875 ] ] ] } },
{ "type": "Feature", "properties": { "grad_nT_km": 16.7, "tier": "moderate", "score": 6.9 }, "geometry": { "type": "Polygon", "coordinates": [ [ [ 129.4875, 35.4875 ], [ 129.4875, 35.5375 ], [ 129.4375, 35.5375 ], [ 129.4375, 35.4875 ], [ 129.4875, 35.4875 ] ] ] } },
{ "type": "Feature", "properties": { "grad_nT_km": 31.9, "tier": "moderate", "score": 4.2 }, "geometry": { "type": "Polygon", "coordinates": [ [ [ 126.3375, 35.5375 ], [ 126.3375, 35.5875 ], [ 126.2875, 35.5875 ], [ 126.2875, 35.5375 ], [ 126.3375, 35.5375 ] ] ] } },
{ "type": "Feature", "properties": { "grad_nT_km": 19.3, "tier": "moderate", "score": 6.3 }, "geometry": { "type": "Polygon", "coordinates": [ [ [ 126.3875, 35.5375 ], [ 126.3875, 35.5875 ], [ 126.3375, 35.5875 ], [ 126.3375, 35.5375 ], [ 126.3875, 35.5375 ] ] ] } },
{ "type": "Feature", "properties": { "grad_nT_km": 17.0, "tier": "moderate", "score": 6.8 }, "geometry": { "type": "Polygon", "coordinates": [ [ [ 126.4375, 35.5375 ], [ 126.4375, 35.5875 ], [ 126.3875, 35.5875 ], [ 126.3875, 35.5375 ], [ 126.4375, 35.5375 ] ] ] } },
{ "type": "Feature", "properties": { "grad_nT_km": 29.6, "tier": "moderate", "score": 4.5 }, "geometry": { "type": "Polygon", "coordinates": [ [ [ 126.6875, 35.5375 ], [ 126.6875, 35.5875 ], [ 126.6375, 35.5875 ], [ 126.6375, 35.5375 ], [ 126.6875, 35.5375 ] ] ] } },
{ "type": "Feature", "properties": { "grad_nT_km": 29.7, "tier": "moderate", "score": 4.4 }, "geometry": { "type": "Polygon", "coordinates": [ [ [ 126.7375, 35.5375 ], [ 126.7375, 35.5875 ], [ 126.6875, 35.5875 ], [ 126.6875, 35.5375 ], [ 126.7375, 35.5375 ] ] ] } },
{ "type": "Feature", "properties": { "grad_nT_km": 20.8, "tier": "moderate", "score": 5.9 }, "geometry": { "type": "Polygon", "coordinates": [ [ [ 126.7875, 35.5375 ], [ 126.7875, 35.5875 ], [ 126.7375, 35.5875 ], [ 126.7375, 35.5375 ], [ 126.7875, 35.5375 ] ] ] } },
{ "type": "Feature", "properties": { "grad_nT_km": 30.7, "tier": "moderate", "score": 4.3 }, "geometry": { "type": "Polygon", "coordinates": [ [ [ 126.8375, 35.5375 ], [ 126.8375, 35.5875 ], [ 126.7875, 35.5875 ], [ 126.7875, 35.5375 ], [ 126.8375, 35.5375 ] ] ] } },
{ "type": "Feature", "properties": { "grad_nT_km": 34.2, "tier": "moderate", "score": 3.9 }, "geometry": { "type": "Polygon", "coordinates": [ [ [ 126.8875, 35.5375 ], [ 126.8875, 35.5875 ], [ 126.8375, 35.5875 ], [ 126.8375, 35.5375 ], [ 126.8875, 35.5375 ] ] ] } },
{ "type": "Feature", "properties": { "grad_nT_km": 28.7, "tier": "moderate", "score": 4.6 }, "geometry": { "type": "Polygon", "coordinates": [ [ [ 126.9375, 35.5375 ], [ 126.9375, 35.5875 ], [ 126.8875, 35.5875 ], [ 126.8875, 35.5375 ], [ 126.9375, 35.5375 ] ] ] } },
{ "type": "Feature", "properties": { "grad_nT_km": 34.8, "tier": "moderate", "score": 3.8 }, "geometry": { "type": "Polygon", "coordinates": [ [ [ 126.9875, 35.5375 ], [ 126.9875, 35.5875 ], [ 126.9375, 35.5875 ], [ 126.9375, 35.5375 ], [ 126.9875, 35.5375 ] ] ] } },
{ "type": "Feature", "properties": { "grad_nT_km": 15.5, "tier": "moderate", "score": 7.2 }, "geometry": { "type": "Polygon", "coordinates": [ [ [ 127.1875, 35.5375 ], [ 127.1875, 35.5875 ], [ 127.1375, 35.5875 ], [ 127.1375, 35.5375 ], [ 127.1875, 35.5375 ] ] ] } },
{ "type": "Feature", "properties": { "grad_nT_km": 20.3, "tier": "moderate", "score": 6.1 }, "geometry": { "type": "Polygon", "coordinates": [ [ [ 127.4375, 35.5375 ], [ 127.4375, 35.5875 ], [ 127.3875, 35.5875 ], [ 127.3875, 35.5375 ], [ 127.4375, 35.5375 ] ] ] } },
{ "type": "Feature", "properties": { "grad_nT_km": 17.6, "tier": "moderate", "score": 6.7 }, "geometry": { "type": "Polygon", "coordinates": [ [ [ 127.4875, 35.5375 ], [ 127.4875, 35.5875 ], [ 127.4375, 35.5875 ], [ 127.4375, 35.5375 ], [ 127.4875, 35.5375 ] ] ] } },
{ "type": "Feature", "properties": { "grad_nT_km": 28.7, "tier": "moderate", "score": 4.6 }, "geometry": { "type": "Polygon", "coordinates": [ [ [ 127.5875, 35.5375 ], [ 127.5875, 35.5875 ], [ 127.5375, 35.5875 ], [ 127.5375, 35.5375 ], [ 127.5875, 35.5375 ] ] ] } },
{ "type": "Feature", "properties": { "grad_nT_km": 15.8, "tier": "moderate", "score": 7.1 }, "geometry": { "type": "Polygon", "coordinates": [ [ [ 127.6375, 35.5375 ], [ 127.6375, 35.5875 ], [ 127.5875, 35.5875 ], [ 127.5875, 35.5375 ], [ 127.6375, 35.5375 ] ] ] } },
{ "type": "Feature", "properties": { "grad_nT_km": 26.4, "tier": "moderate", "score": 4.9 }, "geometry": { "type": "Polygon", "coordinates": [ [ [ 127.8375, 35.5375 ], [ 127.8375, 35.5875 ], [ 127.7875, 35.5875 ], [ 127.7875, 35.5375 ], [ 127.8375, 35.5375 ] ] ] } },
{ "type": "Feature", "properties": { "grad_nT_km": 17.7, "tier": "moderate", "score": 6.6 }, "geometry": { "type": "Polygon", "coordinates": [ [ [ 127.8875, 35.5375 ], [ 127.8875, 35.5875 ], [ 127.8375, 35.5875 ], [ 127.8375, 35.5375 ], [ 127.8875, 35.5375 ] ] ] } },
{ "type": "Feature", "properties": { "grad_nT_km": 39.2, "tier": "moderate", "score": 3.4 }, "geometry": { "type": "Polygon", "coordinates": [ [ [ 127.9875, 35.5375 ], [ 127.9875, 35.5875 ], [ 127.9375, 35.5875 ], [ 127.9375, 35.5375 ], [ 127.9875, 35.5375 ] ] ] } },
{ "type": "Feature", "properties": { "grad_nT_km": 26.4, "tier": "moderate", "score": 4.9 }, "geometry": { "type": "Polygon", "coordinates": [ [ [ 128.1375, 35.5375 ], [ 128.1375, 35.5875 ], [ 128.0875, 35.5875 ], [ 128.0875, 35.5375 ], [ 128.1375, 35.5375 ] ] ] } },
{ "type": "Feature", "properties": { "grad_nT_km": 26.9, "tier": "moderate", "score": 4.9 }, "geometry": { "type": "Polygon", "coordinates": [ [ [ 128.1875, 35.5375 ], [ 128.1875, 35.5875 ], [ 128.1375, 35.5875 ], [ 128.1375, 35.5375 ], [ 128.1875, 35.5375 ] ] ] } },
{ "type": "Feature", "properties": { "grad_nT_km": 21.5, "tier": "moderate", "score": 5.8 }, "geometry": { "type": "Polygon", "coordinates": [ [ [ 128.2375, 35.5375 ], [ 128.2375, 35.5875 ], [ 128.1875, 35.5875 ], [ 128.1875, 35.5375 ], [ 128.2375, 35.5375 ] ] ] } },
{ "type": "Feature", "properties": { "grad_nT_km": 20.2, "tier": "moderate", "score": 6.1 }, "geometry": { "type": "Polygon", "coordinates": [ [ [ 128.2875, 35.5375 ], [ 128.2875, 35.5875 ], [ 128.2375, 35.5875 ], [ 128.2375, 35.5375 ], [ 128.2875, 35.5375 ] ] ] } },
{ "type": "Feature", "properties": { "grad_nT_km": 15.1, "tier": "moderate", "score": 7.3 }, "geometry": { "type": "Polygon", "coordinates": [ [ [ 128.3375, 35.5375 ], [ 128.3375, 35.5875 ], [ 128.2875, 35.5875 ], [ 128.2875, 35.5375 ], [ 128.3375, 35.5375 ] ] ] } },
{ "type": "Feature", "properties": { "grad_nT_km": 39.6, "tier": "moderate", "score": 3.4 }, "geometry": { "type": "Polygon", "coordinates": [ [ [ 128.5875, 35.5375 ], [ 128.5875, 35.5875 ], [ 128.5375, 35.5875 ], [ 128.5375, 35.5375 ], [ 128.5875, 35.5375 ] ] ] } },
{ "type": "Feature", "properties": { "grad_nT_km": 38.4, "tier": "moderate", "score": 3.5 }, "geometry": { "type": "Polygon", "coordinates": [ [ [ 128.7875, 35.5375 ], [ 128.7875, 35.5875 ], [ 128.7375, 35.5875 ], [ 128.7375, 35.5375 ], [ 128.7875, 35.5375 ] ] ] } },
{ "type": "Feature", "properties": { "grad_nT_km": 19.3, "tier": "moderate", "score": 6.3 }, "geometry": { "type": "Polygon", "coordinates": [ [ [ 128.8375, 35.5375 ], [ 128.8375, 35.5875 ], [ 128.7875, 35.5875 ], [ 128.7875, 35.5375 ], [ 128.8375, 35.5375 ] ] ] } },
{ "type": "Feature", "properties": { "grad_nT_km": 33.1, "tier": "moderate", "score": 4.0 }, "geometry": { "type": "Polygon", "coordinates": [ [ [ 128.9375, 35.5375 ], [ 128.9375, 35.5875 ], [ 128.8875, 35.5875 ], [ 128.8875, 35.5375 ], [ 128.9375, 35.5375 ] ] ] } },
{ "type": "Feature", "properties": { "grad_nT_km": 39.2, "tier": "moderate", "score": 3.4 }, "geometry": { "type": "Polygon", "coordinates": [ [ [ 129.0375, 35.5375 ], [ 129.0375, 35.5875 ], [ 128.9875, 35.5875 ], [ 128.9875, 35.5375 ], [ 129.0375, 35.5375 ] ] ] } },
{ "type": "Feature", "properties": { "grad_nT_km": 39.0, "tier": "moderate", "score": 3.4 }, "geometry": { "type": "Polygon", "coordinates": [ [ [ 129.1375, 35.5375 ], [ 129.1375, 35.5875 ], [ 129.0875, 35.5875 ], [ 129.0875, 35.5375 ], [ 129.1375, 35.5375 ] ] ] } },
{ "type": "Feature", "properties": { "grad_nT_km": 23.9, "tier": "moderate", "score": 5.4 }, "geometry": { "type": "Polygon", "coordinates": [ [ [ 129.1875, 35.5375 ], [ 129.1875, 35.5875 ], [ 129.1375, 35.5875 ], [ 129.1375, 35.5375 ], [ 129.1875, 35.5375 ] ] ] } },
{ "type": "Feature", "properties": { "grad_nT_km": 19.8, "tier": "moderate", "score": 6.2 }, "geometry": { "type": "Polygon", "coordinates": [ [ [ 129.2375, 35.5375 ], [ 129.2375, 35.5875 ], [ 129.1875, 35.5875 ], [ 129.1875, 35.5375 ], [ 129.2375, 35.5375 ] ] ] } },
{ "type": "Feature", "properties": { "grad_nT_km": 17.2, "tier": "moderate", "score": 6.8 }, "geometry": { "type": "Polygon", "coordinates": [ [ [ 129.2875, 35.5375 ], [ 129.2875, 35.5875 ], [ 129.2375, 35.5875 ], [ 129.2375, 35.5375 ], [ 129.2875, 35.5375 ] ] ] } },
{ "type": "Feature", "properties": { "grad_nT_km": 21.2, "tier": "moderate", "score": 5.9 }, "geometry": { "type": "Polygon", "coordinates": [ [ [ 129.3375, 35.5375 ], [ 129.3375, 35.5875 ], [ 129.2875, 35.5875 ], [ 129.2875, 35.5375 ], [ 129.3375, 35.5375 ] ] ] } },
{ "type": "Feature", "properties": { "grad_nT_km": 17.2, "tier": "moderate", "score": 6.8 }, "geometry": { "type": "Polygon", "coordinates": [ [ [ 129.3875, 35.5375 ], [ 129.3875, 35.5875 ], [ 129.3375, 35.5875 ], [ 129.3375, 35.5375 ], [ 129.3875, 35.5375 ] ] ] } },
{ "type": "Feature", "properties": { "grad_nT_km": 34.3, "tier": "moderate", "score": 3.9 }, "geometry": { "type": "Polygon", "coordinates": [ [ [ 129.4375, 35.5375 ], [ 129.4375, 35.5875 ], [ 129.3875, 35.5875 ], [ 129.3875, 35.5375 ], [ 129.4375, 35.5375 ] ] ] } },
{ "type": "Feature", "properties": { "grad_nT_km": 18.2, "tier": "moderate", "score": 6.5 }, "geometry": { "type": "Polygon", "coordinates": [ [ [ 126.3875, 35.5875 ], [ 126.3875, 35.6375 ], [ 126.3375, 35.6375 ], [ 126.3375, 35.5875 ], [ 126.3875, 35.5875 ] ] ] } },
{ "type": "Feature", "properties": { "grad_nT_km": 24.1, "tier": "moderate", "score": 5.3 }, "geometry": { "type": "Polygon", "coordinates": [ [ [ 126.5875, 35.5875 ], [ 126.5875, 35.6375 ], [ 126.5375, 35.6375 ], [ 126.5375, 35.5875 ], [ 126.5875, 35.5875 ] ] ] } },
{ "type": "Feature", "properties": { "grad_nT_km": 17.0, "tier": "moderate", "score": 6.8 }, "geometry": { "type": "Polygon", "coordinates": [ [ [ 126.6375, 35.5875 ], [ 126.6375, 35.6375 ], [ 126.5875, 35.6375 ], [ 126.5875, 35.5875 ], [ 126.6375, 35.5875 ] ] ] } },
{ "type": "Feature", "properties": { "grad_nT_km": 35.1, "tier": "moderate", "score": 3.8 }, "geometry": { "type": "Polygon", "coordinates": [ [ [ 126.6875, 35.5875 ], [ 126.6875, 35.6375 ], [ 126.6375, 35.6375 ], [ 126.6375, 35.5875 ], [ 126.6875, 35.5875 ] ] ] } },
{ "type": "Feature", "properties": { "grad_nT_km": 25.7, "tier": "moderate", "score": 5.0 }, "geometry": { "type": "Polygon", "coordinates": [ [ [ 126.7375, 35.5875 ], [ 126.7375, 35.6375 ], [ 126.6875, 35.6375 ], [ 126.6875, 35.5875 ], [ 126.7375, 35.5875 ] ] ] } },
{ "type": "Feature", "properties": { "grad_nT_km": 26.8, "tier": "moderate", "score": 4.9 }, "geometry": { "type": "Polygon", "coordinates": [ [ [ 126.7875, 35.5875 ], [ 126.7875, 35.6375 ], [ 126.7375, 35.6375 ], [ 126.7375, 35.5875 ], [ 126.7875, 35.5875 ] ] ] } },
{ "type": "Feature", "properties": { "grad_nT_km": 30.5, "tier": "moderate", "score": 4.3 }, "geometry": { "type": "Polygon", "coordinates": [ [ [ 126.8375, 35.5875 ], [ 126.8375, 35.6375 ], [ 126.7875, 35.6375 ], [ 126.7875, 35.5875 ], [ 126.8375, 35.5875 ] ] ] } },
{ "type": "Feature", "properties": { "grad_nT_km": 32.3, "tier": "moderate", "score": 4.1 }, "geometry": { "type": "Polygon", "coordinates": [ [ [ 126.8875, 35.5875 ], [ 126.8875, 35.6375 ], [ 126.8375, 35.6375 ], [ 126.8375, 35.5875 ], [ 126.8875, 35.5875 ] ] ] } },
{ "type": "Feature", "properties": { "grad_nT_km": 15.2, "tier": "moderate", "score": 7.3 }, "geometry": { "type": "Polygon", "coordinates": [ [ [ 126.9375, 35.5875 ], [ 126.9375, 35.6375 ], [ 126.8875, 35.6375 ], [ 126.8875, 35.5875 ], [ 126.9375, 35.5875 ] ] ] } },
{ "type": "Feature", "properties": { "grad_nT_km": 16.3, "tier": "moderate", "score": 7.0 }, "geometry": { "type": "Polygon", "coordinates": [ [ [ 127.0375, 35.5875 ], [ 127.0375, 35.6375 ], [ 126.9875, 35.6375 ], [ 126.9875, 35.5875 ], [ 127.0375, 35.5875 ] ] ] } },
{ "type": "Feature", "properties": { "grad_nT_km": 35.0, "tier": "moderate", "score": 3.8 }, "geometry": { "type": "Polygon", "coordinates": [ [ [ 127.0875, 35.5875 ], [ 127.0875, 35.6375 ], [ 127.0375, 35.6375 ], [ 127.0375, 35.5875 ], [ 127.0875, 35.5875 ] ] ] } },
{ "type": "Feature", "properties": { "grad_nT_km": 19.3, "tier": "moderate", "score": 6.3 }, "geometry": { "type": "Polygon", "coordinates": [ [ [ 127.1875, 35.5875 ], [ 127.1875, 35.6375 ], [ 127.1375, 35.6375 ], [ 127.1375, 35.5875 ], [ 127.1875, 35.5875 ] ] ] } },
{ "type": "Feature", "properties": { "grad_nT_km": 15.8, "tier": "moderate", "score": 7.1 }, "geometry": { "type": "Polygon", "coordinates": [ [ [ 127.5375, 35.5875 ], [ 127.5375, 35.6375 ], [ 127.4875, 35.6375 ], [ 127.4875, 35.5875 ], [ 127.5375, 35.5875 ] ] ] } },
{ "type": "Feature", "properties": { "grad_nT_km": 17.9, "tier": "moderate", "score": 6.6 }, "geometry": { "type": "Polygon", "coordinates": [ [ [ 127.7375, 35.5875 ], [ 127.7375, 35.6375 ], [ 127.6875, 35.6375 ], [ 127.6875, 35.5875 ], [ 127.7375, 35.5875 ] ] ] } },
{ "type": "Feature", "properties": { "grad_nT_km": 16.7, "tier": "moderate", "score": 6.9 }, "geometry": { "type": "Polygon", "coordinates": [ [ [ 127.7875, 35.5875 ], [ 127.7875, 35.6375 ], [ 127.7375, 35.6375 ], [ 127.7375, 35.5875 ], [ 127.7875, 35.5875 ] ] ] } },
{ "type": "Feature", "properties": { "grad_nT_km": 24.7, "tier": "moderate", "score": 5.2 }, "geometry": { "type": "Polygon", "coordinates": [ [ [ 127.8375, 35.5875 ], [ 127.8375, 35.6375 ], [ 127.7875, 35.6375 ], [ 127.7875, 35.5875 ], [ 127.8375, 35.5875 ] ] ] } },
{ "type": "Feature", "properties": { "grad_nT_km": 36.1, "tier": "moderate", "score": 3.7 }, "geometry": { "type": "Polygon", "coordinates": [ [ [ 127.9375, 35.5875 ], [ 127.9375, 35.6375 ], [ 127.8875, 35.6375 ], [ 127.8875, 35.5875 ], [ 127.9375, 35.5875 ] ] ] } },
{ "type": "Feature", "properties": { "grad_nT_km": 16.9, "tier": "moderate", "score": 6.8 }, "geometry": { "type": "Polygon", "coordinates": [ [ [ 128.2375, 35.5875 ], [ 128.2375, 35.6375 ], [ 128.1875, 35.6375 ], [ 128.1875, 35.5875 ], [ 128.2375, 35.5875 ] ] ] } },
{ "type": "Feature", "properties": { "grad_nT_km": 19.4, "tier": "moderate", "score": 6.3 }, "geometry": { "type": "Polygon", "coordinates": [ [ [ 128.3875, 35.5875 ], [ 128.3875, 35.6375 ], [ 128.3375, 35.6375 ], [ 128.3375, 35.5875 ], [ 128.3875, 35.5875 ] ] ] } },
{ "type": "Feature", "properties": { "grad_nT_km": 19.1, "tier": "moderate", "score": 6.3 }, "geometry": { "type": "Polygon", "coordinates": [ [ [ 128.4375, 35.5875 ], [ 128.4375, 35.6375 ], [ 128.3875, 35.6375 ], [ 128.3875, 35.5875 ], [ 128.4375, 35.5875 ] ] ] } },
{ "type": "Feature", "properties": { "grad_nT_km": 32.9, "tier": "moderate", "score": 4.0 }, "geometry": { "type": "Polygon", "coordinates": [ [ [ 128.4875, 35.5875 ], [ 128.4875, 35.6375 ], [ 128.4375, 35.6375 ], [ 128.4375, 35.5875 ], [ 128.4875, 35.5875 ] ] ] } },
{ "type": "Feature", "properties": { "grad_nT_km": 33.9, "tier": "moderate", "score": 3.9 }, "geometry": { "type": "Polygon", "coordinates": [ [ [ 128.6375, 35.5875 ], [ 128.6375, 35.6375 ], [ 128.5875, 35.6375 ], [ 128.5875, 35.5875 ], [ 128.6375, 35.5875 ] ] ] } },
{ "type": "Feature", "properties": { "grad_nT_km": 38.9, "tier": "moderate", "score": 3.4 }, "geometry": { "type": "Polygon", "coordinates": [ [ [ 128.8875, 35.5875 ], [ 128.8875, 35.6375 ], [ 128.8375, 35.6375 ], [ 128.8375, 35.5875 ], [ 128.8875, 35.5875 ] ] ] } },
{ "type": "Feature", "properties": { "grad_nT_km": 36.8, "tier": "moderate", "score": 3.6 }, "geometry": { "type": "Polygon", "coordinates": [ [ [ 129.0875, 35.5875 ], [ 129.0875, 35.6375 ], [ 129.0375, 35.6375 ], [ 129.0375, 35.5875 ], [ 129.0875, 35.5875 ] ] ] } },
{ "type": "Feature", "properties": { "grad_nT_km": 32.2, "tier": "moderate", "score": 4.1 }, "geometry": { "type": "Polygon", "coordinates": [ [ [ 129.1875, 35.5875 ], [ 129.1875, 35.6375 ], [ 129.1375, 35.6375 ], [ 129.1375, 35.5875 ], [ 129.1875, 35.5875 ] ] ] } },
{ "type": "Feature", "properties": { "grad_nT_km": 25.3, "tier": "moderate", "score": 5.1 }, "geometry": { "type": "Polygon", "coordinates": [ [ [ 129.2375, 35.5875 ], [ 129.2375, 35.6375 ], [ 129.1875, 35.6375 ], [ 129.1875, 35.5875 ], [ 129.2375, 35.5875 ] ] ] } },
{ "type": "Feature", "properties": { "grad_nT_km": 23.7, "tier": "moderate", "score": 5.4 }, "geometry": { "type": "Polygon", "coordinates": [ [ [ 129.2875, 35.5875 ], [ 129.2875, 35.6375 ], [ 129.2375, 35.6375 ], [ 129.2375, 35.5875 ], [ 129.2875, 35.5875 ] ] ] } },
{ "type": "Feature", "properties": { "grad_nT_km": 17.9, "tier": "moderate", "score": 6.6 }, "geometry": { "type": "Polygon", "coordinates": [ [ [ 129.3375, 35.5875 ], [ 129.3375, 35.6375 ], [ 129.2875, 35.6375 ], [ 129.2875, 35.5875 ], [ 129.3375, 35.5875 ] ] ] } },
{ "type": "Feature", "properties": { "grad_nT_km": 20.7, "tier": "moderate", "score": 6.0 }, "geometry": { "type": "Polygon", "coordinates": [ [ [ 129.3875, 35.5875 ], [ 129.3875, 35.6375 ], [ 129.3375, 35.6375 ], [ 129.3375, 35.5875 ], [ 129.3875, 35.5875 ] ] ] } },
{ "type": "Feature", "properties": { "grad_nT_km": 15.9, "tier": "moderate", "score": 7.1 }, "geometry": { "type": "Polygon", "coordinates": [ [ [ 126.2875, 35.6375 ], [ 126.2875, 35.6875 ], [ 126.2375, 35.6875 ], [ 126.2375, 35.6375 ], [ 126.2875, 35.6375 ] ] ] } },
{ "type": "Feature", "properties": { "grad_nT_km": 31.7, "tier": "moderate", "score": 4.2 }, "geometry": { "type": "Polygon", "coordinates": [ [ [ 126.4875, 35.6375 ], [ 126.4875, 35.6875 ], [ 126.4375, 35.6875 ], [ 126.4375, 35.6375 ], [ 126.4875, 35.6375 ] ] ] } },
{ "type": "Feature", "properties": { "grad_nT_km": 16.7, "tier": "moderate", "score": 6.9 }, "geometry": { "type": "Polygon", "coordinates": [ [ [ 126.5375, 35.6375 ], [ 126.5375, 35.6875 ], [ 126.4875, 35.6875 ], [ 126.4875, 35.6375 ], [ 126.5375, 35.6375 ] ] ] } },
{ "type": "Feature", "properties": { "grad_nT_km": 37.5, "tier": "moderate", "score": 3.6 }, "geometry": { "type": "Polygon", "coordinates": [ [ [ 126.6375, 35.6375 ], [ 126.6375, 35.6875 ], [ 126.5875, 35.6875 ], [ 126.5875, 35.6375 ], [ 126.6375, 35.6375 ] ] ] } },
{ "type": "Feature", "properties": { "grad_nT_km": 35.2, "tier": "moderate", "score": 3.8 }, "geometry": { "type": "Polygon", "coordinates": [ [ [ 126.6875, 35.6375 ], [ 126.6875, 35.6875 ], [ 126.6375, 35.6875 ], [ 126.6375, 35.6375 ], [ 126.6875, 35.6375 ] ] ] } },
{ "type": "Feature", "properties": { "grad_nT_km": 18.9, "tier": "moderate", "score": 6.4 }, "geometry": { "type": "Polygon", "coordinates": [ [ [ 126.7875, 35.6375 ], [ 126.7875, 35.6875 ], [ 126.7375, 35.6875 ], [ 126.7375, 35.6375 ], [ 126.7875, 35.6375 ] ] ] } },
{ "type": "Feature", "properties": { "grad_nT_km": 21.4, "tier": "moderate", "score": 5.8 }, "geometry": { "type": "Polygon", "coordinates": [ [ [ 126.8375, 35.6375 ], [ 126.8375, 35.6875 ], [ 126.7875, 35.6875 ], [ 126.7875, 35.6375 ], [ 126.8375, 35.6375 ] ] ] } },
{ "type": "Feature", "properties": { "grad_nT_km": 23.5, "tier": "moderate", "score": 5.4 }, "geometry": { "type": "Polygon", "coordinates": [ [ [ 126.8875, 35.6375 ], [ 126.8875, 35.6875 ], [ 126.8375, 35.6875 ], [ 126.8375, 35.6375 ], [ 126.8875, 35.6375 ] ] ] } },
{ "type": "Feature", "properties": { "grad_nT_km": 27.2, "tier": "moderate", "score": 4.8 }, "geometry": { "type": "Polygon", "coordinates": [ [ [ 127.3875, 35.6375 ], [ 127.3875, 35.6875 ], [ 127.3375, 35.6875 ], [ 127.3375, 35.6375 ], [ 127.3875, 35.6375 ] ] ] } },
{ "type": "Feature", "properties": { "grad_nT_km": 18.4, "tier": "moderate", "score": 6.5 }, "geometry": { "type": "Polygon", "coordinates": [ [ [ 127.4875, 35.6375 ], [ 127.4875, 35.6875 ], [ 127.4375, 35.6875 ], [ 127.4375, 35.6375 ], [ 127.4875, 35.6375 ] ] ] } },
{ "type": "Feature", "properties": { "grad_nT_km": 16.5, "tier": "moderate", "score": 6.9 }, "geometry": { "type": "Polygon", "coordinates": [ [ [ 127.5375, 35.6375 ], [ 127.5375, 35.6875 ], [ 127.4875, 35.6875 ], [ 127.4875, 35.6375 ], [ 127.5375, 35.6375 ] ] ] } },
{ "type": "Feature", "properties": { "grad_nT_km": 17.0, "tier": "moderate", "score": 6.8 }, "geometry": { "type": "Polygon", "coordinates": [ [ [ 127.7875, 35.6375 ], [ 127.7875, 35.6875 ], [ 127.7375, 35.6875 ], [ 127.7375, 35.6375 ], [ 127.7875, 35.6375 ] ] ] } },
{ "type": "Feature", "properties": { "grad_nT_km": 36.8, "tier": "moderate", "score": 3.6 }, "geometry": { "type": "Polygon", "coordinates": [ [ [ 127.8875, 35.6375 ], [ 127.8875, 35.6875 ], [ 127.8375, 35.6875 ], [ 127.8375, 35.6375 ], [ 127.8875, 35.6375 ] ] ] } },
{ "type": "Feature", "properties": { "grad_nT_km": 27.5, "tier": "moderate", "score": 4.8 }, "geometry": { "type": "Polygon", "coordinates": [ [ [ 127.9375, 35.6375 ], [ 127.9375, 35.6875 ], [ 127.8875, 35.6875 ], [ 127.8875, 35.6375 ], [ 127.9375, 35.6375 ] ] ] } },
{ "type": "Feature", "properties": { "grad_nT_km": 29.3, "tier": "moderate", "score": 4.5 }, "geometry": { "type": "Polygon", "coordinates": [ [ [ 127.9875, 35.6375 ], [ 127.9875, 35.6875 ], [ 127.9375, 35.6875 ], [ 127.9375, 35.6375 ], [ 127.9875, 35.6375 ] ] ] } },
{ "type": "Feature", "properties": { "grad_nT_km": 38.9, "tier": "moderate", "score": 3.4 }, "geometry": { "type": "Polygon", "coordinates": [ [ [ 128.0375, 35.6375 ], [ 128.0375, 35.6875 ], [ 127.9875, 35.6875 ], [ 127.9875, 35.6375 ], [ 128.0375, 35.6375 ] ] ] } },
{ "type": "Feature", "properties": { "grad_nT_km": 26.9, "tier": "moderate", "score": 4.8 }, "geometry": { "type": "Polygon", "coordinates": [ [ [ 128.2875, 35.6375 ], [ 128.2875, 35.6875 ], [ 128.2375, 35.6875 ], [ 128.2375, 35.6375 ], [ 128.2875, 35.6375 ] ] ] } },
{ "type": "Feature", "properties": { "grad_nT_km": 19.8, "tier": "moderate", "score": 6.2 }, "geometry": { "type": "Polygon", "coordinates": [ [ [ 128.3875, 35.6375 ], [ 128.3875, 35.6875 ], [ 128.3375, 35.6875 ], [ 128.3375, 35.6375 ], [ 128.3875, 35.6375 ] ] ] } },
{ "type": "Feature", "properties": { "grad_nT_km": 22.3, "tier": "moderate", "score": 5.7 }, "geometry": { "type": "Polygon", "coordinates": [ [ [ 128.4375, 35.6375 ], [ 128.4375, 35.6875 ], [ 128.3875, 35.6875 ], [ 128.3875, 35.6375 ], [ 128.4375, 35.6375 ] ] ] } },
{ "type": "Feature", "properties": { "grad_nT_km": 27.8, "tier": "moderate", "score": 4.7 }, "geometry": { "type": "Polygon", "coordinates": [ [ [ 128.6875, 35.6375 ], [ 128.6875, 35.6875 ], [ 128.6375, 35.6875 ], [ 128.6375, 35.6375 ], [ 128.6875, 35.6375 ] ] ] } },
{ "type": "Feature", "properties": { "grad_nT_km": 27.9, "tier": "moderate", "score": 4.7 }, "geometry": { "type": "Polygon", "coordinates": [ [ [ 128.9875, 35.6375 ], [ 128.9875, 35.6875 ], [ 128.9375, 35.6875 ], [ 128.9375, 35.6375 ], [ 128.9875, 35.6375 ] ] ] } },
{ "type": "Feature", "properties": { "grad_nT_km": 34.5, "tier": "moderate", "score": 3.9 }, "geometry": { "type": "Polygon", "coordinates": [ [ [ 129.0375, 35.6375 ], [ 129.0375, 35.6875 ], [ 128.9875, 35.6875 ], [ 128.9875, 35.6375 ], [ 129.0375, 35.6375 ] ] ] } },
{ "type": "Feature", "properties": { "grad_nT_km": 19.7, "tier": "moderate", "score": 6.2 }, "geometry": { "type": "Polygon", "coordinates": [ [ [ 129.0875, 35.6375 ], [ 129.0875, 35.6875 ], [ 129.0375, 35.6875 ], [ 129.0375, 35.6375 ], [ 129.0875, 35.6375 ] ] ] } },
{ "type": "Feature", "properties": { "grad_nT_km": 27.9, "tier": "moderate", "score": 4.7 }, "geometry": { "type": "Polygon", "coordinates": [ [ [ 129.3375, 35.6375 ], [ 129.3375, 35.6875 ], [ 129.2875, 35.6875 ], [ 129.2875, 35.6375 ], [ 129.3375, 35.6375 ] ] ] } },
{ "type": "Feature", "properties": { "grad_nT_km": 30.5, "tier": "moderate", "score": 4.3 }, "geometry": { "type": "Polygon", "coordinates": [ [ [ 129.3875, 35.6375 ], [ 129.3875, 35.6875 ], [ 129.3375, 35.6875 ], [ 129.3375, 35.6375 ], [ 129.3875, 35.6375 ] ] ] } },
{ "type": "Feature", "properties": { "grad_nT_km": 28.4, "tier": "moderate", "score": 4.6 }, "geometry": { "type": "Polygon", "coordinates": [ [ [ 129.4375, 35.6375 ], [ 129.4375, 35.6875 ], [ 129.3875, 35.6875 ], [ 129.3875, 35.6375 ], [ 129.4375, 35.6375 ] ] ] } },
{ "type": "Feature", "properties": { "grad_nT_km": 23.8, "tier": "moderate", "score": 5.4 }, "geometry": { "type": "Polygon", "coordinates": [ [ [ 126.2875, 35.6875 ], [ 126.2875, 35.7375 ], [ 126.2375, 35.7375 ], [ 126.2375, 35.6875 ], [ 126.2875, 35.6875 ] ] ] } },
{ "type": "Feature", "properties": { "grad_nT_km": 25.7, "tier": "moderate", "score": 5.0 }, "geometry": { "type": "Polygon", "coordinates": [ [ [ 126.5375, 35.6875 ], [ 126.5375, 35.7375 ], [ 126.4875, 35.7375 ], [ 126.4875, 35.6875 ], [ 126.5375, 35.6875 ] ] ] } },
{ "type": "Feature", "properties": { "grad_nT_km": 29.9, "tier": "moderate", "score": 4.4 }, "geometry": { "type": "Polygon", "coordinates": [ [ [ 126.5875, 35.6875 ], [ 126.5875, 35.7375 ], [ 126.5375, 35.7375 ], [ 126.5375, 35.6875 ], [ 126.5875, 35.6875 ] ] ] } },
{ "type": "Feature", "properties": { "grad_nT_km": 29.4, "tier": "moderate", "score": 4.5 }, "geometry": { "type": "Polygon", "coordinates": [ [ [ 126.7375, 35.6875 ], [ 126.7375, 35.7375 ], [ 126.6875, 35.7375 ], [ 126.6875, 35.6875 ], [ 126.7375, 35.6875 ] ] ] } },
{ "type": "Feature", "properties": { "grad_nT_km": 23.2, "tier": "moderate", "score": 5.5 }, "geometry": { "type": "Polygon", "coordinates": [ [ [ 126.7875, 35.6875 ], [ 126.7875, 35.7375 ], [ 126.7375, 35.7375 ], [ 126.7375, 35.6875 ], [ 126.7875, 35.6875 ] ] ] } },
{ "type": "Feature", "properties": { "grad_nT_km": 24.1, "tier": "moderate", "score": 5.3 }, "geometry": { "type": "Polygon", "coordinates": [ [ [ 126.8375, 35.6875 ], [ 126.8375, 35.7375 ], [ 126.7875, 35.7375 ], [ 126.7875, 35.6875 ], [ 126.8375, 35.6875 ] ] ] } },
{ "type": "Feature", "properties": { "grad_nT_km": 18.6, "tier": "moderate", "score": 6.4 }, "geometry": { "type": "Polygon", "coordinates": [ [ [ 126.8875, 35.6875 ], [ 126.8875, 35.7375 ], [ 126.8375, 35.7375 ], [ 126.8375, 35.6875 ], [ 126.8875, 35.6875 ] ] ] } },
{ "type": "Feature", "properties": { "grad_nT_km": 22.1, "tier": "moderate", "score": 5.7 }, "geometry": { "type": "Polygon", "coordinates": [ [ [ 126.9375, 35.6875 ], [ 126.9375, 35.7375 ], [ 126.8875, 35.7375 ], [ 126.8875, 35.6875 ], [ 126.9375, 35.6875 ] ] ] } },
{ "type": "Feature", "properties": { "grad_nT_km": 15.8, "tier": "moderate", "score": 7.1 }, "geometry": { "type": "Polygon", "coordinates": [ [ [ 126.9875, 35.6875 ], [ 126.9875, 35.7375 ], [ 126.9375, 35.7375 ], [ 126.9375, 35.6875 ], [ 126.9875, 35.6875 ] ] ] } },
{ "type": "Feature", "properties": { "grad_nT_km": 16.7, "tier": "moderate", "score": 6.9 }, "geometry": { "type": "Polygon", "coordinates": [ [ [ 127.0375, 35.6875 ], [ 127.0375, 35.7375 ], [ 126.9875, 35.7375 ], [ 126.9875, 35.6875 ], [ 127.0375, 35.6875 ] ] ] } },
{ "type": "Feature", "properties": { "grad_nT_km": 25.8, "tier": "moderate", "score": 5.0 }, "geometry": { "type": "Polygon", "coordinates": [ [ [ 127.0875, 35.6875 ], [ 127.0875, 35.7375 ], [ 127.0375, 35.7375 ], [ 127.0375, 35.6875 ], [ 127.0875, 35.6875 ] ] ] } },
{ "type": "Feature", "properties": { "grad_nT_km": 15.2, "tier": "moderate", "score": 7.3 }, "geometry": { "type": "Polygon", "coordinates": [ [ [ 127.1375, 35.6875 ], [ 127.1375, 35.7375 ], [ 127.0875, 35.7375 ], [ 127.0875, 35.6875 ], [ 127.1375, 35.6875 ] ] ] } },
{ "type": "Feature", "properties": { "grad_nT_km": 22.6, "tier": "moderate", "score": 5.6 }, "geometry": { "type": "Polygon", "coordinates": [ [ [ 127.1875, 35.6875 ], [ 127.1875, 35.7375 ], [ 127.1375, 35.7375 ], [ 127.1375, 35.6875 ], [ 127.1875, 35.6875 ] ] ] } },
{ "type": "Feature", "properties": { "grad_nT_km": 18.1, "tier": "moderate", "score": 6.6 }, "geometry": { "type": "Polygon", "coordinates": [ [ [ 127.2375, 35.6875 ], [ 127.2375, 35.7375 ], [ 127.1875, 35.7375 ], [ 127.1875, 35.6875 ], [ 127.2375, 35.6875 ] ] ] } },
{ "type": "Feature", "properties": { "grad_nT_km": 18.7, "tier": "moderate", "score": 6.4 }, "geometry": { "type": "Polygon", "coordinates": [ [ [ 127.3375, 35.6875 ], [ 127.3375, 35.7375 ], [ 127.2875, 35.7375 ], [ 127.2875, 35.6875 ], [ 127.3375, 35.6875 ] ] ] } },
{ "type": "Feature", "properties": { "grad_nT_km": 20.4, "tier": "moderate", "score": 6.0 }, "geometry": { "type": "Polygon", "coordinates": [ [ [ 127.3875, 35.6875 ], [ 127.3875, 35.7375 ], [ 127.3375, 35.7375 ], [ 127.3375, 35.6875 ], [ 127.3875, 35.6875 ] ] ] } },
{ "type": "Feature", "properties": { "grad_nT_km": 16.0, "tier": "moderate", "score": 7.1 }, "geometry": { "type": "Polygon", "coordinates": [ [ [ 127.4875, 35.6875 ], [ 127.4875, 35.7375 ], [ 127.4375, 35.7375 ], [ 127.4375, 35.6875 ], [ 127.4875, 35.6875 ] ] ] } },
{ "type": "Feature", "properties": { "grad_nT_km": 24.7, "tier": "moderate", "score": 5.2 }, "geometry": { "type": "Polygon", "coordinates": [ [ [ 127.7875, 35.6875 ], [ 127.7875, 35.7375 ], [ 127.7375, 35.7375 ], [ 127.7375, 35.6875 ], [ 127.7875, 35.6875 ] ] ] } },
{ "type": "Feature", "properties": { "grad_nT_km": 29.0, "tier": "moderate", "score": 4.6 }, "geometry": { "type": "Polygon", "coordinates": [ [ [ 127.8375, 35.6875 ], [ 127.8375, 35.7375 ], [ 127.7875, 35.7375 ], [ 127.7875, 35.6875 ], [ 127.8375, 35.6875 ] ] ] } },
{ "type": "Feature", "properties": { "grad_nT_km": 30.7, "tier": "moderate", "score": 4.3 }, "geometry": { "type": "Polygon", "coordinates": [ [ [ 127.8875, 35.6875 ], [ 127.8875, 35.7375 ], [ 127.8375, 35.7375 ], [ 127.8375, 35.6875 ], [ 127.8875, 35.6875 ] ] ] } },
{ "type": "Feature", "properties": { "grad_nT_km": 22.6, "tier": "moderate", "score": 5.6 }, "geometry": { "type": "Polygon", "coordinates": [ [ [ 127.9375, 35.6875 ], [ 127.9375, 35.7375 ], [ 127.8875, 35.7375 ], [ 127.8875, 35.6875 ], [ 127.9375, 35.6875 ] ] ] } },
{ "type": "Feature", "properties": { "grad_nT_km": 19.4, "tier": "moderate", "score": 6.3 }, "geometry": { "type": "Polygon", "coordinates": [ [ [ 128.0375, 35.6875 ], [ 128.0375, 35.7375 ], [ 127.9875, 35.7375 ], [ 127.9875, 35.6875 ], [ 128.0375, 35.6875 ] ] ] } },
{ "type": "Feature", "properties": { "grad_nT_km": 36.7, "tier": "moderate", "score": 3.6 }, "geometry": { "type": "Polygon", "coordinates": [ [ [ 128.0875, 35.6875 ], [ 128.0875, 35.7375 ], [ 128.0375, 35.7375 ], [ 128.0375, 35.6875 ], [ 128.0875, 35.6875 ] ] ] } },
{ "type": "Feature", "properties": { "grad_nT_km": 27.0, "tier": "moderate", "score": 4.8 }, "geometry": { "type": "Polygon", "coordinates": [ [ [ 128.1375, 35.6875 ], [ 128.1375, 35.7375 ], [ 128.0875, 35.7375 ], [ 128.0875, 35.6875 ], [ 128.1375, 35.6875 ] ] ] } },
{ "type": "Feature", "properties": { "grad_nT_km": 38.2, "tier": "moderate", "score": 3.5 }, "geometry": { "type": "Polygon", "coordinates": [ [ [ 128.2375, 35.6875 ], [ 128.2375, 35.7375 ], [ 128.1875, 35.7375 ], [ 128.1875, 35.6875 ], [ 128.2375, 35.6875 ] ] ] } },
{ "type": "Feature", "properties": { "grad_nT_km": 27.0, "tier": "moderate", "score": 4.8 }, "geometry": { "type": "Polygon", "coordinates": [ [ [ 128.3875, 35.6875 ], [ 128.3875, 35.7375 ], [ 128.3375, 35.7375 ], [ 128.3375, 35.6875 ], [ 128.3875, 35.6875 ] ] ] } },
{ "type": "Feature", "properties": { "grad_nT_km": 19.0, "tier": "moderate", "score": 6.3 }, "geometry": { "type": "Polygon", "coordinates": [ [ [ 128.5875, 35.6875 ], [ 128.5875, 35.7375 ], [ 128.5375, 35.7375 ], [ 128.5375, 35.6875 ], [ 128.5875, 35.6875 ] ] ] } },
{ "type": "Feature", "properties": { "grad_nT_km": 23.2, "tier": "moderate", "score": 5.5 }, "geometry": { "type": "Polygon", "coordinates": [ [ [ 128.7375, 35.6875 ], [ 128.7375, 35.7375 ], [ 128.6875, 35.7375 ], [ 128.6875, 35.6875 ], [ 128.7375, 35.6875 ] ] ] } },
{ "type": "Feature", "properties": { "grad_nT_km": 39.8, "tier": "moderate", "score": 3.3 }, "geometry": { "type": "Polygon", "coordinates": [ [ [ 128.7875, 35.6875 ], [ 128.7875, 35.7375 ], [ 128.7375, 35.7375 ], [ 128.7375, 35.6875 ], [ 128.7875, 35.6875 ] ] ] } },
{ "type": "Feature", "properties": { "grad_nT_km": 37.1, "tier": "moderate", "score": 3.6 }, "geometry": { "type": "Polygon", "coordinates": [ [ [ 128.8375, 35.6875 ], [ 128.8375, 35.7375 ], [ 128.7875, 35.7375 ], [ 128.7875, 35.6875 ], [ 128.8375, 35.6875 ] ] ] } },
{ "type": "Feature", "properties": { "grad_nT_km": 30.6, "tier": "moderate", "score": 4.3 }, "geometry": { "type": "Polygon", "coordinates": [ [ [ 128.9875, 35.6875 ], [ 128.9875, 35.7375 ], [ 128.9375, 35.7375 ], [ 128.9375, 35.6875 ], [ 128.9875, 35.6875 ] ] ] } },
{ "type": "Feature", "properties": { "grad_nT_km": 24.4, "tier": "moderate", "score": 5.3 }, "geometry": { "type": "Polygon", "coordinates": [ [ [ 129.0375, 35.6875 ], [ 129.0375, 35.7375 ], [ 128.9875, 35.7375 ], [ 128.9875, 35.6875 ], [ 129.0375, 35.6875 ] ] ] } },
{ "type": "Feature", "properties": { "grad_nT_km": 29.3, "tier": "moderate", "score": 4.5 }, "geometry": { "type": "Polygon", "coordinates": [ [ [ 129.0875, 35.6875 ], [ 129.0875, 35.7375 ], [ 129.0375, 35.7375 ], [ 129.0375, 35.6875 ], [ 129.0875, 35.6875 ] ] ] } },
{ "type": "Feature", "properties": { "grad_nT_km": 34.8, "tier": "moderate", "score": 3.8 }, "geometry": { "type": "Polygon", "coordinates": [ [ [ 129.1375, 35.6875 ], [ 129.1375, 35.7375 ], [ 129.0875, 35.7375 ], [ 129.0875, 35.6875 ], [ 129.1375, 35.6875 ] ] ] } },
{ "type": "Feature", "properties": { "grad_nT_km": 38.4, "tier": "moderate", "score": 3.5 }, "geometry": { "type": "Polygon", "coordinates": [ [ [ 129.1875, 35.6875 ], [ 129.1875, 35.7375 ], [ 129.1375, 35.7375 ], [ 129.1375, 35.6875 ], [ 129.1875, 35.6875 ] ] ] } },
{ "type": "Feature", "properties": { "grad_nT_km": 18.2, "tier": "moderate", "score": 6.5 }, "geometry": { "type": "Polygon", "coordinates": [ [ [ 129.2375, 35.6875 ], [ 129.2375, 35.7375 ], [ 129.1875, 35.7375 ], [ 129.1875, 35.6875 ], [ 129.2375, 35.6875 ] ] ] } },
{ "type": "Feature", "properties": { "grad_nT_km": 24.6, "tier": "moderate", "score": 5.2 }, "geometry": { "type": "Polygon", "coordinates": [ [ [ 129.3875, 35.6875 ], [ 129.3875, 35.7375 ], [ 129.3375, 35.7375 ], [ 129.3375, 35.6875 ], [ 129.3875, 35.6875 ] ] ] } },
{ "type": "Feature", "properties": { "grad_nT_km": 15.2, "tier": "moderate", "score": 7.3 }, "geometry": { "type": "Polygon", "coordinates": [ [ [ 129.4375, 35.6875 ], [ 129.4375, 35.7375 ], [ 129.3875, 35.7375 ], [ 129.3875, 35.6875 ], [ 129.4375, 35.6875 ] ] ] } },
{ "type": "Feature", "properties": { "grad_nT_km": 16.2, "tier": "moderate", "score": 7.0 }, "geometry": { "type": "Polygon", "coordinates": [ [ [ 129.4875, 35.6875 ], [ 129.4875, 35.7375 ], [ 129.4375, 35.7375 ], [ 129.4375, 35.6875 ], [ 129.4875, 35.6875 ] ] ] } },
{ "type": "Feature", "properties": { "grad_nT_km": 21.9, "tier": "moderate", "score": 5.7 }, "geometry": { "type": "Polygon", "coordinates": [ [ [ 126.2875, 35.7375 ], [ 126.2875, 35.7875 ], [ 126.2375, 35.7875 ], [ 126.2375, 35.7375 ], [ 126.2875, 35.7375 ] ] ] } },
{ "type": "Feature", "properties": { "grad_nT_km": 21.9, "tier": "moderate", "score": 5.7 }, "geometry": { "type": "Polygon", "coordinates": [ [ [ 126.3375, 35.7375 ], [ 126.3375, 35.7875 ], [ 126.2875, 35.7875 ], [ 126.2875, 35.7375 ], [ 126.3375, 35.7375 ] ] ] } },
{ "type": "Feature", "properties": { "grad_nT_km": 21.4, "tier": "moderate", "score": 5.8 }, "geometry": { "type": "Polygon", "coordinates": [ [ [ 126.3875, 35.7375 ], [ 126.3875, 35.7875 ], [ 126.3375, 35.7875 ], [ 126.3375, 35.7375 ], [ 126.3875, 35.7375 ] ] ] } },
{ "type": "Feature", "properties": { "grad_nT_km": 17.8, "tier": "moderate", "score": 6.6 }, "geometry": { "type": "Polygon", "coordinates": [ [ [ 126.4375, 35.7375 ], [ 126.4375, 35.7875 ], [ 126.3875, 35.7875 ], [ 126.3875, 35.7375 ], [ 126.4375, 35.7375 ] ] ] } },
{ "type": "Feature", "properties": { "grad_nT_km": 32.7, "tier": "moderate", "score": 4.1 }, "geometry": { "type": "Polygon", "coordinates": [ [ [ 126.4875, 35.7375 ], [ 126.4875, 35.7875 ], [ 126.4375, 35.7875 ], [ 126.4375, 35.7375 ], [ 126.4875, 35.7375 ] ] ] } },
{ "type": "Feature", "properties": { "grad_nT_km": 17.8, "tier": "moderate", "score": 6.6 }, "geometry": { "type": "Polygon", "coordinates": [ [ [ 126.5375, 35.7375 ], [ 126.5375, 35.7875 ], [ 126.4875, 35.7875 ], [ 126.4875, 35.7375 ], [ 126.5375, 35.7375 ] ] ] } },
{ "type": "Feature", "properties": { "grad_nT_km": 29.2, "tier": "moderate", "score": 4.5 }, "geometry": { "type": "Polygon", "coordinates": [ [ [ 126.5875, 35.7375 ], [ 126.5875, 35.7875 ], [ 126.5375, 35.7875 ], [ 126.5375, 35.7375 ], [ 126.5875, 35.7375 ] ] ] } },
{ "type": "Feature", "properties": { "grad_nT_km": 27.0, "tier": "moderate", "score": 4.8 }, "geometry": { "type": "Polygon", "coordinates": [ [ [ 126.7375, 35.7375 ], [ 126.7375, 35.7875 ], [ 126.6875, 35.7875 ], [ 126.6875, 35.7375 ], [ 126.7375, 35.7375 ] ] ] } },
{ "type": "Feature", "properties": { "grad_nT_km": 28.3, "tier": "moderate", "score": 4.7 }, "geometry": { "type": "Polygon", "coordinates": [ [ [ 126.7875, 35.7375 ], [ 126.7875, 35.7875 ], [ 126.7375, 35.7875 ], [ 126.7375, 35.7375 ], [ 126.7875, 35.7375 ] ] ] } },
{ "type": "Feature", "properties": { "grad_nT_km": 17.6, "tier": "moderate", "score": 6.7 }, "geometry": { "type": "Polygon", "coordinates": [ [ [ 126.8875, 35.7375 ], [ 126.8875, 35.7875 ], [ 126.8375, 35.7875 ], [ 126.8375, 35.7375 ], [ 126.8875, 35.7375 ] ] ] } },
{ "type": "Feature", "properties": { "grad_nT_km": 33.7, "tier": "moderate", "score": 4.0 }, "geometry": { "type": "Polygon", "coordinates": [ [ [ 127.0375, 35.7375 ], [ 127.0375, 35.7875 ], [ 126.9875, 35.7875 ], [ 126.9875, 35.7375 ], [ 127.0375, 35.7375 ] ] ] } },
{ "type": "Feature", "properties": { "grad_nT_km": 17.7, "tier": "moderate", "score": 6.6 }, "geometry": { "type": "Polygon", "coordinates": [ [ [ 127.0875, 35.7375 ], [ 127.0875, 35.7875 ], [ 127.0375, 35.7875 ], [ 127.0375, 35.7375 ], [ 127.0875, 35.7375 ] ] ] } },
{ "type": "Feature", "properties": { "grad_nT_km": 23.4, "tier": "moderate", "score": 5.5 }, "geometry": { "type": "Polygon", "coordinates": [ [ [ 127.1875, 35.7375 ], [ 127.1875, 35.7875 ], [ 127.1375, 35.7875 ], [ 127.1375, 35.7375 ], [ 127.1875, 35.7375 ] ] ] } },
{ "type": "Feature", "properties": { "grad_nT_km": 25.7, "tier": "moderate", "score": 5.1 }, "geometry": { "type": "Polygon", "coordinates": [ [ [ 127.2375, 35.7375 ], [ 127.2375, 35.7875 ], [ 127.1875, 35.7875 ], [ 127.1875, 35.7375 ], [ 127.2375, 35.7375 ] ] ] } },
{ "type": "Feature", "properties": { "grad_nT_km": 20.4, "tier": "moderate", "score": 6.0 }, "geometry": { "type": "Polygon", "coordinates": [ [ [ 127.3375, 35.7375 ], [ 127.3375, 35.7875 ], [ 127.2875, 35.7875 ], [ 127.2875, 35.7375 ], [ 127.3375, 35.7375 ] ] ] } },
{ "type": "Feature", "properties": { "grad_nT_km": 16.6, "tier": "moderate", "score": 6.9 }, "geometry": { "type": "Polygon", "coordinates": [ [ [ 127.3875, 35.7375 ], [ 127.3875, 35.7875 ], [ 127.3375, 35.7875 ], [ 127.3375, 35.7375 ], [ 127.3875, 35.7375 ] ] ] } },
{ "type": "Feature", "properties": { "grad_nT_km": 19.1, "tier": "moderate", "score": 6.3 }, "geometry": { "type": "Polygon", "coordinates": [ [ [ 127.4375, 35.7375 ], [ 127.4375, 35.7875 ], [ 127.3875, 35.7875 ], [ 127.3875, 35.7375 ], [ 127.4375, 35.7375 ] ] ] } },
{ "type": "Feature", "properties": { "grad_nT_km": 23.2, "tier": "moderate", "score": 5.5 }, "geometry": { "type": "Polygon", "coordinates": [ [ [ 127.4875, 35.7375 ], [ 127.4875, 35.7875 ], [ 127.4375, 35.7875 ], [ 127.4375, 35.7375 ], [ 127.4875, 35.7375 ] ] ] } },
{ "type": "Feature", "properties": { "grad_nT_km": 19.6, "tier": "moderate", "score": 6.2 }, "geometry": { "type": "Polygon", "coordinates": [ [ [ 127.5375, 35.7375 ], [ 127.5375, 35.7875 ], [ 127.4875, 35.7875 ], [ 127.4875, 35.7375 ], [ 127.5375, 35.7375 ] ] ] } },
{ "type": "Feature", "properties": { "grad_nT_km": 15.7, "tier": "moderate", "score": 7.2 }, "geometry": { "type": "Polygon", "coordinates": [ [ [ 127.5875, 35.7375 ], [ 127.5875, 35.7875 ], [ 127.5375, 35.7875 ], [ 127.5375, 35.7375 ], [ 127.5875, 35.7375 ] ] ] } },
{ "type": "Feature", "properties": { "grad_nT_km": 21.0, "tier": "moderate", "score": 5.9 }, "geometry": { "type": "Polygon", "coordinates": [ [ [ 127.7875, 35.7375 ], [ 127.7875, 35.7875 ], [ 127.7375, 35.7875 ], [ 127.7375, 35.7375 ], [ 127.7875, 35.7375 ] ] ] } },
{ "type": "Feature", "properties": { "grad_nT_km": 31.5, "tier": "moderate", "score": 4.2 }, "geometry": { "type": "Polygon", "coordinates": [ [ [ 127.8375, 35.7375 ], [ 127.8375, 35.7875 ], [ 127.7875, 35.7875 ], [ 127.7875, 35.7375 ], [ 127.8375, 35.7375 ] ] ] } },
{ "type": "Feature", "properties": { "grad_nT_km": 26.6, "tier": "moderate", "score": 4.9 }, "geometry": { "type": "Polygon", "coordinates": [ [ [ 127.8875, 35.7375 ], [ 127.8875, 35.7875 ], [ 127.8375, 35.7875 ], [ 127.8375, 35.7375 ], [ 127.8875, 35.7375 ] ] ] } },
{ "type": "Feature", "properties": { "grad_nT_km": 29.1, "tier": "moderate", "score": 4.5 }, "geometry": { "type": "Polygon", "coordinates": [ [ [ 127.9375, 35.7375 ], [ 127.9375, 35.7875 ], [ 127.8875, 35.7875 ], [ 127.8875, 35.7375 ], [ 127.9375, 35.7375 ] ] ] } },
{ "type": "Feature", "properties": { "grad_nT_km": 18.7, "tier": "moderate", "score": 6.4 }, "geometry": { "type": "Polygon", "coordinates": [ [ [ 127.9875, 35.7375 ], [ 127.9875, 35.7875 ], [ 127.9375, 35.7875 ], [ 127.9375, 35.7375 ], [ 127.9875, 35.7375 ] ] ] } },
{ "type": "Feature", "properties": { "grad_nT_km": 20.2, "tier": "moderate", "score": 6.1 }, "geometry": { "type": "Polygon", "coordinates": [ [ [ 128.0375, 35.7375 ], [ 128.0375, 35.7875 ], [ 127.9875, 35.7875 ], [ 127.9875, 35.7375 ], [ 128.0375, 35.7375 ] ] ] } },
{ "type": "Feature", "properties": { "grad_nT_km": 30.4, "tier": "moderate", "score": 4.4 }, "geometry": { "type": "Polygon", "coordinates": [ [ [ 128.0875, 35.7375 ], [ 128.0875, 35.7875 ], [ 128.0375, 35.7875 ], [ 128.0375, 35.7375 ], [ 128.0875, 35.7375 ] ] ] } },
{ "type": "Feature", "properties": { "grad_nT_km": 23.2, "tier": "moderate", "score": 5.5 }, "geometry": { "type": "Polygon", "coordinates": [ [ [ 128.1375, 35.7375 ], [ 128.1375, 35.7875 ], [ 128.0875, 35.7875 ], [ 128.0875, 35.7375 ], [ 128.1375, 35.7375 ] ] ] } },
{ "type": "Feature", "properties": { "grad_nT_km": 24.4, "tier": "moderate", "score": 5.3 }, "geometry": { "type": "Polygon", "coordinates": [ [ [ 128.1875, 35.7375 ], [ 128.1875, 35.7875 ], [ 128.1375, 35.7875 ], [ 128.1375, 35.7375 ], [ 128.1875, 35.7375 ] ] ] } },
{ "type": "Feature", "properties": { "grad_nT_km": 16.0, "tier": "moderate", "score": 7.1 }, "geometry": { "type": "Polygon", "coordinates": [ [ [ 128.2375, 35.7375 ], [ 128.2375, 35.7875 ], [ 128.1875, 35.7875 ], [ 128.1875, 35.7375 ], [ 128.2375, 35.7375 ] ] ] } },
{ "type": "Feature", "properties": { "grad_nT_km": 18.7, "tier": "moderate", "score": 6.4 }, "geometry": { "type": "Polygon", "coordinates": [ [ [ 128.2875, 35.7375 ], [ 128.2875, 35.7875 ], [ 128.2375, 35.7875 ], [ 128.2375, 35.7375 ], [ 128.2875, 35.7375 ] ] ] } },
{ "type": "Feature", "properties": { "grad_nT_km": 21.2, "tier": "moderate", "score": 5.9 }, "geometry": { "type": "Polygon", "coordinates": [ [ [ 128.4375, 35.7375 ], [ 128.4375, 35.7875 ], [ 128.3875, 35.7875 ], [ 128.3875, 35.7375 ], [ 128.4375, 35.7375 ] ] ] } },
{ "type": "Feature", "properties": { "grad_nT_km": 33.4, "tier": "moderate", "score": 4.0 }, "geometry": { "type": "Polygon", "coordinates": [ [ [ 128.6875, 35.7375 ], [ 128.6875, 35.7875 ], [ 128.6375, 35.7875 ], [ 128.6375, 35.7375 ], [ 128.6875, 35.7375 ] ] ] } },
{ "type": "Feature", "properties": { "grad_nT_km": 37.1, "tier": "moderate", "score": 3.6 }, "geometry": { "type": "Polygon", "coordinates": [ [ [ 128.7375, 35.7375 ], [ 128.7375, 35.7875 ], [ 128.6875, 35.7875 ], [ 128.6875, 35.7375 ], [ 128.7375, 35.7375 ] ] ] } },
{ "type": "Feature", "properties": { "grad_nT_km": 32.0, "tier": "moderate", "score": 4.1 }, "geometry": { "type": "Polygon", "coordinates": [ [ [ 128.8375, 35.7375 ], [ 128.8375, 35.7875 ], [ 128.7875, 35.7875 ], [ 128.7875, 35.7375 ], [ 128.8375, 35.7375 ] ] ] } },
{ "type": "Feature", "properties": { "grad_nT_km": 34.3, "tier": "moderate", "score": 3.9 }, "geometry": { "type": "Polygon", "coordinates": [ [ [ 128.9875, 35.7375 ], [ 128.9875, 35.7875 ], [ 128.9375, 35.7875 ], [ 128.9375, 35.7375 ], [ 128.9875, 35.7375 ] ] ] } },
{ "type": "Feature", "properties": { "grad_nT_km": 23.1, "tier": "moderate", "score": 5.5 }, "geometry": { "type": "Polygon", "coordinates": [ [ [ 129.0375, 35.7375 ], [ 129.0375, 35.7875 ], [ 128.9875, 35.7875 ], [ 128.9875, 35.7375 ], [ 129.0375, 35.7375 ] ] ] } },
{ "type": "Feature", "properties": { "grad_nT_km": 35.0, "tier": "moderate", "score": 3.8 }, "geometry": { "type": "Polygon", "coordinates": [ [ [ 129.0875, 35.7375 ], [ 129.0875, 35.7875 ], [ 129.0375, 35.7875 ], [ 129.0375, 35.7375 ], [ 129.0875, 35.7375 ] ] ] } },
{ "type": "Feature", "properties": { "grad_nT_km": 22.6, "tier": "moderate", "score": 5.6 }, "geometry": { "type": "Polygon", "coordinates": [ [ [ 129.1375, 35.7375 ], [ 129.1375, 35.7875 ], [ 129.0875, 35.7875 ], [ 129.0875, 35.7375 ], [ 129.1375, 35.7375 ] ] ] } },
{ "type": "Feature", "properties": { "grad_nT_km": 33.7, "tier": "moderate", "score": 4.0 }, "geometry": { "type": "Polygon", "coordinates": [ [ [ 129.1875, 35.7375 ], [ 129.1875, 35.7875 ], [ 129.1375, 35.7875 ], [ 129.1375, 35.7375 ], [ 129.1875, 35.7375 ] ] ] } },
{ "type": "Feature", "properties": { "grad_nT_km": 20.7, "tier": "moderate", "score": 6.0 }, "geometry": { "type": "Polygon", "coordinates": [ [ [ 129.2375, 35.7375 ], [ 129.2375, 35.7875 ], [ 129.1875, 35.7875 ], [ 129.1875, 35.7375 ], [ 129.2375, 35.7375 ] ] ] } },
{ "type": "Feature", "properties": { "grad_nT_km": 29.5, "tier": "moderate", "score": 4.5 }, "geometry": { "type": "Polygon", "coordinates": [ [ [ 129.3375, 35.7375 ], [ 129.3375, 35.7875 ], [ 129.2875, 35.7875 ], [ 129.2875, 35.7375 ], [ 129.3375, 35.7375 ] ] ] } },
{ "type": "Feature", "properties": { "grad_nT_km": 37.8, "tier": "moderate", "score": 3.5 }, "geometry": { "type": "Polygon", "coordinates": [ [ [ 129.3875, 35.7375 ], [ 129.3875, 35.7875 ], [ 129.3375, 35.7875 ], [ 129.3375, 35.7375 ], [ 129.3875, 35.7375 ] ] ] } },
{ "type": "Feature", "properties": { "grad_nT_km": 34.2, "tier": "moderate", "score": 3.9 }, "geometry": { "type": "Polygon", "coordinates": [ [ [ 129.4375, 35.7375 ], [ 129.4375, 35.7875 ], [ 129.3875, 35.7875 ], [ 129.3875, 35.7375 ], [ 129.4375, 35.7375 ] ] ] } },
{ "type": "Feature", "properties": { "grad_nT_km": 33.1, "tier": "moderate", "score": 4.0 }, "geometry": { "type": "Polygon", "coordinates": [ [ [ 129.4875, 35.7375 ], [ 129.4875, 35.7875 ], [ 129.4375, 35.7875 ], [ 129.4375, 35.7375 ], [ 129.4875, 35.7375 ] ] ] } },
{ "type": "Feature", "properties": { "grad_nT_km": 23.0, "tier": "moderate", "score": 5.5 }, "geometry": { "type": "Polygon", "coordinates": [ [ [ 126.2875, 35.7875 ], [ 126.2875, 35.8375 ], [ 126.2375, 35.8375 ], [ 126.2375, 35.7875 ], [ 126.2875, 35.7875 ] ] ] } },
{ "type": "Feature", "properties": { "grad_nT_km": 26.6, "tier": "moderate", "score": 4.9 }, "geometry": { "type": "Polygon", "coordinates": [ [ [ 126.3375, 35.7875 ], [ 126.3375, 35.8375 ], [ 126.2875, 35.8375 ], [ 126.2875, 35.7875 ], [ 126.3375, 35.7875 ] ] ] } },
{ "type": "Feature", "properties": { "grad_nT_km": 16.3, "tier": "moderate", "score": 7.0 }, "geometry": { "type": "Polygon", "coordinates": [ [ [ 126.3875, 35.7875 ], [ 126.3875, 35.8375 ], [ 126.3375, 35.8375 ], [ 126.3375, 35.7875 ], [ 126.3875, 35.7875 ] ] ] } },
{ "type": "Feature", "properties": { "grad_nT_km": 18.2, "tier": "moderate", "score": 6.5 }, "geometry": { "type": "Polygon", "coordinates": [ [ [ 126.4875, 35.7875 ], [ 126.4875, 35.8375 ], [ 126.4375, 35.8375 ], [ 126.4375, 35.7875 ], [ 126.4875, 35.7875 ] ] ] } },
{ "type": "Feature", "properties": { "grad_nT_km": 19.7, "tier": "moderate", "score": 6.2 }, "geometry": { "type": "Polygon", "coordinates": [ [ [ 126.5375, 35.7875 ], [ 126.5375, 35.8375 ], [ 126.4875, 35.8375 ], [ 126.4875, 35.7875 ], [ 126.5375, 35.7875 ] ] ] } },
{ "type": "Feature", "properties": { "grad_nT_km": 18.9, "tier": "moderate", "score": 6.4 }, "geometry": { "type": "Polygon", "coordinates": [ [ [ 126.6875, 35.7875 ], [ 126.6875, 35.8375 ], [ 126.6375, 35.8375 ], [ 126.6375, 35.7875 ], [ 126.6875, 35.7875 ] ] ] } },
{ "type": "Feature", "properties": { "grad_nT_km": 35.0, "tier": "moderate", "score": 3.8 }, "geometry": { "type": "Polygon", "coordinates": [ [ [ 126.7375, 35.7875 ], [ 126.7375, 35.8375 ], [ 126.6875, 35.8375 ], [ 126.6875, 35.7875 ], [ 126.7375, 35.7875 ] ] ] } },
{ "type": "Feature", "properties": { "grad_nT_km": 26.0, "tier": "moderate", "score": 5.0 }, "geometry": { "type": "Polygon", "coordinates": [ [ [ 126.7875, 35.7875 ], [ 126.7875, 35.8375 ], [ 126.7375, 35.8375 ], [ 126.7375, 35.7875 ], [ 126.7875, 35.7875 ] ] ] } },
{ "type": "Feature", "properties": { "grad_nT_km": 27.4, "tier": "moderate", "score": 4.8 }, "geometry": { "type": "Polygon", "coordinates": [ [ [ 126.8875, 35.7875 ], [ 126.8875, 35.8375 ], [ 126.8375, 35.8375 ], [ 126.8375, 35.7875 ], [ 126.8875, 35.7875 ] ] ] } },
{ "type": "Feature", "properties": { "grad_nT_km": 27.0, "tier": "moderate", "score": 4.8 }, "geometry": { "type": "Polygon", "coordinates": [ [ [ 126.9375, 35.7875 ], [ 126.9375, 35.8375 ], [ 126.8875, 35.8375 ], [ 126.8875, 35.7875 ], [ 126.9375, 35.7875 ] ] ] } },
{ "type": "Feature", "properties": { "grad_nT_km": 17.2, "tier": "moderate", "score": 6.8 }, "geometry": { "type": "Polygon", "coordinates": [ [ [ 127.0375, 35.7875 ], [ 127.0375, 35.8375 ], [ 126.9875, 35.8375 ], [ 126.9875, 35.7875 ], [ 127.0375, 35.7875 ] ] ] } },
{ "type": "Feature", "properties": { "grad_nT_km": 17.3, "tier": "moderate", "score": 6.7 }, "geometry": { "type": "Polygon", "coordinates": [ [ [ 127.0875, 35.7875 ], [ 127.0875, 35.8375 ], [ 127.0375, 35.8375 ], [ 127.0375, 35.7875 ], [ 127.0875, 35.7875 ] ] ] } },
{ "type": "Feature", "properties": { "grad_nT_km": 18.5, "tier": "moderate", "score": 6.5 }, "geometry": { "type": "Polygon", "coordinates": [ [ [ 127.2375, 35.7875 ], [ 127.2375, 35.8375 ], [ 127.1875, 35.8375 ], [ 127.1875, 35.7875 ], [ 127.2375, 35.7875 ] ] ] } },
{ "type": "Feature", "properties": { "grad_nT_km": 37.9, "tier": "moderate", "score": 3.5 }, "geometry": { "type": "Polygon", "coordinates": [ [ [ 127.2875, 35.7875 ], [ 127.2875, 35.8375 ], [ 127.2375, 35.8375 ], [ 127.2375, 35.7875 ], [ 127.2875, 35.7875 ] ] ] } },
{ "type": "Feature", "properties": { "grad_nT_km": 22.0, "tier": "moderate", "score": 5.7 }, "geometry": { "type": "Polygon", "coordinates": [ [ [ 127.3375, 35.7875 ], [ 127.3375, 35.8375 ], [ 127.2875, 35.8375 ], [ 127.2875, 35.7875 ], [ 127.3375, 35.7875 ] ] ] } },
{ "type": "Feature", "properties": { "grad_nT_km": 18.3, "tier": "moderate", "score": 6.5 }, "geometry": { "type": "Polygon", "coordinates": [ [ [ 127.3875, 35.7875 ], [ 127.3875, 35.8375 ], [ 127.3375, 35.8375 ], [ 127.3375, 35.7875 ], [ 127.3875, 35.7875 ] ] ] } },
{ "type": "Feature", "properties": { "grad_nT_km": 18.3, "tier": "moderate", "score": 6.5 }, "geometry": { "type": "Polygon", "coordinates": [ [ [ 127.4875, 35.7875 ], [ 127.4875, 35.8375 ], [ 127.4375, 35.8375 ], [ 127.4375, 35.7875 ], [ 127.4875, 35.7875 ] ] ] } },
{ "type": "Feature", "properties": { "grad_nT_km": 28.7, "tier": "moderate", "score": 4.6 }, "geometry": { "type": "Polygon", "coordinates": [ [ [ 127.8375, 35.7875 ], [ 127.8375, 35.8375 ], [ 127.7875, 35.8375 ], [ 127.7875, 35.7875 ], [ 127.8375, 35.7875 ] ] ] } },
{ "type": "Feature", "properties": { "grad_nT_km": 31.1, "tier": "moderate", "score": 4.3 }, "geometry": { "type": "Polygon", "coordinates": [ [ [ 127.8875, 35.7875 ], [ 127.8875, 35.8375 ], [ 127.8375, 35.8375 ], [ 127.8375, 35.7875 ], [ 127.8875, 35.7875 ] ] ] } },
{ "type": "Feature", "properties": { "grad_nT_km": 35.6, "tier": "moderate", "score": 3.7 }, "geometry": { "type": "Polygon", "coordinates": [ [ [ 127.9375, 35.7875 ], [ 127.9375, 35.8375 ], [ 127.8875, 35.8375 ], [ 127.8875, 35.7875 ], [ 127.9375, 35.7875 ] ] ] } },
{ "type": "Feature", "properties": { "grad_nT_km": 38.2, "tier": "moderate", "score": 3.5 }, "geometry": { "type": "Polygon", "coordinates": [ [ [ 127.9875, 35.7875 ], [ 127.9875, 35.8375 ], [ 127.9375, 35.8375 ], [ 127.9375, 35.7875 ], [ 127.9875, 35.7875 ] ] ] } },
{ "type": "Feature", "properties": { "grad_nT_km": 30.3, "tier": "moderate", "score": 4.4 }, "geometry": { "type": "Polygon", "coordinates": [ [ [ 128.1375, 35.7875 ], [ 128.1375, 35.8375 ], [ 128.0875, 35.8375 ], [ 128.0875, 35.7875 ], [ 128.1375, 35.7875 ] ] ] } },
{ "type": "Feature", "properties": { "grad_nT_km": 34.2, "tier": "moderate", "score": 3.9 }, "geometry": { "type": "Polygon", "coordinates": [ [ [ 128.5875, 35.7875 ], [ 128.5875, 35.8375 ], [ 128.5375, 35.8375 ], [ 128.5375, 35.7875 ], [ 128.5875, 35.7875 ] ] ] } },
{ "type": "Feature", "properties": { "grad_nT_km": 21.5, "tier": "moderate", "score": 5.8 }, "geometry": { "type": "Polygon", "coordinates": [ [ [ 128.6375, 35.7875 ], [ 128.6375, 35.8375 ], [ 128.5875, 35.8375 ], [ 128.5875, 35.7875 ], [ 128.6375, 35.7875 ] ] ] } },
{ "type": "Feature", "properties": { "grad_nT_km": 39.3, "tier": "moderate", "score": 3.4 }, "geometry": { "type": "Polygon", "coordinates": [ [ [ 128.6875, 35.7875 ], [ 128.6875, 35.8375 ], [ 128.6375, 35.8375 ], [ 128.6375, 35.7875 ], [ 128.6875, 35.7875 ] ] ] } },
{ "type": "Feature", "properties": { "grad_nT_km": 33.2, "tier": "moderate", "score": 4.0 }, "geometry": { "type": "Polygon", "coordinates": [ [ [ 128.7375, 35.7875 ], [ 128.7375, 35.8375 ], [ 128.6875, 35.8375 ], [ 128.6875, 35.7875 ], [ 128.7375, 35.7875 ] ] ] } },
{ "type": "Feature", "properties": { "grad_nT_km": 20.7, "tier": "moderate", "score": 6.0 }, "geometry": { "type": "Polygon", "coordinates": [ [ [ 128.7875, 35.7875 ], [ 128.7875, 35.8375 ], [ 128.7375, 35.8375 ], [ 128.7375, 35.7875 ], [ 128.7875, 35.7875 ] ] ] } },
{ "type": "Feature", "properties": { "grad_nT_km": 31.2, "tier": "moderate", "score": 4.2 }, "geometry": { "type": "Polygon", "coordinates": [ [ [ 128.8875, 35.7875 ], [ 128.8875, 35.8375 ], [ 128.8375, 35.8375 ], [ 128.8375, 35.7875 ], [ 128.8875, 35.7875 ] ] ] } },
{ "type": "Feature", "properties": { "grad_nT_km": 15.7, "tier": "moderate", "score": 7.1 }, "geometry": { "type": "Polygon", "coordinates": [ [ [ 129.2875, 35.7875 ], [ 129.2875, 35.8375 ], [ 129.2375, 35.8375 ], [ 129.2375, 35.7875 ], [ 129.2875, 35.7875 ] ] ] } },
{ "type": "Feature", "properties": { "grad_nT_km": 24.1, "tier": "moderate", "score": 5.3 }, "geometry": { "type": "Polygon", "coordinates": [ [ [ 129.3375, 35.7875 ], [ 129.3375, 35.8375 ], [ 129.2875, 35.8375 ], [ 129.2875, 35.7875 ], [ 129.3375, 35.7875 ] ] ] } },
{ "type": "Feature", "properties": { "grad_nT_km": 23.6, "tier": "moderate", "score": 5.4 }, "geometry": { "type": "Polygon", "coordinates": [ [ [ 129.5375, 35.7875 ], [ 129.5375, 35.8375 ], [ 129.4875, 35.8375 ], [ 129.4875, 35.7875 ], [ 129.5375, 35.7875 ] ] ] } },
{ "type": "Feature", "properties": { "grad_nT_km": 31.0, "tier": "moderate", "score": 4.3 }, "geometry": { "type": "Polygon", "coordinates": [ [ [ 126.2875, 35.8375 ], [ 126.2875, 35.8875 ], [ 126.2375, 35.8875 ], [ 126.2375, 35.8375 ], [ 126.2875, 35.8375 ] ] ] } },
{ "type": "Feature", "properties": { "grad_nT_km": 38.6, "tier": "moderate", "score": 3.4 }, "geometry": { "type": "Polygon", "coordinates": [ [ [ 126.3375, 35.8375 ], [ 126.3375, 35.8875 ], [ 126.2875, 35.8875 ], [ 126.2875, 35.8375 ], [ 126.3375, 35.8375 ] ] ] } },
{ "type": "Feature", "properties": { "grad_nT_km": 24.2, "tier": "moderate", "score": 5.3 }, "geometry": { "type": "Polygon", "coordinates": [ [ [ 126.4875, 35.8375 ], [ 126.4875, 35.8875 ], [ 126.4375, 35.8875 ], [ 126.4375, 35.8375 ], [ 126.4875, 35.8375 ] ] ] } },
{ "type": "Feature", "properties": { "grad_nT_km": 24.5, "tier": "moderate", "score": 5.2 }, "geometry": { "type": "Polygon", "coordinates": [ [ [ 126.5375, 35.8375 ], [ 126.5375, 35.8875 ], [ 126.4875, 35.8875 ], [ 126.4875, 35.8375 ], [ 126.5375, 35.8375 ] ] ] } },
{ "type": "Feature", "properties": { "grad_nT_km": 19.7, "tier": "moderate", "score": 6.2 }, "geometry": { "type": "Polygon", "coordinates": [ [ [ 126.6875, 35.8375 ], [ 126.6875, 35.8875 ], [ 126.6375, 35.8875 ], [ 126.6375, 35.8375 ], [ 126.6875, 35.8375 ] ] ] } },
{ "type": "Feature", "properties": { "grad_nT_km": 18.6, "tier": "moderate", "score": 6.4 }, "geometry": { "type": "Polygon", "coordinates": [ [ [ 126.7375, 35.8375 ], [ 126.7375, 35.8875 ], [ 126.6875, 35.8875 ], [ 126.6875, 35.8375 ], [ 126.7375, 35.8375 ] ] ] } },
{ "type": "Feature", "properties": { "grad_nT_km": 25.1, "tier": "moderate", "score": 5.1 }, "geometry": { "type": "Polygon", "coordinates": [ [ [ 126.8875, 35.8375 ], [ 126.8875, 35.8875 ], [ 126.8375, 35.8875 ], [ 126.8375, 35.8375 ], [ 126.8875, 35.8375 ] ] ] } },
{ "type": "Feature", "properties": { "grad_nT_km": 23.5, "tier": "moderate", "score": 5.4 }, "geometry": { "type": "Polygon", "coordinates": [ [ [ 127.0375, 35.8375 ], [ 127.0375, 35.8875 ], [ 126.9875, 35.8875 ], [ 126.9875, 35.8375 ], [ 127.0375, 35.8375 ] ] ] } },
{ "type": "Feature", "properties": { "grad_nT_km": 16.7, "tier": "moderate", "score": 6.9 }, "geometry": { "type": "Polygon", "coordinates": [ [ [ 127.0875, 35.8375 ], [ 127.0875, 35.8875 ], [ 127.0375, 35.8875 ], [ 127.0375, 35.8375 ], [ 127.0875, 35.8375 ] ] ] } },
{ "type": "Feature", "properties": { "grad_nT_km": 25.7, "tier": "moderate", "score": 5.0 }, "geometry": { "type": "Polygon", "coordinates": [ [ [ 127.3875, 35.8375 ], [ 127.3875, 35.8875 ], [ 127.3375, 35.8875 ], [ 127.3375, 35.8375 ], [ 127.3875, 35.8375 ] ] ] } },
{ "type": "Feature", "properties": { "grad_nT_km": 16.9, "tier": "moderate", "score": 6.9 }, "geometry": { "type": "Polygon", "coordinates": [ [ [ 127.4375, 35.8375 ], [ 127.4375, 35.8875 ], [ 127.3875, 35.8875 ], [ 127.3875, 35.8375 ], [ 127.4375, 35.8375 ] ] ] } },
{ "type": "Feature", "properties": { "grad_nT_km": 16.4, "tier": "moderate", "score": 7.0 }, "geometry": { "type": "Polygon", "coordinates": [ [ [ 127.4875, 35.8375 ], [ 127.4875, 35.8875 ], [ 127.4375, 35.8875 ], [ 127.4375, 35.8375 ], [ 127.4875, 35.8375 ] ] ] } },
{ "type": "Feature", "properties": { "grad_nT_km": 15.0, "tier": "moderate", "score": 7.3 }, "geometry": { "type": "Polygon", "coordinates": [ [ [ 127.6375, 35.8375 ], [ 127.6375, 35.8875 ], [ 127.5875, 35.8875 ], [ 127.5875, 35.8375 ], [ 127.6375, 35.8375 ] ] ] } },
{ "type": "Feature", "properties": { "grad_nT_km": 19.1, "tier": "moderate", "score": 6.3 }, "geometry": { "type": "Polygon", "coordinates": [ [ [ 127.6875, 35.8375 ], [ 127.6875, 35.8875 ], [ 127.6375, 35.8875 ], [ 127.6375, 35.8375 ], [ 127.6875, 35.8375 ] ] ] } },
{ "type": "Feature", "properties": { "grad_nT_km": 33.1, "tier": "moderate", "score": 4.0 }, "geometry": { "type": "Polygon", "coordinates": [ [ [ 127.8375, 35.8375 ], [ 127.8375, 35.8875 ], [ 127.7875, 35.8875 ], [ 127.7875, 35.8375 ], [ 127.8375, 35.8375 ] ] ] } },
{ "type": "Feature", "properties": { "grad_nT_km": 33.2, "tier": "moderate", "score": 4.0 }, "geometry": { "type": "Polygon", "coordinates": [ [ [ 128.0875, 35.8375 ], [ 128.0875, 35.8875 ], [ 128.0375, 35.8875 ], [ 128.0375, 35.8375 ], [ 128.0875, 35.8375 ] ] ] } },
{ "type": "Feature", "properties": { "grad_nT_km": 27.8, "tier": "moderate", "score": 4.7 }, "geometry": { "type": "Polygon", "coordinates": [ [ [ 128.1375, 35.8375 ], [ 128.1375, 35.8875 ], [ 128.0875, 35.8875 ], [ 128.0875, 35.8375 ], [ 128.1375, 35.8375 ] ] ] } },
{ "type": "Feature", "properties": { "grad_nT_km": 20.6, "tier": "moderate", "score": 6.0 }, "geometry": { "type": "Polygon", "coordinates": [ [ [ 128.2375, 35.8375 ], [ 128.2375, 35.8875 ], [ 128.1875, 35.8875 ], [ 128.1875, 35.8375 ], [ 128.2375, 35.8375 ] ] ] } },
{ "type": "Feature", "properties": { "grad_nT_km": 26.0, "tier": "moderate", "score": 5.0 }, "geometry": { "type": "Polygon", "coordinates": [ [ [ 128.2875, 35.8375 ], [ 128.2875, 35.8875 ], [ 128.2375, 35.8875 ], [ 128.2375, 35.8375 ], [ 128.2875, 35.8375 ] ] ] } },
{ "type": "Feature", "properties": { "grad_nT_km": 20.9, "tier": "moderate", "score": 5.9 }, "geometry": { "type": "Polygon", "coordinates": [ [ [ 128.3875, 35.8375 ], [ 128.3875, 35.8875 ], [ 128.3375, 35.8875 ], [ 128.3375, 35.8375 ], [ 128.3875, 35.8375 ] ] ] } },
{ "type": "Feature", "properties": { "grad_nT_km": 15.9, "tier": "moderate", "score": 7.1 }, "geometry": { "type": "Polygon", "coordinates": [ [ [ 128.4875, 35.8375 ], [ 128.4875, 35.8875 ], [ 128.4375, 35.8875 ], [ 128.4375, 35.8375 ], [ 128.4875, 35.8375 ] ] ] } },
{ "type": "Feature", "properties": { "grad_nT_km": 15.7, "tier": "moderate", "score": 7.2 }, "geometry": { "type": "Polygon", "coordinates": [ [ [ 128.5375, 35.8375 ], [ 128.5375, 35.8875 ], [ 128.4875, 35.8875 ], [ 128.4875, 35.8375 ], [ 128.5375, 35.8375 ] ] ] } },
{ "type": "Feature", "properties": { "grad_nT_km": 29.3, "tier": "moderate", "score": 4.5 }, "geometry": { "type": "Polygon", "coordinates": [ [ [ 128.5875, 35.8375 ], [ 128.5875, 35.8875 ], [ 128.5375, 35.8875 ], [ 128.5375, 35.8375 ], [ 128.5875, 35.8375 ] ] ] } },
{ "type": "Feature", "properties": { "grad_nT_km": 36.5, "tier": "moderate", "score": 3.7 }, "geometry": { "type": "Polygon", "coordinates": [ [ [ 128.6375, 35.8375 ], [ 128.6375, 35.8875 ], [ 128.5875, 35.8875 ], [ 128.5875, 35.8375 ], [ 128.6375, 35.8375 ] ] ] } },
{ "type": "Feature", "properties": { "grad_nT_km": 20.4, "tier": "moderate", "score": 6.0 }, "geometry": { "type": "Polygon", "coordinates": [ [ [ 128.8375, 35.8375 ], [ 128.8375, 35.8875 ], [ 128.7875, 35.8875 ], [ 128.7875, 35.8375 ], [ 128.8375, 35.8375 ] ] ] } },
{ "type": "Feature", "properties": { "grad_nT_km": 38.1, "tier": "moderate", "score": 3.5 }, "geometry": { "type": "Polygon", "coordinates": [ [ [ 128.8875, 35.8375 ], [ 128.8875, 35.8875 ], [ 128.8375, 35.8875 ], [ 128.8375, 35.8375 ], [ 128.8875, 35.8375 ] ] ] } },
{ "type": "Feature", "properties": { "grad_nT_km": 30.4, "tier": "moderate", "score": 4.4 }, "geometry": { "type": "Polygon", "coordinates": [ [ [ 129.0375, 35.8375 ], [ 129.0375, 35.8875 ], [ 128.9875, 35.8875 ], [ 128.9875, 35.8375 ], [ 129.0375, 35.8375 ] ] ] } },
{ "type": "Feature", "properties": { "grad_nT_km": 31.5, "tier": "moderate", "score": 4.2 }, "geometry": { "type": "Polygon", "coordinates": [ [ [ 129.0875, 35.8375 ], [ 129.0875, 35.8875 ], [ 129.0375, 35.8875 ], [ 129.0375, 35.8375 ], [ 129.0875, 35.8375 ] ] ] } },
{ "type": "Feature", "properties": { "grad_nT_km": 26.8, "tier": "moderate", "score": 4.9 }, "geometry": { "type": "Polygon", "coordinates": [ [ [ 129.1375, 35.8375 ], [ 129.1375, 35.8875 ], [ 129.0875, 35.8875 ], [ 129.0875, 35.8375 ], [ 129.1375, 35.8375 ] ] ] } },
{ "type": "Feature", "properties": { "grad_nT_km": 26.5, "tier": "moderate", "score": 4.9 }, "geometry": { "type": "Polygon", "coordinates": [ [ [ 129.2875, 35.8375 ], [ 129.2875, 35.8875 ], [ 129.2375, 35.8875 ], [ 129.2375, 35.8375 ], [ 129.2875, 35.8375 ] ] ] } },
{ "type": "Feature", "properties": { "grad_nT_km": 19.5, "tier": "moderate", "score": 6.2 }, "geometry": { "type": "Polygon", "coordinates": [ [ [ 129.3375, 35.8375 ], [ 129.3375, 35.8875 ], [ 129.2875, 35.8875 ], [ 129.2875, 35.8375 ], [ 129.3375, 35.8375 ] ] ] } },
{ "type": "Feature", "properties": { "grad_nT_km": 20.7, "tier": "moderate", "score": 6.0 }, "geometry": { "type": "Polygon", "coordinates": [ [ [ 129.3875, 35.8375 ], [ 129.3875, 35.8875 ], [ 129.3375, 35.8875 ], [ 129.3375, 35.8375 ], [ 129.3875, 35.8375 ] ] ] } },
{ "type": "Feature", "properties": { "grad_nT_km": 39.6, "tier": "moderate", "score": 3.4 }, "geometry": { "type": "Polygon", "coordinates": [ [ [ 129.4875, 35.8375 ], [ 129.4875, 35.8875 ], [ 129.4375, 35.8875 ], [ 129.4375, 35.8375 ], [ 129.4875, 35.8375 ] ] ] } },
{ "type": "Feature", "properties": { "grad_nT_km": 35.5, "tier": "moderate", "score": 3.8 }, "geometry": { "type": "Polygon", "coordinates": [ [ [ 129.5375, 35.8375 ], [ 129.5375, 35.8875 ], [ 129.4875, 35.8875 ], [ 129.4875, 35.8375 ], [ 129.5375, 35.8375 ] ] ] } },
{ "type": "Feature", "properties": { "grad_nT_km": 29.6, "tier": "moderate", "score": 4.5 }, "geometry": { "type": "Polygon", "coordinates": [ [ [ 126.2875, 35.8875 ], [ 126.2875, 35.9375 ], [ 126.2375, 35.9375 ], [ 126.2375, 35.8875 ], [ 126.2875, 35.8875 ] ] ] } },
{ "type": "Feature", "properties": { "grad_nT_km": 27.0, "tier": "moderate", "score": 4.8 }, "geometry": { "type": "Polygon", "coordinates": [ [ [ 126.3375, 35.8875 ], [ 126.3375, 35.9375 ], [ 126.2875, 35.9375 ], [ 126.2875, 35.8875 ], [ 126.3375, 35.8875 ] ] ] } },
{ "type": "Feature", "properties": { "grad_nT_km": 27.6, "tier": "moderate", "score": 4.7 }, "geometry": { "type": "Polygon", "coordinates": [ [ [ 126.3875, 35.8875 ], [ 126.3875, 35.9375 ], [ 126.3375, 35.9375 ], [ 126.3375, 35.8875 ], [ 126.3875, 35.8875 ] ] ] } },
{ "type": "Feature", "properties": { "grad_nT_km": 18.0, "tier": "moderate", "score": 6.6 }, "geometry": { "type": "Polygon", "coordinates": [ [ [ 126.4375, 35.8875 ], [ 126.4375, 35.9375 ], [ 126.3875, 35.9375 ], [ 126.3875, 35.8875 ], [ 126.4375, 35.8875 ] ] ] } },
{ "type": "Feature", "properties": { "grad_nT_km": 26.7, "tier": "moderate", "score": 4.9 }, "geometry": { "type": "Polygon", "coordinates": [ [ [ 126.4875, 35.8875 ], [ 126.4875, 35.9375 ], [ 126.4375, 35.9375 ], [ 126.4375, 35.8875 ], [ 126.4875, 35.8875 ] ] ] } },
{ "type": "Feature", "properties": { "grad_nT_km": 29.1, "tier": "moderate", "score": 4.5 }, "geometry": { "type": "Polygon", "coordinates": [ [ [ 126.6375, 35.8875 ], [ 126.6375, 35.9375 ], [ 126.5875, 35.9375 ], [ 126.5875, 35.8875 ], [ 126.6375, 35.8875 ] ] ] } },
{ "type": "Feature", "properties": { "grad_nT_km": 26.4, "tier": "moderate", "score": 4.9 }, "geometry": { "type": "Polygon", "coordinates": [ [ [ 126.6875, 35.8875 ], [ 126.6875, 35.9375 ], [ 126.6375, 35.9375 ], [ 126.6375, 35.8875 ], [ 126.6875, 35.8875 ] ] ] } },
{ "type": "Feature", "properties": { "grad_nT_km": 24.5, "tier": "moderate", "score": 5.2 }, "geometry": { "type": "Polygon", "coordinates": [ [ [ 126.7375, 35.8875 ], [ 126.7375, 35.9375 ], [ 126.6875, 35.9375 ], [ 126.6875, 35.8875 ], [ 126.7375, 35.8875 ] ] ] } },
{ "type": "Feature", "properties": { "grad_nT_km": 28.4, "tier": "moderate", "score": 4.6 }, "geometry": { "type": "Polygon", "coordinates": [ [ [ 127.0375, 35.8875 ], [ 127.0375, 35.9375 ], [ 126.9875, 35.9375 ], [ 126.9875, 35.8875 ], [ 127.0375, 35.8875 ] ] ] } },
{ "type": "Feature", "properties": { "grad_nT_km": 21.7, "tier": "moderate", "score": 5.8 }, "geometry": { "type": "Polygon", "coordinates": [ [ [ 127.0875, 35.8875 ], [ 127.0875, 35.9375 ], [ 127.0375, 35.9375 ], [ 127.0375, 35.8875 ], [ 127.0875, 35.8875 ] ] ] } },
{ "type": "Feature", "properties": { "grad_nT_km": 24.4, "tier": "moderate", "score": 5.3 }, "geometry": { "type": "Polygon", "coordinates": [ [ [ 127.1375, 35.8875 ], [ 127.1375, 35.9375 ], [ 127.0875, 35.9375 ], [ 127.0875, 35.8875 ], [ 127.1375, 35.8875 ] ] ] } },
{ "type": "Feature", "properties": { "grad_nT_km": 21.4, "tier": "moderate", "score": 5.8 }, "geometry": { "type": "Polygon", "coordinates": [ [ [ 127.2875, 35.8875 ], [ 127.2875, 35.9375 ], [ 127.2375, 35.9375 ], [ 127.2375, 35.8875 ], [ 127.2875, 35.8875 ] ] ] } },
{ "type": "Feature", "properties": { "grad_nT_km": 16.4, "tier": "moderate", "score": 7.0 }, "geometry": { "type": "Polygon", "coordinates": [ [ [ 127.3375, 35.8875 ], [ 127.3375, 35.9375 ], [ 127.2875, 35.9375 ], [ 127.2875, 35.8875 ], [ 127.3375, 35.8875 ] ] ] } },
{ "type": "Feature", "properties": { "grad_nT_km": 37.4, "tier": "moderate", "score": 3.6 }, "geometry": { "type": "Polygon", "coordinates": [ [ [ 127.3875, 35.8875 ], [ 127.3875, 35.9375 ], [ 127.3375, 35.9375 ], [ 127.3375, 35.8875 ], [ 127.3875, 35.8875 ] ] ] } },
{ "type": "Feature", "properties": { "grad_nT_km": 29.1, "tier": "moderate", "score": 4.5 }, "geometry": { "type": "Polygon", "coordinates": [ [ [ 127.4375, 35.8875 ], [ 127.4375, 35.9375 ], [ 127.3875, 35.9375 ], [ 127.3875, 35.8875 ], [ 127.4375, 35.8875 ] ] ] } },
{ "type": "Feature", "properties": { "grad_nT_km": 17.3, "tier": "moderate", "score": 6.8 }, "geometry": { "type": "Polygon", "coordinates": [ [ [ 127.5375, 35.8875 ], [ 127.5375, 35.9375 ], [ 127.4875, 35.9375 ], [ 127.4875, 35.8875 ], [ 127.5375, 35.8875 ] ] ] } },
{ "type": "Feature", "properties": { "grad_nT_km": 15.2, "tier": "moderate", "score": 7.3 }, "geometry": { "type": "Polygon", "coordinates": [ [ [ 127.5875, 35.8875 ], [ 127.5875, 35.9375 ], [ 127.5375, 35.9375 ], [ 127.5375, 35.8875 ], [ 127.5875, 35.8875 ] ] ] } },
{ "type": "Feature", "properties": { "grad_nT_km": 17.9, "tier": "moderate", "score": 6.6 }, "geometry": { "type": "Polygon", "coordinates": [ [ [ 127.6375, 35.8875 ], [ 127.6375, 35.9375 ], [ 127.5875, 35.9375 ], [ 127.5875, 35.8875 ], [ 127.6375, 35.8875 ] ] ] } },
{ "type": "Feature", "properties": { "grad_nT_km": 22.4, "tier": "moderate", "score": 5.6 }, "geometry": { "type": "Polygon", "coordinates": [ [ [ 127.7375, 35.8875 ], [ 127.7375, 35.9375 ], [ 127.6875, 35.9375 ], [ 127.6875, 35.8875 ], [ 127.7375, 35.8875 ] ] ] } },
{ "type": "Feature", "properties": { "grad_nT_km": 24.9, "tier": "moderate", "score": 5.2 }, "geometry": { "type": "Polygon", "coordinates": [ [ [ 127.7875, 35.8875 ], [ 127.7875, 35.9375 ], [ 127.7375, 35.9375 ], [ 127.7375, 35.8875 ], [ 127.7875, 35.8875 ] ] ] } },
{ "type": "Feature", "properties": { "grad_nT_km": 35.0, "tier": "moderate", "score": 3.8 }, "geometry": { "type": "Polygon", "coordinates": [ [ [ 127.9875, 35.8875 ], [ 127.9875, 35.9375 ], [ 127.9375, 35.9375 ], [ 127.9375, 35.8875 ], [ 127.9875, 35.8875 ] ] ] } },
{ "type": "Feature", "properties": { "grad_nT_km": 28.4, "tier": "moderate", "score": 4.6 }, "geometry": { "type": "Polygon", "coordinates": [ [ [ 128.0375, 35.8875 ], [ 128.0375, 35.9375 ], [ 127.9875, 35.9375 ], [ 127.9875, 35.8875 ], [ 128.0375, 35.8875 ] ] ] } },
{ "type": "Feature", "properties": { "grad_nT_km": 22.8, "tier": "moderate", "score": 5.6 }, "geometry": { "type": "Polygon", "coordinates": [ [ [ 128.0875, 35.8875 ], [ 128.0875, 35.9375 ], [ 128.0375, 35.9375 ], [ 128.0375, 35.8875 ], [ 128.0875, 35.8875 ] ] ] } },
{ "type": "Feature", "properties": { "grad_nT_km": 37.4, "tier": "moderate", "score": 3.6 }, "geometry": { "type": "Polygon", "coordinates": [ [ [ 128.3375, 35.8875 ], [ 128.3375, 35.9375 ], [ 128.2875, 35.9375 ], [ 128.2875, 35.8875 ], [ 128.3375, 35.8875 ] ] ] } },
{ "type": "Feature", "properties": { "grad_nT_km": 18.5, "tier": "moderate", "score": 6.5 }, "geometry": { "type": "Polygon", "coordinates": [ [ [ 128.4375, 35.8875 ], [ 128.4375, 35.9375 ], [ 128.3875, 35.9375 ], [ 128.3875, 35.8875 ], [ 128.4375, 35.8875 ] ] ] } },
{ "type": "Feature", "properties": { "grad_nT_km": 21.9, "tier": "moderate", "score": 5.7 }, "geometry": { "type": "Polygon", "coordinates": [ [ [ 128.4875, 35.8875 ], [ 128.4875, 35.9375 ], [ 128.4375, 35.9375 ], [ 128.4375, 35.8875 ], [ 128.4875, 35.8875 ] ] ] } },
{ "type": "Feature", "properties": { "grad_nT_km": 37.2, "tier": "moderate", "score": 3.6 }, "geometry": { "type": "Polygon", "coordinates": [ [ [ 128.5375, 35.8875 ], [ 128.5375, 35.9375 ], [ 128.4875, 35.9375 ], [ 128.4875, 35.8875 ], [ 128.5375, 35.8875 ] ] ] } },
{ "type": "Feature", "properties": { "grad_nT_km": 35.4, "tier": "moderate", "score": 3.8 }, "geometry": { "type": "Polygon", "coordinates": [ [ [ 128.5875, 35.8875 ], [ 128.5875, 35.9375 ], [ 128.5375, 35.9375 ], [ 128.5375, 35.8875 ], [ 128.5875, 35.8875 ] ] ] } },
{ "type": "Feature", "properties": { "grad_nT_km": 20.4, "tier": "moderate", "score": 6.0 }, "geometry": { "type": "Polygon", "coordinates": [ [ [ 128.6375, 35.8875 ], [ 128.6375, 35.9375 ], [ 128.5875, 35.9375 ], [ 128.5875, 35.8875 ], [ 128.6375, 35.8875 ] ] ] } },
{ "type": "Feature", "properties": { "grad_nT_km": 38.2, "tier": "moderate", "score": 3.5 }, "geometry": { "type": "Polygon", "coordinates": [ [ [ 128.7375, 35.8875 ], [ 128.7375, 35.9375 ], [ 128.6875, 35.9375 ], [ 128.6875, 35.8875 ], [ 128.7375, 35.8875 ] ] ] } },
{ "type": "Feature", "properties": { "grad_nT_km": 34.2, "tier": "moderate", "score": 3.9 }, "geometry": { "type": "Polygon", "coordinates": [ [ [ 128.9375, 35.8875 ], [ 128.9375, 35.9375 ], [ 128.8875, 35.9375 ], [ 128.8875, 35.8875 ], [ 128.9375, 35.8875 ] ] ] } },
{ "type": "Feature", "properties": { "grad_nT_km": 36.5, "tier": "moderate", "score": 3.6 }, "geometry": { "type": "Polygon", "coordinates": [ [ [ 129.0375, 35.8875 ], [ 129.0375, 35.9375 ], [ 128.9875, 35.9375 ], [ 128.9875, 35.8875 ], [ 129.0375, 35.8875 ] ] ] } },
{ "type": "Feature", "properties": { "grad_nT_km": 19.2, "tier": "moderate", "score": 6.3 }, "geometry": { "type": "Polygon", "coordinates": [ [ [ 129.0875, 35.8875 ], [ 129.0875, 35.9375 ], [ 129.0375, 35.9375 ], [ 129.0375, 35.8875 ], [ 129.0875, 35.8875 ] ] ] } },
{ "type": "Feature", "properties": { "grad_nT_km": 20.9, "tier": "moderate", "score": 5.9 }, "geometry": { "type": "Polygon", "coordinates": [ [ [ 129.1375, 35.8875 ], [ 129.1375, 35.9375 ], [ 129.0875, 35.9375 ], [ 129.0875, 35.8875 ], [ 129.1375, 35.8875 ] ] ] } },
{ "type": "Feature", "properties": { "grad_nT_km": 27.0, "tier": "moderate", "score": 4.8 }, "geometry": { "type": "Polygon", "coordinates": [ [ [ 129.2875, 35.8875 ], [ 129.2875, 35.9375 ], [ 129.2375, 35.9375 ], [ 129.2375, 35.8875 ], [ 129.2875, 35.8875 ] ] ] } },
{ "type": "Feature", "properties": { "grad_nT_km": 18.7, "tier": "moderate", "score": 6.4 }, "geometry": { "type": "Polygon", "coordinates": [ [ [ 129.3375, 35.8875 ], [ 129.3375, 35.9375 ], [ 129.2875, 35.9375 ], [ 129.2875, 35.8875 ], [ 129.3375, 35.8875 ] ] ] } },
{ "type": "Feature", "properties": { "grad_nT_km": 20.1, "tier": "moderate", "score": 6.1 }, "geometry": { "type": "Polygon", "coordinates": [ [ [ 129.3875, 35.8875 ], [ 129.3875, 35.9375 ], [ 129.3375, 35.9375 ], [ 129.3375, 35.8875 ], [ 129.3875, 35.8875 ] ] ] } },
{ "type": "Feature", "properties": { "grad_nT_km": 21.0, "tier": "moderate", "score": 5.9 }, "geometry": { "type": "Polygon", "coordinates": [ [ [ 129.4375, 35.8875 ], [ 129.4375, 35.9375 ], [ 129.3875, 35.9375 ], [ 129.3875, 35.8875 ], [ 129.4375, 35.8875 ] ] ] } },
{ "type": "Feature", "properties": { "grad_nT_km": 34.3, "tier": "moderate", "score": 3.9 }, "geometry": { "type": "Polygon", "coordinates": [ [ [ 126.2875, 35.9375 ], [ 126.2875, 35.9875 ], [ 126.2375, 35.9875 ], [ 126.2375, 35.9375 ], [ 126.2875, 35.9375 ] ] ] } },
{ "type": "Feature", "properties": { "grad_nT_km": 15.9, "tier": "moderate", "score": 7.1 }, "geometry": { "type": "Polygon", "coordinates": [ [ [ 126.3375, 35.9375 ], [ 126.3375, 35.9875 ], [ 126.2875, 35.9875 ], [ 126.2875, 35.9375 ], [ 126.3375, 35.9375 ] ] ] } },
{ "type": "Feature", "properties": { "grad_nT_km": 17.2, "tier": "moderate", "score": 6.8 }, "geometry": { "type": "Polygon", "coordinates": [ [ [ 126.3875, 35.9375 ], [ 126.3875, 35.9875 ], [ 126.3375, 35.9875 ], [ 126.3375, 35.9375 ], [ 126.3875, 35.9375 ] ] ] } },
{ "type": "Feature", "properties": { "grad_nT_km": 30.0, "tier": "moderate", "score": 4.4 }, "geometry": { "type": "Polygon", "coordinates": [ [ [ 126.4375, 35.9375 ], [ 126.4375, 35.9875 ], [ 126.3875, 35.9875 ], [ 126.3875, 35.9375 ], [ 126.4375, 35.9375 ] ] ] } },
{ "type": "Feature", "properties": { "grad_nT_km": 33.6, "tier": "moderate", "score": 4.0 }, "geometry": { "type": "Polygon", "coordinates": [ [ [ 126.4875, 35.9375 ], [ 126.4875, 35.9875 ], [ 126.4375, 35.9875 ], [ 126.4375, 35.9375 ], [ 126.4875, 35.9375 ] ] ] } },
{ "type": "Feature", "properties": { "grad_nT_km": 38.6, "tier": "moderate", "score": 3.4 }, "geometry": { "type": "Polygon", "coordinates": [ [ [ 126.5375, 35.9375 ], [ 126.5375, 35.9875 ], [ 126.4875, 35.9875 ], [ 126.4875, 35.9375 ], [ 126.5375, 35.9375 ] ] ] } },
{ "type": "Feature", "properties": { "grad_nT_km": 21.3, "tier": "moderate", "score": 5.8 }, "geometry": { "type": "Polygon", "coordinates": [ [ [ 126.5875, 35.9375 ], [ 126.5875, 35.9875 ], [ 126.5375, 35.9875 ], [ 126.5375, 35.9375 ], [ 126.5875, 35.9375 ] ] ] } },
{ "type": "Feature", "properties": { "grad_nT_km": 30.2, "tier": "moderate", "score": 4.4 }, "geometry": { "type": "Polygon", "coordinates": [ [ [ 126.6375, 35.9375 ], [ 126.6375, 35.9875 ], [ 126.5875, 35.9875 ], [ 126.5875, 35.9375 ], [ 126.6375, 35.9375 ] ] ] } },
{ "type": "Feature", "properties": { "grad_nT_km": 15.0, "tier": "moderate", "score": 7.3 }, "geometry": { "type": "Polygon", "coordinates": [ [ [ 126.6875, 35.9375 ], [ 126.6875, 35.9875 ], [ 126.6375, 35.9875 ], [ 126.6375, 35.9375 ], [ 126.6875, 35.9375 ] ] ] } },
{ "type": "Feature", "properties": { "grad_nT_km": 22.4, "tier": "moderate", "score": 5.6 }, "geometry": { "type": "Polygon", "coordinates": [ [ [ 126.7375, 35.9375 ], [ 126.7375, 35.9875 ], [ 126.6875, 35.9875 ], [ 126.6875, 35.9375 ], [ 126.7375, 35.9375 ] ] ] } },
{ "type": "Feature", "properties": { "grad_nT_km": 15.1, "tier": "moderate", "score": 7.3 }, "geometry": { "type": "Polygon", "coordinates": [ [ [ 126.9375, 35.9375 ], [ 126.9375, 35.9875 ], [ 126.8875, 35.9875 ], [ 126.8875, 35.9375 ], [ 126.9375, 35.9375 ] ] ] } },
{ "type": "Feature", "properties": { "grad_nT_km": 21.6, "tier": "moderate", "score": 5.8 }, "geometry": { "type": "Polygon", "coordinates": [ [ [ 126.9875, 35.9375 ], [ 126.9875, 35.9875 ], [ 126.9375, 35.9875 ], [ 126.9375, 35.9375 ], [ 126.9875, 35.9375 ] ] ] } },
{ "type": "Feature", "properties": { "grad_nT_km": 17.1, "tier": "moderate", "score": 6.8 }, "geometry": { "type": "Polygon", "coordinates": [ [ [ 127.0375, 35.9375 ], [ 127.0375, 35.9875 ], [ 126.9875, 35.9875 ], [ 126.9875, 35.9375 ], [ 127.0375, 35.9375 ] ] ] } },
{ "type": "Feature", "properties": { "grad_nT_km": 33.4, "tier": "moderate", "score": 4.0 }, "geometry": { "type": "Polygon", "coordinates": [ [ [ 127.0875, 35.9375 ], [ 127.0875, 35.9875 ], [ 127.0375, 35.9875 ], [ 127.0375, 35.9375 ], [ 127.0875, 35.9375 ] ] ] } },
{ "type": "Feature", "properties": { "grad_nT_km": 27.3, "tier": "moderate", "score": 4.8 }, "geometry": { "type": "Polygon", "coordinates": [ [ [ 127.1375, 35.9375 ], [ 127.1375, 35.9875 ], [ 127.0875, 35.9875 ], [ 127.0875, 35.9375 ], [ 127.1375, 35.9375 ] ] ] } },
{ "type": "Feature", "properties": { "grad_nT_km": 38.6, "tier": "moderate", "score": 3.4 }, "geometry": { "type": "Polygon", "coordinates": [ [ [ 127.2875, 35.9375 ], [ 127.2875, 35.9875 ], [ 127.2375, 35.9875 ], [ 127.2375, 35.9375 ], [ 127.2875, 35.9375 ] ] ] } },
{ "type": "Feature", "properties": { "grad_nT_km": 16.3, "tier": "moderate", "score": 7.0 }, "geometry": { "type": "Polygon", "coordinates": [ [ [ 127.4375, 35.9375 ], [ 127.4375, 35.9875 ], [ 127.3875, 35.9875 ], [ 127.3875, 35.9375 ], [ 127.4375, 35.9375 ] ] ] } },
{ "type": "Feature", "properties": { "grad_nT_km": 33.2, "tier": "moderate", "score": 4.0 }, "geometry": { "type": "Polygon", "coordinates": [ [ [ 127.6875, 35.9375 ], [ 127.6875, 35.9875 ], [ 127.6375, 35.9875 ], [ 127.6375, 35.9375 ], [ 127.6875, 35.9375 ] ] ] } },
{ "type": "Feature", "properties": { "grad_nT_km": 28.1, "tier": "moderate", "score": 4.7 }, "geometry": { "type": "Polygon", "coordinates": [ [ [ 127.8375, 35.9375 ], [ 127.8375, 35.9875 ], [ 127.7875, 35.9875 ], [ 127.7875, 35.9375 ], [ 127.8375, 35.9375 ] ] ] } },
{ "type": "Feature", "properties": { "grad_nT_km": 25.0, "tier": "moderate", "score": 5.2 }, "geometry": { "type": "Polygon", "coordinates": [ [ [ 128.0375, 35.9375 ], [ 128.0375, 35.9875 ], [ 127.9875, 35.9875 ], [ 127.9875, 35.9375 ], [ 128.0375, 35.9375 ] ] ] } },
{ "type": "Feature", "properties": { "grad_nT_km": 16.8, "tier": "moderate", "score": 6.9 }, "geometry": { "type": "Polygon", "coordinates": [ [ [ 128.0875, 35.9375 ], [ 128.0875, 35.9875 ], [ 128.0375, 35.9875 ], [ 128.0375, 35.9375 ], [ 128.0875, 35.9375 ] ] ] } },
{ "type": "Feature", "properties": { "grad_nT_km": 27.2, "tier": "moderate", "score": 4.8 }, "geometry": { "type": "Polygon", "coordinates": [ [ [ 128.1375, 35.9375 ], [ 128.1375, 35.9875 ], [ 128.0875, 35.9875 ], [ 128.0875, 35.9375 ], [ 128.1375, 35.9375 ] ] ] } },
{ "type": "Feature", "properties": { "grad_nT_km": 17.6, "tier": "moderate", "score": 6.7 }, "geometry": { "type": "Polygon", "coordinates": [ [ [ 128.1875, 35.9375 ], [ 128.1875, 35.9875 ], [ 128.1375, 35.9875 ], [ 128.1375, 35.9375 ], [ 128.1875, 35.9375 ] ] ] } },
{ "type": "Feature", "properties": { "grad_nT_km": 24.5, "tier": "moderate", "score": 5.3 }, "geometry": { "type": "Polygon", "coordinates": [ [ [ 128.2375, 35.9375 ], [ 128.2375, 35.9875 ], [ 128.1875, 35.9875 ], [ 128.1875, 35.9375 ], [ 128.2375, 35.9375 ] ] ] } },
{ "type": "Feature", "properties": { "grad_nT_km": 16.0, "tier": "moderate", "score": 7.1 }, "geometry": { "type": "Polygon", "coordinates": [ [ [ 128.3375, 35.9375 ], [ 128.3375, 35.9875 ], [ 128.2875, 35.9875 ], [ 128.2875, 35.9375 ], [ 128.3375, 35.9375 ] ] ] } },
{ "type": "Feature", "properties": { "grad_nT_km": 24.0, "tier": "moderate", "score": 5.3 }, "geometry": { "type": "Polygon", "coordinates": [ [ [ 128.3875, 35.9375 ], [ 128.3875, 35.9875 ], [ 128.3375, 35.9875 ], [ 128.3375, 35.9375 ], [ 128.3875, 35.9375 ] ] ] } },
{ "type": "Feature", "properties": { "grad_nT_km": 20.2, "tier": "moderate", "score": 6.1 }, "geometry": { "type": "Polygon", "coordinates": [ [ [ 128.4375, 35.9375 ], [ 128.4375, 35.9875 ], [ 128.3875, 35.9875 ], [ 128.3875, 35.9375 ], [ 128.4375, 35.9375 ] ] ] } },
{ "type": "Feature", "properties": { "grad_nT_km": 28.5, "tier": "moderate", "score": 4.6 }, "geometry": { "type": "Polygon", "coordinates": [ [ [ 128.4875, 35.9375 ], [ 128.4875, 35.9875 ], [ 128.4375, 35.9875 ], [ 128.4375, 35.9375 ], [ 128.4875, 35.9375 ] ] ] } },
{ "type": "Feature", "properties": { "grad_nT_km": 32.4, "tier": "moderate", "score": 4.1 }, "geometry": { "type": "Polygon", "coordinates": [ [ [ 128.5875, 35.9375 ], [ 128.5875, 35.9875 ], [ 128.5375, 35.9875 ], [ 128.5375, 35.9375 ], [ 128.5875, 35.9375 ] ] ] } },
{ "type": "Feature", "properties": { "grad_nT_km": 34.2, "tier": "moderate", "score": 3.9 }, "geometry": { "type": "Polygon", "coordinates": [ [ [ 128.6875, 35.9375 ], [ 128.6875, 35.9875 ], [ 128.6375, 35.9875 ], [ 128.6375, 35.9375 ], [ 128.6875, 35.9375 ] ] ] } },
{ "type": "Feature", "properties": { "grad_nT_km": 27.0, "tier": "moderate", "score": 4.8 }, "geometry": { "type": "Polygon", "coordinates": [ [ [ 128.7375, 35.9375 ], [ 128.7375, 35.9875 ], [ 128.6875, 35.9875 ], [ 128.6875, 35.9375 ], [ 128.7375, 35.9375 ] ] ] } },
{ "type": "Feature", "properties": { "grad_nT_km": 35.4, "tier": "moderate", "score": 3.8 }, "geometry": { "type": "Polygon", "coordinates": [ [ [ 128.7875, 35.9375 ], [ 128.7875, 35.9875 ], [ 128.7375, 35.9875 ], [ 128.7375, 35.9375 ], [ 128.7875, 35.9375 ] ] ] } },
{ "type": "Feature", "properties": { "grad_nT_km": 20.0, "tier": "moderate", "score": 6.1 }, "geometry": { "type": "Polygon", "coordinates": [ [ [ 128.8375, 35.9375 ], [ 128.8375, 35.9875 ], [ 128.7875, 35.9875 ], [ 128.7875, 35.9375 ], [ 128.8375, 35.9375 ] ] ] } },
{ "type": "Feature", "properties": { "grad_nT_km": 15.8, "tier": "moderate", "score": 7.1 }, "geometry": { "type": "Polygon", "coordinates": [ [ [ 128.8875, 35.9375 ], [ 128.8875, 35.9875 ], [ 128.8375, 35.9875 ], [ 128.8375, 35.9375 ], [ 128.8875, 35.9375 ] ] ] } },
{ "type": "Feature", "properties": { "grad_nT_km": 17.6, "tier": "moderate", "score": 6.7 }, "geometry": { "type": "Polygon", "coordinates": [ [ [ 129.0375, 35.9375 ], [ 129.0375, 35.9875 ], [ 128.9875, 35.9875 ], [ 128.9875, 35.9375 ], [ 129.0375, 35.9375 ] ] ] } },
{ "type": "Feature", "properties": { "grad_nT_km": 19.5, "tier": "moderate", "score": 6.2 }, "geometry": { "type": "Polygon", "coordinates": [ [ [ 129.0875, 35.9375 ], [ 129.0875, 35.9875 ], [ 129.0375, 35.9875 ], [ 129.0375, 35.9375 ], [ 129.0875, 35.9375 ] ] ] } },
{ "type": "Feature", "properties": { "grad_nT_km": 22.6, "tier": "moderate", "score": 5.6 }, "geometry": { "type": "Polygon", "coordinates": [ [ [ 129.3875, 35.9375 ], [ 129.3875, 35.9875 ], [ 129.3375, 35.9875 ], [ 129.3375, 35.9375 ], [ 129.3875, 35.9375 ] ] ] } },
{ "type": "Feature", "properties": { "grad_nT_km": 39.0, "tier": "moderate", "score": 3.4 }, "geometry": { "type": "Polygon", "coordinates": [ [ [ 129.5375, 35.9375 ], [ 129.5375, 35.9875 ], [ 129.4875, 35.9875 ], [ 129.4875, 35.9375 ], [ 129.5375, 35.9375 ] ] ] } },
{ "type": "Feature", "properties": { "grad_nT_km": 24.9, "tier": "moderate", "score": 5.2 }, "geometry": { "type": "Polygon", "coordinates": [ [ [ 126.0375, 35.9875 ], [ 126.0375, 36.0375 ], [ 125.9875, 36.0375 ], [ 125.9875, 35.9875 ], [ 126.0375, 35.9875 ] ] ] } },
{ "type": "Feature", "properties": { "grad_nT_km": 20.1, "tier": "moderate", "score": 6.1 }, "geometry": { "type": "Polygon", "coordinates": [ [ [ 126.0875, 35.9875 ], [ 126.0875, 36.0375 ], [ 126.0375, 36.0375 ], [ 126.0375, 35.9875 ], [ 126.0875, 35.9875 ] ] ] } },
{ "type": "Feature", "properties": { "grad_nT_km": 23.1, "tier": "moderate", "score": 5.5 }, "geometry": { "type": "Polygon", "coordinates": [ [ [ 126.1875, 35.9875 ], [ 126.1875, 36.0375 ], [ 126.1375, 36.0375 ], [ 126.1375, 35.9875 ], [ 126.1875, 35.9875 ] ] ] } },
{ "type": "Feature", "properties": { "grad_nT_km": 29.1, "tier": "moderate", "score": 4.5 }, "geometry": { "type": "Polygon", "coordinates": [ [ [ 126.2375, 35.9875 ], [ 126.2375, 36.0375 ], [ 126.1875, 36.0375 ], [ 126.1875, 35.9875 ], [ 126.2375, 35.9875 ] ] ] } },
{ "type": "Feature", "properties": { "grad_nT_km": 29.5, "tier": "moderate", "score": 4.5 }, "geometry": { "type": "Polygon", "coordinates": [ [ [ 126.3875, 35.9875 ], [ 126.3875, 36.0375 ], [ 126.3375, 36.0375 ], [ 126.3375, 35.9875 ], [ 126.3875, 35.9875 ] ] ] } },
{ "type": "Feature", "properties": { "grad_nT_km": 17.7, "tier": "moderate", "score": 6.6 }, "geometry": { "type": "Polygon", "coordinates": [ [ [ 126.4375, 35.9875 ], [ 126.4375, 36.0375 ], [ 126.3875, 36.0375 ], [ 126.3875, 35.9875 ], [ 126.4375, 35.9875 ] ] ] } },
{ "type": "Feature", "properties": { "grad_nT_km": 34.8, "tier": "moderate", "score": 3.8 }, "geometry": { "type": "Polygon", "coordinates": [ [ [ 126.5375, 35.9875 ], [ 126.5375, 36.0375 ], [ 126.4875, 36.0375 ], [ 126.4875, 35.9875 ], [ 126.5375, 35.9875 ] ] ] } },
{ "type": "Feature", "properties": { "grad_nT_km": 18.3, "tier": "moderate", "score": 6.5 }, "geometry": { "type": "Polygon", "coordinates": [ [ [ 126.6375, 35.9875 ], [ 126.6375, 36.0375 ], [ 126.5875, 36.0375 ], [ 126.5875, 35.9875 ], [ 126.6375, 35.9875 ] ] ] } },
{ "type": "Feature", "properties": { "grad_nT_km": 18.2, "tier": "moderate", "score": 6.5 }, "geometry": { "type": "Polygon", "coordinates": [ [ [ 126.6875, 35.9875 ], [ 126.6875, 36.0375 ], [ 126.6375, 36.0375 ], [ 126.6375, 35.9875 ], [ 126.6875, 35.9875 ] ] ] } },
{ "type": "Feature", "properties": { "grad_nT_km": 27.7, "tier": "moderate", "score": 4.7 }, "geometry": { "type": "Polygon", "coordinates": [ [ [ 126.9375, 35.9875 ], [ 126.9375, 36.0375 ], [ 126.8875, 36.0375 ], [ 126.8875, 35.9875 ], [ 126.9375, 35.9875 ] ] ] } },
{ "type": "Feature", "properties": { "grad_nT_km": 15.9, "tier": "moderate", "score": 7.1 }, "geometry": { "type": "Polygon", "coordinates": [ [ [ 126.9875, 35.9875 ], [ 126.9875, 36.0375 ], [ 126.9375, 36.0375 ], [ 126.9375, 35.9875 ], [ 126.9875, 35.9875 ] ] ] } },
{ "type": "Feature", "properties": { "grad_nT_km": 17.1, "tier": "moderate", "score": 6.8 }, "geometry": { "type": "Polygon", "coordinates": [ [ [ 127.0375, 35.9875 ], [ 127.0375, 36.0375 ], [ 126.9875, 36.0375 ], [ 126.9875, 35.9875 ], [ 127.0375, 35.9875 ] ] ] } },
{ "type": "Feature", "properties": { "grad_nT_km": 33.8, "tier": "moderate", "score": 3.9 }, "geometry": { "type": "Polygon", "coordinates": [ [ [ 127.0875, 35.9875 ], [ 127.0875, 36.0375 ], [ 127.0375, 36.0375 ], [ 127.0375, 35.9875 ], [ 127.0875, 35.9875 ] ] ] } },
{ "type": "Feature", "properties": { "grad_nT_km": 16.7, "tier": "moderate", "score": 6.9 }, "geometry": { "type": "Polygon", "coordinates": [ [ [ 127.2875, 35.9875 ], [ 127.2875, 36.0375 ], [ 127.2375, 36.0375 ], [ 127.2375, 35.9875 ], [ 127.2875, 35.9875 ] ] ] } },
{ "type": "Feature", "properties": { "grad_nT_km": 31.6, "tier": "moderate", "score": 4.2 }, "geometry": { "type": "Polygon", "coordinates": [ [ [ 127.6875, 35.9875 ], [ 127.6875, 36.0375 ], [ 127.6375, 36.0375 ], [ 127.6375, 35.9875 ], [ 127.6875, 35.9875 ] ] ] } },
{ "type": "Feature", "properties": { "grad_nT_km": 26.9, "tier": "moderate", "score": 4.9 }, "geometry": { "type": "Polygon", "coordinates": [ [ [ 127.7375, 35.9875 ], [ 127.7375, 36.0375 ], [ 127.6875, 36.0375 ], [ 127.6875, 35.9875 ], [ 127.7375, 35.9875 ] ] ] } },
{ "type": "Feature", "properties": { "grad_nT_km": 32.4, "tier": "moderate", "score": 4.1 }, "geometry": { "type": "Polygon", "coordinates": [ [ [ 127.7875, 35.9875 ], [ 127.7875, 36.0375 ], [ 127.7375, 36.0375 ], [ 127.7375, 35.9875 ], [ 127.7875, 35.9875 ] ] ] } },
{ "type": "Feature", "properties": { "grad_nT_km": 17.9, "tier": "moderate", "score": 6.6 }, "geometry": { "type": "Polygon", "coordinates": [ [ [ 127.8375, 35.9875 ], [ 127.8375, 36.0375 ], [ 127.7875, 36.0375 ], [ 127.7875, 35.9875 ], [ 127.8375, 35.9875 ] ] ] } },
{ "type": "Feature", "properties": { "grad_nT_km": 20.1, "tier": "moderate", "score": 6.1 }, "geometry": { "type": "Polygon", "coordinates": [ [ [ 128.0375, 35.9875 ], [ 128.0375, 36.0375 ], [ 127.9875, 36.0375 ], [ 127.9875, 35.9875 ], [ 128.0375, 35.9875 ] ] ] } },
{ "type": "Feature", "properties": { "grad_nT_km": 25.8, "tier": "moderate", "score": 5.0 }, "geometry": { "type": "Polygon", "coordinates": [ [ [ 128.1875, 35.9875 ], [ 128.1875, 36.0375 ], [ 128.1375, 36.0375 ], [ 128.1375, 35.9875 ], [ 128.1875, 35.9875 ] ] ] } },
{ "type": "Feature", "properties": { "grad_nT_km": 34.2, "tier": "moderate", "score": 3.9 }, "geometry": { "type": "Polygon", "coordinates": [ [ [ 128.2375, 35.9875 ], [ 128.2375, 36.0375 ], [ 128.1875, 36.0375 ], [ 128.1875, 35.9875 ], [ 128.2375, 35.9875 ] ] ] } },
{ "type": "Feature", "properties": { "grad_nT_km": 35.0, "tier": "moderate", "score": 3.8 }, "geometry": { "type": "Polygon", "coordinates": [ [ [ 128.2875, 35.9875 ], [ 128.2875, 36.0375 ], [ 128.2375, 36.0375 ], [ 128.2375, 35.9875 ], [ 128.2875, 35.9875 ] ] ] } },
{ "type": "Feature", "properties": { "grad_nT_km": 28.4, "tier": "moderate", "score": 4.6 }, "geometry": { "type": "Polygon", "coordinates": [ [ [ 128.3375, 35.9875 ], [ 128.3375, 36.0375 ], [ 128.2875, 36.0375 ], [ 128.2875, 35.9875 ], [ 128.3375, 35.9875 ] ] ] } },
{ "type": "Feature", "properties": { "grad_nT_km": 18.2, "tier": "moderate", "score": 6.5 }, "geometry": { "type": "Polygon", "coordinates": [ [ [ 128.3875, 35.9875 ], [ 128.3875, 36.0375 ], [ 128.3375, 36.0375 ], [ 128.3375, 35.9875 ], [ 128.3875, 35.9875 ] ] ] } },
{ "type": "Feature", "properties": { "grad_nT_km": 25.7, "tier": "moderate", "score": 5.0 }, "geometry": { "type": "Polygon", "coordinates": [ [ [ 128.4375, 35.9875 ], [ 128.4375, 36.0375 ], [ 128.3875, 36.0375 ], [ 128.3875, 35.9875 ], [ 128.4375, 35.9875 ] ] ] } },
{ "type": "Feature", "properties": { "grad_nT_km": 20.6, "tier": "moderate", "score": 6.0 }, "geometry": { "type": "Polygon", "coordinates": [ [ [ 128.4875, 35.9875 ], [ 128.4875, 36.0375 ], [ 128.4375, 36.0375 ], [ 128.4375, 35.9875 ], [ 128.4875, 35.9875 ] ] ] } },
{ "type": "Feature", "properties": { "grad_nT_km": 32.8, "tier": "moderate", "score": 4.1 }, "geometry": { "type": "Polygon", "coordinates": [ [ [ 128.7875, 35.9875 ], [ 128.7875, 36.0375 ], [ 128.7375, 36.0375 ], [ 128.7375, 35.9875 ], [ 128.7875, 35.9875 ] ] ] } },
{ "type": "Feature", "properties": { "grad_nT_km": 33.5, "tier": "moderate", "score": 4.0 }, "geometry": { "type": "Polygon", "coordinates": [ [ [ 128.8375, 35.9875 ], [ 128.8375, 36.0375 ], [ 128.7875, 36.0375 ], [ 128.7875, 35.9875 ], [ 128.8375, 35.9875 ] ] ] } },
{ "type": "Feature", "properties": { "grad_nT_km": 20.4, "tier": "moderate", "score": 6.0 }, "geometry": { "type": "Polygon", "coordinates": [ [ [ 128.8875, 35.9875 ], [ 128.8875, 36.0375 ], [ 128.8375, 36.0375 ], [ 128.8375, 35.9875 ], [ 128.8875, 35.9875 ] ] ] } },
{ "type": "Feature", "properties": { "grad_nT_km": 17.7, "tier": "moderate", "score": 6.7 }, "geometry": { "type": "Polygon", "coordinates": [ [ [ 128.9375, 35.9875 ], [ 128.9375, 36.0375 ], [ 128.8875, 36.0375 ], [ 128.8875, 35.9875 ], [ 128.9375, 35.9875 ] ] ] } },
{ "type": "Feature", "properties": { "grad_nT_km": 17.5, "tier": "moderate", "score": 6.7 }, "geometry": { "type": "Polygon", "coordinates": [ [ [ 128.9875, 35.9875 ], [ 128.9875, 36.0375 ], [ 128.9375, 36.0375 ], [ 128.9375, 35.9875 ], [ 128.9875, 35.9875 ] ] ] } },
{ "type": "Feature", "properties": { "grad_nT_km": 22.3, "tier": "moderate", "score": 5.7 }, "geometry": { "type": "Polygon", "coordinates": [ [ [ 129.0375, 35.9875 ], [ 129.0375, 36.0375 ], [ 128.9875, 36.0375 ], [ 128.9875, 35.9875 ], [ 129.0375, 35.9875 ] ] ] } },
{ "type": "Feature", "properties": { "grad_nT_km": 26.4, "tier": "moderate", "score": 4.9 }, "geometry": { "type": "Polygon", "coordinates": [ [ [ 129.0875, 35.9875 ], [ 129.0875, 36.0375 ], [ 129.0375, 36.0375 ], [ 129.0375, 35.9875 ], [ 129.0875, 35.9875 ] ] ] } },
{ "type": "Feature", "properties": { "grad_nT_km": 17.8, "tier": "moderate", "score": 6.6 }, "geometry": { "type": "Polygon", "coordinates": [ [ [ 129.3375, 35.9875 ], [ 129.3375, 36.0375 ], [ 129.2875, 36.0375 ], [ 129.2875, 35.9875 ], [ 129.3375, 35.9875 ] ] ] } },
{ "type": "Feature", "properties": { "grad_nT_km": 18.3, "tier": "moderate", "score": 6.5 }, "geometry": { "type": "Polygon", "coordinates": [ [ [ 129.3875, 35.9875 ], [ 129.3875, 36.0375 ], [ 129.3375, 36.0375 ], [ 129.3375, 35.9875 ], [ 129.3875, 35.9875 ] ] ] } },
{ "type": "Feature", "properties": { "grad_nT_km": 37.6, "tier": "moderate", "score": 3.5 }, "geometry": { "type": "Polygon", "coordinates": [ [ [ 129.4375, 35.9875 ], [ 129.4375, 36.0375 ], [ 129.3875, 36.0375 ], [ 129.3875, 35.9875 ], [ 129.4375, 35.9875 ] ] ] } },
{ "type": "Feature", "properties": { "grad_nT_km": 24.5, "tier": "moderate", "score": 5.3 }, "geometry": { "type": "Polygon", "coordinates": [ [ [ 126.0375, 36.0375 ], [ 126.0375, 36.0875 ], [ 125.9875, 36.0875 ], [ 125.9875, 36.0375 ], [ 126.0375, 36.0375 ] ] ] } },
{ "type": "Feature", "properties": { "grad_nT_km": 15.6, "tier": "moderate", "score": 7.2 }, "geometry": { "type": "Polygon", "coordinates": [ [ [ 126.1875, 36.0375 ], [ 126.1875, 36.0875 ], [ 126.1375, 36.0875 ], [ 126.1375, 36.0375 ], [ 126.1875, 36.0375 ] ] ] } },
{ "type": "Feature", "properties": { "grad_nT_km": 23.1, "tier": "moderate", "score": 5.5 }, "geometry": { "type": "Polygon", "coordinates": [ [ [ 126.2375, 36.0375 ], [ 126.2375, 36.0875 ], [ 126.1875, 36.0875 ], [ 126.1875, 36.0375 ], [ 126.2375, 36.0375 ] ] ] } },
{ "type": "Feature", "properties": { "grad_nT_km": 30.4, "tier": "moderate", "score": 4.4 }, "geometry": { "type": "Polygon", "coordinates": [ [ [ 126.2875, 36.0375 ], [ 126.2875, 36.0875 ], [ 126.2375, 36.0875 ], [ 126.2375, 36.0375 ], [ 126.2875, 36.0375 ] ] ] } },
{ "type": "Feature", "properties": { "grad_nT_km": 36.2, "tier": "moderate", "score": 3.7 }, "geometry": { "type": "Polygon", "coordinates": [ [ [ 126.3375, 36.0375 ], [ 126.3375, 36.0875 ], [ 126.2875, 36.0875 ], [ 126.2875, 36.0375 ], [ 126.3375, 36.0375 ] ] ] } },
{ "type": "Feature", "properties": { "grad_nT_km": 22.4, "tier": "moderate", "score": 5.6 }, "geometry": { "type": "Polygon", "coordinates": [ [ [ 126.3875, 36.0375 ], [ 126.3875, 36.0875 ], [ 126.3375, 36.0875 ], [ 126.3375, 36.0375 ], [ 126.3875, 36.0375 ] ] ] } },
{ "type": "Feature", "properties": { "grad_nT_km": 15.4, "tier": "moderate", "score": 7.2 }, "geometry": { "type": "Polygon", "coordinates": [ [ [ 126.5375, 36.0375 ], [ 126.5375, 36.0875 ], [ 126.4875, 36.0875 ], [ 126.4875, 36.0375 ], [ 126.5375, 36.0375 ] ] ] } },
{ "type": "Feature", "properties": { "grad_nT_km": 18.8, "tier": "moderate", "score": 6.4 }, "geometry": { "type": "Polygon", "coordinates": [ [ [ 126.5875, 36.0375 ], [ 126.5875, 36.0875 ], [ 126.5375, 36.0875 ], [ 126.5375, 36.0375 ], [ 126.5875, 36.0375 ] ] ] } },
{ "type": "Feature", "properties": { "grad_nT_km": 24.3, "tier": "moderate", "score": 5.3 }, "geometry": { "type": "Polygon", "coordinates": [ [ [ 126.9375, 36.0375 ], [ 126.9375, 36.0875 ], [ 126.8875, 36.0875 ], [ 126.8875, 36.0375 ], [ 126.9375, 36.0375 ] ] ] } },
{ "type": "Feature", "properties": { "grad_nT_km": 30.4, "tier": "moderate", "score": 4.4 }, "geometry": { "type": "Polygon", "coordinates": [ [ [ 126.9875, 36.0375 ], [ 126.9875, 36.0875 ], [ 126.9375, 36.0875 ], [ 126.9375, 36.0375 ], [ 126.9875, 36.0375 ] ] ] } },
{ "type": "Feature", "properties": { "grad_nT_km": 23.3, "tier": "moderate", "score": 5.5 }, "geometry": { "type": "Polygon", "coordinates": [ [ [ 127.0875, 36.0375 ], [ 127.0875, 36.0875 ], [ 127.0375, 36.0875 ], [ 127.0375, 36.0375 ], [ 127.0875, 36.0375 ] ] ] } },
{ "type": "Feature", "properties": { "grad_nT_km": 16.0, "tier": "moderate", "score": 7.1 }, "geometry": { "type": "Polygon", "coordinates": [ [ [ 127.6875, 36.0375 ], [ 127.6875, 36.0875 ], [ 127.6375, 36.0875 ], [ 127.6375, 36.0375 ], [ 127.6875, 36.0375 ] ] ] } },
{ "type": "Feature", "properties": { "grad_nT_km": 17.5, "tier": "moderate", "score": 6.7 }, "geometry": { "type": "Polygon", "coordinates": [ [ [ 127.7375, 36.0375 ], [ 127.7375, 36.0875 ], [ 127.6875, 36.0875 ], [ 127.6875, 36.0375 ], [ 127.7375, 36.0375 ] ] ] } },
{ "type": "Feature", "properties": { "grad_nT_km": 15.5, "tier": "moderate", "score": 7.2 }, "geometry": { "type": "Polygon", "coordinates": [ [ [ 127.7875, 36.0375 ], [ 127.7875, 36.0875 ], [ 127.7375, 36.0875 ], [ 127.7375, 36.0375 ], [ 127.7875, 36.0375 ] ] ] } },
{ "type": "Feature", "properties": { "grad_nT_km": 15.5, "tier": "moderate", "score": 7.2 }, "geometry": { "type": "Polygon", "coordinates": [ [ [ 127.8875, 36.0375 ], [ 127.8875, 36.0875 ], [ 127.8375, 36.0875 ], [ 127.8375, 36.0375 ], [ 127.8875, 36.0375 ] ] ] } },
{ "type": "Feature", "properties": { "grad_nT_km": 29.0, "tier": "moderate", "score": 4.5 }, "geometry": { "type": "Polygon", "coordinates": [ [ [ 128.0875, 36.0375 ], [ 128.0875, 36.0875 ], [ 128.0375, 36.0875 ], [ 128.0375, 36.0375 ], [ 128.0875, 36.0375 ] ] ] } },
{ "type": "Feature", "properties": { "grad_nT_km": 20.2, "tier": "moderate", "score": 6.1 }, "geometry": { "type": "Polygon", "coordinates": [ [ [ 128.1375, 36.0375 ], [ 128.1375, 36.0875 ], [ 128.0875, 36.0875 ], [ 128.0875, 36.0375 ], [ 128.1375, 36.0375 ] ] ] } },
{ "type": "Feature", "properties": { "grad_nT_km": 18.3, "tier": "moderate", "score": 6.5 }, "geometry": { "type": "Polygon", "coordinates": [ [ [ 128.1875, 36.0375 ], [ 128.1875, 36.0875 ], [ 128.1375, 36.0875 ], [ 128.1375, 36.0375 ], [ 128.1875, 36.0375 ] ] ] } },
{ "type": "Feature", "properties": { "grad_nT_km": 20.2, "tier": "moderate", "score": 6.1 }, "geometry": { "type": "Polygon", "coordinates": [ [ [ 128.2375, 36.0375 ], [ 128.2375, 36.0875 ], [ 128.1875, 36.0875 ], [ 128.1875, 36.0375 ], [ 128.2375, 36.0375 ] ] ] } },
{ "type": "Feature", "properties": { "grad_nT_km": 15.4, "tier": "moderate", "score": 7.2 }, "geometry": { "type": "Polygon", "coordinates": [ [ [ 128.3875, 36.0375 ], [ 128.3875, 36.0875 ], [ 128.3375, 36.0875 ], [ 128.3375, 36.0375 ], [ 128.3875, 36.0375 ] ] ] } },
{ "type": "Feature", "properties": { "grad_nT_km": 33.6, "tier": "moderate", "score": 4.0 }, "geometry": { "type": "Polygon", "coordinates": [ [ [ 128.4375, 36.0375 ], [ 128.4375, 36.0875 ], [ 128.3875, 36.0875 ], [ 128.3875, 36.0375 ], [ 128.4375, 36.0375 ] ] ] } },
{ "type": "Feature", "properties": { "grad_nT_km": 24.0, "tier": "moderate", "score": 5.3 }, "geometry": { "type": "Polygon", "coordinates": [ [ [ 128.5875, 36.0375 ], [ 128.5875, 36.0875 ], [ 128.5375, 36.0875 ], [ 128.5375, 36.0375 ], [ 128.5875, 36.0375 ] ] ] } },
{ "type": "Feature", "properties": { "grad_nT_km": 29.6, "tier": "moderate", "score": 4.5 }, "geometry": { "type": "Polygon", "coordinates": [ [ [ 128.6375, 36.0375 ], [ 128.6375, 36.0875 ], [ 128.5875, 36.0875 ], [ 128.5875, 36.0375 ], [ 128.6375, 36.0375 ] ] ] } },
{ "type": "Feature", "properties": { "grad_nT_km": 26.8, "tier": "moderate", "score": 4.9 }, "geometry": { "type": "Polygon", "coordinates": [ [ [ 128.9375, 36.0375 ], [ 128.9375, 36.0875 ], [ 128.8875, 36.0875 ], [ 128.8875, 36.0375 ], [ 128.9375, 36.0375 ] ] ] } },
{ "type": "Feature", "properties": { "grad_nT_km": 39.4, "tier": "moderate", "score": 3.4 }, "geometry": { "type": "Polygon", "coordinates": [ [ [ 128.9875, 36.0375 ], [ 128.9875, 36.0875 ], [ 128.9375, 36.0875 ], [ 128.9375, 36.0375 ], [ 128.9875, 36.0375 ] ] ] } },
{ "type": "Feature", "properties": { "grad_nT_km": 36.9, "tier": "moderate", "score": 3.6 }, "geometry": { "type": "Polygon", "coordinates": [ [ [ 129.0375, 36.0375 ], [ 129.0375, 36.0875 ], [ 128.9875, 36.0875 ], [ 128.9875, 36.0375 ], [ 129.0375, 36.0375 ] ] ] } },
{ "type": "Feature", "properties": { "grad_nT_km": 32.6, "tier": "moderate", "score": 4.1 }, "geometry": { "type": "Polygon", "coordinates": [ [ [ 129.0875, 36.0375 ], [ 129.0875, 36.0875 ], [ 129.0375, 36.0875 ], [ 129.0375, 36.0375 ], [ 129.0875, 36.0375 ] ] ] } },
{ "type": "Feature", "properties": { "grad_nT_km": 33.9, "tier": "moderate", "score": 3.9 }, "geometry": { "type": "Polygon", "coordinates": [ [ [ 129.1375, 36.0375 ], [ 129.1375, 36.0875 ], [ 129.0875, 36.0875 ], [ 129.0875, 36.0375 ], [ 129.1375, 36.0375 ] ] ] } },
{ "type": "Feature", "properties": { "grad_nT_km": 28.3, "tier": "moderate", "score": 4.6 }, "geometry": { "type": "Polygon", "coordinates": [ [ [ 129.1875, 36.0375 ], [ 129.1875, 36.0875 ], [ 129.1375, 36.0875 ], [ 129.1375, 36.0375 ], [ 129.1875, 36.0375 ] ] ] } },
{ "type": "Feature", "properties": { "grad_nT_km": 35.9, "tier": "moderate", "score": 3.7 }, "geometry": { "type": "Polygon", "coordinates": [ [ [ 129.2875, 36.0375 ], [ 129.2875, 36.0875 ], [ 129.2375, 36.0875 ], [ 129.2375, 36.0375 ], [ 129.2875, 36.0375 ] ] ] } },
{ "type": "Feature", "properties": { "grad_nT_km": 24.3, "tier": "moderate", "score": 5.3 }, "geometry": { "type": "Polygon", "coordinates": [ [ [ 129.3875, 36.0375 ], [ 129.3875, 36.0875 ], [ 129.3375, 36.0875 ], [ 129.3375, 36.0375 ], [ 129.3875, 36.0375 ] ] ] } },
{ "type": "Feature", "properties": { "grad_nT_km": 33.6, "tier": "moderate", "score": 4.0 }, "geometry": { "type": "Polygon", "coordinates": [ [ [ 129.4375, 36.0375 ], [ 129.4375, 36.0875 ], [ 129.3875, 36.0875 ], [ 129.3875, 36.0375 ], [ 129.4375, 36.0375 ] ] ] } },
{ "type": "Feature", "properties": { "grad_nT_km": 20.1, "tier": "moderate", "score": 6.1 }, "geometry": { "type": "Polygon", "coordinates": [ [ [ 126.0375, 36.0875 ], [ 126.0375, 36.1375 ], [ 125.9875, 36.1375 ], [ 125.9875, 36.0875 ], [ 126.0375, 36.0875 ] ] ] } },
{ "type": "Feature", "properties": { "grad_nT_km": 17.0, "tier": "moderate", "score": 6.8 }, "geometry": { "type": "Polygon", "coordinates": [ [ [ 126.1875, 36.0875 ], [ 126.1875, 36.1375 ], [ 126.1375, 36.1375 ], [ 126.1375, 36.0875 ], [ 126.1875, 36.0875 ] ] ] } },
{ "type": "Feature", "properties": { "grad_nT_km": 18.6, "tier": "moderate", "score": 6.4 }, "geometry": { "type": "Polygon", "coordinates": [ [ [ 126.2375, 36.0875 ], [ 126.2375, 36.1375 ], [ 126.1875, 36.1375 ], [ 126.1875, 36.0875 ], [ 126.2375, 36.0875 ] ] ] } },
{ "type": "Feature", "properties": { "grad_nT_km": 23.3, "tier": "moderate", "score": 5.5 }, "geometry": { "type": "Polygon", "coordinates": [ [ [ 126.2875, 36.0875 ], [ 126.2875, 36.1375 ], [ 126.2375, 36.1375 ], [ 126.2375, 36.0875 ], [ 126.2875, 36.0875 ] ] ] } },
{ "type": "Feature", "properties": { "grad_nT_km": 30.5, "tier": "moderate", "score": 4.3 }, "geometry": { "type": "Polygon", "coordinates": [ [ [ 126.4375, 36.0875 ], [ 126.4375, 36.1375 ], [ 126.3875, 36.1375 ], [ 126.3875, 36.0875 ], [ 126.4375, 36.0875 ] ] ] } },
{ "type": "Feature", "properties": { "grad_nT_km": 15.7, "tier": "moderate", "score": 7.2 }, "geometry": { "type": "Polygon", "coordinates": [ [ [ 126.5875, 36.0875 ], [ 126.5875, 36.1375 ], [ 126.5375, 36.1375 ], [ 126.5375, 36.0875 ], [ 126.5875, 36.0875 ] ] ] } },
{ "type": "Feature", "properties": { "grad_nT_km": 27.1, "tier": "moderate", "score": 4.8 }, "geometry": { "type": "Polygon", "coordinates": [ [ [ 126.6375, 36.0875 ], [ 126.6375, 36.1375 ], [ 126.5875, 36.1375 ], [ 126.5875, 36.0875 ], [ 126.6375, 36.0875 ] ] ] } },
{ "type": "Feature", "properties": { "grad_nT_km": 35.3, "tier": "moderate", "score": 3.8 }, "geometry": { "type": "Polygon", "coordinates": [ [ [ 126.9875, 36.0875 ], [ 126.9875, 36.1375 ], [ 126.9375, 36.1375 ], [ 126.9375, 36.0875 ], [ 126.9875, 36.0875 ] ] ] } },
{ "type": "Feature", "properties": { "grad_nT_km": 20.4, "tier": "moderate", "score": 6.0 }, "geometry": { "type": "Polygon", "coordinates": [ [ [ 127.0875, 36.0875 ], [ 127.0875, 36.1375 ], [ 127.0375, 36.1375 ], [ 127.0375, 36.0875 ], [ 127.0875, 36.0875 ] ] ] } },
{ "type": "Feature", "properties": { "grad_nT_km": 34.8, "tier": "moderate", "score": 3.8 }, "geometry": { "type": "Polygon", "coordinates": [ [ [ 127.1375, 36.0875 ], [ 127.1375, 36.1375 ], [ 127.0875, 36.1375 ], [ 127.0875, 36.0875 ], [ 127.1375, 36.0875 ] ] ] } },
{ "type": "Feature", "properties": { "grad_nT_km": 18.7, "tier": "moderate", "score": 6.4 }, "geometry": { "type": "Polygon", "coordinates": [ [ [ 127.1875, 36.0875 ], [ 127.1875, 36.1375 ], [ 127.1375, 36.1375 ], [ 127.1375, 36.0875 ], [ 127.1875, 36.0875 ] ] ] } },
{ "type": "Feature", "properties": { "grad_nT_km": 17.2, "tier": "moderate", "score": 6.8 }, "geometry": { "type": "Polygon", "coordinates": [ [ [ 127.4875, 36.0875 ], [ 127.4875, 36.1375 ], [ 127.4375, 36.1375 ], [ 127.4375, 36.0875 ], [ 127.4875, 36.0875 ] ] ] } },
{ "type": "Feature", "properties": { "grad_nT_km": 23.5, "tier": "moderate", "score": 5.4 }, "geometry": { "type": "Polygon", "coordinates": [ [ [ 127.5375, 36.0875 ], [ 127.5375, 36.1375 ], [ 127.4875, 36.1375 ], [ 127.4875, 36.0875 ], [ 127.5375, 36.0875 ] ] ] } },
{ "type": "Feature", "properties": { "grad_nT_km": 19.3, "tier": "moderate", "score": 6.3 }, "geometry": { "type": "Polygon", "coordinates": [ [ [ 127.5875, 36.0875 ], [ 127.5875, 36.1375 ], [ 127.5375, 36.1375 ], [ 127.5375, 36.0875 ], [ 127.5875, 36.0875 ] ] ] } },
{ "type": "Feature", "properties": { "grad_nT_km": 26.2, "tier": "moderate", "score": 5.0 }, "geometry": { "type": "Polygon", "coordinates": [ [ [ 127.7375, 36.0875 ], [ 127.7375, 36.1375 ], [ 127.6875, 36.1375 ], [ 127.6875, 36.0875 ], [ 127.7375, 36.0875 ] ] ] } },
{ "type": "Feature", "properties": { "grad_nT_km": 15.7, "tier": "moderate", "score": 7.2 }, "geometry": { "type": "Polygon", "coordinates": [ [ [ 127.9375, 36.0875 ], [ 127.9375, 36.1375 ], [ 127.8875, 36.1375 ], [ 127.8875, 36.0875 ], [ 127.9375, 36.0875 ] ] ] } },
{ "type": "Feature", "properties": { "grad_nT_km": 16.6, "tier": "moderate", "score": 6.9 }, "geometry": { "type": "Polygon", "coordinates": [ [ [ 127.9875, 36.0875 ], [ 127.9875, 36.1375 ], [ 127.9375, 36.1375 ], [ 127.9375, 36.0875 ], [ 127.9875, 36.0875 ] ] ] } },
{ "type": "Feature", "properties": { "grad_nT_km": 20.7, "tier": "moderate", "score": 6.0 }, "geometry": { "type": "Polygon", "coordinates": [ [ [ 128.1875, 36.0875 ], [ 128.1875, 36.1375 ], [ 128.1375, 36.1375 ], [ 128.1375, 36.0875 ], [ 128.1875, 36.0875 ] ] ] } },
{ "type": "Feature", "properties": { "grad_nT_km": 29.2, "tier": "moderate", "score": 4.5 }, "geometry": { "type": "Polygon", "coordinates": [ [ [ 128.2375, 36.0875 ], [ 128.2375, 36.1375 ], [ 128.1875, 36.1375 ], [ 128.1875, 36.0875 ], [ 128.2375, 36.0875 ] ] ] } },
{ "type": "Feature", "properties": { "grad_nT_km": 15.5, "tier": "moderate", "score": 7.2 }, "geometry": { "type": "Polygon", "coordinates": [ [ [ 128.3875, 36.0875 ], [ 128.3875, 36.1375 ], [ 128.3375, 36.1375 ], [ 128.3375, 36.0875 ], [ 128.3875, 36.0875 ] ] ] } },
{ "type": "Feature", "properties": { "grad_nT_km": 35.8, "tier": "moderate", "score": 3.7 }, "geometry": { "type": "Polygon", "coordinates": [ [ [ 128.4375, 36.0875 ], [ 128.4375, 36.1375 ], [ 128.3875, 36.1375 ], [ 128.3875, 36.0875 ], [ 128.4375, 36.0875 ] ] ] } },
{ "type": "Feature", "properties": { "grad_nT_km": 35.3, "tier": "moderate", "score": 3.8 }, "geometry": { "type": "Polygon", "coordinates": [ [ [ 128.4875, 36.0875 ], [ 128.4875, 36.1375 ], [ 128.4375, 36.1375 ], [ 128.4375, 36.0875 ], [ 128.4875, 36.0875 ] ] ] } },
{ "type": "Feature", "properties": { "grad_nT_km": 24.2, "tier": "moderate", "score": 5.3 }, "geometry": { "type": "Polygon", "coordinates": [ [ [ 128.5375, 36.0875 ], [ 128.5375, 36.1375 ], [ 128.4875, 36.1375 ], [ 128.4875, 36.0875 ], [ 128.5375, 36.0875 ] ] ] } },
{ "type": "Feature", "properties": { "grad_nT_km": 25.6, "tier": "moderate", "score": 5.1 }, "geometry": { "type": "Polygon", "coordinates": [ [ [ 128.5875, 36.0875 ], [ 128.5875, 36.1375 ], [ 128.5375, 36.1375 ], [ 128.5375, 36.0875 ], [ 128.5875, 36.0875 ] ] ] } },
{ "type": "Feature", "properties": { "grad_nT_km": 34.1, "tier": "moderate", "score": 3.9 }, "geometry": { "type": "Polygon", "coordinates": [ [ [ 128.7875, 36.0875 ], [ 128.7875, 36.1375 ], [ 128.7375, 36.1375 ], [ 128.7375, 36.0875 ], [ 128.7875, 36.0875 ] ] ] } },
{ "type": "Feature", "properties": { "grad_nT_km": 33.2, "tier": "moderate", "score": 4.0 }, "geometry": { "type": "Polygon", "coordinates": [ [ [ 128.9875, 36.0875 ], [ 128.9875, 36.1375 ], [ 128.9375, 36.1375 ], [ 128.9375, 36.0875 ], [ 128.9875, 36.0875 ] ] ] } },
{ "type": "Feature", "properties": { "grad_nT_km": 15.3, "tier": "moderate", "score": 7.3 }, "geometry": { "type": "Polygon", "coordinates": [ [ [ 129.0375, 36.0875 ], [ 129.0375, 36.1375 ], [ 128.9875, 36.1375 ], [ 128.9875, 36.0875 ], [ 129.0375, 36.0875 ] ] ] } },
{ "type": "Feature", "properties": { "grad_nT_km": 30.3, "tier": "moderate", "score": 4.4 }, "geometry": { "type": "Polygon", "coordinates": [ [ [ 129.0875, 36.0875 ], [ 129.0875, 36.1375 ], [ 129.0375, 36.1375 ], [ 129.0375, 36.0875 ], [ 129.0875, 36.0875 ] ] ] } },
{ "type": "Feature", "properties": { "grad_nT_km": 20.6, "tier": "moderate", "score": 6.0 }, "geometry": { "type": "Polygon", "coordinates": [ [ [ 129.1375, 36.0875 ], [ 129.1375, 36.1375 ], [ 129.0875, 36.1375 ], [ 129.0875, 36.0875 ], [ 129.1375, 36.0875 ] ] ] } },
{ "type": "Feature", "properties": { "grad_nT_km": 16.2, "tier": "moderate", "score": 7.0 }, "geometry": { "type": "Polygon", "coordinates": [ [ [ 129.1875, 36.0875 ], [ 129.1875, 36.1375 ], [ 129.1375, 36.1375 ], [ 129.1375, 36.0875 ], [ 129.1875, 36.0875 ] ] ] } },
{ "type": "Feature", "properties": { "grad_nT_km": 31.2, "tier": "moderate", "score": 4.3 }, "geometry": { "type": "Polygon", "coordinates": [ [ [ 129.2875, 36.0875 ], [ 129.2875, 36.1375 ], [ 129.2375, 36.1375 ], [ 129.2375, 36.0875 ], [ 129.2875, 36.0875 ] ] ] } },
{ "type": "Feature", "properties": { "grad_nT_km": 18.8, "tier": "moderate", "score": 6.4 }, "geometry": { "type": "Polygon", "coordinates": [ [ [ 129.3375, 36.0875 ], [ 129.3375, 36.1375 ], [ 129.2875, 36.1375 ], [ 129.2875, 36.0875 ], [ 129.3375, 36.0875 ] ] ] } },
{ "type": "Feature", "properties": { "grad_nT_km": 16.7, "tier": "moderate", "score": 6.9 }, "geometry": { "type": "Polygon", "coordinates": [ [ [ 129.3875, 36.0875 ], [ 129.3875, 36.1375 ], [ 129.3375, 36.1375 ], [ 129.3375, 36.0875 ], [ 129.3875, 36.0875 ] ] ] } },
{ "type": "Feature", "properties": { "grad_nT_km": 34.0, "tier": "moderate", "score": 3.9 }, "geometry": { "type": "Polygon", "coordinates": [ [ [ 129.4375, 36.0875 ], [ 129.4375, 36.1375 ], [ 129.3875, 36.1375 ], [ 129.3875, 36.0875 ], [ 129.4375, 36.0875 ] ] ] } },
{ "type": "Feature", "properties": { "grad_nT_km": 17.0, "tier": "moderate", "score": 6.8 }, "geometry": { "type": "Polygon", "coordinates": [ [ [ 126.0375, 36.1375 ], [ 126.0375, 36.1875 ], [ 125.9875, 36.1875 ], [ 125.9875, 36.1375 ], [ 126.0375, 36.1375 ] ] ] } },
{ "type": "Feature", "properties": { "grad_nT_km": 18.1, "tier": "moderate", "score": 6.6 }, "geometry": { "type": "Polygon", "coordinates": [ [ [ 126.0875, 36.1375 ], [ 126.0875, 36.1875 ], [ 126.0375, 36.1875 ], [ 126.0375, 36.1375 ], [ 126.0875, 36.1375 ] ] ] } },
{ "type": "Feature", "properties": { "grad_nT_km": 20.1, "tier": "moderate", "score": 6.1 }, "geometry": { "type": "Polygon", "coordinates": [ [ [ 126.2375, 36.1375 ], [ 126.2375, 36.1875 ], [ 126.1875, 36.1875 ], [ 126.1875, 36.1375 ], [ 126.2375, 36.1375 ] ] ] } },
{ "type": "Feature", "properties": { "grad_nT_km": 19.5, "tier": "moderate", "score": 6.2 }, "geometry": { "type": "Polygon", "coordinates": [ [ [ 126.2875, 36.1375 ], [ 126.2875, 36.1875 ], [ 126.2375, 36.1875 ], [ 126.2375, 36.1375 ], [ 126.2875, 36.1375 ] ] ] } },
{ "type": "Feature", "properties": { "grad_nT_km": 26.7, "tier": "moderate", "score": 4.9 }, "geometry": { "type": "Polygon", "coordinates": [ [ [ 126.6375, 36.1375 ], [ 126.6375, 36.1875 ], [ 126.5875, 36.1875 ], [ 126.5875, 36.1375 ], [ 126.6375, 36.1375 ] ] ] } },
{ "type": "Feature", "properties": { "grad_nT_km": 39.2, "tier": "moderate", "score": 3.4 }, "geometry": { "type": "Polygon", "coordinates": [ [ [ 127.0375, 36.1375 ], [ 127.0375, 36.1875 ], [ 126.9875, 36.1875 ], [ 126.9875, 36.1375 ], [ 127.0375, 36.1375 ] ] ] } },
{ "type": "Feature", "properties": { "grad_nT_km": 21.4, "tier": "moderate", "score": 5.8 }, "geometry": { "type": "Polygon", "coordinates": [ [ [ 127.1375, 36.1375 ], [ 127.1375, 36.1875 ], [ 127.0875, 36.1875 ], [ 127.0875, 36.1375 ], [ 127.1375, 36.1375 ] ] ] } },
{ "type": "Feature", "properties": { "grad_nT_km": 25.0, "tier": "moderate", "score": 5.2 }, "geometry": { "type": "Polygon", "coordinates": [ [ [ 127.1875, 36.1375 ], [ 127.1875, 36.1875 ], [ 127.1375, 36.1875 ], [ 127.1375, 36.1375 ], [ 127.1875, 36.1375 ] ] ] } },
{ "type": "Feature", "properties": { "grad_nT_km": 23.1, "tier": "moderate", "score": 5.5 }, "geometry": { "type": "Polygon", "coordinates": [ [ [ 127.2375, 36.1375 ], [ 127.2375, 36.1875 ], [ 127.1875, 36.1875 ], [ 127.1875, 36.1375 ], [ 127.2375, 36.1375 ] ] ] } },
{ "type": "Feature", "properties": { "grad_nT_km": 28.9, "tier": "moderate", "score": 4.6 }, "geometry": { "type": "Polygon", "coordinates": [ [ [ 127.2875, 36.1375 ], [ 127.2875, 36.1875 ], [ 127.2375, 36.1875 ], [ 127.2375, 36.1375 ], [ 127.2875, 36.1375 ] ] ] } },
{ "type": "Feature", "properties": { "grad_nT_km": 15.3, "tier": "moderate", "score": 7.3 }, "geometry": { "type": "Polygon", "coordinates": [ [ [ 127.6875, 36.1375 ], [ 127.6875, 36.1875 ], [ 127.6375, 36.1875 ], [ 127.6375, 36.1375 ], [ 127.6875, 36.1375 ] ] ] } },
{ "type": "Feature", "properties": { "grad_nT_km": 17.8, "tier": "moderate", "score": 6.6 }, "geometry": { "type": "Polygon", "coordinates": [ [ [ 127.7375, 36.1375 ], [ 127.7375, 36.1875 ], [ 127.6875, 36.1875 ], [ 127.6875, 36.1375 ], [ 127.7375, 36.1375 ] ] ] } },
{ "type": "Feature", "properties": { "grad_nT_km": 19.0, "tier": "moderate", "score": 6.3 }, "geometry": { "type": "Polygon", "coordinates": [ [ [ 127.7875, 36.1375 ], [ 127.7875, 36.1875 ], [ 127.7375, 36.1875 ], [ 127.7375, 36.1375 ], [ 127.7875, 36.1375 ] ] ] } },
{ "type": "Feature", "properties": { "grad_nT_km": 17.2, "tier": "moderate", "score": 6.8 }, "geometry": { "type": "Polygon", "coordinates": [ [ [ 127.8875, 36.1375 ], [ 127.8875, 36.1875 ], [ 127.8375, 36.1875 ], [ 127.8375, 36.1375 ], [ 127.8875, 36.1375 ] ] ] } },
{ "type": "Feature", "properties": { "grad_nT_km": 15.9, "tier": "moderate", "score": 7.1 }, "geometry": { "type": "Polygon", "coordinates": [ [ [ 127.9375, 36.1375 ], [ 127.9375, 36.1875 ], [ 127.8875, 36.1875 ], [ 127.8875, 36.1375 ], [ 127.9375, 36.1375 ] ] ] } },
{ "type": "Feature", "properties": { "grad_nT_km": 20.4, "tier": "moderate", "score": 6.0 }, "geometry": { "type": "Polygon", "coordinates": [ [ [ 127.9875, 36.1375 ], [ 127.9875, 36.1875 ], [ 127.9375, 36.1875 ], [ 127.9375, 36.1375 ], [ 127.9875, 36.1375 ] ] ] } },
{ "type": "Feature", "properties": { "grad_nT_km": 19.1, "tier": "moderate", "score": 6.3 }, "geometry": { "type": "Polygon", "coordinates": [ [ [ 128.0375, 36.1375 ], [ 128.0375, 36.1875 ], [ 127.9875, 36.1875 ], [ 127.9875, 36.1375 ], [ 128.0375, 36.1375 ] ] ] } },
{ "type": "Feature", "properties": { "grad_nT_km": 15.5, "tier": "moderate", "score": 7.2 }, "geometry": { "type": "Polygon", "coordinates": [ [ [ 128.0875, 36.1375 ], [ 128.0875, 36.1875 ], [ 128.0375, 36.1875 ], [ 128.0375, 36.1375 ], [ 128.0875, 36.1375 ] ] ] } },
{ "type": "Feature", "properties": { "grad_nT_km": 17.9, "tier": "moderate", "score": 6.6 }, "geometry": { "type": "Polygon", "coordinates": [ [ [ 128.1375, 36.1375 ], [ 128.1375, 36.1875 ], [ 128.0875, 36.1875 ], [ 128.0875, 36.1375 ], [ 128.1375, 36.1375 ] ] ] } },
{ "type": "Feature", "properties": { "grad_nT_km": 36.6, "tier": "moderate", "score": 3.6 }, "geometry": { "type": "Polygon", "coordinates": [ [ [ 128.2375, 36.1375 ], [ 128.2375, 36.1875 ], [ 128.1875, 36.1875 ], [ 128.1875, 36.1375 ], [ 128.2375, 36.1375 ] ] ] } },
{ "type": "Feature", "properties": { "grad_nT_km": 32.3, "tier": "moderate", "score": 4.1 }, "geometry": { "type": "Polygon", "coordinates": [ [ [ 128.2875, 36.1375 ], [ 128.2875, 36.1875 ], [ 128.2375, 36.1875 ], [ 128.2375, 36.1375 ], [ 128.2875, 36.1375 ] ] ] } },
{ "type": "Feature", "properties": { "grad_nT_km": 33.9, "tier": "moderate", "score": 3.9 }, "geometry": { "type": "Polygon", "coordinates": [ [ [ 128.4375, 36.1375 ], [ 128.4375, 36.1875 ], [ 128.3875, 36.1875 ], [ 128.3875, 36.1375 ], [ 128.4375, 36.1375 ] ] ] } },
{ "type": "Feature", "properties": { "grad_nT_km": 16.1, "tier": "moderate", "score": 7.1 }, "geometry": { "type": "Polygon", "coordinates": [ [ [ 128.4875, 36.1375 ], [ 128.4875, 36.1875 ], [ 128.4375, 36.1875 ], [ 128.4375, 36.1375 ], [ 128.4875, 36.1375 ] ] ] } },
{ "type": "Feature", "properties": { "grad_nT_km": 20.3, "tier": "moderate", "score": 6.1 }, "geometry": { "type": "Polygon", "coordinates": [ [ [ 128.5875, 36.1375 ], [ 128.5875, 36.1875 ], [ 128.5375, 36.1875 ], [ 128.5375, 36.1375 ], [ 128.5875, 36.1375 ] ] ] } },
{ "type": "Feature", "properties": { "grad_nT_km": 18.9, "tier": "moderate", "score": 6.4 }, "geometry": { "type": "Polygon", "coordinates": [ [ [ 128.6375, 36.1375 ], [ 128.6375, 36.1875 ], [ 128.5875, 36.1875 ], [ 128.5875, 36.1375 ], [ 128.6375, 36.1375 ] ] ] } },
{ "type": "Feature", "properties": { "grad_nT_km": 33.1, "tier": "moderate", "score": 4.0 }, "geometry": { "type": "Polygon", "coordinates": [ [ [ 128.7875, 36.1375 ], [ 128.7875, 36.1875 ], [ 128.7375, 36.1875 ], [ 128.7375, 36.1375 ], [ 128.7875, 36.1375 ] ] ] } },
{ "type": "Feature", "properties": { "grad_nT_km": 34.9, "tier": "moderate", "score": 3.8 }, "geometry": { "type": "Polygon", "coordinates": [ [ [ 129.1375, 36.1375 ], [ 129.1375, 36.1875 ], [ 129.0875, 36.1875 ], [ 129.0875, 36.1375 ], [ 129.1375, 36.1375 ] ] ] } },
{ "type": "Feature", "properties": { "grad_nT_km": 21.8, "tier": "moderate", "score": 5.7 }, "geometry": { "type": "Polygon", "coordinates": [ [ [ 129.2375, 36.1375 ], [ 129.2375, 36.1875 ], [ 129.1875, 36.1875 ], [ 129.1875, 36.1375 ], [ 129.2375, 36.1375 ] ] ] } },
{ "type": "Feature", "properties": { "grad_nT_km": 34.6, "tier": "moderate", "score": 3.8 }, "geometry": { "type": "Polygon", "coordinates": [ [ [ 129.2875, 36.1375 ], [ 129.2875, 36.1875 ], [ 129.2375, 36.1875 ], [ 129.2375, 36.1375 ], [ 129.2875, 36.1375 ] ] ] } },
{ "type": "Feature", "properties": { "grad_nT_km": 28.1, "tier": "moderate", "score": 4.7 }, "geometry": { "type": "Polygon", "coordinates": [ [ [ 129.3375, 36.1375 ], [ 129.3375, 36.1875 ], [ 129.2875, 36.1875 ], [ 129.2875, 36.1375 ], [ 129.3375, 36.1375 ] ] ] } },
{ "type": "Feature", "properties": { "grad_nT_km": 15.2, "tier": "moderate", "score": 7.3 }, "geometry": { "type": "Polygon", "coordinates": [ [ [ 129.3875, 36.1375 ], [ 129.3875, 36.1875 ], [ 129.3375, 36.1875 ], [ 129.3375, 36.1375 ], [ 129.3875, 36.1375 ] ] ] } },
{ "type": "Feature", "properties": { "grad_nT_km": 31.7, "tier": "moderate", "score": 4.2 }, "geometry": { "type": "Polygon", "coordinates": [ [ [ 126.0375, 36.1875 ], [ 126.0375, 36.2375 ], [ 125.9875, 36.2375 ], [ 125.9875, 36.1875 ], [ 126.0375, 36.1875 ] ] ] } },
{ "type": "Feature", "properties": { "grad_nT_km": 31.2, "tier": "moderate", "score": 4.3 }, "geometry": { "type": "Polygon", "coordinates": [ [ [ 126.0875, 36.1875 ], [ 126.0875, 36.2375 ], [ 126.0375, 36.2375 ], [ 126.0375, 36.1875 ], [ 126.0875, 36.1875 ] ] ] } },
{ "type": "Feature", "properties": { "grad_nT_km": 27.1, "tier": "moderate", "score": 4.8 }, "geometry": { "type": "Polygon", "coordinates": [ [ [ 126.1375, 36.1875 ], [ 126.1375, 36.2375 ], [ 126.0875, 36.2375 ], [ 126.0875, 36.1875 ], [ 126.1375, 36.1875 ] ] ] } },
{ "type": "Feature", "properties": { "grad_nT_km": 22.3, "tier": "moderate", "score": 5.6 }, "geometry": { "type": "Polygon", "coordinates": [ [ [ 126.2375, 36.1875 ], [ 126.2375, 36.2375 ], [ 126.1875, 36.2375 ], [ 126.1875, 36.1875 ], [ 126.2375, 36.1875 ] ] ] } },
{ "type": "Feature", "properties": { "grad_nT_km": 17.0, "tier": "moderate", "score": 6.8 }, "geometry": { "type": "Polygon", "coordinates": [ [ [ 126.2875, 36.1875 ], [ 126.2875, 36.2375 ], [ 126.2375, 36.2375 ], [ 126.2375, 36.1875 ], [ 126.2875, 36.1875 ] ] ] } },
{ "type": "Feature", "properties": { "grad_nT_km": 17.0, "tier": "moderate", "score": 6.8 }, "geometry": { "type": "Polygon", "coordinates": [ [ [ 126.9875, 36.1875 ], [ 126.9875, 36.2375 ], [ 126.9375, 36.2375 ], [ 126.9375, 36.1875 ], [ 126.9875, 36.1875 ] ] ] } },
{ "type": "Feature", "properties": { "grad_nT_km": 25.7, "tier": "moderate", "score": 5.1 }, "geometry": { "type": "Polygon", "coordinates": [ [ [ 127.0375, 36.1875 ], [ 127.0375, 36.2375 ], [ 126.9875, 36.2375 ], [ 126.9875, 36.1875 ], [ 127.0375, 36.1875 ] ] ] } },
{ "type": "Feature", "properties": { "grad_nT_km": 16.4, "tier": "moderate", "score": 7.0 }, "geometry": { "type": "Polygon", "coordinates": [ [ [ 127.0875, 36.1875 ], [ 127.0875, 36.2375 ], [ 127.0375, 36.2375 ], [ 127.0375, 36.1875 ], [ 127.0875, 36.1875 ] ] ] } },
{ "type": "Feature", "properties": { "grad_nT_km": 23.8, "tier": "moderate", "score": 5.4 }, "geometry": { "type": "Polygon", "coordinates": [ [ [ 127.1875, 36.1875 ], [ 127.1875, 36.2375 ], [ 127.1375, 36.2375 ], [ 127.1375, 36.1875 ], [ 127.1875, 36.1875 ] ] ] } },
{ "type": "Feature", "properties": { "grad_nT_km": 15.4, "tier": "moderate", "score": 7.2 }, "geometry": { "type": "Polygon", "coordinates": [ [ [ 127.2375, 36.1875 ], [ 127.2375, 36.2375 ], [ 127.1875, 36.2375 ], [ 127.1875, 36.1875 ], [ 127.2375, 36.1875 ] ] ] } },
{ "type": "Feature", "properties": { "grad_nT_km": 19.0, "tier": "moderate", "score": 6.3 }, "geometry": { "type": "Polygon", "coordinates": [ [ [ 127.2875, 36.1875 ], [ 127.2875, 36.2375 ], [ 127.2375, 36.2375 ], [ 127.2375, 36.1875 ], [ 127.2875, 36.1875 ] ] ] } },
{ "type": "Feature", "properties": { "grad_nT_km": 22.1, "tier": "moderate", "score": 5.7 }, "geometry": { "type": "Polygon", "coordinates": [ [ [ 127.4375, 36.1875 ], [ 127.4375, 36.2375 ], [ 127.3875, 36.2375 ], [ 127.3875, 36.1875 ], [ 127.4375, 36.1875 ] ] ] } },
{ "type": "Feature", "properties": { "grad_nT_km": 15.4, "tier": "moderate", "score": 7.2 }, "geometry": { "type": "Polygon", "coordinates": [ [ [ 127.4875, 36.1875 ], [ 127.4875, 36.2375 ], [ 127.4375, 36.2375 ], [ 127.4375, 36.1875 ], [ 127.4875, 36.1875 ] ] ] } },
{ "type": "Feature", "properties": { "grad_nT_km": 19.5, "tier": "moderate", "score": 6.2 }, "geometry": { "type": "Polygon", "coordinates": [ [ [ 127.5875, 36.1875 ], [ 127.5875, 36.2375 ], [ 127.5375, 36.2375 ], [ 127.5375, 36.1875 ], [ 127.5875, 36.1875 ] ] ] } },
{ "type": "Feature", "properties": { "grad_nT_km": 25.0, "tier": "moderate", "score": 5.2 }, "geometry": { "type": "Polygon", "coordinates": [ [ [ 127.6375, 36.1875 ], [ 127.6375, 36.2375 ], [ 127.5875, 36.2375 ], [ 127.5875, 36.1875 ], [ 127.6375, 36.1875 ] ] ] } },
{ "type": "Feature", "properties": { "grad_nT_km": 15.6, "tier": "moderate", "score": 7.2 }, "geometry": { "type": "Polygon", "coordinates": [ [ [ 127.6875, 36.1875 ], [ 127.6875, 36.2375 ], [ 127.6375, 36.2375 ], [ 127.6375, 36.1875 ], [ 127.6875, 36.1875 ] ] ] } },
{ "type": "Feature", "properties": { "grad_nT_km": 19.7, "tier": "moderate", "score": 6.2 }, "geometry": { "type": "Polygon", "coordinates": [ [ [ 127.7875, 36.1875 ], [ 127.7875, 36.2375 ], [ 127.7375, 36.2375 ], [ 127.7375, 36.1875 ], [ 127.7875, 36.1875 ] ] ] } },
{ "type": "Feature", "properties": { "grad_nT_km": 18.8, "tier": "moderate", "score": 6.4 }, "geometry": { "type": "Polygon", "coordinates": [ [ [ 127.9875, 36.1875 ], [ 127.9875, 36.2375 ], [ 127.9375, 36.2375 ], [ 127.9375, 36.1875 ], [ 127.9875, 36.1875 ] ] ] } },
{ "type": "Feature", "properties": { "grad_nT_km": 25.6, "tier": "moderate", "score": 5.1 }, "geometry": { "type": "Polygon", "coordinates": [ [ [ 128.0375, 36.1875 ], [ 128.0375, 36.2375 ], [ 127.9875, 36.2375 ], [ 127.9875, 36.1875 ], [ 128.0375, 36.1875 ] ] ] } },
{ "type": "Feature", "properties": { "grad_nT_km": 15.1, "tier": "moderate", "score": 7.3 }, "geometry": { "type": "Polygon", "coordinates": [ [ [ 128.2375, 36.1875 ], [ 128.2375, 36.2375 ], [ 128.1875, 36.2375 ], [ 128.1875, 36.1875 ], [ 128.2375, 36.1875 ] ] ] } },
{ "type": "Feature", "properties": { "grad_nT_km": 23.1, "tier": "moderate", "score": 5.5 }, "geometry": { "type": "Polygon", "coordinates": [ [ [ 128.2875, 36.1875 ], [ 128.2875, 36.2375 ], [ 128.2375, 36.2375 ], [ 128.2375, 36.1875 ], [ 128.2875, 36.1875 ] ] ] } },
{ "type": "Feature", "properties": { "grad_nT_km": 17.8, "tier": "moderate", "score": 6.6 }, "geometry": { "type": "Polygon", "coordinates": [ [ [ 128.3875, 36.1875 ], [ 128.3875, 36.2375 ], [ 128.3375, 36.2375 ], [ 128.3375, 36.1875 ], [ 128.3875, 36.1875 ] ] ] } },
{ "type": "Feature", "properties": { "grad_nT_km": 22.7, "tier": "moderate", "score": 5.6 }, "geometry": { "type": "Polygon", "coordinates": [ [ [ 128.4375, 36.1875 ], [ 128.4375, 36.2375 ], [ 128.3875, 36.2375 ], [ 128.3875, 36.1875 ], [ 128.4375, 36.1875 ] ] ] } },
{ "type": "Feature", "properties": { "grad_nT_km": 24.1, "tier": "moderate", "score": 5.3 }, "geometry": { "type": "Polygon", "coordinates": [ [ [ 128.4875, 36.1875 ], [ 128.4875, 36.2375 ], [ 128.4375, 36.2375 ], [ 128.4375, 36.1875 ], [ 128.4875, 36.1875 ] ] ] } },
{ "type": "Feature", "properties": { "grad_nT_km": 19.0, "tier": "moderate", "score": 6.3 }, "geometry": { "type": "Polygon", "coordinates": [ [ [ 128.5375, 36.1875 ], [ 128.5375, 36.2375 ], [ 128.4875, 36.2375 ], [ 128.4875, 36.1875 ], [ 128.5375, 36.1875 ] ] ] } },
{ "type": "Feature", "properties": { "grad_nT_km": 15.9, "tier": "moderate", "score": 7.1 }, "geometry": { "type": "Polygon", "coordinates": [ [ [ 128.6375, 36.1875 ], [ 128.6375, 36.2375 ], [ 128.5875, 36.2375 ], [ 128.5875, 36.1875 ], [ 128.6375, 36.1875 ] ] ] } },
{ "type": "Feature", "properties": { "grad_nT_km": 19.3, "tier": "moderate", "score": 6.3 }, "geometry": { "type": "Polygon", "coordinates": [ [ [ 128.7875, 36.1875 ], [ 128.7875, 36.2375 ], [ 128.7375, 36.2375 ], [ 128.7375, 36.1875 ], [ 128.7875, 36.1875 ] ] ] } },
{ "type": "Feature", "properties": { "grad_nT_km": 38.8, "tier": "moderate", "score": 3.4 }, "geometry": { "type": "Polygon", "coordinates": [ [ [ 128.9375, 36.1875 ], [ 128.9375, 36.2375 ], [ 128.8875, 36.2375 ], [ 128.8875, 36.1875 ], [ 128.9375, 36.1875 ] ] ] } },
{ "type": "Feature", "properties": { "grad_nT_km": 34.1, "tier": "moderate", "score": 3.9 }, "geometry": { "type": "Polygon", "coordinates": [ [ [ 129.0375, 36.1875 ], [ 129.0375, 36.2375 ], [ 128.9875, 36.2375 ], [ 128.9875, 36.1875 ], [ 129.0375, 36.1875 ] ] ] } },
{ "type": "Feature", "properties": { "grad_nT_km": 20.3, "tier": "moderate", "score": 6.1 }, "geometry": { "type": "Polygon", "coordinates": [ [ [ 129.0875, 36.1875 ], [ 129.0875, 36.2375 ], [ 129.0375, 36.2375 ], [ 129.0375, 36.1875 ], [ 129.0875, 36.1875 ] ] ] } },
{ "type": "Feature", "properties": { "grad_nT_km": 20.1, "tier": "moderate", "score": 6.1 }, "geometry": { "type": "Polygon", "coordinates": [ [ [ 129.1375, 36.1875 ], [ 129.1375, 36.2375 ], [ 129.0875, 36.2375 ], [ 129.0875, 36.1875 ], [ 129.1375, 36.1875 ] ] ] } },
{ "type": "Feature", "properties": { "grad_nT_km": 26.5, "tier": "moderate", "score": 4.9 }, "geometry": { "type": "Polygon", "coordinates": [ [ [ 129.1875, 36.1875 ], [ 129.1875, 36.2375 ], [ 129.1375, 36.2375 ], [ 129.1375, 36.1875 ], [ 129.1875, 36.1875 ] ] ] } },
{ "type": "Feature", "properties": { "grad_nT_km": 26.1, "tier": "moderate", "score": 5.0 }, "geometry": { "type": "Polygon", "coordinates": [ [ [ 129.2375, 36.1875 ], [ 129.2375, 36.2375 ], [ 129.1875, 36.2375 ], [ 129.1875, 36.1875 ], [ 129.2375, 36.1875 ] ] ] } },
{ "type": "Feature", "properties": { "grad_nT_km": 24.1, "tier": "moderate", "score": 5.3 }, "geometry": { "type": "Polygon", "coordinates": [ [ [ 129.2875, 36.1875 ], [ 129.2875, 36.2375 ], [ 129.2375, 36.2375 ], [ 129.2375, 36.1875 ], [ 129.2875, 36.1875 ] ] ] } },
{ "type": "Feature", "properties": { "grad_nT_km": 26.5, "tier": "moderate", "score": 4.9 }, "geometry": { "type": "Polygon", "coordinates": [ [ [ 129.3375, 36.1875 ], [ 129.3375, 36.2375 ], [ 129.2875, 36.2375 ], [ 129.2875, 36.1875 ], [ 129.3375, 36.1875 ] ] ] } },
{ "type": "Feature", "properties": { "grad_nT_km": 16.7, "tier": "moderate", "score": 6.9 }, "geometry": { "type": "Polygon", "coordinates": [ [ [ 126.7375, 36.2375 ], [ 126.7375, 36.2875 ], [ 126.6875, 36.2875 ], [ 126.6875, 36.2375 ], [ 126.7375, 36.2375 ] ] ] } },
{ "type": "Feature", "properties": { "grad_nT_km": 17.5, "tier": "moderate", "score": 6.7 }, "geometry": { "type": "Polygon", "coordinates": [ [ [ 127.0375, 36.2375 ], [ 127.0375, 36.2875 ], [ 126.9875, 36.2875 ], [ 126.9875, 36.2375 ], [ 127.0375, 36.2375 ] ] ] } },
{ "type": "Feature", "properties": { "grad_nT_km": 20.5, "tier": "moderate", "score": 6.0 }, "geometry": { "type": "Polygon", "coordinates": [ [ [ 127.0875, 36.2375 ], [ 127.0875, 36.2875 ], [ 127.0375, 36.2875 ], [ 127.0375, 36.2375 ], [ 127.0875, 36.2375 ] ] ] } },
{ "type": "Feature", "properties": { "grad_nT_km": 19.9, "tier": "moderate", "score": 6.1 }, "geometry": { "type": "Polygon", "coordinates": [ [ [ 127.1375, 36.2375 ], [ 127.1375, 36.2875 ], [ 127.0875, 36.2875 ], [ 127.0875, 36.2375 ], [ 127.1375, 36.2375 ] ] ] } },
{ "type": "Feature", "properties": { "grad_nT_km": 23.9, "tier": "moderate", "score": 5.4 }, "geometry": { "type": "Polygon", "coordinates": [ [ [ 127.1875, 36.2375 ], [ 127.1875, 36.2875 ], [ 127.1375, 36.2875 ], [ 127.1375, 36.2375 ], [ 127.1875, 36.2375 ] ] ] } },
{ "type": "Feature", "properties": { "grad_nT_km": 19.6, "tier": "moderate", "score": 6.2 }, "geometry": { "type": "Polygon", "coordinates": [ [ [ 127.5875, 36.2375 ], [ 127.5875, 36.2875 ], [ 127.5375, 36.2875 ], [ 127.5375, 36.2375 ], [ 127.5875, 36.2375 ] ] ] } },
{ "type": "Feature", "properties": { "grad_nT_km": 38.4, "tier": "moderate", "score": 3.5 }, "geometry": { "type": "Polygon", "coordinates": [ [ [ 127.6375, 36.2375 ], [ 127.6375, 36.2875 ], [ 127.5875, 36.2875 ], [ 127.5875, 36.2375 ], [ 127.6375, 36.2375 ] ] ] } },
{ "type": "Feature", "properties": { "grad_nT_km": 21.4, "tier": "moderate", "score": 5.8 }, "geometry": { "type": "Polygon", "coordinates": [ [ [ 127.9875, 36.2375 ], [ 127.9875, 36.2875 ], [ 127.9375, 36.2875 ], [ 127.9375, 36.2375 ], [ 127.9875, 36.2375 ] ] ] } },
{ "type": "Feature", "properties": { "grad_nT_km": 26.6, "tier": "moderate", "score": 4.9 }, "geometry": { "type": "Polygon", "coordinates": [ [ [ 128.0375, 36.2375 ], [ 128.0375, 36.2875 ], [ 127.9875, 36.2875 ], [ 127.9875, 36.2375 ], [ 128.0375, 36.2375 ] ] ] } },
{ "type": "Feature", "properties": { "grad_nT_km": 33.7, "tier": "moderate", "score": 3.9 }, "geometry": { "type": "Polygon", "coordinates": [ [ [ 128.3875, 36.2375 ], [ 128.3875, 36.2875 ], [ 128.3375, 36.2875 ], [ 128.3375, 36.2375 ], [ 128.3875, 36.2375 ] ] ] } },
{ "type": "Feature", "properties": { "grad_nT_km": 38.5, "tier": "moderate", "score": 3.5 }, "geometry": { "type": "Polygon", "coordinates": [ [ [ 128.4375, 36.2375 ], [ 128.4375, 36.2875 ], [ 128.3875, 36.2875 ], [ 128.3875, 36.2375 ], [ 128.4375, 36.2375 ] ] ] } },
{ "type": "Feature", "properties": { "grad_nT_km": 26.2, "tier": "moderate", "score": 5.0 }, "geometry": { "type": "Polygon", "coordinates": [ [ [ 128.4875, 36.2375 ], [ 128.4875, 36.2875 ], [ 128.4375, 36.2875 ], [ 128.4375, 36.2375 ], [ 128.4875, 36.2375 ] ] ] } },
{ "type": "Feature", "properties": { "grad_nT_km": 31.3, "tier": "moderate", "score": 4.2 }, "geometry": { "type": "Polygon", "coordinates": [ [ [ 128.7375, 36.2375 ], [ 128.7375, 36.2875 ], [ 128.6875, 36.2875 ], [ 128.6875, 36.2375 ], [ 128.7375, 36.2375 ] ] ] } },
{ "type": "Feature", "properties": { "grad_nT_km": 27.7, "tier": "moderate", "score": 4.7 }, "geometry": { "type": "Polygon", "coordinates": [ [ [ 128.8375, 36.2375 ], [ 128.8375, 36.2875 ], [ 128.7875, 36.2875 ], [ 128.7875, 36.2375 ], [ 128.8375, 36.2375 ] ] ] } },
{ "type": "Feature", "properties": { "grad_nT_km": 32.5, "tier": "moderate", "score": 4.1 }, "geometry": { "type": "Polygon", "coordinates": [ [ [ 128.9875, 36.2375 ], [ 128.9875, 36.2875 ], [ 128.9375, 36.2875 ], [ 128.9375, 36.2375 ], [ 128.9875, 36.2375 ] ] ] } },
{ "type": "Feature", "properties": { "grad_nT_km": 23.6, "tier": "moderate", "score": 5.4 }, "geometry": { "type": "Polygon", "coordinates": [ [ [ 129.0375, 36.2375 ], [ 129.0375, 36.2875 ], [ 128.9875, 36.2875 ], [ 128.9875, 36.2375 ], [ 129.0375, 36.2375 ] ] ] } },
{ "type": "Feature", "properties": { "grad_nT_km": 23.0, "tier": "moderate", "score": 5.5 }, "geometry": { "type": "Polygon", "coordinates": [ [ [ 129.2875, 36.2375 ], [ 129.2875, 36.2875 ], [ 129.2375, 36.2875 ], [ 129.2375, 36.2375 ], [ 129.2875, 36.2375 ] ] ] } },
{ "type": "Feature", "properties": { "grad_nT_km": 19.1, "tier": "moderate", "score": 6.3 }, "geometry": { "type": "Polygon", "coordinates": [ [ [ 129.3875, 36.2375 ], [ 129.3875, 36.2875 ], [ 129.3375, 36.2875 ], [ 129.3375, 36.2375 ], [ 129.3875, 36.2375 ] ] ] } },
{ "type": "Feature", "properties": { "grad_nT_km": 15.7, "tier": "moderate", "score": 7.2 }, "geometry": { "type": "Polygon", "coordinates": [ [ [ 126.4375, 36.2875 ], [ 126.4375, 36.3375 ], [ 126.3875, 36.3375 ], [ 126.3875, 36.2875 ], [ 126.4375, 36.2875 ] ] ] } },
{ "type": "Feature", "properties": { "grad_nT_km": 21.5, "tier": "moderate", "score": 5.8 }, "geometry": { "type": "Polygon", "coordinates": [ [ [ 127.1875, 36.2875 ], [ 127.1875, 36.3375 ], [ 127.1375, 36.3375 ], [ 127.1375, 36.2875 ], [ 127.1875, 36.2875 ] ] ] } },
{ "type": "Feature", "properties": { "grad_nT_km": 19.0, "tier": "moderate", "score": 6.3 }, "geometry": { "type": "Polygon", "coordinates": [ [ [ 127.2375, 36.2875 ], [ 127.2375, 36.3375 ], [ 127.1875, 36.3375 ], [ 127.1875, 36.2875 ], [ 127.2375, 36.2875 ] ] ] } },
{ "type": "Feature", "properties": { "grad_nT_km": 38.3, "tier": "moderate", "score": 3.5 }, "geometry": { "type": "Polygon", "coordinates": [ [ [ 127.7375, 36.2875 ], [ 127.7375, 36.3375 ], [ 127.6875, 36.3375 ], [ 127.6875, 36.2875 ], [ 127.7375, 36.2875 ] ] ] } },
{ "type": "Feature", "properties": { "grad_nT_km": 25.9, "tier": "moderate", "score": 5.0 }, "geometry": { "type": "Polygon", "coordinates": [ [ [ 127.7875, 36.2875 ], [ 127.7875, 36.3375 ], [ 127.7375, 36.3375 ], [ 127.7375, 36.2875 ], [ 127.7875, 36.2875 ] ] ] } },
{ "type": "Feature", "properties": { "grad_nT_km": 37.6, "tier": "moderate", "score": 3.5 }, "geometry": { "type": "Polygon", "coordinates": [ [ [ 127.8375, 36.2875 ], [ 127.8375, 36.3375 ], [ 127.7875, 36.3375 ], [ 127.7875, 36.2875 ], [ 127.8375, 36.2875 ] ] ] } },
{ "type": "Feature", "properties": { "grad_nT_km": 29.2, "tier": "moderate", "score": 4.5 }, "geometry": { "type": "Polygon", "coordinates": [ [ [ 127.8875, 36.2875 ], [ 127.8875, 36.3375 ], [ 127.8375, 36.3375 ], [ 127.8375, 36.2875 ], [ 127.8875, 36.2875 ] ] ] } },
{ "type": "Feature", "properties": { "grad_nT_km": 17.3, "tier": "moderate", "score": 6.7 }, "geometry": { "type": "Polygon", "coordinates": [ [ [ 127.9375, 36.2875 ], [ 127.9375, 36.3375 ], [ 127.8875, 36.3375 ], [ 127.8875, 36.2875 ], [ 127.9375, 36.2875 ] ] ] } },
{ "type": "Feature", "properties": { "grad_nT_km": 23.3, "tier": "moderate", "score": 5.5 }, "geometry": { "type": "Polygon", "coordinates": [ [ [ 128.2875, 36.2875 ], [ 128.2875, 36.3375 ], [ 128.2375, 36.3375 ], [ 128.2375, 36.2875 ], [ 128.2875, 36.2875 ] ] ] } },
{ "type": "Feature", "properties": { "grad_nT_km": 15.2, "tier": "moderate", "score": 7.3 }, "geometry": { "type": "Polygon", "coordinates": [ [ [ 128.6875, 36.2875 ], [ 128.6875, 36.3375 ], [ 128.6375, 36.3375 ], [ 128.6375, 36.2875 ], [ 128.6875, 36.2875 ] ] ] } },
{ "type": "Feature", "properties": { "grad_nT_km": 16.4, "tier": "moderate", "score": 7.0 }, "geometry": { "type": "Polygon", "coordinates": [ [ [ 128.7875, 36.2875 ], [ 128.7875, 36.3375 ], [ 128.7375, 36.3375 ], [ 128.7375, 36.2875 ], [ 128.7875, 36.2875 ] ] ] } },
{ "type": "Feature", "properties": { "grad_nT_km": 22.9, "tier": "moderate", "score": 5.5 }, "geometry": { "type": "Polygon", "coordinates": [ [ [ 128.9375, 36.2875 ], [ 128.9375, 36.3375 ], [ 128.8875, 36.3375 ], [ 128.8875, 36.2875 ], [ 128.9375, 36.2875 ] ] ] } },
{ "type": "Feature", "properties": { "grad_nT_km": 26.2, "tier": "moderate", "score": 5.0 }, "geometry": { "type": "Polygon", "coordinates": [ [ [ 128.9875, 36.2875 ], [ 128.9875, 36.3375 ], [ 128.9375, 36.3375 ], [ 128.9375, 36.2875 ], [ 128.9875, 36.2875 ] ] ] } },
{ "type": "Feature", "properties": { "grad_nT_km": 15.3, "tier": "moderate", "score": 7.3 }, "geometry": { "type": "Polygon", "coordinates": [ [ [ 129.0375, 36.2875 ], [ 129.0375, 36.3375 ], [ 128.9875, 36.3375 ], [ 128.9875, 36.2875 ], [ 129.0375, 36.2875 ] ] ] } },
{ "type": "Feature", "properties": { "grad_nT_km": 39.8, "tier": "moderate", "score": 3.3 }, "geometry": { "type": "Polygon", "coordinates": [ [ [ 129.2375, 36.2875 ], [ 129.2375, 36.3375 ], [ 129.1875, 36.3375 ], [ 129.1875, 36.2875 ], [ 129.2375, 36.2875 ] ] ] } },
{ "type": "Feature", "properties": { "grad_nT_km": 22.6, "tier": "moderate", "score": 5.6 }, "geometry": { "type": "Polygon", "coordinates": [ [ [ 129.2875, 36.2875 ], [ 129.2875, 36.3375 ], [ 129.2375, 36.3375 ], [ 129.2375, 36.2875 ], [ 129.2875, 36.2875 ] ] ] } },
{ "type": "Feature", "properties": { "grad_nT_km": 19.4, "tier": "moderate", "score": 6.3 }, "geometry": { "type": "Polygon", "coordinates": [ [ [ 129.3875, 36.2875 ], [ 129.3875, 36.3375 ], [ 129.3375, 36.3375 ], [ 129.3375, 36.2875 ], [ 129.3875, 36.2875 ] ] ] } },
{ "type": "Feature", "properties": { "grad_nT_km": 24.5, "tier": "moderate", "score": 5.3 }, "geometry": { "type": "Polygon", "coordinates": [ [ [ 127.2375, 36.3375 ], [ 127.2375, 36.3875 ], [ 127.1875, 36.3875 ], [ 127.1875, 36.3375 ], [ 127.2375, 36.3375 ] ] ] } },
{ "type": "Feature", "properties": { "grad_nT_km": 15.8, "tier": "moderate", "score": 7.1 }, "geometry": { "type": "Polygon", "coordinates": [ [ [ 127.6375, 36.3375 ], [ 127.6375, 36.3875 ], [ 127.5875, 36.3875 ], [ 127.5875, 36.3375 ], [ 127.6375, 36.3375 ] ] ] } },
{ "type": "Feature", "properties": { "grad_nT_km": 37.0, "tier": "moderate", "score": 3.6 }, "geometry": { "type": "Polygon", "coordinates": [ [ [ 127.6875, 36.3375 ], [ 127.6875, 36.3875 ], [ 127.6375, 36.3875 ], [ 127.6375, 36.3375 ], [ 127.6875, 36.3375 ] ] ] } },
{ "type": "Feature", "properties": { "grad_nT_km": 30.0, "tier": "moderate", "score": 4.4 }, "geometry": { "type": "Polygon", "coordinates": [ [ [ 127.9375, 36.3375 ], [ 127.9375, 36.3875 ], [ 127.8875, 36.3875 ], [ 127.8875, 36.3375 ], [ 127.9375, 36.3375 ] ] ] } },
{ "type": "Feature", "properties": { "grad_nT_km": 15.9, "tier": "moderate", "score": 7.1 }, "geometry": { "type": "Polygon", "coordinates": [ [ [ 127.9875, 36.3375 ], [ 127.9875, 36.3875 ], [ 127.9375, 36.3875 ], [ 127.9375, 36.3375 ], [ 127.9875, 36.3375 ] ] ] } },
{ "type": "Feature", "properties": { "grad_nT_km": 27.6, "tier": "moderate", "score": 4.7 }, "geometry": { "type": "Polygon", "coordinates": [ [ [ 128.1375, 36.3375 ], [ 128.1375, 36.3875 ], [ 128.0875, 36.3875 ], [ 128.0875, 36.3375 ], [ 128.1375, 36.3375 ] ] ] } },
{ "type": "Feature", "properties": { "grad_nT_km": 19.2, "tier": "moderate", "score": 6.3 }, "geometry": { "type": "Polygon", "coordinates": [ [ [ 128.1875, 36.3375 ], [ 128.1875, 36.3875 ], [ 128.1375, 36.3875 ], [ 128.1375, 36.3375 ], [ 128.1875, 36.3375 ] ] ] } },
{ "type": "Feature", "properties": { "grad_nT_km": 29.0, "tier": "moderate", "score": 4.6 }, "geometry": { "type": "Polygon", "coordinates": [ [ [ 128.2375, 36.3375 ], [ 128.2375, 36.3875 ], [ 128.1875, 36.3875 ], [ 128.1875, 36.3375 ], [ 128.2375, 36.3375 ] ] ] } },
{ "type": "Feature", "properties": { "grad_nT_km": 23.1, "tier": "moderate", "score": 5.5 }, "geometry": { "type": "Polygon", "coordinates": [ [ [ 128.2875, 36.3375 ], [ 128.2875, 36.3875 ], [ 128.2375, 36.3875 ], [ 128.2375, 36.3375 ], [ 128.2875, 36.3375 ] ] ] } },
{ "type": "Feature", "properties": { "grad_nT_km": 17.7, "tier": "moderate", "score": 6.7 }, "geometry": { "type": "Polygon", "coordinates": [ [ [ 128.7375, 36.3375 ], [ 128.7375, 36.3875 ], [ 128.6875, 36.3875 ], [ 128.6875, 36.3375 ], [ 128.7375, 36.3375 ] ] ] } },
{ "type": "Feature", "properties": { "grad_nT_km": 29.3, "tier": "moderate", "score": 4.5 }, "geometry": { "type": "Polygon", "coordinates": [ [ [ 128.8375, 36.3375 ], [ 128.8375, 36.3875 ], [ 128.7875, 36.3875 ], [ 128.7875, 36.3375 ], [ 128.8375, 36.3375 ] ] ] } },
{ "type": "Feature", "properties": { "grad_nT_km": 24.4, "tier": "moderate", "score": 5.3 }, "geometry": { "type": "Polygon", "coordinates": [ [ [ 128.8875, 36.3375 ], [ 128.8875, 36.3875 ], [ 128.8375, 36.3875 ], [ 128.8375, 36.3375 ], [ 128.8875, 36.3375 ] ] ] } },
{ "type": "Feature", "properties": { "grad_nT_km": 19.4, "tier": "moderate", "score": 6.3 }, "geometry": { "type": "Polygon", "coordinates": [ [ [ 128.9875, 36.3375 ], [ 128.9875, 36.3875 ], [ 128.9375, 36.3875 ], [ 128.9375, 36.3375 ], [ 128.9875, 36.3375 ] ] ] } },
{ "type": "Feature", "properties": { "grad_nT_km": 21.6, "tier": "moderate", "score": 5.8 }, "geometry": { "type": "Polygon", "coordinates": [ [ [ 129.0375, 36.3375 ], [ 129.0375, 36.3875 ], [ 128.9875, 36.3875 ], [ 128.9875, 36.3375 ], [ 129.0375, 36.3375 ] ] ] } },
{ "type": "Feature", "properties": { "grad_nT_km": 26.2, "tier": "moderate", "score": 5.0 }, "geometry": { "type": "Polygon", "coordinates": [ [ [ 129.3875, 36.3375 ], [ 129.3875, 36.3875 ], [ 129.3375, 36.3875 ], [ 129.3375, 36.3375 ], [ 129.3875, 36.3375 ] ] ] } },
{ "type": "Feature", "properties": { "grad_nT_km": 21.1, "tier": "moderate", "score": 5.9 }, "geometry": { "type": "Polygon", "coordinates": [ [ [ 127.2875, 36.3875 ], [ 127.2875, 36.4375 ], [ 127.2375, 36.4375 ], [ 127.2375, 36.3875 ], [ 127.2875, 36.3875 ] ] ] } },
{ "type": "Feature", "properties": { "grad_nT_km": 33.1, "tier": "moderate", "score": 4.0 }, "geometry": { "type": "Polygon", "coordinates": [ [ [ 127.6375, 36.3875 ], [ 127.6375, 36.4375 ], [ 127.5875, 36.4375 ], [ 127.5875, 36.3875 ], [ 127.6375, 36.3875 ] ] ] } },
{ "type": "Feature", "properties": { "grad_nT_km": 20.0, "tier": "moderate", "score": 6.1 }, "geometry": { "type": "Polygon", "coordinates": [ [ [ 127.7375, 36.3875 ], [ 127.7375, 36.4375 ], [ 127.6875, 36.4375 ], [ 127.6875, 36.3875 ], [ 127.7375, 36.3875 ] ] ] } },
{ "type": "Feature", "properties": { "grad_nT_km": 17.8, "tier": "moderate", "score": 6.6 }, "geometry": { "type": "Polygon", "coordinates": [ [ [ 127.8375, 36.3875 ], [ 127.8375, 36.4375 ], [ 127.7875, 36.4375 ], [ 127.7875, 36.3875 ], [ 127.8375, 36.3875 ] ] ] } },
{ "type": "Feature", "properties": { "grad_nT_km": 18.2, "tier": "moderate", "score": 6.5 }, "geometry": { "type": "Polygon", "coordinates": [ [ [ 128.0875, 36.3875 ], [ 128.0875, 36.4375 ], [ 128.0375, 36.4375 ], [ 128.0375, 36.3875 ], [ 128.0875, 36.3875 ] ] ] } },
{ "type": "Feature", "properties": { "grad_nT_km": 39.1, "tier": "moderate", "score": 3.4 }, "geometry": { "type": "Polygon", "coordinates": [ [ [ 128.1375, 36.3875 ], [ 128.1375, 36.4375 ], [ 128.0875, 36.4375 ], [ 128.0875, 36.3875 ], [ 128.1375, 36.3875 ] ] ] } },
{ "type": "Feature", "properties": { "grad_nT_km": 15.0, "tier": "moderate", "score": 7.3 }, "geometry": { "type": "Polygon", "coordinates": [ [ [ 128.1875, 36.3875 ], [ 128.1875, 36.4375 ], [ 128.1375, 36.4375 ], [ 128.1375, 36.3875 ], [ 128.1875, 36.3875 ] ] ] } },
{ "type": "Feature", "properties": { "grad_nT_km": 34.5, "tier": "moderate", "score": 3.9 }, "geometry": { "type": "Polygon", "coordinates": [ [ [ 128.2875, 36.3875 ], [ 128.2875, 36.4375 ], [ 128.2375, 36.4375 ], [ 128.2375, 36.3875 ], [ 128.2875, 36.3875 ] ] ] } },
{ "type": "Feature", "properties": { "grad_nT_km": 17.6, "tier": "moderate", "score": 6.7 }, "geometry": { "type": "Polygon", "coordinates": [ [ [ 128.3375, 36.3875 ], [ 128.3375, 36.4375 ], [ 128.2875, 36.4375 ], [ 128.2875, 36.3875 ], [ 128.3375, 36.3875 ] ] ] } },
{ "type": "Feature", "properties": { "grad_nT_km": 15.0, "tier": "moderate", "score": 7.3 }, "geometry": { "type": "Polygon", "coordinates": [ [ [ 128.8375, 36.3875 ], [ 128.8375, 36.4375 ], [ 128.7875, 36.4375 ], [ 128.7875, 36.3875 ], [ 128.8375, 36.3875 ] ] ] } },
{ "type": "Feature", "properties": { "grad_nT_km": 31.5, "tier": "moderate", "score": 4.2 }, "geometry": { "type": "Polygon", "coordinates": [ [ [ 128.9375, 36.3875 ], [ 128.9375, 36.4375 ], [ 128.8875, 36.4375 ], [ 128.8875, 36.3875 ], [ 128.9375, 36.3875 ] ] ] } },
{ "type": "Feature", "properties": { "grad_nT_km": 32.8, "tier": "moderate", "score": 4.1 }, "geometry": { "type": "Polygon", "coordinates": [ [ [ 128.9875, 36.3875 ], [ 128.9875, 36.4375 ], [ 128.9375, 36.4375 ], [ 128.9375, 36.3875 ], [ 128.9875, 36.3875 ] ] ] } },
{ "type": "Feature", "properties": { "grad_nT_km": 28.0, "tier": "moderate", "score": 4.7 }, "geometry": { "type": "Polygon", "coordinates": [ [ [ 129.0375, 36.3875 ], [ 129.0375, 36.4375 ], [ 128.9875, 36.4375 ], [ 128.9875, 36.3875 ], [ 129.0375, 36.3875 ] ] ] } },
{ "type": "Feature", "properties": { "grad_nT_km": 31.8, "tier": "moderate", "score": 4.2 }, "geometry": { "type": "Polygon", "coordinates": [ [ [ 129.0875, 36.3875 ], [ 129.0875, 36.4375 ], [ 129.0375, 36.4375 ], [ 129.0375, 36.3875 ], [ 129.0875, 36.3875 ] ] ] } },
{ "type": "Feature", "properties": { "grad_nT_km": 24.2, "tier": "moderate", "score": 5.3 }, "geometry": { "type": "Polygon", "coordinates": [ [ [ 129.1375, 36.3875 ], [ 129.1375, 36.4375 ], [ 129.0875, 36.4375 ], [ 129.0875, 36.3875 ], [ 129.1375, 36.3875 ] ] ] } },
{ "type": "Feature", "properties": { "grad_nT_km": 37.9, "tier": "moderate", "score": 3.5 }, "geometry": { "type": "Polygon", "coordinates": [ [ [ 129.1875, 36.3875 ], [ 129.1875, 36.4375 ], [ 129.1375, 36.4375 ], [ 129.1375, 36.3875 ], [ 129.1875, 36.3875 ] ] ] } },
{ "type": "Feature", "properties": { "grad_nT_km": 24.8, "tier": "moderate", "score": 5.2 }, "geometry": { "type": "Polygon", "coordinates": [ [ [ 129.2375, 36.3875 ], [ 129.2375, 36.4375 ], [ 129.1875, 36.4375 ], [ 129.1875, 36.3875 ], [ 129.2375, 36.3875 ] ] ] } },
{ "type": "Feature", "properties": { "grad_nT_km": 24.5, "tier": "moderate", "score": 5.2 }, "geometry": { "type": "Polygon", "coordinates": [ [ [ 129.3375, 36.3875 ], [ 129.3375, 36.4375 ], [ 129.2875, 36.4375 ], [ 129.2875, 36.3875 ], [ 129.3375, 36.3875 ] ] ] } },
{ "type": "Feature", "properties": { "grad_nT_km": 38.1, "tier": "moderate", "score": 3.5 }, "geometry": { "type": "Polygon", "coordinates": [ [ [ 129.3875, 36.3875 ], [ 129.3875, 36.4375 ], [ 129.3375, 36.4375 ], [ 129.3375, 36.3875 ], [ 129.3875, 36.3875 ] ] ] } },
{ "type": "Feature", "properties": { "grad_nT_km": 17.2, "tier": "moderate", "score": 6.8 }, "geometry": { "type": "Polygon", "coordinates": [ [ [ 127.5375, 36.4375 ], [ 127.5375, 36.4875 ], [ 127.4875, 36.4875 ], [ 127.4875, 36.4375 ], [ 127.5375, 36.4375 ] ] ] } },
{ "type": "Feature", "properties": { "grad_nT_km": 20.8, "tier": "moderate", "score": 5.9 }, "geometry": { "type": "Polygon", "coordinates": [ [ [ 127.5875, 36.4375 ], [ 127.5875, 36.4875 ], [ 127.5375, 36.4875 ], [ 127.5375, 36.4375 ], [ 127.5875, 36.4375 ] ] ] } },
{ "type": "Feature", "properties": { "grad_nT_km": 24.9, "tier": "moderate", "score": 5.2 }, "geometry": { "type": "Polygon", "coordinates": [ [ [ 127.6375, 36.4375 ], [ 127.6375, 36.4875 ], [ 127.5875, 36.4875 ], [ 127.5875, 36.4375 ], [ 127.6375, 36.4375 ] ] ] } },
{ "type": "Feature", "properties": { "grad_nT_km": 19.7, "tier": "moderate", "score": 6.2 }, "geometry": { "type": "Polygon", "coordinates": [ [ [ 128.0875, 36.4375 ], [ 128.0875, 36.4875 ], [ 128.0375, 36.4875 ], [ 128.0375, 36.4375 ], [ 128.0875, 36.4375 ] ] ] } },
{ "type": "Feature", "properties": { "grad_nT_km": 18.9, "tier": "moderate", "score": 6.4 }, "geometry": { "type": "Polygon", "coordinates": [ [ [ 128.1875, 36.4375 ], [ 128.1875, 36.4875 ], [ 128.1375, 36.4875 ], [ 128.1375, 36.4375 ], [ 128.1875, 36.4375 ] ] ] } },
{ "type": "Feature", "properties": { "grad_nT_km": 36.9, "tier": "moderate", "score": 3.6 }, "geometry": { "type": "Polygon", "coordinates": [ [ [ 128.2875, 36.4375 ], [ 128.2875, 36.4875 ], [ 128.2375, 36.4875 ], [ 128.2375, 36.4375 ], [ 128.2875, 36.4375 ] ] ] } },
{ "type": "Feature", "properties": { "grad_nT_km": 33.7, "tier": "moderate", "score": 4.0 }, "geometry": { "type": "Polygon", "coordinates": [ [ [ 128.3375, 36.4375 ], [ 128.3375, 36.4875 ], [ 128.2875, 36.4875 ], [ 128.2875, 36.4375 ], [ 128.3375, 36.4375 ] ] ] } },
{ "type": "Feature", "properties": { "grad_nT_km": 21.5, "tier": "moderate", "score": 5.8 }, "geometry": { "type": "Polygon", "coordinates": [ [ [ 128.3875, 36.4375 ], [ 128.3875, 36.4875 ], [ 128.3375, 36.4875 ], [ 128.3375, 36.4375 ], [ 128.3875, 36.4375 ] ] ] } },
{ "type": "Feature", "properties": { "grad_nT_km": 15.6, "tier": "moderate", "score": 7.2 }, "geometry": { "type": "Polygon", "coordinates": [ [ [ 128.8375, 36.4375 ], [ 128.8375, 36.4875 ], [ 128.7875, 36.4875 ], [ 128.7875, 36.4375 ], [ 128.8375, 36.4375 ] ] ] } },
{ "type": "Feature", "properties": { "grad_nT_km": 31.6, "tier": "moderate", "score": 4.2 }, "geometry": { "type": "Polygon", "coordinates": [ [ [ 128.8875, 36.4375 ], [ 128.8875, 36.4875 ], [ 128.8375, 36.4875 ], [ 128.8375, 36.4375 ], [ 128.8875, 36.4375 ] ] ] } },
{ "type": "Feature", "properties": { "grad_nT_km": 38.3, "tier": "moderate", "score": 3.5 }, "geometry": { "type": "Polygon", "coordinates": [ [ [ 128.9875, 36.4375 ], [ 128.9875, 36.4875 ], [ 128.9375, 36.4875 ], [ 128.9375, 36.4375 ], [ 128.9875, 36.4375 ] ] ] } },
{ "type": "Feature", "properties": { "grad_nT_km": 15.4, "tier": "moderate", "score": 7.2 }, "geometry": { "type": "Polygon", "coordinates": [ [ [ 129.1375, 36.4375 ], [ 129.1375, 36.4875 ], [ 129.0875, 36.4875 ], [ 129.0875, 36.4375 ], [ 129.1375, 36.4375 ] ] ] } },
{ "type": "Feature", "properties": { "grad_nT_km": 21.7, "tier": "moderate", "score": 5.8 }, "geometry": { "type": "Polygon", "coordinates": [ [ [ 129.1875, 36.4375 ], [ 129.1875, 36.4875 ], [ 129.1375, 36.4875 ], [ 129.1375, 36.4375 ], [ 129.1875, 36.4375 ] ] ] } },
{ "type": "Feature", "properties": { "grad_nT_km": 21.1, "tier": "moderate", "score": 5.9 }, "geometry": { "type": "Polygon", "coordinates": [ [ [ 129.2375, 36.4375 ], [ 129.2375, 36.4875 ], [ 129.1875, 36.4875 ], [ 129.1875, 36.4375 ], [ 129.2375, 36.4375 ] ] ] } },
{ "type": "Feature", "properties": { "grad_nT_km": 36.7, "tier": "moderate", "score": 3.6 }, "geometry": { "type": "Polygon", "coordinates": [ [ [ 129.2875, 36.4375 ], [ 129.2875, 36.4875 ], [ 129.2375, 36.4875 ], [ 129.2375, 36.4375 ], [ 129.2875, 36.4375 ] ] ] } },
{ "type": "Feature", "properties": { "grad_nT_km": 15.6, "tier": "moderate", "score": 7.2 }, "geometry": { "type": "Polygon", "coordinates": [ [ [ 129.3375, 36.4375 ], [ 129.3375, 36.4875 ], [ 129.2875, 36.4875 ], [ 129.2875, 36.4375 ], [ 129.3375, 36.4375 ] ] ] } },
{ "type": "Feature", "properties": { "grad_nT_km": 15.3, "tier": "moderate", "score": 7.3 }, "geometry": { "type": "Polygon", "coordinates": [ [ [ 126.0375, 36.4875 ], [ 126.0375, 36.5375 ], [ 125.9875, 36.5375 ], [ 125.9875, 36.4875 ], [ 126.0375, 36.4875 ] ] ] } },
{ "type": "Feature", "properties": { "grad_nT_km": 31.9, "tier": "moderate", "score": 4.2 }, "geometry": { "type": "Polygon", "coordinates": [ [ [ 126.1375, 36.4875 ], [ 126.1375, 36.5375 ], [ 126.0875, 36.5375 ], [ 126.0875, 36.4875 ], [ 126.1375, 36.4875 ] ] ] } },
{ "type": "Feature", "properties": { "grad_nT_km": 24.5, "tier": "moderate", "score": 5.3 }, "geometry": { "type": "Polygon", "coordinates": [ [ [ 126.1875, 36.4875 ], [ 126.1875, 36.5375 ], [ 126.1375, 36.5375 ], [ 126.1375, 36.4875 ], [ 126.1875, 36.4875 ] ] ] } },
{ "type": "Feature", "properties": { "grad_nT_km": 33.1, "tier": "moderate", "score": 4.0 }, "geometry": { "type": "Polygon", "coordinates": [ [ [ 126.4375, 36.4875 ], [ 126.4375, 36.5375 ], [ 126.3875, 36.5375 ], [ 126.3875, 36.4875 ], [ 126.4375, 36.4875 ] ] ] } },
{ "type": "Feature", "properties": { "grad_nT_km": 16.9, "tier": "moderate", "score": 6.8 }, "geometry": { "type": "Polygon", "coordinates": [ [ [ 126.4875, 36.4875 ], [ 126.4875, 36.5375 ], [ 126.4375, 36.5375 ], [ 126.4375, 36.4875 ], [ 126.4875, 36.4875 ] ] ] } },
{ "type": "Feature", "properties": { "grad_nT_km": 18.7, "tier": "moderate", "score": 6.4 }, "geometry": { "type": "Polygon", "coordinates": [ [ [ 126.6875, 36.4875 ], [ 126.6875, 36.5375 ], [ 126.6375, 36.5375 ], [ 126.6375, 36.4875 ], [ 126.6875, 36.4875 ] ] ] } },
{ "type": "Feature", "properties": { "grad_nT_km": 17.3, "tier": "moderate", "score": 6.8 }, "geometry": { "type": "Polygon", "coordinates": [ [ [ 127.5375, 36.4875 ], [ 127.5375, 36.5375 ], [ 127.4875, 36.5375 ], [ 127.4875, 36.4875 ], [ 127.5375, 36.4875 ] ] ] } },
{ "type": "Feature", "properties": { "grad_nT_km": 15.3, "tier": "moderate", "score": 7.3 }, "geometry": { "type": "Polygon", "coordinates": [ [ [ 127.5875, 36.4875 ], [ 127.5875, 36.5375 ], [ 127.5375, 36.5375 ], [ 127.5375, 36.4875 ], [ 127.5875, 36.4875 ] ] ] } },
{ "type": "Feature", "properties": { "grad_nT_km": 19.5, "tier": "moderate", "score": 6.2 }, "geometry": { "type": "Polygon", "coordinates": [ [ [ 127.6375, 36.4875 ], [ 127.6375, 36.5375 ], [ 127.5875, 36.5375 ], [ 127.5875, 36.4875 ], [ 127.6375, 36.4875 ] ] ] } },
{ "type": "Feature", "properties": { "grad_nT_km": 33.7, "tier": "moderate", "score": 4.0 }, "geometry": { "type": "Polygon", "coordinates": [ [ [ 127.6875, 36.4875 ], [ 127.6875, 36.5375 ], [ 127.6375, 36.5375 ], [ 127.6375, 36.4875 ], [ 127.6875, 36.4875 ] ] ] } },
{ "type": "Feature", "properties": { "grad_nT_km": 21.6, "tier": "moderate", "score": 5.8 }, "geometry": { "type": "Polygon", "coordinates": [ [ [ 127.7375, 36.4875 ], [ 127.7375, 36.5375 ], [ 127.6875, 36.5375 ], [ 127.6875, 36.4875 ], [ 127.7375, 36.4875 ] ] ] } },
{ "type": "Feature", "properties": { "grad_nT_km": 16.2, "tier": "moderate", "score": 7.0 }, "geometry": { "type": "Polygon", "coordinates": [ [ [ 127.8875, 36.4875 ], [ 127.8875, 36.5375 ], [ 127.8375, 36.5375 ], [ 127.8375, 36.4875 ], [ 127.8875, 36.4875 ] ] ] } },
{ "type": "Feature", "properties": { "grad_nT_km": 15.9, "tier": "moderate", "score": 7.1 }, "geometry": { "type": "Polygon", "coordinates": [ [ [ 127.9375, 36.4875 ], [ 127.9375, 36.5375 ], [ 127.8875, 36.5375 ], [ 127.8875, 36.4875 ], [ 127.9375, 36.4875 ] ] ] } },
{ "type": "Feature", "properties": { "grad_nT_km": 18.4, "tier": "moderate", "score": 6.5 }, "geometry": { "type": "Polygon", "coordinates": [ [ [ 128.2875, 36.4875 ], [ 128.2875, 36.5375 ], [ 128.2375, 36.5375 ], [ 128.2375, 36.4875 ], [ 128.2875, 36.4875 ] ] ] } },
{ "type": "Feature", "properties": { "grad_nT_km": 23.2, "tier": "moderate", "score": 5.5 }, "geometry": { "type": "Polygon", "coordinates": [ [ [ 128.3875, 36.4875 ], [ 128.3875, 36.5375 ], [ 128.3375, 36.5375 ], [ 128.3375, 36.4875 ], [ 128.3875, 36.4875 ] ] ] } },
{ "type": "Feature", "properties": { "grad_nT_km": 29.3, "tier": "moderate", "score": 4.5 }, "geometry": { "type": "Polygon", "coordinates": [ [ [ 128.7375, 36.4875 ], [ 128.7375, 36.5375 ], [ 128.6875, 36.5375 ], [ 128.6875, 36.4875 ], [ 128.7375, 36.4875 ] ] ] } },
{ "type": "Feature", "properties": { "grad_nT_km": 24.4, "tier": "moderate", "score": 5.3 }, "geometry": { "type": "Polygon", "coordinates": [ [ [ 128.7875, 36.4875 ], [ 128.7875, 36.5375 ], [ 128.7375, 36.5375 ], [ 128.7375, 36.4875 ], [ 128.7875, 36.4875 ] ] ] } },
{ "type": "Feature", "properties": { "grad_nT_km": 30.1, "tier": "moderate", "score": 4.4 }, "geometry": { "type": "Polygon", "coordinates": [ [ [ 128.8375, 36.4875 ], [ 128.8375, 36.5375 ], [ 128.7875, 36.5375 ], [ 128.7875, 36.4875 ], [ 128.8375, 36.4875 ] ] ] } },
{ "type": "Feature", "properties": { "grad_nT_km": 28.9, "tier": "moderate", "score": 4.6 }, "geometry": { "type": "Polygon", "coordinates": [ [ [ 128.8875, 36.4875 ], [ 128.8875, 36.5375 ], [ 128.8375, 36.5375 ], [ 128.8375, 36.4875 ], [ 128.8875, 36.4875 ] ] ] } },
{ "type": "Feature", "properties": { "grad_nT_km": 33.8, "tier": "moderate", "score": 3.9 }, "geometry": { "type": "Polygon", "coordinates": [ [ [ 128.9375, 36.4875 ], [ 128.9375, 36.5375 ], [ 128.8875, 36.5375 ], [ 128.8875, 36.4875 ], [ 128.9375, 36.4875 ] ] ] } },
{ "type": "Feature", "properties": { "grad_nT_km": 16.8, "tier": "moderate", "score": 6.9 }, "geometry": { "type": "Polygon", "coordinates": [ [ [ 129.0375, 36.4875 ], [ 129.0375, 36.5375 ], [ 128.9875, 36.5375 ], [ 128.9875, 36.4875 ], [ 129.0375, 36.4875 ] ] ] } },
{ "type": "Feature", "properties": { "grad_nT_km": 36.7, "tier": "moderate", "score": 3.6 }, "geometry": { "type": "Polygon", "coordinates": [ [ [ 129.0875, 36.4875 ], [ 129.0875, 36.5375 ], [ 129.0375, 36.5375 ], [ 129.0375, 36.4875 ], [ 129.0875, 36.4875 ] ] ] } },
{ "type": "Feature", "properties": { "grad_nT_km": 24.1, "tier": "moderate", "score": 5.3 }, "geometry": { "type": "Polygon", "coordinates": [ [ [ 129.1375, 36.4875 ], [ 129.1375, 36.5375 ], [ 129.0875, 36.5375 ], [ 129.0875, 36.4875 ], [ 129.1375, 36.4875 ] ] ] } },
{ "type": "Feature", "properties": { "grad_nT_km": 21.4, "tier": "moderate", "score": 5.8 }, "geometry": { "type": "Polygon", "coordinates": [ [ [ 129.1875, 36.4875 ], [ 129.1875, 36.5375 ], [ 129.1375, 36.5375 ], [ 129.1375, 36.4875 ], [ 129.1875, 36.4875 ] ] ] } },
{ "type": "Feature", "properties": { "grad_nT_km": 21.3, "tier": "moderate", "score": 5.8 }, "geometry": { "type": "Polygon", "coordinates": [ [ [ 129.3875, 36.4875 ], [ 129.3875, 36.5375 ], [ 129.3375, 36.5375 ], [ 129.3375, 36.4875 ], [ 129.3875, 36.4875 ] ] ] } },
{ "type": "Feature", "properties": { "grad_nT_km": 15.4, "tier": "moderate", "score": 7.2 }, "geometry": { "type": "Polygon", "coordinates": [ [ [ 129.4375, 36.4875 ], [ 129.4375, 36.5375 ], [ 129.3875, 36.5375 ], [ 129.3875, 36.4875 ], [ 129.4375, 36.4875 ] ] ] } },
{ "type": "Feature", "properties": { "grad_nT_km": 16.5, "tier": "moderate", "score": 7.0 }, "geometry": { "type": "Polygon", "coordinates": [ [ [ 126.1375, 36.5375 ], [ 126.1375, 36.5875 ], [ 126.0875, 36.5875 ], [ 126.0875, 36.5375 ], [ 126.1375, 36.5375 ] ] ] } },
{ "type": "Feature", "properties": { "grad_nT_km": 23.1, "tier": "moderate", "score": 5.5 }, "geometry": { "type": "Polygon", "coordinates": [ [ [ 126.2375, 36.5375 ], [ 126.2375, 36.5875 ], [ 126.1875, 36.5875 ], [ 126.1875, 36.5375 ], [ 126.2375, 36.5375 ] ] ] } },
{ "type": "Feature", "properties": { "grad_nT_km": 23.9, "tier": "moderate", "score": 5.3 }, "geometry": { "type": "Polygon", "coordinates": [ [ [ 126.2875, 36.5375 ], [ 126.2875, 36.5875 ], [ 126.2375, 36.5875 ], [ 126.2375, 36.5375 ], [ 126.2875, 36.5375 ] ] ] } },
{ "type": "Feature", "properties": { "grad_nT_km": 25.6, "tier": "moderate", "score": 5.1 }, "geometry": { "type": "Polygon", "coordinates": [ [ [ 126.3875, 36.5375 ], [ 126.3875, 36.5875 ], [ 126.3375, 36.5875 ], [ 126.3375, 36.5375 ], [ 126.3875, 36.5375 ] ] ] } },
{ "type": "Feature", "properties": { "grad_nT_km": 29.8, "tier": "moderate", "score": 4.4 }, "geometry": { "type": "Polygon", "coordinates": [ [ [ 126.4375, 36.5375 ], [ 126.4375, 36.5875 ], [ 126.3875, 36.5875 ], [ 126.3875, 36.5375 ], [ 126.4375, 36.5375 ] ] ] } },
{ "type": "Feature", "properties": { "grad_nT_km": 36.4, "tier": "moderate", "score": 3.7 }, "geometry": { "type": "Polygon", "coordinates": [ [ [ 126.4875, 36.5375 ], [ 126.4875, 36.5875 ], [ 126.4375, 36.5875 ], [ 126.4375, 36.5375 ], [ 126.4875, 36.5375 ] ] ] } },
{ "type": "Feature", "properties": { "grad_nT_km": 20.5, "tier": "moderate", "score": 6.0 }, "geometry": { "type": "Polygon", "coordinates": [ [ [ 126.5375, 36.5375 ], [ 126.5375, 36.5875 ], [ 126.4875, 36.5875 ], [ 126.4875, 36.5375 ], [ 126.5375, 36.5375 ] ] ] } },
{ "type": "Feature", "properties": { "grad_nT_km": 18.7, "tier": "moderate", "score": 6.4 }, "geometry": { "type": "Polygon", "coordinates": [ [ [ 126.7375, 36.5375 ], [ 126.7375, 36.5875 ], [ 126.6875, 36.5875 ], [ 126.6875, 36.5375 ], [ 126.7375, 36.5375 ] ] ] } },
{ "type": "Feature", "properties": { "grad_nT_km": 18.6, "tier": "moderate", "score": 6.4 }, "geometry": { "type": "Polygon", "coordinates": [ [ [ 126.7875, 36.5375 ], [ 126.7875, 36.5875 ], [ 126.7375, 36.5875 ], [ 126.7375, 36.5375 ], [ 126.7875, 36.5375 ] ] ] } },
{ "type": "Feature", "properties": { "grad_nT_km": 17.0, "tier": "moderate", "score": 6.8 }, "geometry": { "type": "Polygon", "coordinates": [ [ [ 128.2875, 36.5375 ], [ 128.2875, 36.5875 ], [ 128.2375, 36.5875 ], [ 128.2375, 36.5375 ], [ 128.2875, 36.5375 ] ] ] } },
{ "type": "Feature", "properties": { "grad_nT_km": 17.1, "tier": "moderate", "score": 6.8 }, "geometry": { "type": "Polygon", "coordinates": [ [ [ 128.4875, 36.5375 ], [ 128.4875, 36.5875 ], [ 128.4375, 36.5875 ], [ 128.4375, 36.5375 ], [ 128.4875, 36.5375 ] ] ] } },
{ "type": "Feature", "properties": { "grad_nT_km": 17.3, "tier": "moderate", "score": 6.7 }, "geometry": { "type": "Polygon", "coordinates": [ [ [ 128.6375, 36.5375 ], [ 128.6375, 36.5875 ], [ 128.5875, 36.5875 ], [ 128.5875, 36.5375 ], [ 128.6375, 36.5375 ] ] ] } },
{ "type": "Feature", "properties": { "grad_nT_km": 33.4, "tier": "moderate", "score": 4.0 }, "geometry": { "type": "Polygon", "coordinates": [ [ [ 128.6875, 36.5375 ], [ 128.6875, 36.5875 ], [ 128.6375, 36.5875 ], [ 128.6375, 36.5375 ], [ 128.6875, 36.5375 ] ] ] } },
{ "type": "Feature", "properties": { "grad_nT_km": 16.8, "tier": "moderate", "score": 6.9 }, "geometry": { "type": "Polygon", "coordinates": [ [ [ 128.7375, 36.5375 ], [ 128.7375, 36.5875 ], [ 128.6875, 36.5875 ], [ 128.6875, 36.5375 ], [ 128.7375, 36.5375 ] ] ] } },
{ "type": "Feature", "properties": { "grad_nT_km": 37.8, "tier": "moderate", "score": 3.5 }, "geometry": { "type": "Polygon", "coordinates": [ [ [ 128.7875, 36.5375 ], [ 128.7875, 36.5875 ], [ 128.7375, 36.5875 ], [ 128.7375, 36.5375 ], [ 128.7875, 36.5375 ] ] ] } },
{ "type": "Feature", "properties": { "grad_nT_km": 24.8, "tier": "moderate", "score": 5.2 }, "geometry": { "type": "Polygon", "coordinates": [ [ [ 128.8375, 36.5375 ], [ 128.8375, 36.5875 ], [ 128.7875, 36.5875 ], [ 128.7875, 36.5375 ], [ 128.8375, 36.5375 ] ] ] } },
{ "type": "Feature", "properties": { "grad_nT_km": 15.1, "tier": "moderate", "score": 7.3 }, "geometry": { "type": "Polygon", "coordinates": [ [ [ 128.8875, 36.5375 ], [ 128.8875, 36.5875 ], [ 128.8375, 36.5875 ], [ 128.8375, 36.5375 ], [ 128.8875, 36.5375 ] ] ] } },
{ "type": "Feature", "properties": { "grad_nT_km": 19.0, "tier": "moderate", "score": 6.4 }, "geometry": { "type": "Polygon", "coordinates": [ [ [ 128.9875, 36.5375 ], [ 128.9875, 36.5875 ], [ 128.9375, 36.5875 ], [ 128.9375, 36.5375 ], [ 128.9875, 36.5375 ] ] ] } },
{ "type": "Feature", "properties": { "grad_nT_km": 29.2, "tier": "moderate", "score": 4.5 }, "geometry": { "type": "Polygon", "coordinates": [ [ [ 129.1375, 36.5375 ], [ 129.1375, 36.5875 ], [ 129.0875, 36.5875 ], [ 129.0875, 36.5375 ], [ 129.1375, 36.5375 ] ] ] } },
{ "type": "Feature", "properties": { "grad_nT_km": 18.9, "tier": "moderate", "score": 6.4 }, "geometry": { "type": "Polygon", "coordinates": [ [ [ 129.1875, 36.5375 ], [ 129.1875, 36.5875 ], [ 129.1375, 36.5875 ], [ 129.1375, 36.5375 ], [ 129.1875, 36.5375 ] ] ] } },
{ "type": "Feature", "properties": { "grad_nT_km": 34.4, "tier": "moderate", "score": 3.9 }, "geometry": { "type": "Polygon", "coordinates": [ [ [ 129.2375, 36.5375 ], [ 129.2375, 36.5875 ], [ 129.1875, 36.5875 ], [ 129.1875, 36.5375 ], [ 129.2375, 36.5375 ] ] ] } },
{ "type": "Feature", "properties": { "grad_nT_km": 15.8, "tier": "moderate", "score": 7.1 }, "geometry": { "type": "Polygon", "coordinates": [ [ [ 129.2875, 36.5375 ], [ 129.2875, 36.5875 ], [ 129.2375, 36.5875 ], [ 129.2375, 36.5375 ], [ 129.2875, 36.5375 ] ] ] } },
{ "type": "Feature", "properties": { "grad_nT_km": 35.3, "tier": "moderate", "score": 3.8 }, "geometry": { "type": "Polygon", "coordinates": [ [ [ 129.4375, 36.5375 ], [ 129.4375, 36.5875 ], [ 129.3875, 36.5875 ], [ 129.3875, 36.5375 ], [ 129.4375, 36.5375 ] ] ] } },
{ "type": "Feature", "properties": { "grad_nT_km": 36.3, "tier": "moderate", "score": 3.7 }, "geometry": { "type": "Polygon", "coordinates": [ [ [ 126.2875, 36.5875 ], [ 126.2875, 36.6375 ], [ 126.2375, 36.6375 ], [ 126.2375, 36.5875 ], [ 126.2875, 36.5875 ] ] ] } },
{ "type": "Feature", "properties": { "grad_nT_km": 23.9, "tier": "moderate", "score": 5.4 }, "geometry": { "type": "Polygon", "coordinates": [ [ [ 126.3375, 36.5875 ], [ 126.3375, 36.6375 ], [ 126.2875, 36.6375 ], [ 126.2875, 36.5875 ], [ 126.3375, 36.5875 ] ] ] } },
{ "type": "Feature", "properties": { "grad_nT_km": 34.7, "tier": "moderate", "score": 3.8 }, "geometry": { "type": "Polygon", "coordinates": [ [ [ 126.3875, 36.5875 ], [ 126.3875, 36.6375 ], [ 126.3375, 36.6375 ], [ 126.3375, 36.5875 ], [ 126.3875, 36.5875 ] ] ] } },
{ "type": "Feature", "properties": { "grad_nT_km": 39.0, "tier": "moderate", "score": 3.4 }, "geometry": { "type": "Polygon", "coordinates": [ [ [ 126.4875, 36.5875 ], [ 126.4875, 36.6375 ], [ 126.4375, 36.6375 ], [ 126.4375, 36.5875 ], [ 126.4875, 36.5875 ] ] ] } },
{ "type": "Feature", "properties": { "grad_nT_km": 23.8, "tier": "moderate", "score": 5.4 }, "geometry": { "type": "Polygon", "coordinates": [ [ [ 126.5875, 36.5875 ], [ 126.5875, 36.6375 ], [ 126.5375, 36.6375 ], [ 126.5375, 36.5875 ], [ 126.5875, 36.5875 ] ] ] } },
{ "type": "Feature", "properties": { "grad_nT_km": 20.1, "tier": "moderate", "score": 6.1 }, "geometry": { "type": "Polygon", "coordinates": [ [ [ 126.6375, 36.5875 ], [ 126.6375, 36.6375 ], [ 126.5875, 36.6375 ], [ 126.5875, 36.5875 ], [ 126.6375, 36.5875 ] ] ] } },
{ "type": "Feature", "properties": { "grad_nT_km": 21.4, "tier": "moderate", "score": 5.8 }, "geometry": { "type": "Polygon", "coordinates": [ [ [ 126.6875, 36.5875 ], [ 126.6875, 36.6375 ], [ 126.6375, 36.6375 ], [ 126.6375, 36.5875 ], [ 126.6875, 36.5875 ] ] ] } },
{ "type": "Feature", "properties": { "grad_nT_km": 18.3, "tier": "moderate", "score": 6.5 }, "geometry": { "type": "Polygon", "coordinates": [ [ [ 126.7875, 36.5875 ], [ 126.7875, 36.6375 ], [ 126.7375, 36.6375 ], [ 126.7375, 36.5875 ], [ 126.7875, 36.5875 ] ] ] } },
{ "type": "Feature", "properties": { "grad_nT_km": 17.1, "tier": "moderate", "score": 6.8 }, "geometry": { "type": "Polygon", "coordinates": [ [ [ 126.8375, 36.5875 ], [ 126.8375, 36.6375 ], [ 126.7875, 36.6375 ], [ 126.7875, 36.5875 ], [ 126.8375, 36.5875 ] ] ] } },
{ "type": "Feature", "properties": { "grad_nT_km": 35.2, "tier": "moderate", "score": 3.8 }, "geometry": { "type": "Polygon", "coordinates": [ [ [ 126.9875, 36.5875 ], [ 126.9875, 36.6375 ], [ 126.9375, 36.6375 ], [ 126.9375, 36.5875 ], [ 126.9875, 36.5875 ] ] ] } },
{ "type": "Feature", "properties": { "grad_nT_km": 18.3, "tier": "moderate", "score": 6.5 }, "geometry": { "type": "Polygon", "coordinates": [ [ [ 128.0375, 36.5875 ], [ 128.0375, 36.6375 ], [ 127.9875, 36.6375 ], [ 127.9875, 36.5875 ], [ 128.0375, 36.5875 ] ] ] } },
{ "type": "Feature", "properties": { "grad_nT_km": 24.9, "tier": "moderate", "score": 5.2 }, "geometry": { "type": "Polygon", "coordinates": [ [ [ 128.4875, 36.5875 ], [ 128.4875, 36.6375 ], [ 128.4375, 36.6375 ], [ 128.4375, 36.5875 ], [ 128.4875, 36.5875 ] ] ] } },
{ "type": "Feature", "properties": { "grad_nT_km": 26.0, "tier": "moderate", "score": 5.0 }, "geometry": { "type": "Polygon", "coordinates": [ [ [ 128.5375, 36.5875 ], [ 128.5375, 36.6375 ], [ 128.4875, 36.6375 ], [ 128.4875, 36.5875 ], [ 128.5375, 36.5875 ] ] ] } },
{ "type": "Feature", "properties": { "grad_nT_km": 17.1, "tier": "moderate", "score": 6.8 }, "geometry": { "type": "Polygon", "coordinates": [ [ [ 128.6375, 36.5875 ], [ 128.6375, 36.6375 ], [ 128.5875, 36.6375 ], [ 128.5875, 36.5875 ], [ 128.6375, 36.5875 ] ] ] } },
{ "type": "Feature", "properties": { "grad_nT_km": 37.2, "tier": "moderate", "score": 3.6 }, "geometry": { "type": "Polygon", "coordinates": [ [ [ 128.6875, 36.5875 ], [ 128.6875, 36.6375 ], [ 128.6375, 36.6375 ], [ 128.6375, 36.5875 ], [ 128.6875, 36.5875 ] ] ] } },
{ "type": "Feature", "properties": { "grad_nT_km": 32.8, "tier": "moderate", "score": 4.1 }, "geometry": { "type": "Polygon", "coordinates": [ [ [ 128.7375, 36.5875 ], [ 128.7375, 36.6375 ], [ 128.6875, 36.6375 ], [ 128.6875, 36.5875 ], [ 128.7375, 36.5875 ] ] ] } },
{ "type": "Feature", "properties": { "grad_nT_km": 31.2, "tier": "moderate", "score": 4.3 }, "geometry": { "type": "Polygon", "coordinates": [ [ [ 128.7875, 36.5875 ], [ 128.7875, 36.6375 ], [ 128.7375, 36.6375 ], [ 128.7375, 36.5875 ], [ 128.7875, 36.5875 ] ] ] } },
{ "type": "Feature", "properties": { "grad_nT_km": 26.3, "tier": "moderate", "score": 5.0 }, "geometry": { "type": "Polygon", "coordinates": [ [ [ 128.8375, 36.5875 ], [ 128.8375, 36.6375 ], [ 128.7875, 36.6375 ], [ 128.7875, 36.5875 ], [ 128.8375, 36.5875 ] ] ] } },
{ "type": "Feature", "properties": { "grad_nT_km": 28.8, "tier": "moderate", "score": 4.6 }, "geometry": { "type": "Polygon", "coordinates": [ [ [ 128.8875, 36.5875 ], [ 128.8875, 36.6375 ], [ 128.8375, 36.6375 ], [ 128.8375, 36.5875 ], [ 128.8875, 36.5875 ] ] ] } },
{ "type": "Feature", "properties": { "grad_nT_km": 16.0, "tier": "moderate", "score": 7.1 }, "geometry": { "type": "Polygon", "coordinates": [ [ [ 129.0375, 36.5875 ], [ 129.0375, 36.6375 ], [ 128.9875, 36.6375 ], [ 128.9875, 36.5875 ], [ 129.0375, 36.5875 ] ] ] } },
{ "type": "Feature", "properties": { "grad_nT_km": 16.3, "tier": "moderate", "score": 7.0 }, "geometry": { "type": "Polygon", "coordinates": [ [ [ 129.1875, 36.5875 ], [ 129.1875, 36.6375 ], [ 129.1375, 36.6375 ], [ 129.1375, 36.5875 ], [ 129.1875, 36.5875 ] ] ] } },
{ "type": "Feature", "properties": { "grad_nT_km": 15.4, "tier": "moderate", "score": 7.2 }, "geometry": { "type": "Polygon", "coordinates": [ [ [ 129.2375, 36.5875 ], [ 129.2375, 36.6375 ], [ 129.1875, 36.6375 ], [ 129.1875, 36.5875 ], [ 129.2375, 36.5875 ] ] ] } },
{ "type": "Feature", "properties": { "grad_nT_km": 18.3, "tier": "moderate", "score": 6.5 }, "geometry": { "type": "Polygon", "coordinates": [ [ [ 129.2875, 36.5875 ], [ 129.2875, 36.6375 ], [ 129.2375, 36.6375 ], [ 129.2375, 36.5875 ], [ 129.2875, 36.5875 ] ] ] } },
{ "type": "Feature", "properties": { "grad_nT_km": 19.7, "tier": "moderate", "score": 6.2 }, "geometry": { "type": "Polygon", "coordinates": [ [ [ 129.3875, 36.5875 ], [ 129.3875, 36.6375 ], [ 129.3375, 36.6375 ], [ 129.3375, 36.5875 ], [ 129.3875, 36.5875 ] ] ] } },
{ "type": "Feature", "properties": { "grad_nT_km": 38.2, "tier": "moderate", "score": 3.5 }, "geometry": { "type": "Polygon", "coordinates": [ [ [ 129.4375, 36.5875 ], [ 129.4375, 36.6375 ], [ 129.3875, 36.6375 ], [ 129.3875, 36.5875 ], [ 129.4375, 36.5875 ] ] ] } },
{ "type": "Feature", "properties": { "grad_nT_km": 20.5, "tier": "moderate", "score": 6.0 }, "geometry": { "type": "Polygon", "coordinates": [ [ [ 126.0375, 36.6375 ], [ 126.0375, 36.6875 ], [ 125.9875, 36.6875 ], [ 125.9875, 36.6375 ], [ 126.0375, 36.6375 ] ] ] } },
{ "type": "Feature", "properties": { "grad_nT_km": 18.4, "tier": "moderate", "score": 6.5 }, "geometry": { "type": "Polygon", "coordinates": [ [ [ 126.0875, 36.6375 ], [ 126.0875, 36.6875 ], [ 126.0375, 36.6875 ], [ 126.0375, 36.6375 ], [ 126.0875, 36.6375 ] ] ] } },
{ "type": "Feature", "properties": { "grad_nT_km": 21.7, "tier": "moderate", "score": 5.8 }, "geometry": { "type": "Polygon", "coordinates": [ [ [ 126.2875, 36.6375 ], [ 126.2875, 36.6875 ], [ 126.2375, 36.6875 ], [ 126.2375, 36.6375 ], [ 126.2875, 36.6375 ] ] ] } },
{ "type": "Feature", "properties": { "grad_nT_km": 25.3, "tier": "moderate", "score": 5.1 }, "geometry": { "type": "Polygon", "coordinates": [ [ [ 126.3375, 36.6375 ], [ 126.3375, 36.6875 ], [ 126.2875, 36.6875 ], [ 126.2875, 36.6375 ], [ 126.3375, 36.6375 ] ] ] } },
{ "type": "Feature", "properties": { "grad_nT_km": 37.2, "tier": "moderate", "score": 3.6 }, "geometry": { "type": "Polygon", "coordinates": [ [ [ 126.3875, 36.6375 ], [ 126.3875, 36.6875 ], [ 126.3375, 36.6875 ], [ 126.3375, 36.6375 ], [ 126.3875, 36.6375 ] ] ] } },
{ "type": "Feature", "properties": { "grad_nT_km": 30.6, "tier": "moderate", "score": 4.3 }, "geometry": { "type": "Polygon", "coordinates": [ [ [ 126.4375, 36.6375 ], [ 126.4375, 36.6875 ], [ 126.3875, 36.6875 ], [ 126.3875, 36.6375 ], [ 126.4375, 36.6375 ] ] ] } },
{ "type": "Feature", "properties": { "grad_nT_km": 17.0, "tier": "moderate", "score": 6.8 }, "geometry": { "type": "Polygon", "coordinates": [ [ [ 126.4875, 36.6375 ], [ 126.4875, 36.6875 ], [ 126.4375, 36.6875 ], [ 126.4375, 36.6375 ], [ 126.4875, 36.6375 ] ] ] } },
{ "type": "Feature", "properties": { "grad_nT_km": 39.6, "tier": "moderate", "score": 3.4 }, "geometry": { "type": "Polygon", "coordinates": [ [ [ 126.5375, 36.6375 ], [ 126.5375, 36.6875 ], [ 126.4875, 36.6875 ], [ 126.4875, 36.6375 ], [ 126.5375, 36.6375 ] ] ] } },
{ "type": "Feature", "properties": { "grad_nT_km": 25.0, "tier": "moderate", "score": 5.2 }, "geometry": { "type": "Polygon", "coordinates": [ [ [ 126.5875, 36.6375 ], [ 126.5875, 36.6875 ], [ 126.5375, 36.6875 ], [ 126.5375, 36.6375 ], [ 126.5875, 36.6375 ] ] ] } },
{ "type": "Feature", "properties": { "grad_nT_km": 23.2, "tier": "moderate", "score": 5.5 }, "geometry": { "type": "Polygon", "coordinates": [ [ [ 126.6375, 36.6375 ], [ 126.6375, 36.6875 ], [ 126.5875, 36.6875 ], [ 126.5875, 36.6375 ], [ 126.6375, 36.6375 ] ] ] } },
{ "type": "Feature", "properties": { "grad_nT_km": 16.7, "tier": "moderate", "score": 6.9 }, "geometry": { "type": "Polygon", "coordinates": [ [ [ 126.6875, 36.6375 ], [ 126.6875, 36.6875 ], [ 126.6375, 36.6875 ], [ 126.6375, 36.6375 ], [ 126.6875, 36.6375 ] ] ] } },
{ "type": "Feature", "properties": { "grad_nT_km": 15.2, "tier": "moderate", "score": 7.3 }, "geometry": { "type": "Polygon", "coordinates": [ [ [ 126.7375, 36.6375 ], [ 126.7375, 36.6875 ], [ 126.6875, 36.6875 ], [ 126.6875, 36.6375 ], [ 126.7375, 36.6375 ] ] ] } },
{ "type": "Feature", "properties": { "grad_nT_km": 28.6, "tier": "moderate", "score": 4.6 }, "geometry": { "type": "Polygon", "coordinates": [ [ [ 126.7875, 36.6375 ], [ 126.7875, 36.6875 ], [ 126.7375, 36.6875 ], [ 126.7375, 36.6375 ], [ 126.7875, 36.6375 ] ] ] } },
{ "type": "Feature", "properties": { "grad_nT_km": 17.6, "tier": "moderate", "score": 6.7 }, "geometry": { "type": "Polygon", "coordinates": [ [ [ 127.7875, 36.6375 ], [ 127.7875, 36.6875 ], [ 127.7375, 36.6875 ], [ 127.7375, 36.6375 ], [ 127.7875, 36.6375 ] ] ] } },
{ "type": "Feature", "properties": { "grad_nT_km": 15.1, "tier": "moderate", "score": 7.3 }, "geometry": { "type": "Polygon", "coordinates": [ [ [ 128.1375, 36.6375 ], [ 128.1375, 36.6875 ], [ 128.0875, 36.6875 ], [ 128.0875, 36.6375 ], [ 128.1375, 36.6375 ] ] ] } },
{ "type": "Feature", "properties": { "grad_nT_km": 16.2, "tier": "moderate", "score": 7.0 }, "geometry": { "type": "Polygon", "coordinates": [ [ [ 128.2375, 36.6375 ], [ 128.2375, 36.6875 ], [ 128.1875, 36.6875 ], [ 128.1875, 36.6375 ], [ 128.2375, 36.6375 ] ] ] } },
{ "type": "Feature", "properties": { "grad_nT_km": 17.7, "tier": "moderate", "score": 6.6 }, "geometry": { "type": "Polygon", "coordinates": [ [ [ 128.5375, 36.6375 ], [ 128.5375, 36.6875 ], [ 128.4875, 36.6875 ], [ 128.4875, 36.6375 ], [ 128.5375, 36.6375 ] ] ] } },
{ "type": "Feature", "properties": { "grad_nT_km": 22.7, "tier": "moderate", "score": 5.6 }, "geometry": { "type": "Polygon", "coordinates": [ [ [ 128.5875, 36.6375 ], [ 128.5875, 36.6875 ], [ 128.5375, 36.6875 ], [ 128.5375, 36.6375 ], [ 128.5875, 36.6375 ] ] ] } },
{ "type": "Feature", "properties": { "grad_nT_km": 16.6, "tier": "moderate", "score": 6.9 }, "geometry": { "type": "Polygon", "coordinates": [ [ [ 128.6375, 36.6375 ], [ 128.6375, 36.6875 ], [ 128.5875, 36.6875 ], [ 128.5875, 36.6375 ], [ 128.6375, 36.6375 ] ] ] } },
{ "type": "Feature", "properties": { "grad_nT_km": 31.1, "tier": "moderate", "score": 4.3 }, "geometry": { "type": "Polygon", "coordinates": [ [ [ 128.7875, 36.6375 ], [ 128.7875, 36.6875 ], [ 128.7375, 36.6875 ], [ 128.7375, 36.6375 ], [ 128.7875, 36.6375 ] ] ] } },
{ "type": "Feature", "properties": { "grad_nT_km": 25.5, "tier": "moderate", "score": 5.1 }, "geometry": { "type": "Polygon", "coordinates": [ [ [ 128.8375, 36.6375 ], [ 128.8375, 36.6875 ], [ 128.7875, 36.6875 ], [ 128.7875, 36.6375 ], [ 128.8375, 36.6375 ] ] ] } },
{ "type": "Feature", "properties": { "grad_nT_km": 23.0, "tier": "moderate", "score": 5.5 }, "geometry": { "type": "Polygon", "coordinates": [ [ [ 128.9375, 36.6375 ], [ 128.9375, 36.6875 ], [ 128.8875, 36.6875 ], [ 128.8875, 36.6375 ], [ 128.9375, 36.6375 ] ] ] } },
{ "type": "Feature", "properties": { "grad_nT_km": 15.2, "tier": "moderate", "score": 7.3 }, "geometry": { "type": "Polygon", "coordinates": [ [ [ 128.9875, 36.6375 ], [ 128.9875, 36.6875 ], [ 128.9375, 36.6875 ], [ 128.9375, 36.6375 ], [ 128.9875, 36.6375 ] ] ] } },
{ "type": "Feature", "properties": { "grad_nT_km": 18.2, "tier": "moderate", "score": 6.5 }, "geometry": { "type": "Polygon", "coordinates": [ [ [ 129.1875, 36.6375 ], [ 129.1875, 36.6875 ], [ 129.1375, 36.6875 ], [ 129.1375, 36.6375 ], [ 129.1875, 36.6375 ] ] ] } },
{ "type": "Feature", "properties": { "grad_nT_km": 21.0, "tier": "moderate", "score": 5.9 }, "geometry": { "type": "Polygon", "coordinates": [ [ [ 129.2375, 36.6375 ], [ 129.2375, 36.6875 ], [ 129.1875, 36.6875 ], [ 129.1875, 36.6375 ], [ 129.2375, 36.6375 ] ] ] } },
{ "type": "Feature", "properties": { "grad_nT_km": 21.9, "tier": "moderate", "score": 5.7 }, "geometry": { "type": "Polygon", "coordinates": [ [ [ 129.3875, 36.6375 ], [ 129.3875, 36.6875 ], [ 129.3375, 36.6875 ], [ 129.3375, 36.6375 ], [ 129.3875, 36.6375 ] ] ] } },
{ "type": "Feature", "properties": { "grad_nT_km": 37.1, "tier": "moderate", "score": 3.6 }, "geometry": { "type": "Polygon", "coordinates": [ [ [ 126.0375, 36.6875 ], [ 126.0375, 36.7375 ], [ 125.9875, 36.7375 ], [ 125.9875, 36.6875 ], [ 126.0375, 36.6875 ] ] ] } },
{ "type": "Feature", "properties": { "grad_nT_km": 21.5, "tier": "moderate", "score": 5.8 }, "geometry": { "type": "Polygon", "coordinates": [ [ [ 126.0875, 36.6875 ], [ 126.0875, 36.7375 ], [ 126.0375, 36.7375 ], [ 126.0375, 36.6875 ], [ 126.0875, 36.6875 ] ] ] } },
{ "type": "Feature", "properties": { "grad_nT_km": 17.1, "tier": "moderate", "score": 6.8 }, "geometry": { "type": "Polygon", "coordinates": [ [ [ 126.1375, 36.6875 ], [ 126.1375, 36.7375 ], [ 126.0875, 36.7375 ], [ 126.0875, 36.6875 ], [ 126.1375, 36.6875 ] ] ] } },
{ "type": "Feature", "properties": { "grad_nT_km": 17.6, "tier": "moderate", "score": 6.7 }, "geometry": { "type": "Polygon", "coordinates": [ [ [ 126.1875, 36.6875 ], [ 126.1875, 36.7375 ], [ 126.1375, 36.7375 ], [ 126.1375, 36.6875 ], [ 126.1875, 36.6875 ] ] ] } },
{ "type": "Feature", "properties": { "grad_nT_km": 17.3, "tier": "moderate", "score": 6.7 }, "geometry": { "type": "Polygon", "coordinates": [ [ [ 126.2375, 36.6875 ], [ 126.2375, 36.7375 ], [ 126.1875, 36.7375 ], [ 126.1875, 36.6875 ], [ 126.2375, 36.6875 ] ] ] } },
{ "type": "Feature", "properties": { "grad_nT_km": 26.9, "tier": "moderate", "score": 4.9 }, "geometry": { "type": "Polygon", "coordinates": [ [ [ 126.2875, 36.6875 ], [ 126.2875, 36.7375 ], [ 126.2375, 36.7375 ], [ 126.2375, 36.6875 ], [ 126.2875, 36.6875 ] ] ] } },
{ "type": "Feature", "properties": { "grad_nT_km": 35.2, "tier": "moderate", "score": 3.8 }, "geometry": { "type": "Polygon", "coordinates": [ [ [ 126.3375, 36.6875 ], [ 126.3375, 36.7375 ], [ 126.2875, 36.7375 ], [ 126.2875, 36.6875 ], [ 126.3375, 36.6875 ] ] ] } },
{ "type": "Feature", "properties": { "grad_nT_km": 27.0, "tier": "moderate", "score": 4.8 }, "geometry": { "type": "Polygon", "coordinates": [ [ [ 126.4375, 36.6875 ], [ 126.4375, 36.7375 ], [ 126.3875, 36.7375 ], [ 126.3875, 36.6875 ], [ 126.4375, 36.6875 ] ] ] } },
{ "type": "Feature", "properties": { "grad_nT_km": 18.3, "tier": "moderate", "score": 6.5 }, "geometry": { "type": "Polygon", "coordinates": [ [ [ 126.4875, 36.6875 ], [ 126.4875, 36.7375 ], [ 126.4375, 36.7375 ], [ 126.4375, 36.6875 ], [ 126.4875, 36.6875 ] ] ] } },
{ "type": "Feature", "properties": { "grad_nT_km": 29.4, "tier": "moderate", "score": 4.5 }, "geometry": { "type": "Polygon", "coordinates": [ [ [ 126.5875, 36.6875 ], [ 126.5875, 36.7375 ], [ 126.5375, 36.7375 ], [ 126.5375, 36.6875 ], [ 126.5875, 36.6875 ] ] ] } },
{ "type": "Feature", "properties": { "grad_nT_km": 16.4, "tier": "moderate", "score": 7.0 }, "geometry": { "type": "Polygon", "coordinates": [ [ [ 126.6875, 36.6875 ], [ 126.6875, 36.7375 ], [ 126.6375, 36.7375 ], [ 126.6375, 36.6875 ], [ 126.6875, 36.6875 ] ] ] } },
{ "type": "Feature", "properties": { "grad_nT_km": 15.7, "tier": "moderate", "score": 7.2 }, "geometry": { "type": "Polygon", "coordinates": [ [ [ 126.7875, 36.6875 ], [ 126.7875, 36.7375 ], [ 126.7375, 36.7375 ], [ 126.7375, 36.6875 ], [ 126.7875, 36.6875 ] ] ] } },
{ "type": "Feature", "properties": { "grad_nT_km": 18.0, "tier": "moderate", "score": 6.6 }, "geometry": { "type": "Polygon", "coordinates": [ [ [ 127.4875, 36.6875 ], [ 127.4875, 36.7375 ], [ 127.4375, 36.7375 ], [ 127.4375, 36.6875 ], [ 127.4875, 36.6875 ] ] ] } },
{ "type": "Feature", "properties": { "grad_nT_km": 21.9, "tier": "moderate", "score": 5.7 }, "geometry": { "type": "Polygon", "coordinates": [ [ [ 127.5375, 36.6875 ], [ 127.5375, 36.7375 ], [ 127.4875, 36.7375 ], [ 127.4875, 36.6875 ], [ 127.5375, 36.6875 ] ] ] } },
{ "type": "Feature", "properties": { "grad_nT_km": 22.1, "tier": "moderate", "score": 5.7 }, "geometry": { "type": "Polygon", "coordinates": [ [ [ 127.8375, 36.6875 ], [ 127.8375, 36.7375 ], [ 127.7875, 36.7375 ], [ 127.7875, 36.6875 ], [ 127.8375, 36.6875 ] ] ] } },
{ "type": "Feature", "properties": { "grad_nT_km": 17.6, "tier": "moderate", "score": 6.7 }, "geometry": { "type": "Polygon", "coordinates": [ [ [ 128.0375, 36.6875 ], [ 128.0375, 36.7375 ], [ 127.9875, 36.7375 ], [ 127.9875, 36.6875 ], [ 128.0375, 36.6875 ] ] ] } },
{ "type": "Feature", "properties": { "grad_nT_km": 24.9, "tier": "moderate", "score": 5.2 }, "geometry": { "type": "Polygon", "coordinates": [ [ [ 128.0875, 36.6875 ], [ 128.0875, 36.7375 ], [ 128.0375, 36.7375 ], [ 128.0375, 36.6875 ], [ 128.0875, 36.6875 ] ] ] } },
{ "type": "Feature", "properties": { "grad_nT_km": 15.5, "tier": "moderate", "score": 7.2 }, "geometry": { "type": "Polygon", "coordinates": [ [ [ 128.2375, 36.6875 ], [ 128.2375, 36.7375 ], [ 128.1875, 36.7375 ], [ 128.1875, 36.6875 ], [ 128.2375, 36.6875 ] ] ] } },
{ "type": "Feature", "properties": { "grad_nT_km": 16.4, "tier": "moderate", "score": 7.0 }, "geometry": { "type": "Polygon", "coordinates": [ [ [ 128.5375, 36.6875 ], [ 128.5375, 36.7375 ], [ 128.4875, 36.7375 ], [ 128.4875, 36.6875 ], [ 128.5375, 36.6875 ] ] ] } },
{ "type": "Feature", "properties": { "grad_nT_km": 19.9, "tier": "moderate", "score": 6.1 }, "geometry": { "type": "Polygon", "coordinates": [ [ [ 128.6375, 36.6875 ], [ 128.6375, 36.7375 ], [ 128.5875, 36.7375 ], [ 128.5875, 36.6875 ], [ 128.6375, 36.6875 ] ] ] } },
{ "type": "Feature", "properties": { "grad_nT_km": 19.3, "tier": "moderate", "score": 6.3 }, "geometry": { "type": "Polygon", "coordinates": [ [ [ 128.6875, 36.6875 ], [ 128.6875, 36.7375 ], [ 128.6375, 36.7375 ], [ 128.6375, 36.6875 ], [ 128.6875, 36.6875 ] ] ] } },
{ "type": "Feature", "properties": { "grad_nT_km": 16.0, "tier": "moderate", "score": 7.1 }, "geometry": { "type": "Polygon", "coordinates": [ [ [ 128.7375, 36.6875 ], [ 128.7375, 36.7375 ], [ 128.6875, 36.7375 ], [ 128.6875, 36.6875 ], [ 128.7375, 36.6875 ] ] ] } },
{ "type": "Feature", "properties": { "grad_nT_km": 32.5, "tier": "moderate", "score": 4.1 }, "geometry": { "type": "Polygon", "coordinates": [ [ [ 128.7875, 36.6875 ], [ 128.7875, 36.7375 ], [ 128.7375, 36.7375 ], [ 128.7375, 36.6875 ], [ 128.7875, 36.6875 ] ] ] } },
{ "type": "Feature", "properties": { "grad_nT_km": 19.7, "tier": "moderate", "score": 6.2 }, "geometry": { "type": "Polygon", "coordinates": [ [ [ 128.8875, 36.6875 ], [ 128.8875, 36.7375 ], [ 128.8375, 36.7375 ], [ 128.8375, 36.6875 ], [ 128.8875, 36.6875 ] ] ] } },
{ "type": "Feature", "properties": { "grad_nT_km": 18.1, "tier": "moderate", "score": 6.6 }, "geometry": { "type": "Polygon", "coordinates": [ [ [ 129.0375, 36.6875 ], [ 129.0375, 36.7375 ], [ 128.9875, 36.7375 ], [ 128.9875, 36.6875 ], [ 129.0375, 36.6875 ] ] ] } },
{ "type": "Feature", "properties": { "grad_nT_km": 19.1, "tier": "moderate", "score": 6.3 }, "geometry": { "type": "Polygon", "coordinates": [ [ [ 129.0875, 36.6875 ], [ 129.0875, 36.7375 ], [ 129.0375, 36.7375 ], [ 129.0375, 36.6875 ], [ 129.0875, 36.6875 ] ] ] } },
{ "type": "Feature", "properties": { "grad_nT_km": 19.9, "tier": "moderate", "score": 6.2 }, "geometry": { "type": "Polygon", "coordinates": [ [ [ 129.1375, 36.6875 ], [ 129.1375, 36.7375 ], [ 129.0875, 36.7375 ], [ 129.0875, 36.6875 ], [ 129.1375, 36.6875 ] ] ] } },
{ "type": "Feature", "properties": { "grad_nT_km": 15.5, "tier": "moderate", "score": 7.2 }, "geometry": { "type": "Polygon", "coordinates": [ [ [ 129.1875, 36.6875 ], [ 129.1875, 36.7375 ], [ 129.1375, 36.7375 ], [ 129.1375, 36.6875 ], [ 129.1875, 36.6875 ] ] ] } },
{ "type": "Feature", "properties": { "grad_nT_km": 17.0, "tier": "moderate", "score": 6.8 }, "geometry": { "type": "Polygon", "coordinates": [ [ [ 129.2375, 36.6875 ], [ 129.2375, 36.7375 ], [ 129.1875, 36.7375 ], [ 129.1875, 36.6875 ], [ 129.2375, 36.6875 ] ] ] } },
{ "type": "Feature", "properties": { "grad_nT_km": 29.0, "tier": "moderate", "score": 4.6 }, "geometry": { "type": "Polygon", "coordinates": [ [ [ 129.2875, 36.6875 ], [ 129.2875, 36.7375 ], [ 129.2375, 36.7375 ], [ 129.2375, 36.6875 ], [ 129.2875, 36.6875 ] ] ] } },
{ "type": "Feature", "properties": { "grad_nT_km": 39.5, "tier": "moderate", "score": 3.4 }, "geometry": { "type": "Polygon", "coordinates": [ [ [ 129.3375, 36.6875 ], [ 129.3375, 36.7375 ], [ 129.2875, 36.7375 ], [ 129.2875, 36.6875 ], [ 129.3375, 36.6875 ] ] ] } },
{ "type": "Feature", "properties": { "grad_nT_km": 27.4, "tier": "moderate", "score": 4.8 }, "geometry": { "type": "Polygon", "coordinates": [ [ [ 129.4375, 36.6875 ], [ 129.4375, 36.7375 ], [ 129.3875, 36.7375 ], [ 129.3875, 36.6875 ], [ 129.4375, 36.6875 ] ] ] } },
{ "type": "Feature", "properties": { "grad_nT_km": 26.7, "tier": "moderate", "score": 4.9 }, "geometry": { "type": "Polygon", "coordinates": [ [ [ 126.0375, 36.7375 ], [ 126.0375, 36.7875 ], [ 125.9875, 36.7875 ], [ 125.9875, 36.7375 ], [ 126.0375, 36.7375 ] ] ] } },
{ "type": "Feature", "properties": { "grad_nT_km": 17.3, "tier": "moderate", "score": 6.7 }, "geometry": { "type": "Polygon", "coordinates": [ [ [ 126.0875, 36.7375 ], [ 126.0875, 36.7875 ], [ 126.0375, 36.7875 ], [ 126.0375, 36.7375 ], [ 126.0875, 36.7375 ] ] ] } },
{ "type": "Feature", "properties": { "grad_nT_km": 21.1, "tier": "moderate", "score": 5.9 }, "geometry": { "type": "Polygon", "coordinates": [ [ [ 126.2375, 36.7375 ], [ 126.2375, 36.7875 ], [ 126.1875, 36.7875 ], [ 126.1875, 36.7375 ], [ 126.2375, 36.7375 ] ] ] } },
{ "type": "Feature", "properties": { "grad_nT_km": 27.6, "tier": "moderate", "score": 4.8 }, "geometry": { "type": "Polygon", "coordinates": [ [ [ 126.3875, 36.7375 ], [ 126.3875, 36.7875 ], [ 126.3375, 36.7875 ], [ 126.3375, 36.7375 ], [ 126.3875, 36.7375 ] ] ] } },
{ "type": "Feature", "properties": { "grad_nT_km": 24.8, "tier": "moderate", "score": 5.2 }, "geometry": { "type": "Polygon", "coordinates": [ [ [ 126.6875, 36.7375 ], [ 126.6875, 36.7875 ], [ 126.6375, 36.7875 ], [ 126.6375, 36.7375 ], [ 126.6875, 36.7375 ] ] ] } },
{ "type": "Feature", "properties": { "grad_nT_km": 19.9, "tier": "moderate", "score": 6.2 }, "geometry": { "type": "Polygon", "coordinates": [ [ [ 126.7375, 36.7375 ], [ 126.7375, 36.7875 ], [ 126.6875, 36.7875 ], [ 126.6875, 36.7375 ], [ 126.7375, 36.7375 ] ] ] } },
{ "type": "Feature", "properties": { "grad_nT_km": 29.2, "tier": "moderate", "score": 4.5 }, "geometry": { "type": "Polygon", "coordinates": [ [ [ 126.7875, 36.7375 ], [ 126.7875, 36.7875 ], [ 126.7375, 36.7875 ], [ 126.7375, 36.7375 ], [ 126.7875, 36.7375 ] ] ] } },
{ "type": "Feature", "properties": { "grad_nT_km": 16.3, "tier": "moderate", "score": 7.0 }, "geometry": { "type": "Polygon", "coordinates": [ [ [ 127.2875, 36.7375 ], [ 127.2875, 36.7875 ], [ 127.2375, 36.7875 ], [ 127.2375, 36.7375 ], [ 127.2875, 36.7375 ] ] ] } },
{ "type": "Feature", "properties": { "grad_nT_km": 16.0, "tier": "moderate", "score": 7.1 }, "geometry": { "type": "Polygon", "coordinates": [ [ [ 127.4375, 36.7375 ], [ 127.4375, 36.7875 ], [ 127.3875, 36.7875 ], [ 127.3875, 36.7375 ], [ 127.4375, 36.7375 ] ] ] } },
{ "type": "Feature", "properties": { "grad_nT_km": 16.2, "tier": "moderate", "score": 7.0 }, "geometry": { "type": "Polygon", "coordinates": [ [ [ 127.5375, 36.7375 ], [ 127.5375, 36.7875 ], [ 127.4875, 36.7875 ], [ 127.4875, 36.7375 ], [ 127.5375, 36.7375 ] ] ] } },
{ "type": "Feature", "properties": { "grad_nT_km": 16.8, "tier": "moderate", "score": 6.9 }, "geometry": { "type": "Polygon", "coordinates": [ [ [ 127.5875, 36.7375 ], [ 127.5875, 36.7875 ], [ 127.5375, 36.7875 ], [ 127.5375, 36.7375 ], [ 127.5875, 36.7375 ] ] ] } },
{ "type": "Feature", "properties": { "grad_nT_km": 38.7, "tier": "moderate", "score": 3.4 }, "geometry": { "type": "Polygon", "coordinates": [ [ [ 127.7875, 36.7375 ], [ 127.7875, 36.7875 ], [ 127.7375, 36.7875 ], [ 127.7375, 36.7375 ], [ 127.7875, 36.7375 ] ] ] } },
{ "type": "Feature", "properties": { "grad_nT_km": 15.8, "tier": "moderate", "score": 7.1 }, "geometry": { "type": "Polygon", "coordinates": [ [ [ 128.3375, 36.7375 ], [ 128.3375, 36.7875 ], [ 128.2875, 36.7875 ], [ 128.2875, 36.7375 ], [ 128.3375, 36.7375 ] ] ] } },
{ "type": "Feature", "properties": { "grad_nT_km": 17.5, "tier": "moderate", "score": 6.7 }, "geometry": { "type": "Polygon", "coordinates": [ [ [ 128.5375, 36.7375 ], [ 128.5375, 36.7875 ], [ 128.4875, 36.7875 ], [ 128.4875, 36.7375 ], [ 128.5375, 36.7375 ] ] ] } },
{ "type": "Feature", "properties": { "grad_nT_km": 15.0, "tier": "moderate", "score": 7.3 }, "geometry": { "type": "Polygon", "coordinates": [ [ [ 128.8375, 36.7375 ], [ 128.8375, 36.7875 ], [ 128.7875, 36.7875 ], [ 128.7875, 36.7375 ], [ 128.8375, 36.7375 ] ] ] } },
{ "type": "Feature", "properties": { "grad_nT_km": 24.6, "tier": "moderate", "score": 5.2 }, "geometry": { "type": "Polygon", "coordinates": [ [ [ 129.0875, 36.7375 ], [ 129.0875, 36.7875 ], [ 129.0375, 36.7875 ], [ 129.0375, 36.7375 ], [ 129.0875, 36.7375 ] ] ] } },
{ "type": "Feature", "properties": { "grad_nT_km": 22.1, "tier": "moderate", "score": 5.7 }, "geometry": { "type": "Polygon", "coordinates": [ [ [ 129.1375, 36.7375 ], [ 129.1375, 36.7875 ], [ 129.0875, 36.7875 ], [ 129.0875, 36.7375 ], [ 129.1375, 36.7375 ] ] ] } },
{ "type": "Feature", "properties": { "grad_nT_km": 39.6, "tier": "moderate", "score": 3.4 }, "geometry": { "type": "Polygon", "coordinates": [ [ [ 129.1875, 36.7375 ], [ 129.1875, 36.7875 ], [ 129.1375, 36.7875 ], [ 129.1375, 36.7375 ], [ 129.1875, 36.7375 ] ] ] } },
{ "type": "Feature", "properties": { "grad_nT_km": 24.1, "tier": "moderate", "score": 5.3 }, "geometry": { "type": "Polygon", "coordinates": [ [ [ 129.2375, 36.7375 ], [ 129.2375, 36.7875 ], [ 129.1875, 36.7875 ], [ 129.1875, 36.7375 ], [ 129.2375, 36.7375 ] ] ] } },
{ "type": "Feature", "properties": { "grad_nT_km": 28.2, "tier": "moderate", "score": 4.7 }, "geometry": { "type": "Polygon", "coordinates": [ [ [ 129.2875, 36.7375 ], [ 129.2875, 36.7875 ], [ 129.2375, 36.7875 ], [ 129.2375, 36.7375 ], [ 129.2875, 36.7375 ] ] ] } },
{ "type": "Feature", "properties": { "grad_nT_km": 17.7, "tier": "moderate", "score": 6.6 }, "geometry": { "type": "Polygon", "coordinates": [ [ [ 129.3375, 36.7375 ], [ 129.3375, 36.7875 ], [ 129.2875, 36.7875 ], [ 129.2875, 36.7375 ], [ 129.3375, 36.7375 ] ] ] } },
{ "type": "Feature", "properties": { "grad_nT_km": 21.8, "tier": "moderate", "score": 5.7 }, "geometry": { "type": "Polygon", "coordinates": [ [ [ 129.3875, 36.7375 ], [ 129.3875, 36.7875 ], [ 129.3375, 36.7875 ], [ 129.3375, 36.7375 ], [ 129.3875, 36.7375 ] ] ] } },
{ "type": "Feature", "properties": { "grad_nT_km": 23.2, "tier": "moderate", "score": 5.5 }, "geometry": { "type": "Polygon", "coordinates": [ [ [ 129.4375, 36.7375 ], [ 129.4375, 36.7875 ], [ 129.3875, 36.7875 ], [ 129.3875, 36.7375 ], [ 129.4375, 36.7375 ] ] ] } },
{ "type": "Feature", "properties": { "grad_nT_km": 16.9, "tier": "moderate", "score": 6.8 }, "geometry": { "type": "Polygon", "coordinates": [ [ [ 129.4875, 36.7375 ], [ 129.4875, 36.7875 ], [ 129.4375, 36.7875 ], [ 129.4375, 36.7375 ], [ 129.4875, 36.7375 ] ] ] } },
{ "type": "Feature", "properties": { "grad_nT_km": 19.2, "tier": "moderate", "score": 6.3 }, "geometry": { "type": "Polygon", "coordinates": [ [ [ 126.1375, 36.7875 ], [ 126.1375, 36.8375 ], [ 126.0875, 36.8375 ], [ 126.0875, 36.7875 ], [ 126.1375, 36.7875 ] ] ] } },
{ "type": "Feature", "properties": { "grad_nT_km": 15.4, "tier": "moderate", "score": 7.2 }, "geometry": { "type": "Polygon", "coordinates": [ [ [ 126.1875, 36.7875 ], [ 126.1875, 36.8375 ], [ 126.1375, 36.8375 ], [ 126.1375, 36.7875 ], [ 126.1875, 36.7875 ] ] ] } },
{ "type": "Feature", "properties": { "grad_nT_km": 16.0, "tier": "moderate", "score": 7.1 }, "geometry": { "type": "Polygon", "coordinates": [ [ [ 126.2375, 36.7875 ], [ 126.2375, 36.8375 ], [ 126.1875, 36.8375 ], [ 126.1875, 36.7875 ], [ 126.2375, 36.7875 ] ] ] } },
{ "type": "Feature", "properties": { "grad_nT_km": 23.7, "tier": "moderate", "score": 5.4 }, "geometry": { "type": "Polygon", "coordinates": [ [ [ 126.4375, 36.7875 ], [ 126.4375, 36.8375 ], [ 126.3875, 36.8375 ], [ 126.3875, 36.7875 ], [ 126.4375, 36.7875 ] ] ] } },
{ "type": "Feature", "properties": { "grad_nT_km": 16.4, "tier": "moderate", "score": 7.0 }, "geometry": { "type": "Polygon", "coordinates": [ [ [ 126.4875, 36.7875 ], [ 126.4875, 36.8375 ], [ 126.4375, 36.8375 ], [ 126.4375, 36.7875 ], [ 126.4875, 36.7875 ] ] ] } },
{ "type": "Feature", "properties": { "grad_nT_km": 15.6, "tier": "moderate", "score": 7.2 }, "geometry": { "type": "Polygon", "coordinates": [ [ [ 126.5875, 36.7875 ], [ 126.5875, 36.8375 ], [ 126.5375, 36.8375 ], [ 126.5375, 36.7875 ], [ 126.5875, 36.7875 ] ] ] } },
{ "type": "Feature", "properties": { "grad_nT_km": 20.5, "tier": "moderate", "score": 6.0 }, "geometry": { "type": "Polygon", "coordinates": [ [ [ 126.6875, 36.7875 ], [ 126.6875, 36.8375 ], [ 126.6375, 36.8375 ], [ 126.6375, 36.7875 ], [ 126.6875, 36.7875 ] ] ] } },
{ "type": "Feature", "properties": { "grad_nT_km": 27.6, "tier": "moderate", "score": 4.8 }, "geometry": { "type": "Polygon", "coordinates": [ [ [ 126.7375, 36.7875 ], [ 126.7375, 36.8375 ], [ 126.6875, 36.8375 ], [ 126.6875, 36.7875 ], [ 126.7375, 36.7875 ] ] ] } },
{ "type": "Feature", "properties": { "grad_nT_km": 26.8, "tier": "moderate", "score": 4.9 }, "geometry": { "type": "Polygon", "coordinates": [ [ [ 126.7875, 36.7875 ], [ 126.7875, 36.8375 ], [ 126.7375, 36.8375 ], [ 126.7375, 36.7875 ], [ 126.7875, 36.7875 ] ] ] } },
{ "type": "Feature", "properties": { "grad_nT_km": 17.6, "tier": "moderate", "score": 6.7 }, "geometry": { "type": "Polygon", "coordinates": [ [ [ 128.8375, 36.7875 ], [ 128.8375, 36.8375 ], [ 128.7875, 36.8375 ], [ 128.7875, 36.7875 ], [ 128.8375, 36.7875 ] ] ] } },
{ "type": "Feature", "properties": { "grad_nT_km": 18.4, "tier": "moderate", "score": 6.5 }, "geometry": { "type": "Polygon", "coordinates": [ [ [ 129.2375, 36.7875 ], [ 129.2375, 36.8375 ], [ 129.1875, 36.8375 ], [ 129.1875, 36.7875 ], [ 129.2375, 36.7875 ] ] ] } },
{ "type": "Feature", "properties": { "grad_nT_km": 18.3, "tier": "moderate", "score": 6.5 }, "geometry": { "type": "Polygon", "coordinates": [ [ [ 129.3375, 36.7875 ], [ 129.3375, 36.8375 ], [ 129.2875, 36.8375 ], [ 129.2875, 36.7875 ], [ 129.3375, 36.7875 ] ] ] } },
{ "type": "Feature", "properties": { "grad_nT_km": 16.9, "tier": "moderate", "score": 6.9 }, "geometry": { "type": "Polygon", "coordinates": [ [ [ 129.3875, 36.7875 ], [ 129.3875, 36.8375 ], [ 129.3375, 36.8375 ], [ 129.3375, 36.7875 ], [ 129.3875, 36.7875 ] ] ] } },
{ "type": "Feature", "properties": { "grad_nT_km": 18.9, "tier": "moderate", "score": 6.4 }, "geometry": { "type": "Polygon", "coordinates": [ [ [ 126.0375, 36.8375 ], [ 126.0375, 36.8875 ], [ 125.9875, 36.8875 ], [ 125.9875, 36.8375 ], [ 126.0375, 36.8375 ] ] ] } },
{ "type": "Feature", "properties": { "grad_nT_km": 23.8, "tier": "moderate", "score": 5.4 }, "geometry": { "type": "Polygon", "coordinates": [ [ [ 126.0875, 36.8375 ], [ 126.0875, 36.8875 ], [ 126.0375, 36.8875 ], [ 126.0375, 36.8375 ], [ 126.0875, 36.8375 ] ] ] } },
{ "type": "Feature", "properties": { "grad_nT_km": 34.4, "tier": "moderate", "score": 3.9 }, "geometry": { "type": "Polygon", "coordinates": [ [ [ 126.1375, 36.8375 ], [ 126.1375, 36.8875 ], [ 126.0875, 36.8875 ], [ 126.0875, 36.8375 ], [ 126.1375, 36.8375 ] ] ] } },
{ "type": "Feature", "properties": { "grad_nT_km": 18.0, "tier": "moderate", "score": 6.6 }, "geometry": { "type": "Polygon", "coordinates": [ [ [ 126.1875, 36.8375 ], [ 126.1875, 36.8875 ], [ 126.1375, 36.8875 ], [ 126.1375, 36.8375 ], [ 126.1875, 36.8375 ] ] ] } },
{ "type": "Feature", "properties": { "grad_nT_km": 16.2, "tier": "moderate", "score": 7.0 }, "geometry": { "type": "Polygon", "coordinates": [ [ [ 126.2375, 36.8375 ], [ 126.2375, 36.8875 ], [ 126.1875, 36.8875 ], [ 126.1875, 36.8375 ], [ 126.2375, 36.8375 ] ] ] } },
{ "type": "Feature", "properties": { "grad_nT_km": 16.5, "tier": "moderate", "score": 6.9 }, "geometry": { "type": "Polygon", "coordinates": [ [ [ 126.4875, 36.8375 ], [ 126.4875, 36.8875 ], [ 126.4375, 36.8875 ], [ 126.4375, 36.8375 ], [ 126.4875, 36.8375 ] ] ] } },
{ "type": "Feature", "properties": { "grad_nT_km": 16.9, "tier": "moderate", "score": 6.9 }, "geometry": { "type": "Polygon", "coordinates": [ [ [ 126.7375, 36.8375 ], [ 126.7375, 36.8875 ], [ 126.6875, 36.8875 ], [ 126.6875, 36.8375 ], [ 126.7375, 36.8375 ] ] ] } },
{ "type": "Feature", "properties": { "grad_nT_km": 26.2, "tier": "moderate", "score": 5.0 }, "geometry": { "type": "Polygon", "coordinates": [ [ [ 126.7875, 36.8375 ], [ 126.7875, 36.8875 ], [ 126.7375, 36.8875 ], [ 126.7375, 36.8375 ], [ 126.7875, 36.8375 ] ] ] } },
{ "type": "Feature", "properties": { "grad_nT_km": 16.8, "tier": "moderate", "score": 6.9 }, "geometry": { "type": "Polygon", "coordinates": [ [ [ 127.7375, 36.8375 ], [ 127.7375, 36.8875 ], [ 127.6875, 36.8875 ], [ 127.6875, 36.8375 ], [ 127.7375, 36.8375 ] ] ] } },
{ "type": "Feature", "properties": { "grad_nT_km": 29.3, "tier": "moderate", "score": 4.5 }, "geometry": { "type": "Polygon", "coordinates": [ [ [ 127.7875, 36.8375 ], [ 127.7875, 36.8875 ], [ 127.7375, 36.8875 ], [ 127.7375, 36.8375 ], [ 127.7875, 36.8375 ] ] ] } },
{ "type": "Feature", "properties": { "grad_nT_km": 32.1, "tier": "moderate", "score": 4.1 }, "geometry": { "type": "Polygon", "coordinates": [ [ [ 127.8375, 36.8375 ], [ 127.8375, 36.8875 ], [ 127.7875, 36.8875 ], [ 127.7875, 36.8375 ], [ 127.8375, 36.8375 ] ] ] } },
{ "type": "Feature", "properties": { "grad_nT_km": 21.8, "tier": "moderate", "score": 5.8 }, "geometry": { "type": "Polygon", "coordinates": [ [ [ 128.0375, 36.8375 ], [ 128.0375, 36.8875 ], [ 127.9875, 36.8875 ], [ 127.9875, 36.8375 ], [ 128.0375, 36.8375 ] ] ] } },
{ "type": "Feature", "properties": { "grad_nT_km": 20.1, "tier": "moderate", "score": 6.1 }, "geometry": { "type": "Polygon", "coordinates": [ [ [ 129.0875, 36.8375 ], [ 129.0875, 36.8875 ], [ 129.0375, 36.8875 ], [ 129.0375, 36.8375 ], [ 129.0875, 36.8375 ] ] ] } },
{ "type": "Feature", "properties": { "grad_nT_km": 19.8, "tier": "moderate", "score": 6.2 }, "geometry": { "type": "Polygon", "coordinates": [ [ [ 129.1375, 36.8375 ], [ 129.1375, 36.8875 ], [ 129.0875, 36.8875 ], [ 129.0875, 36.8375 ], [ 129.1375, 36.8375 ] ] ] } },
{ "type": "Feature", "properties": { "grad_nT_km": 21.5, "tier": "moderate", "score": 5.8 }, "geometry": { "type": "Polygon", "coordinates": [ [ [ 129.1875, 36.8375 ], [ 129.1875, 36.8875 ], [ 129.1375, 36.8875 ], [ 129.1375, 36.8375 ], [ 129.1875, 36.8375 ] ] ] } },
{ "type": "Feature", "properties": { "grad_nT_km": 18.0, "tier": "moderate", "score": 6.6 }, "geometry": { "type": "Polygon", "coordinates": [ [ [ 129.2875, 36.8375 ], [ 129.2875, 36.8875 ], [ 129.2375, 36.8875 ], [ 129.2375, 36.8375 ], [ 129.2875, 36.8375 ] ] ] } },
{ "type": "Feature", "properties": { "grad_nT_km": 28.6, "tier": "moderate", "score": 4.6 }, "geometry": { "type": "Polygon", "coordinates": [ [ [ 129.3875, 36.8375 ], [ 129.3875, 36.8875 ], [ 129.3375, 36.8875 ], [ 129.3375, 36.8375 ], [ 129.3875, 36.8375 ] ] ] } },
{ "type": "Feature", "properties": { "grad_nT_km": 18.3, "tier": "moderate", "score": 6.5 }, "geometry": { "type": "Polygon", "coordinates": [ [ [ 126.0375, 36.8875 ], [ 126.0375, 36.9375 ], [ 125.9875, 36.9375 ], [ 125.9875, 36.8875 ], [ 126.0375, 36.8875 ] ] ] } },
{ "type": "Feature", "properties": { "grad_nT_km": 27.4, "tier": "moderate", "score": 4.8 }, "geometry": { "type": "Polygon", "coordinates": [ [ [ 126.0875, 36.8875 ], [ 126.0875, 36.9375 ], [ 126.0375, 36.9375 ], [ 126.0375, 36.8875 ], [ 126.0875, 36.8875 ] ] ] } },
{ "type": "Feature", "properties": { "grad_nT_km": 17.5, "tier": "moderate", "score": 6.7 }, "geometry": { "type": "Polygon", "coordinates": [ [ [ 126.1375, 36.8875 ], [ 126.1375, 36.9375 ], [ 126.0875, 36.9375 ], [ 126.0875, 36.8875 ], [ 126.1375, 36.8875 ] ] ] } },
{ "type": "Feature", "properties": { "grad_nT_km": 16.7, "tier": "moderate", "score": 6.9 }, "geometry": { "type": "Polygon", "coordinates": [ [ [ 126.2375, 36.8875 ], [ 126.2375, 36.9375 ], [ 126.1875, 36.9375 ], [ 126.1875, 36.8875 ], [ 126.2375, 36.8875 ] ] ] } },
{ "type": "Feature", "properties": { "grad_nT_km": 26.6, "tier": "moderate", "score": 4.9 }, "geometry": { "type": "Polygon", "coordinates": [ [ [ 126.7875, 36.8875 ], [ 126.7875, 36.9375 ], [ 126.7375, 36.9375 ], [ 126.7375, 36.8875 ], [ 126.7875, 36.8875 ] ] ] } },
{ "type": "Feature", "properties": { "grad_nT_km": 34.7, "tier": "moderate", "score": 3.8 }, "geometry": { "type": "Polygon", "coordinates": [ [ [ 126.8375, 36.8875 ], [ 126.8375, 36.9375 ], [ 126.7875, 36.9375 ], [ 126.7875, 36.8875 ], [ 126.8375, 36.8875 ] ] ] } },
{ "type": "Feature", "properties": { "grad_nT_km": 20.2, "tier": "moderate", "score": 6.1 }, "geometry": { "type": "Polygon", "coordinates": [ [ [ 126.8875, 36.8875 ], [ 126.8875, 36.9375 ], [ 126.8375, 36.9375 ], [ 126.8375, 36.8875 ], [ 126.8875, 36.8875 ] ] ] } },
{ "type": "Feature", "properties": { "grad_nT_km": 29.5, "tier": "moderate", "score": 4.5 }, "geometry": { "type": "Polygon", "coordinates": [ [ [ 127.7375, 36.8875 ], [ 127.7375, 36.9375 ], [ 127.6875, 36.9375 ], [ 127.6875, 36.8875 ], [ 127.7375, 36.8875 ] ] ] } },
{ "type": "Feature", "properties": { "grad_nT_km": 38.7, "tier": "moderate", "score": 3.4 }, "geometry": { "type": "Polygon", "coordinates": [ [ [ 128.0375, 36.8875 ], [ 128.0375, 36.9375 ], [ 127.9875, 36.9375 ], [ 127.9875, 36.8875 ], [ 128.0375, 36.8875 ] ] ] } },
{ "type": "Feature", "properties": { "grad_nT_km": 19.8, "tier": "moderate", "score": 6.2 }, "geometry": { "type": "Polygon", "coordinates": [ [ [ 128.1875, 36.8875 ], [ 128.1875, 36.9375 ], [ 128.1375, 36.9375 ], [ 128.1375, 36.8875 ], [ 128.1875, 36.8875 ] ] ] } },
{ "type": "Feature", "properties": { "grad_nT_km": 15.1, "tier": "moderate", "score": 7.3 }, "geometry": { "type": "Polygon", "coordinates": [ [ [ 129.0375, 36.8875 ], [ 129.0375, 36.9375 ], [ 128.9875, 36.9375 ], [ 128.9875, 36.8875 ], [ 129.0375, 36.8875 ] ] ] } },
{ "type": "Feature", "properties": { "grad_nT_km": 25.2, "tier": "moderate", "score": 5.1 }, "geometry": { "type": "Polygon", "coordinates": [ [ [ 129.0875, 36.8875 ], [ 129.0875, 36.9375 ], [ 129.0375, 36.9375 ], [ 129.0375, 36.8875 ], [ 129.0875, 36.8875 ] ] ] } },
{ "type": "Feature", "properties": { "grad_nT_km": 15.9, "tier": "moderate", "score": 7.1 }, "geometry": { "type": "Polygon", "coordinates": [ [ [ 129.2875, 36.8875 ], [ 129.2875, 36.9375 ], [ 129.2375, 36.9375 ], [ 129.2375, 36.8875 ], [ 129.2875, 36.8875 ] ] ] } },
{ "type": "Feature", "properties": { "grad_nT_km": 30.3, "tier": "moderate", "score": 4.4 }, "geometry": { "type": "Polygon", "coordinates": [ [ [ 129.3375, 36.8875 ], [ 129.3375, 36.9375 ], [ 129.2875, 36.9375 ], [ 129.2875, 36.8875 ], [ 129.3375, 36.8875 ] ] ] } },
{ "type": "Feature", "properties": { "grad_nT_km": 23.4, "tier": "moderate", "score": 5.5 }, "geometry": { "type": "Polygon", "coordinates": [ [ [ 129.3875, 36.8875 ], [ 129.3875, 36.9375 ], [ 129.3375, 36.9375 ], [ 129.3375, 36.8875 ], [ 129.3875, 36.8875 ] ] ] } },
{ "type": "Feature", "properties": { "grad_nT_km": 30.1, "tier": "moderate", "score": 4.4 }, "geometry": { "type": "Polygon", "coordinates": [ [ [ 129.4375, 36.8875 ], [ 129.4375, 36.9375 ], [ 129.3875, 36.9375 ], [ 129.3875, 36.8875 ], [ 129.4375, 36.8875 ] ] ] } },
{ "type": "Feature", "properties": { "grad_nT_km": 20.9, "tier": "moderate", "score": 5.9 }, "geometry": { "type": "Polygon", "coordinates": [ [ [ 126.0375, 36.9375 ], [ 126.0375, 36.9875 ], [ 125.9875, 36.9875 ], [ 125.9875, 36.9375 ], [ 126.0375, 36.9375 ] ] ] } },
{ "type": "Feature", "properties": { "grad_nT_km": 19.6, "tier": "moderate", "score": 6.2 }, "geometry": { "type": "Polygon", "coordinates": [ [ [ 126.0875, 36.9375 ], [ 126.0875, 36.9875 ], [ 126.0375, 36.9875 ], [ 126.0375, 36.9375 ], [ 126.0875, 36.9375 ] ] ] } },
{ "type": "Feature", "properties": { "grad_nT_km": 23.0, "tier": "moderate", "score": 5.5 }, "geometry": { "type": "Polygon", "coordinates": [ [ [ 126.1375, 36.9375 ], [ 126.1375, 36.9875 ], [ 126.0875, 36.9875 ], [ 126.0875, 36.9375 ], [ 126.1375, 36.9375 ] ] ] } },
{ "type": "Feature", "properties": { "grad_nT_km": 27.7, "tier": "moderate", "score": 4.7 }, "geometry": { "type": "Polygon", "coordinates": [ [ [ 126.1875, 36.9375 ], [ 126.1875, 36.9875 ], [ 126.1375, 36.9875 ], [ 126.1375, 36.9375 ], [ 126.1875, 36.9375 ] ] ] } },
{ "type": "Feature", "properties": { "grad_nT_km": 25.1, "tier": "moderate", "score": 5.2 }, "geometry": { "type": "Polygon", "coordinates": [ [ [ 126.2375, 36.9375 ], [ 126.2375, 36.9875 ], [ 126.1875, 36.9875 ], [ 126.1875, 36.9375 ], [ 126.2375, 36.9375 ] ] ] } },
{ "type": "Feature", "properties": { "grad_nT_km": 15.7, "tier": "moderate", "score": 7.2 }, "geometry": { "type": "Polygon", "coordinates": [ [ [ 126.2875, 36.9375 ], [ 126.2875, 36.9875 ], [ 126.2375, 36.9875 ], [ 126.2375, 36.9375 ], [ 126.2875, 36.9375 ] ] ] } },
{ "type": "Feature", "properties": { "grad_nT_km": 15.3, "tier": "moderate", "score": 7.3 }, "geometry": { "type": "Polygon", "coordinates": [ [ [ 126.3375, 36.9375 ], [ 126.3375, 36.9875 ], [ 126.2875, 36.9875 ], [ 126.2875, 36.9375 ], [ 126.3375, 36.9375 ] ] ] } },
{ "type": "Feature", "properties": { "grad_nT_km": 18.6, "tier": "moderate", "score": 6.4 }, "geometry": { "type": "Polygon", "coordinates": [ [ [ 126.8375, 36.9375 ], [ 126.8375, 36.9875 ], [ 126.7875, 36.9875 ], [ 126.7875, 36.9375 ], [ 126.8375, 36.9375 ] ] ] } },
{ "type": "Feature", "properties": { "grad_nT_km": 36.5, "tier": "moderate", "score": 3.6 }, "geometry": { "type": "Polygon", "coordinates": [ [ [ 127.0375, 36.9375 ], [ 127.0375, 36.9875 ], [ 126.9875, 36.9875 ], [ 126.9875, 36.9375 ], [ 127.0375, 36.9375 ] ] ] } },
{ "type": "Feature", "properties": { "grad_nT_km": 24.0, "tier": "moderate", "score": 5.3 }, "geometry": { "type": "Polygon", "coordinates": [ [ [ 127.0875, 36.9375 ], [ 127.0875, 36.9875 ], [ 127.0375, 36.9875 ], [ 127.0375, 36.9375 ], [ 127.0875, 36.9375 ] ] ] } },
{ "type": "Feature", "properties": { "grad_nT_km": 23.1, "tier": "moderate", "score": 5.5 }, "geometry": { "type": "Polygon", "coordinates": [ [ [ 127.1375, 36.9375 ], [ 127.1375, 36.9875 ], [ 127.0875, 36.9875 ], [ 127.0875, 36.9375 ], [ 127.1375, 36.9375 ] ] ] } },
{ "type": "Feature", "properties": { "grad_nT_km": 23.9, "tier": "moderate", "score": 5.4 }, "geometry": { "type": "Polygon", "coordinates": [ [ [ 128.0875, 36.9375 ], [ 128.0875, 36.9875 ], [ 128.0375, 36.9875 ], [ 128.0375, 36.9375 ], [ 128.0875, 36.9375 ] ] ] } },
{ "type": "Feature", "properties": { "grad_nT_km": 28.9, "tier": "moderate", "score": 4.6 }, "geometry": { "type": "Polygon", "coordinates": [ [ [ 128.1375, 36.9375 ], [ 128.1375, 36.9875 ], [ 128.0875, 36.9875 ], [ 128.0875, 36.9375 ], [ 128.1375, 36.9375 ] ] ] } },
{ "type": "Feature", "properties": { "grad_nT_km": 21.7, "tier": "moderate", "score": 5.8 }, "geometry": { "type": "Polygon", "coordinates": [ [ [ 128.9375, 36.9375 ], [ 128.9375, 36.9875 ], [ 128.8875, 36.9875 ], [ 128.8875, 36.9375 ], [ 128.9375, 36.9375 ] ] ] } },
{ "type": "Feature", "properties": { "grad_nT_km": 30.7, "tier": "moderate", "score": 4.3 }, "geometry": { "type": "Polygon", "coordinates": [ [ [ 128.9875, 36.9375 ], [ 128.9875, 36.9875 ], [ 128.9375, 36.9875 ], [ 128.9375, 36.9375 ], [ 128.9875, 36.9375 ] ] ] } },
{ "type": "Feature", "properties": { "grad_nT_km": 29.3, "tier": "moderate", "score": 4.5 }, "geometry": { "type": "Polygon", "coordinates": [ [ [ 129.0375, 36.9375 ], [ 129.0375, 36.9875 ], [ 128.9875, 36.9875 ], [ 128.9875, 36.9375 ], [ 129.0375, 36.9375 ] ] ] } },
{ "type": "Feature", "properties": { "grad_nT_km": 27.5, "tier": "moderate", "score": 4.8 }, "geometry": { "type": "Polygon", "coordinates": [ [ [ 129.2875, 36.9375 ], [ 129.2875, 36.9875 ], [ 129.2375, 36.9875 ], [ 129.2375, 36.9375 ], [ 129.2875, 36.9375 ] ] ] } },
{ "type": "Feature", "properties": { "grad_nT_km": 21.7, "tier": "moderate", "score": 5.8 }, "geometry": { "type": "Polygon", "coordinates": [ [ [ 126.0375, 36.9875 ], [ 126.0375, 37.0375 ], [ 125.9875, 37.0375 ], [ 125.9875, 36.9875 ], [ 126.0375, 36.9875 ] ] ] } },
{ "type": "Feature", "properties": { "grad_nT_km": 18.2, "tier": "moderate", "score": 6.5 }, "geometry": { "type": "Polygon", "coordinates": [ [ [ 126.0875, 36.9875 ], [ 126.0875, 37.0375 ], [ 126.0375, 37.0375 ], [ 126.0375, 36.9875 ], [ 126.0875, 36.9875 ] ] ] } },
{ "type": "Feature", "properties": { "grad_nT_km": 23.5, "tier": "moderate", "score": 5.4 }, "geometry": { "type": "Polygon", "coordinates": [ [ [ 126.1375, 36.9875 ], [ 126.1375, 37.0375 ], [ 126.0875, 37.0375 ], [ 126.0875, 36.9875 ], [ 126.1375, 36.9875 ] ] ] } },
{ "type": "Feature", "properties": { "grad_nT_km": 15.3, "tier": "moderate", "score": 7.3 }, "geometry": { "type": "Polygon", "coordinates": [ [ [ 126.1875, 36.9875 ], [ 126.1875, 37.0375 ], [ 126.1375, 37.0375 ], [ 126.1375, 36.9875 ], [ 126.1875, 36.9875 ] ] ] } },
{ "type": "Feature", "properties": { "grad_nT_km": 15.8, "tier": "moderate", "score": 7.1 }, "geometry": { "type": "Polygon", "coordinates": [ [ [ 126.2375, 36.9875 ], [ 126.2375, 37.0375 ], [ 126.1875, 37.0375 ], [ 126.1875, 36.9875 ], [ 126.2375, 36.9875 ] ] ] } },
{ "type": "Feature", "properties": { "grad_nT_km": 23.2, "tier": "moderate", "score": 5.5 }, "geometry": { "type": "Polygon", "coordinates": [ [ [ 126.3375, 36.9875 ], [ 126.3375, 37.0375 ], [ 126.2875, 37.0375 ], [ 126.2875, 36.9875 ], [ 126.3375, 36.9875 ] ] ] } },
{ "type": "Feature", "properties": { "grad_nT_km": 37.1, "tier": "moderate", "score": 3.6 }, "geometry": { "type": "Polygon", "coordinates": [ [ [ 126.3875, 36.9875 ], [ 126.3875, 37.0375 ], [ 126.3375, 37.0375 ], [ 126.3375, 36.9875 ], [ 126.3875, 36.9875 ] ] ] } },
{ "type": "Feature", "properties": { "grad_nT_km": 17.3, "tier": "moderate", "score": 6.8 }, "geometry": { "type": "Polygon", "coordinates": [ [ [ 126.4375, 36.9875 ], [ 126.4375, 37.0375 ], [ 126.3875, 37.0375 ], [ 126.3875, 36.9875 ], [ 126.4375, 36.9875 ] ] ] } },
{ "type": "Feature", "properties": { "grad_nT_km": 16.3, "tier": "moderate", "score": 7.0 }, "geometry": { "type": "Polygon", "coordinates": [ [ [ 126.7875, 36.9875 ], [ 126.7875, 37.0375 ], [ 126.7375, 37.0375 ], [ 126.7375, 36.9875 ], [ 126.7875, 36.9875 ] ] ] } },
{ "type": "Feature", "properties": { "grad_nT_km": 16.2, "tier": "moderate", "score": 7.0 }, "geometry": { "type": "Polygon", "coordinates": [ [ [ 127.0375, 36.9875 ], [ 127.0375, 37.0375 ], [ 126.9875, 37.0375 ], [ 126.9875, 36.9875 ], [ 127.0375, 36.9875 ] ] ] } },
{ "type": "Feature", "properties": { "grad_nT_km": 31.1, "tier": "moderate", "score": 4.3 }, "geometry": { "type": "Polygon", "coordinates": [ [ [ 127.1875, 36.9875 ], [ 127.1875, 37.0375 ], [ 127.1375, 37.0375 ], [ 127.1375, 36.9875 ], [ 127.1875, 36.9875 ] ] ] } },
{ "type": "Feature", "properties": { "grad_nT_km": 20.7, "tier": "moderate", "score": 6.0 }, "geometry": { "type": "Polygon", "coordinates": [ [ [ 127.2375, 36.9875 ], [ 127.2375, 37.0375 ], [ 127.1875, 37.0375 ], [ 127.1875, 36.9875 ], [ 127.2375, 36.9875 ] ] ] } },
{ "type": "Feature", "properties": { "grad_nT_km": 38.0, "tier": "moderate", "score": 3.5 }, "geometry": { "type": "Polygon", "coordinates": [ [ [ 127.8375, 36.9875 ], [ 127.8375, 37.0375 ], [ 127.7875, 37.0375 ], [ 127.7875, 36.9875 ], [ 127.8375, 36.9875 ] ] ] } },
{ "type": "Feature", "properties": { "grad_nT_km": 34.5, "tier": "moderate", "score": 3.9 }, "geometry": { "type": "Polygon", "coordinates": [ [ [ 127.8875, 36.9875 ], [ 127.8875, 37.0375 ], [ 127.8375, 37.0375 ], [ 127.8375, 36.9875 ], [ 127.8875, 36.9875 ] ] ] } },
{ "type": "Feature", "properties": { "grad_nT_km": 38.6, "tier": "moderate", "score": 3.4 }, "geometry": { "type": "Polygon", "coordinates": [ [ [ 128.1375, 36.9875 ], [ 128.1375, 37.0375 ], [ 128.0875, 37.0375 ], [ 128.0875, 36.9875 ], [ 128.1375, 36.9875 ] ] ] } },
{ "type": "Feature", "properties": { "grad_nT_km": 22.5, "tier": "moderate", "score": 5.6 }, "geometry": { "type": "Polygon", "coordinates": [ [ [ 128.1875, 36.9875 ], [ 128.1875, 37.0375 ], [ 128.1375, 37.0375 ], [ 128.1375, 36.9875 ], [ 128.1875, 36.9875 ] ] ] } },
{ "type": "Feature", "properties": { "grad_nT_km": 25.5, "tier": "moderate", "score": 5.1 }, "geometry": { "type": "Polygon", "coordinates": [ [ [ 128.2875, 36.9875 ], [ 128.2875, 37.0375 ], [ 128.2375, 37.0375 ], [ 128.2375, 36.9875 ], [ 128.2875, 36.9875 ] ] ] } },
{ "type": "Feature", "properties": { "grad_nT_km": 28.7, "tier": "moderate", "score": 4.6 }, "geometry": { "type": "Polygon", "coordinates": [ [ [ 128.9375, 36.9875 ], [ 128.9375, 37.0375 ], [ 128.8875, 37.0375 ], [ 128.8875, 36.9875 ], [ 128.9375, 36.9875 ] ] ] } },
{ "type": "Feature", "properties": { "grad_nT_km": 29.9, "tier": "moderate", "score": 4.4 }, "geometry": { "type": "Polygon", "coordinates": [ [ [ 128.9875, 36.9875 ], [ 128.9875, 37.0375 ], [ 128.9375, 37.0375 ], [ 128.9375, 36.9875 ], [ 128.9875, 36.9875 ] ] ] } },
{ "type": "Feature", "properties": { "grad_nT_km": 39.3, "tier": "moderate", "score": 3.4 }, "geometry": { "type": "Polygon", "coordinates": [ [ [ 129.0375, 36.9875 ], [ 129.0375, 37.0375 ], [ 128.9875, 37.0375 ], [ 128.9875, 36.9875 ], [ 129.0375, 36.9875 ] ] ] } },
{ "type": "Feature", "properties": { "grad_nT_km": 21.6, "tier": "moderate", "score": 5.8 }, "geometry": { "type": "Polygon", "coordinates": [ [ [ 129.2375, 36.9875 ], [ 129.2375, 37.0375 ], [ 129.1875, 37.0375 ], [ 129.1875, 36.9875 ], [ 129.2375, 36.9875 ] ] ] } },
{ "type": "Feature", "properties": { "grad_nT_km": 33.0, "tier": "moderate", "score": 4.0 }, "geometry": { "type": "Polygon", "coordinates": [ [ [ 129.3375, 36.9875 ], [ 129.3375, 37.0375 ], [ 129.2875, 37.0375 ], [ 129.2875, 36.9875 ], [ 129.3375, 36.9875 ] ] ] } },
{ "type": "Feature", "properties": { "grad_nT_km": 17.6, "tier": "moderate", "score": 6.7 }, "geometry": { "type": "Polygon", "coordinates": [ [ [ 129.3875, 36.9875 ], [ 129.3875, 37.0375 ], [ 129.3375, 37.0375 ], [ 129.3375, 36.9875 ], [ 129.3875, 36.9875 ] ] ] } },
{ "type": "Feature", "properties": { "grad_nT_km": 36.7, "tier": "moderate", "score": 3.6 }, "geometry": { "type": "Polygon", "coordinates": [ [ [ 125.8875, 37.0375 ], [ 125.8875, 37.0875 ], [ 125.8375, 37.0875 ], [ 125.8375, 37.0375 ], [ 125.8875, 37.0375 ] ] ] } },
{ "type": "Feature", "properties": { "grad_nT_km": 29.4, "tier": "moderate", "score": 4.5 }, "geometry": { "type": "Polygon", "coordinates": [ [ [ 126.0375, 37.0375 ], [ 126.0375, 37.0875 ], [ 125.9875, 37.0875 ], [ 125.9875, 37.0375 ], [ 126.0375, 37.0375 ] ] ] } },
{ "type": "Feature", "properties": { "grad_nT_km": 30.6, "tier": "moderate", "score": 4.3 }, "geometry": { "type": "Polygon", "coordinates": [ [ [ 126.0875, 37.0375 ], [ 126.0875, 37.0875 ], [ 126.0375, 37.0875 ], [ 126.0375, 37.0375 ], [ 126.0875, 37.0375 ] ] ] } },
{ "type": "Feature", "properties": { "grad_nT_km": 16.2, "tier": "moderate", "score": 7.0 }, "geometry": { "type": "Polygon", "coordinates": [ [ [ 126.1375, 37.0375 ], [ 126.1375, 37.0875 ], [ 126.0875, 37.0875 ], [ 126.0875, 37.0375 ], [ 126.1375, 37.0375 ] ] ] } },
{ "type": "Feature", "properties": { "grad_nT_km": 36.5, "tier": "moderate", "score": 3.6 }, "geometry": { "type": "Polygon", "coordinates": [ [ [ 126.2375, 37.0375 ], [ 126.2375, 37.0875 ], [ 126.1875, 37.0875 ], [ 126.1875, 37.0375 ], [ 126.2375, 37.0375 ] ] ] } },
{ "type": "Feature", "properties": { "grad_nT_km": 24.1, "tier": "moderate", "score": 5.3 }, "geometry": { "type": "Polygon", "coordinates": [ [ [ 126.2875, 37.0375 ], [ 126.2875, 37.0875 ], [ 126.2375, 37.0875 ], [ 126.2375, 37.0375 ], [ 126.2875, 37.0375 ] ] ] } },
{ "type": "Feature", "properties": { "grad_nT_km": 34.2, "tier": "moderate", "score": 3.9 }, "geometry": { "type": "Polygon", "coordinates": [ [ [ 126.3375, 37.0375 ], [ 126.3375, 37.0875 ], [ 126.2875, 37.0875 ], [ 126.2875, 37.0375 ], [ 126.3375, 37.0375 ] ] ] } },
{ "type": "Feature", "properties": { "grad_nT_km": 19.2, "tier": "moderate", "score": 6.3 }, "geometry": { "type": "Polygon", "coordinates": [ [ [ 126.3875, 37.0375 ], [ 126.3875, 37.0875 ], [ 126.3375, 37.0875 ], [ 126.3375, 37.0375 ], [ 126.3875, 37.0375 ] ] ] } },
{ "type": "Feature", "properties": { "grad_nT_km": 31.6, "tier": "moderate", "score": 4.2 }, "geometry": { "type": "Polygon", "coordinates": [ [ [ 126.4375, 37.0375 ], [ 126.4375, 37.0875 ], [ 126.3875, 37.0875 ], [ 126.3875, 37.0375 ], [ 126.4375, 37.0375 ] ] ] } },
{ "type": "Feature", "properties": { "grad_nT_km": 19.4, "tier": "moderate", "score": 6.3 }, "geometry": { "type": "Polygon", "coordinates": [ [ [ 127.2375, 37.0375 ], [ 127.2375, 37.0875 ], [ 127.1875, 37.0875 ], [ 127.1875, 37.0375 ], [ 127.2375, 37.0375 ] ] ] } },
{ "type": "Feature", "properties": { "grad_nT_km": 31.5, "tier": "moderate", "score": 4.2 }, "geometry": { "type": "Polygon", "coordinates": [ [ [ 127.9875, 37.0375 ], [ 127.9875, 37.0875 ], [ 127.9375, 37.0875 ], [ 127.9375, 37.0375 ], [ 127.9875, 37.0375 ] ] ] } },
{ "type": "Feature", "properties": { "grad_nT_km": 29.6, "tier": "moderate", "score": 4.5 }, "geometry": { "type": "Polygon", "coordinates": [ [ [ 128.0875, 37.0375 ], [ 128.0875, 37.0875 ], [ 128.0375, 37.0875 ], [ 128.0375, 37.0375 ], [ 128.0875, 37.0375 ] ] ] } },
{ "type": "Feature", "properties": { "grad_nT_km": 23.9, "tier": "moderate", "score": 5.4 }, "geometry": { "type": "Polygon", "coordinates": [ [ [ 128.2375, 37.0375 ], [ 128.2375, 37.0875 ], [ 128.1875, 37.0875 ], [ 128.1875, 37.0375 ], [ 128.2375, 37.0375 ] ] ] } },
{ "type": "Feature", "properties": { "grad_nT_km": 38.6, "tier": "moderate", "score": 3.4 }, "geometry": { "type": "Polygon", "coordinates": [ [ [ 128.9375, 37.0375 ], [ 128.9375, 37.0875 ], [ 128.8875, 37.0875 ], [ 128.8875, 37.0375 ], [ 128.9375, 37.0375 ] ] ] } },
{ "type": "Feature", "properties": { "grad_nT_km": 17.3, "tier": "moderate", "score": 6.7 }, "geometry": { "type": "Polygon", "coordinates": [ [ [ 128.9875, 37.0375 ], [ 128.9875, 37.0875 ], [ 128.9375, 37.0875 ], [ 128.9375, 37.0375 ], [ 128.9875, 37.0375 ] ] ] } },
{ "type": "Feature", "properties": { "grad_nT_km": 26.0, "tier": "moderate", "score": 5.0 }, "geometry": { "type": "Polygon", "coordinates": [ [ [ 129.0375, 37.0375 ], [ 129.0375, 37.0875 ], [ 128.9875, 37.0875 ], [ 128.9875, 37.0375 ], [ 129.0375, 37.0375 ] ] ] } },
{ "type": "Feature", "properties": { "grad_nT_km": 17.8, "tier": "moderate", "score": 6.6 }, "geometry": { "type": "Polygon", "coordinates": [ [ [ 129.0875, 37.0375 ], [ 129.0875, 37.0875 ], [ 129.0375, 37.0875 ], [ 129.0375, 37.0375 ], [ 129.0875, 37.0375 ] ] ] } },
{ "type": "Feature", "properties": { "grad_nT_km": 16.4, "tier": "moderate", "score": 7.0 }, "geometry": { "type": "Polygon", "coordinates": [ [ [ 129.2375, 37.0375 ], [ 129.2375, 37.0875 ], [ 129.1875, 37.0875 ], [ 129.1875, 37.0375 ], [ 129.2375, 37.0375 ] ] ] } },
{ "type": "Feature", "properties": { "grad_nT_km": 21.8, "tier": "moderate", "score": 5.8 }, "geometry": { "type": "Polygon", "coordinates": [ [ [ 129.2875, 37.0375 ], [ 129.2875, 37.0875 ], [ 129.2375, 37.0875 ], [ 129.2375, 37.0375 ], [ 129.2875, 37.0375 ] ] ] } },
{ "type": "Feature", "properties": { "grad_nT_km": 22.6, "tier": "moderate", "score": 5.6 }, "geometry": { "type": "Polygon", "coordinates": [ [ [ 129.3375, 37.0375 ], [ 129.3375, 37.0875 ], [ 129.2875, 37.0875 ], [ 129.2875, 37.0375 ], [ 129.3375, 37.0375 ] ] ] } },
{ "type": "Feature", "properties": { "grad_nT_km": 19.7, "tier": "moderate", "score": 6.2 }, "geometry": { "type": "Polygon", "coordinates": [ [ [ 125.8875, 37.0875 ], [ 125.8875, 37.1375 ], [ 125.8375, 37.1375 ], [ 125.8375, 37.0875 ], [ 125.8875, 37.0875 ] ] ] } },
{ "type": "Feature", "properties": { "grad_nT_km": 31.5, "tier": "moderate", "score": 4.2 }, "geometry": { "type": "Polygon", "coordinates": [ [ [ 125.9375, 37.0875 ], [ 125.9375, 37.1375 ], [ 125.8875, 37.1375 ], [ 125.8875, 37.0875 ], [ 125.9375, 37.0875 ] ] ] } },
{ "type": "Feature", "properties": { "grad_nT_km": 15.4, "tier": "moderate", "score": 7.3 }, "geometry": { "type": "Polygon", "coordinates": [ [ [ 125.9875, 37.0875 ], [ 125.9875, 37.1375 ], [ 125.9375, 37.1375 ], [ 125.9375, 37.0875 ], [ 125.9875, 37.0875 ] ] ] } },
{ "type": "Feature", "properties": { "grad_nT_km": 19.6, "tier": "moderate", "score": 6.2 }, "geometry": { "type": "Polygon", "coordinates": [ [ [ 126.0375, 37.0875 ], [ 126.0375, 37.1375 ], [ 125.9875, 37.1375 ], [ 125.9875, 37.0875 ], [ 126.0375, 37.0875 ] ] ] } },
{ "type": "Feature", "properties": { "grad_nT_km": 20.9, "tier": "moderate", "score": 5.9 }, "geometry": { "type": "Polygon", "coordinates": [ [ [ 126.0875, 37.0875 ], [ 126.0875, 37.1375 ], [ 126.0375, 37.1375 ], [ 126.0375, 37.0875 ], [ 126.0875, 37.0875 ] ] ] } },
{ "type": "Feature", "properties": { "grad_nT_km": 15.7, "tier": "moderate", "score": 7.2 }, "geometry": { "type": "Polygon", "coordinates": [ [ [ 126.1875, 37.0875 ], [ 126.1875, 37.1375 ], [ 126.1375, 37.1375 ], [ 126.1375, 37.0875 ], [ 126.1875, 37.0875 ] ] ] } },
{ "type": "Feature", "properties": { "grad_nT_km": 20.5, "tier": "moderate", "score": 6.0 }, "geometry": { "type": "Polygon", "coordinates": [ [ [ 126.2375, 37.0875 ], [ 126.2375, 37.1375 ], [ 126.1875, 37.1375 ], [ 126.1875, 37.0875 ], [ 126.2375, 37.0875 ] ] ] } },
{ "type": "Feature", "properties": { "grad_nT_km": 37.7, "tier": "moderate", "score": 3.5 }, "geometry": { "type": "Polygon", "coordinates": [ [ [ 126.2875, 37.0875 ], [ 126.2875, 37.1375 ], [ 126.2375, 37.1375 ], [ 126.2375, 37.0875 ], [ 126.2875, 37.0875 ] ] ] } },
{ "type": "Feature", "properties": { "grad_nT_km": 29.8, "tier": "moderate", "score": 4.4 }, "geometry": { "type": "Polygon", "coordinates": [ [ [ 126.3375, 37.0875 ], [ 126.3375, 37.1375 ], [ 126.2875, 37.1375 ], [ 126.2875, 37.0875 ], [ 126.3375, 37.0875 ] ] ] } },
{ "type": "Feature", "properties": { "grad_nT_km": 37.1, "tier": "moderate", "score": 3.6 }, "geometry": { "type": "Polygon", "coordinates": [ [ [ 126.3875, 37.0875 ], [ 126.3875, 37.1375 ], [ 126.3375, 37.1375 ], [ 126.3375, 37.0875 ], [ 126.3875, 37.0875 ] ] ] } },
{ "type": "Feature", "properties": { "grad_nT_km": 16.4, "tier": "moderate", "score": 7.0 }, "geometry": { "type": "Polygon", "coordinates": [ [ [ 126.4375, 37.0875 ], [ 126.4375, 37.1375 ], [ 126.3875, 37.1375 ], [ 126.3875, 37.0875 ], [ 126.4375, 37.0875 ] ] ] } },
{ "type": "Feature", "properties": { "grad_nT_km": 15.7, "tier": "moderate", "score": 7.2 }, "geometry": { "type": "Polygon", "coordinates": [ [ [ 126.4875, 37.0875 ], [ 126.4875, 37.1375 ], [ 126.4375, 37.1375 ], [ 126.4375, 37.0875 ], [ 126.4875, 37.0875 ] ] ] } },
{ "type": "Feature", "properties": { "grad_nT_km": 19.6, "tier": "moderate", "score": 6.2 }, "geometry": { "type": "Polygon", "coordinates": [ [ [ 126.9375, 37.0875 ], [ 126.9375, 37.1375 ], [ 126.8875, 37.1375 ], [ 126.8875, 37.0875 ], [ 126.9375, 37.0875 ] ] ] } },
{ "type": "Feature", "properties": { "grad_nT_km": 32.4, "tier": "moderate", "score": 4.1 }, "geometry": { "type": "Polygon", "coordinates": [ [ [ 128.0875, 37.0875 ], [ 128.0875, 37.1375 ], [ 128.0375, 37.1375 ], [ 128.0375, 37.0875 ], [ 128.0875, 37.0875 ] ] ] } },
{ "type": "Feature", "properties": { "grad_nT_km": 19.6, "tier": "moderate", "score": 6.2 }, "geometry": { "type": "Polygon", "coordinates": [ [ [ 128.1375, 37.0875 ], [ 128.1375, 37.1375 ], [ 128.0875, 37.1375 ], [ 128.0875, 37.0875 ], [ 128.1375, 37.0875 ] ] ] } },
{ "type": "Feature", "properties": { "grad_nT_km": 21.4, "tier": "moderate", "score": 5.8 }, "geometry": { "type": "Polygon", "coordinates": [ [ [ 128.1875, 37.0875 ], [ 128.1875, 37.1375 ], [ 128.1375, 37.1375 ], [ 128.1375, 37.0875 ], [ 128.1875, 37.0875 ] ] ] } },
{ "type": "Feature", "properties": { "grad_nT_km": 34.5, "tier": "moderate", "score": 3.9 }, "geometry": { "type": "Polygon", "coordinates": [ [ [ 128.8875, 37.0875 ], [ 128.8875, 37.1375 ], [ 128.8375, 37.1375 ], [ 128.8375, 37.0875 ], [ 128.8875, 37.0875 ] ] ] } },
{ "type": "Feature", "properties": { "grad_nT_km": 22.8, "tier": "moderate", "score": 5.6 }, "geometry": { "type": "Polygon", "coordinates": [ [ [ 129.2375, 37.0875 ], [ 129.2375, 37.1375 ], [ 129.1875, 37.1375 ], [ 129.1875, 37.0875 ], [ 129.2375, 37.0875 ] ] ] } },
{ "type": "Feature", "properties": { "grad_nT_km": 25.1, "tier": "moderate", "score": 5.1 }, "geometry": { "type": "Polygon", "coordinates": [ [ [ 129.2875, 37.0875 ], [ 129.2875, 37.1375 ], [ 129.2375, 37.1375 ], [ 129.2375, 37.0875 ], [ 129.2875, 37.0875 ] ] ] } },
{ "type": "Feature", "properties": { "grad_nT_km": 20.1, "tier": "moderate", "score": 6.1 }, "geometry": { "type": "Polygon", "coordinates": [ [ [ 125.8875, 37.1375 ], [ 125.8875, 37.1875 ], [ 125.8375, 37.1875 ], [ 125.8375, 37.1375 ], [ 125.8875, 37.1375 ] ] ] } },
{ "type": "Feature", "properties": { "grad_nT_km": 27.5, "tier": "moderate", "score": 4.8 }, "geometry": { "type": "Polygon", "coordinates": [ [ [ 125.9375, 37.1375 ], [ 125.9375, 37.1875 ], [ 125.8875, 37.1875 ], [ 125.8875, 37.1375 ], [ 125.9375, 37.1375 ] ] ] } },
{ "type": "Feature", "properties": { "grad_nT_km": 16.1, "tier": "moderate", "score": 7.1 }, "geometry": { "type": "Polygon", "coordinates": [ [ [ 125.9875, 37.1375 ], [ 125.9875, 37.1875 ], [ 125.9375, 37.1875 ], [ 125.9375, 37.1375 ], [ 125.9875, 37.1375 ] ] ] } },
{ "type": "Feature", "properties": { "grad_nT_km": 16.8, "tier": "moderate", "score": 6.9 }, "geometry": { "type": "Polygon", "coordinates": [ [ [ 126.0375, 37.1375 ], [ 126.0375, 37.1875 ], [ 125.9875, 37.1875 ], [ 125.9875, 37.1375 ], [ 126.0375, 37.1375 ] ] ] } },
{ "type": "Feature", "properties": { "grad_nT_km": 18.7, "tier": "moderate", "score": 6.4 }, "geometry": { "type": "Polygon", "coordinates": [ [ [ 126.2375, 37.1375 ], [ 126.2375, 37.1875 ], [ 126.1875, 37.1875 ], [ 126.1875, 37.1375 ], [ 126.2375, 37.1375 ] ] ] } },
{ "type": "Feature", "properties": { "grad_nT_km": 29.1, "tier": "moderate", "score": 4.5 }, "geometry": { "type": "Polygon", "coordinates": [ [ [ 126.2875, 37.1375 ], [ 126.2875, 37.1875 ], [ 126.2375, 37.1875 ], [ 126.2375, 37.1375 ], [ 126.2875, 37.1375 ] ] ] } },
{ "type": "Feature", "properties": { "grad_nT_km": 31.4, "tier": "moderate", "score": 4.2 }, "geometry": { "type": "Polygon", "coordinates": [ [ [ 126.3375, 37.1375 ], [ 126.3375, 37.1875 ], [ 126.2875, 37.1875 ], [ 126.2875, 37.1375 ], [ 126.3375, 37.1375 ] ] ] } },
{ "type": "Feature", "properties": { "grad_nT_km": 34.4, "tier": "moderate", "score": 3.9 }, "geometry": { "type": "Polygon", "coordinates": [ [ [ 126.3875, 37.1375 ], [ 126.3875, 37.1875 ], [ 126.3375, 37.1875 ], [ 126.3375, 37.1375 ], [ 126.3875, 37.1375 ] ] ] } },
{ "type": "Feature", "properties": { "grad_nT_km": 21.5, "tier": "moderate", "score": 5.8 }, "geometry": { "type": "Polygon", "coordinates": [ [ [ 126.4375, 37.1375 ], [ 126.4375, 37.1875 ], [ 126.3875, 37.1875 ], [ 126.3875, 37.1375 ], [ 126.4375, 37.1375 ] ] ] } },
{ "type": "Feature", "properties": { "grad_nT_km": 15.3, "tier": "moderate", "score": 7.3 }, "geometry": { "type": "Polygon", "coordinates": [ [ [ 127.0875, 37.1375 ], [ 127.0875, 37.1875 ], [ 127.0375, 37.1875 ], [ 127.0375, 37.1375 ], [ 127.0875, 37.1375 ] ] ] } },
{ "type": "Feature", "properties": { "grad_nT_km": 19.0, "tier": "moderate", "score": 6.3 }, "geometry": { "type": "Polygon", "coordinates": [ [ [ 127.8875, 37.1375 ], [ 127.8875, 37.1875 ], [ 127.8375, 37.1875 ], [ 127.8375, 37.1375 ], [ 127.8875, 37.1375 ] ] ] } },
{ "type": "Feature", "properties": { "grad_nT_km": 27.3, "tier": "moderate", "score": 4.8 }, "geometry": { "type": "Polygon", "coordinates": [ [ [ 128.0375, 37.1375 ], [ 128.0375, 37.1875 ], [ 127.9875, 37.1875 ], [ 127.9875, 37.1375 ], [ 128.0375, 37.1375 ] ] ] } },
{ "type": "Feature", "properties": { "grad_nT_km": 17.2, "tier": "moderate", "score": 6.8 }, "geometry": { "type": "Polygon", "coordinates": [ [ [ 128.1375, 37.1375 ], [ 128.1375, 37.1875 ], [ 128.0875, 37.1875 ], [ 128.0875, 37.1375 ], [ 128.1375, 37.1375 ] ] ] } },
{ "type": "Feature", "properties": { "grad_nT_km": 18.4, "tier": "moderate", "score": 6.5 }, "geometry": { "type": "Polygon", "coordinates": [ [ [ 128.1875, 37.1375 ], [ 128.1875, 37.1875 ], [ 128.1375, 37.1875 ], [ 128.1375, 37.1375 ], [ 128.1875, 37.1375 ] ] ] } },
{ "type": "Feature", "properties": { "grad_nT_km": 18.8, "tier": "moderate", "score": 6.4 }, "geometry": { "type": "Polygon", "coordinates": [ [ [ 128.5375, 37.1375 ], [ 128.5375, 37.1875 ], [ 128.4875, 37.1875 ], [ 128.4875, 37.1375 ], [ 128.5375, 37.1375 ] ] ] } },
{ "type": "Feature", "properties": { "grad_nT_km": 21.5, "tier": "moderate", "score": 5.8 }, "geometry": { "type": "Polygon", "coordinates": [ [ [ 128.6875, 37.1375 ], [ 128.6875, 37.1875 ], [ 128.6375, 37.1875 ], [ 128.6375, 37.1375 ], [ 128.6875, 37.1375 ] ] ] } },
{ "type": "Feature", "properties": { "grad_nT_km": 24.5, "tier": "moderate", "score": 5.2 }, "geometry": { "type": "Polygon", "coordinates": [ [ [ 128.7375, 37.1375 ], [ 128.7375, 37.1875 ], [ 128.6875, 37.1875 ], [ 128.6875, 37.1375 ], [ 128.7375, 37.1375 ] ] ] } },
{ "type": "Feature", "properties": { "grad_nT_km": 28.4, "tier": "moderate", "score": 4.6 }, "geometry": { "type": "Polygon", "coordinates": [ [ [ 125.9875, 37.1875 ], [ 125.9875, 37.2375 ], [ 125.9375, 37.2375 ], [ 125.9375, 37.1875 ], [ 125.9875, 37.1875 ] ] ] } },
{ "type": "Feature", "properties": { "grad_nT_km": 35.9, "tier": "moderate", "score": 3.7 }, "geometry": { "type": "Polygon", "coordinates": [ [ [ 126.3375, 37.1875 ], [ 126.3375, 37.2375 ], [ 126.2875, 37.2375 ], [ 126.2875, 37.1875 ], [ 126.3375, 37.1875 ] ] ] } },
{ "type": "Feature", "properties": { "grad_nT_km": 20.6, "tier": "moderate", "score": 6.0 }, "geometry": { "type": "Polygon", "coordinates": [ [ [ 126.4375, 37.1875 ], [ 126.4375, 37.2375 ], [ 126.3875, 37.2375 ], [ 126.3875, 37.1875 ], [ 126.4375, 37.1875 ] ] ] } },
{ "type": "Feature", "properties": { "grad_nT_km": 26.7, "tier": "moderate", "score": 4.9 }, "geometry": { "type": "Polygon", "coordinates": [ [ [ 126.9875, 37.1875 ], [ 126.9875, 37.2375 ], [ 126.9375, 37.2375 ], [ 126.9375, 37.1875 ], [ 126.9875, 37.1875 ] ] ] } },
{ "type": "Feature", "properties": { "grad_nT_km": 36.5, "tier": "moderate", "score": 3.6 }, "geometry": { "type": "Polygon", "coordinates": [ [ [ 127.0375, 37.1875 ], [ 127.0375, 37.2375 ], [ 126.9875, 37.2375 ], [ 126.9875, 37.1875 ], [ 127.0375, 37.1875 ] ] ] } },
{ "type": "Feature", "properties": { "grad_nT_km": 28.9, "tier": "moderate", "score": 4.6 }, "geometry": { "type": "Polygon", "coordinates": [ [ [ 127.0875, 37.1875 ], [ 127.0875, 37.2375 ], [ 127.0375, 37.2375 ], [ 127.0375, 37.1875 ], [ 127.0875, 37.1875 ] ] ] } },
{ "type": "Feature", "properties": { "grad_nT_km": 31.6, "tier": "moderate", "score": 4.2 }, "geometry": { "type": "Polygon", "coordinates": [ [ [ 127.1375, 37.1875 ], [ 127.1375, 37.2375 ], [ 127.0875, 37.2375 ], [ 127.0875, 37.1875 ], [ 127.1375, 37.1875 ] ] ] } },
{ "type": "Feature", "properties": { "grad_nT_km": 19.2, "tier": "moderate", "score": 6.3 }, "geometry": { "type": "Polygon", "coordinates": [ [ [ 127.2875, 37.1875 ], [ 127.2875, 37.2375 ], [ 127.2375, 37.2375 ], [ 127.2375, 37.1875 ], [ 127.2875, 37.1875 ] ] ] } },
{ "type": "Feature", "properties": { "grad_nT_km": 22.7, "tier": "moderate", "score": 5.6 }, "geometry": { "type": "Polygon", "coordinates": [ [ [ 127.9875, 37.1875 ], [ 127.9875, 37.2375 ], [ 127.9375, 37.2375 ], [ 127.9375, 37.1875 ], [ 127.9875, 37.1875 ] ] ] } },
{ "type": "Feature", "properties": { "grad_nT_km": 21.2, "tier": "moderate", "score": 5.9 }, "geometry": { "type": "Polygon", "coordinates": [ [ [ 128.0375, 37.1875 ], [ 128.0375, 37.2375 ], [ 127.9875, 37.2375 ], [ 127.9875, 37.1875 ], [ 128.0375, 37.1875 ] ] ] } },
{ "type": "Feature", "properties": { "grad_nT_km": 18.3, "tier": "moderate", "score": 6.5 }, "geometry": { "type": "Polygon", "coordinates": [ [ [ 128.2375, 37.1875 ], [ 128.2375, 37.2375 ], [ 128.1875, 37.2375 ], [ 128.1875, 37.1875 ], [ 128.2375, 37.1875 ] ] ] } },
{ "type": "Feature", "properties": { "grad_nT_km": 36.2, "tier": "moderate", "score": 3.7 }, "geometry": { "type": "Polygon", "coordinates": [ [ [ 128.2875, 37.1875 ], [ 128.2875, 37.2375 ], [ 128.2375, 37.2375 ], [ 128.2375, 37.1875 ], [ 128.2875, 37.1875 ] ] ] } },
{ "type": "Feature", "properties": { "grad_nT_km": 15.8, "tier": "moderate", "score": 7.1 }, "geometry": { "type": "Polygon", "coordinates": [ [ [ 128.7875, 37.1875 ], [ 128.7875, 37.2375 ], [ 128.7375, 37.2375 ], [ 128.7375, 37.1875 ], [ 128.7875, 37.1875 ] ] ] } },
{ "type": "Feature", "properties": { "grad_nT_km": 18.5, "tier": "moderate", "score": 6.5 }, "geometry": { "type": "Polygon", "coordinates": [ [ [ 129.3875, 37.1875 ], [ 129.3875, 37.2375 ], [ 129.3375, 37.2375 ], [ 129.3375, 37.1875 ], [ 129.3875, 37.1875 ] ] ] } },
{ "type": "Feature", "properties": { "grad_nT_km": 19.7, "tier": "moderate", "score": 6.2 }, "geometry": { "type": "Polygon", "coordinates": [ [ [ 126.1375, 37.2375 ], [ 126.1375, 37.2875 ], [ 126.0875, 37.2875 ], [ 126.0875, 37.2375 ], [ 126.1375, 37.2375 ] ] ] } },
{ "type": "Feature", "properties": { "grad_nT_km": 15.1, "tier": "moderate", "score": 7.3 }, "geometry": { "type": "Polygon", "coordinates": [ [ [ 126.1875, 37.2375 ], [ 126.1875, 37.2875 ], [ 126.1375, 37.2875 ], [ 126.1375, 37.2375 ], [ 126.1875, 37.2375 ] ] ] } },
{ "type": "Feature", "properties": { "grad_nT_km": 21.0, "tier": "moderate", "score": 5.9 }, "geometry": { "type": "Polygon", "coordinates": [ [ [ 126.3375, 37.2375 ], [ 126.3375, 37.2875 ], [ 126.2875, 37.2875 ], [ 126.2875, 37.2375 ], [ 126.3375, 37.2375 ] ] ] } },
{ "type": "Feature", "properties": { "grad_nT_km": 37.0, "tier": "moderate", "score": 3.6 }, "geometry": { "type": "Polygon", "coordinates": [ [ [ 126.3875, 37.2375 ], [ 126.3875, 37.2875 ], [ 126.3375, 37.2875 ], [ 126.3375, 37.2375 ], [ 126.3875, 37.2375 ] ] ] } },
{ "type": "Feature", "properties": { "grad_nT_km": 33.4, "tier": "moderate", "score": 4.0 }, "geometry": { "type": "Polygon", "coordinates": [ [ [ 126.4375, 37.2375 ], [ 126.4375, 37.2875 ], [ 126.3875, 37.2875 ], [ 126.3875, 37.2375 ], [ 126.4375, 37.2375 ] ] ] } },
{ "type": "Feature", "properties": { "grad_nT_km": 15.8, "tier": "moderate", "score": 7.1 }, "geometry": { "type": "Polygon", "coordinates": [ [ [ 126.4875, 37.2375 ], [ 126.4875, 37.2875 ], [ 126.4375, 37.2875 ], [ 126.4375, 37.2375 ], [ 126.4875, 37.2375 ] ] ] } },
{ "type": "Feature", "properties": { "grad_nT_km": 15.2, "tier": "moderate", "score": 7.3 }, "geometry": { "type": "Polygon", "coordinates": [ [ [ 126.8375, 37.2375 ], [ 126.8375, 37.2875 ], [ 126.7875, 37.2875 ], [ 126.7875, 37.2375 ], [ 126.8375, 37.2375 ] ] ] } },
{ "type": "Feature", "properties": { "grad_nT_km": 16.4, "tier": "moderate", "score": 7.0 }, "geometry": { "type": "Polygon", "coordinates": [ [ [ 126.8875, 37.2375 ], [ 126.8875, 37.2875 ], [ 126.8375, 37.2875 ], [ 126.8375, 37.2375 ], [ 126.8875, 37.2375 ] ] ] } },
{ "type": "Feature", "properties": { "grad_nT_km": 27.8, "tier": "moderate", "score": 4.7 }, "geometry": { "type": "Polygon", "coordinates": [ [ [ 126.9875, 37.2375 ], [ 126.9875, 37.2875 ], [ 126.9375, 37.2875 ], [ 126.9375, 37.2375 ], [ 126.9875, 37.2375 ] ] ] } },
{ "type": "Feature", "properties": { "grad_nT_km": 34.3, "tier": "moderate", "score": 3.9 }, "geometry": { "type": "Polygon", "coordinates": [ [ [ 127.0875, 37.2375 ], [ 127.0875, 37.2875 ], [ 127.0375, 37.2875 ], [ 127.0375, 37.2375 ], [ 127.0875, 37.2375 ] ] ] } },
{ "type": "Feature", "properties": { "grad_nT_km": 17.7, "tier": "moderate", "score": 6.7 }, "geometry": { "type": "Polygon", "coordinates": [ [ [ 127.1375, 37.2375 ], [ 127.1375, 37.2875 ], [ 127.0875, 37.2875 ], [ 127.0875, 37.2375 ], [ 127.1375, 37.2375 ] ] ] } },
{ "type": "Feature", "properties": { "grad_nT_km": 17.5, "tier": "moderate", "score": 6.7 }, "geometry": { "type": "Polygon", "coordinates": [ [ [ 127.3375, 37.2375 ], [ 127.3375, 37.2875 ], [ 127.2875, 37.2875 ], [ 127.2875, 37.2375 ], [ 127.3375, 37.2375 ] ] ] } },
{ "type": "Feature", "properties": { "grad_nT_km": 16.0, "tier": "moderate", "score": 7.1 }, "geometry": { "type": "Polygon", "coordinates": [ [ [ 128.3875, 37.2375 ], [ 128.3875, 37.2875 ], [ 128.3375, 37.2875 ], [ 128.3375, 37.2375 ], [ 128.3875, 37.2375 ] ] ] } },
{ "type": "Feature", "properties": { "grad_nT_km": 15.0, "tier": "moderate", "score": 7.3 }, "geometry": { "type": "Polygon", "coordinates": [ [ [ 128.4375, 37.2375 ], [ 128.4375, 37.2875 ], [ 128.3875, 37.2875 ], [ 128.3875, 37.2375 ], [ 128.4375, 37.2375 ] ] ] } },
{ "type": "Feature", "properties": { "grad_nT_km": 18.7, "tier": "moderate", "score": 6.4 }, "geometry": { "type": "Polygon", "coordinates": [ [ [ 126.0875, 37.2875 ], [ 126.0875, 37.3375 ], [ 126.0375, 37.3375 ], [ 126.0375, 37.2875 ], [ 126.0875, 37.2875 ] ] ] } },
{ "type": "Feature", "properties": { "grad_nT_km": 17.1, "tier": "moderate", "score": 6.8 }, "geometry": { "type": "Polygon", "coordinates": [ [ [ 126.1875, 37.2875 ], [ 126.1875, 37.3375 ], [ 126.1375, 37.3375 ], [ 126.1375, 37.2875 ], [ 126.1875, 37.2875 ] ] ] } },
{ "type": "Feature", "properties": { "grad_nT_km": 18.1, "tier": "moderate", "score": 6.6 }, "geometry": { "type": "Polygon", "coordinates": [ [ [ 126.2375, 37.2875 ], [ 126.2375, 37.3375 ], [ 126.1875, 37.3375 ], [ 126.1875, 37.2875 ], [ 126.2375, 37.2875 ] ] ] } },
{ "type": "Feature", "properties": { "grad_nT_km": 28.6, "tier": "moderate", "score": 4.6 }, "geometry": { "type": "Polygon", "coordinates": [ [ [ 126.2875, 37.2875 ], [ 126.2875, 37.3375 ], [ 126.2375, 37.3375 ], [ 126.2375, 37.2875 ], [ 126.2875, 37.2875 ] ] ] } },
{ "type": "Feature", "properties": { "grad_nT_km": 18.7, "tier": "moderate", "score": 6.4 }, "geometry": { "type": "Polygon", "coordinates": [ [ [ 126.3375, 37.2875 ], [ 126.3375, 37.3375 ], [ 126.2875, 37.3375 ], [ 126.2875, 37.2875 ], [ 126.3375, 37.2875 ] ] ] } },
{ "type": "Feature", "properties": { "grad_nT_km": 19.6, "tier": "moderate", "score": 6.2 }, "geometry": { "type": "Polygon", "coordinates": [ [ [ 126.4375, 37.2875 ], [ 126.4375, 37.3375 ], [ 126.3875, 37.3375 ], [ 126.3875, 37.2875 ], [ 126.4375, 37.2875 ] ] ] } },
{ "type": "Feature", "properties": { "grad_nT_km": 25.5, "tier": "moderate", "score": 5.1 }, "geometry": { "type": "Polygon", "coordinates": [ [ [ 126.4875, 37.2875 ], [ 126.4875, 37.3375 ], [ 126.4375, 37.3375 ], [ 126.4375, 37.2875 ], [ 126.4875, 37.2875 ] ] ] } },
{ "type": "Feature", "properties": { "grad_nT_km": 18.5, "tier": "moderate", "score": 6.5 }, "geometry": { "type": "Polygon", "coordinates": [ [ [ 126.5375, 37.2875 ], [ 126.5375, 37.3375 ], [ 126.4875, 37.3375 ], [ 126.4875, 37.2875 ], [ 126.5375, 37.2875 ] ] ] } },
{ "type": "Feature", "properties": { "grad_nT_km": 16.8, "tier": "moderate", "score": 6.9 }, "geometry": { "type": "Polygon", "coordinates": [ [ [ 126.5875, 37.2875 ], [ 126.5875, 37.3375 ], [ 126.5375, 37.3375 ], [ 126.5375, 37.2875 ], [ 126.5875, 37.2875 ] ] ] } },
{ "type": "Feature", "properties": { "grad_nT_km": 34.0, "tier": "moderate", "score": 3.9 }, "geometry": { "type": "Polygon", "coordinates": [ [ [ 126.7875, 37.2875 ], [ 126.7875, 37.3375 ], [ 126.7375, 37.3375 ], [ 126.7375, 37.2875 ], [ 126.7875, 37.2875 ] ] ] } },
{ "type": "Feature", "properties": { "grad_nT_km": 23.6, "tier": "moderate", "score": 5.4 }, "geometry": { "type": "Polygon", "coordinates": [ [ [ 126.8375, 37.2875 ], [ 126.8375, 37.3375 ], [ 126.7875, 37.3375 ], [ 126.7875, 37.2875 ], [ 126.8375, 37.2875 ] ] ] } },
{ "type": "Feature", "properties": { "grad_nT_km": 27.5, "tier": "moderate", "score": 4.8 }, "geometry": { "type": "Polygon", "coordinates": [ [ [ 126.9875, 37.2875 ], [ 126.9875, 37.3375 ], [ 126.9375, 37.3375 ], [ 126.9375, 37.2875 ], [ 126.9875, 37.2875 ] ] ] } },
{ "type": "Feature", "properties": { "grad_nT_km": 19.0, "tier": "moderate", "score": 6.4 }, "geometry": { "type": "Polygon", "coordinates": [ [ [ 127.0375, 37.2875 ], [ 127.0375, 37.3375 ], [ 126.9875, 37.3375 ], [ 126.9875, 37.2875 ], [ 127.0375, 37.2875 ] ] ] } },
{ "type": "Feature", "properties": { "grad_nT_km": 21.0, "tier": "moderate", "score": 5.9 }, "geometry": { "type": "Polygon", "coordinates": [ [ [ 127.0875, 37.2875 ], [ 127.0875, 37.3375 ], [ 127.0375, 37.3375 ], [ 127.0375, 37.2875 ], [ 127.0875, 37.2875 ] ] ] } },
{ "type": "Feature", "properties": { "grad_nT_km": 16.8, "tier": "moderate", "score": 6.9 }, "geometry": { "type": "Polygon", "coordinates": [ [ [ 127.1375, 37.2875 ], [ 127.1375, 37.3375 ], [ 127.0875, 37.3375 ], [ 127.0875, 37.2875 ], [ 127.1375, 37.2875 ] ] ] } },
{ "type": "Feature", "properties": { "grad_nT_km": 25.3, "tier": "moderate", "score": 5.1 }, "geometry": { "type": "Polygon", "coordinates": [ [ [ 128.3875, 37.2875 ], [ 128.3875, 37.3375 ], [ 128.3375, 37.3375 ], [ 128.3375, 37.2875 ], [ 128.3875, 37.2875 ] ] ] } },
{ "type": "Feature", "properties": { "grad_nT_km": 19.4, "tier": "moderate", "score": 6.3 }, "geometry": { "type": "Polygon", "coordinates": [ [ [ 128.7875, 37.2875 ], [ 128.7875, 37.3375 ], [ 128.7375, 37.3375 ], [ 128.7375, 37.2875 ], [ 128.7875, 37.2875 ] ] ] } },
{ "type": "Feature", "properties": { "grad_nT_km": 15.5, "tier": "moderate", "score": 7.2 }, "geometry": { "type": "Polygon", "coordinates": [ [ [ 128.9375, 37.2875 ], [ 128.9375, 37.3375 ], [ 128.8875, 37.3375 ], [ 128.8875, 37.2875 ], [ 128.9375, 37.2875 ] ] ] } },
{ "type": "Feature", "properties": { "grad_nT_km": 19.4, "tier": "moderate", "score": 6.3 }, "geometry": { "type": "Polygon", "coordinates": [ [ [ 126.1375, 37.3375 ], [ 126.1375, 37.3875 ], [ 126.0875, 37.3875 ], [ 126.0875, 37.3375 ], [ 126.1375, 37.3375 ] ] ] } },
{ "type": "Feature", "properties": { "grad_nT_km": 15.1, "tier": "moderate", "score": 7.3 }, "geometry": { "type": "Polygon", "coordinates": [ [ [ 126.1875, 37.3375 ], [ 126.1875, 37.3875 ], [ 126.1375, 37.3875 ], [ 126.1375, 37.3375 ], [ 126.1875, 37.3375 ] ] ] } },
{ "type": "Feature", "properties": { "grad_nT_km": 18.9, "tier": "moderate", "score": 6.4 }, "geometry": { "type": "Polygon", "coordinates": [ [ [ 126.2375, 37.3375 ], [ 126.2375, 37.3875 ], [ 126.1875, 37.3875 ], [ 126.1875, 37.3375 ], [ 126.2375, 37.3375 ] ] ] } },
{ "type": "Feature", "properties": { "grad_nT_km": 28.7, "tier": "moderate", "score": 4.6 }, "geometry": { "type": "Polygon", "coordinates": [ [ [ 126.2875, 37.3375 ], [ 126.2875, 37.3875 ], [ 126.2375, 37.3875 ], [ 126.2375, 37.3375 ], [ 126.2875, 37.3375 ] ] ] } },
{ "type": "Feature", "properties": { "grad_nT_km": 18.6, "tier": "moderate", "score": 6.4 }, "geometry": { "type": "Polygon", "coordinates": [ [ [ 126.3375, 37.3375 ], [ 126.3375, 37.3875 ], [ 126.2875, 37.3875 ], [ 126.2875, 37.3375 ], [ 126.3375, 37.3375 ] ] ] } },
{ "type": "Feature", "properties": { "grad_nT_km": 22.5, "tier": "moderate", "score": 5.6 }, "geometry": { "type": "Polygon", "coordinates": [ [ [ 126.3875, 37.3375 ], [ 126.3875, 37.3875 ], [ 126.3375, 37.3875 ], [ 126.3375, 37.3375 ], [ 126.3875, 37.3375 ] ] ] } },
{ "type": "Feature", "properties": { "grad_nT_km": 24.5, "tier": "moderate", "score": 5.3 }, "geometry": { "type": "Polygon", "coordinates": [ [ [ 126.4375, 37.3375 ], [ 126.4375, 37.3875 ], [ 126.3875, 37.3875 ], [ 126.3875, 37.3375 ], [ 126.4375, 37.3375 ] ] ] } },
{ "type": "Feature", "properties": { "grad_nT_km": 17.7, "tier": "moderate", "score": 6.6 }, "geometry": { "type": "Polygon", "coordinates": [ [ [ 126.5375, 37.3375 ], [ 126.5375, 37.3875 ], [ 126.4875, 37.3875 ], [ 126.4875, 37.3375 ], [ 126.5375, 37.3375 ] ] ] } },
{ "type": "Feature", "properties": { "grad_nT_km": 25.4, "tier": "moderate", "score": 5.1 }, "geometry": { "type": "Polygon", "coordinates": [ [ [ 126.7875, 37.3375 ], [ 126.7875, 37.3875 ], [ 126.7375, 37.3875 ], [ 126.7375, 37.3375 ], [ 126.7875, 37.3375 ] ] ] } },
{ "type": "Feature", "properties": { "grad_nT_km": 21.0, "tier": "moderate", "score": 5.9 }, "geometry": { "type": "Polygon", "coordinates": [ [ [ 126.9875, 37.3375 ], [ 126.9875, 37.3875 ], [ 126.9375, 37.3875 ], [ 126.9375, 37.3375 ], [ 126.9875, 37.3375 ] ] ] } },
{ "type": "Feature", "properties": { "grad_nT_km": 18.1, "tier": "moderate", "score": 6.6 }, "geometry": { "type": "Polygon", "coordinates": [ [ [ 127.1375, 37.3375 ], [ 127.1375, 37.3875 ], [ 127.0875, 37.3875 ], [ 127.0875, 37.3375 ], [ 127.1375, 37.3375 ] ] ] } },
{ "type": "Feature", "properties": { "grad_nT_km": 15.4, "tier": "moderate", "score": 7.2 }, "geometry": { "type": "Polygon", "coordinates": [ [ [ 128.1875, 37.3375 ], [ 128.1875, 37.3875 ], [ 128.1375, 37.3875 ], [ 128.1375, 37.3375 ], [ 128.1875, 37.3375 ] ] ] } },
{ "type": "Feature", "properties": { "grad_nT_km": 19.2, "tier": "moderate", "score": 6.3 }, "geometry": { "type": "Polygon", "coordinates": [ [ [ 128.2375, 37.3375 ], [ 128.2375, 37.3875 ], [ 128.1875, 37.3875 ], [ 128.1875, 37.3375 ], [ 128.2375, 37.3375 ] ] ] } },
{ "type": "Feature", "properties": { "grad_nT_km": 15.2, "tier": "moderate", "score": 7.3 }, "geometry": { "type": "Polygon", "coordinates": [ [ [ 128.9375, 37.3375 ], [ 128.9375, 37.3875 ], [ 128.8875, 37.3875 ], [ 128.8875, 37.3375 ], [ 128.9375, 37.3375 ] ] ] } },
{ "type": "Feature", "properties": { "grad_nT_km": 23.1, "tier": "moderate", "score": 5.5 }, "geometry": { "type": "Polygon", "coordinates": [ [ [ 128.9875, 37.3375 ], [ 128.9875, 37.3875 ], [ 128.9375, 37.3875 ], [ 128.9375, 37.3375 ], [ 128.9875, 37.3375 ] ] ] } },
{ "type": "Feature", "properties": { "grad_nT_km": 29.4, "tier": "moderate", "score": 4.5 }, "geometry": { "type": "Polygon", "coordinates": [ [ [ 129.0375, 37.3375 ], [ 129.0375, 37.3875 ], [ 128.9875, 37.3875 ], [ 128.9875, 37.3375 ], [ 129.0375, 37.3375 ] ] ] } },
{ "type": "Feature", "properties": { "grad_nT_km": 29.8, "tier": "moderate", "score": 4.4 }, "geometry": { "type": "Polygon", "coordinates": [ [ [ 129.0875, 37.3375 ], [ 129.0875, 37.3875 ], [ 129.0375, 37.3875 ], [ 129.0375, 37.3375 ], [ 129.0875, 37.3375 ] ] ] } },
{ "type": "Feature", "properties": { "grad_nT_km": 20.2, "tier": "moderate", "score": 6.1 }, "geometry": { "type": "Polygon", "coordinates": [ [ [ 126.1375, 37.3875 ], [ 126.1375, 37.4375 ], [ 126.0875, 37.4375 ], [ 126.0875, 37.3875 ], [ 126.1375, 37.3875 ] ] ] } },
{ "type": "Feature", "properties": { "grad_nT_km": 17.9, "tier": "moderate", "score": 6.6 }, "geometry": { "type": "Polygon", "coordinates": [ [ [ 126.2375, 37.3875 ], [ 126.2375, 37.4375 ], [ 126.1875, 37.4375 ], [ 126.1875, 37.3875 ], [ 126.2375, 37.3875 ] ] ] } },
{ "type": "Feature", "properties": { "grad_nT_km": 16.8, "tier": "moderate", "score": 6.9 }, "geometry": { "type": "Polygon", "coordinates": [ [ [ 126.2875, 37.3875 ], [ 126.2875, 37.4375 ], [ 126.2375, 37.4375 ], [ 126.2375, 37.3875 ], [ 126.2875, 37.3875 ] ] ] } },
{ "type": "Feature", "properties": { "grad_nT_km": 24.3, "tier": "moderate", "score": 5.3 }, "geometry": { "type": "Polygon", "coordinates": [ [ [ 126.3375, 37.3875 ], [ 126.3375, 37.4375 ], [ 126.2875, 37.4375 ], [ 126.2875, 37.3875 ], [ 126.3375, 37.3875 ] ] ] } },
{ "type": "Feature", "properties": { "grad_nT_km": 19.1, "tier": "moderate", "score": 6.3 }, "geometry": { "type": "Polygon", "coordinates": [ [ [ 126.8375, 37.3875 ], [ 126.8375, 37.4375 ], [ 126.7875, 37.4375 ], [ 126.7875, 37.3875 ], [ 126.8375, 37.3875 ] ] ] } },
{ "type": "Feature", "properties": { "grad_nT_km": 17.5, "tier": "moderate", "score": 6.7 }, "geometry": { "type": "Polygon", "coordinates": [ [ [ 127.5875, 37.3875 ], [ 127.5875, 37.4375 ], [ 127.5375, 37.4375 ], [ 127.5375, 37.3875 ], [ 127.5875, 37.3875 ] ] ] } },
{ "type": "Feature", "properties": { "grad_nT_km": 23.6, "tier": "moderate", "score": 5.4 }, "geometry": { "type": "Polygon", "coordinates": [ [ [ 128.3375, 37.3875 ], [ 128.3375, 37.4375 ], [ 128.2875, 37.4375 ], [ 128.2875, 37.3875 ], [ 128.3375, 37.3875 ] ] ] } },
{ "type": "Feature", "properties": { "grad_nT_km": 28.9, "tier": "moderate", "score": 4.6 }, "geometry": { "type": "Polygon", "coordinates": [ [ [ 128.9875, 37.3875 ], [ 128.9875, 37.4375 ], [ 128.9375, 37.4375 ], [ 128.9375, 37.3875 ], [ 128.9875, 37.3875 ] ] ] } },
{ "type": "Feature", "properties": { "grad_nT_km": 16.3, "tier": "moderate", "score": 7.0 }, "geometry": { "type": "Polygon", "coordinates": [ [ [ 129.1375, 37.3875 ], [ 129.1375, 37.4375 ], [ 129.0875, 37.4375 ], [ 129.0875, 37.3875 ], [ 129.1375, 37.3875 ] ] ] } },
{ "type": "Feature", "properties": { "grad_nT_km": 26.3, "tier": "moderate", "score": 4.9 }, "geometry": { "type": "Polygon", "coordinates": [ [ [ 129.1875, 37.3875 ], [ 129.1875, 37.4375 ], [ 129.1375, 37.4375 ], [ 129.1375, 37.3875 ], [ 129.1875, 37.3875 ] ] ] } },
{ "type": "Feature", "properties": { "grad_nT_km": 18.1, "tier": "moderate", "score": 6.5 }, "geometry": { "type": "Polygon", "coordinates": [ [ [ 126.1875, 37.4375 ], [ 126.1875, 37.4875 ], [ 126.1375, 37.4875 ], [ 126.1375, 37.4375 ], [ 126.1875, 37.4375 ] ] ] } },
{ "type": "Feature", "properties": { "grad_nT_km": 16.2, "tier": "moderate", "score": 7.0 }, "geometry": { "type": "Polygon", "coordinates": [ [ [ 126.2375, 37.4375 ], [ 126.2375, 37.4875 ], [ 126.1875, 37.4875 ], [ 126.1875, 37.4375 ], [ 126.2375, 37.4375 ] ] ] } },
{ "type": "Feature", "properties": { "grad_nT_km": 17.4, "tier": "moderate", "score": 6.7 }, "geometry": { "type": "Polygon", "coordinates": [ [ [ 126.7375, 37.4375 ], [ 126.7375, 37.4875 ], [ 126.6875, 37.4875 ], [ 126.6875, 37.4375 ], [ 126.7375, 37.4375 ] ] ] } },
{ "type": "Feature", "properties": { "grad_nT_km": 19.1, "tier": "moderate", "score": 6.3 }, "geometry": { "type": "Polygon", "coordinates": [ [ [ 126.8375, 37.4375 ], [ 126.8375, 37.4875 ], [ 126.7875, 37.4875 ], [ 126.7875, 37.4375 ], [ 126.8375, 37.4375 ] ] ] } },
{ "type": "Feature", "properties": { "grad_nT_km": 21.0, "tier": "moderate", "score": 5.9 }, "geometry": { "type": "Polygon", "coordinates": [ [ [ 126.8875, 37.4375 ], [ 126.8875, 37.4875 ], [ 126.8375, 37.4875 ], [ 126.8375, 37.4375 ], [ 126.8875, 37.4375 ] ] ] } },
{ "type": "Feature", "properties": { "grad_nT_km": 18.8, "tier": "moderate", "score": 6.4 }, "geometry": { "type": "Polygon", "coordinates": [ [ [ 127.1375, 37.4375 ], [ 127.1375, 37.4875 ], [ 127.0875, 37.4875 ], [ 127.0875, 37.4375 ], [ 127.1375, 37.4375 ] ] ] } },
{ "type": "Feature", "properties": { "grad_nT_km": 15.2, "tier": "moderate", "score": 7.3 }, "geometry": { "type": "Polygon", "coordinates": [ [ [ 127.6375, 37.4375 ], [ 127.6375, 37.4875 ], [ 127.5875, 37.4875 ], [ 127.5875, 37.4375 ], [ 127.6375, 37.4375 ] ] ] } },
{ "type": "Feature", "properties": { "grad_nT_km": 28.7, "tier": "moderate", "score": 4.6 }, "geometry": { "type": "Polygon", "coordinates": [ [ [ 128.9875, 37.4375 ], [ 128.9875, 37.4875 ], [ 128.9375, 37.4875 ], [ 128.9375, 37.4375 ], [ 128.9875, 37.4375 ] ] ] } },
{ "type": "Feature", "properties": { "grad_nT_km": 27.5, "tier": "moderate", "score": 4.8 }, "geometry": { "type": "Polygon", "coordinates": [ [ [ 129.0375, 37.4375 ], [ 129.0375, 37.4875 ], [ 128.9875, 37.4875 ], [ 128.9875, 37.4375 ], [ 129.0375, 37.4375 ] ] ] } },
{ "type": "Feature", "properties": { "grad_nT_km": 33.4, "tier": "moderate", "score": 4.0 }, "geometry": { "type": "Polygon", "coordinates": [ [ [ 129.0875, 37.4375 ], [ 129.0875, 37.4875 ], [ 129.0375, 37.4875 ], [ 129.0375, 37.4375 ], [ 129.0875, 37.4375 ] ] ] } },
{ "type": "Feature", "properties": { "grad_nT_km": 18.7, "tier": "moderate", "score": 6.4 }, "geometry": { "type": "Polygon", "coordinates": [ [ [ 129.1375, 37.4375 ], [ 129.1375, 37.4875 ], [ 129.0875, 37.4875 ], [ 129.0875, 37.4375 ], [ 129.1375, 37.4375 ] ] ] } },
{ "type": "Feature", "properties": { "grad_nT_km": 15.1, "tier": "moderate", "score": 7.3 }, "geometry": { "type": "Polygon", "coordinates": [ [ [ 127.7875, 37.4875 ], [ 127.7875, 37.5375 ], [ 127.7375, 37.5375 ], [ 127.7375, 37.4875 ], [ 127.7875, 37.4875 ] ] ] } },
{ "type": "Feature", "properties": { "grad_nT_km": 15.2, "tier": "moderate", "score": 7.3 }, "geometry": { "type": "Polygon", "coordinates": [ [ [ 128.0375, 37.4875 ], [ 128.0375, 37.5375 ], [ 127.9875, 37.5375 ], [ 127.9875, 37.4875 ], [ 128.0375, 37.4875 ] ] ] } },
{ "type": "Feature", "properties": { "grad_nT_km": 30.7, "tier": "moderate", "score": 4.3 }, "geometry": { "type": "Polygon", "coordinates": [ [ [ 128.4875, 37.4875 ], [ 128.4875, 37.5375 ], [ 128.4375, 37.5375 ], [ 128.4375, 37.4875 ], [ 128.4875, 37.4875 ] ] ] } },
{ "type": "Feature", "properties": { "grad_nT_km": 18.7, "tier": "moderate", "score": 6.4 }, "geometry": { "type": "Polygon", "coordinates": [ [ [ 129.0375, 37.4875 ], [ 129.0375, 37.5375 ], [ 128.9875, 37.5375 ], [ 128.9875, 37.4875 ], [ 129.0375, 37.4875 ] ] ] } },
{ "type": "Feature", "properties": { "grad_nT_km": 16.0, "tier": "moderate", "score": 7.1 }, "geometry": { "type": "Polygon", "coordinates": [ [ [ 129.0875, 37.4875 ], [ 129.0875, 37.5375 ], [ 129.0375, 37.5375 ], [ 129.0375, 37.4875 ], [ 129.0875, 37.4875 ] ] ] } },
{ "type": "Feature", "properties": { "grad_nT_km": 15.3, "tier": "moderate", "score": 7.3 }, "geometry": { "type": "Polygon", "coordinates": [ [ [ 127.7875, 37.5375 ], [ 127.7875, 37.5875 ], [ 127.7375, 37.5875 ], [ 127.7375, 37.5375 ], [ 127.7875, 37.5375 ] ] ] } },
{ "type": "Feature", "properties": { "grad_nT_km": 24.3, "tier": "moderate", "score": 5.3 }, "geometry": { "type": "Polygon", "coordinates": [ [ [ 128.4875, 37.5375 ], [ 128.4875, 37.5875 ], [ 128.4375, 37.5875 ], [ 128.4375, 37.5375 ], [ 128.4875, 37.5375 ] ] ] } },
{ "type": "Feature", "properties": { "grad_nT_km": 27.3, "tier": "moderate", "score": 4.8 }, "geometry": { "type": "Polygon", "coordinates": [ [ [ 128.5375, 37.5375 ], [ 128.5375, 37.5875 ], [ 128.4875, 37.5875 ], [ 128.4875, 37.5375 ], [ 128.5375, 37.5375 ] ] ] } },
{ "type": "Feature", "properties": { "grad_nT_km": 15.0, "tier": "moderate", "score": 7.3 }, "geometry": { "type": "Polygon", "coordinates": [ [ [ 127.5875, 37.5875 ], [ 127.5875, 37.6375 ], [ 127.5375, 37.6375 ], [ 127.5375, 37.5875 ], [ 127.5875, 37.5875 ] ] ] } },
{ "type": "Feature", "properties": { "grad_nT_km": 20.8, "tier": "moderate", "score": 6.0 }, "geometry": { "type": "Polygon", "coordinates": [ [ [ 127.7875, 37.5875 ], [ 127.7875, 37.6375 ], [ 127.7375, 37.6375 ], [ 127.7375, 37.5875 ], [ 127.7875, 37.5875 ] ] ] } },
{ "type": "Feature", "properties": { "grad_nT_km": 20.8, "tier": "moderate", "score": 5.9 }, "geometry": { "type": "Polygon", "coordinates": [ [ [ 127.8375, 37.5875 ], [ 127.8375, 37.6375 ], [ 127.7875, 37.6375 ], [ 127.7875, 37.5875 ], [ 127.8375, 37.5875 ] ] ] } },
{ "type": "Feature", "properties": { "grad_nT_km": 15.8, "tier": "moderate", "score": 7.1 }, "geometry": { "type": "Polygon", "coordinates": [ [ [ 127.9375, 37.5875 ], [ 127.9375, 37.6375 ], [ 127.8875, 37.6375 ], [ 127.8875, 37.5875 ], [ 127.9375, 37.5875 ] ] ] } },
{ "type": "Feature", "properties": { "grad_nT_km": 15.3, "tier": "moderate", "score": 7.3 }, "geometry": { "type": "Polygon", "coordinates": [ [ [ 128.0375, 37.5875 ], [ 128.0375, 37.6375 ], [ 127.9875, 37.6375 ], [ 127.9875, 37.5875 ], [ 128.0375, 37.5875 ] ] ] } },
{ "type": "Feature", "properties": { "grad_nT_km": 18.1, "tier": "moderate", "score": 6.6 }, "geometry": { "type": "Polygon", "coordinates": [ [ [ 128.1375, 37.5875 ], [ 128.1375, 37.6375 ], [ 128.0875, 37.6375 ], [ 128.0875, 37.5875 ], [ 128.1375, 37.5875 ] ] ] } },
{ "type": "Feature", "properties": { "grad_nT_km": 32.7, "tier": "moderate", "score": 4.1 }, "geometry": { "type": "Polygon", "coordinates": [ [ [ 128.8875, 37.5875 ], [ 128.8875, 37.6375 ], [ 128.8375, 37.6375 ], [ 128.8375, 37.5875 ], [ 128.8875, 37.5875 ] ] ] } },
{ "type": "Feature", "properties": { "grad_nT_km": 22.8, "tier": "moderate", "score": 5.6 }, "geometry": { "type": "Polygon", "coordinates": [ [ [ 128.9375, 37.5875 ], [ 128.9375, 37.6375 ], [ 128.8875, 37.6375 ], [ 128.8875, 37.5875 ], [ 128.9375, 37.5875 ] ] ] } },
{ "type": "Feature", "properties": { "grad_nT_km": 21.4, "tier": "moderate", "score": 5.8 }, "geometry": { "type": "Polygon", "coordinates": [ [ [ 127.5375, 37.6375 ], [ 127.5375, 37.6875 ], [ 127.4875, 37.6875 ], [ 127.4875, 37.6375 ], [ 127.5375, 37.6375 ] ] ] } },
{ "type": "Feature", "properties": { "grad_nT_km": 17.5, "tier": "moderate", "score": 6.7 }, "geometry": { "type": "Polygon", "coordinates": [ [ [ 127.5875, 37.6375 ], [ 127.5875, 37.6875 ], [ 127.5375, 37.6875 ], [ 127.5375, 37.6375 ], [ 127.5875, 37.6375 ] ] ] } },
{ "type": "Feature", "properties": { "grad_nT_km": 15.9, "tier": "moderate", "score": 7.1 }, "geometry": { "type": "Polygon", "coordinates": [ [ [ 127.8375, 37.6375 ], [ 127.8375, 37.6875 ], [ 127.7875, 37.6875 ], [ 127.7875, 37.6375 ], [ 127.8375, 37.6375 ] ] ] } },
{ "type": "Feature", "properties": { "grad_nT_km": 17.2, "tier": "moderate", "score": 6.8 }, "geometry": { "type": "Polygon", "coordinates": [ [ [ 127.8875, 37.6375 ], [ 127.8875, 37.6875 ], [ 127.8375, 37.6875 ], [ 127.8375, 37.6375 ], [ 127.8875, 37.6375 ] ] ] } },
{ "type": "Feature", "properties": { "grad_nT_km": 16.0, "tier": "moderate", "score": 7.1 }, "geometry": { "type": "Polygon", "coordinates": [ [ [ 128.2875, 37.6375 ], [ 128.2875, 37.6875 ], [ 128.2375, 37.6875 ], [ 128.2375, 37.6375 ], [ 128.2875, 37.6375 ] ] ] } },
{ "type": "Feature", "properties": { "grad_nT_km": 19.0, "tier": "moderate", "score": 6.4 }, "geometry": { "type": "Polygon", "coordinates": [ [ [ 128.3375, 37.6375 ], [ 128.3375, 37.6875 ], [ 128.2875, 37.6875 ], [ 128.2875, 37.6375 ], [ 128.3375, 37.6375 ] ] ] } },
{ "type": "Feature", "properties": { "grad_nT_km": 22.6, "tier": "moderate", "score": 5.6 }, "geometry": { "type": "Polygon", "coordinates": [ [ [ 128.8875, 37.6375 ], [ 128.8875, 37.6875 ], [ 128.8375, 37.6875 ], [ 128.8375, 37.6375 ], [ 128.8875, 37.6375 ] ] ] } },
{ "type": "Feature", "properties": { "grad_nT_km": 25.5, "tier": "moderate", "score": 5.1 }, "geometry": { "type": "Polygon", "coordinates": [ [ [ 128.9375, 37.6375 ], [ 128.9375, 37.6875 ], [ 128.8875, 37.6875 ], [ 128.8875, 37.6375 ], [ 128.9375, 37.6375 ] ] ] } },
{ "type": "Feature", "properties": { "grad_nT_km": 20.3, "tier": "moderate", "score": 6.1 }, "geometry": { "type": "Polygon", "coordinates": [ [ [ 129.0375, 37.6375 ], [ 129.0375, 37.6875 ], [ 128.9875, 37.6875 ], [ 128.9875, 37.6375 ], [ 129.0375, 37.6375 ] ] ] } },
{ "type": "Feature", "properties": { "grad_nT_km": 20.2, "tier": "moderate", "score": 6.1 }, "geometry": { "type": "Polygon", "coordinates": [ [ [ 127.5375, 37.6875 ], [ 127.5375, 37.7375 ], [ 127.4875, 37.7375 ], [ 127.4875, 37.6875 ], [ 127.5375, 37.6875 ] ] ] } },
{ "type": "Feature", "properties": { "grad_nT_km": 27.3, "tier": "moderate", "score": 4.8 }, "geometry": { "type": "Polygon", "coordinates": [ [ [ 127.5875, 37.6875 ], [ 127.5875, 37.7375 ], [ 127.5375, 37.7375 ], [ 127.5375, 37.6875 ], [ 127.5875, 37.6875 ] ] ] } },
{ "type": "Feature", "properties": { "grad_nT_km": 22.3, "tier": "moderate", "score": 5.7 }, "geometry": { "type": "Polygon", "coordinates": [ [ [ 128.0375, 37.6875 ], [ 128.0375, 37.7375 ], [ 127.9875, 37.7375 ], [ 127.9875, 37.6875 ], [ 128.0375, 37.6875 ] ] ] } },
{ "type": "Feature", "properties": { "grad_nT_km": 15.6, "tier": "moderate", "score": 7.2 }, "geometry": { "type": "Polygon", "coordinates": [ [ [ 128.3375, 37.6875 ], [ 128.3375, 37.7375 ], [ 128.2875, 37.7375 ], [ 128.2875, 37.6875 ], [ 128.3375, 37.6875 ] ] ] } },
{ "type": "Feature", "properties": { "grad_nT_km": 16.2, "tier": "moderate", "score": 7.0 }, "geometry": { "type": "Polygon", "coordinates": [ [ [ 128.9375, 37.6875 ], [ 128.9375, 37.7375 ], [ 128.8875, 37.7375 ], [ 128.8875, 37.6875 ], [ 128.9375, 37.6875 ] ] ] } },
{ "type": "Feature", "properties": { "grad_nT_km": 23.9, "tier": "moderate", "score": 5.4 }, "geometry": { "type": "Polygon", "coordinates": [ [ [ 127.5375, 37.7375 ], [ 127.5375, 37.7875 ], [ 127.4875, 37.7875 ], [ 127.4875, 37.7375 ], [ 127.5375, 37.7375 ] ] ] } },
{ "type": "Feature", "properties": { "grad_nT_km": 29.1, "tier": "moderate", "score": 4.5 }, "geometry": { "type": "Polygon", "coordinates": [ [ [ 127.5875, 37.7375 ], [ 127.5875, 37.7875 ], [ 127.5375, 37.7875 ], [ 127.5375, 37.7375 ], [ 127.5875, 37.7375 ] ] ] } },
{ "type": "Feature", "properties": { "grad_nT_km": 16.6, "tier": "moderate", "score": 6.9 }, "geometry": { "type": "Polygon", "coordinates": [ [ [ 128.4875, 37.7375 ], [ 128.4875, 37.7875 ], [ 128.4375, 37.7875 ], [ 128.4375, 37.7375 ], [ 128.4875, 37.7375 ] ] ] } },
{ "type": "Feature", "properties": { "grad_nT_km": 15.4, "tier": "moderate", "score": 7.2 }, "geometry": { "type": "Polygon", "coordinates": [ [ [ 128.5375, 37.7375 ], [ 128.5375, 37.7875 ], [ 128.4875, 37.7875 ], [ 128.4875, 37.7375 ], [ 128.5375, 37.7375 ] ] ] } },
{ "type": "Feature", "properties": { "grad_nT_km": 25.3, "tier": "moderate", "score": 5.1 }, "geometry": { "type": "Polygon", "coordinates": [ [ [ 127.5375, 37.7875 ], [ 127.5375, 37.8375 ], [ 127.4875, 37.8375 ], [ 127.4875, 37.7875 ], [ 127.5375, 37.7875 ] ] ] } },
{ "type": "Feature", "properties": { "grad_nT_km": 18.4, "tier": "moderate", "score": 6.5 }, "geometry": { "type": "Polygon", "coordinates": [ [ [ 127.7375, 37.7875 ], [ 127.7375, 37.8375 ], [ 127.6875, 37.8375 ], [ 127.6875, 37.7875 ], [ 127.7375, 37.7875 ] ] ] } },
{ "type": "Feature", "properties": { "grad_nT_km": 17.0, "tier": "moderate", "score": 6.8 }, "geometry": { "type": "Polygon", "coordinates": [ [ [ 127.8375, 37.7875 ], [ 127.8375, 37.8375 ], [ 127.7875, 37.8375 ], [ 127.7875, 37.7875 ], [ 127.8375, 37.7875 ] ] ] } },
{ "type": "Feature", "properties": { "grad_nT_km": 19.1, "tier": "moderate", "score": 6.3 }, "geometry": { "type": "Polygon", "coordinates": [ [ [ 128.3375, 37.7875 ], [ 128.3375, 37.8375 ], [ 128.2875, 37.8375 ], [ 128.2875, 37.7875 ], [ 128.3375, 37.7875 ] ] ] } },
{ "type": "Feature", "properties": { "grad_nT_km": 16.9, "tier": "moderate", "score": 6.8 }, "geometry": { "type": "Polygon", "coordinates": [ [ [ 128.4375, 37.7875 ], [ 128.4375, 37.8375 ], [ 128.3875, 37.8375 ], [ 128.3875, 37.7875 ], [ 128.4375, 37.7875 ] ] ] } },
{ "type": "Feature", "properties": { "grad_nT_km": 20.3, "tier": "moderate", "score": 6.1 }, "geometry": { "type": "Polygon", "coordinates": [ [ [ 128.4875, 37.7875 ], [ 128.4875, 37.8375 ], [ 128.4375, 37.8375 ], [ 128.4375, 37.7875 ], [ 128.4875, 37.7875 ] ] ] } },
{ "type": "Feature", "properties": { "grad_nT_km": 19.1, "tier": "moderate", "score": 6.3 }, "geometry": { "type": "Polygon", "coordinates": [ [ [ 128.1875, 37.8375 ], [ 128.1875, 37.8875 ], [ 128.1375, 37.8875 ], [ 128.1375, 37.8375 ], [ 128.1875, 37.8375 ] ] ] } },
{ "type": "Feature", "properties": { "grad_nT_km": 15.9, "tier": "moderate", "score": 7.1 }, "geometry": { "type": "Polygon", "coordinates": [ [ [ 128.4375, 37.8375 ], [ 128.4375, 37.8875 ], [ 128.3875, 37.8875 ], [ 128.3875, 37.8375 ], [ 128.4375, 37.8375 ] ] ] } },
{ "type": "Feature", "properties": { "grad_nT_km": 17.4, "tier": "moderate", "score": 6.7 }, "geometry": { "type": "Polygon", "coordinates": [ [ [ 128.1875, 37.8875 ], [ 128.1875, 37.9375 ], [ 128.1375, 37.9375 ], [ 128.1375, 37.8875 ], [ 128.1875, 37.8875 ] ] ] } },
{ "type": "Feature", "properties": { "grad_nT_km": 20.1, "tier": "moderate", "score": 6.1 }, "geometry": { "type": "Polygon", "coordinates": [ [ [ 128.2875, 37.8875 ], [ 128.2875, 37.9375 ], [ 128.2375, 37.9375 ], [ 128.2375, 37.8875 ], [ 128.2875, 37.8875 ] ] ] } },
{ "type": "Feature", "properties": { "grad_nT_km": 29.8, "tier": "moderate", "score": 4.4 }, "geometry": { "type": "Polygon", "coordinates": [ [ [ 128.5375, 38.0375 ], [ 128.5375, 38.0875 ], [ 128.4875, 38.0875 ], [ 128.4875, 38.0375 ], [ 128.5375, 38.0375 ] ] ] } }
]
}
