{
"type": "FeatureCollection",
"name": "maggrad_steep",
"crs": { "type": "name", "properties": { "name": "urn:ogc:def:crs:OGC:1.3:CRS84" } },
"features": [
{ "type": "Feature", "properties": { "grad_nT_km": 75.5, "tier": "steep", "score": 1.5 }, "geometry": { "type": "Polygon", "coordinates": [ [ [ 126.3375, 33.2375 ], [ 126.3375, 33.2875 ], [ 126.2875, 33.2875 ], [ 126.2875, 33.2375 ], [ 126.3375, 33.2375 ] ] ] } },
{ "type": "Feature", "properties": { "grad_nT_km": 72.2, "tier": "steep", "score": 1.6 }, "geometry": { "type": "Polygon", "coordinates": [ [ [ 126.3875, 33.2375 ], [ 126.3875, 33.2875 ], [ 126.3375, 33.2875 ], [ 126.3375, 33.2375 ], [ 126.3875, 33.2375 ] ] ] } },
{ "type": "Feature", "properties": { "grad_nT_km": 94.3, "tier": "steep", "score": 1.1 }, "geometry": { "type": "Polygon", "coordinates": [ [ [ 126.4375, 33.2375 ], [ 126.4375, 33.2875 ], [ 126.3875, 33.2875 ], [ 126.3875, 33.2375 ], [ 126.4375, 33.2375 ] ] ] } },
{ "type": "Feature", "properties": { "grad_nT_km": 64.0, "tier": "steep", "score": 1.9 }, "geometry": { "type": "Polygon", "coordinates": [ [ [ 126.4875, 33.2375 ], [ 126.4875, 33.2875 ], [ 126.4375, 33.2875 ], [ 126.4375, 33.2375 ], [ 126.4875, 33.2375 ] ] ] } },
{ "type": "Feature", "properties": { "grad_nT_km": 74.4, "tier": "steep", "score": 1.6 }, "geometry": { "type": "Polygon", "coordinates": [ [ [ 126.5375, 33.2375 ], [ 126.5375, 33.2875 ], [ 126.4875, 33.2875 ], [ 126.4875, 33.2375 ], [ 126.5375, 33.2375 ] ] ] } },
{ "type": "Feature", "properties": { "grad_nT_km": 61.9, "tier": "steep", "score": 2.0 }, "geometry": { "type": "Polygon", "coordinates": [ [ [ 126.2375, 33.2875 ], [ 126.2375, 33.3375 ], [ 126.1875, 33.3375 ], [ 126.1875, 33.2875 ], [ 126.2375, 33.2875 ] ] ] } },
{ "type": "Feature", "properties": { "grad_nT_km": 46.3, "tier": "steep", "score": 2.8 }, "geometry": { "type": "Polygon", "coordinates": [ [ [ 126.4375, 33.2875 ], [ 126.4375, 33.3375 ], [ 126.3875, 33.3375 ], [ 126.3875, 33.2875 ], [ 126.4375, 33.2875 ] ] ] } },
{ "type": "Feature", "properties": { "grad_nT_km": 60.4, "tier": "steep", "score": 2.1 }, "geometry": { "type": "Polygon", "coordinates": [ [ [ 126.4875, 33.2875 ], [ 126.4875, 33.3375 ], [ 126.4375, 33.3375 ], [ 126.4375, 33.2875 ], [ 126.4875, 33.2875 ] ] ] } },
{ "type": "Feature", "properties": { "grad_nT_km": 49.8, "tier": "steep", "score": 2.6 }, "geometry": { "type": "Polygon", "coordinates": [ [ [ 126.7375, 33.2875 ], [ 126.7375, 33.3375 ], [ 126.6875, 33.3375 ], [ 126.6875, 33.2875 ], [ 126.7375, 33.2875 ] ] ] } },
{ "type": "Feature", "properties": { "grad_nT_km": 64.6, "tier": "steep", "score": 1.9 }, "geometry": { "type": "Polygon", "coordinates": [ [ [ 126.7875, 33.2875 ], [ 126.7875, 33.3375 ], [ 126.7375, 33.3375 ], [ 126.7375, 33.2875 ], [ 126.7875, 33.2875 ] ] ] } },
{ "type": "Feature", "properties": { "grad_nT_km": 50.4, "tier": "steep", "score": 2.6 }, "geometry": { "type": "Polygon", "coordinates": [ [ [ 126.8375, 33.2875 ], [ 126.8375, 33.3375 ], [ 126.7875, 33.3375 ], [ 126.7875, 33.2875 ], [ 126.8375, 33.2875 ] ] ] } },
{ "type": "Feature", "properties": { "grad_nT_km": 46.2, "tier": "steep", "score": 2.8 }, "geometry": { "type": "Polygon", "coordinates": [ [ [ 126.2875, 33.3375 ], [ 126.2875, 33.3875 ], [ 126.2375, 33.3875 ], [ 126.2375, 33.3375 ], [ 126.2875, 33.3375 ] ] ] } },
{ "type": "Feature", "properties": { "grad_nT_km": 75.0, "tier": "steep", "score": 1.5 }, "geometry": { "type": "Polygon", "coordinates": [ [ [ 126.3875, 33.3375 ], [ 126.3875, 33.3875 ], [ 126.3375, 33.3875 ], [ 126.3375, 33.3375 ], [ 126.3875, 33.3375 ] ] ] } },
{ "type": "Feature", "properties": { "grad_nT_km": 67.0, "tier": "steep", "score": 1.8 }, "geometry": { "type": "Polygon", "coordinates": [ [ [ 126.4375, 33.3375 ], [ 126.4375, 33.3875 ], [ 126.3875, 33.3875 ], [ 126.3875, 33.3375 ], [ 126.4375, 33.3375 ] ] ] } },
{ "type": "Feature", "properties": { "grad_nT_km": 95.8, "tier": "steep", "score": 1.1 }, "geometry": { "type": "Polygon", "coordinates": [ [ [ 126.4875, 33.3375 ], [ 126.4875, 33.3875 ], [ 126.4375, 33.3875 ], [ 126.4375, 33.3375 ], [ 126.4875, 33.3375 ] ] ] } },
{ "type": "Feature", "properties": { "grad_nT_km": 69.9, "tier": "steep", "score": 1.7 }, "geometry": { "type": "Polygon", "coordinates": [ [ [ 126.6375, 33.3375 ], [ 126.6375, 33.3875 ], [ 126.5875, 33.3875 ], [ 126.5875, 33.3375 ], [ 126.6375, 33.3375 ] ] ] } },
{ "type": "Feature", "properties": { "grad_nT_km": 45.1, "tier": "steep", "score": 2.9 }, "geometry": { "type": "Polygon", "coordinates": [ [ [ 126.7375, 33.3375 ], [ 126.7375, 33.3875 ], [ 126.6875, 33.3875 ], [ 126.6875, 33.3375 ], [ 126.7375, 33.3375 ] ] ] } },
{ "type": "Feature", "properties": { "grad_nT_km": 54.4, "tier": "steep", "score": 2.3 }, "geometry": { "type": "Polygon", "coordinates": [ [ [ 126.7875, 33.3375 ], [ 126.7875, 33.3875 ], [ 126.7375, 33.3875 ], [ 126.7375, 33.3375 ], [ 126.7875, 33.3375 ] ] ] } },
{ "type": "Feature", "properties": { "grad_nT_km": 58.1, "tier": "steep", "score": 2.2 }, "geometry": { "type": "Polygon", "coordinates": [ [ [ 126.8375, 33.3375 ], [ 126.8375, 33.3875 ], [ 126.7875, 33.3875 ], [ 126.7875, 33.3375 ], [ 126.8375, 33.3375 ] ] ] } },
{ "type": "Feature", "properties": { "grad_nT_km": 51.9, "tier": "steep", "score": 2.5 }, "geometry": { "type": "Polygon", "coordinates": [ [ [ 126.4375, 33.3875 ], [ 126.4375, 33.4375 ], [ 126.3875, 33.4375 ], [ 126.3875, 33.3875 ], [ 126.4375, 33.3875 ] ] ] } },
{ "type": "Feature", "properties": { "grad_nT_km": 55.9, "tier": "steep", "score": 2.3 }, "geometry": { "type": "Polygon", "coordinates": [ [ [ 126.4875, 33.3875 ], [ 126.4875, 33.4375 ], [ 126.4375, 33.4375 ], [ 126.4375, 33.3875 ], [ 126.4875, 33.3875 ] ] ] } },
{ "type": "Feature", "properties": { "grad_nT_km": 54.5, "tier": "steep", "score": 2.3 }, "geometry": { "type": "Polygon", "coordinates": [ [ [ 126.5375, 33.3875 ], [ 126.5375, 33.4375 ], [ 126.4875, 33.4375 ], [ 126.4875, 33.3875 ], [ 126.5375, 33.3875 ] ] ] } },
{ "type": "Feature", "properties": { "grad_nT_km": 41.2, "tier": "steep", "score": 3.2 }, "geometry": { "type": "Polygon", "coordinates": [ [ [ 126.5875, 33.3875 ], [ 126.5875, 33.4375 ], [ 126.5375, 33.4375 ], [ 126.5375, 33.3875 ], [ 126.5875, 33.3875 ] ] ] } },
{ "type": "Feature", "properties": { "grad_nT_km": 69.4, "tier": "steep", "score": 1.7 }, "geometry": { "type": "Polygon", "coordinates": [ [ [ 126.6375, 33.3875 ], [ 126.6375, 33.4375 ], [ 126.5875, 33.4375 ], [ 126.5875, 33.3875 ], [ 126.6375, 33.3875 ] ] ] } },
{ "type": "Feature", "properties": { "grad_nT_km": 45.2, "tier": "steep", "score": 2.9 }, "geometry": { "type": "Polygon", "coordinates": [ [ [ 126.8375, 33.3875 ], [ 126.8375, 33.4375 ], [ 126.7875, 33.4375 ], [ 126.7875, 33.3875 ], [ 126.8375, 33.3875 ] ] ] } },
{ "type": "Feature", "properties": { "grad_nT_km": 88.9, "tier": "steep", "score": 1.2 }, "geometry": { "type": "Polygon", "coordinates": [ [ [ 126.4375, 33.4375 ], [ 126.4375, 33.4875 ], [ 126.3875, 33.4875 ], [ 126.3875, 33.4375 ], [ 126.4375, 33.4375 ] ] ] } },
{ "type": "Feature", "properties": { "grad_nT_km": 53.6, "tier": "steep", "score": 2.4 }, "geometry": { "type": "Polygon", "coordinates": [ [ [ 126.4875, 33.4375 ], [ 126.4875, 33.4875 ], [ 126.4375, 33.4875 ], [ 126.4375, 33.4375 ], [ 126.4875, 33.4375 ] ] ] } },
{ "type": "Feature", "properties": { "grad_nT_km": 42.2, "tier": "steep", "score": 3.1 }, "geometry": { "type": "Polygon", "coordinates": [ [ [ 126.5375, 33.4375 ], [ 126.5375, 33.4875 ], [ 126.4875, 33.4875 ], [ 126.4875, 33.4375 ], [ 126.5375, 33.4375 ] ] ] } },
{ "type": "Feature", "properties": { "grad_nT_km": 46.8, "tier": "steep", "score": 2.8 }, "geometry": { "type": "Polygon", "coordinates": [ [ [ 126.5875, 33.4375 ], [ 126.5875, 33.4875 ], [ 126.5375, 33.4875 ], [ 126.5375, 33.4375 ], [ 126.5875, 33.4375 ] ] ] } },
{ "type": "Feature", "properties": { "grad_nT_km": 52.0, "tier": "steep", "score": 2.5 }, "geometry": { "type": "Polygon", "coordinates": [ [ [ 126.6875, 33.4375 ], [ 126.6875, 33.4875 ], [ 126.6375, 33.4875 ], [ 126.6375, 33.4375 ], [ 126.6875, 33.4375 ] ] ] } },
{ "type": "Feature", "properties": { "grad_nT_km": 71.9, "tier": "steep", "score": 1.6 }, "geometry": { "type": "Polygon", "coordinates": [ [ [ 126.7375, 33.4375 ], [ 126.7375, 33.4875 ], [ 126.6875, 33.4875 ], [ 126.6875, 33.4375 ], [ 126.7375, 33.4375 ] ] ] } },
{ "type": "Feature", "properties": { "grad_nT_km": 43.6, "tier": "steep", "score": 3.0 }, "geometry": { "type": "Polygon", "coordinates": [ [ [ 126.8375, 33.4375 ], [ 126.8375, 33.4875 ], [ 126.7875, 33.4875 ], [ 126.7875, 33.4375 ], [ 126.8375, 33.4375 ] ] ] } },
{ "type": "Feature", "properties": { "grad_nT_km": 61.2, "tier": "steep", "score": 2.0 }, "geometry": { "type": "Polygon", "coordinates": [ [ [ 126.8875, 33.4375 ], [ 126.8875, 33.4875 ], [ 126.8375, 33.4875 ], [ 126.8375, 33.4375 ], [ 126.8875, 33.4375 ] ] ] } },
{ "type": "Feature", "properties": { "grad_nT_km": 61.9, "tier": "steep", "score": 2.0 }, "geometry": { "type": "Polygon", "coordinates": [ [ [ 126.9375, 33.4375 ], [ 126.9375, 33.4875 ], [ 126.8875, 33.4875 ], [ 126.8875, 33.4375 ], [ 126.9375, 33.4375 ] ] ] } },
{ "type": "Feature", "properties": { "grad_nT_km": 86.3, "tier": "steep", "score": 1.3 }, "geometry": { "type": "Polygon", "coordinates": [ [ [ 126.6375, 33.4875 ], [ 126.6375, 33.5375 ], [ 126.5875, 33.5375 ], [ 126.5875, 33.4875 ], [ 126.6375, 33.4875 ] ] ] } },
{ "type": "Feature", "properties": { "grad_nT_km": 62.8, "tier": "steep", "score": 2.0 }, "geometry": { "type": "Polygon", "coordinates": [ [ [ 126.6875, 33.4875 ], [ 126.6875, 33.5375 ], [ 126.6375, 33.5375 ], [ 126.6375, 33.4875 ], [ 126.6875, 33.4875 ] ] ] } },
{ "type": "Feature", "properties": { "grad_nT_km": 44.8, "tier": "steep", "score": 2.9 }, "geometry": { "type": "Polygon", "coordinates": [ [ [ 126.7875, 33.4875 ], [ 126.7875, 33.5375 ], [ 126.7375, 33.5375 ], [ 126.7375, 33.4875 ], [ 126.7875, 33.4875 ] ] ] } },
{ "type": "Feature", "properties": { "grad_nT_km": 63.9, "tier": "steep", "score": 1.9 }, "geometry": { "type": "Polygon", "coordinates": [ [ [ 126.8375, 33.4875 ], [ 126.8375, 33.5375 ], [ 126.7875, 33.5375 ], [ 126.7875, 33.4875 ], [ 126.8375, 33.4875 ] ] ] } },
{ "type": "Feature", "properties": { "grad_nT_km": 49.5, "tier": "steep", "score": 2.6 }, "geometry": { "type": "Polygon", "coordinates": [ [ [ 126.5375, 34.0875 ], [ 126.5375, 34.1375 ], [ 126.4875, 34.1375 ], [ 126.4875, 34.0875 ], [ 126.5375, 34.0875 ] ] ] } },
{ "type": "Feature", "properties": { "grad_nT_km": 46.0, "tier": "steep", "score": 2.8 }, "geometry": { "type": "Polygon", "coordinates": [ [ [ 126.7875, 34.0875 ], [ 126.7875, 34.1375 ], [ 126.7375, 34.1375 ], [ 126.7375, 34.0875 ], [ 126.7875, 34.0875 ] ] ] } },
{ "type": "Feature", "properties": { "grad_nT_km": 43.5, "tier": "steep", "score": 3.0 }, "geometry": { "type": "Polygon", "coordinates": [ [ [ 126.5875, 34.1375 ], [ 126.5875, 34.1875 ], [ 126.5375, 34.1875 ], [ 126.5375, 34.1375 ], [ 126.5875, 34.1375 ] ] ] } },
{ "type": "Feature", "properties": { "grad_nT_km": 51.1, "tier": "steep", "score": 2.5 }, "geometry": { "type": "Polygon", "coordinates": [ [ [ 126.6375, 34.1375 ], [ 126.6375, 34.1875 ], [ 126.5875, 34.1875 ], [ 126.5875, 34.1375 ], [ 126.6375, 34.1375 ] ] ] } },
{ "type": "Feature", "properties": { "grad_nT_km": 86.7, "tier": "steep", "score": 1.3 }, "geometry": { "type": "Polygon", "coordinates": [ [ [ 126.6875, 34.1375 ], [ 126.6875, 34.1875 ], [ 126.6375, 34.1875 ], [ 126.6375, 34.1375 ], [ 126.6875, 34.1375 ] ] ] } },
{ "type": "Feature", "properties": { "grad_nT_km": 74.5, "tier": "steep", "score": 1.6 }, "geometry": { "type": "Polygon", "coordinates": [ [ [ 126.7375, 34.1375 ], [ 126.7375, 34.1875 ], [ 126.6875, 34.1875 ], [ 126.6875, 34.1375 ], [ 126.7375, 34.1375 ] ] ] } },
{ "type": "Feature", "properties": { "grad_nT_km": 55.3, "tier": "steep", "score": 2.3 }, "geometry": { "type": "Polygon", "coordinates": [ [ [ 126.7875, 34.1375 ], [ 126.7875, 34.1875 ], [ 126.7375, 34.1875 ], [ 126.7375, 34.1375 ], [ 126.7875, 34.1375 ] ] ] } },
{ "type": "Feature", "properties": { "grad_nT_km": 53.2, "tier": "steep", "score": 2.4 }, "geometry": { "type": "Polygon", "coordinates": [ [ [ 126.8875, 34.1375 ], [ 126.8875, 34.1875 ], [ 126.8375, 34.1875 ], [ 126.8375, 34.1375 ], [ 126.8875, 34.1375 ] ] ] } },
{ "type": "Feature", "properties": { "grad_nT_km": 82.1, "tier": "steep", "score": 1.4 }, "geometry": { "type": "Polygon", "coordinates": [ [ [ 126.9875, 34.1375 ], [ 126.9875, 34.1875 ], [ 126.9375, 34.1875 ], [ 126.9375, 34.1375 ], [ 126.9875, 34.1375 ] ] ] } },
{ "type": "Feature", "properties": { "grad_nT_km": 91.6, "tier": "steep", "score": 1.2 }, "geometry": { "type": "Polygon", "coordinates": [ [ [ 125.9375, 34.1875 ], [ 125.9375, 34.2375 ], [ 125.8875, 34.2375 ], [ 125.8875, 34.1875 ], [ 125.9375, 34.1875 ] ] ] } },
{ "type": "Feature", "properties": { "grad_nT_km": 67.4, "tier": "steep", "score": 1.8 }, "geometry": { "type": "Polygon", "coordinates": [ [ [ 126.1375, 34.1875 ], [ 126.1375, 34.2375 ], [ 126.0875, 34.2375 ], [ 126.0875, 34.1875 ], [ 126.1375, 34.1875 ] ] ] } },
{ "type": "Feature", "properties": { "grad_nT_km": 51.4, "tier": "steep", "score": 2.5 }, "geometry": { "type": "Polygon", "coordinates": [ [ [ 126.6375, 34.1875 ], [ 126.6375, 34.2375 ], [ 126.5875, 34.2375 ], [ 126.5875, 34.1875 ], [ 126.6375, 34.1875 ] ] ] } },
{ "type": "Feature", "properties": { "grad_nT_km": 89.0, "tier": "steep", "score": 1.2 }, "geometry": { "type": "Polygon", "coordinates": [ [ [ 126.6875, 34.1875 ], [ 126.6875, 34.2375 ], [ 126.6375, 34.2375 ], [ 126.6375, 34.1875 ], [ 126.6875, 34.1875 ] ] ] } },
{ "type": "Feature", "properties": { "grad_nT_km": 40.9, "tier": "steep", "score": 3.2 }, "geometry": { "type": "Polygon", "coordinates": [ [ [ 126.7875, 34.1875 ], [ 126.7875, 34.2375 ], [ 126.7375, 34.2375 ], [ 126.7375, 34.1875 ], [ 126.7875, 34.1875 ] ] ] } },
{ "type": "Feature", "properties": { "grad_nT_km": 45.8, "tier": "steep", "score": 2.9 }, "geometry": { "type": "Polygon", "coordinates": [ [ [ 126.8375, 34.1875 ], [ 126.8375, 34.2375 ], [ 126.7875, 34.2375 ], [ 126.7875, 34.1875 ], [ 126.8375, 34.1875 ] ] ] } },
{ "type": "Feature", "properties": { "grad_nT_km": 65.5, "tier": "steep", "score": 1.8 }, "geometry": { "type": "Polygon", "coordinates": [ [ [ 125.9375, 34.2375 ], [ 125.9375, 34.2875 ], [ 125.8875, 34.2875 ], [ 125.8875, 34.2375 ], [ 125.9375, 34.2375 ] ] ] } },
{ "type": "Feature", "properties": { "grad_nT_km": 68.6, "tier": "steep", "score": 1.7 }, "geometry": { "type": "Polygon", "coordinates": [ [ [ 125.9875, 34.2375 ], [ 125.9875, 34.2875 ], [ 125.9375, 34.2875 ], [ 125.9375, 34.2375 ], [ 125.9875, 34.2375 ] ] ] } },
{ "type": "Feature", "properties": { "grad_nT_km": 55.4, "tier": "steep", "score": 2.3 }, "geometry": { "type": "Polygon", "coordinates": [ [ [ 126.1375, 34.2375 ], [ 126.1375, 34.2875 ], [ 126.0875, 34.2875 ], [ 126.0875, 34.2375 ], [ 126.1375, 34.2375 ] ] ] } },
{ "type": "Feature", "properties": { "grad_nT_km": 78.8, "tier": "steep", "score": 1.4 }, "geometry": { "type": "Polygon", "coordinates": [ [ [ 126.1875, 34.2375 ], [ 126.1875, 34.2875 ], [ 126.1375, 34.2875 ], [ 126.1375, 34.2375 ], [ 126.1875, 34.2375 ] ] ] } },
{ "type": "Feature", "properties": { "grad_nT_km": 63.1, "tier": "steep", "score": 1.9 }, "geometry": { "type": "Polygon", "coordinates": [ [ [ 126.7375, 34.2375 ], [ 126.7375, 34.2875 ], [ 126.6875, 34.2875 ], [ 126.6875, 34.2375 ], [ 126.7375, 34.2375 ] ] ] } },
{ "type": "Feature", "properties": { "grad_nT_km": 65.9, "tier": "steep", "score": 1.8 }, "geometry": { "type": "Polygon", "coordinates": [ [ [ 126.7875, 34.2375 ], [ 126.7875, 34.2875 ], [ 126.7375, 34.2875 ], [ 126.7375, 34.2375 ], [ 126.7875, 34.2375 ] ] ] } },
{ "type": "Feature", "properties": { "grad_nT_km": 73.6, "tier": "steep", "score": 1.6 }, "geometry": { "type": "Polygon", "coordinates": [ [ [ 126.8375, 34.2375 ], [ 126.8375, 34.2875 ], [ 126.7875, 34.2875 ], [ 126.7875, 34.2375 ], [ 126.8375, 34.2375 ] ] ] } },
{ "type": "Feature", "properties": { "grad_nT_km": 41.1, "tier": "steep", "score": 3.2 }, "geometry": { "type": "Polygon", "coordinates": [ [ [ 126.8875, 34.2375 ], [ 126.8875, 34.2875 ], [ 126.8375, 34.2875 ], [ 126.8375, 34.2375 ], [ 126.8875, 34.2375 ] ] ] } },
{ "type": "Feature", "properties": { "grad_nT_km": 51.1, "tier": "steep", "score": 2.5 }, "geometry": { "type": "Polygon", "coordinates": [ [ [ 126.9875, 34.2375 ], [ 126.9875, 34.2875 ], [ 126.9375, 34.2875 ], [ 126.9375, 34.2375 ], [ 126.9875, 34.2375 ] ] ] } },
{ "type": "Feature", "properties": { "grad_nT_km": 45.3, "tier": "steep", "score": 2.9 }, "geometry": { "type": "Polygon", "coordinates": [ [ [ 127.2375, 34.2375 ], [ 127.2375, 34.2875 ], [ 127.1875, 34.2875 ], [ 127.1875, 34.2375 ], [ 127.2375, 34.2375 ] ] ] } },
{ "type": "Feature", "properties": { "grad_nT_km": 83.6, "tier": "steep", "score": 1.3 }, "geometry": { "type": "Polygon", "coordinates": [ [ [ 125.9375, 34.2875 ], [ 125.9375, 34.3375 ], [ 125.8875, 34.3375 ], [ 125.8875, 34.2875 ], [ 125.9375, 34.2875 ] ] ] } },
{ "type": "Feature", "properties": { "grad_nT_km": 64.0, "tier": "steep", "score": 1.9 }, "geometry": { "type": "Polygon", "coordinates": [ [ [ 126.1375, 34.2875 ], [ 126.1375, 34.3375 ], [ 126.0875, 34.3375 ], [ 126.0875, 34.2875 ], [ 126.1375, 34.2875 ] ] ] } },
{ "type": "Feature", "properties": { "grad_nT_km": 43.5, "tier": "steep", "score": 3.0 }, "geometry": { "type": "Polygon", "coordinates": [ [ [ 126.7375, 34.2875 ], [ 126.7375, 34.3375 ], [ 126.6875, 34.3375 ], [ 126.6875, 34.2875 ], [ 126.7375, 34.2875 ] ] ] } },
{ "type": "Feature", "properties": { "grad_nT_km": 73.7, "tier": "steep", "score": 1.6 }, "geometry": { "type": "Polygon", "coordinates": [ [ [ 126.8375, 34.2875 ], [ 126.8375, 34.3375 ], [ 126.7875, 34.3375 ], [ 126.7875, 34.2875 ], [ 126.8375, 34.2875 ] ] ] } },
{ "type": "Feature", "properties": { "grad_nT_km": 45.0, "tier": "steep", "score": 2.9 }, "geometry": { "type": "Polygon", "coordinates": [ [ [ 125.9375, 34.3375 ], [ 125.9375, 34.3875 ], [ 125.8875, 34.3875 ], [ 125.8875, 34.3375 ], [ 125.9375, 34.3375 ] ] ] } },
{ "type": "Feature", "properties": { "grad_nT_km": 45.4, "tier": "steep", "score": 2.9 }, "geometry": { "type": "Polygon", "coordinates": [ [ [ 125.9875, 34.3375 ], [ 125.9875, 34.3875 ], [ 125.9375, 34.3875 ], [ 125.9375, 34.3375 ], [ 125.9875, 34.3375 ] ] ] } },
{ "type": "Feature", "properties": { "grad_nT_km": 55.4, "tier": "steep", "score": 2.3 }, "geometry": { "type": "Polygon", "coordinates": [ [ [ 126.1375, 34.3375 ], [ 126.1375, 34.3875 ], [ 126.0875, 34.3875 ], [ 126.0875, 34.3375 ], [ 126.1375, 34.3375 ] ] ] } },
{ "type": "Feature", "properties": { "grad_nT_km": 86.2, "tier": "steep", "score": 1.3 }, "geometry": { "type": "Polygon", "coordinates": [ [ [ 126.1875, 34.3375 ], [ 126.1875, 34.3875 ], [ 126.1375, 34.3875 ], [ 126.1375, 34.3375 ], [ 126.1875, 34.3375 ] ] ] } },
{ "type": "Feature", "properties": { "grad_nT_km": 56.5, "tier": "steep", "score": 2.2 }, "geometry": { "type": "Polygon", "coordinates": [ [ [ 126.2375, 34.3375 ], [ 126.2375, 34.3875 ], [ 126.1875, 34.3875 ], [ 126.1875, 34.3375 ], [ 126.2375, 34.3375 ] ] ] } },
{ "type": "Feature", "properties": { "grad_nT_km": 55.7, "tier": "steep", "score": 2.3 }, "geometry": { "type": "Polygon", "coordinates": [ [ [ 126.2875, 34.3375 ], [ 126.2875, 34.3875 ], [ 126.2375, 34.3875 ], [ 126.2375, 34.3375 ], [ 126.2875, 34.3375 ] ] ] } },
{ "type": "Feature", "properties": { "grad_nT_km": 46.3, "tier": "steep", "score": 2.8 }, "geometry": { "type": "Polygon", "coordinates": [ [ [ 126.3375, 34.3375 ], [ 126.3375, 34.3875 ], [ 126.2875, 34.3875 ], [ 126.2875, 34.3375 ], [ 126.3375, 34.3375 ] ] ] } },
{ "type": "Feature", "properties": { "grad_nT_km": 87.4, "tier": "steep", "score": 1.2 }, "geometry": { "type": "Polygon", "coordinates": [ [ [ 126.3875, 34.3375 ], [ 126.3875, 34.3875 ], [ 126.3375, 34.3875 ], [ 126.3375, 34.3375 ], [ 126.3875, 34.3375 ] ] ] } },
{ "type": "Feature", "properties": { "grad_nT_km": 41.8, "tier": "steep", "score": 3.2 }, "geometry": { "type": "Polygon", "coordinates": [ [ [ 126.8875, 34.3375 ], [ 126.8875, 34.3875 ], [ 126.8375, 34.3875 ], [ 126.8375, 34.3375 ], [ 126.8875, 34.3375 ] ] ] } },
{ "type": "Feature", "properties": { "grad_nT_km": 54.2, "tier": "steep", "score": 2.4 }, "geometry": { "type": "Polygon", "coordinates": [ [ [ 127.2875, 34.3375 ], [ 127.2875, 34.3875 ], [ 127.2375, 34.3875 ], [ 127.2375, 34.3375 ], [ 127.2875, 34.3375 ] ] ] } },
{ "type": "Feature", "properties": { "grad_nT_km": 52.9, "tier": "steep", "score": 2.4 }, "geometry": { "type": "Polygon", "coordinates": [ [ [ 127.3375, 34.3375 ], [ 127.3375, 34.3875 ], [ 127.2875, 34.3875 ], [ 127.2875, 34.3375 ], [ 127.3375, 34.3375 ] ] ] } },
{ "type": "Feature", "properties": { "grad_nT_km": 50.3, "tier": "steep", "score": 2.6 }, "geometry": { "type": "Polygon", "coordinates": [ [ [ 127.7875, 34.3375 ], [ 127.7875, 34.3875 ], [ 127.7375, 34.3875 ], [ 127.7375, 34.3375 ], [ 127.7875, 34.3375 ] ] ] } },
{ "type": "Feature", "properties": { "grad_nT_km": 95.0, "tier": "steep", "score": 1.1 }, "geometry": { "type": "Polygon", "coordinates": [ [ [ 126.1875, 34.3875 ], [ 126.1875, 34.4375 ], [ 126.1375, 34.4375 ], [ 126.1375, 34.3875 ], [ 126.1875, 34.3875 ] ] ] } },
{ "type": "Feature", "properties": { "grad_nT_km": 67.2, "tier": "steep", "score": 1.8 }, "geometry": { "type": "Polygon", "coordinates": [ [ [ 126.2875, 34.3875 ], [ 126.2875, 34.4375 ], [ 126.2375, 34.4375 ], [ 126.2375, 34.3875 ], [ 126.2875, 34.3875 ] ] ] } },
{ "type": "Feature", "properties": { "grad_nT_km": 67.3, "tier": "steep", "score": 1.8 }, "geometry": { "type": "Polygon", "coordinates": [ [ [ 126.3375, 34.3875 ], [ 126.3375, 34.4375 ], [ 126.2875, 34.4375 ], [ 126.2875, 34.3875 ], [ 126.3375, 34.3875 ] ] ] } },
{ "type": "Feature", "properties": { "grad_nT_km": 59.2, "tier": "steep", "score": 2.1 }, "geometry": { "type": "Polygon", "coordinates": [ [ [ 126.3875, 34.3875 ], [ 126.3875, 34.4375 ], [ 126.3375, 34.4375 ], [ 126.3375, 34.3875 ], [ 126.3875, 34.3875 ] ] ] } },
{ "type": "Feature", "properties": { "grad_nT_km": 43.8, "tier": "steep", "score": 3.0 }, "geometry": { "type": "Polygon", "coordinates": [ [ [ 126.6375, 34.3875 ], [ 126.6375, 34.4375 ], [ 126.5875, 34.4375 ], [ 126.5875, 34.3875 ], [ 126.6375, 34.3875 ] ] ] } },
{ "type": "Feature", "properties": { "grad_nT_km": 63.2, "tier": "steep", "score": 1.9 }, "geometry": { "type": "Polygon", "coordinates": [ [ [ 126.6875, 34.3875 ], [ 126.6875, 34.4375 ], [ 126.6375, 34.4375 ], [ 126.6375, 34.3875 ], [ 126.6875, 34.3875 ] ] ] } },
{ "type": "Feature", "properties": { "grad_nT_km": 41.9, "tier": "steep", "score": 3.2 }, "geometry": { "type": "Polygon", "coordinates": [ [ [ 126.7875, 34.3875 ], [ 126.7875, 34.4375 ], [ 126.7375, 34.4375 ], [ 126.7375, 34.3875 ], [ 126.7875, 34.3875 ] ] ] } },
{ "type": "Feature", "properties": { "grad_nT_km": 65.4, "tier": "steep", "score": 1.9 }, "geometry": { "type": "Polygon", "coordinates": [ [ [ 126.9375, 34.3875 ], [ 126.9375, 34.4375 ], [ 126.8875, 34.4375 ], [ 126.8875, 34.3875 ], [ 126.9375, 34.3875 ] ] ] } },
{ "type": "Feature", "properties": { "grad_nT_km": 43.5, "tier": "steep", "score": 3.0 }, "geometry": { "type": "Polygon", "coordinates": [ [ [ 126.9875, 34.3875 ], [ 126.9875, 34.4375 ], [ 126.9375, 34.4375 ], [ 126.9375, 34.3875 ], [ 126.9875, 34.3875 ] ] ] } },
{ "type": "Feature", "properties": { "grad_nT_km": 43.4, "tier": "steep", "score": 3.0 }, "geometry": { "type": "Polygon", "coordinates": [ [ [ 127.2375, 34.3875 ], [ 127.2375, 34.4375 ], [ 127.1875, 34.4375 ], [ 127.1875, 34.3875 ], [ 127.2375, 34.3875 ] ] ] } },
{ "type": "Feature", "properties": { "grad_nT_km": 55.7, "tier": "steep", "score": 2.3 }, "geometry": { "type": "Polygon", "coordinates": [ [ [ 127.5375, 34.3875 ], [ 127.5375, 34.4375 ], [ 127.4875, 34.4375 ], [ 127.4875, 34.3875 ], [ 127.5375, 34.3875 ] ] ] } },
{ "type": "Feature", "properties": { "grad_nT_km": 47.3, "tier": "steep", "score": 2.8 }, "geometry": { "type": "Polygon", "coordinates": [ [ [ 127.5875, 34.3875 ], [ 127.5875, 34.4375 ], [ 127.5375, 34.4375 ], [ 127.5375, 34.3875 ], [ 127.5875, 34.3875 ] ] ] } },
{ "type": "Feature", "properties": { "grad_nT_km": 62.4, "tier": "steep", "score": 2.0 }, "geometry": { "type": "Polygon", "coordinates": [ [ [ 127.7875, 34.3875 ], [ 127.7875, 34.4375 ], [ 127.7375, 34.4375 ], [ 127.7375, 34.3875 ], [ 127.7875, 34.3875 ] ] ] } },
{ "type": "Feature", "properties": { "grad_nT_km": 76.5, "tier": "steep", "score": 1.5 }, "geometry": { "type": "Polygon", "coordinates": [ [ [ 127.8375, 34.3875 ], [ 127.8375, 34.4375 ], [ 127.7875, 34.4375 ], [ 127.7875, 34.3875 ], [ 127.8375, 34.3875 ] ] ] } },
{ "type": "Feature", "properties": { "grad_nT_km": 55.0, "tier": "steep", "score": 2.3 }, "geometry": { "type": "Polygon", "coordinates": [ [ [ 127.8875, 34.3875 ], [ 127.8875, 34.4375 ], [ 127.8375, 34.4375 ], [ 127.8375, 34.3875 ], [ 127.8875, 34.3875 ] ] ] } },
{ "type": "Feature", "properties": { "grad_nT_km": 71.6, "tier": "steep", "score": 1.6 }, "geometry": { "type": "Polygon", "coordinates": [ [ [ 127.9375, 34.3875 ], [ 127.9375, 34.4375 ], [ 127.8875, 34.4375 ], [ 127.8875, 34.3875 ], [ 127.9375, 34.3875 ] ] ] } },
{ "type": "Feature", "properties": { "grad_nT_km": 85.0, "tier": "steep", "score": 1.3 }, "geometry": { "type": "Polygon", "coordinates": [ [ [ 126.1375, 34.4375 ], [ 126.1375, 34.4875 ], [ 126.0875, 34.4875 ], [ 126.0875, 34.4375 ], [ 126.1375, 34.4375 ] ] ] } },
{ "type": "Feature", "properties": { "grad_nT_km": 81.9, "tier": "steep", "score": 1.4 }, "geometry": { "type": "Polygon", "coordinates": [ [ [ 126.1875, 34.4375 ], [ 126.1875, 34.4875 ], [ 126.1375, 34.4875 ], [ 126.1375, 34.4375 ], [ 126.1875, 34.4375 ] ] ] } },
{ "type": "Feature", "properties": { "grad_nT_km": 71.0, "tier": "steep", "score": 1.7 }, "geometry": { "type": "Polygon", "coordinates": [ [ [ 126.2375, 34.4375 ], [ 126.2375, 34.4875 ], [ 126.1875, 34.4875 ], [ 126.1875, 34.4375 ], [ 126.2375, 34.4375 ] ] ] } },
{ "type": "Feature", "properties": { "grad_nT_km": 79.1, "tier": "steep", "score": 1.4 }, "geometry": { "type": "Polygon", "coordinates": [ [ [ 126.2875, 34.4375 ], [ 126.2875, 34.4875 ], [ 126.2375, 34.4875 ], [ 126.2375, 34.4375 ], [ 126.2875, 34.4375 ] ] ] } },
{ "type": "Feature", "properties": { "grad_nT_km": 90.9, "tier": "steep", "score": 1.2 }, "geometry": { "type": "Polygon", "coordinates": [ [ [ 126.3375, 34.4375 ], [ 126.3375, 34.4875 ], [ 126.2875, 34.4875 ], [ 126.2875, 34.4375 ], [ 126.3375, 34.4375 ] ] ] } },
{ "type": "Feature", "properties": { "grad_nT_km": 52.1, "tier": "steep", "score": 2.5 }, "geometry": { "type": "Polygon", "coordinates": [ [ [ 126.3875, 34.4375 ], [ 126.3875, 34.4875 ], [ 126.3375, 34.4875 ], [ 126.3375, 34.4375 ], [ 126.3875, 34.4375 ] ] ] } },
{ "type": "Feature", "properties": { "grad_nT_km": 53.4, "tier": "steep", "score": 2.4 }, "geometry": { "type": "Polygon", "coordinates": [ [ [ 126.6375, 34.4375 ], [ 126.6375, 34.4875 ], [ 126.5875, 34.4875 ], [ 126.5875, 34.4375 ], [ 126.6375, 34.4375 ] ] ] } },
{ "type": "Feature", "properties": { "grad_nT_km": 62.8, "tier": "steep", "score": 2.0 }, "geometry": { "type": "Polygon", "coordinates": [ [ [ 126.6875, 34.4375 ], [ 126.6875, 34.4875 ], [ 126.6375, 34.4875 ], [ 126.6375, 34.4375 ], [ 126.6875, 34.4375 ] ] ] } },
{ "type": "Feature", "properties": { "grad_nT_km": 45.4, "tier": "steep", "score": 2.9 }, "geometry": { "type": "Polygon", "coordinates": [ [ [ 126.7875, 34.4375 ], [ 126.7875, 34.4875 ], [ 126.7375, 34.4875 ], [ 126.7375, 34.4375 ], [ 126.7875, 34.4375 ] ] ] } },
{ "type": "Feature", "properties": { "grad_nT_km": 50.4, "tier": "steep", "score": 2.6 }, "geometry": { "type": "Polygon", "coordinates": [ [ [ 126.8375, 34.4375 ], [ 126.8375, 34.4875 ], [ 126.7875, 34.4875 ], [ 126.7875, 34.4375 ], [ 126.8375, 34.4375 ] ] ] } },
{ "type": "Feature", "properties": { "grad_nT_km": 64.7, "tier": "steep", "score": 1.9 }, "geometry": { "type": "Polygon", "coordinates": [ [ [ 126.8875, 34.4375 ], [ 126.8875, 34.4875 ], [ 126.8375, 34.4875 ], [ 126.8375, 34.4375 ], [ 126.8875, 34.4375 ] ] ] } },
{ "type": "Feature", "properties": { "grad_nT_km": 46.0, "tier": "steep", "score": 2.8 }, "geometry": { "type": "Polygon", "coordinates": [ [ [ 127.1375, 34.4375 ], [ 127.1375, 34.4875 ], [ 127.0875, 34.4875 ], [ 127.0875, 34.4375 ], [ 127.1375, 34.4375 ] ] ] } },
{ "type": "Feature", "properties": { "grad_nT_km": 74.8, "tier": "steep", "score": 1.5 }, "geometry": { "type": "Polygon", "coordinates": [ [ [ 127.1875, 34.4375 ], [ 127.1875, 34.4875 ], [ 127.1375, 34.4875 ], [ 127.1375, 34.4375 ], [ 127.1875, 34.4375 ] ] ] } },
{ "type": "Feature", "properties": { "grad_nT_km": 52.9, "tier": "steep", "score": 2.4 }, "geometry": { "type": "Polygon", "coordinates": [ [ [ 127.2875, 34.4375 ], [ 127.2875, 34.4875 ], [ 127.2375, 34.4875 ], [ 127.2375, 34.4375 ], [ 127.2875, 34.4375 ] ] ] } },
{ "type": "Feature", "properties": { "grad_nT_km": 66.5, "tier": "steep", "score": 1.8 }, "geometry": { "type": "Polygon", "coordinates": [ [ [ 127.3375, 34.4375 ], [ 127.3375, 34.4875 ], [ 127.2875, 34.4875 ], [ 127.2875, 34.4375 ], [ 127.3375, 34.4375 ] ] ] } },
{ "type": "Feature", "properties": { "grad_nT_km": 41.4, "tier": "steep", "score": 3.2 }, "geometry": { "type": "Polygon", "coordinates": [ [ [ 127.5375, 34.4375 ], [ 127.5375, 34.4875 ], [ 127.4875, 34.4875 ], [ 127.4875, 34.4375 ], [ 127.5375, 34.4375 ] ] ] } },
{ "type": "Feature", "properties": { "grad_nT_km": 50.0, "tier": "steep", "score": 2.6 }, "geometry": { "type": "Polygon", "coordinates": [ [ [ 127.5875, 34.4375 ], [ 127.5875, 34.4875 ], [ 127.5375, 34.4875 ], [ 127.5375, 34.4375 ], [ 127.5875, 34.4375 ] ] ] } },
{ "type": "Feature", "properties": { "grad_nT_km": 43.9, "tier": "steep", "score": 3.0 }, "geometry": { "type": "Polygon", "coordinates": [ [ [ 127.7875, 34.4375 ], [ 127.7875, 34.4875 ], [ 127.7375, 34.4875 ], [ 127.7375, 34.4375 ], [ 127.7875, 34.4375 ] ] ] } },
{ "type": "Feature", "properties": { "grad_nT_km": 62.0, "tier": "steep", "score": 2.0 }, "geometry": { "type": "Polygon", "coordinates": [ [ [ 127.8875, 34.4375 ], [ 127.8875, 34.4875 ], [ 127.8375, 34.4875 ], [ 127.8375, 34.4375 ], [ 127.8875, 34.4375 ] ] ] } },
{ "type": "Feature", "properties": { "grad_nT_km": 59.3, "tier": "steep", "score": 2.1 }, "geometry": { "type": "Polygon", "coordinates": [ [ [ 127.9375, 34.4375 ], [ 127.9375, 34.4875 ], [ 127.8875, 34.4875 ], [ 127.8875, 34.4375 ], [ 127.9375, 34.4375 ] ] ] } },
{ "type": "Feature", "properties": { "grad_nT_km": 47.5, "tier": "steep", "score": 2.7 }, "geometry": { "type": "Polygon", "coordinates": [ [ [ 126.0375, 34.4875 ], [ 126.0375, 34.5375 ], [ 125.9875, 34.5375 ], [ 125.9875, 34.4875 ], [ 126.0375, 34.4875 ] ] ] } },
{ "type": "Feature", "properties": { "grad_nT_km": 85.5, "tier": "steep", "score": 1.3 }, "geometry": { "type": "Polygon", "coordinates": [ [ [ 126.2375, 34.4875 ], [ 126.2375, 34.5375 ], [ 126.1875, 34.5375 ], [ 126.1875, 34.4875 ], [ 126.2375, 34.4875 ] ] ] } },
{ "type": "Feature", "properties": { "grad_nT_km": 68.6, "tier": "steep", "score": 1.7 }, "geometry": { "type": "Polygon", "coordinates": [ [ [ 126.2875, 34.4875 ], [ 126.2875, 34.5375 ], [ 126.2375, 34.5375 ], [ 126.2375, 34.4875 ], [ 126.2875, 34.4875 ] ] ] } },
{ "type": "Feature", "properties": { "grad_nT_km": 45.9, "tier": "steep", "score": 2.9 }, "geometry": { "type": "Polygon", "coordinates": [ [ [ 126.3375, 34.4875 ], [ 126.3375, 34.5375 ], [ 126.2875, 34.5375 ], [ 126.2875, 34.4875 ], [ 126.3375, 34.4875 ] ] ] } },
{ "type": "Feature", "properties": { "grad_nT_km": 86.2, "tier": "steep", "score": 1.3 }, "geometry": { "type": "Polygon", "coordinates": [ [ [ 126.3875, 34.4875 ], [ 126.3875, 34.5375 ], [ 126.3375, 34.5375 ], [ 126.3375, 34.4875 ], [ 126.3875, 34.4875 ] ] ] } },
{ "type": "Feature", "properties": { "grad_nT_km": 60.9, "tier": "steep", "score": 2.0 }, "geometry": { "type": "Polygon", "coordinates": [ [ [ 126.4375, 34.4875 ], [ 126.4375, 34.5375 ], [ 126.3875, 34.5375 ], [ 126.3875, 34.4875 ], [ 126.4375, 34.4875 ] ] ] } },
{ "type": "Feature", "properties": { "grad_nT_km": 73.9, "tier": "steep", "score": 1.6 }, "geometry": { "type": "Polygon", "coordinates": [ [ [ 126.6375, 34.4875 ], [ 126.6375, 34.5375 ], [ 126.5875, 34.5375 ], [ 126.5875, 34.4875 ], [ 126.6375, 34.4875 ] ] ] } },
{ "type": "Feature", "properties": { "grad_nT_km": 81.9, "tier": "steep", "score": 1.4 }, "geometry": { "type": "Polygon", "coordinates": [ [ [ 126.8375, 34.4875 ], [ 126.8375, 34.5375 ], [ 126.7875, 34.5375 ], [ 126.7875, 34.4875 ], [ 126.8375, 34.4875 ] ] ] } },
{ "type": "Feature", "properties": { "grad_nT_km": 45.5, "tier": "steep", "score": 2.9 }, "geometry": { "type": "Polygon", "coordinates": [ [ [ 126.8875, 34.4875 ], [ 126.8875, 34.5375 ], [ 126.8375, 34.5375 ], [ 126.8375, 34.4875 ], [ 126.8875, 34.4875 ] ] ] } },
{ "type": "Feature", "properties": { "grad_nT_km": 40.0, "tier": "steep", "score": 3.3 }, "geometry": { "type": "Polygon", "coordinates": [ [ [ 127.2375, 34.4875 ], [ 127.2375, 34.5375 ], [ 127.1875, 34.5375 ], [ 127.1875, 34.4875 ], [ 127.2375, 34.4875 ] ] ] } },
{ "type": "Feature", "properties": { "grad_nT_km": 84.9, "tier": "steep", "score": 1.3 }, "geometry": { "type": "Polygon", "coordinates": [ [ [ 127.2875, 34.4875 ], [ 127.2875, 34.5375 ], [ 127.2375, 34.5375 ], [ 127.2375, 34.4875 ], [ 127.2875, 34.4875 ] ] ] } },
{ "type": "Feature", "properties": { "grad_nT_km": 53.6, "tier": "steep", "score": 2.4 }, "geometry": { "type": "Polygon", "coordinates": [ [ [ 127.3375, 34.4875 ], [ 127.3375, 34.5375 ], [ 127.2875, 34.5375 ], [ 127.2875, 34.4875 ], [ 127.3375, 34.4875 ] ] ] } },
{ "type": "Feature", "properties": { "grad_nT_km": 55.3, "tier": "steep", "score": 2.3 }, "geometry": { "type": "Polygon", "coordinates": [ [ [ 127.4375, 34.4875 ], [ 127.4375, 34.5375 ], [ 127.3875, 34.5375 ], [ 127.3875, 34.4875 ], [ 127.4375, 34.4875 ] ] ] } },
{ "type": "Feature", "properties": { "grad_nT_km": 44.6, "tier": "steep", "score": 3.0 }, "geometry": { "type": "Polygon", "coordinates": [ [ [ 127.6875, 34.4875 ], [ 127.6875, 34.5375 ], [ 127.6375, 34.5375 ], [ 127.6375, 34.4875 ], [ 127.6875, 34.4875 ] ] ] } },
{ "type": "Feature", "properties": { "grad_nT_km": 48.6, "tier": "steep", "score": 2.7 }, "geometry": { "type": "Polygon", "coordinates": [ [ [ 127.7375, 34.4875 ], [ 127.7375, 34.5375 ], [ 127.6875, 34.5375 ], [ 127.6875, 34.4875 ], [ 127.7375, 34.4875 ] ] ] } },
{ "type": "Feature", "properties": { "grad_nT_km": 65.6, "tier": "steep", "score": 1.8 }, "geometry": { "type": "Polygon", "coordinates": [ [ [ 127.7875, 34.4875 ], [ 127.7875, 34.5375 ], [ 127.7375, 34.5375 ], [ 127.7375, 34.4875 ], [ 127.7875, 34.4875 ] ] ] } },
{ "type": "Feature", "properties": { "grad_nT_km": 58.9, "tier": "steep", "score": 2.1 }, "geometry": { "type": "Polygon", "coordinates": [ [ [ 127.8375, 34.4875 ], [ 127.8375, 34.5375 ], [ 127.7875, 34.5375 ], [ 127.7875, 34.4875 ], [ 127.8375, 34.4875 ] ] ] } },
{ "type": "Feature", "properties": { "grad_nT_km": 99.2, "tier": "steep", "score": 1.0 }, "geometry": { "type": "Polygon", "coordinates": [ [ [ 127.9375, 34.4875 ], [ 127.9375, 34.5375 ], [ 127.8875, 34.5375 ], [ 127.8875, 34.4875 ], [ 127.9375, 34.4875 ] ] ] } },
{ "type": "Feature", "properties": { "grad_nT_km": 66.6, "tier": "steep", "score": 1.8 }, "geometry": { "type": "Polygon", "coordinates": [ [ [ 128.0375, 34.4875 ], [ 128.0375, 34.5375 ], [ 127.9875, 34.5375 ], [ 127.9875, 34.4875 ], [ 128.0375, 34.4875 ] ] ] } },
{ "type": "Feature", "properties": { "grad_nT_km": 52.2, "tier": "steep", "score": 2.5 }, "geometry": { "type": "Polygon", "coordinates": [ [ [ 128.1875, 34.4875 ], [ 128.1875, 34.5375 ], [ 128.1375, 34.5375 ], [ 128.1375, 34.4875 ], [ 128.1875, 34.4875 ] ] ] } },
{ "type": "Feature", "properties": { "grad_nT_km": 59.9, "tier": "steep", "score": 2.1 }, "geometry": { "type": "Polygon", "coordinates": [ [ [ 128.2875, 34.4875 ], [ 128.2875, 34.5375 ], [ 128.2375, 34.5375 ], [ 128.2375, 34.4875 ], [ 128.2875, 34.4875 ] ] ] } },
{ "type": "Feature", "properties": { "grad_nT_km": 48.2, "tier": "steep", "score": 2.7 }, "geometry": { "type": "Polygon", "coordinates": [ [ [ 126.1875, 34.5375 ], [ 126.1875, 34.5875 ], [ 126.1375, 34.5875 ], [ 126.1375, 34.5375 ], [ 126.1875, 34.5375 ] ] ] } },
{ "type": "Feature", "properties": { "grad_nT_km": 52.2, "tier": "steep", "score": 2.5 }, "geometry": { "type": "Polygon", "coordinates": [ [ [ 126.3375, 34.5375 ], [ 126.3375, 34.5875 ], [ 126.2875, 34.5875 ], [ 126.2875, 34.5375 ], [ 126.3375, 34.5375 ] ] ] } },
{ "type": "Feature", "properties": { "grad_nT_km": 57.9, "tier": "steep", "score": 2.2 }, "geometry": { "type": "Polygon", "coordinates": [ [ [ 126.8375, 34.5375 ], [ 126.8375, 34.5875 ], [ 126.7875, 34.5875 ], [ 126.7875, 34.5375 ], [ 126.8375, 34.5375 ] ] ] } },
{ "type": "Feature", "properties": { "grad_nT_km": 68.5, "tier": "steep", "score": 1.7 }, "geometry": { "type": "Polygon", "coordinates": [ [ [ 126.8875, 34.5375 ], [ 126.8875, 34.5875 ], [ 126.8375, 34.5875 ], [ 126.8375, 34.5375 ], [ 126.8875, 34.5375 ] ] ] } },
{ "type": "Feature", "properties": { "grad_nT_km": 41.1, "tier": "steep", "score": 3.2 }, "geometry": { "type": "Polygon", "coordinates": [ [ [ 126.9375, 34.5375 ], [ 126.9375, 34.5875 ], [ 126.8875, 34.5875 ], [ 126.8875, 34.5375 ], [ 126.9375, 34.5375 ] ] ] } },
{ "type": "Feature", "properties": { "grad_nT_km": 42.1, "tier": "steep", "score": 3.1 }, "geometry": { "type": "Polygon", "coordinates": [ [ [ 127.0375, 34.5375 ], [ 127.0375, 34.5875 ], [ 126.9875, 34.5875 ], [ 126.9875, 34.5375 ], [ 127.0375, 34.5375 ] ] ] } },
{ "type": "Feature", "properties": { "grad_nT_km": 50.4, "tier": "steep", "score": 2.6 }, "geometry": { "type": "Polygon", "coordinates": [ [ [ 127.2875, 34.5375 ], [ 127.2875, 34.5875 ], [ 127.2375, 34.5875 ], [ 127.2375, 34.5375 ], [ 127.2875, 34.5375 ] ] ] } },
{ "type": "Feature", "properties": { "grad_nT_km": 51.4, "tier": "steep", "score": 2.5 }, "geometry": { "type": "Polygon", "coordinates": [ [ [ 127.3875, 34.5375 ], [ 127.3875, 34.5875 ], [ 127.3375, 34.5875 ], [ 127.3375, 34.5375 ], [ 127.3875, 34.5375 ] ] ] } },
{ "type": "Feature", "properties": { "grad_nT_km": 40.0, "tier": "steep", "score": 3.3 }, "geometry": { "type": "Polygon", "coordinates": [ [ [ 127.5375, 34.5375 ], [ 127.5375, 34.5875 ], [ 127.4875, 34.5875 ], [ 127.4875, 34.5375 ], [ 127.5375, 34.5375 ] ] ] } },
{ "type": "Feature", "properties": { "grad_nT_km": 75.1, "tier": "steep", "score": 1.5 }, "geometry": { "type": "Polygon", "coordinates": [ [ [ 127.6875, 34.5375 ], [ 127.6875, 34.5875 ], [ 127.6375, 34.5875 ], [ 127.6375, 34.5375 ], [ 127.6875, 34.5375 ] ] ] } },
{ "type": "Feature", "properties": { "grad_nT_km": 43.2, "tier": "steep", "score": 3.1 }, "geometry": { "type": "Polygon", "coordinates": [ [ [ 127.7375, 34.5375 ], [ 127.7375, 34.5875 ], [ 127.6875, 34.5875 ], [ 127.6875, 34.5375 ], [ 127.7375, 34.5375 ] ] ] } },
{ "type": "Feature", "properties": { "grad_nT_km": 52.4, "tier": "steep", "score": 2.4 }, "geometry": { "type": "Polygon", "coordinates": [ [ [ 127.8375, 34.5375 ], [ 127.8375, 34.5875 ], [ 127.7875, 34.5875 ], [ 127.7875, 34.5375 ], [ 127.8375, 34.5375 ] ] ] } },
{ "type": "Feature", "properties": { "grad_nT_km": 57.4, "tier": "steep", "score": 2.2 }, "geometry": { "type": "Polygon", "coordinates": [ [ [ 127.9375, 34.5375 ], [ 127.9375, 34.5875 ], [ 127.8875, 34.5875 ], [ 127.8875, 34.5375 ], [ 127.9375, 34.5375 ] ] ] } },
{ "type": "Feature", "properties": { "grad_nT_km": 44.9, "tier": "steep", "score": 2.9 }, "geometry": { "type": "Polygon", "coordinates": [ [ [ 128.0875, 34.5375 ], [ 128.0875, 34.5875 ], [ 128.0375, 34.5875 ], [ 128.0375, 34.5375 ], [ 128.0875, 34.5375 ] ] ] } },
{ "type": "Feature", "properties": { "grad_nT_km": 59.6, "tier": "steep", "score": 2.1 }, "geometry": { "type": "Polygon", "coordinates": [ [ [ 128.1375, 34.5375 ], [ 128.1375, 34.5875 ], [ 128.0875, 34.5875 ], [ 128.0875, 34.5375 ], [ 128.1375, 34.5375 ] ] ] } },
{ "type": "Feature", "properties": { "grad_nT_km": 67.3, "tier": "steep", "score": 1.8 }, "geometry": { "type": "Polygon", "coordinates": [ [ [ 128.1875, 34.5375 ], [ 128.1875, 34.5875 ], [ 128.1375, 34.5875 ], [ 128.1375, 34.5375 ], [ 128.1875, 34.5375 ] ] ] } },
{ "type": "Feature", "properties": { "grad_nT_km": 70.0, "tier": "steep", "score": 1.7 }, "geometry": { "type": "Polygon", "coordinates": [ [ [ 128.2375, 34.5375 ], [ 128.2375, 34.5875 ], [ 128.1875, 34.5875 ], [ 128.1875, 34.5375 ], [ 128.2375, 34.5375 ] ] ] } },
{ "type": "Feature", "properties": { "grad_nT_km": 61.3, "tier": "steep", "score": 2.0 }, "geometry": { "type": "Polygon", "coordinates": [ [ [ 128.2875, 34.5375 ], [ 128.2875, 34.5875 ], [ 128.2375, 34.5875 ], [ 128.2375, 34.5375 ], [ 128.2875, 34.5375 ] ] ] } },
{ "type": "Feature", "properties": { "grad_nT_km": 99.6, "tier": "steep", "score": 1.0 }, "geometry": { "type": "Polygon", "coordinates": [ [ [ 125.8375, 34.5875 ], [ 125.8375, 34.6375 ], [ 125.7875, 34.6375 ], [ 125.7875, 34.5875 ], [ 125.8375, 34.5875 ] ] ] } },
{ "type": "Feature", "properties": { "grad_nT_km": 50.1, "tier": "steep", "score": 2.6 }, "geometry": { "type": "Polygon", "coordinates": [ [ [ 125.9375, 34.5875 ], [ 125.9375, 34.6375 ], [ 125.8875, 34.6375 ], [ 125.8875, 34.5875 ], [ 125.9375, 34.5875 ] ] ] } },
{ "type": "Feature", "properties": { "grad_nT_km": 64.5, "tier": "steep", "score": 1.9 }, "geometry": { "type": "Polygon", "coordinates": [ [ [ 126.0375, 34.5875 ], [ 126.0375, 34.6375 ], [ 125.9875, 34.6375 ], [ 125.9875, 34.5875 ], [ 126.0375, 34.5875 ] ] ] } },
{ "type": "Feature", "properties": { "grad_nT_km": 50.0, "tier": "steep", "score": 2.6 }, "geometry": { "type": "Polygon", "coordinates": [ [ [ 126.1875, 34.5875 ], [ 126.1875, 34.6375 ], [ 126.1375, 34.6375 ], [ 126.1375, 34.5875 ], [ 126.1875, 34.5875 ] ] ] } },
{ "type": "Feature", "properties": { "grad_nT_km": 40.8, "tier": "steep", "score": 3.2 }, "geometry": { "type": "Polygon", "coordinates": [ [ [ 126.4375, 34.5875 ], [ 126.4375, 34.6375 ], [ 126.3875, 34.6375 ], [ 126.3875, 34.5875 ], [ 126.4375, 34.5875 ] ] ] } },
{ "type": "Feature", "properties": { "grad_nT_km": 57.8, "tier": "steep", "score": 2.2 }, "geometry": { "type": "Polygon", "coordinates": [ [ [ 126.5875, 34.5875 ], [ 126.5875, 34.6375 ], [ 126.5375, 34.6375 ], [ 126.5375, 34.5875 ], [ 126.5875, 34.5875 ] ] ] } },
{ "type": "Feature", "properties": { "grad_nT_km": 69.0, "tier": "steep", "score": 1.7 }, "geometry": { "type": "Polygon", "coordinates": [ [ [ 126.6375, 34.5875 ], [ 126.6375, 34.6375 ], [ 126.5875, 34.6375 ], [ 126.5875, 34.5875 ], [ 126.6375, 34.5875 ] ] ] } },
{ "type": "Feature", "properties": { "grad_nT_km": 60.3, "tier": "steep", "score": 2.1 }, "geometry": { "type": "Polygon", "coordinates": [ [ [ 126.6875, 34.5875 ], [ 126.6875, 34.6375 ], [ 126.6375, 34.6375 ], [ 126.6375, 34.5875 ], [ 126.6875, 34.5875 ] ] ] } },
{ "type": "Feature", "properties": { "grad_nT_km": 47.2, "tier": "steep", "score": 2.8 }, "geometry": { "type": "Polygon", "coordinates": [ [ [ 126.8875, 34.5875 ], [ 126.8875, 34.6375 ], [ 126.8375, 34.6375 ], [ 126.8375, 34.5875 ], [ 126.8875, 34.5875 ] ] ] } },
{ "type": "Feature", "properties": { "grad_nT_km": 42.1, "tier": "steep", "score": 3.1 }, "geometry": { "type": "Polygon", "coordinates": [ [ [ 126.9375, 34.5875 ], [ 126.9375, 34.6375 ], [ 126.8875, 34.6375 ], [ 126.8875, 34.5875 ], [ 126.9375, 34.5875 ] ] ] } },
{ "type": "Feature", "properties": { "grad_nT_km": 78.6, "tier": "steep", "score": 1.4 }, "geometry": { "type": "Polygon", "coordinates": [ [ [ 126.9875, 34.5875 ], [ 126.9875, 34.6375 ], [ 126.9375, 34.6375 ], [ 126.9375, 34.5875 ], [ 126.9875, 34.5875 ] ] ] } },
{ "type": "Feature", "properties": { "grad_nT_km": 62.4, "tier": "steep", "score": 2.0 }, "geometry": { "type": "Polygon", "coordinates": [ [ [ 127.0375, 34.5875 ], [ 127.0375, 34.6375 ], [ 126.9875, 34.6375 ], [ 126.9875, 34.5875 ], [ 127.0375, 34.5875 ] ] ] } },
{ "type": "Feature", "properties": { "grad_nT_km": 41.0, "tier": "steep", "score": 3.2 }, "geometry": { "type": "Polygon", "coordinates": [ [ [ 127.2875, 34.5875 ], [ 127.2875, 34.6375 ], [ 127.2375, 34.6375 ], [ 127.2375, 34.5875 ], [ 127.2875, 34.5875 ] ] ] } },
{ "type": "Feature", "properties": { "grad_nT_km": 45.7, "tier": "steep", "score": 2.9 }, "geometry": { "type": "Polygon", "coordinates": [ [ [ 127.3375, 34.5875 ], [ 127.3375, 34.6375 ], [ 127.2875, 34.6375 ], [ 127.2875, 34.5875 ], [ 127.3375, 34.5875 ] ] ] } },
{ "type": "Feature", "properties": { "grad_nT_km": 64.3, "tier": "steep", "score": 1.9 }, "geometry": { "type": "Polygon", "coordinates": [ [ [ 127.3875, 34.5875 ], [ 127.3875, 34.6375 ], [ 127.3375, 34.6375 ], [ 127.3375, 34.5875 ], [ 127.3875, 34.5875 ] ] ] } },
{ "type": "Feature", "properties": { "grad_nT_km": 70.5, "tier": "steep", "score": 1.7 }, "geometry": { "type": "Polygon", "coordinates": [ [ [ 127.4375, 34.5875 ], [ 127.4375, 34.6375 ], [ 127.3875, 34.6375 ], [ 127.3875, 34.5875 ], [ 127.4375, 34.5875 ] ] ] } },
{ "type": "Feature", "properties": { "grad_nT_km": 62.7, "tier": "steep", "score": 2.0 }, "geometry": { "type": "Polygon", "coordinates": [ [ [ 127.4875, 34.5875 ], [ 127.4875, 34.6375 ], [ 127.4375, 34.6375 ], [ 127.4375, 34.5875 ], [ 127.4875, 34.5875 ] ] ] } },
{ "type": "Feature", "properties": { "grad_nT_km": 54.0, "tier": "steep", "score": 2.4 }, "geometry": { "type": "Polygon", "coordinates": [ [ [ 127.7875, 34.5875 ], [ 127.7875, 34.6375 ], [ 127.7375, 34.6375 ], [ 127.7375, 34.5875 ], [ 127.7875, 34.5875 ] ] ] } },
{ "type": "Feature", "properties": { "grad_nT_km": 44.5, "tier": "steep", "score": 3.0 }, "geometry": { "type": "Polygon", "coordinates": [ [ [ 127.8375, 34.5875 ], [ 127.8375, 34.6375 ], [ 127.7875, 34.6375 ], [ 127.7875, 34.5875 ], [ 127.8375, 34.5875 ] ] ] } },
{ "type": "Feature", "properties": { "grad_nT_km": 51.6, "tier": "steep", "score": 2.5 }, "geometry": { "type": "Polygon", "coordinates": [ [ [ 127.8875, 34.5875 ], [ 127.8875, 34.6375 ], [ 127.8375, 34.6375 ], [ 127.8375, 34.5875 ], [ 127.8875, 34.5875 ] ] ] } },
{ "type": "Feature", "properties": { "grad_nT_km": 55.6, "tier": "steep", "score": 2.3 }, "geometry": { "type": "Polygon", "coordinates": [ [ [ 128.0875, 34.5875 ], [ 128.0875, 34.6375 ], [ 128.0375, 34.6375 ], [ 128.0375, 34.5875 ], [ 128.0875, 34.5875 ] ] ] } },
{ "type": "Feature", "properties": { "grad_nT_km": 72.4, "tier": "steep", "score": 1.6 }, "geometry": { "type": "Polygon", "coordinates": [ [ [ 128.1375, 34.5875 ], [ 128.1375, 34.6375 ], [ 128.0875, 34.6375 ], [ 128.0875, 34.5875 ], [ 128.1375, 34.5875 ] ] ] } },
{ "type": "Feature", "properties": { "grad_nT_km": 59.5, "tier": "steep", "score": 2.1 }, "geometry": { "type": "Polygon", "coordinates": [ [ [ 128.1875, 34.5875 ], [ 128.1875, 34.6375 ], [ 128.1375, 34.6375 ], [ 128.1375, 34.5875 ], [ 128.1875, 34.5875 ] ] ] } },
{ "type": "Feature", "properties": { "grad_nT_km": 54.4, "tier": "steep", "score": 2.3 }, "geometry": { "type": "Polygon", "coordinates": [ [ [ 128.2375, 34.5875 ], [ 128.2375, 34.6375 ], [ 128.1875, 34.6375 ], [ 128.1875, 34.5875 ], [ 128.2375, 34.5875 ] ] ] } },
{ "type": "Feature", "properties": { "grad_nT_km": 42.6, "tier": "steep", "score": 3.1 }, "geometry": { "type": "Polygon", "coordinates": [ [ [ 128.2875, 34.5875 ], [ 128.2875, 34.6375 ], [ 128.2375, 34.6375 ], [ 128.2375, 34.5875 ], [ 128.2875, 34.5875 ] ] ] } },
{ "type": "Feature", "properties": { "grad_nT_km": 51.4, "tier": "steep", "score": 2.5 }, "geometry": { "type": "Polygon", "coordinates": [ [ [ 128.3875, 34.5875 ], [ 128.3875, 34.6375 ], [ 128.3375, 34.6375 ], [ 128.3375, 34.5875 ], [ 128.3875, 34.5875 ] ] ] } },
{ "type": "Feature", "properties": { "grad_nT_km": 64.4, "tier": "steep", "score": 1.9 }, "geometry": { "type": "Polygon", "coordinates": [ [ [ 128.6375, 34.5875 ], [ 128.6375, 34.6375 ], [ 128.5875, 34.6375 ], [ 128.5875, 34.5875 ], [ 128.6375, 34.5875 ] ] ] } },
{ "type": "Feature", "properties": { "grad_nT_km": 56.4, "tier": "steep", "score": 2.2 }, "geometry": { "type": "Polygon", "coordinates": [ [ [ 128.6875, 34.5875 ], [ 128.6875, 34.6375 ], [ 128.6375, 34.6375 ], [ 128.6375, 34.5875 ], [ 128.6875, 34.5875 ] ] ] } },
{ "type": "Feature", "properties": { "grad_nT_km": 52.7, "tier": "steep", "score": 2.4 }, "geometry": { "type": "Polygon", "coordinates": [ [ [ 125.9375, 34.6375 ], [ 125.9375, 34.6875 ], [ 125.8875, 34.6875 ], [ 125.8875, 34.6375 ], [ 125.9375, 34.6375 ] ] ] } },
{ "type": "Feature", "properties": { "grad_nT_km": 52.7, "tier": "steep", "score": 2.4 }, "geometry": { "type": "Polygon", "coordinates": [ [ [ 125.9875, 34.6375 ], [ 125.9875, 34.6875 ], [ 125.9375, 34.6875 ], [ 125.9375, 34.6375 ], [ 125.9875, 34.6375 ] ] ] } },
{ "type": "Feature", "properties": { "grad_nT_km": 66.8, "tier": "steep", "score": 1.8 }, "geometry": { "type": "Polygon", "coordinates": [ [ [ 126.0375, 34.6375 ], [ 126.0375, 34.6875 ], [ 125.9875, 34.6875 ], [ 125.9875, 34.6375 ], [ 126.0375, 34.6375 ] ] ] } },
{ "type": "Feature", "properties": { "grad_nT_km": 55.4, "tier": "steep", "score": 2.3 }, "geometry": { "type": "Polygon", "coordinates": [ [ [ 126.0875, 34.6375 ], [ 126.0875, 34.6875 ], [ 126.0375, 34.6875 ], [ 126.0375, 34.6375 ], [ 126.0875, 34.6375 ] ] ] } },
{ "type": "Feature", "properties": { "grad_nT_km": 68.6, "tier": "steep", "score": 1.7 }, "geometry": { "type": "Polygon", "coordinates": [ [ [ 126.2375, 34.6375 ], [ 126.2375, 34.6875 ], [ 126.1875, 34.6875 ], [ 126.1875, 34.6375 ], [ 126.2375, 34.6375 ] ] ] } },
{ "type": "Feature", "properties": { "grad_nT_km": 78.4, "tier": "steep", "score": 1.4 }, "geometry": { "type": "Polygon", "coordinates": [ [ [ 126.3375, 34.6375 ], [ 126.3375, 34.6875 ], [ 126.2875, 34.6875 ], [ 126.2875, 34.6375 ], [ 126.3375, 34.6375 ] ] ] } },
{ "type": "Feature", "properties": { "grad_nT_km": 79.4, "tier": "steep", "score": 1.4 }, "geometry": { "type": "Polygon", "coordinates": [ [ [ 126.3875, 34.6375 ], [ 126.3875, 34.6875 ], [ 126.3375, 34.6875 ], [ 126.3375, 34.6375 ], [ 126.3875, 34.6375 ] ] ] } },
{ "type": "Feature", "properties": { "grad_nT_km": 52.8, "tier": "steep", "score": 2.4 }, "geometry": { "type": "Polygon", "coordinates": [ [ [ 126.4375, 34.6375 ], [ 126.4375, 34.6875 ], [ 126.3875, 34.6875 ], [ 126.3875, 34.6375 ], [ 126.4375, 34.6375 ] ] ] } },
{ "type": "Feature", "properties": { "grad_nT_km": 67.9, "tier": "steep", "score": 1.8 }, "geometry": { "type": "Polygon", "coordinates": [ [ [ 126.5875, 34.6375 ], [ 126.5875, 34.6875 ], [ 126.5375, 34.6875 ], [ 126.5375, 34.6375 ], [ 126.5875, 34.6375 ] ] ] } },
{ "type": "Feature", "properties": { "grad_nT_km": 83.2, "tier": "steep", "score": 1.3 }, "geometry": { "type": "Polygon", "coordinates": [ [ [ 126.6375, 34.6375 ], [ 126.6375, 34.6875 ], [ 126.5875, 34.6875 ], [ 126.5875, 34.6375 ], [ 126.6375, 34.6375 ] ] ] } },
{ "type": "Feature", "properties": { "grad_nT_km": 50.0, "tier": "steep", "score": 2.6 }, "geometry": { "type": "Polygon", "coordinates": [ [ [ 126.7375, 34.6375 ], [ 126.7375, 34.6875 ], [ 126.6875, 34.6875 ], [ 126.6875, 34.6375 ], [ 126.7375, 34.6375 ] ] ] } },
{ "type": "Feature", "properties": { "grad_nT_km": 40.6, "tier": "steep", "score": 3.3 }, "geometry": { "type": "Polygon", "coordinates": [ [ [ 126.8875, 34.6375 ], [ 126.8875, 34.6875 ], [ 126.8375, 34.6875 ], [ 126.8375, 34.6375 ], [ 126.8875, 34.6375 ] ] ] } },
{ "type": "Feature", "properties": { "grad_nT_km": 69.3, "tier": "steep", "score": 1.7 }, "geometry": { "type": "Polygon", "coordinates": [ [ [ 126.9375, 34.6375 ], [ 126.9375, 34.6875 ], [ 126.8875, 34.6875 ], [ 126.8875, 34.6375 ], [ 126.9375, 34.6375 ] ] ] } },
{ "type": "Feature", "properties": { "grad_nT_km": 47.1, "tier": "steep", "score": 2.8 }, "geometry": { "type": "Polygon", "coordinates": [ [ [ 127.3375, 34.6375 ], [ 127.3375, 34.6875 ], [ 127.2875, 34.6875 ], [ 127.2875, 34.6375 ], [ 127.3375, 34.6375 ] ] ] } },
{ "type": "Feature", "properties": { "grad_nT_km": 79.6, "tier": "steep", "score": 1.4 }, "geometry": { "type": "Polygon", "coordinates": [ [ [ 127.3875, 34.6375 ], [ 127.3875, 34.6875 ], [ 127.3375, 34.6875 ], [ 127.3375, 34.6375 ], [ 127.3875, 34.6375 ] ] ] } },
{ "type": "Feature", "properties": { "grad_nT_km": 49.6, "tier": "steep", "score": 2.6 }, "geometry": { "type": "Polygon", "coordinates": [ [ [ 127.4375, 34.6375 ], [ 127.4375, 34.6875 ], [ 127.3875, 34.6875 ], [ 127.3875, 34.6375 ], [ 127.4375, 34.6375 ] ] ] } },
{ "type": "Feature", "properties": { "grad_nT_km": 47.3, "tier": "steep", "score": 2.8 }, "geometry": { "type": "Polygon", "coordinates": [ [ [ 127.4875, 34.6375 ], [ 127.4875, 34.6875 ], [ 127.4375, 34.6875 ], [ 127.4375, 34.6375 ], [ 127.4875, 34.6375 ] ] ] } },
{ "type": "Feature", "properties": { "grad_nT_km": 73.4, "tier": "steep", "score": 1.6 }, "geometry": { "type": "Polygon", "coordinates": [ [ [ 127.7375, 34.6375 ], [ 127.7375, 34.6875 ], [ 127.6875, 34.6875 ], [ 127.6875, 34.6375 ], [ 127.7375, 34.6375 ] ] ] } },
{ "type": "Feature", "properties": { "grad_nT_km": 49.9, "tier": "steep", "score": 2.6 }, "geometry": { "type": "Polygon", "coordinates": [ [ [ 127.8375, 34.6375 ], [ 127.8375, 34.6875 ], [ 127.7875, 34.6875 ], [ 127.7875, 34.6375 ], [ 127.8375, 34.6375 ] ] ] } },
{ "type": "Feature", "properties": { "grad_nT_km": 79.6, "tier": "steep", "score": 1.4 }, "geometry": { "type": "Polygon", "coordinates": [ [ [ 128.0875, 34.6375 ], [ 128.0875, 34.6875 ], [ 128.0375, 34.6875 ], [ 128.0375, 34.6375 ], [ 128.0875, 34.6375 ] ] ] } },
{ "type": "Feature", "properties": { "grad_nT_km": 55.6, "tier": "steep", "score": 2.3 }, "geometry": { "type": "Polygon", "coordinates": [ [ [ 128.1875, 34.6375 ], [ 128.1875, 34.6875 ], [ 128.1375, 34.6875 ], [ 128.1375, 34.6375 ], [ 128.1875, 34.6375 ] ] ] } },
{ "type": "Feature", "properties": { "grad_nT_km": 62.5, "tier": "steep", "score": 2.0 }, "geometry": { "type": "Polygon", "coordinates": [ [ [ 128.2375, 34.6375 ], [ 128.2375, 34.6875 ], [ 128.1875, 34.6875 ], [ 128.1875, 34.6375 ], [ 128.2375, 34.6375 ] ] ] } },
{ "type": "Feature", "properties": { "grad_nT_km": 56.4, "tier": "steep", "score": 2.2 }, "geometry": { "type": "Polygon", "coordinates": [ [ [ 128.2875, 34.6375 ], [ 128.2875, 34.6875 ], [ 128.2375, 34.6875 ], [ 128.2375, 34.6375 ], [ 128.2875, 34.6375 ] ] ] } },
{ "type": "Feature", "properties": { "grad_nT_km": 59.8, "tier": "steep", "score": 2.1 }, "geometry": { "type": "Polygon", "coordinates": [ [ [ 128.3875, 34.6375 ], [ 128.3875, 34.6875 ], [ 128.3375, 34.6875 ], [ 128.3375, 34.6375 ], [ 128.3875, 34.6375 ] ] ] } },
{ "type": "Feature", "properties": { "grad_nT_km": 83.0, "tier": "steep", "score": 1.3 }, "geometry": { "type": "Polygon", "coordinates": [ [ [ 128.4375, 34.6375 ], [ 128.4375, 34.6875 ], [ 128.3875, 34.6875 ], [ 128.3875, 34.6375 ], [ 128.4375, 34.6375 ] ] ] } },
{ "type": "Feature", "properties": { "grad_nT_km": 43.3, "tier": "steep", "score": 3.0 }, "geometry": { "type": "Polygon", "coordinates": [ [ [ 128.5375, 34.6375 ], [ 128.5375, 34.6875 ], [ 128.4875, 34.6875 ], [ 128.4875, 34.6375 ], [ 128.5375, 34.6375 ] ] ] } },
{ "type": "Feature", "properties": { "grad_nT_km": 53.8, "tier": "steep", "score": 2.4 }, "geometry": { "type": "Polygon", "coordinates": [ [ [ 128.5875, 34.6375 ], [ 128.5875, 34.6875 ], [ 128.5375, 34.6875 ], [ 128.5375, 34.6375 ], [ 128.5875, 34.6375 ] ] ] } },
{ "type": "Feature", "properties": { "grad_nT_km": 48.1, "tier": "steep", "score": 2.7 }, "geometry": { "type": "Polygon", "coordinates": [ [ [ 128.6375, 34.6375 ], [ 128.6375, 34.6875 ], [ 128.5875, 34.6875 ], [ 128.5875, 34.6375 ], [ 128.6375, 34.6375 ] ] ] } },
{ "type": "Feature", "properties": { "grad_nT_km": 43.2, "tier": "steep", "score": 3.1 }, "geometry": { "type": "Polygon", "coordinates": [ [ [ 125.9875, 34.6875 ], [ 125.9875, 34.7375 ], [ 125.9375, 34.7375 ], [ 125.9375, 34.6875 ], [ 125.9875, 34.6875 ] ] ] } },
{ "type": "Feature", "properties": { "grad_nT_km": 57.4, "tier": "steep", "score": 2.2 }, "geometry": { "type": "Polygon", "coordinates": [ [ [ 126.0375, 34.6875 ], [ 126.0375, 34.7375 ], [ 125.9875, 34.7375 ], [ 125.9875, 34.6875 ], [ 126.0375, 34.6875 ] ] ] } },
{ "type": "Feature", "properties": { "grad_nT_km": 57.8, "tier": "steep", "score": 2.2 }, "geometry": { "type": "Polygon", "coordinates": [ [ [ 126.0875, 34.6875 ], [ 126.0875, 34.7375 ], [ 126.0375, 34.7375 ], [ 126.0375, 34.6875 ], [ 126.0875, 34.6875 ] ] ] } },
{ "type": "Feature", "properties": { "grad_nT_km": 47.2, "tier": "steep", "score": 2.8 }, "geometry": { "type": "Polygon", "coordinates": [ [ [ 126.1375, 34.6875 ], [ 126.1375, 34.7375 ], [ 126.0875, 34.7375 ], [ 126.0875, 34.6875 ], [ 126.1375, 34.6875 ] ] ] } },
{ "type": "Feature", "properties": { "grad_nT_km": 43.2, "tier": "steep", "score": 3.1 }, "geometry": { "type": "Polygon", "coordinates": [ [ [ 126.2375, 34.6875 ], [ 126.2375, 34.7375 ], [ 126.1875, 34.7375 ], [ 126.1875, 34.6875 ], [ 126.2375, 34.6875 ] ] ] } },
{ "type": "Feature", "properties": { "grad_nT_km": 74.5, "tier": "steep", "score": 1.6 }, "geometry": { "type": "Polygon", "coordinates": [ [ [ 126.3375, 34.6875 ], [ 126.3375, 34.7375 ], [ 126.2875, 34.7375 ], [ 126.2875, 34.6875 ], [ 126.3375, 34.6875 ] ] ] } },
{ "type": "Feature", "properties": { "grad_nT_km": 56.4, "tier": "steep", "score": 2.2 }, "geometry": { "type": "Polygon", "coordinates": [ [ [ 126.7375, 34.6875 ], [ 126.7375, 34.7375 ], [ 126.6875, 34.7375 ], [ 126.6875, 34.6875 ], [ 126.7375, 34.6875 ] ] ] } },
{ "type": "Feature", "properties": { "grad_nT_km": 47.1, "tier": "steep", "score": 2.8 }, "geometry": { "type": "Polygon", "coordinates": [ [ [ 126.9875, 34.6875 ], [ 126.9875, 34.7375 ], [ 126.9375, 34.7375 ], [ 126.9375, 34.6875 ], [ 126.9875, 34.6875 ] ] ] } },
{ "type": "Feature", "properties": { "grad_nT_km": 49.4, "tier": "steep", "score": 2.6 }, "geometry": { "type": "Polygon", "coordinates": [ [ [ 127.1875, 34.6875 ], [ 127.1875, 34.7375 ], [ 127.1375, 34.7375 ], [ 127.1375, 34.6875 ], [ 127.1875, 34.6875 ] ] ] } },
{ "type": "Feature", "properties": { "grad_nT_km": 50.0, "tier": "steep", "score": 2.6 }, "geometry": { "type": "Polygon", "coordinates": [ [ [ 127.3875, 34.6875 ], [ 127.3875, 34.7375 ], [ 127.3375, 34.7375 ], [ 127.3375, 34.6875 ], [ 127.3875, 34.6875 ] ] ] } },
{ "type": "Feature", "properties": { "grad_nT_km": 44.9, "tier": "steep", "score": 2.9 }, "geometry": { "type": "Polygon", "coordinates": [ [ [ 127.4375, 34.6875 ], [ 127.4375, 34.7375 ], [ 127.3875, 34.7375 ], [ 127.3875, 34.6875 ], [ 127.4375, 34.6875 ] ] ] } },
{ "type": "Feature", "properties": { "grad_nT_km": 48.4, "tier": "steep", "score": 2.7 }, "geometry": { "type": "Polygon", "coordinates": [ [ [ 127.6875, 34.6875 ], [ 127.6875, 34.7375 ], [ 127.6375, 34.7375 ], [ 127.6375, 34.6875 ], [ 127.6875, 34.6875 ] ] ] } },
{ "type": "Feature", "properties": { "grad_nT_km": 42.3, "tier": "steep", "score": 3.1 }, "geometry": { "type": "Polygon", "coordinates": [ [ [ 127.7375, 34.6875 ], [ 127.7375, 34.7375 ], [ 127.6875, 34.7375 ], [ 127.6875, 34.6875 ], [ 127.7375, 34.6875 ] ] ] } },
{ "type": "Feature", "properties": { "grad_nT_km": 68.5, "tier": "steep", "score": 1.7 }, "geometry": { "type": "Polygon", "coordinates": [ [ [ 127.7875, 34.6875 ], [ 127.7875, 34.7375 ], [ 127.7375, 34.7375 ], [ 127.7375, 34.6875 ], [ 127.7875, 34.6875 ] ] ] } },
{ "type": "Feature", "properties": { "grad_nT_km": 76.1, "tier": "steep", "score": 1.5 }, "geometry": { "type": "Polygon", "coordinates": [ [ [ 127.8875, 34.6875 ], [ 127.8875, 34.7375 ], [ 127.8375, 34.7375 ], [ 127.8375, 34.6875 ], [ 127.8875, 34.6875 ] ] ] } },
{ "type": "Feature", "properties": { "grad_nT_km": 92.3, "tier": "steep", "score": 1.1 }, "geometry": { "type": "Polygon", "coordinates": [ [ [ 127.9375, 34.6875 ], [ 127.9375, 34.7375 ], [ 127.8875, 34.7375 ], [ 127.8875, 34.6875 ], [ 127.9375, 34.6875 ] ] ] } },
{ "type": "Feature", "properties": { "grad_nT_km": 74.3, "tier": "steep", "score": 1.6 }, "geometry": { "type": "Polygon", "coordinates": [ [ [ 128.1875, 34.6875 ], [ 128.1875, 34.7375 ], [ 128.1375, 34.7375 ], [ 128.1375, 34.6875 ], [ 128.1875, 34.6875 ] ] ] } },
{ "type": "Feature", "properties": { "grad_nT_km": 91.6, "tier": "steep", "score": 1.2 }, "geometry": { "type": "Polygon", "coordinates": [ [ [ 128.2375, 34.6875 ], [ 128.2375, 34.7375 ], [ 128.1875, 34.7375 ], [ 128.1875, 34.6875 ], [ 128.2375, 34.6875 ] ] ] } },
{ "type": "Feature", "properties": { "grad_nT_km": 70.4, "tier": "steep", "score": 1.7 }, "geometry": { "type": "Polygon", "coordinates": [ [ [ 128.2875, 34.6875 ], [ 128.2875, 34.7375 ], [ 128.2375, 34.7375 ], [ 128.2375, 34.6875 ], [ 128.2875, 34.6875 ] ] ] } },
{ "type": "Feature", "properties": { "grad_nT_km": 98.0, "tier": "steep", "score": 1.0 }, "geometry": { "type": "Polygon", "coordinates": [ [ [ 128.3375, 34.6875 ], [ 128.3375, 34.7375 ], [ 128.2875, 34.7375 ], [ 128.2875, 34.6875 ], [ 128.3375, 34.6875 ] ] ] } },
{ "type": "Feature", "properties": { "grad_nT_km": 42.3, "tier": "steep", "score": 3.1 }, "geometry": { "type": "Polygon", "coordinates": [ [ [ 128.3875, 34.6875 ], [ 128.3875, 34.7375 ], [ 128.3375, 34.7375 ], [ 128.3375, 34.6875 ], [ 128.3875, 34.6875 ] ] ] } },
{ "type": "Feature", "properties": { "grad_nT_km": 88.1, "tier": "steep", "score": 1.2 }, "geometry": { "type": "Polygon", "coordinates": [ [ [ 128.4375, 34.6875 ], [ 128.4375, 34.7375 ], [ 128.3875, 34.7375 ], [ 128.3875, 34.6875 ], [ 128.4375, 34.6875 ] ] ] } },
{ "type": "Feature", "properties": { "grad_nT_km": 48.8, "tier": "steep", "score": 2.7 }, "geometry": { "type": "Polygon", "coordinates": [ [ [ 128.6375, 34.6875 ], [ 128.6375, 34.7375 ], [ 128.5875, 34.7375 ], [ 128.5875, 34.6875 ], [ 128.6375, 34.6875 ] ] ] } },
{ "type": "Feature", "properties": { "grad_nT_km": 51.3, "tier": "steep", "score": 2.5 }, "geometry": { "type": "Polygon", "coordinates": [ [ [ 125.8375, 34.7375 ], [ 125.8375, 34.7875 ], [ 125.7875, 34.7875 ], [ 125.7875, 34.7375 ], [ 125.8375, 34.7375 ] ] ] } },
{ "type": "Feature", "properties": { "grad_nT_km": 40.4, "tier": "steep", "score": 3.3 }, "geometry": { "type": "Polygon", "coordinates": [ [ [ 125.9375, 34.7375 ], [ 125.9375, 34.7875 ], [ 125.8875, 34.7875 ], [ 125.8875, 34.7375 ], [ 125.9375, 34.7375 ] ] ] } },
{ "type": "Feature", "properties": { "grad_nT_km": 61.1, "tier": "steep", "score": 2.0 }, "geometry": { "type": "Polygon", "coordinates": [ [ [ 126.0875, 34.7375 ], [ 126.0875, 34.7875 ], [ 126.0375, 34.7875 ], [ 126.0375, 34.7375 ], [ 126.0875, 34.7375 ] ] ] } },
{ "type": "Feature", "properties": { "grad_nT_km": 79.0, "tier": "steep", "score": 1.4 }, "geometry": { "type": "Polygon", "coordinates": [ [ [ 126.1375, 34.7375 ], [ 126.1375, 34.7875 ], [ 126.0875, 34.7875 ], [ 126.0875, 34.7375 ], [ 126.1375, 34.7375 ] ] ] } },
{ "type": "Feature", "properties": { "grad_nT_km": 52.4, "tier": "steep", "score": 2.4 }, "geometry": { "type": "Polygon", "coordinates": [ [ [ 126.1875, 34.7375 ], [ 126.1875, 34.7875 ], [ 126.1375, 34.7875 ], [ 126.1375, 34.7375 ], [ 126.1875, 34.7375 ] ] ] } },
{ "type": "Feature", "properties": { "grad_nT_km": 46.9, "tier": "steep", "score": 2.8 }, "geometry": { "type": "Polygon", "coordinates": [ [ [ 126.4375, 34.7375 ], [ 126.4375, 34.7875 ], [ 126.3875, 34.7875 ], [ 126.3875, 34.7375 ], [ 126.4375, 34.7375 ] ] ] } },
{ "type": "Feature", "properties": { "grad_nT_km": 45.9, "tier": "steep", "score": 2.9 }, "geometry": { "type": "Polygon", "coordinates": [ [ [ 126.5875, 34.7375 ], [ 126.5875, 34.7875 ], [ 126.5375, 34.7875 ], [ 126.5375, 34.7375 ], [ 126.5875, 34.7375 ] ] ] } },
{ "type": "Feature", "properties": { "grad_nT_km": 44.3, "tier": "steep", "score": 3.0 }, "geometry": { "type": "Polygon", "coordinates": [ [ [ 126.6375, 34.7375 ], [ 126.6375, 34.7875 ], [ 126.5875, 34.7875 ], [ 126.5875, 34.7375 ], [ 126.6375, 34.7375 ] ] ] } },
{ "type": "Feature", "properties": { "grad_nT_km": 42.6, "tier": "steep", "score": 3.1 }, "geometry": { "type": "Polygon", "coordinates": [ [ [ 127.3875, 34.7375 ], [ 127.3875, 34.7875 ], [ 127.3375, 34.7875 ], [ 127.3375, 34.7375 ], [ 127.3875, 34.7375 ] ] ] } },
{ "type": "Feature", "properties": { "grad_nT_km": 52.2, "tier": "steep", "score": 2.5 }, "geometry": { "type": "Polygon", "coordinates": [ [ [ 127.4375, 34.7375 ], [ 127.4375, 34.7875 ], [ 127.3875, 34.7875 ], [ 127.3875, 34.7375 ], [ 127.4375, 34.7375 ] ] ] } },
{ "type": "Feature", "properties": { "grad_nT_km": 69.2, "tier": "steep", "score": 1.7 }, "geometry": { "type": "Polygon", "coordinates": [ [ [ 127.6875, 34.7375 ], [ 127.6875, 34.7875 ], [ 127.6375, 34.7875 ], [ 127.6375, 34.7375 ], [ 127.6875, 34.7375 ] ] ] } },
{ "type": "Feature", "properties": { "grad_nT_km": 64.5, "tier": "steep", "score": 1.9 }, "geometry": { "type": "Polygon", "coordinates": [ [ [ 127.7375, 34.7375 ], [ 127.7375, 34.7875 ], [ 127.6875, 34.7875 ], [ 127.6875, 34.7375 ], [ 127.7375, 34.7375 ] ] ] } },
{ "type": "Feature", "properties": { "grad_nT_km": 81.1, "tier": "steep", "score": 1.4 }, "geometry": { "type": "Polygon", "coordinates": [ [ [ 127.9375, 34.7375 ], [ 127.9375, 34.7875 ], [ 127.8875, 34.7875 ], [ 127.8875, 34.7375 ], [ 127.9375, 34.7375 ] ] ] } },
{ "type": "Feature", "properties": { "grad_nT_km": 41.7, "tier": "steep", "score": 3.2 }, "geometry": { "type": "Polygon", "coordinates": [ [ [ 128.1875, 34.7375 ], [ 128.1875, 34.7875 ], [ 128.1375, 34.7875 ], [ 128.1375, 34.7375 ], [ 128.1875, 34.7375 ] ] ] } },
{ "type": "Feature", "properties": { "grad_nT_km": 66.2, "tier": "steep", "score": 1.8 }, "geometry": { "type": "Polygon", "coordinates": [ [ [ 128.2375, 34.7375 ], [ 128.2375, 34.7875 ], [ 128.1875, 34.7875 ], [ 128.1875, 34.7375 ], [ 128.2375, 34.7375 ] ] ] } },
{ "type": "Feature", "properties": { "grad_nT_km": 63.6, "tier": "steep", "score": 1.9 }, "geometry": { "type": "Polygon", "coordinates": [ [ [ 128.3375, 34.7375 ], [ 128.3375, 34.7875 ], [ 128.2875, 34.7875 ], [ 128.2875, 34.7375 ], [ 128.3375, 34.7375 ] ] ] } },
{ "type": "Feature", "properties": { "grad_nT_km": 68.5, "tier": "steep", "score": 1.7 }, "geometry": { "type": "Polygon", "coordinates": [ [ [ 128.3875, 34.7375 ], [ 128.3875, 34.7875 ], [ 128.3375, 34.7875 ], [ 128.3375, 34.7375 ], [ 128.3875, 34.7375 ] ] ] } },
{ "type": "Feature", "properties": { "grad_nT_km": 97.3, "tier": "steep", "score": 1.1 }, "geometry": { "type": "Polygon", "coordinates": [ [ [ 128.4375, 34.7375 ], [ 128.4375, 34.7875 ], [ 128.3875, 34.7875 ], [ 128.3875, 34.7375 ], [ 128.4375, 34.7375 ] ] ] } },
{ "type": "Feature", "properties": { "grad_nT_km": 55.4, "tier": "steep", "score": 2.3 }, "geometry": { "type": "Polygon", "coordinates": [ [ [ 128.4875, 34.7375 ], [ 128.4875, 34.7875 ], [ 128.4375, 34.7875 ], [ 128.4375, 34.7375 ], [ 128.4875, 34.7375 ] ] ] } },
{ "type": "Feature", "properties": { "grad_nT_km": 49.5, "tier": "steep", "score": 2.6 }, "geometry": { "type": "Polygon", "coordinates": [ [ [ 128.5875, 34.7375 ], [ 128.5875, 34.7875 ], [ 128.5375, 34.7875 ], [ 128.5375, 34.7375 ], [ 128.5875, 34.7375 ] ] ] } },
{ "type": "Feature", "properties": { "grad_nT_km": 55.5, "tier": "steep", "score": 2.3 }, "geometry": { "type": "Polygon", "coordinates": [ [ [ 128.6875, 34.7375 ], [ 128.6875, 34.7875 ], [ 128.6375, 34.7875 ], [ 128.6375, 34.7375 ], [ 128.6875, 34.7375 ] ] ] } },
{ "type": "Feature", "properties": { "grad_nT_km": 58.3, "tier": "steep", "score": 2.1 }, "geometry": { "type": "Polygon", "coordinates": [ [ [ 126.0375, 34.7875 ], [ 126.0375, 34.8375 ], [ 125.9875, 34.8375 ], [ 125.9875, 34.7875 ], [ 126.0375, 34.7875 ] ] ] } },
{ "type": "Feature", "properties": { "grad_nT_km": 66.9, "tier": "steep", "score": 1.8 }, "geometry": { "type": "Polygon", "coordinates": [ [ [ 126.0875, 34.7875 ], [ 126.0875, 34.8375 ], [ 126.0375, 34.8375 ], [ 126.0375, 34.7875 ], [ 126.0875, 34.7875 ] ] ] } },
{ "type": "Feature", "properties": { "grad_nT_km": 67.0, "tier": "steep", "score": 1.8 }, "geometry": { "type": "Polygon", "coordinates": [ [ [ 126.1375, 34.7875 ], [ 126.1375, 34.8375 ], [ 126.0875, 34.8375 ], [ 126.0875, 34.7875 ], [ 126.1375, 34.7875 ] ] ] } },
{ "type": "Feature", "properties": { "grad_nT_km": 46.2, "tier": "steep", "score": 2.8 }, "geometry": { "type": "Polygon", "coordinates": [ [ [ 126.1875, 34.7875 ], [ 126.1875, 34.8375 ], [ 126.1375, 34.8375 ], [ 126.1375, 34.7875 ], [ 126.1875, 34.7875 ] ] ] } },
{ "type": "Feature", "properties": { "grad_nT_km": 74.7, "tier": "steep", "score": 1.5 }, "geometry": { "type": "Polygon", "coordinates": [ [ [ 126.3875, 34.7875 ], [ 126.3875, 34.8375 ], [ 126.3375, 34.8375 ], [ 126.3375, 34.7875 ], [ 126.3875, 34.7875 ] ] ] } },
{ "type": "Feature", "properties": { "grad_nT_km": 49.3, "tier": "steep", "score": 2.6 }, "geometry": { "type": "Polygon", "coordinates": [ [ [ 126.4375, 34.7875 ], [ 126.4375, 34.8375 ], [ 126.3875, 34.8375 ], [ 126.3875, 34.7875 ], [ 126.4375, 34.7875 ] ] ] } },
{ "type": "Feature", "properties": { "grad_nT_km": 44.0, "tier": "steep", "score": 3.0 }, "geometry": { "type": "Polygon", "coordinates": [ [ [ 126.5375, 34.7875 ], [ 126.5375, 34.8375 ], [ 126.4875, 34.8375 ], [ 126.4875, 34.7875 ], [ 126.5375, 34.7875 ] ] ] } },
{ "type": "Feature", "properties": { "grad_nT_km": 47.4, "tier": "steep", "score": 2.7 }, "geometry": { "type": "Polygon", "coordinates": [ [ [ 126.5875, 34.7875 ], [ 126.5875, 34.8375 ], [ 126.5375, 34.8375 ], [ 126.5375, 34.7875 ], [ 126.5875, 34.7875 ] ] ] } },
{ "type": "Feature", "properties": { "grad_nT_km": 64.3, "tier": "steep", "score": 1.9 }, "geometry": { "type": "Polygon", "coordinates": [ [ [ 127.6375, 34.7875 ], [ 127.6375, 34.8375 ], [ 127.5875, 34.8375 ], [ 127.5875, 34.7875 ], [ 127.6375, 34.7875 ] ] ] } },
{ "type": "Feature", "properties": { "grad_nT_km": 55.2, "tier": "steep", "score": 2.3 }, "geometry": { "type": "Polygon", "coordinates": [ [ [ 127.7375, 34.7875 ], [ 127.7375, 34.8375 ], [ 127.6875, 34.8375 ], [ 127.6875, 34.7875 ], [ 127.7375, 34.7875 ] ] ] } },
{ "type": "Feature", "properties": { "grad_nT_km": 70.4, "tier": "steep", "score": 1.7 }, "geometry": { "type": "Polygon", "coordinates": [ [ [ 127.7875, 34.7875 ], [ 127.7875, 34.8375 ], [ 127.7375, 34.8375 ], [ 127.7375, 34.7875 ], [ 127.7875, 34.7875 ] ] ] } },
{ "type": "Feature", "properties": { "grad_nT_km": 67.6, "tier": "steep", "score": 1.8 }, "geometry": { "type": "Polygon", "coordinates": [ [ [ 127.8375, 34.7875 ], [ 127.8375, 34.8375 ], [ 127.7875, 34.8375 ], [ 127.7875, 34.7875 ], [ 127.8375, 34.7875 ] ] ] } },
{ "type": "Feature", "properties": { "grad_nT_km": 44.4, "tier": "steep", "score": 3.0 }, "geometry": { "type": "Polygon", "coordinates": [ [ [ 127.8875, 34.7875 ], [ 127.8875, 34.8375 ], [ 127.8375, 34.8375 ], [ 127.8375, 34.7875 ], [ 127.8875, 34.7875 ] ] ] } },
{ "type": "Feature", "properties": { "grad_nT_km": 53.2, "tier": "steep", "score": 2.4 }, "geometry": { "type": "Polygon", "coordinates": [ [ [ 127.9375, 34.7875 ], [ 127.9375, 34.8375 ], [ 127.8875, 34.8375 ], [ 127.8875, 34.7875 ], [ 127.9375, 34.7875 ] ] ] } },
{ "type": "Feature", "properties": { "grad_nT_km": 62.5, "tier": "steep", "score": 2.0 }, "geometry": { "type": "Polygon", "coordinates": [ [ [ 128.2875, 34.7875 ], [ 128.2875, 34.8375 ], [ 128.2375, 34.8375 ], [ 128.2375, 34.7875 ], [ 128.2875, 34.7875 ] ] ] } },
{ "type": "Feature", "properties": { "grad_nT_km": 44.2, "tier": "steep", "score": 3.0 }, "geometry": { "type": "Polygon", "coordinates": [ [ [ 128.3375, 34.7875 ], [ 128.3375, 34.8375 ], [ 128.2875, 34.8375 ], [ 128.2875, 34.7875 ], [ 128.3375, 34.7875 ] ] ] } },
{ "type": "Feature", "properties": { "grad_nT_km": 63.3, "tier": "steep", "score": 1.9 }, "geometry": { "type": "Polygon", "coordinates": [ [ [ 128.3875, 34.7875 ], [ 128.3875, 34.8375 ], [ 128.3375, 34.8375 ], [ 128.3375, 34.7875 ], [ 128.3875, 34.7875 ] ] ] } },
{ "type": "Feature", "properties": { "grad_nT_km": 48.1, "tier": "steep", "score": 2.7 }, "geometry": { "type": "Polygon", "coordinates": [ [ [ 128.4875, 34.7875 ], [ 128.4875, 34.8375 ], [ 128.4375, 34.8375 ], [ 128.4375, 34.7875 ], [ 128.4875, 34.7875 ] ] ] } },
{ "type": "Feature", "properties": { "grad_nT_km": 44.3, "tier": "steep", "score": 3.0 }, "geometry": { "type": "Polygon", "coordinates": [ [ [ 128.6375, 34.7875 ], [ 128.6375, 34.8375 ], [ 128.5875, 34.8375 ], [ 128.5875, 34.7875 ], [ 128.6375, 34.7875 ] ] ] } },
{ "type": "Feature", "properties": { "grad_nT_km": 62.1, "tier": "steep", "score": 2.0 }, "geometry": { "type": "Polygon", "coordinates": [ [ [ 128.6875, 34.7875 ], [ 128.6875, 34.8375 ], [ 128.6375, 34.8375 ], [ 128.6375, 34.7875 ], [ 128.6875, 34.7875 ] ] ] } },
{ "type": "Feature", "properties": { "grad_nT_km": 59.6, "tier": "steep", "score": 2.1 }, "geometry": { "type": "Polygon", "coordinates": [ [ [ 128.7375, 34.7875 ], [ 128.7375, 34.8375 ], [ 128.6875, 34.8375 ], [ 128.6875, 34.7875 ], [ 128.7375, 34.7875 ] ] ] } },
{ "type": "Feature", "properties": { "grad_nT_km": 42.0, "tier": "steep", "score": 3.2 }, "geometry": { "type": "Polygon", "coordinates": [ [ [ 127.4875, 34.8375 ], [ 127.4875, 34.8875 ], [ 127.4375, 34.8875 ], [ 127.4375, 34.8375 ], [ 127.4875, 34.8375 ] ] ] } },
{ "type": "Feature", "properties": { "grad_nT_km": 47.3, "tier": "steep", "score": 2.8 }, "geometry": { "type": "Polygon", "coordinates": [ [ [ 127.6375, 34.8375 ], [ 127.6375, 34.8875 ], [ 127.5875, 34.8875 ], [ 127.5875, 34.8375 ], [ 127.6375, 34.8375 ] ] ] } },
{ "type": "Feature", "properties": { "grad_nT_km": 64.9, "tier": "steep", "score": 1.9 }, "geometry": { "type": "Polygon", "coordinates": [ [ [ 127.6875, 34.8375 ], [ 127.6875, 34.8875 ], [ 127.6375, 34.8875 ], [ 127.6375, 34.8375 ], [ 127.6875, 34.8375 ] ] ] } },
{ "type": "Feature", "properties": { "grad_nT_km": 57.9, "tier": "steep", "score": 2.2 }, "geometry": { "type": "Polygon", "coordinates": [ [ [ 127.7375, 34.8375 ], [ 127.7375, 34.8875 ], [ 127.6875, 34.8875 ], [ 127.6875, 34.8375 ], [ 127.7375, 34.8375 ] ] ] } },
{ "type": "Feature", "properties": { "grad_nT_km": 70.3, "tier": "steep", "score": 1.7 }, "geometry": { "type": "Polygon", "coordinates": [ [ [ 127.7875, 34.8375 ], [ 127.7875, 34.8875 ], [ 127.7375, 34.8875 ], [ 127.7375, 34.8375 ], [ 127.7875, 34.8375 ] ] ] } },
{ "type": "Feature", "properties": { "grad_nT_km": 50.1, "tier": "steep", "score": 2.6 }, "geometry": { "type": "Polygon", "coordinates": [ [ [ 127.8375, 34.8375 ], [ 127.8375, 34.8875 ], [ 127.7875, 34.8875 ], [ 127.7875, 34.8375 ], [ 127.8375, 34.8375 ] ] ] } },
{ "type": "Feature", "properties": { "grad_nT_km": 43.8, "tier": "steep", "score": 3.0 }, "geometry": { "type": "Polygon", "coordinates": [ [ [ 127.8875, 34.8375 ], [ 127.8875, 34.8875 ], [ 127.8375, 34.8875 ], [ 127.8375, 34.8375 ], [ 127.8875, 34.8375 ] ] ] } },
{ "type": "Feature", "properties": { "grad_nT_km": 40.8, "tier": "steep", "score": 3.3 }, "geometry": { "type": "Polygon", "coordinates": [ [ [ 128.0875, 34.8375 ], [ 128.0875, 34.8875 ], [ 128.0375, 34.8875 ], [ 128.0375, 34.8375 ], [ 128.0875, 34.8375 ] ] ] } },
{ "type": "Feature", "properties": { "grad_nT_km": 43.8, "tier": "steep", "score": 3.0 }, "geometry": { "type": "Polygon", "coordinates": [ [ [ 128.1875, 34.8375 ], [ 128.1875, 34.8875 ], [ 128.1375, 34.8875 ], [ 128.1375, 34.8375 ], [ 128.1875, 34.8375 ] ] ] } },
{ "type": "Feature", "properties": { "grad_nT_km": 59.4, "tier": "steep", "score": 2.1 }, "geometry": { "type": "Polygon", "coordinates": [ [ [ 128.2875, 34.8375 ], [ 128.2875, 34.8875 ], [ 128.2375, 34.8875 ], [ 128.2375, 34.8375 ], [ 128.2875, 34.8375 ] ] ] } },
{ "type": "Feature", "properties": { "grad_nT_km": 50.6, "tier": "steep", "score": 2.6 }, "geometry": { "type": "Polygon", "coordinates": [ [ [ 128.4375, 34.8375 ], [ 128.4375, 34.8875 ], [ 128.3875, 34.8875 ], [ 128.3875, 34.8375 ], [ 128.4375, 34.8375 ] ] ] } },
{ "type": "Feature", "properties": { "grad_nT_km": 90.5, "tier": "steep", "score": 1.2 }, "geometry": { "type": "Polygon", "coordinates": [ [ [ 128.6375, 34.8375 ], [ 128.6375, 34.8875 ], [ 128.5875, 34.8875 ], [ 128.5875, 34.8375 ], [ 128.6375, 34.8375 ] ] ] } },
{ "type": "Feature", "properties": { "grad_nT_km": 63.6, "tier": "steep", "score": 1.9 }, "geometry": { "type": "Polygon", "coordinates": [ [ [ 128.6875, 34.8375 ], [ 128.6875, 34.8875 ], [ 128.6375, 34.8875 ], [ 128.6375, 34.8375 ], [ 128.6875, 34.8375 ] ] ] } },
{ "type": "Feature", "properties": { "grad_nT_km": 65.1, "tier": "steep", "score": 1.9 }, "geometry": { "type": "Polygon", "coordinates": [ [ [ 128.7875, 34.8375 ], [ 128.7875, 34.8875 ], [ 128.7375, 34.8875 ], [ 128.7375, 34.8375 ], [ 128.7875, 34.8375 ] ] ] } },
{ "type": "Feature", "properties": { "grad_nT_km": 42.1, "tier": "steep", "score": 3.1 }, "geometry": { "type": "Polygon", "coordinates": [ [ [ 128.8375, 34.8375 ], [ 128.8375, 34.8875 ], [ 128.7875, 34.8875 ], [ 128.7875, 34.8375 ], [ 128.8375, 34.8375 ] ] ] } },
{ "type": "Feature", "properties": { "grad_nT_km": 70.9, "tier": "steep", "score": 1.7 }, "geometry": { "type": "Polygon", "coordinates": [ [ [ 126.1875, 34.8875 ], [ 126.1875, 34.9375 ], [ 126.1375, 34.9375 ], [ 126.1375, 34.8875 ], [ 126.1875, 34.8875 ] ] ] } },
{ "type": "Feature", "properties": { "grad_nT_km": 50.9, "tier": "steep", "score": 2.5 }, "geometry": { "type": "Polygon", "coordinates": [ [ [ 126.2375, 34.8875 ], [ 126.2375, 34.9375 ], [ 126.1875, 34.9375 ], [ 126.1875, 34.8875 ], [ 126.2375, 34.8875 ] ] ] } },
{ "type": "Feature", "properties": { "grad_nT_km": 45.2, "tier": "steep", "score": 2.9 }, "geometry": { "type": "Polygon", "coordinates": [ [ [ 127.5375, 34.8875 ], [ 127.5375, 34.9375 ], [ 127.4875, 34.9375 ], [ 127.4875, 34.8875 ], [ 127.5375, 34.8875 ] ] ] } },
{ "type": "Feature", "properties": { "grad_nT_km": 52.7, "tier": "steep", "score": 2.4 }, "geometry": { "type": "Polygon", "coordinates": [ [ [ 127.7875, 34.8875 ], [ 127.7875, 34.9375 ], [ 127.7375, 34.9375 ], [ 127.7375, 34.8875 ], [ 127.7875, 34.8875 ] ] ] } },
{ "type": "Feature", "properties": { "grad_nT_km": 54.4, "tier": "steep", "score": 2.3 }, "geometry": { "type": "Polygon", "coordinates": [ [ [ 127.8875, 34.8875 ], [ 127.8875, 34.9375 ], [ 127.8375, 34.9375 ], [ 127.8375, 34.8875 ], [ 127.8875, 34.8875 ] ] ] } },
{ "type": "Feature", "properties": { "grad_nT_km": 68.0, "tier": "steep", "score": 1.8 }, "geometry": { "type": "Polygon", "coordinates": [ [ [ 128.1375, 34.8875 ], [ 128.1375, 34.9375 ], [ 128.0875, 34.9375 ], [ 128.0875, 34.8875 ], [ 128.1375, 34.8875 ] ] ] } },
{ "type": "Feature", "properties": { "grad_nT_km": 57.6, "tier": "steep", "score": 2.2 }, "geometry": { "type": "Polygon", "coordinates": [ [ [ 128.1875, 34.8875 ], [ 128.1875, 34.9375 ], [ 128.1375, 34.9375 ], [ 128.1375, 34.8875 ], [ 128.1875, 34.8875 ] ] ] } },
{ "type": "Feature", "properties": { "grad_nT_km": 63.3, "tier": "steep", "score": 1.9 }, "geometry": { "type": "Polygon", "coordinates": [ [ [ 128.3375, 34.8875 ], [ 128.3375, 34.9375 ], [ 128.2875, 34.9375 ], [ 128.2875, 34.8875 ], [ 128.3375, 34.8875 ] ] ] } },
{ "type": "Feature", "properties": { "grad_nT_km": 41.6, "tier": "steep", "score": 3.2 }, "geometry": { "type": "Polygon", "coordinates": [ [ [ 128.3875, 34.8875 ], [ 128.3875, 34.9375 ], [ 128.3375, 34.9375 ], [ 128.3375, 34.8875 ], [ 128.3875, 34.8875 ] ] ] } },
{ "type": "Feature", "properties": { "grad_nT_km": 95.5, "tier": "steep", "score": 1.1 }, "geometry": { "type": "Polygon", "coordinates": [ [ [ 128.5375, 34.8875 ], [ 128.5375, 34.9375 ], [ 128.4875, 34.9375 ], [ 128.4875, 34.8875 ], [ 128.5375, 34.8875 ] ] ] } },
{ "type": "Feature", "properties": { "grad_nT_km": 72.4, "tier": "steep", "score": 1.6 }, "geometry": { "type": "Polygon", "coordinates": [ [ [ 128.5875, 34.8875 ], [ 128.5875, 34.9375 ], [ 128.5375, 34.9375 ], [ 128.5375, 34.8875 ], [ 128.5875, 34.8875 ] ] ] } },
{ "type": "Feature", "properties": { "grad_nT_km": 48.2, "tier": "steep", "score": 2.7 }, "geometry": { "type": "Polygon", "coordinates": [ [ [ 128.6375, 34.8875 ], [ 128.6375, 34.9375 ], [ 128.5875, 34.9375 ], [ 128.5875, 34.8875 ], [ 128.6375, 34.8875 ] ] ] } },
{ "type": "Feature", "properties": { "grad_nT_km": 43.6, "tier": "steep", "score": 3.0 }, "geometry": { "type": "Polygon", "coordinates": [ [ [ 128.6875, 34.8875 ], [ 128.6875, 34.9375 ], [ 128.6375, 34.9375 ], [ 128.6375, 34.8875 ], [ 128.6875, 34.8875 ] ] ] } },
{ "type": "Feature", "properties": { "grad_nT_km": 65.3, "tier": "steep", "score": 1.9 }, "geometry": { "type": "Polygon", "coordinates": [ [ [ 128.7375, 34.8875 ], [ 128.7375, 34.9375 ], [ 128.6875, 34.9375 ], [ 128.6875, 34.8875 ], [ 128.7375, 34.8875 ] ] ] } },
{ "type": "Feature", "properties": { "grad_nT_km": 49.1, "tier": "steep", "score": 2.6 }, "geometry": { "type": "Polygon", "coordinates": [ [ [ 128.7875, 34.8875 ], [ 128.7875, 34.9375 ], [ 128.7375, 34.9375 ], [ 128.7375, 34.8875 ], [ 128.7875, 34.8875 ] ] ] } },
{ "type": "Feature", "properties": { "grad_nT_km": 59.0, "tier": "steep", "score": 2.1 }, "geometry": { "type": "Polygon", "coordinates": [ [ [ 128.8375, 34.8875 ], [ 128.8375, 34.9375 ], [ 128.7875, 34.9375 ], [ 128.7875, 34.8875 ], [ 128.8375, 34.8875 ] ] ] } },
{ "type": "Feature", "properties": { "grad_nT_km": 40.3, "tier": "steep", "score": 3.3 }, "geometry": { "type": "Polygon", "coordinates": [ [ [ 126.2375, 34.9375 ], [ 126.2375, 34.9875 ], [ 126.1875, 34.9875 ], [ 126.1875, 34.9375 ], [ 126.2375, 34.9375 ] ] ] } },
{ "type": "Feature", "properties": { "grad_nT_km": 90.3, "tier": "steep", "score": 1.2 }, "geometry": { "type": "Polygon", "coordinates": [ [ [ 127.8875, 34.9375 ], [ 127.8875, 34.9875 ], [ 127.8375, 34.9875 ], [ 127.8375, 34.9375 ], [ 127.8875, 34.9375 ] ] ] } },
{ "type": "Feature", "properties": { "grad_nT_km": 56.6, "tier": "steep", "score": 2.2 }, "geometry": { "type": "Polygon", "coordinates": [ [ [ 127.9375, 34.9375 ], [ 127.9375, 34.9875 ], [ 127.8875, 34.9875 ], [ 127.8875, 34.9375 ], [ 127.9375, 34.9375 ] ] ] } },
{ "type": "Feature", "properties": { "grad_nT_km": 67.0, "tier": "steep", "score": 1.8 }, "geometry": { "type": "Polygon", "coordinates": [ [ [ 128.0875, 34.9375 ], [ 128.0875, 34.9875 ], [ 128.0375, 34.9875 ], [ 128.0375, 34.9375 ], [ 128.0875, 34.9375 ] ] ] } },
{ "type": "Feature", "properties": { "grad_nT_km": 65.8, "tier": "steep", "score": 1.8 }, "geometry": { "type": "Polygon", "coordinates": [ [ [ 128.1375, 34.9375 ], [ 128.1375, 34.9875 ], [ 128.0875, 34.9875 ], [ 128.0875, 34.9375 ], [ 128.1375, 34.9375 ] ] ] } },
{ "type": "Feature", "properties": { "grad_nT_km": 47.0, "tier": "steep", "score": 2.8 }, "geometry": { "type": "Polygon", "coordinates": [ [ [ 128.1875, 34.9375 ], [ 128.1875, 34.9875 ], [ 128.1375, 34.9875 ], [ 128.1375, 34.9375 ], [ 128.1875, 34.9375 ] ] ] } },
{ "type": "Feature", "properties": { "grad_nT_km": 52.8, "tier": "steep", "score": 2.4 }, "geometry": { "type": "Polygon", "coordinates": [ [ [ 128.2375, 34.9375 ], [ 128.2375, 34.9875 ], [ 128.1875, 34.9875 ], [ 128.1875, 34.9375 ], [ 128.2375, 34.9375 ] ] ] } },
{ "type": "Feature", "properties": { "grad_nT_km": 49.5, "tier": "steep", "score": 2.6 }, "geometry": { "type": "Polygon", "coordinates": [ [ [ 128.3375, 34.9375 ], [ 128.3375, 34.9875 ], [ 128.2875, 34.9875 ], [ 128.2875, 34.9375 ], [ 128.3375, 34.9375 ] ] ] } },
{ "type": "Feature", "properties": { "grad_nT_km": 42.7, "tier": "steep", "score": 3.1 }, "geometry": { "type": "Polygon", "coordinates": [ [ [ 128.4375, 34.9375 ], [ 128.4375, 34.9875 ], [ 128.3875, 34.9875 ], [ 128.3875, 34.9375 ], [ 128.4375, 34.9375 ] ] ] } },
{ "type": "Feature", "properties": { "grad_nT_km": 60.3, "tier": "steep", "score": 2.1 }, "geometry": { "type": "Polygon", "coordinates": [ [ [ 128.5375, 34.9375 ], [ 128.5375, 34.9875 ], [ 128.4875, 34.9875 ], [ 128.4875, 34.9375 ], [ 128.5375, 34.9375 ] ] ] } },
{ "type": "Feature", "properties": { "grad_nT_km": 44.9, "tier": "steep", "score": 2.9 }, "geometry": { "type": "Polygon", "coordinates": [ [ [ 128.5875, 34.9375 ], [ 128.5875, 34.9875 ], [ 128.5375, 34.9875 ], [ 128.5375, 34.9375 ], [ 128.5875, 34.9375 ] ] ] } },
{ "type": "Feature", "properties": { "grad_nT_km": 51.0, "tier": "steep", "score": 2.5 }, "geometry": { "type": "Polygon", "coordinates": [ [ [ 128.6375, 34.9375 ], [ 128.6375, 34.9875 ], [ 128.5875, 34.9875 ], [ 128.5875, 34.9375 ], [ 128.6375, 34.9375 ] ] ] } },
{ "type": "Feature", "properties": { "grad_nT_km": 96.2, "tier": "steep", "score": 1.1 }, "geometry": { "type": "Polygon", "coordinates": [ [ [ 128.7375, 34.9375 ], [ 128.7375, 34.9875 ], [ 128.6875, 34.9875 ], [ 128.6875, 34.9375 ], [ 128.7375, 34.9375 ] ] ] } },
{ "type": "Feature", "properties": { "grad_nT_km": 90.1, "tier": "steep", "score": 1.2 }, "geometry": { "type": "Polygon", "coordinates": [ [ [ 128.7875, 34.9375 ], [ 128.7875, 34.9875 ], [ 128.7375, 34.9875 ], [ 128.7375, 34.9375 ], [ 128.7875, 34.9375 ] ] ] } },
{ "type": "Feature", "properties": { "grad_nT_km": 48.0, "tier": "steep", "score": 2.7 }, "geometry": { "type": "Polygon", "coordinates": [ [ [ 128.8875, 34.9375 ], [ 128.8875, 34.9875 ], [ 128.8375, 34.9875 ], [ 128.8375, 34.9375 ], [ 128.8875, 34.9375 ] ] ] } },
{ "type": "Feature", "properties": { "grad_nT_km": 47.8, "tier": "steep", "score": 2.7 }, "geometry": { "type": "Polygon", "coordinates": [ [ [ 128.9375, 34.9375 ], [ 128.9375, 34.9875 ], [ 128.8875, 34.9875 ], [ 128.8875, 34.9375 ], [ 128.9375, 34.9375 ] ] ] } },
{ "type": "Feature", "properties": { "grad_nT_km": 57.5, "tier": "steep", "score": 2.2 }, "geometry": { "type": "Polygon", "coordinates": [ [ [ 128.9875, 34.9375 ], [ 128.9875, 34.9875 ], [ 128.9375, 34.9875 ], [ 128.9375, 34.9375 ], [ 128.9875, 34.9375 ] ] ] } },
{ "type": "Feature", "properties": { "grad_nT_km": 57.8, "tier": "steep", "score": 2.2 }, "geometry": { "type": "Polygon", "coordinates": [ [ [ 126.2375, 34.9875 ], [ 126.2375, 35.0375 ], [ 126.1875, 35.0375 ], [ 126.1875, 34.9875 ], [ 126.2375, 34.9875 ] ] ] } },
{ "type": "Feature", "properties": { "grad_nT_km": 57.6, "tier": "steep", "score": 2.2 }, "geometry": { "type": "Polygon", "coordinates": [ [ [ 126.2875, 34.9875 ], [ 126.2875, 35.0375 ], [ 126.2375, 35.0375 ], [ 126.2375, 34.9875 ], [ 126.2875, 34.9875 ] ] ] } },
{ "type": "Feature", "properties": { "grad_nT_km": 48.9, "tier": "steep", "score": 2.7 }, "geometry": { "type": "Polygon", "coordinates": [ [ [ 126.7375, 34.9875 ], [ 126.7375, 35.0375 ], [ 126.6875, 35.0375 ], [ 126.6875, 34.9875 ], [ 126.7375, 34.9875 ] ] ] } },
{ "type": "Feature", "properties": { "grad_nT_km": 40.8, "tier": "steep", "score": 3.2 }, "geometry": { "type": "Polygon", "coordinates": [ [ [ 126.8875, 34.9875 ], [ 126.8875, 35.0375 ], [ 126.8375, 35.0375 ], [ 126.8375, 34.9875 ], [ 126.8875, 34.9875 ] ] ] } },
{ "type": "Feature", "properties": { "grad_nT_km": 46.1, "tier": "steep", "score": 2.8 }, "geometry": { "type": "Polygon", "coordinates": [ [ [ 126.9375, 34.9875 ], [ 126.9375, 35.0375 ], [ 126.8875, 35.0375 ], [ 126.8875, 34.9875 ], [ 126.9375, 34.9875 ] ] ] } },
{ "type": "Feature", "properties": { "grad_nT_km": 58.6, "tier": "steep", "score": 2.1 }, "geometry": { "type": "Polygon", "coordinates": [ [ [ 126.9875, 34.9875 ], [ 126.9875, 35.0375 ], [ 126.9375, 35.0375 ], [ 126.9375, 34.9875 ], [ 126.9875, 34.9875 ] ] ] } },
{ "type": "Feature", "properties": { "grad_nT_km": 47.1, "tier": "steep", "score": 2.8 }, "geometry": { "type": "Polygon", "coordinates": [ [ [ 127.0375, 34.9875 ], [ 127.0375, 35.0375 ], [ 126.9875, 35.0375 ], [ 126.9875, 34.9875 ], [ 127.0375, 34.9875 ] ] ] } },
{ "type": "Feature", "properties": { "grad_nT_km": 52.5, "tier": "steep", "score": 2.4 }, "geometry": { "type": "Polygon", "coordinates": [ [ [ 127.8875, 34.9875 ], [ 127.8875, 35.0375 ], [ 127.8375, 35.0375 ], [ 127.8375, 34.9875 ], [ 127.8875, 34.9875 ] ] ] } },
{ "type": "Feature", "properties": { "grad_nT_km": 42.1, "tier": "steep", "score": 3.1 }, "geometry": { "type": "Polygon", "coordinates": [ [ [ 128.0375, 34.9875 ], [ 128.0375, 35.0375 ], [ 127.9875, 35.0375 ], [ 127.9875, 34.9875 ], [ 128.0375, 34.9875 ] ] ] } },
{ "type": "Feature", "properties": { "grad_nT_km": 48.1, "tier": "steep", "score": 2.7 }, "geometry": { "type": "Polygon", "coordinates": [ [ [ 128.1375, 34.9875 ], [ 128.1375, 35.0375 ], [ 128.0875, 35.0375 ], [ 128.0875, 34.9875 ], [ 128.1375, 34.9875 ] ] ] } },
{ "type": "Feature", "properties": { "grad_nT_km": 56.6, "tier": "steep", "score": 2.2 }, "geometry": { "type": "Polygon", "coordinates": [ [ [ 128.1875, 34.9875 ], [ 128.1875, 35.0375 ], [ 128.1375, 35.0375 ], [ 128.1375, 34.9875 ], [ 128.1875, 34.9875 ] ] ] } },
{ "type": "Feature", "properties": { "grad_nT_km": 63.4, "tier": "steep", "score": 1.9 }, "geometry": { "type": "Polygon", "coordinates": [ [ [ 128.2375, 34.9875 ], [ 128.2375, 35.0375 ], [ 128.1875, 35.0375 ], [ 128.1875, 34.9875 ], [ 128.2375, 34.9875 ] ] ] } },
{ "type": "Feature", "properties": { "grad_nT_km": 98.6, "tier": "steep", "score": 1.0 }, "geometry": { "type": "Polygon", "coordinates": [ [ [ 128.2875, 34.9875 ], [ 128.2875, 35.0375 ], [ 128.2375, 35.0375 ], [ 128.2375, 34.9875 ], [ 128.2875, 34.9875 ] ] ] } },
{ "type": "Feature", "properties": { "grad_nT_km": 43.1, "tier": "steep", "score": 3.1 }, "geometry": { "type": "Polygon", "coordinates": [ [ [ 128.3375, 34.9875 ], [ 128.3375, 35.0375 ], [ 128.2875, 35.0375 ], [ 128.2875, 34.9875 ], [ 128.3375, 34.9875 ] ] ] } },
{ "type": "Feature", "properties": { "grad_nT_km": 51.4, "tier": "steep", "score": 2.5 }, "geometry": { "type": "Polygon", "coordinates": [ [ [ 128.3875, 34.9875 ], [ 128.3875, 35.0375 ], [ 128.3375, 35.0375 ], [ 128.3375, 34.9875 ], [ 128.3875, 34.9875 ] ] ] } },
{ "type": "Feature", "properties": { "grad_nT_km": 76.2, "tier": "steep", "score": 1.5 }, "geometry": { "type": "Polygon", "coordinates": [ [ [ 128.4375, 34.9875 ], [ 128.4375, 35.0375 ], [ 128.3875, 35.0375 ], [ 128.3875, 34.9875 ], [ 128.4375, 34.9875 ] ] ] } },
{ "type": "Feature", "properties": { "grad_nT_km": 56.0, "tier": "steep", "score": 2.3 }, "geometry": { "type": "Polygon", "coordinates": [ [ [ 128.5375, 34.9875 ], [ 128.5375, 35.0375 ], [ 128.4875, 35.0375 ], [ 128.4875, 34.9875 ], [ 128.5375, 34.9875 ] ] ] } },
{ "type": "Feature", "properties": { "grad_nT_km": 49.1, "tier": "steep", "score": 2.6 }, "geometry": { "type": "Polygon", "coordinates": [ [ [ 128.5875, 34.9875 ], [ 128.5875, 35.0375 ], [ 128.5375, 35.0375 ], [ 128.5375, 34.9875 ], [ 128.5875, 34.9875 ] ] ] } },
{ "type": "Feature", "properties": { "grad_nT_km": 46.4, "tier": "steep", "score": 2.8 }, "geometry": { "type": "Polygon", "coordinates": [ [ [ 128.6375, 34.9875 ], [ 128.6375, 35.0375 ], [ 128.5875, 35.0375 ], [ 128.5875, 34.9875 ], [ 128.6375, 34.9875 ] ] ] } },
{ "type": "Feature", "properties": { "grad_nT_km": 44.5, "tier": "steep", "score": 3.0 }, "geometry": { "type": "Polygon", "coordinates": [ [ [ 128.6875, 34.9875 ], [ 128.6875, 35.0375 ], [ 128.6375, 35.0375 ], [ 128.6375, 34.9875 ], [ 128.6875, 34.9875 ] ] ] } },
{ "type": "Feature", "properties": { "grad_nT_km": 53.6, "tier": "steep", "score": 2.4 }, "geometry": { "type": "Polygon", "coordinates": [ [ [ 128.7375, 34.9875 ], [ 128.7375, 35.0375 ], [ 128.6875, 35.0375 ], [ 128.6875, 34.9875 ], [ 128.7375, 34.9875 ] ] ] } },
{ "type": "Feature", "properties": { "grad_nT_km": 48.7, "tier": "steep", "score": 2.7 }, "geometry": { "type": "Polygon", "coordinates": [ [ [ 128.7875, 34.9875 ], [ 128.7875, 35.0375 ], [ 128.7375, 35.0375 ], [ 128.7375, 34.9875 ], [ 128.7875, 34.9875 ] ] ] } },
{ "type": "Feature", "properties": { "grad_nT_km": 41.3, "tier": "steep", "score": 3.2 }, "geometry": { "type": "Polygon", "coordinates": [ [ [ 128.8375, 34.9875 ], [ 128.8375, 35.0375 ], [ 128.7875, 35.0375 ], [ 128.7875, 34.9875 ], [ 128.8375, 34.9875 ] ] ] } },
{ "type": "Feature", "properties": { "grad_nT_km": 48.9, "tier": "steep", "score": 2.7 }, "geometry": { "type": "Polygon", "coordinates": [ [ [ 128.8875, 34.9875 ], [ 128.8875, 35.0375 ], [ 128.8375, 35.0375 ], [ 128.8375, 34.9875 ], [ 128.8875, 34.9875 ] ] ] } },
{ "type": "Feature", "properties": { "grad_nT_km": 66.0, "tier": "steep", "score": 1.8 }, "geometry": { "type": "Polygon", "coordinates": [ [ [ 128.9375, 34.9875 ], [ 128.9375, 35.0375 ], [ 128.8875, 35.0375 ], [ 128.8875, 34.9875 ], [ 128.9375, 34.9875 ] ] ] } },
{ "type": "Feature", "properties": { "grad_nT_km": 93.6, "tier": "steep", "score": 1.1 }, "geometry": { "type": "Polygon", "coordinates": [ [ [ 129.0375, 34.9875 ], [ 129.0375, 35.0375 ], [ 128.9875, 35.0375 ], [ 128.9875, 34.9875 ], [ 129.0375, 34.9875 ] ] ] } },
{ "type": "Feature", "properties": { "grad_nT_km": 59.3, "tier": "steep", "score": 2.1 }, "geometry": { "type": "Polygon", "coordinates": [ [ [ 129.0875, 34.9875 ], [ 129.0875, 35.0375 ], [ 129.0375, 35.0375 ], [ 129.0375, 34.9875 ], [ 129.0875, 34.9875 ] ] ] } },
{ "type": "Feature", "properties": { "grad_nT_km": 47.2, "tier": "steep", "score": 2.8 }, "geometry": { "type": "Polygon", "coordinates": [ [ [ 126.2375, 35.0375 ], [ 126.2375, 35.0875 ], [ 126.1875, 35.0875 ], [ 126.1875, 35.0375 ], [ 126.2375, 35.0375 ] ] ] } },
{ "type": "Feature", "properties": { "grad_nT_km": 74.4, "tier": "steep", "score": 1.6 }, "geometry": { "type": "Polygon", "coordinates": [ [ [ 126.2875, 35.0375 ], [ 126.2875, 35.0875 ], [ 126.2375, 35.0875 ], [ 126.2375, 35.0375 ], [ 126.2875, 35.0375 ] ] ] } },
{ "type": "Feature", "properties": { "grad_nT_km": 44.2, "tier": "steep", "score": 3.0 }, "geometry": { "type": "Polygon", "coordinates": [ [ [ 126.5875, 35.0375 ], [ 126.5875, 35.0875 ], [ 126.5375, 35.0875 ], [ 126.5375, 35.0375 ], [ 126.5875, 35.0375 ] ] ] } },
{ "type": "Feature", "properties": { "grad_nT_km": 47.9, "tier": "steep", "score": 2.7 }, "geometry": { "type": "Polygon", "coordinates": [ [ [ 126.9375, 35.0375 ], [ 126.9375, 35.0875 ], [ 126.8875, 35.0875 ], [ 126.8875, 35.0375 ], [ 126.9375, 35.0375 ] ] ] } },
{ "type": "Feature", "properties": { "grad_nT_km": 54.9, "tier": "steep", "score": 2.3 }, "geometry": { "type": "Polygon", "coordinates": [ [ [ 127.0875, 35.0375 ], [ 127.0875, 35.0875 ], [ 127.0375, 35.0875 ], [ 127.0375, 35.0375 ], [ 127.0875, 35.0375 ] ] ] } },
{ "type": "Feature", "properties": { "grad_nT_km": 40.0, "tier": "steep", "score": 3.3 }, "geometry": { "type": "Polygon", "coordinates": [ [ [ 127.1375, 35.0375 ], [ 127.1375, 35.0875 ], [ 127.0875, 35.0875 ], [ 127.0875, 35.0375 ], [ 127.1375, 35.0375 ] ] ] } },
{ "type": "Feature", "properties": { "grad_nT_km": 81.7, "tier": "steep", "score": 1.4 }, "geometry": { "type": "Polygon", "coordinates": [ [ [ 127.3875, 35.0375 ], [ 127.3875, 35.0875 ], [ 127.3375, 35.0875 ], [ 127.3375, 35.0375 ], [ 127.3875, 35.0375 ] ] ] } },
{ "type": "Feature", "properties": { "grad_nT_km": 48.6, "tier": "steep", "score": 2.7 }, "geometry": { "type": "Polygon", "coordinates": [ [ [ 127.4375, 35.0375 ], [ 127.4375, 35.0875 ], [ 127.3875, 35.0875 ], [ 127.3875, 35.0375 ], [ 127.4375, 35.0375 ] ] ] } },
{ "type": "Feature", "properties": { "grad_nT_km": 42.6, "tier": "steep", "score": 3.1 }, "geometry": { "type": "Polygon", "coordinates": [ [ [ 127.5875, 35.0375 ], [ 127.5875, 35.0875 ], [ 127.5375, 35.0875 ], [ 127.5375, 35.0375 ], [ 127.5875, 35.0375 ] ] ] } },
{ "type": "Feature", "properties": { "grad_nT_km": 54.3, "tier": "steep", "score": 2.3 }, "geometry": { "type": "Polygon", "coordinates": [ [ [ 128.2375, 35.0375 ], [ 128.2375, 35.0875 ], [ 128.1875, 35.0875 ], [ 128.1875, 35.0375 ], [ 128.2375, 35.0375 ] ] ] } },
{ "type": "Feature", "properties": { "grad_nT_km": 60.0, "tier": "steep", "score": 2.1 }, "geometry": { "type": "Polygon", "coordinates": [ [ [ 128.2875, 35.0375 ], [ 128.2875, 35.0875 ], [ 128.2375, 35.0875 ], [ 128.2375, 35.0375 ], [ 128.2875, 35.0375 ] ] ] } },
{ "type": "Feature", "properties": { "grad_nT_km": 49.6, "tier": "steep", "score": 2.6 }, "geometry": { "type": "Polygon", "coordinates": [ [ [ 128.3375, 35.0375 ], [ 128.3375, 35.0875 ], [ 128.2875, 35.0875 ], [ 128.2875, 35.0375 ], [ 128.3375, 35.0375 ] ] ] } },
{ "type": "Feature", "properties": { "grad_nT_km": 43.5, "tier": "steep", "score": 3.0 }, "geometry": { "type": "Polygon", "coordinates": [ [ [ 128.4875, 35.0375 ], [ 128.4875, 35.0875 ], [ 128.4375, 35.0875 ], [ 128.4375, 35.0375 ], [ 128.4875, 35.0375 ] ] ] } },
{ "type": "Feature", "properties": { "grad_nT_km": 54.7, "tier": "steep", "score": 2.3 }, "geometry": { "type": "Polygon", "coordinates": [ [ [ 128.5375, 35.0375 ], [ 128.5375, 35.0875 ], [ 128.4875, 35.0875 ], [ 128.4875, 35.0375 ], [ 128.5375, 35.0375 ] ] ] } },
{ "type": "Feature", "properties": { "grad_nT_km": 57.3, "tier": "steep", "score": 2.2 }, "geometry": { "type": "Polygon", "coordinates": [ [ [ 128.6375, 35.0375 ], [ 128.6375, 35.0875 ], [ 128.5875, 35.0875 ], [ 128.5875, 35.0375 ], [ 128.6375, 35.0375 ] ] ] } },
{ "type": "Feature", "properties": { "grad_nT_km": 55.2, "tier": "steep", "score": 2.3 }, "geometry": { "type": "Polygon", "coordinates": [ [ [ 128.7375, 35.0375 ], [ 128.7375, 35.0875 ], [ 128.6875, 35.0875 ], [ 128.6875, 35.0375 ], [ 128.7375, 35.0375 ] ] ] } },
{ "type": "Feature", "properties": { "grad_nT_km": 44.4, "tier": "steep", "score": 3.0 }, "geometry": { "type": "Polygon", "coordinates": [ [ [ 128.8375, 35.0375 ], [ 128.8375, 35.0875 ], [ 128.7875, 35.0875 ], [ 128.7875, 35.0375 ], [ 128.8375, 35.0375 ] ] ] } },
{ "type": "Feature", "properties": { "grad_nT_km": 48.8, "tier": "steep", "score": 2.7 }, "geometry": { "type": "Polygon", "coordinates": [ [ [ 128.8875, 35.0375 ], [ 128.8875, 35.0875 ], [ 128.8375, 35.0875 ], [ 128.8375, 35.0375 ], [ 128.8875, 35.0375 ] ] ] } },
{ "type": "Feature", "properties": { "grad_nT_km": 56.1, "tier": "steep", "score": 2.3 }, "geometry": { "type": "Polygon", "coordinates": [ [ [ 128.9375, 35.0375 ], [ 128.9375, 35.0875 ], [ 128.8875, 35.0875 ], [ 128.8875, 35.0375 ], [ 128.9375, 35.0375 ] ] ] } },
{ "type": "Feature", "properties": { "grad_nT_km": 42.9, "tier": "steep", "score": 3.1 }, "geometry": { "type": "Polygon", "coordinates": [ [ [ 129.0875, 35.0375 ], [ 129.0875, 35.0875 ], [ 129.0375, 35.0875 ], [ 129.0375, 35.0375 ], [ 129.0875, 35.0375 ] ] ] } },
{ "type": "Feature", "properties": { "grad_nT_km": 40.8, "tier": "steep", "score": 3.2 }, "geometry": { "type": "Polygon", "coordinates": [ [ [ 126.9375, 35.0875 ], [ 126.9375, 35.1375 ], [ 126.8875, 35.1375 ], [ 126.8875, 35.0875 ], [ 126.9375, 35.0875 ] ] ] } },
{ "type": "Feature", "properties": { "grad_nT_km": 73.2, "tier": "steep", "score": 1.6 }, "geometry": { "type": "Polygon", "coordinates": [ [ [ 126.9875, 35.0875 ], [ 126.9875, 35.1375 ], [ 126.9375, 35.1375 ], [ 126.9375, 35.0875 ], [ 126.9875, 35.0875 ] ] ] } },
{ "type": "Feature", "properties": { "grad_nT_km": 90.6, "tier": "steep", "score": 1.2 }, "geometry": { "type": "Polygon", "coordinates": [ [ [ 127.0375, 35.0875 ], [ 127.0375, 35.1375 ], [ 126.9875, 35.1375 ], [ 126.9875, 35.0875 ], [ 127.0375, 35.0875 ] ] ] } },
{ "type": "Feature", "properties": { "grad_nT_km": 57.1, "tier": "steep", "score": 2.2 }, "geometry": { "type": "Polygon", "coordinates": [ [ [ 127.0875, 35.0875 ], [ 127.0875, 35.1375 ], [ 127.0375, 35.1375 ], [ 127.0375, 35.0875 ], [ 127.0875, 35.0875 ] ] ] } },
{ "type": "Feature", "properties": { "grad_nT_km": 42.9, "tier": "steep", "score": 3.1 }, "geometry": { "type": "Polygon", "coordinates": [ [ [ 128.2375, 35.0875 ], [ 128.2375, 35.1375 ], [ 128.1875, 35.1375 ], [ 128.1875, 35.0875 ], [ 128.2375, 35.0875 ] ] ] } },
{ "type": "Feature", "properties": { "grad_nT_km": 49.3, "tier": "steep", "score": 2.6 }, "geometry": { "type": "Polygon", "coordinates": [ [ [ 128.2875, 35.0875 ], [ 128.2875, 35.1375 ], [ 128.2375, 35.1375 ], [ 128.2375, 35.0875 ], [ 128.2875, 35.0875 ] ] ] } },
{ "type": "Feature", "properties": { "grad_nT_km": 74.2, "tier": "steep", "score": 1.6 }, "geometry": { "type": "Polygon", "coordinates": [ [ [ 128.3375, 35.0875 ], [ 128.3375, 35.1375 ], [ 128.2875, 35.1375 ], [ 128.2875, 35.0875 ], [ 128.3375, 35.0875 ] ] ] } },
{ "type": "Feature", "properties": { "grad_nT_km": 62.3, "tier": "steep", "score": 2.0 }, "geometry": { "type": "Polygon", "coordinates": [ [ [ 128.3875, 35.0875 ], [ 128.3875, 35.1375 ], [ 128.3375, 35.1375 ], [ 128.3375, 35.0875 ], [ 128.3875, 35.0875 ] ] ] } },
{ "type": "Feature", "properties": { "grad_nT_km": 47.2, "tier": "steep", "score": 2.8 }, "geometry": { "type": "Polygon", "coordinates": [ [ [ 128.4375, 35.0875 ], [ 128.4375, 35.1375 ], [ 128.3875, 35.1375 ], [ 128.3875, 35.0875 ], [ 128.4375, 35.0875 ] ] ] } },
{ "type": "Feature", "properties": { "grad_nT_km": 41.4, "tier": "steep", "score": 3.2 }, "geometry": { "type": "Polygon", "coordinates": [ [ [ 128.4875, 35.0875 ], [ 128.4875, 35.1375 ], [ 128.4375, 35.1375 ], [ 128.4375, 35.0875 ], [ 128.4875, 35.0875 ] ] ] } },
{ "type": "Feature", "properties": { "grad_nT_km": 62.5, "tier": "steep", "score": 2.0 }, "geometry": { "type": "Polygon", "coordinates": [ [ [ 128.5375, 35.0875 ], [ 128.5375, 35.1375 ], [ 128.4875, 35.1375 ], [ 128.4875, 35.0875 ], [ 128.5375, 35.0875 ] ] ] } },
{ "type": "Feature", "properties": { "grad_nT_km": 93.7, "tier": "steep", "score": 1.1 }, "geometry": { "type": "Polygon", "coordinates": [ [ [ 128.6375, 35.0875 ], [ 128.6375, 35.1375 ], [ 128.5875, 35.1375 ], [ 128.5875, 35.0875 ], [ 128.6375, 35.0875 ] ] ] } },
{ "type": "Feature", "properties": { "grad_nT_km": 47.5, "tier": "steep", "score": 2.7 }, "geometry": { "type": "Polygon", "coordinates": [ [ [ 128.6875, 35.0875 ], [ 128.6875, 35.1375 ], [ 128.6375, 35.1375 ], [ 128.6375, 35.0875 ], [ 128.6875, 35.0875 ] ] ] } },
{ "type": "Feature", "properties": { "grad_nT_km": 49.3, "tier": "steep", "score": 2.6 }, "geometry": { "type": "Polygon", "coordinates": [ [ [ 128.7375, 35.0875 ], [ 128.7375, 35.1375 ], [ 128.6875, 35.1375 ], [ 128.6875, 35.0875 ], [ 128.7375, 35.0875 ] ] ] } },
{ "type": "Feature", "properties": { "grad_nT_km": 91.2, "tier": "steep", "score": 1.2 }, "geometry": { "type": "Polygon", "coordinates": [ [ [ 128.7875, 35.0875 ], [ 128.7875, 35.1375 ], [ 128.7375, 35.1375 ], [ 128.7375, 35.0875 ], [ 128.7875, 35.0875 ] ] ] } },
{ "type": "Feature", "properties": { "grad_nT_km": 43.9, "tier": "steep", "score": 3.0 }, "geometry": { "type": "Polygon", "coordinates": [ [ [ 128.8375, 35.0875 ], [ 128.8375, 35.1375 ], [ 128.7875, 35.1375 ], [ 128.7875, 35.0875 ], [ 128.8375, 35.0875 ] ] ] } },
{ "type": "Feature", "properties": { "grad_nT_km": 52.3, "tier": "steep", "score": 2.4 }, "geometry": { "type": "Polygon", "coordinates": [ [ [ 128.9375, 35.0875 ], [ 128.9375, 35.1375 ], [ 128.8875, 35.1375 ], [ 128.8875, 35.0875 ], [ 128.9375, 35.0875 ] ] ] } },
{ "type": "Feature", "properties": { "grad_nT_km": 60.8, "tier": "steep", "score": 2.0 }, "geometry": { "type": "Polygon", "coordinates": [ [ [ 129.0375, 35.0875 ], [ 129.0375, 35.1375 ], [ 128.9875, 35.1375 ], [ 128.9875, 35.0875 ], [ 129.0375, 35.0875 ] ] ] } },
{ "type": "Feature", "properties": { "grad_nT_km": 79.5, "tier": "steep", "score": 1.4 }, "geometry": { "type": "Polygon", "coordinates": [ [ [ 129.0875, 35.0875 ], [ 129.0875, 35.1375 ], [ 129.0375, 35.1375 ], [ 129.0375, 35.0875 ], [ 129.0875, 35.0875 ] ] ] } },
{ "type": "Feature", "properties": { "grad_nT_km": 51.9, "tier": "steep", "score": 2.5 }, "geometry": { "type": "Polygon", "coordinates": [ [ [ 129.1375, 35.0875 ], [ 129.1375, 35.1375 ], [ 129.0875, 35.1375 ], [ 129.0875, 35.0875 ], [ 129.1375, 35.0875 ] ] ] } },
{ "type": "Feature", "properties": { "grad_nT_km": 43.6, "tier": "steep", "score": 3.0 }, "geometry": { "type": "Polygon", "coordinates": [ [ [ 126.1375, 35.1375 ], [ 126.1375, 35.1875 ], [ 126.0875, 35.1875 ], [ 126.0875, 35.1375 ], [ 126.1375, 35.1375 ] ] ] } },
{ "type": "Feature", "properties": { "grad_nT_km": 48.9, "tier": "steep", "score": 2.7 }, "geometry": { "type": "Polygon", "coordinates": [ [ [ 126.1875, 35.1375 ], [ 126.1875, 35.1875 ], [ 126.1375, 35.1875 ], [ 126.1375, 35.1375 ], [ 126.1875, 35.1375 ] ] ] } },
{ "type": "Feature", "properties": { "grad_nT_km": 46.9, "tier": "steep", "score": 2.8 }, "geometry": { "type": "Polygon", "coordinates": [ [ [ 126.5375, 35.1375 ], [ 126.5375, 35.1875 ], [ 126.4875, 35.1875 ], [ 126.4875, 35.1375 ], [ 126.5375, 35.1375 ] ] ] } },
{ "type": "Feature", "properties": { "grad_nT_km": 90.3, "tier": "steep", "score": 1.2 }, "geometry": { "type": "Polygon", "coordinates": [ [ [ 127.7375, 35.1375 ], [ 127.7375, 35.1875 ], [ 127.6875, 35.1875 ], [ 127.6875, 35.1375 ], [ 127.7375, 35.1375 ] ] ] } },
{ "type": "Feature", "properties": { "grad_nT_km": 47.7, "tier": "steep", "score": 2.7 }, "geometry": { "type": "Polygon", "coordinates": [ [ [ 128.3875, 35.1375 ], [ 128.3875, 35.1875 ], [ 128.3375, 35.1875 ], [ 128.3375, 35.1375 ], [ 128.3875, 35.1375 ] ] ] } },
{ "type": "Feature", "properties": { "grad_nT_km": 76.7, "tier": "steep", "score": 1.5 }, "geometry": { "type": "Polygon", "coordinates": [ [ [ 128.4375, 35.1375 ], [ 128.4375, 35.1875 ], [ 128.3875, 35.1875 ], [ 128.3875, 35.1375 ], [ 128.4375, 35.1375 ] ] ] } },
{ "type": "Feature", "properties": { "grad_nT_km": 48.2, "tier": "steep", "score": 2.7 }, "geometry": { "type": "Polygon", "coordinates": [ [ [ 128.4875, 35.1375 ], [ 128.4875, 35.1875 ], [ 128.4375, 35.1875 ], [ 128.4375, 35.1375 ], [ 128.4875, 35.1375 ] ] ] } },
{ "type": "Feature", "properties": { "grad_nT_km": 98.1, "tier": "steep", "score": 1.0 }, "geometry": { "type": "Polygon", "coordinates": [ [ [ 128.5875, 35.1375 ], [ 128.5875, 35.1875 ], [ 128.5375, 35.1875 ], [ 128.5375, 35.1375 ], [ 128.5875, 35.1375 ] ] ] } },
{ "type": "Feature", "properties": { "grad_nT_km": 67.7, "tier": "steep", "score": 1.8 }, "geometry": { "type": "Polygon", "coordinates": [ [ [ 128.6375, 35.1375 ], [ 128.6375, 35.1875 ], [ 128.5875, 35.1875 ], [ 128.5875, 35.1375 ], [ 128.6375, 35.1375 ] ] ] } },
{ "type": "Feature", "properties": { "grad_nT_km": 75.9, "tier": "steep", "score": 1.5 }, "geometry": { "type": "Polygon", "coordinates": [ [ [ 128.6875, 35.1375 ], [ 128.6875, 35.1875 ], [ 128.6375, 35.1875 ], [ 128.6375, 35.1375 ], [ 128.6875, 35.1375 ] ] ] } },
{ "type": "Feature", "properties": { "grad_nT_km": 53.9, "tier": "steep", "score": 2.4 }, "geometry": { "type": "Polygon", "coordinates": [ [ [ 128.7375, 35.1375 ], [ 128.7375, 35.1875 ], [ 128.6875, 35.1875 ], [ 128.6875, 35.1375 ], [ 128.7375, 35.1375 ] ] ] } },
{ "type": "Feature", "properties": { "grad_nT_km": 78.0, "tier": "steep", "score": 1.5 }, "geometry": { "type": "Polygon", "coordinates": [ [ [ 128.8375, 35.1375 ], [ 128.8375, 35.1875 ], [ 128.7875, 35.1875 ], [ 128.7875, 35.1375 ], [ 128.8375, 35.1375 ] ] ] } },
{ "type": "Feature", "properties": { "grad_nT_km": 47.0, "tier": "steep", "score": 2.8 }, "geometry": { "type": "Polygon", "coordinates": [ [ [ 128.8875, 35.1375 ], [ 128.8875, 35.1875 ], [ 128.8375, 35.1875 ], [ 128.8375, 35.1375 ], [ 128.8875, 35.1375 ] ] ] } },
{ "type": "Feature", "properties": { "grad_nT_km": 43.5, "tier": "steep", "score": 3.0 }, "geometry": { "type": "Polygon", "coordinates": [ [ [ 129.0375, 35.1375 ], [ 129.0375, 35.1875 ], [ 128.9875, 35.1875 ], [ 128.9875, 35.1375 ], [ 129.0375, 35.1375 ] ] ] } },
{ "type": "Feature", "properties": { "grad_nT_km": 65.5, "tier": "steep", "score": 1.8 }, "geometry": { "type": "Polygon", "coordinates": [ [ [ 129.1375, 35.1375 ], [ 129.1375, 35.1875 ], [ 129.0875, 35.1875 ], [ 129.0875, 35.1375 ], [ 129.1375, 35.1375 ] ] ] } },
{ "type": "Feature", "properties": { "grad_nT_km": 72.0, "tier": "steep", "score": 1.6 }, "geometry": { "type": "Polygon", "coordinates": [ [ [ 129.2375, 35.1375 ], [ 129.2375, 35.1875 ], [ 129.1875, 35.1875 ], [ 129.1875, 35.1375 ], [ 129.2375, 35.1375 ] ] ] } },
{ "type": "Feature", "properties": { "grad_nT_km": 42.6, "tier": "steep", "score": 3.1 }, "geometry": { "type": "Polygon", "coordinates": [ [ [ 129.2875, 35.1375 ], [ 129.2875, 35.1875 ], [ 129.2375, 35.1875 ], [ 129.2375, 35.1375 ], [ 129.2875, 35.1375 ] ] ] } },
{ "type": "Feature", "properties": { "grad_nT_km": 76.3, "tier": "steep", "score": 1.5 }, "geometry": { "type": "Polygon", "coordinates": [ [ [ 129.3375, 35.1375 ], [ 129.3375, 35.1875 ], [ 129.2875, 35.1875 ], [ 129.2875, 35.1375 ], [ 129.3375, 35.1375 ] ] ] } },
{ "type": "Feature", "properties": { "grad_nT_km": 56.1, "tier": "steep", "score": 2.3 }, "geometry": { "type": "Polygon", "coordinates": [ [ [ 129.3875, 35.1375 ], [ 129.3875, 35.1875 ], [ 129.3375, 35.1875 ], [ 129.3375, 35.1375 ], [ 129.3875, 35.1375 ] ] ] } },
{ "type": "Feature", "properties": { "grad_nT_km": 64.4, "tier": "steep", "score": 1.9 }, "geometry": { "type": "Polygon", "coordinates": [ [ [ 125.9375, 35.1875 ], [ 125.9375, 35.2375 ], [ 125.8875, 35.2375 ], [ 125.8875, 35.1875 ], [ 125.9375, 35.1875 ] ] ] } },
{ "type": "Feature", "properties": { "grad_nT_km": 47.1, "tier": "steep", "score": 2.8 }, "geometry": { "type": "Polygon", "coordinates": [ [ [ 126.1375, 35.1875 ], [ 126.1375, 35.2375 ], [ 126.0875, 35.2375 ], [ 126.0875, 35.1875 ], [ 126.1375, 35.1875 ] ] ] } },
{ "type": "Feature", "properties": { "grad_nT_km": 47.8, "tier": "steep", "score": 2.7 }, "geometry": { "type": "Polygon", "coordinates": [ [ [ 126.2375, 35.1875 ], [ 126.2375, 35.2375 ], [ 126.1875, 35.2375 ], [ 126.1875, 35.1875 ], [ 126.2375, 35.1875 ] ] ] } },
{ "type": "Feature", "properties": { "grad_nT_km": 50.0, "tier": "steep", "score": 2.6 }, "geometry": { "type": "Polygon", "coordinates": [ [ [ 128.0375, 35.1875 ], [ 128.0375, 35.2375 ], [ 127.9875, 35.2375 ], [ 127.9875, 35.1875 ], [ 128.0375, 35.1875 ] ] ] } },
{ "type": "Feature", "properties": { "grad_nT_km": 65.1, "tier": "steep", "score": 1.9 }, "geometry": { "type": "Polygon", "coordinates": [ [ [ 128.3375, 35.1875 ], [ 128.3375, 35.2375 ], [ 128.2875, 35.2375 ], [ 128.2875, 35.1875 ], [ 128.3375, 35.1875 ] ] ] } },
{ "type": "Feature", "properties": { "grad_nT_km": 49.7, "tier": "steep", "score": 2.6 }, "geometry": { "type": "Polygon", "coordinates": [ [ [ 128.4875, 35.1875 ], [ 128.4875, 35.2375 ], [ 128.4375, 35.2375 ], [ 128.4375, 35.1875 ], [ 128.4875, 35.1875 ] ] ] } },
{ "type": "Feature", "properties": { "grad_nT_km": 54.8, "tier": "steep", "score": 2.3 }, "geometry": { "type": "Polygon", "coordinates": [ [ [ 128.5375, 35.1875 ], [ 128.5375, 35.2375 ], [ 128.4875, 35.2375 ], [ 128.4875, 35.1875 ], [ 128.5375, 35.1875 ] ] ] } },
{ "type": "Feature", "properties": { "grad_nT_km": 48.9, "tier": "steep", "score": 2.7 }, "geometry": { "type": "Polygon", "coordinates": [ [ [ 128.5875, 35.1875 ], [ 128.5875, 35.2375 ], [ 128.5375, 35.2375 ], [ 128.5375, 35.1875 ], [ 128.5875, 35.1875 ] ] ] } },
{ "type": "Feature", "properties": { "grad_nT_km": 97.3, "tier": "steep", "score": 1.1 }, "geometry": { "type": "Polygon", "coordinates": [ [ [ 128.7375, 35.1875 ], [ 128.7375, 35.2375 ], [ 128.6875, 35.2375 ], [ 128.6875, 35.1875 ], [ 128.7375, 35.1875 ] ] ] } },
{ "type": "Feature", "properties": { "grad_nT_km": 42.9, "tier": "steep", "score": 3.1 }, "geometry": { "type": "Polygon", "coordinates": [ [ [ 128.8375, 35.1875 ], [ 128.8375, 35.2375 ], [ 128.7875, 35.2375 ], [ 128.7875, 35.1875 ], [ 128.8375, 35.1875 ] ] ] } },
{ "type": "Feature", "properties": { "grad_nT_km": 42.2, "tier": "steep", "score": 3.1 }, "geometry": { "type": "Polygon", "coordinates": [ [ [ 128.9375, 35.1875 ], [ 128.9375, 35.2375 ], [ 128.8875, 35.2375 ], [ 128.8875, 35.1875 ], [ 128.9375, 35.1875 ] ] ] } },
{ "type": "Feature", "properties": { "grad_nT_km": 47.5, "tier": "steep", "score": 2.7 }, "geometry": { "type": "Polygon", "coordinates": [ [ [ 128.9875, 35.1875 ], [ 128.9875, 35.2375 ], [ 128.9375, 35.2375 ], [ 128.9375, 35.1875 ], [ 128.9875, 35.1875 ] ] ] } },
{ "type": "Feature", "properties": { "grad_nT_km": 58.2, "tier": "steep", "score": 2.2 }, "geometry": { "type": "Polygon", "coordinates": [ [ [ 129.0375, 35.1875 ], [ 129.0375, 35.2375 ], [ 128.9875, 35.2375 ], [ 128.9875, 35.1875 ], [ 129.0375, 35.1875 ] ] ] } },
{ "type": "Feature", "properties": { "grad_nT_km": 79.2, "tier": "steep", "score": 1.4 }, "geometry": { "type": "Polygon", "coordinates": [ [ [ 129.2375, 35.1875 ], [ 129.2375, 35.2375 ], [ 129.1875, 35.2375 ], [ 129.1875, 35.1875 ], [ 129.2375, 35.1875 ] ] ] } },
{ "type": "Feature", "properties": { "grad_nT_km": 42.8, "tier": "steep", "score": 3.1 }, "geometry": { "type": "Polygon", "coordinates": [ [ [ 129.3875, 35.1875 ], [ 129.3875, 35.2375 ], [ 129.3375, 35.2375 ], [ 129.3375, 35.1875 ], [ 129.3875, 35.1875 ] ] ] } },
{ "type": "Feature", "properties": { "grad_nT_km": 69.7, "tier": "steep", "score": 1.7 }, "geometry": { "type": "Polygon", "coordinates": [ [ [ 126.1875, 35.2375 ], [ 126.1875, 35.2875 ], [ 126.1375, 35.2875 ], [ 126.1375, 35.2375 ], [ 126.1875, 35.2375 ] ] ] } },
{ "type": "Feature", "properties": { "grad_nT_km": 80.6, "tier": "steep", "score": 1.4 }, "geometry": { "type": "Polygon", "coordinates": [ [ [ 126.8375, 35.2375 ], [ 126.8375, 35.2875 ], [ 126.7875, 35.2875 ], [ 126.7875, 35.2375 ], [ 126.8375, 35.2375 ] ] ] } },
{ "type": "Feature", "properties": { "grad_nT_km": 69.2, "tier": "steep", "score": 1.7 }, "geometry": { "type": "Polygon", "coordinates": [ [ [ 126.8875, 35.2375 ], [ 126.8875, 35.2875 ], [ 126.8375, 35.2875 ], [ 126.8375, 35.2375 ], [ 126.8875, 35.2375 ] ] ] } },
{ "type": "Feature", "properties": { "grad_nT_km": 92.7, "tier": "steep", "score": 1.1 }, "geometry": { "type": "Polygon", "coordinates": [ [ [ 126.9375, 35.2375 ], [ 126.9375, 35.2875 ], [ 126.8875, 35.2875 ], [ 126.8875, 35.2375 ], [ 126.9375, 35.2375 ] ] ] } },
{ "type": "Feature", "properties": { "grad_nT_km": 56.3, "tier": "steep", "score": 2.2 }, "geometry": { "type": "Polygon", "coordinates": [ [ [ 128.4375, 35.2375 ], [ 128.4375, 35.2875 ], [ 128.3875, 35.2875 ], [ 128.3875, 35.2375 ], [ 128.4375, 35.2375 ] ] ] } },
{ "type": "Feature", "properties": { "grad_nT_km": 46.2, "tier": "steep", "score": 2.8 }, "geometry": { "type": "Polygon", "coordinates": [ [ [ 128.4875, 35.2375 ], [ 128.4875, 35.2875 ], [ 128.4375, 35.2875 ], [ 128.4375, 35.2375 ], [ 128.4875, 35.2375 ] ] ] } },
{ "type": "Feature", "properties": { "grad_nT_km": 50.4, "tier": "steep", "score": 2.6 }, "geometry": { "type": "Polygon", "coordinates": [ [ [ 128.5375, 35.2375 ], [ 128.5375, 35.2875 ], [ 128.4875, 35.2875 ], [ 128.4875, 35.2375 ], [ 128.5375, 35.2375 ] ] ] } },
{ "type": "Feature", "properties": { "grad_nT_km": 78.3, "tier": "steep", "score": 1.5 }, "geometry": { "type": "Polygon", "coordinates": [ [ [ 128.7375, 35.2375 ], [ 128.7375, 35.2875 ], [ 128.6875, 35.2875 ], [ 128.6875, 35.2375 ], [ 128.7375, 35.2375 ] ] ] } },
{ "type": "Feature", "properties": { "grad_nT_km": 66.2, "tier": "steep", "score": 1.8 }, "geometry": { "type": "Polygon", "coordinates": [ [ [ 128.7875, 35.2375 ], [ 128.7875, 35.2875 ], [ 128.7375, 35.2875 ], [ 128.7375, 35.2375 ], [ 128.7875, 35.2375 ] ] ] } },
{ "type": "Feature", "properties": { "grad_nT_km": 61.3, "tier": "steep", "score": 2.0 }, "geometry": { "type": "Polygon", "coordinates": [ [ [ 128.9875, 35.2375 ], [ 128.9875, 35.2875 ], [ 128.9375, 35.2875 ], [ 128.9375, 35.2375 ], [ 128.9875, 35.2375 ] ] ] } },
{ "type": "Feature", "properties": { "grad_nT_km": 46.2, "tier": "steep", "score": 2.8 }, "geometry": { "type": "Polygon", "coordinates": [ [ [ 129.0875, 35.2375 ], [ 129.0875, 35.2875 ], [ 129.0375, 35.2875 ], [ 129.0375, 35.2375 ], [ 129.0875, 35.2375 ] ] ] } },
{ "type": "Feature", "properties": { "grad_nT_km": 42.5, "tier": "steep", "score": 3.1 }, "geometry": { "type": "Polygon", "coordinates": [ [ [ 129.1375, 35.2375 ], [ 129.1375, 35.2875 ], [ 129.0875, 35.2875 ], [ 129.0875, 35.2375 ], [ 129.1375, 35.2375 ] ] ] } },
{ "type": "Feature", "properties": { "grad_nT_km": 66.7, "tier": "steep", "score": 1.8 }, "geometry": { "type": "Polygon", "coordinates": [ [ [ 129.1875, 35.2375 ], [ 129.1875, 35.2875 ], [ 129.1375, 35.2875 ], [ 129.1375, 35.2375 ], [ 129.1875, 35.2375 ] ] ] } },
{ "type": "Feature", "properties": { "grad_nT_km": 45.9, "tier": "steep", "score": 2.9 }, "geometry": { "type": "Polygon", "coordinates": [ [ [ 129.2875, 35.2375 ], [ 129.2875, 35.2875 ], [ 129.2375, 35.2875 ], [ 129.2375, 35.2375 ], [ 129.2875, 35.2375 ] ] ] } },
{ "type": "Feature", "properties": { "grad_nT_km": 48.2, "tier": "steep", "score": 2.7 }, "geometry": { "type": "Polygon", "coordinates": [ [ [ 126.4375, 35.2875 ], [ 126.4375, 35.3375 ], [ 126.3875, 35.3375 ], [ 126.3875, 35.2875 ], [ 126.4375, 35.2875 ] ] ] } },
{ "type": "Feature", "properties": { "grad_nT_km": 53.4, "tier": "steep", "score": 2.4 }, "geometry": { "type": "Polygon", "coordinates": [ [ [ 126.4875, 35.2875 ], [ 126.4875, 35.3375 ], [ 126.4375, 35.3375 ], [ 126.4375, 35.2875 ], [ 126.4875, 35.2875 ] ] ] } },
{ "type": "Feature", "properties": { "grad_nT_km": 63.8, "tier": "steep", "score": 1.9 }, "geometry": { "type": "Polygon", "coordinates": [ [ [ 126.8375, 35.2875 ], [ 126.8375, 35.3375 ], [ 126.7875, 35.3375 ], [ 126.7875, 35.2875 ], [ 126.8375, 35.2875 ] ] ] } },
{ "type": "Feature", "properties": { "grad_nT_km": 77.0, "tier": "steep", "score": 1.5 }, "geometry": { "type": "Polygon", "coordinates": [ [ [ 126.8875, 35.2875 ], [ 126.8875, 35.3375 ], [ 126.8375, 35.3375 ], [ 126.8375, 35.2875 ], [ 126.8875, 35.2875 ] ] ] } },
{ "type": "Feature", "properties": { "grad_nT_km": 60.6, "tier": "steep", "score": 2.0 }, "geometry": { "type": "Polygon", "coordinates": [ [ [ 127.0875, 35.2875 ], [ 127.0875, 35.3375 ], [ 127.0375, 35.3375 ], [ 127.0375, 35.2875 ], [ 127.0875, 35.2875 ] ] ] } },
{ "type": "Feature", "properties": { "grad_nT_km": 55.8, "tier": "steep", "score": 2.3 }, "geometry": { "type": "Polygon", "coordinates": [ [ [ 127.1375, 35.2875 ], [ 127.1375, 35.3375 ], [ 127.0875, 35.3375 ], [ 127.0875, 35.2875 ], [ 127.1375, 35.2875 ] ] ] } },
{ "type": "Feature", "properties": { "grad_nT_km": 45.2, "tier": "steep", "score": 2.9 }, "geometry": { "type": "Polygon", "coordinates": [ [ [ 128.0875, 35.2875 ], [ 128.0875, 35.3375 ], [ 128.0375, 35.3375 ], [ 128.0375, 35.2875 ], [ 128.0875, 35.2875 ] ] ] } },
{ "type": "Feature", "properties": { "grad_nT_km": 44.5, "tier": "steep", "score": 3.0 }, "geometry": { "type": "Polygon", "coordinates": [ [ [ 128.7375, 35.2875 ], [ 128.7375, 35.3375 ], [ 128.6875, 35.3375 ], [ 128.6875, 35.2875 ], [ 128.7375, 35.2875 ] ] ] } },
{ "type": "Feature", "properties": { "grad_nT_km": 51.6, "tier": "steep", "score": 2.5 }, "geometry": { "type": "Polygon", "coordinates": [ [ [ 128.8375, 35.2875 ], [ 128.8375, 35.3375 ], [ 128.7875, 35.3375 ], [ 128.7875, 35.2875 ], [ 128.8375, 35.2875 ] ] ] } },
{ "type": "Feature", "properties": { "grad_nT_km": 66.7, "tier": "steep", "score": 1.8 }, "geometry": { "type": "Polygon", "coordinates": [ [ [ 128.9375, 35.2875 ], [ 128.9375, 35.3375 ], [ 128.8875, 35.3375 ], [ 128.8875, 35.2875 ], [ 128.9375, 35.2875 ] ] ] } },
{ "type": "Feature", "properties": { "grad_nT_km": 89.5, "tier": "steep", "score": 1.2 }, "geometry": { "type": "Polygon", "coordinates": [ [ [ 128.9875, 35.2875 ], [ 128.9875, 35.3375 ], [ 128.9375, 35.3375 ], [ 128.9375, 35.2875 ], [ 128.9875, 35.2875 ] ] ] } },
{ "type": "Feature", "properties": { "grad_nT_km": 61.8, "tier": "steep", "score": 2.0 }, "geometry": { "type": "Polygon", "coordinates": [ [ [ 129.0375, 35.2875 ], [ 129.0375, 35.3375 ], [ 128.9875, 35.3375 ], [ 128.9875, 35.2875 ], [ 129.0375, 35.2875 ] ] ] } },
{ "type": "Feature", "properties": { "grad_nT_km": 65.3, "tier": "steep", "score": 1.9 }, "geometry": { "type": "Polygon", "coordinates": [ [ [ 129.0875, 35.2875 ], [ 129.0875, 35.3375 ], [ 129.0375, 35.3375 ], [ 129.0375, 35.2875 ], [ 129.0875, 35.2875 ] ] ] } },
{ "type": "Feature", "properties": { "grad_nT_km": 46.8, "tier": "steep", "score": 2.8 }, "geometry": { "type": "Polygon", "coordinates": [ [ [ 129.2375, 35.2875 ], [ 129.2375, 35.3375 ], [ 129.1875, 35.3375 ], [ 129.1875, 35.2875 ], [ 129.2375, 35.2875 ] ] ] } },
{ "type": "Feature", "properties": { "grad_nT_km": 53.5, "tier": "steep", "score": 2.4 }, "geometry": { "type": "Polygon", "coordinates": [ [ [ 129.2875, 35.2875 ], [ 129.2875, 35.3375 ], [ 129.2375, 35.3375 ], [ 129.2375, 35.2875 ], [ 129.2875, 35.2875 ] ] ] } },
{ "type": "Feature", "properties": { "grad_nT_km": 43.5, "tier": "steep", "score": 3.0 }, "geometry": { "type": "Polygon", "coordinates": [ [ [ 126.3375, 35.3375 ], [ 126.3375, 35.3875 ], [ 126.2875, 35.3875 ], [ 126.2875, 35.3375 ], [ 126.3375, 35.3375 ] ] ] } },
{ "type": "Feature", "properties": { "grad_nT_km": 53.3, "tier": "steep", "score": 2.4 }, "geometry": { "type": "Polygon", "coordinates": [ [ [ 126.3875, 35.3375 ], [ 126.3875, 35.3875 ], [ 126.3375, 35.3875 ], [ 126.3375, 35.3375 ], [ 126.3875, 35.3375 ] ] ] } },
{ "type": "Feature", "properties": { "grad_nT_km": 62.9, "tier": "steep", "score": 1.9 }, "geometry": { "type": "Polygon", "coordinates": [ [ [ 126.8875, 35.3375 ], [ 126.8875, 35.3875 ], [ 126.8375, 35.3875 ], [ 126.8375, 35.3375 ], [ 126.8875, 35.3375 ] ] ] } },
{ "type": "Feature", "properties": { "grad_nT_km": 81.6, "tier": "steep", "score": 1.4 }, "geometry": { "type": "Polygon", "coordinates": [ [ [ 126.9875, 35.3375 ], [ 126.9875, 35.3875 ], [ 126.9375, 35.3875 ], [ 126.9375, 35.3375 ], [ 126.9875, 35.3375 ] ] ] } },
{ "type": "Feature", "properties": { "grad_nT_km": 51.4, "tier": "steep", "score": 2.5 }, "geometry": { "type": "Polygon", "coordinates": [ [ [ 127.0375, 35.3375 ], [ 127.0375, 35.3875 ], [ 126.9875, 35.3875 ], [ 126.9875, 35.3375 ], [ 127.0375, 35.3375 ] ] ] } },
{ "type": "Feature", "properties": { "grad_nT_km": 41.1, "tier": "steep", "score": 3.2 }, "geometry": { "type": "Polygon", "coordinates": [ [ [ 127.0875, 35.3375 ], [ 127.0875, 35.3875 ], [ 127.0375, 35.3875 ], [ 127.0375, 35.3375 ], [ 127.0875, 35.3375 ] ] ] } },
{ "type": "Feature", "properties": { "grad_nT_km": 70.8, "tier": "steep", "score": 1.7 }, "geometry": { "type": "Polygon", "coordinates": [ [ [ 127.1375, 35.3375 ], [ 127.1375, 35.3875 ], [ 127.0875, 35.3875 ], [ 127.0875, 35.3375 ], [ 127.1375, 35.3375 ] ] ] } },
{ "type": "Feature", "properties": { "grad_nT_km": 88.5, "tier": "steep", "score": 1.2 }, "geometry": { "type": "Polygon", "coordinates": [ [ [ 127.6875, 35.3375 ], [ 127.6875, 35.3875 ], [ 127.6375, 35.3875 ], [ 127.6375, 35.3375 ], [ 127.6875, 35.3375 ] ] ] } },
{ "type": "Feature", "properties": { "grad_nT_km": 51.8, "tier": "steep", "score": 2.5 }, "geometry": { "type": "Polygon", "coordinates": [ [ [ 127.9375, 35.3375 ], [ 127.9375, 35.3875 ], [ 127.8875, 35.3875 ], [ 127.8875, 35.3375 ], [ 127.9375, 35.3375 ] ] ] } },
{ "type": "Feature", "properties": { "grad_nT_km": 93.4, "tier": "steep", "score": 1.1 }, "geometry": { "type": "Polygon", "coordinates": [ [ [ 127.9875, 35.3375 ], [ 127.9875, 35.3875 ], [ 127.9375, 35.3875 ], [ 127.9375, 35.3375 ], [ 127.9875, 35.3375 ] ] ] } },
{ "type": "Feature", "properties": { "grad_nT_km": 47.9, "tier": "steep", "score": 2.7 }, "geometry": { "type": "Polygon", "coordinates": [ [ [ 128.2375, 35.3375 ], [ 128.2375, 35.3875 ], [ 128.1875, 35.3875 ], [ 128.1875, 35.3375 ], [ 128.2375, 35.3375 ] ] ] } },
{ "type": "Feature", "properties": { "grad_nT_km": 43.7, "tier": "steep", "score": 3.0 }, "geometry": { "type": "Polygon", "coordinates": [ [ [ 128.2875, 35.3375 ], [ 128.2875, 35.3875 ], [ 128.2375, 35.3875 ], [ 128.2375, 35.3375 ], [ 128.2875, 35.3375 ] ] ] } },
{ "type": "Feature", "properties": { "grad_nT_km": 42.4, "tier": "steep", "score": 3.1 }, "geometry": { "type": "Polygon", "coordinates": [ [ [ 128.6375, 35.3375 ], [ 128.6375, 35.3875 ], [ 128.5875, 35.3875 ], [ 128.5875, 35.3375 ], [ 128.6375, 35.3375 ] ] ] } },
{ "type": "Feature", "properties": { "grad_nT_km": 72.3, "tier": "steep", "score": 1.6 }, "geometry": { "type": "Polygon", "coordinates": [ [ [ 128.8375, 35.3375 ], [ 128.8375, 35.3875 ], [ 128.7875, 35.3875 ], [ 128.7875, 35.3375 ], [ 128.8375, 35.3375 ] ] ] } },
{ "type": "Feature", "properties": { "grad_nT_km": 55.8, "tier": "steep", "score": 2.3 }, "geometry": { "type": "Polygon", "coordinates": [ [ [ 128.8875, 35.3375 ], [ 128.8875, 35.3875 ], [ 128.8375, 35.3875 ], [ 128.8375, 35.3375 ], [ 128.8875, 35.3375 ] ] ] } },
{ "type": "Feature", "properties": { "grad_nT_km": 45.8, "tier": "steep", "score": 2.9 }, "geometry": { "type": "Polygon", "coordinates": [ [ [ 128.9375, 35.3375 ], [ 128.9375, 35.3875 ], [ 128.8875, 35.3875 ], [ 128.8875, 35.3375 ], [ 128.9375, 35.3375 ] ] ] } },
{ "type": "Feature", "properties": { "grad_nT_km": 75.3, "tier": "steep", "score": 1.5 }, "geometry": { "type": "Polygon", "coordinates": [ [ [ 129.0375, 35.3375 ], [ 129.0375, 35.3875 ], [ 128.9875, 35.3875 ], [ 128.9875, 35.3375 ], [ 129.0375, 35.3375 ] ] ] } },
{ "type": "Feature", "properties": { "grad_nT_km": 54.4, "tier": "steep", "score": 2.3 }, "geometry": { "type": "Polygon", "coordinates": [ [ [ 129.0875, 35.3375 ], [ 129.0875, 35.3875 ], [ 129.0375, 35.3875 ], [ 129.0375, 35.3375 ], [ 129.0875, 35.3375 ] ] ] } },
{ "type": "Feature", "properties": { "grad_nT_km": 41.8, "tier": "steep", "score": 3.2 }, "geometry": { "type": "Polygon", "coordinates": [ [ [ 129.1375, 35.3375 ], [ 129.1375, 35.3875 ], [ 129.0875, 35.3875 ], [ 129.0875, 35.3375 ], [ 129.1375, 35.3375 ] ] ] } },
{ "type": "Feature", "properties": { "grad_nT_km": 69.4, "tier": "steep", "score": 1.7 }, "geometry": { "type": "Polygon", "coordinates": [ [ [ 129.2875, 35.3375 ], [ 129.2875, 35.3875 ], [ 129.2375, 35.3875 ], [ 129.2375, 35.3375 ], [ 129.2875, 35.3375 ] ] ] } },
{ "type": "Feature", "properties": { "grad_nT_km": 42.3, "tier": "steep", "score": 3.1 }, "geometry": { "type": "Polygon", "coordinates": [ [ [ 129.3875, 35.3375 ], [ 129.3875, 35.3875 ], [ 129.3375, 35.3875 ], [ 129.3375, 35.3375 ], [ 129.3875, 35.3375 ] ] ] } },
{ "type": "Feature", "properties": { "grad_nT_km": 42.8, "tier": "steep", "score": 3.1 }, "geometry": { "type": "Polygon", "coordinates": [ [ [ 126.4375, 35.3875 ], [ 126.4375, 35.4375 ], [ 126.3875, 35.4375 ], [ 126.3875, 35.3875 ], [ 126.4375, 35.3875 ] ] ] } },
{ "type": "Feature", "properties": { "grad_nT_km": 48.7, "tier": "steep", "score": 2.7 }, "geometry": { "type": "Polygon", "coordinates": [ [ [ 126.6375, 35.3875 ], [ 126.6375, 35.4375 ], [ 126.5875, 35.4375 ], [ 126.5875, 35.3875 ], [ 126.6375, 35.3875 ] ] ] } },
{ "type": "Feature", "properties": { "grad_nT_km": 46.0, "tier": "steep", "score": 2.8 }, "geometry": { "type": "Polygon", "coordinates": [ [ [ 126.6875, 35.3875 ], [ 126.6875, 35.4375 ], [ 126.6375, 35.4375 ], [ 126.6375, 35.3875 ], [ 126.6875, 35.3875 ] ] ] } },
{ "type": "Feature", "properties": { "grad_nT_km": 50.3, "tier": "steep", "score": 2.6 }, "geometry": { "type": "Polygon", "coordinates": [ [ [ 126.7875, 35.3875 ], [ 126.7875, 35.4375 ], [ 126.7375, 35.4375 ], [ 126.7375, 35.3875 ], [ 126.7875, 35.3875 ] ] ] } },
{ "type": "Feature", "properties": { "grad_nT_km": 40.6, "tier": "steep", "score": 3.3 }, "geometry": { "type": "Polygon", "coordinates": [ [ [ 126.8375, 35.3875 ], [ 126.8375, 35.4375 ], [ 126.7875, 35.4375 ], [ 126.7875, 35.3875 ], [ 126.8375, 35.3875 ] ] ] } },
{ "type": "Feature", "properties": { "grad_nT_km": 77.6, "tier": "steep", "score": 1.5 }, "geometry": { "type": "Polygon", "coordinates": [ [ [ 126.9375, 35.3875 ], [ 126.9375, 35.4375 ], [ 126.8875, 35.4375 ], [ 126.8875, 35.3875 ], [ 126.9375, 35.3875 ] ] ] } },
{ "type": "Feature", "properties": { "grad_nT_km": 92.1, "tier": "steep", "score": 1.1 }, "geometry": { "type": "Polygon", "coordinates": [ [ [ 126.9875, 35.3875 ], [ 126.9875, 35.4375 ], [ 126.9375, 35.4375 ], [ 126.9375, 35.3875 ], [ 126.9875, 35.3875 ] ] ] } },
{ "type": "Feature", "properties": { "grad_nT_km": 57.1, "tier": "steep", "score": 2.2 }, "geometry": { "type": "Polygon", "coordinates": [ [ [ 127.0875, 35.3875 ], [ 127.0875, 35.4375 ], [ 127.0375, 35.4375 ], [ 127.0375, 35.3875 ], [ 127.0875, 35.3875 ] ] ] } },
{ "type": "Feature", "properties": { "grad_nT_km": 76.1, "tier": "steep", "score": 1.5 }, "geometry": { "type": "Polygon", "coordinates": [ [ [ 127.6875, 35.3875 ], [ 127.6875, 35.4375 ], [ 127.6375, 35.4375 ], [ 127.6375, 35.3875 ], [ 127.6875, 35.3875 ] ] ] } },
{ "type": "Feature", "properties": { "grad_nT_km": 54.2, "tier": "steep", "score": 2.3 }, "geometry": { "type": "Polygon", "coordinates": [ [ [ 127.7375, 35.3875 ], [ 127.7375, 35.4375 ], [ 127.6875, 35.4375 ], [ 127.6875, 35.3875 ], [ 127.7375, 35.3875 ] ] ] } },
{ "type": "Feature", "properties": { "grad_nT_km": 47.7, "tier": "steep", "score": 2.7 }, "geometry": { "type": "Polygon", "coordinates": [ [ [ 127.8875, 35.3875 ], [ 127.8875, 35.4375 ], [ 127.8375, 35.4375 ], [ 127.8375, 35.3875 ], [ 127.8875, 35.3875 ] ] ] } },
{ "type": "Feature", "properties": { "grad_nT_km": 41.4, "tier": "steep", "score": 3.2 }, "geometry": { "type": "Polygon", "coordinates": [ [ [ 128.2375, 35.3875 ], [ 128.2375, 35.4375 ], [ 128.1875, 35.4375 ], [ 128.1875, 35.3875 ], [ 128.2375, 35.3875 ] ] ] } },
{ "type": "Feature", "properties": { "grad_nT_km": 44.3, "tier": "steep", "score": 3.0 }, "geometry": { "type": "Polygon", "coordinates": [ [ [ 128.6875, 35.3875 ], [ 128.6875, 35.4375 ], [ 128.6375, 35.4375 ], [ 128.6375, 35.3875 ], [ 128.6875, 35.3875 ] ] ] } },
{ "type": "Feature", "properties": { "grad_nT_km": 58.2, "tier": "steep", "score": 2.2 }, "geometry": { "type": "Polygon", "coordinates": [ [ [ 128.7375, 35.3875 ], [ 128.7375, 35.4375 ], [ 128.6875, 35.4375 ], [ 128.6875, 35.3875 ], [ 128.7375, 35.3875 ] ] ] } },
{ "type": "Feature", "properties": { "grad_nT_km": 55.5, "tier": "steep", "score": 2.3 }, "geometry": { "type": "Polygon", "coordinates": [ [ [ 128.8375, 35.3875 ], [ 128.8375, 35.4375 ], [ 128.7875, 35.4375 ], [ 128.7875, 35.3875 ], [ 128.8375, 35.3875 ] ] ] } },
{ "type": "Feature", "properties": { "grad_nT_km": 93.6, "tier": "steep", "score": 1.1 }, "geometry": { "type": "Polygon", "coordinates": [ [ [ 128.8875, 35.3875 ], [ 128.8875, 35.4375 ], [ 128.8375, 35.4375 ], [ 128.8375, 35.3875 ], [ 128.8875, 35.3875 ] ] ] } },
{ "type": "Feature", "properties": { "grad_nT_km": 40.4, "tier": "steep", "score": 3.3 }, "geometry": { "type": "Polygon", "coordinates": [ [ [ 128.9375, 35.3875 ], [ 128.9375, 35.4375 ], [ 128.8875, 35.4375 ], [ 128.8875, 35.3875 ], [ 128.9375, 35.3875 ] ] ] } },
{ "type": "Feature", "properties": { "grad_nT_km": 69.0, "tier": "steep", "score": 1.7 }, "geometry": { "type": "Polygon", "coordinates": [ [ [ 129.1375, 35.3875 ], [ 129.1375, 35.4375 ], [ 129.0875, 35.4375 ], [ 129.0875, 35.3875 ], [ 129.1375, 35.3875 ] ] ] } },
{ "type": "Feature", "properties": { "grad_nT_km": 45.5, "tier": "steep", "score": 2.9 }, "geometry": { "type": "Polygon", "coordinates": [ [ [ 129.2375, 35.3875 ], [ 129.2375, 35.4375 ], [ 129.1875, 35.4375 ], [ 129.1875, 35.3875 ], [ 129.2375, 35.3875 ] ] ] } },
{ "type": "Feature", "properties": { "grad_nT_km": 86.8, "tier": "steep", "score": 1.3 }, "geometry": { "type": "Polygon", "coordinates": [ [ [ 129.3375, 35.3875 ], [ 129.3375, 35.4375 ], [ 129.2875, 35.4375 ], [ 129.2875, 35.3875 ], [ 129.3375, 35.3875 ] ] ] } },
{ "type": "Feature", "properties": { "grad_nT_km": 50.8, "tier": "steep", "score": 2.5 }, "geometry": { "type": "Polygon", "coordinates": [ [ [ 129.3875, 35.3875 ], [ 129.3875, 35.4375 ], [ 129.3375, 35.4375 ], [ 129.3375, 35.3875 ], [ 129.3875, 35.3875 ] ] ] } },
{ "type": "Feature", "properties": { "grad_nT_km": 80.6, "tier": "steep", "score": 1.4 }, "geometry": { "type": "Polygon", "coordinates": [ [ [ 126.5875, 35.4375 ], [ 126.5875, 35.4875 ], [ 126.5375, 35.4875 ], [ 126.5375, 35.4375 ], [ 126.5875, 35.4375 ] ] ] } },
{ "type": "Feature", "properties": { "grad_nT_km": 42.6, "tier": "steep", "score": 3.1 }, "geometry": { "type": "Polygon", "coordinates": [ [ [ 126.6375, 35.4375 ], [ 126.6375, 35.4875 ], [ 126.5875, 35.4875 ], [ 126.5875, 35.4375 ], [ 126.6375, 35.4375 ] ] ] } },
{ "type": "Feature", "properties": { "grad_nT_km": 54.7, "tier": "steep", "score": 2.3 }, "geometry": { "type": "Polygon", "coordinates": [ [ [ 126.6875, 35.4375 ], [ 126.6875, 35.4875 ], [ 126.6375, 35.4875 ], [ 126.6375, 35.4375 ], [ 126.6875, 35.4375 ] ] ] } },
{ "type": "Feature", "properties": { "grad_nT_km": 77.2, "tier": "steep", "score": 1.5 }, "geometry": { "type": "Polygon", "coordinates": [ [ [ 126.7375, 35.4375 ], [ 126.7375, 35.4875 ], [ 126.6875, 35.4875 ], [ 126.6875, 35.4375 ], [ 126.7375, 35.4375 ] ] ] } },
{ "type": "Feature", "properties": { "grad_nT_km": 77.2, "tier": "steep", "score": 1.5 }, "geometry": { "type": "Polygon", "coordinates": [ [ [ 126.7875, 35.4375 ], [ 126.7875, 35.4875 ], [ 126.7375, 35.4875 ], [ 126.7375, 35.4375 ], [ 126.7875, 35.4375 ] ] ] } },
{ "type": "Feature", "properties": { "grad_nT_km": 74.4, "tier": "steep", "score": 1.6 }, "geometry": { "type": "Polygon", "coordinates": [ [ [ 126.8875, 35.4375 ], [ 126.8875, 35.4875 ], [ 126.8375, 35.4875 ], [ 126.8375, 35.4375 ], [ 126.8875, 35.4375 ] ] ] } },
{ "type": "Feature", "properties": { "grad_nT_km": 90.3, "tier": "steep", "score": 1.2 }, "geometry": { "type": "Polygon", "coordinates": [ [ [ 126.9375, 35.4375 ], [ 126.9375, 35.4875 ], [ 126.8875, 35.4875 ], [ 126.8875, 35.4375 ], [ 126.9375, 35.4375 ] ] ] } },
{ "type": "Feature", "properties": { "grad_nT_km": 58.2, "tier": "steep", "score": 2.1 }, "geometry": { "type": "Polygon", "coordinates": [ [ [ 126.9875, 35.4375 ], [ 126.9875, 35.4875 ], [ 126.9375, 35.4875 ], [ 126.9375, 35.4375 ], [ 126.9875, 35.4375 ] ] ] } },
{ "type": "Feature", "properties": { "grad_nT_km": 87.3, "tier": "steep", "score": 1.2 }, "geometry": { "type": "Polygon", "coordinates": [ [ [ 127.0375, 35.4375 ], [ 127.0375, 35.4875 ], [ 126.9875, 35.4875 ], [ 126.9875, 35.4375 ], [ 127.0375, 35.4375 ] ] ] } },
{ "type": "Feature", "properties": { "grad_nT_km": 62.9, "tier": "steep", "score": 1.9 }, "geometry": { "type": "Polygon", "coordinates": [ [ [ 127.0875, 35.4375 ], [ 127.0875, 35.4875 ], [ 127.0375, 35.4875 ], [ 127.0375, 35.4375 ], [ 127.0875, 35.4375 ] ] ] } },
{ "type": "Feature", "properties": { "grad_nT_km": 78.2, "tier": "steep", "score": 1.5 }, "geometry": { "type": "Polygon", "coordinates": [ [ [ 127.2375, 35.4375 ], [ 127.2375, 35.4875 ], [ 127.1875, 35.4875 ], [ 127.1875, 35.4375 ], [ 127.2375, 35.4375 ] ] ] } },
{ "type": "Feature", "properties": { "grad_nT_km": 60.0, "tier": "steep", "score": 2.1 }, "geometry": { "type": "Polygon", "coordinates": [ [ [ 127.2875, 35.4375 ], [ 127.2875, 35.4875 ], [ 127.2375, 35.4875 ], [ 127.2375, 35.4375 ], [ 127.2875, 35.4375 ] ] ] } },
{ "type": "Feature", "properties": { "grad_nT_km": 55.9, "tier": "steep", "score": 2.3 }, "geometry": { "type": "Polygon", "coordinates": [ [ [ 128.1375, 35.4375 ], [ 128.1375, 35.4875 ], [ 128.0875, 35.4875 ], [ 128.0875, 35.4375 ], [ 128.1375, 35.4375 ] ] ] } },
{ "type": "Feature", "properties": { "grad_nT_km": 97.3, "tier": "steep", "score": 1.1 }, "geometry": { "type": "Polygon", "coordinates": [ [ [ 128.2875, 35.4375 ], [ 128.2875, 35.4875 ], [ 128.2375, 35.4875 ], [ 128.2375, 35.4375 ], [ 128.2875, 35.4375 ] ] ] } },
{ "type": "Feature", "properties": { "grad_nT_km": 64.1, "tier": "steep", "score": 1.9 }, "geometry": { "type": "Polygon", "coordinates": [ [ [ 128.6875, 35.4375 ], [ 128.6875, 35.4875 ], [ 128.6375, 35.4875 ], [ 128.6375, 35.4375 ], [ 128.6875, 35.4375 ] ] ] } },
{ "type": "Feature", "properties": { "grad_nT_km": 43.0, "tier": "steep", "score": 3.1 }, "geometry": { "type": "Polygon", "coordinates": [ [ [ 128.7375, 35.4375 ], [ 128.7375, 35.4875 ], [ 128.6875, 35.4875 ], [ 128.6875, 35.4375 ], [ 128.7375, 35.4375 ] ] ] } },
{ "type": "Feature", "properties": { "grad_nT_km": 86.9, "tier": "steep", "score": 1.2 }, "geometry": { "type": "Polygon", "coordinates": [ [ [ 128.7875, 35.4375 ], [ 128.7875, 35.4875 ], [ 128.7375, 35.4875 ], [ 128.7375, 35.4375 ], [ 128.7875, 35.4375 ] ] ] } },
{ "type": "Feature", "properties": { "grad_nT_km": 91.3, "tier": "steep", "score": 1.2 }, "geometry": { "type": "Polygon", "coordinates": [ [ [ 128.9375, 35.4375 ], [ 128.9375, 35.4875 ], [ 128.8875, 35.4875 ], [ 128.8875, 35.4375 ], [ 128.9375, 35.4375 ] ] ] } },
{ "type": "Feature", "properties": { "grad_nT_km": 48.9, "tier": "steep", "score": 2.7 }, "geometry": { "type": "Polygon", "coordinates": [ [ [ 128.9875, 35.4375 ], [ 128.9875, 35.4875 ], [ 128.9375, 35.4875 ], [ 128.9375, 35.4375 ], [ 128.9875, 35.4375 ] ] ] } },
{ "type": "Feature", "properties": { "grad_nT_km": 42.3, "tier": "steep", "score": 3.1 }, "geometry": { "type": "Polygon", "coordinates": [ [ [ 129.0875, 35.4375 ], [ 129.0875, 35.4875 ], [ 129.0375, 35.4875 ], [ 129.0375, 35.4375 ], [ 129.0875, 35.4375 ] ] ] } },
{ "type": "Feature", "properties": { "grad_nT_km": 46.0, "tier": "steep", "score": 2.8 }, "geometry": { "type": "Polygon", "coordinates": [ [ [ 129.3875, 35.4375 ], [ 129.3875, 35.4875 ], [ 129.3375, 35.4875 ], [ 129.3375, 35.4375 ], [ 129.3875, 35.4375 ] ] ] } },
{ "type": "Feature", "properties": { "grad_nT_km": 41.1, "tier": "steep", "score": 3.2 }, "geometry": { "type": "Polygon", "coordinates": [ [ [ 129.4375, 35.4375 ], [ 129.4375, 35.4875 ], [ 129.3875, 35.4875 ], [ 129.3875, 35.4375 ], [ 129.4375, 35.4375 ] ] ] } },
{ "type": "Feature", "properties": { "grad_nT_km": 80.1, "tier": "steep", "score": 1.4 }, "geometry": { "type": "Polygon", "coordinates": [ [ [ 126.5875, 35.4875 ], [ 126.5875, 35.5375 ], [ 126.5375, 35.5375 ], [ 126.5375, 35.4875 ], [ 126.5875, 35.4875 ] ] ] } },
{ "type": "Feature", "properties": { "grad_nT_km": 40.9, "tier": "steep", "score": 3.2 }, "geometry": { "type": "Polygon", "coordinates": [ [ [ 126.6375, 35.4875 ], [ 126.6375, 35.5375 ], [ 126.5875, 35.5375 ], [ 126.5875, 35.4875 ], [ 126.6375, 35.4875 ] ] ] } },
{ "type": "Feature", "properties": { "grad_nT_km": 52.2, "tier": "steep", "score": 2.5 }, "geometry": { "type": "Polygon", "coordinates": [ [ [ 126.7375, 35.4875 ], [ 126.7375, 35.5375 ], [ 126.6875, 35.5375 ], [ 126.6875, 35.4875 ], [ 126.7375, 35.4875 ] ] ] } },
{ "type": "Feature", "properties": { "grad_nT_km": 44.8, "tier": "steep", "score": 2.9 }, "geometry": { "type": "Polygon", "coordinates": [ [ [ 126.8375, 35.4875 ], [ 126.8375, 35.5375 ], [ 126.7875, 35.5375 ], [ 126.7875, 35.4875 ], [ 126.8375, 35.4875 ] ] ] } },
{ "type": "Feature", "properties": { "grad_nT_km": 72.8, "tier": "steep", "score": 1.6 }, "geometry": { "type": "Polygon", "coordinates": [ [ [ 126.8875, 35.4875 ], [ 126.8875, 35.5375 ], [ 126.8375, 35.5375 ], [ 126.8375, 35.4875 ], [ 126.8875, 35.4875 ] ] ] } },
{ "type": "Feature", "properties": { "grad_nT_km": 43.5, "tier": "steep", "score": 3.0 }, "geometry": { "type": "Polygon", "coordinates": [ [ [ 127.0375, 35.4875 ], [ 127.0375, 35.5375 ], [ 126.9875, 35.5375 ], [ 126.9875, 35.4875 ], [ 127.0375, 35.4875 ] ] ] } },
{ "type": "Feature", "properties": { "grad_nT_km": 63.3, "tier": "steep", "score": 1.9 }, "geometry": { "type": "Polygon", "coordinates": [ [ [ 127.0875, 35.4875 ], [ 127.0875, 35.5375 ], [ 127.0375, 35.5375 ], [ 127.0375, 35.4875 ], [ 127.0875, 35.4875 ] ] ] } },
{ "type": "Feature", "properties": { "grad_nT_km": 65.4, "tier": "steep", "score": 1.9 }, "geometry": { "type": "Polygon", "coordinates": [ [ [ 127.1375, 35.4875 ], [ 127.1375, 35.5375 ], [ 127.0875, 35.5375 ], [ 127.0875, 35.4875 ], [ 127.1375, 35.4875 ] ] ] } },
{ "type": "Feature", "properties": { "grad_nT_km": 45.8, "tier": "steep", "score": 2.9 }, "geometry": { "type": "Polygon", "coordinates": [ [ [ 127.1875, 35.4875 ], [ 127.1875, 35.5375 ], [ 127.1375, 35.5375 ], [ 127.1375, 35.4875 ], [ 127.1875, 35.4875 ] ] ] } },
{ "type": "Feature", "properties": { "grad_nT_km": 62.5, "tier": "steep", "score": 2.0 }, "geometry": { "type": "Polygon", "coordinates": [ [ [ 127.9875, 35.4875 ], [ 127.9875, 35.5375 ], [ 127.9375, 35.5375 ], [ 127.9375, 35.4875 ], [ 127.9875, 35.4875 ] ] ] } },
{ "type": "Feature", "properties": { "grad_nT_km": 42.7, "tier": "steep", "score": 3.1 }, "geometry": { "type": "Polygon", "coordinates": [ [ [ 128.6875, 35.4875 ], [ 128.6875, 35.5375 ], [ 128.6375, 35.5375 ], [ 128.6375, 35.4875 ], [ 128.6875, 35.4875 ] ] ] } },
{ "type": "Feature", "properties": { "grad_nT_km": 92.4, "tier": "steep", "score": 1.1 }, "geometry": { "type": "Polygon", "coordinates": [ [ [ 128.7875, 35.4875 ], [ 128.7875, 35.5375 ], [ 128.7375, 35.5375 ], [ 128.7375, 35.4875 ], [ 128.7875, 35.4875 ] ] ] } },
{ "type": "Feature", "properties": { "grad_nT_km": 74.5, "tier": "steep", "score": 1.6 }, "geometry": { "type": "Polygon", "coordinates": [ [ [ 128.8375, 35.4875 ], [ 128.8375, 35.5375 ], [ 128.7875, 35.5375 ], [ 128.7875, 35.4875 ], [ 128.8375, 35.4875 ] ] ] } },
{ "type": "Feature", "properties": { "grad_nT_km": 67.8, "tier": "steep", "score": 1.8 }, "geometry": { "type": "Polygon", "coordinates": [ [ [ 128.8875, 35.4875 ], [ 128.8875, 35.5375 ], [ 128.8375, 35.5375 ], [ 128.8375, 35.4875 ], [ 128.8875, 35.4875 ] ] ] } },
{ "type": "Feature", "properties": { "grad_nT_km": 68.6, "tier": "steep", "score": 1.7 }, "geometry": { "type": "Polygon", "coordinates": [ [ [ 129.0375, 35.4875 ], [ 129.0375, 35.5375 ], [ 128.9875, 35.5375 ], [ 128.9875, 35.4875 ], [ 129.0375, 35.4875 ] ] ] } },
{ "type": "Feature", "properties": { "grad_nT_km": 57.7, "tier": "steep", "score": 2.2 }, "geometry": { "type": "Polygon", "coordinates": [ [ [ 129.1375, 35.4875 ], [ 129.1375, 35.5375 ], [ 129.0875, 35.5375 ], [ 129.0875, 35.4875 ], [ 129.1375, 35.4875 ] ] ] } },
{ "type": "Feature", "properties": { "grad_nT_km": 49.4, "tier": "steep", "score": 2.6 }, "geometry": { "type": "Polygon", "coordinates": [ [ [ 129.1875, 35.4875 ], [ 129.1875, 35.5375 ], [ 129.1375, 35.5375 ], [ 129.1375, 35.4875 ], [ 129.1875, 35.4875 ] ] ] } },
{ "type": "Feature", "properties": { "grad_nT_km": 46.3, "tier": "steep", "score": 2.8 }, "geometry": { "type": "Polygon", "coordinates": [ [ [ 129.2875, 35.4875 ], [ 129.2875, 35.5375 ], [ 129.2375, 35.5375 ], [ 129.2375, 35.4875 ], [ 129.2875, 35.4875 ] ] ] } },
{ "type": "Feature", "properties": { "grad_nT_km": 44.5, "tier": "steep", "score": 3.0 }, "geometry": { "type": "Polygon", "coordinates": [ [ [ 129.3375, 35.4875 ], [ 129.3375, 35.5375 ], [ 129.2875, 35.5375 ], [ 129.2875, 35.4875 ], [ 129.3375, 35.4875 ] ] ] } },
{ "type": "Feature", "properties": { "grad_nT_km": 59.8, "tier": "steep", "score": 2.1 }, "geometry": { "type": "Polygon", "coordinates": [ [ [ 126.4875, 35.5375 ], [ 126.4875, 35.5875 ], [ 126.4375, 35.5875 ], [ 126.4375, 35.5375 ], [ 126.4875, 35.5375 ] ] ] } },
{ "type": "Feature", "properties": { "grad_nT_km": 74.9, "tier": "steep", "score": 1.5 }, "geometry": { "type": "Polygon", "coordinates": [ [ [ 126.5375, 35.5375 ], [ 126.5375, 35.5875 ], [ 126.4875, 35.5875 ], [ 126.4875, 35.5375 ], [ 126.5375, 35.5375 ] ] ] } },
{ "type": "Feature", "properties": { "grad_nT_km": 49.0, "tier": "steep", "score": 2.6 }, "geometry": { "type": "Polygon", "coordinates": [ [ [ 126.5875, 35.5375 ], [ 126.5875, 35.5875 ], [ 126.5375, 35.5875 ], [ 126.5375, 35.5375 ], [ 126.5875, 35.5375 ] ] ] } },
{ "type": "Feature", "properties": { "grad_nT_km": 76.4, "tier": "steep", "score": 1.5 }, "geometry": { "type": "Polygon", "coordinates": [ [ [ 127.0375, 35.5375 ], [ 127.0375, 35.5875 ], [ 126.9875, 35.5875 ], [ 126.9875, 35.5375 ], [ 127.0375, 35.5375 ] ] ] } },
{ "type": "Feature", "properties": { "grad_nT_km": 88.1, "tier": "steep", "score": 1.2 }, "geometry": { "type": "Polygon", "coordinates": [ [ [ 127.0875, 35.5375 ], [ 127.0875, 35.5875 ], [ 127.0375, 35.5875 ], [ 127.0375, 35.5375 ], [ 127.0875, 35.5375 ] ] ] } },
{ "type": "Feature", "properties": { "grad_nT_km": 51.6, "tier": "steep", "score": 2.5 }, "geometry": { "type": "Polygon", "coordinates": [ [ [ 128.0375, 35.5375 ], [ 128.0375, 35.5875 ], [ 127.9875, 35.5875 ], [ 127.9875, 35.5375 ], [ 128.0375, 35.5375 ] ] ] } },
{ "type": "Feature", "properties": { "grad_nT_km": 51.8, "tier": "steep", "score": 2.5 }, "geometry": { "type": "Polygon", "coordinates": [ [ [ 128.0875, 35.5375 ], [ 128.0875, 35.5875 ], [ 128.0375, 35.5875 ], [ 128.0375, 35.5375 ], [ 128.0875, 35.5375 ] ] ] } },
{ "type": "Feature", "properties": { "grad_nT_km": 43.5, "tier": "steep", "score": 3.0 }, "geometry": { "type": "Polygon", "coordinates": [ [ [ 128.5375, 35.5375 ], [ 128.5375, 35.5875 ], [ 128.4875, 35.5875 ], [ 128.4875, 35.5375 ], [ 128.5375, 35.5375 ] ] ] } },
{ "type": "Feature", "properties": { "grad_nT_km": 52.4, "tier": "steep", "score": 2.4 }, "geometry": { "type": "Polygon", "coordinates": [ [ [ 128.6375, 35.5375 ], [ 128.6375, 35.5875 ], [ 128.5875, 35.5875 ], [ 128.5875, 35.5375 ], [ 128.6375, 35.5375 ] ] ] } },
{ "type": "Feature", "properties": { "grad_nT_km": 68.4, "tier": "steep", "score": 1.7 }, "geometry": { "type": "Polygon", "coordinates": [ [ [ 128.6875, 35.5375 ], [ 128.6875, 35.5875 ], [ 128.6375, 35.5875 ], [ 128.6375, 35.5375 ], [ 128.6875, 35.5375 ] ] ] } },
{ "type": "Feature", "properties": { "grad_nT_km": 73.7, "tier": "steep", "score": 1.6 }, "geometry": { "type": "Polygon", "coordinates": [ [ [ 128.7375, 35.5375 ], [ 128.7375, 35.5875 ], [ 128.6875, 35.5875 ], [ 128.6875, 35.5375 ], [ 128.7375, 35.5375 ] ] ] } },
{ "type": "Feature", "properties": { "grad_nT_km": 42.4, "tier": "steep", "score": 3.1 }, "geometry": { "type": "Polygon", "coordinates": [ [ [ 128.8875, 35.5375 ], [ 128.8875, 35.5875 ], [ 128.8375, 35.5875 ], [ 128.8375, 35.5375 ], [ 128.8875, 35.5375 ] ] ] } },
{ "type": "Feature", "properties": { "grad_nT_km": 63.8, "tier": "steep", "score": 1.9 }, "geometry": { "type": "Polygon", "coordinates": [ [ [ 128.9875, 35.5375 ], [ 128.9875, 35.5875 ], [ 128.9375, 35.5875 ], [ 128.9375, 35.5375 ], [ 128.9875, 35.5375 ] ] ] } },
{ "type": "Feature", "properties": { "grad_nT_km": 54.2, "tier": "steep", "score": 2.3 }, "geometry": { "type": "Polygon", "coordinates": [ [ [ 129.0875, 35.5375 ], [ 129.0875, 35.5875 ], [ 129.0375, 35.5875 ], [ 129.0375, 35.5375 ], [ 129.0875, 35.5375 ] ] ] } },
{ "type": "Feature", "properties": { "grad_nT_km": 59.4, "tier": "steep", "score": 2.1 }, "geometry": { "type": "Polygon", "coordinates": [ [ [ 126.3375, 35.5875 ], [ 126.3375, 35.6375 ], [ 126.2875, 35.6375 ], [ 126.2875, 35.5875 ], [ 126.3375, 35.5875 ] ] ] } },
{ "type": "Feature", "properties": { "grad_nT_km": 84.8, "tier": "steep", "score": 1.3 }, "geometry": { "type": "Polygon", "coordinates": [ [ [ 126.4875, 35.5875 ], [ 126.4875, 35.6375 ], [ 126.4375, 35.6375 ], [ 126.4375, 35.5875 ], [ 126.4875, 35.5875 ] ] ] } },
{ "type": "Feature", "properties": { "grad_nT_km": 92.6, "tier": "steep", "score": 1.1 }, "geometry": { "type": "Polygon", "coordinates": [ [ [ 126.5375, 35.5875 ], [ 126.5375, 35.6375 ], [ 126.4875, 35.6375 ], [ 126.4875, 35.5875 ], [ 126.5375, 35.5875 ] ] ] } },
{ "type": "Feature", "properties": { "grad_nT_km": 59.3, "tier": "steep", "score": 2.1 }, "geometry": { "type": "Polygon", "coordinates": [ [ [ 127.3875, 35.5875 ], [ 127.3875, 35.6375 ], [ 127.3375, 35.6375 ], [ 127.3375, 35.5875 ], [ 127.3875, 35.5875 ] ] ] } },
{ "type": "Feature", "properties": { "grad_nT_km": 45.5, "tier": "steep", "score": 2.9 }, "geometry": { "type": "Polygon", "coordinates": [ [ [ 127.4375, 35.5875 ], [ 127.4375, 35.6375 ], [ 127.3875, 35.6375 ], [ 127.3875, 35.5875 ], [ 127.4375, 35.5875 ] ] ] } },
{ "type": "Feature", "properties": { "grad_nT_km": 46.0, "tier": "steep", "score": 2.8 }, "geometry": { "type": "Polygon", "coordinates": [ [ [ 127.4875, 35.5875 ], [ 127.4875, 35.6375 ], [ 127.4375, 35.6375 ], [ 127.4375, 35.5875 ], [ 127.4875, 35.5875 ] ] ] } },
{ "type": "Feature", "properties": { "grad_nT_km": 42.2, "tier": "steep", "score": 3.1 }, "geometry": { "type": "Polygon", "coordinates": [ [ [ 127.8875, 35.5875 ], [ 127.8875, 35.6375 ], [ 127.8375, 35.6375 ], [ 127.8375, 35.5875 ], [ 127.8875, 35.5875 ] ] ] } },
{ "type": "Feature", "properties": { "grad_nT_km": 63.6, "tier": "steep", "score": 1.9 }, "geometry": { "type": "Polygon", "coordinates": [ [ [ 127.9875, 35.5875 ], [ 127.9875, 35.6375 ], [ 127.9375, 35.6375 ], [ 127.9375, 35.5875 ], [ 127.9875, 35.5875 ] ] ] } },
{ "type": "Feature", "properties": { "grad_nT_km": 91.7, "tier": "steep", "score": 1.2 }, "geometry": { "type": "Polygon", "coordinates": [ [ [ 128.0375, 35.5875 ], [ 128.0375, 35.6375 ], [ 127.9875, 35.6375 ], [ 127.9875, 35.5875 ], [ 128.0375, 35.5875 ] ] ] } },
{ "type": "Feature", "properties": { "grad_nT_km": 86.7, "tier": "steep", "score": 1.3 }, "geometry": { "type": "Polygon", "coordinates": [ [ [ 128.0875, 35.5875 ], [ 128.0875, 35.6375 ], [ 128.0375, 35.6375 ], [ 128.0375, 35.5875 ], [ 128.0875, 35.5875 ] ] ] } },
{ "type": "Feature", "properties": { "grad_nT_km": 75.7, "tier": "steep", "score": 1.5 }, "geometry": { "type": "Polygon", "coordinates": [ [ [ 128.1875, 35.5875 ], [ 128.1875, 35.6375 ], [ 128.1375, 35.6375 ], [ 128.1375, 35.5875 ], [ 128.1875, 35.5875 ] ] ] } },
{ "type": "Feature", "properties": { "grad_nT_km": 76.6, "tier": "steep", "score": 1.5 }, "geometry": { "type": "Polygon", "coordinates": [ [ [ 128.5375, 35.5875 ], [ 128.5375, 35.6375 ], [ 128.4875, 35.6375 ], [ 128.4875, 35.5875 ], [ 128.5375, 35.5875 ] ] ] } },
{ "type": "Feature", "properties": { "grad_nT_km": 86.8, "tier": "steep", "score": 1.3 }, "geometry": { "type": "Polygon", "coordinates": [ [ [ 128.5875, 35.5875 ], [ 128.5875, 35.6375 ], [ 128.5375, 35.6375 ], [ 128.5375, 35.5875 ], [ 128.5875, 35.5875 ] ] ] } },
{ "type": "Feature", "properties": { "grad_nT_km": 66.2, "tier": "steep", "score": 1.8 }, "geometry": { "type": "Polygon", "coordinates": [ [ [ 128.6875, 35.5875 ], [ 128.6875, 35.6375 ], [ 128.6375, 35.6375 ], [ 128.6375, 35.5875 ], [ 128.6875, 35.5875 ] ] ] } },
{ "type": "Feature", "properties": { "grad_nT_km": 60.6, "tier": "steep", "score": 2.0 }, "geometry": { "type": "Polygon", "coordinates": [ [ [ 128.7375, 35.5875 ], [ 128.7375, 35.6375 ], [ 128.6875, 35.6375 ], [ 128.6875, 35.5875 ], [ 128.7375, 35.5875 ] ] ] } },
{ "type": "Feature", "properties": { "grad_nT_km": 80.9, "tier": "steep", "score": 1.4 }, "geometry": { "type": "Polygon", "coordinates": [ [ [ 128.7875, 35.5875 ], [ 128.7875, 35.6375 ], [ 128.7375, 35.6375 ], [ 128.7375, 35.5875 ], [ 128.7875, 35.5875 ] ] ] } },
{ "type": "Feature", "properties": { "grad_nT_km": 42.6, "tier": "steep", "score": 3.1 }, "geometry": { "type": "Polygon", "coordinates": [ [ [ 128.8375, 35.5875 ], [ 128.8375, 35.6375 ], [ 128.7875, 35.6375 ], [ 128.7875, 35.5875 ], [ 128.8375, 35.5875 ] ] ] } },
{ "type": "Feature", "properties": { "grad_nT_km": 65.9, "tier": "steep", "score": 1.8 }, "geometry": { "type": "Polygon", "coordinates": [ [ [ 128.9375, 35.5875 ], [ 128.9375, 35.6375 ], [ 128.8875, 35.6375 ], [ 128.8875, 35.5875 ], [ 128.9375, 35.5875 ] ] ] } },
{ "type": "Feature", "properties": { "grad_nT_km": 52.3, "tier": "steep", "score": 2.5 }, "geometry": { "type": "Polygon", "coordinates": [ [ [ 128.9875, 35.5875 ], [ 128.9875, 35.6375 ], [ 128.9375, 35.6375 ], [ 128.9375, 35.5875 ], [ 128.9875, 35.5875 ] ] ] } },
{ "type": "Feature", "properties": { "grad_nT_km": 58.0, "tier": "steep", "score": 2.2 }, "geometry": { "type": "Polygon", "coordinates": [ [ [ 129.0375, 35.5875 ], [ 129.0375, 35.6375 ], [ 128.9875, 35.6375 ], [ 128.9875, 35.5875 ], [ 129.0375, 35.5875 ] ] ] } },
{ "type": "Feature", "properties": { "grad_nT_km": 40.0, "tier": "steep", "score": 3.3 }, "geometry": { "type": "Polygon", "coordinates": [ [ [ 129.1375, 35.5875 ], [ 129.1375, 35.6375 ], [ 129.0875, 35.6375 ], [ 129.0875, 35.5875 ], [ 129.1375, 35.5875 ] ] ] } },
{ "type": "Feature", "properties": { "grad_nT_km": 43.4, "tier": "steep", "score": 3.0 }, "geometry": { "type": "Polygon", "coordinates": [ [ [ 129.4375, 35.5875 ], [ 129.4375, 35.6375 ], [ 129.3875, 35.6375 ], [ 129.3875, 35.5875 ], [ 129.4375, 35.5875 ] ] ] } },
{ "type": "Feature", "properties": { "grad_nT_km": 47.0, "tier": "steep", "score": 2.8 }, "geometry": { "type": "Polygon", "coordinates": [ [ [ 126.3375, 35.6375 ], [ 126.3375, 35.6875 ], [ 126.2875, 35.6875 ], [ 126.2875, 35.6375 ], [ 126.3375, 35.6375 ] ] ] } },
{ "type": "Feature", "properties": { "grad_nT_km": 49.5, "tier": "steep", "score": 2.6 }, "geometry": { "type": "Polygon", "coordinates": [ [ [ 126.3875, 35.6375 ], [ 126.3875, 35.6875 ], [ 126.3375, 35.6875 ], [ 126.3375, 35.6375 ], [ 126.3875, 35.6375 ] ] ] } },
{ "type": "Feature", "properties": { "grad_nT_km": 47.4, "tier": "steep", "score": 2.7 }, "geometry": { "type": "Polygon", "coordinates": [ [ [ 126.4375, 35.6375 ], [ 126.4375, 35.6875 ], [ 126.3875, 35.6875 ], [ 126.3875, 35.6375 ], [ 126.4375, 35.6375 ] ] ] } },
{ "type": "Feature", "properties": { "grad_nT_km": 42.6, "tier": "steep", "score": 3.1 }, "geometry": { "type": "Polygon", "coordinates": [ [ [ 126.5875, 35.6375 ], [ 126.5875, 35.6875 ], [ 126.5375, 35.6875 ], [ 126.5375, 35.6375 ], [ 126.5875, 35.6375 ] ] ] } },
{ "type": "Feature", "properties": { "grad_nT_km": 43.6, "tier": "steep", "score": 3.0 }, "geometry": { "type": "Polygon", "coordinates": [ [ [ 126.7375, 35.6375 ], [ 126.7375, 35.6875 ], [ 126.6875, 35.6875 ], [ 126.6875, 35.6375 ], [ 126.7375, 35.6375 ] ] ] } },
{ "type": "Feature", "properties": { "grad_nT_km": 42.2, "tier": "steep", "score": 3.1 }, "geometry": { "type": "Polygon", "coordinates": [ [ [ 126.9375, 35.6375 ], [ 126.9375, 35.6875 ], [ 126.8875, 35.6875 ], [ 126.8875, 35.6375 ], [ 126.9375, 35.6375 ] ] ] } },
{ "type": "Feature", "properties": { "grad_nT_km": 53.0, "tier": "steep", "score": 2.4 }, "geometry": { "type": "Polygon", "coordinates": [ [ [ 127.8375, 35.6375 ], [ 127.8375, 35.6875 ], [ 127.7875, 35.6875 ], [ 127.7875, 35.6375 ], [ 127.8375, 35.6375 ] ] ] } },
{ "type": "Feature", "properties": { "grad_nT_km": 64.7, "tier": "steep", "score": 1.9 }, "geometry": { "type": "Polygon", "coordinates": [ [ [ 128.0875, 35.6375 ], [ 128.0875, 35.6875 ], [ 128.0375, 35.6875 ], [ 128.0375, 35.6375 ], [ 128.0875, 35.6375 ] ] ] } },
{ "type": "Feature", "properties": { "grad_nT_km": 78.0, "tier": "steep", "score": 1.5 }, "geometry": { "type": "Polygon", "coordinates": [ [ [ 128.1375, 35.6375 ], [ 128.1375, 35.6875 ], [ 128.0875, 35.6875 ], [ 128.0875, 35.6375 ], [ 128.1375, 35.6375 ] ] ] } },
{ "type": "Feature", "properties": { "grad_nT_km": 78.7, "tier": "steep", "score": 1.4 }, "geometry": { "type": "Polygon", "coordinates": [ [ [ 128.2375, 35.6375 ], [ 128.2375, 35.6875 ], [ 128.1875, 35.6875 ], [ 128.1875, 35.6375 ], [ 128.2375, 35.6375 ] ] ] } },
{ "type": "Feature", "properties": { "grad_nT_km": 41.0, "tier": "steep", "score": 3.2 }, "geometry": { "type": "Polygon", "coordinates": [ [ [ 128.4875, 35.6375 ], [ 128.4875, 35.6875 ], [ 128.4375, 35.6875 ], [ 128.4375, 35.6375 ], [ 128.4875, 35.6375 ] ] ] } },
{ "type": "Feature", "properties": { "grad_nT_km": 77.6, "tier": "steep", "score": 1.5 }, "geometry": { "type": "Polygon", "coordinates": [ [ [ 128.5875, 35.6375 ], [ 128.5875, 35.6875 ], [ 128.5375, 35.6875 ], [ 128.5375, 35.6375 ], [ 128.5875, 35.6375 ] ] ] } },
{ "type": "Feature", "properties": { "grad_nT_km": 57.1, "tier": "steep", "score": 2.2 }, "geometry": { "type": "Polygon", "coordinates": [ [ [ 128.6375, 35.6375 ], [ 128.6375, 35.6875 ], [ 128.5875, 35.6875 ], [ 128.5875, 35.6375 ], [ 128.6375, 35.6375 ] ] ] } },
{ "type": "Feature", "properties": { "grad_nT_km": 46.1, "tier": "steep", "score": 2.8 }, "geometry": { "type": "Polygon", "coordinates": [ [ [ 128.7375, 35.6375 ], [ 128.7375, 35.6875 ], [ 128.6875, 35.6875 ], [ 128.6875, 35.6375 ], [ 128.7375, 35.6375 ] ] ] } },
{ "type": "Feature", "properties": { "grad_nT_km": 51.4, "tier": "steep", "score": 2.5 }, "geometry": { "type": "Polygon", "coordinates": [ [ [ 128.7875, 35.6375 ], [ 128.7875, 35.6875 ], [ 128.7375, 35.6875 ], [ 128.7375, 35.6375 ], [ 128.7875, 35.6375 ] ] ] } },
{ "type": "Feature", "properties": { "grad_nT_km": 74.0, "tier": "steep", "score": 1.6 }, "geometry": { "type": "Polygon", "coordinates": [ [ [ 128.8375, 35.6375 ], [ 128.8375, 35.6875 ], [ 128.7875, 35.6875 ], [ 128.7875, 35.6375 ], [ 128.8375, 35.6375 ] ] ] } },
{ "type": "Feature", "properties": { "grad_nT_km": 86.5, "tier": "steep", "score": 1.3 }, "geometry": { "type": "Polygon", "coordinates": [ [ [ 128.8875, 35.6375 ], [ 128.8875, 35.6875 ], [ 128.8375, 35.6875 ], [ 128.8375, 35.6375 ], [ 128.8875, 35.6375 ] ] ] } },
{ "type": "Feature", "properties": { "grad_nT_km": 49.2, "tier": "steep", "score": 2.6 }, "geometry": { "type": "Polygon", "coordinates": [ [ [ 128.9375, 35.6375 ], [ 128.9375, 35.6875 ], [ 128.8875, 35.6875 ], [ 128.8875, 35.6375 ], [ 128.9375, 35.6375 ] ] ] } },
{ "type": "Feature", "properties": { "grad_nT_km": 81.7, "tier": "steep", "score": 1.4 }, "geometry": { "type": "Polygon", "coordinates": [ [ [ 129.1375, 35.6375 ], [ 129.1375, 35.6875 ], [ 129.0875, 35.6875 ], [ 129.0875, 35.6375 ], [ 129.1375, 35.6375 ] ] ] } },
{ "type": "Feature", "properties": { "grad_nT_km": 50.3, "tier": "steep", "score": 2.6 }, "geometry": { "type": "Polygon", "coordinates": [ [ [ 129.1875, 35.6375 ], [ 129.1875, 35.6875 ], [ 129.1375, 35.6875 ], [ 129.1375, 35.6375 ], [ 129.1875, 35.6375 ] ] ] } },
{ "type": "Feature", "properties": { "grad_nT_km": 43.4, "tier": "steep", "score": 3.0 }, "geometry": { "type": "Polygon", "coordinates": [ [ [ 129.2375, 35.6375 ], [ 129.2375, 35.6875 ], [ 129.1875, 35.6875 ], [ 129.1875, 35.6375 ], [ 129.2375, 35.6375 ] ] ] } },
{ "type": "Feature", "properties": { "grad_nT_km": 45.2, "tier": "steep", "score": 2.9 }, "geometry": { "type": "Polygon", "coordinates": [ [ [ 129.4875, 35.6375 ], [ 129.4875, 35.6875 ], [ 129.4375, 35.6875 ], [ 129.4375, 35.6375 ], [ 129.4875, 35.6375 ] ] ] } },
{ "type": "Feature", "properties": { "grad_nT_km": 41.1, "tier": "steep", "score": 3.2 }, "geometry": { "type": "Polygon", "coordinates": [ [ [ 126.4375, 35.6875 ], [ 126.4375, 35.7375 ], [ 126.3875, 35.7375 ], [ 126.3875, 35.6875 ], [ 126.4375, 35.6875 ] ] ] } },
{ "type": "Feature", "properties": { "grad_nT_km": 51.6, "tier": "steep", "score": 2.5 }, "geometry": { "type": "Polygon", "coordinates": [ [ [ 126.4875, 35.6875 ], [ 126.4875, 35.7375 ], [ 126.4375, 35.7375 ], [ 126.4375, 35.6875 ], [ 126.4875, 35.6875 ] ] ] } },
{ "type": "Feature", "properties": { "grad_nT_km": 66.9, "tier": "steep", "score": 1.8 }, "geometry": { "type": "Polygon", "coordinates": [ [ [ 126.6375, 35.6875 ], [ 126.6375, 35.7375 ], [ 126.5875, 35.7375 ], [ 126.5875, 35.6875 ], [ 126.6375, 35.6875 ] ] ] } },
{ "type": "Feature", "properties": { "grad_nT_km": 52.2, "tier": "steep", "score": 2.5 }, "geometry": { "type": "Polygon", "coordinates": [ [ [ 126.6875, 35.6875 ], [ 126.6875, 35.7375 ], [ 126.6375, 35.7375 ], [ 126.6375, 35.6875 ], [ 126.6875, 35.6875 ] ] ] } },
{ "type": "Feature", "properties": { "grad_nT_km": 41.8, "tier": "steep", "score": 3.2 }, "geometry": { "type": "Polygon", "coordinates": [ [ [ 128.1875, 35.6875 ], [ 128.1875, 35.7375 ], [ 128.1375, 35.7375 ], [ 128.1375, 35.6875 ], [ 128.1875, 35.6875 ] ] ] } },
{ "type": "Feature", "properties": { "grad_nT_km": 58.3, "tier": "steep", "score": 2.1 }, "geometry": { "type": "Polygon", "coordinates": [ [ [ 128.2875, 35.6875 ], [ 128.2875, 35.7375 ], [ 128.2375, 35.7375 ], [ 128.2375, 35.6875 ], [ 128.2875, 35.6875 ] ] ] } },
{ "type": "Feature", "properties": { "grad_nT_km": 43.0, "tier": "steep", "score": 3.1 }, "geometry": { "type": "Polygon", "coordinates": [ [ [ 128.3375, 35.6875 ], [ 128.3375, 35.7375 ], [ 128.2875, 35.7375 ], [ 128.2875, 35.6875 ], [ 128.3375, 35.6875 ] ] ] } },
{ "type": "Feature", "properties": { "grad_nT_km": 75.6, "tier": "steep", "score": 1.5 }, "geometry": { "type": "Polygon", "coordinates": [ [ [ 128.4375, 35.6875 ], [ 128.4375, 35.7375 ], [ 128.3875, 35.7375 ], [ 128.3875, 35.6875 ], [ 128.4375, 35.6875 ] ] ] } },
{ "type": "Feature", "properties": { "grad_nT_km": 73.8, "tier": "steep", "score": 1.6 }, "geometry": { "type": "Polygon", "coordinates": [ [ [ 128.4875, 35.6875 ], [ 128.4875, 35.7375 ], [ 128.4375, 35.7375 ], [ 128.4375, 35.6875 ], [ 128.4875, 35.6875 ] ] ] } },
{ "type": "Feature", "properties": { "grad_nT_km": 63.3, "tier": "steep", "score": 1.9 }, "geometry": { "type": "Polygon", "coordinates": [ [ [ 128.5375, 35.6875 ], [ 128.5375, 35.7375 ], [ 128.4875, 35.7375 ], [ 128.4875, 35.6875 ], [ 128.5375, 35.6875 ] ] ] } },
{ "type": "Feature", "properties": { "grad_nT_km": 70.3, "tier": "steep", "score": 1.7 }, "geometry": { "type": "Polygon", "coordinates": [ [ [ 128.6375, 35.6875 ], [ 128.6375, 35.7375 ], [ 128.5875, 35.7375 ], [ 128.5875, 35.6875 ], [ 128.6375, 35.6875 ] ] ] } },
{ "type": "Feature", "properties": { "grad_nT_km": 91.4, "tier": "steep", "score": 1.2 }, "geometry": { "type": "Polygon", "coordinates": [ [ [ 128.6875, 35.6875 ], [ 128.6875, 35.7375 ], [ 128.6375, 35.7375 ], [ 128.6375, 35.6875 ], [ 128.6875, 35.6875 ] ] ] } },
{ "type": "Feature", "properties": { "grad_nT_km": 93.6, "tier": "steep", "score": 1.1 }, "geometry": { "type": "Polygon", "coordinates": [ [ [ 128.8875, 35.6875 ], [ 128.8875, 35.7375 ], [ 128.8375, 35.7375 ], [ 128.8375, 35.6875 ], [ 128.8875, 35.6875 ] ] ] } },
{ "type": "Feature", "properties": { "grad_nT_km": 44.9, "tier": "steep", "score": 2.9 }, "geometry": { "type": "Polygon", "coordinates": [ [ [ 128.9375, 35.6875 ], [ 128.9375, 35.7375 ], [ 128.8875, 35.7375 ], [ 128.8875, 35.6875 ], [ 128.9375, 35.6875 ] ] ] } },
{ "type": "Feature", "properties": { "grad_nT_km": 50.0, "tier": "steep", "score": 2.6 }, "geometry": { "type": "Polygon", "coordinates": [ [ [ 126.6375, 35.7375 ], [ 126.6375, 35.7875 ], [ 126.5875, 35.7875 ], [ 126.5875, 35.7375 ], [ 126.6375, 35.7375 ] ] ] } },
{ "type": "Feature", "properties": { "grad_nT_km": 65.2, "tier": "steep", "score": 1.9 }, "geometry": { "type": "Polygon", "coordinates": [ [ [ 126.6875, 35.7375 ], [ 126.6875, 35.7875 ], [ 126.6375, 35.7875 ], [ 126.6375, 35.7375 ], [ 126.6875, 35.7375 ] ] ] } },
{ "type": "Feature", "properties": { "grad_nT_km": 95.3, "tier": "steep", "score": 1.1 }, "geometry": { "type": "Polygon", "coordinates": [ [ [ 128.4875, 35.7375 ], [ 128.4875, 35.7875 ], [ 128.4375, 35.7875 ], [ 128.4375, 35.7375 ], [ 128.4875, 35.7375 ] ] ] } },
{ "type": "Feature", "properties": { "grad_nT_km": 85.7, "tier": "steep", "score": 1.3 }, "geometry": { "type": "Polygon", "coordinates": [ [ [ 128.5375, 35.7375 ], [ 128.5375, 35.7875 ], [ 128.4875, 35.7875 ], [ 128.4875, 35.7375 ], [ 128.5375, 35.7375 ] ] ] } },
{ "type": "Feature", "properties": { "grad_nT_km": 80.7, "tier": "steep", "score": 1.4 }, "geometry": { "type": "Polygon", "coordinates": [ [ [ 128.5875, 35.7375 ], [ 128.5875, 35.7875 ], [ 128.5375, 35.7875 ], [ 128.5375, 35.7375 ], [ 128.5875, 35.7375 ] ] ] } },
{ "type": "Feature", "properties": { "grad_nT_km": 86.1, "tier": "steep", "score": 1.3 }, "geometry": { "type": "Polygon", "coordinates": [ [ [ 128.6375, 35.7375 ], [ 128.6375, 35.7875 ], [ 128.5875, 35.7875 ], [ 128.5875, 35.7375 ], [ 128.6375, 35.7375 ] ] ] } },
{ "type": "Feature", "properties": { "grad_nT_km": 40.6, "tier": "steep", "score": 3.3 }, "geometry": { "type": "Polygon", "coordinates": [ [ [ 128.7875, 35.7375 ], [ 128.7875, 35.7875 ], [ 128.7375, 35.7875 ], [ 128.7375, 35.7375 ], [ 128.7875, 35.7375 ] ] ] } },
{ "type": "Feature", "properties": { "grad_nT_km": 43.9, "tier": "steep", "score": 3.0 }, "geometry": { "type": "Polygon", "coordinates": [ [ [ 128.8875, 35.7375 ], [ 128.8875, 35.7875 ], [ 128.8375, 35.7875 ], [ 128.8375, 35.7375 ], [ 128.8875, 35.7375 ] ] ] } },
{ "type": "Feature", "properties": { "grad_nT_km": 49.3, "tier": "steep", "score": 2.6 }, "geometry": { "type": "Polygon", "coordinates": [ [ [ 128.9375, 35.7375 ], [ 128.9375, 35.7875 ], [ 128.8875, 35.7875 ], [ 128.8875, 35.7375 ], [ 128.9375, 35.7375 ] ] ] } },
{ "type": "Feature", "properties": { "grad_nT_km": 63.3, "tier": "steep", "score": 1.9 }, "geometry": { "type": "Polygon", "coordinates": [ [ [ 128.0375, 35.7875 ], [ 128.0375, 35.8375 ], [ 127.9875, 35.8375 ], [ 127.9875, 35.7875 ], [ 128.0375, 35.7875 ] ] ] } },
{ "type": "Feature", "properties": { "grad_nT_km": 65.0, "tier": "steep", "score": 1.9 }, "geometry": { "type": "Polygon", "coordinates": [ [ [ 128.0875, 35.7875 ], [ 128.0875, 35.8375 ], [ 128.0375, 35.8375 ], [ 128.0375, 35.7875 ], [ 128.0875, 35.7875 ] ] ] } },
{ "type": "Feature", "properties": { "grad_nT_km": 74.1, "tier": "steep", "score": 1.6 }, "geometry": { "type": "Polygon", "coordinates": [ [ [ 128.1875, 35.7875 ], [ 128.1875, 35.8375 ], [ 128.1375, 35.8375 ], [ 128.1375, 35.7875 ], [ 128.1875, 35.7875 ] ] ] } },
{ "type": "Feature", "properties": { "grad_nT_km": 50.6, "tier": "steep", "score": 2.5 }, "geometry": { "type": "Polygon", "coordinates": [ [ [ 128.3875, 35.7875 ], [ 128.3875, 35.8375 ], [ 128.3375, 35.8375 ], [ 128.3375, 35.7875 ], [ 128.3875, 35.7875 ] ] ] } },
{ "type": "Feature", "properties": { "grad_nT_km": 66.8, "tier": "steep", "score": 1.8 }, "geometry": { "type": "Polygon", "coordinates": [ [ [ 128.4375, 35.7875 ], [ 128.4375, 35.8375 ], [ 128.3875, 35.8375 ], [ 128.3875, 35.7875 ], [ 128.4375, 35.7875 ] ] ] } },
{ "type": "Feature", "properties": { "grad_nT_km": 55.4, "tier": "steep", "score": 2.3 }, "geometry": { "type": "Polygon", "coordinates": [ [ [ 128.4875, 35.7875 ], [ 128.4875, 35.8375 ], [ 128.4375, 35.8375 ], [ 128.4375, 35.7875 ], [ 128.4875, 35.7875 ] ] ] } },
{ "type": "Feature", "properties": { "grad_nT_km": 59.0, "tier": "steep", "score": 2.1 }, "geometry": { "type": "Polygon", "coordinates": [ [ [ 128.5375, 35.7875 ], [ 128.5375, 35.8375 ], [ 128.4875, 35.8375 ], [ 128.4875, 35.7875 ], [ 128.5375, 35.7875 ] ] ] } },
{ "type": "Feature", "properties": { "grad_nT_km": 45.0, "tier": "steep", "score": 2.9 }, "geometry": { "type": "Polygon", "coordinates": [ [ [ 128.9375, 35.7875 ], [ 128.9375, 35.8375 ], [ 128.8875, 35.8375 ], [ 128.8875, 35.7875 ], [ 128.9375, 35.7875 ] ] ] } },
{ "type": "Feature", "properties": { "grad_nT_km": 47.1, "tier": "steep", "score": 2.8 }, "geometry": { "type": "Polygon", "coordinates": [ [ [ 128.9875, 35.7875 ], [ 128.9875, 35.8375 ], [ 128.9375, 35.8375 ], [ 128.9375, 35.7875 ], [ 128.9875, 35.7875 ] ] ] } },
{ "type": "Feature", "properties": { "grad_nT_km": 89.6, "tier": "steep", "score": 1.2 }, "geometry": { "type": "Polygon", "coordinates": [ [ [ 129.0375, 35.7875 ], [ 129.0375, 35.8375 ], [ 128.9875, 35.8375 ], [ 128.9875, 35.7875 ], [ 129.0375, 35.7875 ] ] ] } },
{ "type": "Feature", "properties": { "grad_nT_km": 68.6, "tier": "steep", "score": 1.7 }, "geometry": { "type": "Polygon", "coordinates": [ [ [ 129.0875, 35.7875 ], [ 129.0875, 35.8375 ], [ 129.0375, 35.8375 ], [ 129.0375, 35.7875 ], [ 129.0875, 35.7875 ] ] ] } },
{ "type": "Feature", "properties": { "grad_nT_km": 41.5, "tier": "steep", "score": 3.2 }, "geometry": { "type": "Polygon", "coordinates": [ [ [ 129.1375, 35.7875 ], [ 129.1375, 35.8375 ], [ 129.0875, 35.8375 ], [ 129.0875, 35.7875 ], [ 129.1375, 35.7875 ] ] ] } },
{ "type": "Feature", "properties": { "grad_nT_km": 41.4, "tier": "steep", "score": 3.2 }, "geometry": { "type": "Polygon", "coordinates": [ [ [ 129.1875, 35.7875 ], [ 129.1875, 35.8375 ], [ 129.1375, 35.8375 ], [ 129.1375, 35.7875 ], [ 129.1875, 35.7875 ] ] ] } },
{ "type": "Feature", "properties": { "grad_nT_km": 60.0, "tier": "steep", "score": 2.1 }, "geometry": { "type": "Polygon", "coordinates": [ [ [ 129.3875, 35.7875 ], [ 129.3875, 35.8375 ], [ 129.3375, 35.8375 ], [ 129.3375, 35.7875 ], [ 129.3875, 35.7875 ] ] ] } },
{ "type": "Feature", "properties": { "grad_nT_km": 64.2, "tier": "steep", "score": 1.9 }, "geometry": { "type": "Polygon", "coordinates": [ [ [ 129.4375, 35.7875 ], [ 129.4375, 35.8375 ], [ 129.3875, 35.8375 ], [ 129.3875, 35.7875 ], [ 129.4375, 35.7875 ] ] ] } },
{ "type": "Feature", "properties": { "grad_nT_km": 68.0, "tier": "steep", "score": 1.8 }, "geometry": { "type": "Polygon", "coordinates": [ [ [ 129.4875, 35.7875 ], [ 129.4875, 35.8375 ], [ 129.4375, 35.8375 ], [ 129.4375, 35.7875 ], [ 129.4875, 35.7875 ] ] ] } },
{ "type": "Feature", "properties": { "grad_nT_km": 61.0, "tier": "steep", "score": 2.0 }, "geometry": { "type": "Polygon", "coordinates": [ [ [ 126.3875, 35.8375 ], [ 126.3875, 35.8875 ], [ 126.3375, 35.8875 ], [ 126.3375, 35.8375 ], [ 126.3875, 35.8375 ] ] ] } },
{ "type": "Feature", "properties": { "grad_nT_km": 44.4, "tier": "steep", "score": 3.0 }, "geometry": { "type": "Polygon", "coordinates": [ [ [ 127.3375, 35.8375 ], [ 127.3375, 35.8875 ], [ 127.2875, 35.8875 ], [ 127.2875, 35.8375 ], [ 127.3375, 35.8375 ] ] ] } },
{ "type": "Feature", "properties": { "grad_nT_km": 56.9, "tier": "steep", "score": 2.2 }, "geometry": { "type": "Polygon", "coordinates": [ [ [ 127.8875, 35.8375 ], [ 127.8875, 35.8875 ], [ 127.8375, 35.8875 ], [ 127.8375, 35.8375 ], [ 127.8875, 35.8375 ] ] ] } },
{ "type": "Feature", "properties": { "grad_nT_km": 66.4, "tier": "steep", "score": 1.8 }, "geometry": { "type": "Polygon", "coordinates": [ [ [ 127.9375, 35.8375 ], [ 127.9375, 35.8875 ], [ 127.8875, 35.8875 ], [ 127.8875, 35.8375 ], [ 127.9375, 35.8375 ] ] ] } },
{ "type": "Feature", "properties": { "grad_nT_km": 68.0, "tier": "steep", "score": 1.8 }, "geometry": { "type": "Polygon", "coordinates": [ [ [ 127.9875, 35.8375 ], [ 127.9875, 35.8875 ], [ 127.9375, 35.8875 ], [ 127.9375, 35.8375 ], [ 127.9875, 35.8375 ] ] ] } },
{ "type": "Feature", "properties": { "grad_nT_km": 69.5, "tier": "steep", "score": 1.7 }, "geometry": { "type": "Polygon", "coordinates": [ [ [ 128.0375, 35.8375 ], [ 128.0375, 35.8875 ], [ 127.9875, 35.8875 ], [ 127.9875, 35.8375 ], [ 128.0375, 35.8375 ] ] ] } },
{ "type": "Feature", "properties": { "grad_nT_km": 68.6, "tier": "steep", "score": 1.7 }, "geometry": { "type": "Polygon", "coordinates": [ [ [ 128.1875, 35.8375 ], [ 128.1875, 35.8875 ], [ 128.1375, 35.8875 ], [ 128.1375, 35.8375 ], [ 128.1875, 35.8375 ] ] ] } },
{ "type": "Feature", "properties": { "grad_nT_km": 62.0, "tier": "steep", "score": 2.0 }, "geometry": { "type": "Polygon", "coordinates": [ [ [ 128.4375, 35.8375 ], [ 128.4375, 35.8875 ], [ 128.3875, 35.8875 ], [ 128.3875, 35.8375 ], [ 128.4375, 35.8375 ] ] ] } },
{ "type": "Feature", "properties": { "grad_nT_km": 40.3, "tier": "steep", "score": 3.3 }, "geometry": { "type": "Polygon", "coordinates": [ [ [ 128.6875, 35.8375 ], [ 128.6875, 35.8875 ], [ 128.6375, 35.8875 ], [ 128.6375, 35.8375 ], [ 128.6875, 35.8375 ] ] ] } },
{ "type": "Feature", "properties": { "grad_nT_km": 60.8, "tier": "steep", "score": 2.0 }, "geometry": { "type": "Polygon", "coordinates": [ [ [ 128.7375, 35.8375 ], [ 128.7375, 35.8875 ], [ 128.6875, 35.8875 ], [ 128.6875, 35.8375 ], [ 128.7375, 35.8375 ] ] ] } },
{ "type": "Feature", "properties": { "grad_nT_km": 57.6, "tier": "steep", "score": 2.2 }, "geometry": { "type": "Polygon", "coordinates": [ [ [ 128.7875, 35.8375 ], [ 128.7875, 35.8875 ], [ 128.7375, 35.8875 ], [ 128.7375, 35.8375 ], [ 128.7875, 35.8375 ] ] ] } },
{ "type": "Feature", "properties": { "grad_nT_km": 67.5, "tier": "steep", "score": 1.8 }, "geometry": { "type": "Polygon", "coordinates": [ [ [ 128.9375, 35.8375 ], [ 128.9375, 35.8875 ], [ 128.8875, 35.8875 ], [ 128.8875, 35.8375 ], [ 128.9375, 35.8375 ] ] ] } },
{ "type": "Feature", "properties": { "grad_nT_km": 61.2, "tier": "steep", "score": 2.0 }, "geometry": { "type": "Polygon", "coordinates": [ [ [ 128.9875, 35.8375 ], [ 128.9875, 35.8875 ], [ 128.9375, 35.8875 ], [ 128.9375, 35.8375 ], [ 128.9875, 35.8375 ] ] ] } },
{ "type": "Feature", "properties": { "grad_nT_km": 68.9, "tier": "steep", "score": 1.7 }, "geometry": { "type": "Polygon", "coordinates": [ [ [ 129.1875, 35.8375 ], [ 129.1875, 35.8875 ], [ 129.1375, 35.8875 ], [ 129.1375, 35.8375 ], [ 129.1875, 35.8375 ] ] ] } },
{ "type": "Feature", "properties": { "grad_nT_km": 57.8, "tier": "steep", "score": 2.2 }, "geometry": { "type": "Polygon", "coordinates": [ [ [ 129.2375, 35.8375 ], [ 129.2375, 35.8875 ], [ 129.1875, 35.8875 ], [ 129.1875, 35.8375 ], [ 129.2375, 35.8375 ] ] ] } },
{ "type": "Feature", "properties": { "grad_nT_km": 41.3, "tier": "steep", "score": 3.2 }, "geometry": { "type": "Polygon", "coordinates": [ [ [ 129.4375, 35.8375 ], [ 129.4375, 35.8875 ], [ 129.3875, 35.8875 ], [ 129.3875, 35.8375 ], [ 129.4375, 35.8375 ] ] ] } },
{ "type": "Feature", "properties": { "grad_nT_km": 64.4, "tier": "steep", "score": 1.9 }, "geometry": { "type": "Polygon", "coordinates": [ [ [ 127.8375, 35.8875 ], [ 127.8375, 35.9375 ], [ 127.7875, 35.9375 ], [ 127.7875, 35.8875 ], [ 127.8375, 35.8875 ] ] ] } },
{ "type": "Feature", "properties": { "grad_nT_km": 54.8, "tier": "steep", "score": 2.3 }, "geometry": { "type": "Polygon", "coordinates": [ [ [ 128.2375, 35.8875 ], [ 128.2375, 35.9375 ], [ 128.1875, 35.9375 ], [ 128.1875, 35.8875 ], [ 128.2375, 35.8875 ] ] ] } },
{ "type": "Feature", "properties": { "grad_nT_km": 45.3, "tier": "steep", "score": 2.9 }, "geometry": { "type": "Polygon", "coordinates": [ [ [ 128.2875, 35.8875 ], [ 128.2875, 35.9375 ], [ 128.2375, 35.9375 ], [ 128.2375, 35.8875 ], [ 128.2875, 35.8875 ] ] ] } },
{ "type": "Feature", "properties": { "grad_nT_km": 61.6, "tier": "steep", "score": 2.0 }, "geometry": { "type": "Polygon", "coordinates": [ [ [ 128.6875, 35.8875 ], [ 128.6875, 35.9375 ], [ 128.6375, 35.9375 ], [ 128.6375, 35.8875 ], [ 128.6875, 35.8875 ] ] ] } },
{ "type": "Feature", "properties": { "grad_nT_km": 55.5, "tier": "steep", "score": 2.3 }, "geometry": { "type": "Polygon", "coordinates": [ [ [ 128.7875, 35.8875 ], [ 128.7875, 35.9375 ], [ 128.7375, 35.9375 ], [ 128.7375, 35.8875 ], [ 128.7875, 35.8875 ] ] ] } },
{ "type": "Feature", "properties": { "grad_nT_km": 43.2, "tier": "steep", "score": 3.1 }, "geometry": { "type": "Polygon", "coordinates": [ [ [ 128.8375, 35.8875 ], [ 128.8375, 35.9375 ], [ 128.7875, 35.9375 ], [ 128.7875, 35.8875 ], [ 128.8375, 35.8875 ] ] ] } },
{ "type": "Feature", "properties": { "grad_nT_km": 52.9, "tier": "steep", "score": 2.4 }, "geometry": { "type": "Polygon", "coordinates": [ [ [ 128.9875, 35.8875 ], [ 128.9875, 35.9375 ], [ 128.9375, 35.9375 ], [ 128.9375, 35.8875 ], [ 128.9875, 35.8875 ] ] ] } },
{ "type": "Feature", "properties": { "grad_nT_km": 60.3, "tier": "steep", "score": 2.1 }, "geometry": { "type": "Polygon", "coordinates": [ [ [ 129.1875, 35.8875 ], [ 129.1875, 35.9375 ], [ 129.1375, 35.9375 ], [ 129.1375, 35.8875 ], [ 129.1875, 35.8875 ] ] ] } },
{ "type": "Feature", "properties": { "grad_nT_km": 41.3, "tier": "steep", "score": 3.2 }, "geometry": { "type": "Polygon", "coordinates": [ [ [ 129.4875, 35.8875 ], [ 129.4875, 35.9375 ], [ 129.4375, 35.9375 ], [ 129.4375, 35.8875 ], [ 129.4875, 35.8875 ] ] ] } },
{ "type": "Feature", "properties": { "grad_nT_km": 41.2, "tier": "steep", "score": 3.2 }, "geometry": { "type": "Polygon", "coordinates": [ [ [ 129.5375, 35.8875 ], [ 129.5375, 35.9375 ], [ 129.4875, 35.9375 ], [ 129.4875, 35.8875 ], [ 129.5375, 35.8875 ] ] ] } },
{ "type": "Feature", "properties": { "grad_nT_km": 58.7, "tier": "steep", "score": 2.1 }, "geometry": { "type": "Polygon", "coordinates": [ [ [ 127.7375, 35.9375 ], [ 127.7375, 35.9875 ], [ 127.6875, 35.9875 ], [ 127.6875, 35.9375 ], [ 127.7375, 35.9375 ] ] ] } },
{ "type": "Feature", "properties": { "grad_nT_km": 42.7, "tier": "steep", "score": 3.1 }, "geometry": { "type": "Polygon", "coordinates": [ [ [ 127.7875, 35.9375 ], [ 127.7875, 35.9875 ], [ 127.7375, 35.9875 ], [ 127.7375, 35.9375 ], [ 127.7875, 35.9375 ] ] ] } },
{ "type": "Feature", "properties": { "grad_nT_km": 89.4, "tier": "steep", "score": 1.2 }, "geometry": { "type": "Polygon", "coordinates": [ [ [ 127.8875, 35.9375 ], [ 127.8875, 35.9875 ], [ 127.8375, 35.9875 ], [ 127.8375, 35.9375 ], [ 127.8875, 35.9375 ] ] ] } },
{ "type": "Feature", "properties": { "grad_nT_km": 46.9, "tier": "steep", "score": 2.8 }, "geometry": { "type": "Polygon", "coordinates": [ [ [ 127.9375, 35.9375 ], [ 127.9375, 35.9875 ], [ 127.8875, 35.9875 ], [ 127.8875, 35.9375 ], [ 127.9375, 35.9375 ] ] ] } },
{ "type": "Feature", "properties": { "grad_nT_km": 65.3, "tier": "steep", "score": 1.9 }, "geometry": { "type": "Polygon", "coordinates": [ [ [ 128.5375, 35.9375 ], [ 128.5375, 35.9875 ], [ 128.4875, 35.9875 ], [ 128.4875, 35.9375 ], [ 128.5375, 35.9375 ] ] ] } },
{ "type": "Feature", "properties": { "grad_nT_km": 48.7, "tier": "steep", "score": 2.7 }, "geometry": { "type": "Polygon", "coordinates": [ [ [ 128.6375, 35.9375 ], [ 128.6375, 35.9875 ], [ 128.5875, 35.9875 ], [ 128.5875, 35.9375 ], [ 128.6375, 35.9375 ] ] ] } },
{ "type": "Feature", "properties": { "grad_nT_km": 69.3, "tier": "steep", "score": 1.7 }, "geometry": { "type": "Polygon", "coordinates": [ [ [ 129.1375, 35.9375 ], [ 129.1375, 35.9875 ], [ 129.0875, 35.9875 ], [ 129.0875, 35.9375 ], [ 129.1375, 35.9375 ] ] ] } },
{ "type": "Feature", "properties": { "grad_nT_km": 46.1, "tier": "steep", "score": 2.8 }, "geometry": { "type": "Polygon", "coordinates": [ [ [ 129.1875, 35.9375 ], [ 129.1875, 35.9875 ], [ 129.1375, 35.9875 ], [ 129.1375, 35.9375 ], [ 129.1875, 35.9375 ] ] ] } },
{ "type": "Feature", "properties": { "grad_nT_km": 43.3, "tier": "steep", "score": 3.0 }, "geometry": { "type": "Polygon", "coordinates": [ [ [ 129.4375, 35.9375 ], [ 129.4375, 35.9875 ], [ 129.3875, 35.9875 ], [ 129.3875, 35.9375 ], [ 129.4375, 35.9375 ] ] ] } },
{ "type": "Feature", "properties": { "grad_nT_km": 48.3, "tier": "steep", "score": 2.7 }, "geometry": { "type": "Polygon", "coordinates": [ [ [ 129.4875, 35.9375 ], [ 129.4875, 35.9875 ], [ 129.4375, 35.9875 ], [ 129.4375, 35.9375 ], [ 129.4875, 35.9375 ] ] ] } },
{ "type": "Feature", "properties": { "grad_nT_km": 81.8, "tier": "steep", "score": 1.4 }, "geometry": { "type": "Polygon", "coordinates": [ [ [ 129.5625, 35.9375 ], [ 129.5625, 35.9875 ], [ 129.5375, 35.9875 ], [ 129.5375, 35.9375 ], [ 129.5625, 35.9375 ] ] ] } },
{ "type": "Feature", "properties": { "grad_nT_km": 48.9, "tier": "steep", "score": 2.7 }, "geometry": { "type": "Polygon", "coordinates": [ [ [ 126.2875, 35.9875 ], [ 126.2875, 36.0375 ], [ 126.2375, 36.0375 ], [ 126.2375, 35.9875 ], [ 126.2875, 35.9875 ] ] ] } },
{ "type": "Feature", "properties": { "grad_nT_km": 65.7, "tier": "steep", "score": 1.8 }, "geometry": { "type": "Polygon", "coordinates": [ [ [ 126.3375, 35.9875 ], [ 126.3375, 36.0375 ], [ 126.2875, 36.0375 ], [ 126.2875, 35.9875 ], [ 126.3375, 35.9875 ] ] ] } },
{ "type": "Feature", "properties": { "grad_nT_km": 42.3, "tier": "steep", "score": 3.1 }, "geometry": { "type": "Polygon", "coordinates": [ [ [ 126.4875, 35.9875 ], [ 126.4875, 36.0375 ], [ 126.4375, 36.0375 ], [ 126.4375, 35.9875 ], [ 126.4875, 35.9875 ] ] ] } },
{ "type": "Feature", "properties": { "grad_nT_km": 42.6, "tier": "steep", "score": 3.1 }, "geometry": { "type": "Polygon", "coordinates": [ [ [ 128.5375, 35.9875 ], [ 128.5375, 36.0375 ], [ 128.4875, 36.0375 ], [ 128.4875, 35.9875 ], [ 128.5375, 35.9875 ] ] ] } },
{ "type": "Feature", "properties": { "grad_nT_km": 69.9, "tier": "steep", "score": 1.7 }, "geometry": { "type": "Polygon", "coordinates": [ [ [ 128.5875, 35.9875 ], [ 128.5875, 36.0375 ], [ 128.5375, 36.0375 ], [ 128.5375, 35.9875 ], [ 128.5875, 35.9875 ] ] ] } },
{ "type": "Feature", "properties": { "grad_nT_km": 82.9, "tier": "steep", "score": 1.3 }, "geometry": { "type": "Polygon", "coordinates": [ [ [ 128.6375, 35.9875 ], [ 128.6375, 36.0375 ], [ 128.5875, 36.0375 ], [ 128.5875, 35.9875 ], [ 128.6375, 35.9875 ] ] ] } },
{ "type": "Feature", "properties": { "grad_nT_km": 46.5, "tier": "steep", "score": 2.8 }, "geometry": { "type": "Polygon", "coordinates": [ [ [ 128.6875, 35.9875 ], [ 128.6875, 36.0375 ], [ 128.6375, 36.0375 ], [ 128.6375, 35.9875 ], [ 128.6875, 35.9875 ] ] ] } },
{ "type": "Feature", "properties": { "grad_nT_km": 91.7, "tier": "steep", "score": 1.2 }, "geometry": { "type": "Polygon", "coordinates": [ [ [ 128.7375, 35.9875 ], [ 128.7375, 36.0375 ], [ 128.6875, 36.0375 ], [ 128.6875, 35.9875 ], [ 128.7375, 35.9875 ] ] ] } },
{ "type": "Feature", "properties": { "grad_nT_km": 58.6, "tier": "steep", "score": 2.1 }, "geometry": { "type": "Polygon", "coordinates": [ [ [ 129.1375, 35.9875 ], [ 129.1375, 36.0375 ], [ 129.0875, 36.0375 ], [ 129.0875, 35.9875 ], [ 129.1375, 35.9875 ] ] ] } },
{ "type": "Feature", "properties": { "grad_nT_km": 53.3, "tier": "steep", "score": 2.4 }, "geometry": { "type": "Polygon", "coordinates": [ [ [ 129.1875, 35.9875 ], [ 129.1875, 36.0375 ], [ 129.1375, 36.0375 ], [ 129.1375, 35.9875 ], [ 129.1875, 35.9875 ] ] ] } },
{ "type": "Feature", "properties": { "grad_nT_km": 63.6, "tier": "steep", "score": 1.9 }, "geometry": { "type": "Polygon", "coordinates": [ [ [ 129.2375, 35.9875 ], [ 129.2375, 36.0375 ], [ 129.1875, 36.0375 ], [ 129.1875, 35.9875 ], [ 129.2375, 35.9875 ] ] ] } },
{ "type": "Feature", "properties": { "grad_nT_km": 52.2, "tier": "steep", "score": 2.5 }, "geometry": { "type": "Polygon", "coordinates": [ [ [ 129.5375, 35.9875 ], [ 129.5375, 36.0375 ], [ 129.4875, 36.0375 ], [ 129.4875, 35.9875 ], [ 129.5375, 35.9875 ] ] ] } },
{ "type": "Feature", "properties": { "grad_nT_km": 69.0, "tier": "steep", "score": 1.7 }, "geometry": { "type": "Polygon", "coordinates": [ [ [ 129.5625, 35.9875 ], [ 129.5625, 36.0375 ], [ 129.5375, 36.0375 ], [ 129.5375, 35.9875 ], [ 129.5625, 35.9875 ] ] ] } },
{ "type": "Feature", "properties": { "grad_nT_km": 40.3, "tier": "steep", "score": 3.3 }, "geometry": { "type": "Polygon", "coordinates": [ [ [ 126.4375, 36.0375 ], [ 126.4375, 36.0875 ], [ 126.3875, 36.0875 ], [ 126.3875, 36.0375 ], [ 126.4375, 36.0375 ] ] ] } },
{ "type": "Feature", "properties": { "grad_nT_km": 58.1, "tier": "steep", "score": 2.2 }, "geometry": { "type": "Polygon", "coordinates": [ [ [ 126.6375, 36.0375 ], [ 126.6375, 36.0875 ], [ 126.5875, 36.0875 ], [ 126.5875, 36.0375 ], [ 126.6375, 36.0375 ] ] ] } },
{ "type": "Feature", "properties": { "grad_nT_km": 70.2, "tier": "steep", "score": 1.7 }, "geometry": { "type": "Polygon", "coordinates": [ [ [ 128.2875, 36.0375 ], [ 128.2875, 36.0875 ], [ 128.2375, 36.0875 ], [ 128.2375, 36.0375 ], [ 128.2875, 36.0375 ] ] ] } },
{ "type": "Feature", "properties": { "grad_nT_km": 64.4, "tier": "steep", "score": 1.9 }, "geometry": { "type": "Polygon", "coordinates": [ [ [ 128.3375, 36.0375 ], [ 128.3375, 36.0875 ], [ 128.2875, 36.0875 ], [ 128.2875, 36.0375 ], [ 128.3375, 36.0375 ] ] ] } },
{ "type": "Feature", "properties": { "grad_nT_km": 64.0, "tier": "steep", "score": 1.9 }, "geometry": { "type": "Polygon", "coordinates": [ [ [ 128.4875, 36.0375 ], [ 128.4875, 36.0875 ], [ 128.4375, 36.0875 ], [ 128.4375, 36.0375 ], [ 128.4875, 36.0375 ] ] ] } },
{ "type": "Feature", "properties": { "grad_nT_km": 68.7, "tier": "steep", "score": 1.7 }, "geometry": { "type": "Polygon", "coordinates": [ [ [ 128.5375, 36.0375 ], [ 128.5375, 36.0875 ], [ 128.4875, 36.0875 ], [ 128.4875, 36.0375 ], [ 128.5375, 36.0375 ] ] ] } },
{ "type": "Feature", "properties": { "grad_nT_km": 49.0, "tier": "steep", "score": 2.6 }, "geometry": { "type": "Polygon", "coordinates": [ [ [ 128.6875, 36.0375 ], [ 128.6875, 36.0875 ], [ 128.6375, 36.0875 ], [ 128.6375, 36.0375 ], [ 128.6875, 36.0375 ] ] ] } },
{ "type": "Feature", "properties": { "grad_nT_km": 42.4, "tier": "steep", "score": 3.1 }, "geometry": { "type": "Polygon", "coordinates": [ [ [ 128.7375, 36.0375 ], [ 128.7375, 36.0875 ], [ 128.6875, 36.0875 ], [ 128.6875, 36.0375 ], [ 128.7375, 36.0375 ] ] ] } },
{ "type": "Feature", "properties": { "grad_nT_km": 65.1, "tier": "steep", "score": 1.9 }, "geometry": { "type": "Polygon", "coordinates": [ [ [ 128.7875, 36.0375 ], [ 128.7875, 36.0875 ], [ 128.7375, 36.0875 ], [ 128.7375, 36.0375 ], [ 128.7875, 36.0375 ] ] ] } },
{ "type": "Feature", "properties": { "grad_nT_km": 62.7, "tier": "steep", "score": 2.0 }, "geometry": { "type": "Polygon", "coordinates": [ [ [ 128.8375, 36.0375 ], [ 128.8375, 36.0875 ], [ 128.7875, 36.0875 ], [ 128.7875, 36.0375 ], [ 128.8375, 36.0375 ] ] ] } },
{ "type": "Feature", "properties": { "grad_nT_km": 54.1, "tier": "steep", "score": 2.4 }, "geometry": { "type": "Polygon", "coordinates": [ [ [ 128.8875, 36.0375 ], [ 128.8875, 36.0875 ], [ 128.8375, 36.0875 ], [ 128.8375, 36.0375 ], [ 128.8875, 36.0375 ] ] ] } },
{ "type": "Feature", "properties": { "grad_nT_km": 40.3, "tier": "steep", "score": 3.3 }, "geometry": { "type": "Polygon", "coordinates": [ [ [ 129.2375, 36.0375 ], [ 129.2375, 36.0875 ], [ 129.1875, 36.0875 ], [ 129.1875, 36.0375 ], [ 129.2375, 36.0375 ] ] ] } },
{ "type": "Feature", "properties": { "grad_nT_km": 42.6, "tier": "steep", "score": 3.1 }, "geometry": { "type": "Polygon", "coordinates": [ [ [ 128.1375, 36.0875 ], [ 128.1375, 36.1375 ], [ 128.0875, 36.1375 ], [ 128.0875, 36.0875 ], [ 128.1375, 36.0875 ] ] ] } },
{ "type": "Feature", "properties": { "grad_nT_km": 46.3, "tier": "steep", "score": 2.8 }, "geometry": { "type": "Polygon", "coordinates": [ [ [ 128.2875, 36.0875 ], [ 128.2875, 36.1375 ], [ 128.2375, 36.1375 ], [ 128.2375, 36.0875 ], [ 128.2875, 36.0875 ] ] ] } },
{ "type": "Feature", "properties": { "grad_nT_km": 44.6, "tier": "steep", "score": 2.9 }, "geometry": { "type": "Polygon", "coordinates": [ [ [ 128.8375, 36.0875 ], [ 128.8375, 36.1375 ], [ 128.7875, 36.1375 ], [ 128.7875, 36.0875 ], [ 128.8375, 36.0875 ] ] ] } },
{ "type": "Feature", "properties": { "grad_nT_km": 64.4, "tier": "steep", "score": 1.9 }, "geometry": { "type": "Polygon", "coordinates": [ [ [ 128.8875, 36.0875 ], [ 128.8875, 36.1375 ], [ 128.8375, 36.1375 ], [ 128.8375, 36.0875 ], [ 128.8875, 36.0875 ] ] ] } },
{ "type": "Feature", "properties": { "grad_nT_km": 48.7, "tier": "steep", "score": 2.7 }, "geometry": { "type": "Polygon", "coordinates": [ [ [ 128.9375, 36.0875 ], [ 128.9375, 36.1375 ], [ 128.8875, 36.1375 ], [ 128.8875, 36.0875 ], [ 128.9375, 36.0875 ] ] ] } },
{ "type": "Feature", "properties": { "grad_nT_km": 41.3, "tier": "steep", "score": 3.2 }, "geometry": { "type": "Polygon", "coordinates": [ [ [ 129.2375, 36.0875 ], [ 129.2375, 36.1375 ], [ 129.1875, 36.1375 ], [ 129.1875, 36.0875 ], [ 129.2375, 36.0875 ] ] ] } },
{ "type": "Feature", "properties": { "grad_nT_km": 58.7, "tier": "steep", "score": 2.1 }, "geometry": { "type": "Polygon", "coordinates": [ [ [ 128.1875, 36.1375 ], [ 128.1875, 36.1875 ], [ 128.1375, 36.1875 ], [ 128.1375, 36.1375 ], [ 128.1875, 36.1375 ] ] ] } },
{ "type": "Feature", "properties": { "grad_nT_km": 81.3, "tier": "steep", "score": 1.4 }, "geometry": { "type": "Polygon", "coordinates": [ [ [ 128.8375, 36.1375 ], [ 128.8375, 36.1875 ], [ 128.7875, 36.1875 ], [ 128.7875, 36.1375 ], [ 128.8375, 36.1375 ] ] ] } },
{ "type": "Feature", "properties": { "grad_nT_km": 66.8, "tier": "steep", "score": 1.8 }, "geometry": { "type": "Polygon", "coordinates": [ [ [ 128.8875, 36.1375 ], [ 128.8875, 36.1875 ], [ 128.8375, 36.1875 ], [ 128.8375, 36.1375 ], [ 128.8875, 36.1375 ] ] ] } },
{ "type": "Feature", "properties": { "grad_nT_km": 48.4, "tier": "steep", "score": 2.7 }, "geometry": { "type": "Polygon", "coordinates": [ [ [ 128.9375, 36.1375 ], [ 128.9375, 36.1875 ], [ 128.8875, 36.1875 ], [ 128.8875, 36.1375 ], [ 128.9375, 36.1375 ] ] ] } },
{ "type": "Feature", "properties": { "grad_nT_km": 69.3, "tier": "steep", "score": 1.7 }, "geometry": { "type": "Polygon", "coordinates": [ [ [ 128.9875, 36.1375 ], [ 128.9875, 36.1875 ], [ 128.9375, 36.1875 ], [ 128.9375, 36.1375 ], [ 128.9875, 36.1375 ] ] ] } },
{ "type": "Feature", "properties": { "grad_nT_km": 47.3, "tier": "steep", "score": 2.8 }, "geometry": { "type": "Polygon", "coordinates": [ [ [ 129.0375, 36.1375 ], [ 129.0375, 36.1875 ], [ 128.9875, 36.1875 ], [ 128.9875, 36.1375 ], [ 129.0375, 36.1375 ] ] ] } },
{ "type": "Feature", "properties": { "grad_nT_km": 42.7, "tier": "steep", "score": 3.1 }, "geometry": { "type": "Polygon", "coordinates": [ [ [ 129.0875, 36.1375 ], [ 129.0875, 36.1875 ], [ 129.0375, 36.1875 ], [ 129.0375, 36.1375 ], [ 129.0875, 36.1375 ] ] ] } },
{ "type": "Feature", "properties": { "grad_nT_km": 46.8, "tier": "steep", "score": 2.8 }, "geometry": { "type": "Polygon", "coordinates": [ [ [ 129.1875, 36.1375 ], [ 129.1875, 36.1875 ], [ 129.1375, 36.1875 ], [ 129.1375, 36.1375 ], [ 129.1875, 36.1375 ] ] ] } },
{ "type": "Feature", "properties": { "grad_nT_km": 91.3, "tier": "steep", "score": 1.2 }, "geometry": { "type": "Polygon", "coordinates": [ [ [ 128.8875, 36.1875 ], [ 128.8875, 36.2375 ], [ 128.8375, 36.2375 ], [ 128.8375, 36.1875 ], [ 128.8875, 36.1875 ] ] ] } },
{ "type": "Feature", "properties": { "grad_nT_km": 57.8, "tier": "steep", "score": 2.2 }, "geometry": { "type": "Polygon", "coordinates": [ [ [ 128.9875, 36.1875 ], [ 128.9875, 36.2375 ], [ 128.9375, 36.2375 ], [ 128.9375, 36.1875 ], [ 128.9875, 36.1875 ] ] ] } },
{ "type": "Feature", "properties": { "grad_nT_km": 46.1, "tier": "steep", "score": 2.8 }, "geometry": { "type": "Polygon", "coordinates": [ [ [ 129.3875, 36.1875 ], [ 129.3875, 36.2375 ], [ 129.3375, 36.2375 ], [ 129.3375, 36.1875 ], [ 129.3875, 36.1875 ] ] ] } },
{ "type": "Feature", "properties": { "grad_nT_km": 72.5, "tier": "steep", "score": 1.6 }, "geometry": { "type": "Polygon", "coordinates": [ [ [ 127.7375, 36.2375 ], [ 127.7375, 36.2875 ], [ 127.6875, 36.2875 ], [ 127.6875, 36.2375 ], [ 127.7375, 36.2375 ] ] ] } },
{ "type": "Feature", "properties": { "grad_nT_km": 56.9, "tier": "steep", "score": 2.2 }, "geometry": { "type": "Polygon", "coordinates": [ [ [ 128.8875, 36.2375 ], [ 128.8875, 36.2875 ], [ 128.8375, 36.2875 ], [ 128.8375, 36.2375 ], [ 128.8875, 36.2375 ] ] ] } },
{ "type": "Feature", "properties": { "grad_nT_km": 48.8, "tier": "steep", "score": 2.7 }, "geometry": { "type": "Polygon", "coordinates": [ [ [ 128.9375, 36.2375 ], [ 128.9375, 36.2875 ], [ 128.8875, 36.2875 ], [ 128.8875, 36.2375 ], [ 128.9375, 36.2375 ] ] ] } },
{ "type": "Feature", "properties": { "grad_nT_km": 56.5, "tier": "steep", "score": 2.2 }, "geometry": { "type": "Polygon", "coordinates": [ [ [ 129.0875, 36.2375 ], [ 129.0875, 36.2875 ], [ 129.0375, 36.2875 ], [ 129.0375, 36.2375 ], [ 129.0875, 36.2375 ] ] ] } },
{ "type": "Feature", "properties": { "grad_nT_km": 66.0, "tier": "steep", "score": 1.8 }, "geometry": { "type": "Polygon", "coordinates": [ [ [ 129.1875, 36.2375 ], [ 129.1875, 36.2875 ], [ 129.1375, 36.2875 ], [ 129.1375, 36.2375 ], [ 129.1875, 36.2375 ] ] ] } },
{ "type": "Feature", "properties": { "grad_nT_km": 44.6, "tier": "steep", "score": 2.9 }, "geometry": { "type": "Polygon", "coordinates": [ [ [ 127.6375, 36.2875 ], [ 127.6375, 36.3375 ], [ 127.5875, 36.3375 ], [ 127.5875, 36.2875 ], [ 127.6375, 36.2875 ] ] ] } },
{ "type": "Feature", "properties": { "grad_nT_km": 71.9, "tier": "steep", "score": 1.6 }, "geometry": { "type": "Polygon", "coordinates": [ [ [ 127.6875, 36.2875 ], [ 127.6875, 36.3375 ], [ 127.6375, 36.3375 ], [ 127.6375, 36.2875 ], [ 127.6875, 36.2875 ] ] ] } },
{ "type": "Feature", "properties": { "grad_nT_km": 94.7, "tier": "steep", "score": 1.1 }, "geometry": { "type": "Polygon", "coordinates": [ [ [ 129.0875, 36.2875 ], [ 129.0875, 36.3375 ], [ 129.0375, 36.3375 ], [ 129.0375, 36.2875 ], [ 129.0875, 36.2875 ] ] ] } },
{ "type": "Feature", "properties": { "grad_nT_km": 62.4, "tier": "steep", "score": 2.0 }, "geometry": { "type": "Polygon", "coordinates": [ [ [ 127.7375, 36.3375 ], [ 127.7375, 36.3875 ], [ 127.6875, 36.3875 ], [ 127.6875, 36.3375 ], [ 127.7375, 36.3375 ] ] ] } },
{ "type": "Feature", "properties": { "grad_nT_km": 45.2, "tier": "steep", "score": 2.9 }, "geometry": { "type": "Polygon", "coordinates": [ [ [ 127.8375, 36.3375 ], [ 127.8375, 36.3875 ], [ 127.7875, 36.3875 ], [ 127.7875, 36.3375 ], [ 127.8375, 36.3375 ] ] ] } },
{ "type": "Feature", "properties": { "grad_nT_km": 59.2, "tier": "steep", "score": 2.1 }, "geometry": { "type": "Polygon", "coordinates": [ [ [ 127.8875, 36.3375 ], [ 127.8875, 36.3875 ], [ 127.8375, 36.3875 ], [ 127.8375, 36.3375 ], [ 127.8875, 36.3375 ] ] ] } },
{ "type": "Feature", "properties": { "grad_nT_km": 81.4, "tier": "steep", "score": 1.4 }, "geometry": { "type": "Polygon", "coordinates": [ [ [ 129.0875, 36.3375 ], [ 129.0875, 36.3875 ], [ 129.0375, 36.3875 ], [ 129.0375, 36.3375 ], [ 129.0875, 36.3375 ] ] ] } },
{ "type": "Feature", "properties": { "grad_nT_km": 73.1, "tier": "steep", "score": 1.6 }, "geometry": { "type": "Polygon", "coordinates": [ [ [ 129.1375, 36.3375 ], [ 129.1375, 36.3875 ], [ 129.0875, 36.3875 ], [ 129.0875, 36.3375 ], [ 129.1375, 36.3375 ] ] ] } },
{ "type": "Feature", "properties": { "grad_nT_km": 49.8, "tier": "steep", "score": 2.6 }, "geometry": { "type": "Polygon", "coordinates": [ [ [ 129.1875, 36.3375 ], [ 129.1875, 36.3875 ], [ 129.1375, 36.3875 ], [ 129.1375, 36.3375 ], [ 129.1875, 36.3375 ] ] ] } },
{ "type": "Feature", "properties": { "grad_nT_km": 97.4, "tier": "steep", "score": 1.1 }, "geometry": { "type": "Polygon", "coordinates": [ [ [ 129.2375, 36.3375 ], [ 129.2375, 36.3875 ], [ 129.1875, 36.3875 ], [ 129.1875, 36.3375 ], [ 129.2375, 36.3375 ] ] ] } },
{ "type": "Feature", "properties": { "grad_nT_km": 65.0, "tier": "steep", "score": 1.9 }, "geometry": { "type": "Polygon", "coordinates": [ [ [ 129.2875, 36.3375 ], [ 129.2875, 36.3875 ], [ 129.2375, 36.3875 ], [ 129.2375, 36.3375 ], [ 129.2875, 36.3375 ] ] ] } },
{ "type": "Feature", "properties": { "grad_nT_km": 45.8, "tier": "steep", "score": 2.9 }, "geometry": { "type": "Polygon", "coordinates": [ [ [ 127.6875, 36.3875 ], [ 127.6875, 36.4375 ], [ 127.6375, 36.4375 ], [ 127.6375, 36.3875 ], [ 127.6875, 36.3875 ] ] ] } },
{ "type": "Feature", "properties": { "grad_nT_km": 53.0, "tier": "steep", "score": 2.4 }, "geometry": { "type": "Polygon", "coordinates": [ [ [ 127.7875, 36.3875 ], [ 127.7875, 36.4375 ], [ 127.7375, 36.4375 ], [ 127.7375, 36.3875 ], [ 127.7875, 36.3875 ] ] ] } },
{ "type": "Feature", "properties": { "grad_nT_km": 55.0, "tier": "steep", "score": 2.3 }, "geometry": { "type": "Polygon", "coordinates": [ [ [ 128.2375, 36.3875 ], [ 128.2375, 36.4375 ], [ 128.1875, 36.4375 ], [ 128.1875, 36.3875 ], [ 128.2375, 36.3875 ] ] ] } },
{ "type": "Feature", "properties": { "grad_nT_km": 43.9, "tier": "steep", "score": 3.0 }, "geometry": { "type": "Polygon", "coordinates": [ [ [ 128.8875, 36.3875 ], [ 128.8875, 36.4375 ], [ 128.8375, 36.4375 ], [ 128.8375, 36.3875 ], [ 128.8875, 36.3875 ] ] ] } },
{ "type": "Feature", "properties": { "grad_nT_km": 54.1, "tier": "steep", "score": 2.4 }, "geometry": { "type": "Polygon", "coordinates": [ [ [ 129.4375, 36.3875 ], [ 129.4375, 36.4375 ], [ 129.3875, 36.4375 ], [ 129.3875, 36.3875 ], [ 129.4375, 36.3875 ] ] ] } },
{ "type": "Feature", "properties": { "grad_nT_km": 51.5, "tier": "steep", "score": 2.5 }, "geometry": { "type": "Polygon", "coordinates": [ [ [ 128.1375, 36.4375 ], [ 128.1375, 36.4875 ], [ 128.0875, 36.4875 ], [ 128.0875, 36.4375 ], [ 128.1375, 36.4375 ] ] ] } },
{ "type": "Feature", "properties": { "grad_nT_km": 52.9, "tier": "steep", "score": 2.4 }, "geometry": { "type": "Polygon", "coordinates": [ [ [ 128.9375, 36.4375 ], [ 128.9375, 36.4875 ], [ 128.8875, 36.4875 ], [ 128.8875, 36.4375 ], [ 128.9375, 36.4375 ] ] ] } },
{ "type": "Feature", "properties": { "grad_nT_km": 47.2, "tier": "steep", "score": 2.8 }, "geometry": { "type": "Polygon", "coordinates": [ [ [ 129.0375, 36.4375 ], [ 129.0375, 36.4875 ], [ 128.9875, 36.4875 ], [ 128.9875, 36.4375 ], [ 129.0375, 36.4375 ] ] ] } },
{ "type": "Feature", "properties": { "grad_nT_km": 43.0, "tier": "steep", "score": 3.1 }, "geometry": { "type": "Polygon", "coordinates": [ [ [ 129.0875, 36.4375 ], [ 129.0875, 36.4875 ], [ 129.0375, 36.4875 ], [ 129.0375, 36.4375 ], [ 129.0875, 36.4375 ] ] ] } },
{ "type": "Feature", "properties": { "grad_nT_km": 75.6, "tier": "steep", "score": 1.5 }, "geometry": { "type": "Polygon", "coordinates": [ [ [ 129.3875, 36.4375 ], [ 129.3875, 36.4875 ], [ 129.3375, 36.4875 ], [ 129.3375, 36.4375 ], [ 129.3875, 36.4375 ] ] ] } },
{ "type": "Feature", "properties": { "grad_nT_km": 49.6, "tier": "steep", "score": 2.6 }, "geometry": { "type": "Polygon", "coordinates": [ [ [ 129.4375, 36.4375 ], [ 129.4375, 36.4875 ], [ 129.3875, 36.4875 ], [ 129.3875, 36.4375 ], [ 129.4375, 36.4375 ] ] ] } },
{ "type": "Feature", "properties": { "grad_nT_km": 41.3, "tier": "steep", "score": 3.2 }, "geometry": { "type": "Polygon", "coordinates": [ [ [ 129.2375, 36.4875 ], [ 129.2375, 36.5375 ], [ 129.1875, 36.5375 ], [ 129.1875, 36.4875 ], [ 129.2375, 36.4875 ] ] ] } },
{ "type": "Feature", "properties": { "grad_nT_km": 70.7, "tier": "steep", "score": 1.7 }, "geometry": { "type": "Polygon", "coordinates": [ [ [ 127.6875, 36.5375 ], [ 127.6875, 36.5875 ], [ 127.6375, 36.5875 ], [ 127.6375, 36.5375 ], [ 127.6875, 36.5375 ] ] ] } },
{ "type": "Feature", "properties": { "grad_nT_km": 87.2, "tier": "steep", "score": 1.2 }, "geometry": { "type": "Polygon", "coordinates": [ [ [ 127.7375, 36.5375 ], [ 127.7375, 36.5875 ], [ 127.6875, 36.5875 ], [ 127.6875, 36.5375 ], [ 127.7375, 36.5375 ] ] ] } },
{ "type": "Feature", "properties": { "grad_nT_km": 42.2, "tier": "steep", "score": 3.1 }, "geometry": { "type": "Polygon", "coordinates": [ [ [ 127.7875, 36.5375 ], [ 127.7875, 36.5875 ], [ 127.7375, 36.5875 ], [ 127.7375, 36.5375 ], [ 127.7875, 36.5375 ] ] ] } },
{ "type": "Feature", "properties": { "grad_nT_km": 41.7, "tier": "steep", "score": 3.2 }, "geometry": { "type": "Polygon", "coordinates": [ [ [ 128.9375, 36.5375 ], [ 128.9375, 36.5875 ], [ 128.8875, 36.5875 ], [ 128.8875, 36.5375 ], [ 128.9375, 36.5375 ] ] ] } },
{ "type": "Feature", "properties": { "grad_nT_km": 43.4, "tier": "steep", "score": 3.0 }, "geometry": { "type": "Polygon", "coordinates": [ [ [ 129.3875, 36.5375 ], [ 129.3875, 36.5875 ], [ 129.3375, 36.5875 ], [ 129.3375, 36.5375 ], [ 129.3875, 36.5375 ] ] ] } },
{ "type": "Feature", "properties": { "grad_nT_km": 52.8, "tier": "steep", "score": 2.4 }, "geometry": { "type": "Polygon", "coordinates": [ [ [ 126.4375, 36.5875 ], [ 126.4375, 36.6375 ], [ 126.3875, 36.6375 ], [ 126.3875, 36.5875 ], [ 126.4375, 36.5875 ] ] ] } },
{ "type": "Feature", "properties": { "grad_nT_km": 54.6, "tier": "steep", "score": 2.3 }, "geometry": { "type": "Polygon", "coordinates": [ [ [ 126.5375, 36.5875 ], [ 126.5375, 36.6375 ], [ 126.4875, 36.6375 ], [ 126.4875, 36.5875 ], [ 126.5375, 36.5875 ] ] ] } },
{ "type": "Feature", "properties": { "grad_nT_km": 76.3, "tier": "steep", "score": 1.5 }, "geometry": { "type": "Polygon", "coordinates": [ [ [ 127.0375, 36.5875 ], [ 127.0375, 36.6375 ], [ 126.9875, 36.6375 ], [ 126.9875, 36.5875 ], [ 127.0375, 36.5875 ] ] ] } },
{ "type": "Feature", "properties": { "grad_nT_km": 53.1, "tier": "steep", "score": 2.4 }, "geometry": { "type": "Polygon", "coordinates": [ [ [ 127.7375, 36.5875 ], [ 127.7375, 36.6375 ], [ 127.6875, 36.6375 ], [ 127.6875, 36.5875 ], [ 127.7375, 36.5875 ] ] ] } },
{ "type": "Feature", "properties": { "grad_nT_km": 53.4, "tier": "steep", "score": 2.4 }, "geometry": { "type": "Polygon", "coordinates": [ [ [ 127.7875, 36.5875 ], [ 127.7875, 36.6375 ], [ 127.7375, 36.6375 ], [ 127.7375, 36.5875 ], [ 127.7875, 36.5875 ] ] ] } },
{ "type": "Feature", "properties": { "grad_nT_km": 55.5, "tier": "steep", "score": 2.3 }, "geometry": { "type": "Polygon", "coordinates": [ [ [ 128.9375, 36.5875 ], [ 128.9375, 36.6375 ], [ 128.8875, 36.6375 ], [ 128.8875, 36.5875 ], [ 128.9375, 36.5875 ] ] ] } },
{ "type": "Feature", "properties": { "grad_nT_km": 41.9, "tier": "steep", "score": 3.2 }, "geometry": { "type": "Polygon", "coordinates": [ [ [ 129.3375, 36.5875 ], [ 129.3375, 36.6375 ], [ 129.2875, 36.6375 ], [ 129.2875, 36.5875 ], [ 129.3375, 36.5875 ] ] ] } },
{ "type": "Feature", "properties": { "grad_nT_km": 66.3, "tier": "steep", "score": 1.8 }, "geometry": { "type": "Polygon", "coordinates": [ [ [ 128.7375, 36.6375 ], [ 128.7375, 36.6875 ], [ 128.6875, 36.6875 ], [ 128.6875, 36.6375 ], [ 128.7375, 36.6375 ] ] ] } },
{ "type": "Feature", "properties": { "grad_nT_km": 54.8, "tier": "steep", "score": 2.3 }, "geometry": { "type": "Polygon", "coordinates": [ [ [ 128.8875, 36.6375 ], [ 128.8875, 36.6875 ], [ 128.8375, 36.6875 ], [ 128.8375, 36.6375 ], [ 128.8875, 36.6375 ] ] ] } },
{ "type": "Feature", "properties": { "grad_nT_km": 70.4, "tier": "steep", "score": 1.7 }, "geometry": { "type": "Polygon", "coordinates": [ [ [ 129.2875, 36.6375 ], [ 129.2875, 36.6875 ], [ 129.2375, 36.6875 ], [ 129.2375, 36.6375 ], [ 129.2875, 36.6375 ] ] ] } },
{ "type": "Feature", "properties": { "grad_nT_km": 53.0, "tier": "steep", "score": 2.4 }, "geometry": { "type": "Polygon", "coordinates": [ [ [ 129.3375, 36.6375 ], [ 129.3375, 36.6875 ], [ 129.2875, 36.6875 ], [ 129.2875, 36.6375 ], [ 129.3375, 36.6375 ] ] ] } },
{ "type": "Feature", "properties": { "grad_nT_km": 44.8, "tier": "steep", "score": 2.9 }, "geometry": { "type": "Polygon", "coordinates": [ [ [ 129.4375, 36.6375 ], [ 129.4375, 36.6875 ], [ 129.3875, 36.6875 ], [ 129.3875, 36.6375 ], [ 129.4375, 36.6375 ] ] ] } },
{ "type": "Feature", "properties": { "grad_nT_km": 43.1, "tier": "steep", "score": 3.1 }, "geometry": { "type": "Polygon", "coordinates": [ [ [ 126.3875, 36.6875 ], [ 126.3875, 36.7375 ], [ 126.3375, 36.7375 ], [ 126.3375, 36.6875 ], [ 126.3875, 36.6875 ] ] ] } },
{ "type": "Feature", "properties": { "grad_nT_km": 41.4, "tier": "steep", "score": 3.2 }, "geometry": { "type": "Polygon", "coordinates": [ [ [ 129.3875, 36.6875 ], [ 129.3875, 36.7375 ], [ 129.3375, 36.7375 ], [ 129.3375, 36.6875 ], [ 129.3875, 36.6875 ] ] ] } },
{ "type": "Feature", "properties": { "grad_nT_km": 42.4, "tier": "steep", "score": 3.1 }, "geometry": { "type": "Polygon", "coordinates": [ [ [ 126.4375, 36.7375 ], [ 126.4375, 36.7875 ], [ 126.3875, 36.7875 ], [ 126.3875, 36.7375 ], [ 126.4375, 36.7375 ] ] ] } },
{ "type": "Feature", "properties": { "grad_nT_km": 41.2, "tier": "steep", "score": 3.2 }, "geometry": { "type": "Polygon", "coordinates": [ [ [ 126.4875, 36.7375 ], [ 126.4875, 36.7875 ], [ 126.4375, 36.7875 ], [ 126.4375, 36.7375 ], [ 126.4875, 36.7375 ] ] ] } },
{ "type": "Feature", "properties": { "grad_nT_km": 43.3, "tier": "steep", "score": 3.0 }, "geometry": { "type": "Polygon", "coordinates": [ [ [ 127.8375, 36.7375 ], [ 127.8375, 36.7875 ], [ 127.7875, 36.7875 ], [ 127.7875, 36.7375 ], [ 127.8375, 36.7375 ] ] ] } },
{ "type": "Feature", "properties": { "grad_nT_km": 62.8, "tier": "steep", "score": 2.0 }, "geometry": { "type": "Polygon", "coordinates": [ [ [ 127.8875, 36.7375 ], [ 127.8875, 36.7875 ], [ 127.8375, 36.7875 ], [ 127.8375, 36.7375 ], [ 127.8875, 36.7375 ] ] ] } },
{ "type": "Feature", "properties": { "grad_nT_km": 41.0, "tier": "steep", "score": 3.2 }, "geometry": { "type": "Polygon", "coordinates": [ [ [ 128.7875, 36.7375 ], [ 128.7875, 36.7875 ], [ 128.7375, 36.7875 ], [ 128.7375, 36.7375 ], [ 128.7875, 36.7375 ] ] ] } },
{ "type": "Feature", "properties": { "grad_nT_km": 52.6, "tier": "steep", "score": 2.4 }, "geometry": { "type": "Polygon", "coordinates": [ [ [ 126.5375, 36.7875 ], [ 126.5375, 36.8375 ], [ 126.4875, 36.8375 ], [ 126.4875, 36.7875 ], [ 126.5375, 36.7875 ] ] ] } },
{ "type": "Feature", "properties": { "grad_nT_km": 70.4, "tier": "steep", "score": 1.7 }, "geometry": { "type": "Polygon", "coordinates": [ [ [ 127.7875, 36.7875 ], [ 127.7875, 36.8375 ], [ 127.7375, 36.8375 ], [ 127.7375, 36.7875 ], [ 127.7875, 36.7875 ] ] ] } },
{ "type": "Feature", "properties": { "grad_nT_km": 85.8, "tier": "steep", "score": 1.3 }, "geometry": { "type": "Polygon", "coordinates": [ [ [ 127.9375, 36.7875 ], [ 127.9375, 36.8375 ], [ 127.8875, 36.8375 ], [ 127.8875, 36.7875 ], [ 127.9375, 36.7875 ] ] ] } },
{ "type": "Feature", "properties": { "grad_nT_km": 43.5, "tier": "steep", "score": 3.0 }, "geometry": { "type": "Polygon", "coordinates": [ [ [ 129.4375, 36.8375 ], [ 129.4375, 36.8875 ], [ 129.3875, 36.8875 ], [ 129.3875, 36.8375 ], [ 129.4375, 36.8375 ] ] ] } },
{ "type": "Feature", "properties": { "grad_nT_km": 57.1, "tier": "steep", "score": 2.2 }, "geometry": { "type": "Polygon", "coordinates": [ [ [ 127.7875, 36.8875 ], [ 127.7875, 36.9375 ], [ 127.7375, 36.9375 ], [ 127.7375, 36.8875 ], [ 127.7875, 36.8875 ] ] ] } },
{ "type": "Feature", "properties": { "grad_nT_km": 65.1, "tier": "steep", "score": 1.9 }, "geometry": { "type": "Polygon", "coordinates": [ [ [ 127.8375, 36.8875 ], [ 127.8375, 36.9375 ], [ 127.7875, 36.9375 ], [ 127.7875, 36.8875 ], [ 127.8375, 36.8875 ] ] ] } },
{ "type": "Feature", "properties": { "grad_nT_km": 46.8, "tier": "steep", "score": 2.8 }, "geometry": { "type": "Polygon", "coordinates": [ [ [ 127.7875, 36.9375 ], [ 127.7875, 36.9875 ], [ 127.7375, 36.9875 ], [ 127.7375, 36.9375 ], [ 127.7875, 36.9375 ] ] ] } },
{ "type": "Feature", "properties": { "grad_nT_km": 67.9, "tier": "steep", "score": 1.8 }, "geometry": { "type": "Polygon", "coordinates": [ [ [ 127.8375, 36.9375 ], [ 127.8375, 36.9875 ], [ 127.7875, 36.9875 ], [ 127.7875, 36.9375 ], [ 127.8375, 36.9375 ] ] ] } },
{ "type": "Feature", "properties": { "grad_nT_km": 96.1, "tier": "steep", "score": 1.1 }, "geometry": { "type": "Polygon", "coordinates": [ [ [ 127.9375, 36.9375 ], [ 127.9375, 36.9875 ], [ 127.8875, 36.9875 ], [ 127.8875, 36.9375 ], [ 127.9375, 36.9375 ] ] ] } },
{ "type": "Feature", "properties": { "grad_nT_km": 48.7, "tier": "steep", "score": 2.7 }, "geometry": { "type": "Polygon", "coordinates": [ [ [ 129.3375, 36.9375 ], [ 129.3375, 36.9875 ], [ 129.2875, 36.9875 ], [ 129.2875, 36.9375 ], [ 129.3375, 36.9375 ] ] ] } },
{ "type": "Feature", "properties": { "grad_nT_km": 51.2, "tier": "steep", "score": 2.5 }, "geometry": { "type": "Polygon", "coordinates": [ [ [ 129.3875, 36.9375 ], [ 129.3875, 36.9875 ], [ 129.3375, 36.9875 ], [ 129.3375, 36.9375 ], [ 129.3875, 36.9375 ] ] ] } },
{ "type": "Feature", "properties": { "grad_nT_km": 43.7, "tier": "steep", "score": 3.0 }, "geometry": { "type": "Polygon", "coordinates": [ [ [ 129.4375, 36.9375 ], [ 129.4375, 36.9875 ], [ 129.3875, 36.9875 ], [ 129.3875, 36.9375 ], [ 129.4375, 36.9375 ] ] ] } },
{ "type": "Feature", "properties": { "grad_nT_km": 60.7, "tier": "steep", "score": 2.0 }, "geometry": { "type": "Polygon", "coordinates": [ [ [ 125.9375, 36.9875 ], [ 125.9375, 37.0375 ], [ 125.8875, 37.0375 ], [ 125.8875, 36.9875 ], [ 125.9375, 36.9875 ] ] ] } },
{ "type": "Feature", "properties": { "grad_nT_km": 51.5, "tier": "steep", "score": 2.5 }, "geometry": { "type": "Polygon", "coordinates": [ [ [ 125.9875, 36.9875 ], [ 125.9875, 37.0375 ], [ 125.9375, 37.0375 ], [ 125.9375, 36.9875 ], [ 125.9875, 36.9875 ] ] ] } },
{ "type": "Feature", "properties": { "grad_nT_km": 46.1, "tier": "steep", "score": 2.8 }, "geometry": { "type": "Polygon", "coordinates": [ [ [ 127.9375, 36.9875 ], [ 127.9375, 37.0375 ], [ 127.8875, 37.0375 ], [ 127.8875, 36.9875 ], [ 127.9375, 36.9875 ] ] ] } },
{ "type": "Feature", "properties": { "grad_nT_km": 56.6, "tier": "steep", "score": 2.2 }, "geometry": { "type": "Polygon", "coordinates": [ [ [ 128.0875, 36.9875 ], [ 128.0875, 37.0375 ], [ 128.0375, 37.0375 ], [ 128.0375, 36.9875 ], [ 128.0875, 36.9875 ] ] ] } },
{ "type": "Feature", "properties": { "grad_nT_km": 50.3, "tier": "steep", "score": 2.6 }, "geometry": { "type": "Polygon", "coordinates": [ [ [ 129.0875, 36.9875 ], [ 129.0875, 37.0375 ], [ 129.0375, 37.0375 ], [ 129.0375, 36.9875 ], [ 129.0875, 36.9875 ] ] ] } },
{ "type": "Feature", "properties": { "grad_nT_km": 54.4, "tier": "steep", "score": 2.3 }, "geometry": { "type": "Polygon", "coordinates": [ [ [ 125.9375, 37.0375 ], [ 125.9375, 37.0875 ], [ 125.8875, 37.0875 ], [ 125.8875, 37.0375 ], [ 125.9375, 37.0375 ] ] ] } },
{ "type": "Feature", "properties": { "grad_nT_km": 42.8, "tier": "steep", "score": 3.1 }, "geometry": { "type": "Polygon", "coordinates": [ [ [ 125.9875, 37.0375 ], [ 125.9875, 37.0875 ], [ 125.9375, 37.0875 ], [ 125.9375, 37.0375 ], [ 125.9875, 37.0375 ] ] ] } },
{ "type": "Feature", "properties": { "grad_nT_km": 96.1, "tier": "steep", "score": 1.1 }, "geometry": { "type": "Polygon", "coordinates": [ [ [ 128.0375, 37.0375 ], [ 128.0375, 37.0875 ], [ 127.9875, 37.0875 ], [ 127.9875, 37.0375 ], [ 128.0375, 37.0375 ] ] ] } },
{ "type": "Feature", "properties": { "grad_nT_km": 41.8, "tier": "steep", "score": 3.2 }, "geometry": { "type": "Polygon", "coordinates": [ [ [ 128.1375, 37.0375 ], [ 128.1375, 37.0875 ], [ 128.0875, 37.0875 ], [ 128.0875, 37.0375 ], [ 128.1375, 37.0375 ] ] ] } },
{ "type": "Feature", "properties": { "grad_nT_km": 62.3, "tier": "steep", "score": 2.0 }, "geometry": { "type": "Polygon", "coordinates": [ [ [ 127.9375, 37.0875 ], [ 127.9375, 37.1375 ], [ 127.8875, 37.1375 ], [ 127.8875, 37.0875 ], [ 127.9375, 37.0875 ] ] ] } },
{ "type": "Feature", "properties": { "grad_nT_km": 81.3, "tier": "steep", "score": 1.4 }, "geometry": { "type": "Polygon", "coordinates": [ [ [ 127.9875, 37.0875 ], [ 127.9875, 37.1375 ], [ 127.9375, 37.1375 ], [ 127.9375, 37.0875 ], [ 127.9875, 37.0875 ] ] ] } },
{ "type": "Feature", "properties": { "grad_nT_km": 69.1, "tier": "steep", "score": 1.7 }, "geometry": { "type": "Polygon", "coordinates": [ [ [ 128.0375, 37.0875 ], [ 128.0375, 37.1375 ], [ 127.9875, 37.1375 ], [ 127.9875, 37.0875 ], [ 128.0375, 37.0875 ] ] ] } },
{ "type": "Feature", "properties": { "grad_nT_km": 86.4, "tier": "steep", "score": 1.3 }, "geometry": { "type": "Polygon", "coordinates": [ [ [ 128.9375, 37.0875 ], [ 128.9375, 37.1375 ], [ 128.8875, 37.1375 ], [ 128.8875, 37.0875 ], [ 128.9375, 37.0875 ] ] ] } },
{ "type": "Feature", "properties": { "grad_nT_km": 40.9, "tier": "steep", "score": 3.2 }, "geometry": { "type": "Polygon", "coordinates": [ [ [ 127.9375, 37.1375 ], [ 127.9375, 37.1875 ], [ 127.8875, 37.1875 ], [ 127.8875, 37.1375 ], [ 127.9375, 37.1375 ] ] ] } },
{ "type": "Feature", "properties": { "grad_nT_km": 42.5, "tier": "steep", "score": 3.1 }, "geometry": { "type": "Polygon", "coordinates": [ [ [ 127.9875, 37.1375 ], [ 127.9875, 37.1875 ], [ 127.9375, 37.1875 ], [ 127.9375, 37.1375 ], [ 127.9875, 37.1375 ] ] ] } },
{ "type": "Feature", "properties": { "grad_nT_km": 60.7, "tier": "steep", "score": 2.0 }, "geometry": { "type": "Polygon", "coordinates": [ [ [ 126.2875, 37.1875 ], [ 126.2875, 37.2375 ], [ 126.2375, 37.2375 ], [ 126.2375, 37.1875 ], [ 126.2875, 37.1875 ] ] ] } },
{ "type": "Feature", "properties": { "grad_nT_km": 51.9, "tier": "steep", "score": 2.5 }, "geometry": { "type": "Polygon", "coordinates": [ [ [ 126.3875, 37.1875 ], [ 126.3875, 37.2375 ], [ 126.3375, 37.2375 ], [ 126.3375, 37.1875 ], [ 126.3875, 37.1875 ] ] ] } },
{ "type": "Feature", "properties": { "grad_nT_km": 58.6, "tier": "steep", "score": 2.1 }, "geometry": { "type": "Polygon", "coordinates": [ [ [ 126.2875, 37.2375 ], [ 126.2875, 37.2875 ], [ 126.2375, 37.2875 ], [ 126.2375, 37.2375 ], [ 126.2875, 37.2375 ] ] ] } },
{ "type": "Feature", "properties": { "grad_nT_km": 44.9, "tier": "steep", "score": 2.9 }, "geometry": { "type": "Polygon", "coordinates": [ [ [ 127.0375, 37.2375 ], [ 127.0375, 37.2875 ], [ 126.9875, 37.2875 ], [ 126.9875, 37.2375 ], [ 127.0375, 37.2375 ] ] ] } },
{ "type": "Feature", "properties": { "grad_nT_km": 41.8, "tier": "steep", "score": 3.2 }, "geometry": { "type": "Polygon", "coordinates": [ [ [ 127.6875, 37.8375 ], [ 127.6875, 37.8875 ], [ 127.6375, 37.8875 ], [ 127.6375, 37.8375 ], [ 127.6875, 37.8375 ] ] ] } }
]
}
