{
"type": "FeatureCollection",
"name": "maggrad_gentle",
"crs": { "type": "name", "properties": { "name": "urn:ogc:def:crs:OGC:1.3:CRS84" } },
"features": [
{ "type": "Feature", "properties": { "grad_nT_km": 14.6, "tier": "gentle", "score": 7.5 }, "geometry": { "type": "Polygon", "coordinates": [ [ [ 126.3875, 33.4375 ], [ 126.3875, 33.4875 ], [ 126.3375, 33.4875 ], [ 126.3375, 33.4375 ], [ 126.3875, 33.4375 ] ] ] } },
{ "type": "Feature", "properties": { "grad_nT_km": 9.6, "tier": "gentle", "score": 9.0 }, "geometry": { "type": "Polygon", "coordinates": [ [ [ 126.6375, 34.0875 ], [ 126.6375, 34.1375 ], [ 126.5875, 34.1375 ], [ 126.5875, 34.0875 ], [ 126.6375, 34.0875 ] ] ] } },
{ "type": "Feature", "properties": { "grad_nT_km": 14.1, "tier": "gentle", "score": 7.6 }, "geometry": { "type": "Polygon", "coordinates": [ [ [ 125.8875, 34.1875 ], [ 125.8875, 34.2375 ], [ 125.8375, 34.2375 ], [ 125.8375, 34.1875 ], [ 125.8875, 34.1875 ] ] ] } },
{ "type": "Feature", "properties": { "grad_nT_km": 8.8, "tier": "gentle", "score": 9.2 }, "geometry": { "type": "Polygon", "coordinates": [ [ [ 126.2875, 34.1875 ], [ 126.2875, 34.2375 ], [ 126.2375, 34.2375 ], [ 126.2375, 34.1875 ], [ 126.2875, 34.1875 ] ] ] } },
{ "type": "Feature", "properties": { "grad_nT_km": 7.3, "tier": "gentle", "score": 9.6 }, "geometry": { "type": "Polygon", "coordinates": [ [ [ 126.3875, 34.1875 ], [ 126.3875, 34.2375 ], [ 126.3375, 34.2375 ], [ 126.3375, 34.1875 ], [ 126.3875, 34.1875 ] ] ] } },
{ "type": "Feature", "properties": { "grad_nT_km": 12.2, "tier": "gentle", "score": 8.2 }, "geometry": { "type": "Polygon", "coordinates": [ [ [ 126.5375, 34.1875 ], [ 126.5375, 34.2375 ], [ 126.4875, 34.2375 ], [ 126.4875, 34.1875 ], [ 126.5375, 34.1875 ] ] ] } },
{ "type": "Feature", "properties": { "grad_nT_km": 12.5, "tier": "gentle", "score": 8.1 }, "geometry": { "type": "Polygon", "coordinates": [ [ [ 126.2875, 34.2375 ], [ 126.2875, 34.2875 ], [ 126.2375, 34.2875 ], [ 126.2375, 34.2375 ], [ 126.2875, 34.2375 ] ] ] } },
{ "type": "Feature", "properties": { "grad_nT_km": 10.3, "tier": "gentle", "score": 8.8 }, "geometry": { "type": "Polygon", "coordinates": [ [ [ 126.3375, 34.2375 ], [ 126.3375, 34.2875 ], [ 126.2875, 34.2875 ], [ 126.2875, 34.2375 ], [ 126.3375, 34.2375 ] ] ] } },
{ "type": "Feature", "properties": { "grad_nT_km": 13.4, "tier": "gentle", "score": 7.8 }, "geometry": { "type": "Polygon", "coordinates": [ [ [ 127.0875, 34.2375 ], [ 127.0875, 34.2875 ], [ 127.0375, 34.2875 ], [ 127.0375, 34.2375 ], [ 127.0875, 34.2375 ] ] ] } },
{ "type": "Feature", "properties": { "grad_nT_km": 7.3, "tier": "gentle", "score": 9.6 }, "geometry": { "type": "Polygon", "coordinates": [ [ [ 127.1375, 34.2375 ], [ 127.1375, 34.2875 ], [ 127.0875, 34.2875 ], [ 127.0875, 34.2375 ], [ 127.1375, 34.2375 ] ] ] } },
{ "type": "Feature", "properties": { "grad_nT_km": 14.3, "tier": "gentle", "score": 7.6 }, "geometry": { "type": "Polygon", "coordinates": [ [ [ 125.8875, 34.3375 ], [ 125.8875, 34.3875 ], [ 125.8375, 34.3875 ], [ 125.8375, 34.3375 ], [ 125.8875, 34.3375 ] ] ] } },
{ "type": "Feature", "properties": { "grad_nT_km": 9.4, "tier": "gentle", "score": 9.0 }, "geometry": { "type": "Polygon", "coordinates": [ [ [ 126.0875, 34.3375 ], [ 126.0875, 34.3875 ], [ 126.0375, 34.3875 ], [ 126.0375, 34.3375 ], [ 126.0875, 34.3375 ] ] ] } },
{ "type": "Feature", "properties": { "grad_nT_km": 9.8, "tier": "gentle", "score": 8.9 }, "geometry": { "type": "Polygon", "coordinates": [ [ [ 127.6875, 34.3375 ], [ 127.6875, 34.3875 ], [ 127.6375, 34.3875 ], [ 127.6375, 34.3375 ], [ 127.6875, 34.3375 ] ] ] } },
{ "type": "Feature", "properties": { "grad_nT_km": 12.8, "tier": "gentle", "score": 8.0 }, "geometry": { "type": "Polygon", "coordinates": [ [ [ 127.3875, 34.3875 ], [ 127.3875, 34.4375 ], [ 127.3375, 34.4375 ], [ 127.3375, 34.3875 ], [ 127.3875, 34.3875 ] ] ] } },
{ "type": "Feature", "properties": { "grad_nT_km": 12.5, "tier": "gentle", "score": 8.1 }, "geometry": { "type": "Polygon", "coordinates": [ [ [ 127.4375, 34.3875 ], [ 127.4375, 34.4375 ], [ 127.3875, 34.4375 ], [ 127.3875, 34.3875 ], [ 127.4375, 34.3875 ] ] ] } },
{ "type": "Feature", "properties": { "grad_nT_km": 7.0, "tier": "gentle", "score": 9.7 }, "geometry": { "type": "Polygon", "coordinates": [ [ [ 127.6875, 34.3875 ], [ 127.6875, 34.4375 ], [ 127.6375, 34.4375 ], [ 127.6375, 34.3875 ], [ 127.6875, 34.3875 ] ] ] } },
{ "type": "Feature", "properties": { "grad_nT_km": 13.7, "tier": "gentle", "score": 7.7 }, "geometry": { "type": "Polygon", "coordinates": [ [ [ 126.4875, 34.4375 ], [ 126.4875, 34.4875 ], [ 126.4375, 34.4875 ], [ 126.4375, 34.4375 ], [ 126.4875, 34.4375 ] ] ] } },
{ "type": "Feature", "properties": { "grad_nT_km": 7.5, "tier": "gentle", "score": 9.6 }, "geometry": { "type": "Polygon", "coordinates": [ [ [ 127.4375, 34.4375 ], [ 127.4375, 34.4875 ], [ 127.3875, 34.4875 ], [ 127.3875, 34.4375 ], [ 127.4375, 34.4375 ] ] ] } },
{ "type": "Feature", "properties": { "grad_nT_km": 14.1, "tier": "gentle", "score": 7.6 }, "geometry": { "type": "Polygon", "coordinates": [ [ [ 127.6875, 34.4375 ], [ 127.6875, 34.4875 ], [ 127.6375, 34.4875 ], [ 127.6375, 34.4375 ], [ 127.6875, 34.4375 ] ] ] } },
{ "type": "Feature", "properties": { "grad_nT_km": 11.8, "tier": "gentle", "score": 8.3 }, "geometry": { "type": "Polygon", "coordinates": [ [ [ 125.8375, 34.4875 ], [ 125.8375, 34.5375 ], [ 125.7875, 34.5375 ], [ 125.7875, 34.4875 ], [ 125.8375, 34.4875 ] ] ] } },
{ "type": "Feature", "properties": { "grad_nT_km": 8.1, "tier": "gentle", "score": 9.4 }, "geometry": { "type": "Polygon", "coordinates": [ [ [ 126.0875, 34.4875 ], [ 126.0875, 34.5375 ], [ 126.0375, 34.5375 ], [ 126.0375, 34.4875 ], [ 126.0875, 34.4875 ] ] ] } },
{ "type": "Feature", "properties": { "grad_nT_km": 14.6, "tier": "gentle", "score": 7.4 }, "geometry": { "type": "Polygon", "coordinates": [ [ [ 126.7375, 34.4875 ], [ 126.7375, 34.5375 ], [ 126.6875, 34.5375 ], [ 126.6875, 34.4875 ], [ 126.7375, 34.4875 ] ] ] } },
{ "type": "Feature", "properties": { "grad_nT_km": 8.0, "tier": "gentle", "score": 9.4 }, "geometry": { "type": "Polygon", "coordinates": [ [ [ 128.3375, 34.4875 ], [ 128.3375, 34.5375 ], [ 128.2875, 34.5375 ], [ 128.2875, 34.4875 ], [ 128.3375, 34.4875 ] ] ] } },
{ "type": "Feature", "properties": { "grad_nT_km": 11.5, "tier": "gentle", "score": 8.4 }, "geometry": { "type": "Polygon", "coordinates": [ [ [ 128.6375, 34.4875 ], [ 128.6375, 34.5375 ], [ 128.5875, 34.5375 ], [ 128.5875, 34.4875 ], [ 128.6375, 34.4875 ] ] ] } },
{ "type": "Feature", "properties": { "grad_nT_km": 12.5, "tier": "gentle", "score": 8.1 }, "geometry": { "type": "Polygon", "coordinates": [ [ [ 126.2375, 34.5375 ], [ 126.2375, 34.5875 ], [ 126.1875, 34.5875 ], [ 126.1875, 34.5375 ], [ 126.2375, 34.5375 ] ] ] } },
{ "type": "Feature", "properties": { "grad_nT_km": 14.8, "tier": "gentle", "score": 7.4 }, "geometry": { "type": "Polygon", "coordinates": [ [ [ 127.3375, 34.5375 ], [ 127.3375, 34.5875 ], [ 127.2875, 34.5875 ], [ 127.2875, 34.5375 ], [ 127.3375, 34.5375 ] ] ] } },
{ "type": "Feature", "properties": { "grad_nT_km": 11.0, "tier": "gentle", "score": 8.5 }, "geometry": { "type": "Polygon", "coordinates": [ [ [ 127.1375, 34.5875 ], [ 127.1375, 34.6375 ], [ 127.0875, 34.6375 ], [ 127.0875, 34.5875 ], [ 127.1375, 34.5875 ] ] ] } },
{ "type": "Feature", "properties": { "grad_nT_km": 9.1, "tier": "gentle", "score": 9.1 }, "geometry": { "type": "Polygon", "coordinates": [ [ [ 127.0875, 34.6375 ], [ 127.0875, 34.6875 ], [ 127.0375, 34.6875 ], [ 127.0375, 34.6375 ], [ 127.0875, 34.6375 ] ] ] } },
{ "type": "Feature", "properties": { "grad_nT_km": 12.8, "tier": "gentle", "score": 8.0 }, "geometry": { "type": "Polygon", "coordinates": [ [ [ 127.5375, 34.6375 ], [ 127.5375, 34.6875 ], [ 127.4875, 34.6875 ], [ 127.4875, 34.6375 ], [ 127.5375, 34.6375 ] ] ] } },
{ "type": "Feature", "properties": { "grad_nT_km": 11.8, "tier": "gentle", "score": 8.3 }, "geometry": { "type": "Polygon", "coordinates": [ [ [ 127.9875, 34.6375 ], [ 127.9875, 34.6875 ], [ 127.9375, 34.6875 ], [ 127.9375, 34.6375 ], [ 127.9875, 34.6375 ] ] ] } },
{ "type": "Feature", "properties": { "grad_nT_km": 12.8, "tier": "gentle", "score": 8.0 }, "geometry": { "type": "Polygon", "coordinates": [ [ [ 126.2875, 34.6875 ], [ 126.2875, 34.7375 ], [ 126.2375, 34.7375 ], [ 126.2375, 34.6875 ], [ 126.2875, 34.6875 ] ] ] } },
{ "type": "Feature", "properties": { "grad_nT_km": 14.8, "tier": "gentle", "score": 7.4 }, "geometry": { "type": "Polygon", "coordinates": [ [ [ 127.9875, 34.6875 ], [ 127.9875, 34.7375 ], [ 127.9375, 34.7375 ], [ 127.9375, 34.6875 ], [ 127.9875, 34.6875 ] ] ] } },
{ "type": "Feature", "properties": { "grad_nT_km": 11.1, "tier": "gentle", "score": 8.5 }, "geometry": { "type": "Polygon", "coordinates": [ [ [ 126.6875, 34.7375 ], [ 126.6875, 34.7875 ], [ 126.6375, 34.7875 ], [ 126.6375, 34.7375 ], [ 126.6875, 34.7375 ] ] ] } },
{ "type": "Feature", "properties": { "grad_nT_km": 12.0, "tier": "gentle", "score": 8.2 }, "geometry": { "type": "Polygon", "coordinates": [ [ [ 126.9875, 34.7375 ], [ 126.9875, 34.7875 ], [ 126.9375, 34.7875 ], [ 126.9375, 34.7375 ], [ 126.9875, 34.7375 ] ] ] } },
{ "type": "Feature", "properties": { "grad_nT_km": 12.0, "tier": "gentle", "score": 8.2 }, "geometry": { "type": "Polygon", "coordinates": [ [ [ 127.1375, 34.7375 ], [ 127.1375, 34.7875 ], [ 127.0875, 34.7875 ], [ 127.0875, 34.7375 ], [ 127.1375, 34.7375 ] ] ] } },
{ "type": "Feature", "properties": { "grad_nT_km": 14.0, "tier": "gentle", "score": 7.6 }, "geometry": { "type": "Polygon", "coordinates": [ [ [ 127.9875, 34.7375 ], [ 127.9875, 34.7875 ], [ 127.9375, 34.7875 ], [ 127.9375, 34.7375 ], [ 127.9875, 34.7375 ] ] ] } },
{ "type": "Feature", "properties": { "grad_nT_km": 12.9, "tier": "gentle", "score": 8.0 }, "geometry": { "type": "Polygon", "coordinates": [ [ [ 126.7375, 34.7875 ], [ 126.7375, 34.8375 ], [ 126.6875, 34.8375 ], [ 126.6875, 34.7875 ], [ 126.7375, 34.7875 ] ] ] } },
{ "type": "Feature", "properties": { "grad_nT_km": 11.2, "tier": "gentle", "score": 8.5 }, "geometry": { "type": "Polygon", "coordinates": [ [ [ 126.9875, 34.7875 ], [ 126.9875, 34.8375 ], [ 126.9375, 34.8375 ], [ 126.9375, 34.7875 ], [ 126.9875, 34.7875 ] ] ] } },
{ "type": "Feature", "properties": { "grad_nT_km": 9.7, "tier": "gentle", "score": 8.9 }, "geometry": { "type": "Polygon", "coordinates": [ [ [ 127.0375, 34.7875 ], [ 127.0375, 34.8375 ], [ 126.9875, 34.8375 ], [ 126.9875, 34.7875 ], [ 127.0375, 34.7875 ] ] ] } },
{ "type": "Feature", "properties": { "grad_nT_km": 8.3, "tier": "gentle", "score": 9.4 }, "geometry": { "type": "Polygon", "coordinates": [ [ [ 127.1875, 34.7875 ], [ 127.1875, 34.8375 ], [ 127.1375, 34.8375 ], [ 127.1375, 34.7875 ], [ 127.1875, 34.7875 ] ] ] } },
{ "type": "Feature", "properties": { "grad_nT_km": 8.7, "tier": "gentle", "score": 9.3 }, "geometry": { "type": "Polygon", "coordinates": [ [ [ 127.2375, 34.7875 ], [ 127.2375, 34.8375 ], [ 127.1875, 34.8375 ], [ 127.1875, 34.7875 ], [ 127.2375, 34.7875 ] ] ] } },
{ "type": "Feature", "properties": { "grad_nT_km": 10.8, "tier": "gentle", "score": 8.6 }, "geometry": { "type": "Polygon", "coordinates": [ [ [ 126.6875, 34.8375 ], [ 126.6875, 34.8875 ], [ 126.6375, 34.8875 ], [ 126.6375, 34.8375 ], [ 126.6875, 34.8375 ] ] ] } },
{ "type": "Feature", "properties": { "grad_nT_km": 7.2, "tier": "gentle", "score": 9.7 }, "geometry": { "type": "Polygon", "coordinates": [ [ [ 126.7375, 34.8375 ], [ 126.7375, 34.8875 ], [ 126.6875, 34.8875 ], [ 126.6875, 34.8375 ], [ 126.7375, 34.8375 ] ] ] } },
{ "type": "Feature", "properties": { "grad_nT_km": 10.2, "tier": "gentle", "score": 8.8 }, "geometry": { "type": "Polygon", "coordinates": [ [ [ 126.9875, 34.8375 ], [ 126.9875, 34.8875 ], [ 126.9375, 34.8875 ], [ 126.9375, 34.8375 ], [ 126.9875, 34.8375 ] ] ] } },
{ "type": "Feature", "properties": { "grad_nT_km": 9.2, "tier": "gentle", "score": 9.1 }, "geometry": { "type": "Polygon", "coordinates": [ [ [ 127.0375, 34.8375 ], [ 127.0375, 34.8875 ], [ 126.9875, 34.8875 ], [ 126.9875, 34.8375 ], [ 127.0375, 34.8375 ] ] ] } },
{ "type": "Feature", "properties": { "grad_nT_km": 11.8, "tier": "gentle", "score": 8.3 }, "geometry": { "type": "Polygon", "coordinates": [ [ [ 127.0875, 34.8375 ], [ 127.0875, 34.8875 ], [ 127.0375, 34.8875 ], [ 127.0375, 34.8375 ], [ 127.0875, 34.8375 ] ] ] } },
{ "type": "Feature", "properties": { "grad_nT_km": 7.3, "tier": "gentle", "score": 9.6 }, "geometry": { "type": "Polygon", "coordinates": [ [ [ 127.2375, 34.8375 ], [ 127.2375, 34.8875 ], [ 127.1875, 34.8875 ], [ 127.1875, 34.8375 ], [ 127.2375, 34.8375 ] ] ] } },
{ "type": "Feature", "properties": { "grad_nT_km": 13.6, "tier": "gentle", "score": 7.7 }, "geometry": { "type": "Polygon", "coordinates": [ [ [ 127.2875, 34.8375 ], [ 127.2875, 34.8875 ], [ 127.2375, 34.8875 ], [ 127.2375, 34.8375 ], [ 127.2875, 34.8375 ] ] ] } },
{ "type": "Feature", "properties": { "grad_nT_km": 13.3, "tier": "gentle", "score": 7.8 }, "geometry": { "type": "Polygon", "coordinates": [ [ [ 127.3375, 34.8375 ], [ 127.3375, 34.8875 ], [ 127.2875, 34.8875 ], [ 127.2875, 34.8375 ], [ 127.3375, 34.8375 ] ] ] } },
{ "type": "Feature", "properties": { "grad_nT_km": 12.3, "tier": "gentle", "score": 8.1 }, "geometry": { "type": "Polygon", "coordinates": [ [ [ 127.4375, 34.8375 ], [ 127.4375, 34.8875 ], [ 127.3875, 34.8875 ], [ 127.3875, 34.8375 ], [ 127.4375, 34.8375 ] ] ] } },
{ "type": "Feature", "properties": { "grad_nT_km": 13.8, "tier": "gentle", "score": 7.7 }, "geometry": { "type": "Polygon", "coordinates": [ [ [ 127.9875, 34.8375 ], [ 127.9875, 34.8875 ], [ 127.9375, 34.8875 ], [ 127.9375, 34.8375 ], [ 127.9875, 34.8375 ] ] ] } },
{ "type": "Feature", "properties": { "grad_nT_km": 13.1, "tier": "gentle", "score": 7.9 }, "geometry": { "type": "Polygon", "coordinates": [ [ [ 125.9875, 34.8875 ], [ 125.9875, 34.9375 ], [ 125.9375, 34.9375 ], [ 125.9375, 34.8875 ], [ 125.9875, 34.8875 ] ] ] } },
{ "type": "Feature", "properties": { "grad_nT_km": 10.5, "tier": "gentle", "score": 8.7 }, "geometry": { "type": "Polygon", "coordinates": [ [ [ 126.0875, 34.8875 ], [ 126.0875, 34.9375 ], [ 126.0375, 34.9375 ], [ 126.0375, 34.8875 ], [ 126.0875, 34.8875 ] ] ] } },
{ "type": "Feature", "properties": { "grad_nT_km": 11.1, "tier": "gentle", "score": 8.5 }, "geometry": { "type": "Polygon", "coordinates": [ [ [ 126.3375, 34.8875 ], [ 126.3375, 34.9375 ], [ 126.2875, 34.9375 ], [ 126.2875, 34.8875 ], [ 126.3375, 34.8875 ] ] ] } },
{ "type": "Feature", "properties": { "grad_nT_km": 10.4, "tier": "gentle", "score": 8.7 }, "geometry": { "type": "Polygon", "coordinates": [ [ [ 126.4875, 34.8875 ], [ 126.4875, 34.9375 ], [ 126.4375, 34.9375 ], [ 126.4375, 34.8875 ], [ 126.4875, 34.8875 ] ] ] } },
{ "type": "Feature", "properties": { "grad_nT_km": 6.8, "tier": "gentle", "score": 9.8 }, "geometry": { "type": "Polygon", "coordinates": [ [ [ 126.6375, 34.8875 ], [ 126.6375, 34.9375 ], [ 126.5875, 34.9375 ], [ 126.5875, 34.8875 ], [ 126.6375, 34.8875 ] ] ] } },
{ "type": "Feature", "properties": { "grad_nT_km": 7.2, "tier": "gentle", "score": 9.7 }, "geometry": { "type": "Polygon", "coordinates": [ [ [ 126.6875, 34.8875 ], [ 126.6875, 34.9375 ], [ 126.6375, 34.9375 ], [ 126.6375, 34.8875 ], [ 126.6875, 34.8875 ] ] ] } },
{ "type": "Feature", "properties": { "grad_nT_km": 12.3, "tier": "gentle", "score": 8.1 }, "geometry": { "type": "Polygon", "coordinates": [ [ [ 127.0875, 34.8875 ], [ 127.0875, 34.9375 ], [ 127.0375, 34.9375 ], [ 127.0375, 34.8875 ], [ 127.0875, 34.8875 ] ] ] } },
{ "type": "Feature", "properties": { "grad_nT_km": 7.0, "tier": "gentle", "score": 9.7 }, "geometry": { "type": "Polygon", "coordinates": [ [ [ 127.1375, 34.8875 ], [ 127.1375, 34.9375 ], [ 127.0875, 34.9375 ], [ 127.0875, 34.8875 ], [ 127.1375, 34.8875 ] ] ] } },
{ "type": "Feature", "properties": { "grad_nT_km": 13.0, "tier": "gentle", "score": 7.9 }, "geometry": { "type": "Polygon", "coordinates": [ [ [ 127.1875, 34.8875 ], [ 127.1875, 34.9375 ], [ 127.1375, 34.9375 ], [ 127.1375, 34.8875 ], [ 127.1875, 34.8875 ] ] ] } },
{ "type": "Feature", "properties": { "grad_nT_km": 8.8, "tier": "gentle", "score": 9.2 }, "geometry": { "type": "Polygon", "coordinates": [ [ [ 127.2375, 34.8875 ], [ 127.2375, 34.9375 ], [ 127.1875, 34.9375 ], [ 127.1875, 34.8875 ], [ 127.2375, 34.8875 ] ] ] } },
{ "type": "Feature", "properties": { "grad_nT_km": 13.2, "tier": "gentle", "score": 7.9 }, "geometry": { "type": "Polygon", "coordinates": [ [ [ 127.2875, 34.8875 ], [ 127.2875, 34.9375 ], [ 127.2375, 34.9375 ], [ 127.2375, 34.8875 ], [ 127.2875, 34.8875 ] ] ] } },
{ "type": "Feature", "properties": { "grad_nT_km": 12.9, "tier": "gentle", "score": 8.0 }, "geometry": { "type": "Polygon", "coordinates": [ [ [ 127.3875, 34.8875 ], [ 127.3875, 34.9375 ], [ 127.3375, 34.9375 ], [ 127.3375, 34.8875 ], [ 127.3875, 34.8875 ] ] ] } },
{ "type": "Feature", "properties": { "grad_nT_km": 10.6, "tier": "gentle", "score": 8.7 }, "geometry": { "type": "Polygon", "coordinates": [ [ [ 127.4375, 34.8875 ], [ 127.4375, 34.9375 ], [ 127.3875, 34.9375 ], [ 127.3875, 34.8875 ], [ 127.4375, 34.8875 ] ] ] } },
{ "type": "Feature", "properties": { "grad_nT_km": 8.7, "tier": "gentle", "score": 9.2 }, "geometry": { "type": "Polygon", "coordinates": [ [ [ 126.5875, 34.9375 ], [ 126.5875, 34.9875 ], [ 126.5375, 34.9875 ], [ 126.5375, 34.9375 ], [ 126.5875, 34.9375 ] ] ] } },
{ "type": "Feature", "properties": { "grad_nT_km": 10.9, "tier": "gentle", "score": 8.6 }, "geometry": { "type": "Polygon", "coordinates": [ [ [ 126.6375, 34.9375 ], [ 126.6375, 34.9875 ], [ 126.5875, 34.9875 ], [ 126.5875, 34.9375 ], [ 126.6375, 34.9375 ] ] ] } },
{ "type": "Feature", "properties": { "grad_nT_km": 13.3, "tier": "gentle", "score": 7.8 }, "geometry": { "type": "Polygon", "coordinates": [ [ [ 126.8375, 34.9375 ], [ 126.8375, 34.9875 ], [ 126.7875, 34.9875 ], [ 126.7875, 34.9375 ], [ 126.8375, 34.9375 ] ] ] } },
{ "type": "Feature", "properties": { "grad_nT_km": 8.4, "tier": "gentle", "score": 9.3 }, "geometry": { "type": "Polygon", "coordinates": [ [ [ 127.0875, 34.9375 ], [ 127.0875, 34.9875 ], [ 127.0375, 34.9875 ], [ 127.0375, 34.9375 ], [ 127.0875, 34.9375 ] ] ] } },
{ "type": "Feature", "properties": { "grad_nT_km": 7.1, "tier": "gentle", "score": 9.7 }, "geometry": { "type": "Polygon", "coordinates": [ [ [ 127.1375, 34.9375 ], [ 127.1375, 34.9875 ], [ 127.0875, 34.9875 ], [ 127.0875, 34.9375 ], [ 127.1375, 34.9375 ] ] ] } },
{ "type": "Feature", "properties": { "grad_nT_km": 6.2, "tier": "gentle", "score": 9.9 }, "geometry": { "type": "Polygon", "coordinates": [ [ [ 127.1875, 34.9375 ], [ 127.1875, 34.9875 ], [ 127.1375, 34.9875 ], [ 127.1375, 34.9375 ], [ 127.1875, 34.9375 ] ] ] } },
{ "type": "Feature", "properties": { "grad_nT_km": 8.5, "tier": "gentle", "score": 9.3 }, "geometry": { "type": "Polygon", "coordinates": [ [ [ 127.2375, 34.9375 ], [ 127.2375, 34.9875 ], [ 127.1875, 34.9875 ], [ 127.1875, 34.9375 ], [ 127.2375, 34.9375 ] ] ] } },
{ "type": "Feature", "properties": { "grad_nT_km": 13.8, "tier": "gentle", "score": 7.7 }, "geometry": { "type": "Polygon", "coordinates": [ [ [ 127.2875, 34.9375 ], [ 127.2875, 34.9875 ], [ 127.2375, 34.9875 ], [ 127.2375, 34.9375 ], [ 127.2875, 34.9375 ] ] ] } },
{ "type": "Feature", "properties": { "grad_nT_km": 10.2, "tier": "gentle", "score": 8.8 }, "geometry": { "type": "Polygon", "coordinates": [ [ [ 127.3375, 34.9375 ], [ 127.3375, 34.9875 ], [ 127.2875, 34.9875 ], [ 127.2875, 34.9375 ], [ 127.3375, 34.9375 ] ] ] } },
{ "type": "Feature", "properties": { "grad_nT_km": 11.4, "tier": "gentle", "score": 8.4 }, "geometry": { "type": "Polygon", "coordinates": [ [ [ 127.3875, 34.9375 ], [ 127.3875, 34.9875 ], [ 127.3375, 34.9875 ], [ 127.3375, 34.9375 ], [ 127.3875, 34.9375 ] ] ] } },
{ "type": "Feature", "properties": { "grad_nT_km": 13.5, "tier": "gentle", "score": 7.8 }, "geometry": { "type": "Polygon", "coordinates": [ [ [ 127.4375, 34.9375 ], [ 127.4375, 34.9875 ], [ 127.3875, 34.9875 ], [ 127.3875, 34.9375 ], [ 127.4375, 34.9375 ] ] ] } },
{ "type": "Feature", "properties": { "grad_nT_km": 13.9, "tier": "gentle", "score": 7.7 }, "geometry": { "type": "Polygon", "coordinates": [ [ [ 127.7375, 34.9375 ], [ 127.7375, 34.9875 ], [ 127.6875, 34.9875 ], [ 127.6875, 34.9375 ], [ 127.7375, 34.9375 ] ] ] } },
{ "type": "Feature", "properties": { "grad_nT_km": 11.2, "tier": "gentle", "score": 8.5 }, "geometry": { "type": "Polygon", "coordinates": [ [ [ 127.7875, 34.9375 ], [ 127.7875, 34.9875 ], [ 127.7375, 34.9875 ], [ 127.7375, 34.9375 ], [ 127.7875, 34.9375 ] ] ] } },
{ "type": "Feature", "properties": { "grad_nT_km": 12.8, "tier": "gentle", "score": 8.0 }, "geometry": { "type": "Polygon", "coordinates": [ [ [ 127.9875, 34.9375 ], [ 127.9875, 34.9875 ], [ 127.9375, 34.9875 ], [ 127.9375, 34.9375 ], [ 127.9875, 34.9375 ] ] ] } },
{ "type": "Feature", "properties": { "grad_nT_km": 14.1, "tier": "gentle", "score": 7.6 }, "geometry": { "type": "Polygon", "coordinates": [ [ [ 126.0375, 34.9875 ], [ 126.0375, 35.0375 ], [ 125.9875, 35.0375 ], [ 125.9875, 34.9875 ], [ 126.0375, 34.9875 ] ] ] } },
{ "type": "Feature", "properties": { "grad_nT_km": 10.4, "tier": "gentle", "score": 8.7 }, "geometry": { "type": "Polygon", "coordinates": [ [ [ 126.1375, 34.9875 ], [ 126.1375, 35.0375 ], [ 126.0875, 35.0375 ], [ 126.0875, 34.9875 ], [ 126.1375, 34.9875 ] ] ] } },
{ "type": "Feature", "properties": { "grad_nT_km": 13.6, "tier": "gentle", "score": 7.7 }, "geometry": { "type": "Polygon", "coordinates": [ [ [ 126.4375, 34.9875 ], [ 126.4375, 35.0375 ], [ 126.3875, 35.0375 ], [ 126.3875, 34.9875 ], [ 126.4375, 34.9875 ] ] ] } },
{ "type": "Feature", "properties": { "grad_nT_km": 12.9, "tier": "gentle", "score": 8.0 }, "geometry": { "type": "Polygon", "coordinates": [ [ [ 126.4875, 34.9875 ], [ 126.4875, 35.0375 ], [ 126.4375, 35.0375 ], [ 126.4375, 34.9875 ], [ 126.4875, 34.9875 ] ] ] } },
{ "type": "Feature", "properties": { "grad_nT_km": 14.3, "tier": "gentle", "score": 7.5 }, "geometry": { "type": "Polygon", "coordinates": [ [ [ 126.7875, 34.9875 ], [ 126.7875, 35.0375 ], [ 126.7375, 35.0375 ], [ 126.7375, 34.9875 ], [ 126.7875, 34.9875 ] ] ] } },
{ "type": "Feature", "properties": { "grad_nT_km": 7.8, "tier": "gentle", "score": 9.5 }, "geometry": { "type": "Polygon", "coordinates": [ [ [ 127.1875, 34.9875 ], [ 127.1875, 35.0375 ], [ 127.1375, 35.0375 ], [ 127.1375, 34.9875 ], [ 127.1875, 34.9875 ] ] ] } },
{ "type": "Feature", "properties": { "grad_nT_km": 12.8, "tier": "gentle", "score": 8.0 }, "geometry": { "type": "Polygon", "coordinates": [ [ [ 127.2875, 34.9875 ], [ 127.2875, 35.0375 ], [ 127.2375, 35.0375 ], [ 127.2375, 34.9875 ], [ 127.2875, 34.9875 ] ] ] } },
{ "type": "Feature", "properties": { "grad_nT_km": 11.7, "tier": "gentle", "score": 8.3 }, "geometry": { "type": "Polygon", "coordinates": [ [ [ 127.3375, 34.9875 ], [ 127.3375, 35.0375 ], [ 127.2875, 35.0375 ], [ 127.2875, 34.9875 ], [ 127.3375, 34.9875 ] ] ] } },
{ "type": "Feature", "properties": { "grad_nT_km": 10.8, "tier": "gentle", "score": 8.6 }, "geometry": { "type": "Polygon", "coordinates": [ [ [ 127.3875, 34.9875 ], [ 127.3875, 35.0375 ], [ 127.3375, 35.0375 ], [ 127.3375, 34.9875 ], [ 127.3875, 34.9875 ] ] ] } },
{ "type": "Feature", "properties": { "grad_nT_km": 8.5, "tier": "gentle", "score": 9.3 }, "geometry": { "type": "Polygon", "coordinates": [ [ [ 127.4375, 34.9875 ], [ 127.4375, 35.0375 ], [ 127.3875, 35.0375 ], [ 127.3875, 34.9875 ], [ 127.4375, 34.9875 ] ] ] } },
{ "type": "Feature", "properties": { "grad_nT_km": 12.4, "tier": "gentle", "score": 8.1 }, "geometry": { "type": "Polygon", "coordinates": [ [ [ 127.4875, 34.9875 ], [ 127.4875, 35.0375 ], [ 127.4375, 35.0375 ], [ 127.4375, 34.9875 ], [ 127.4875, 34.9875 ] ] ] } },
{ "type": "Feature", "properties": { "grad_nT_km": 12.9, "tier": "gentle", "score": 8.0 }, "geometry": { "type": "Polygon", "coordinates": [ [ [ 127.5375, 34.9875 ], [ 127.5375, 35.0375 ], [ 127.4875, 35.0375 ], [ 127.4875, 34.9875 ], [ 127.5375, 34.9875 ] ] ] } },
{ "type": "Feature", "properties": { "grad_nT_km": 10.8, "tier": "gentle", "score": 8.6 }, "geometry": { "type": "Polygon", "coordinates": [ [ [ 127.6875, 34.9875 ], [ 127.6875, 35.0375 ], [ 127.6375, 35.0375 ], [ 127.6375, 34.9875 ], [ 127.6875, 34.9875 ] ] ] } },
{ "type": "Feature", "properties": { "grad_nT_km": 6.1, "tier": "gentle", "score": 9.9 }, "geometry": { "type": "Polygon", "coordinates": [ [ [ 127.7375, 34.9875 ], [ 127.7375, 35.0375 ], [ 127.6875, 35.0375 ], [ 127.6875, 34.9875 ], [ 127.7375, 34.9875 ] ] ] } },
{ "type": "Feature", "properties": { "grad_nT_km": 12.5, "tier": "gentle", "score": 8.1 }, "geometry": { "type": "Polygon", "coordinates": [ [ [ 126.0375, 35.0375 ], [ 126.0375, 35.0875 ], [ 125.9875, 35.0875 ], [ 125.9875, 35.0375 ], [ 126.0375, 35.0375 ] ] ] } },
{ "type": "Feature", "properties": { "grad_nT_km": 10.0, "tier": "gentle", "score": 8.8 }, "geometry": { "type": "Polygon", "coordinates": [ [ [ 126.3875, 35.0375 ], [ 126.3875, 35.0875 ], [ 126.3375, 35.0875 ], [ 126.3375, 35.0375 ], [ 126.3875, 35.0375 ] ] ] } },
{ "type": "Feature", "properties": { "grad_nT_km": 8.0, "tier": "gentle", "score": 9.5 }, "geometry": { "type": "Polygon", "coordinates": [ [ [ 126.4375, 35.0375 ], [ 126.4375, 35.0875 ], [ 126.3875, 35.0875 ], [ 126.3875, 35.0375 ], [ 126.4375, 35.0375 ] ] ] } },
{ "type": "Feature", "properties": { "grad_nT_km": 11.0, "tier": "gentle", "score": 8.5 }, "geometry": { "type": "Polygon", "coordinates": [ [ [ 126.4875, 35.0375 ], [ 126.4875, 35.0875 ], [ 126.4375, 35.0875 ], [ 126.4375, 35.0375 ], [ 126.4875, 35.0375 ] ] ] } },
{ "type": "Feature", "properties": { "grad_nT_km": 14.3, "tier": "gentle", "score": 7.6 }, "geometry": { "type": "Polygon", "coordinates": [ [ [ 126.7875, 35.0375 ], [ 126.7875, 35.0875 ], [ 126.7375, 35.0875 ], [ 126.7375, 35.0375 ], [ 126.7875, 35.0375 ] ] ] } },
{ "type": "Feature", "properties": { "grad_nT_km": 13.5, "tier": "gentle", "score": 7.8 }, "geometry": { "type": "Polygon", "coordinates": [ [ [ 126.8375, 35.0375 ], [ 126.8375, 35.0875 ], [ 126.7875, 35.0875 ], [ 126.7875, 35.0375 ], [ 126.8375, 35.0375 ] ] ] } },
{ "type": "Feature", "properties": { "grad_nT_km": 7.1, "tier": "gentle", "score": 9.7 }, "geometry": { "type": "Polygon", "coordinates": [ [ [ 127.2375, 35.0375 ], [ 127.2375, 35.0875 ], [ 127.1875, 35.0875 ], [ 127.1875, 35.0375 ], [ 127.2375, 35.0375 ] ] ] } },
{ "type": "Feature", "properties": { "grad_nT_km": 6.4, "tier": "gentle", "score": 9.8 }, "geometry": { "type": "Polygon", "coordinates": [ [ [ 127.2875, 35.0375 ], [ 127.2875, 35.0875 ], [ 127.2375, 35.0875 ], [ 127.2375, 35.0375 ], [ 127.2875, 35.0375 ] ] ] } },
{ "type": "Feature", "properties": { "grad_nT_km": 7.2, "tier": "gentle", "score": 9.7 }, "geometry": { "type": "Polygon", "coordinates": [ [ [ 127.3375, 35.0375 ], [ 127.3375, 35.0875 ], [ 127.2875, 35.0875 ], [ 127.2875, 35.0375 ], [ 127.3375, 35.0375 ] ] ] } },
{ "type": "Feature", "properties": { "grad_nT_km": 5.3, "tier": "gentle", "score": 10.0 }, "geometry": { "type": "Polygon", "coordinates": [ [ [ 127.6375, 35.0375 ], [ 127.6375, 35.0875 ], [ 127.5875, 35.0875 ], [ 127.5875, 35.0375 ], [ 127.6375, 35.0375 ] ] ] } },
{ "type": "Feature", "properties": { "grad_nT_km": 10.2, "tier": "gentle", "score": 8.8 }, "geometry": { "type": "Polygon", "coordinates": [ [ [ 127.6875, 35.0375 ], [ 127.6875, 35.0875 ], [ 127.6375, 35.0875 ], [ 127.6375, 35.0375 ], [ 127.6875, 35.0375 ] ] ] } },
{ "type": "Feature", "properties": { "grad_nT_km": 10.1, "tier": "gentle", "score": 8.8 }, "geometry": { "type": "Polygon", "coordinates": [ [ [ 127.7375, 35.0375 ], [ 127.7375, 35.0875 ], [ 127.6875, 35.0875 ], [ 127.6875, 35.0375 ], [ 127.7375, 35.0375 ] ] ] } },
{ "type": "Feature", "properties": { "grad_nT_km": 12.5, "tier": "gentle", "score": 8.1 }, "geometry": { "type": "Polygon", "coordinates": [ [ [ 127.8375, 35.0375 ], [ 127.8375, 35.0875 ], [ 127.7875, 35.0875 ], [ 127.7875, 35.0375 ], [ 127.8375, 35.0375 ] ] ] } },
{ "type": "Feature", "properties": { "grad_nT_km": 12.2, "tier": "gentle", "score": 8.2 }, "geometry": { "type": "Polygon", "coordinates": [ [ [ 126.4375, 35.0875 ], [ 126.4375, 35.1375 ], [ 126.3875, 35.1375 ], [ 126.3875, 35.0875 ], [ 126.4375, 35.0875 ] ] ] } },
{ "type": "Feature", "properties": { "grad_nT_km": 9.5, "tier": "gentle", "score": 9.0 }, "geometry": { "type": "Polygon", "coordinates": [ [ [ 126.4875, 35.0875 ], [ 126.4875, 35.1375 ], [ 126.4375, 35.1375 ], [ 126.4375, 35.0875 ], [ 126.4875, 35.0875 ] ] ] } },
{ "type": "Feature", "properties": { "grad_nT_km": 7.9, "tier": "gentle", "score": 9.5 }, "geometry": { "type": "Polygon", "coordinates": [ [ [ 126.7375, 35.0875 ], [ 126.7375, 35.1375 ], [ 126.6875, 35.1375 ], [ 126.6875, 35.0875 ], [ 126.7375, 35.0875 ] ] ] } },
{ "type": "Feature", "properties": { "grad_nT_km": 11.8, "tier": "gentle", "score": 8.3 }, "geometry": { "type": "Polygon", "coordinates": [ [ [ 126.8375, 35.0875 ], [ 126.8375, 35.1375 ], [ 126.7875, 35.1375 ], [ 126.7875, 35.0875 ], [ 126.8375, 35.0875 ] ] ] } },
{ "type": "Feature", "properties": { "grad_nT_km": 13.1, "tier": "gentle", "score": 7.9 }, "geometry": { "type": "Polygon", "coordinates": [ [ [ 127.2375, 35.0875 ], [ 127.2375, 35.1375 ], [ 127.1875, 35.1375 ], [ 127.1875, 35.0875 ], [ 127.2375, 35.0875 ] ] ] } },
{ "type": "Feature", "properties": { "grad_nT_km": 9.6, "tier": "gentle", "score": 9.0 }, "geometry": { "type": "Polygon", "coordinates": [ [ [ 127.2875, 35.0875 ], [ 127.2875, 35.1375 ], [ 127.2375, 35.1375 ], [ 127.2375, 35.0875 ], [ 127.2875, 35.0875 ] ] ] } },
{ "type": "Feature", "properties": { "grad_nT_km": 10.9, "tier": "gentle", "score": 8.6 }, "geometry": { "type": "Polygon", "coordinates": [ [ [ 127.3375, 35.0875 ], [ 127.3375, 35.1375 ], [ 127.2875, 35.1375 ], [ 127.2875, 35.0875 ], [ 127.3375, 35.0875 ] ] ] } },
{ "type": "Feature", "properties": { "grad_nT_km": 12.0, "tier": "gentle", "score": 8.2 }, "geometry": { "type": "Polygon", "coordinates": [ [ [ 127.5875, 35.0875 ], [ 127.5875, 35.1375 ], [ 127.5375, 35.1375 ], [ 127.5375, 35.0875 ], [ 127.5875, 35.0875 ] ] ] } },
{ "type": "Feature", "properties": { "grad_nT_km": 8.0, "tier": "gentle", "score": 9.4 }, "geometry": { "type": "Polygon", "coordinates": [ [ [ 127.6375, 35.0875 ], [ 127.6375, 35.1375 ], [ 127.5875, 35.1375 ], [ 127.5875, 35.0875 ], [ 127.6375, 35.0875 ] ] ] } },
{ "type": "Feature", "properties": { "grad_nT_km": 11.7, "tier": "gentle", "score": 8.3 }, "geometry": { "type": "Polygon", "coordinates": [ [ [ 127.7875, 35.0875 ], [ 127.7875, 35.1375 ], [ 127.7375, 35.1375 ], [ 127.7375, 35.0875 ], [ 127.7875, 35.0875 ] ] ] } },
{ "type": "Feature", "properties": { "grad_nT_km": 13.2, "tier": "gentle", "score": 7.9 }, "geometry": { "type": "Polygon", "coordinates": [ [ [ 127.8875, 35.0875 ], [ 127.8875, 35.1375 ], [ 127.8375, 35.1375 ], [ 127.8375, 35.0875 ], [ 127.8875, 35.0875 ] ] ] } },
{ "type": "Feature", "properties": { "grad_nT_km": 14.4, "tier": "gentle", "score": 7.5 }, "geometry": { "type": "Polygon", "coordinates": [ [ [ 128.0875, 35.0875 ], [ 128.0875, 35.1375 ], [ 128.0375, 35.1375 ], [ 128.0375, 35.0875 ], [ 128.0875, 35.0875 ] ] ] } },
{ "type": "Feature", "properties": { "grad_nT_km": 12.1, "tier": "gentle", "score": 8.2 }, "geometry": { "type": "Polygon", "coordinates": [ [ [ 126.3875, 35.1375 ], [ 126.3875, 35.1875 ], [ 126.3375, 35.1875 ], [ 126.3375, 35.1375 ], [ 126.3875, 35.1375 ] ] ] } },
{ "type": "Feature", "properties": { "grad_nT_km": 14.6, "tier": "gentle", "score": 7.5 }, "geometry": { "type": "Polygon", "coordinates": [ [ [ 126.4375, 35.1375 ], [ 126.4375, 35.1875 ], [ 126.3875, 35.1875 ], [ 126.3875, 35.1375 ], [ 126.4375, 35.1375 ] ] ] } },
{ "type": "Feature", "properties": { "grad_nT_km": 13.0, "tier": "gentle", "score": 7.9 }, "geometry": { "type": "Polygon", "coordinates": [ [ [ 126.6375, 35.1375 ], [ 126.6375, 35.1875 ], [ 126.5875, 35.1875 ], [ 126.5875, 35.1375 ], [ 126.6375, 35.1375 ] ] ] } },
{ "type": "Feature", "properties": { "grad_nT_km": 11.4, "tier": "gentle", "score": 8.4 }, "geometry": { "type": "Polygon", "coordinates": [ [ [ 126.7375, 35.1375 ], [ 126.7375, 35.1875 ], [ 126.6875, 35.1875 ], [ 126.6875, 35.1375 ], [ 126.7375, 35.1375 ] ] ] } },
{ "type": "Feature", "properties": { "grad_nT_km": 6.3, "tier": "gentle", "score": 9.9 }, "geometry": { "type": "Polygon", "coordinates": [ [ [ 126.8375, 35.1375 ], [ 126.8375, 35.1875 ], [ 126.7875, 35.1875 ], [ 126.7875, 35.1375 ], [ 126.8375, 35.1375 ] ] ] } },
{ "type": "Feature", "properties": { "grad_nT_km": 12.6, "tier": "gentle", "score": 8.0 }, "geometry": { "type": "Polygon", "coordinates": [ [ [ 126.9375, 35.1375 ], [ 126.9375, 35.1875 ], [ 126.8875, 35.1875 ], [ 126.8875, 35.1375 ], [ 126.9375, 35.1375 ] ] ] } },
{ "type": "Feature", "properties": { "grad_nT_km": 13.3, "tier": "gentle", "score": 7.8 }, "geometry": { "type": "Polygon", "coordinates": [ [ [ 127.1375, 35.1375 ], [ 127.1375, 35.1875 ], [ 127.0875, 35.1875 ], [ 127.0875, 35.1375 ], [ 127.1375, 35.1375 ] ] ] } },
{ "type": "Feature", "properties": { "grad_nT_km": 10.9, "tier": "gentle", "score": 8.6 }, "geometry": { "type": "Polygon", "coordinates": [ [ [ 127.3375, 35.1375 ], [ 127.3375, 35.1875 ], [ 127.2875, 35.1875 ], [ 127.2875, 35.1375 ], [ 127.3375, 35.1375 ] ] ] } },
{ "type": "Feature", "properties": { "grad_nT_km": 10.1, "tier": "gentle", "score": 8.8 }, "geometry": { "type": "Polygon", "coordinates": [ [ [ 127.3875, 35.1375 ], [ 127.3875, 35.1875 ], [ 127.3375, 35.1875 ], [ 127.3375, 35.1375 ], [ 127.3875, 35.1375 ] ] ] } },
{ "type": "Feature", "properties": { "grad_nT_km": 8.5, "tier": "gentle", "score": 9.3 }, "geometry": { "type": "Polygon", "coordinates": [ [ [ 127.4375, 35.1375 ], [ 127.4375, 35.1875 ], [ 127.3875, 35.1875 ], [ 127.3875, 35.1375 ], [ 127.4375, 35.1375 ] ] ] } },
{ "type": "Feature", "properties": { "grad_nT_km": 14.5, "tier": "gentle", "score": 7.5 }, "geometry": { "type": "Polygon", "coordinates": [ [ [ 127.5875, 35.1375 ], [ 127.5875, 35.1875 ], [ 127.5375, 35.1875 ], [ 127.5375, 35.1375 ], [ 127.5875, 35.1375 ] ] ] } },
{ "type": "Feature", "properties": { "grad_nT_km": 10.1, "tier": "gentle", "score": 8.8 }, "geometry": { "type": "Polygon", "coordinates": [ [ [ 127.6375, 35.1375 ], [ 127.6375, 35.1875 ], [ 127.5875, 35.1875 ], [ 127.5875, 35.1375 ], [ 127.6375, 35.1375 ] ] ] } },
{ "type": "Feature", "properties": { "grad_nT_km": 10.5, "tier": "gentle", "score": 8.7 }, "geometry": { "type": "Polygon", "coordinates": [ [ [ 127.8375, 35.1375 ], [ 127.8375, 35.1875 ], [ 127.7875, 35.1875 ], [ 127.7875, 35.1375 ], [ 127.8375, 35.1375 ] ] ] } },
{ "type": "Feature", "properties": { "grad_nT_km": 9.1, "tier": "gentle", "score": 9.1 }, "geometry": { "type": "Polygon", "coordinates": [ [ [ 127.9375, 35.1375 ], [ 127.9375, 35.1875 ], [ 127.8875, 35.1875 ], [ 127.8875, 35.1375 ], [ 127.9375, 35.1375 ] ] ] } },
{ "type": "Feature", "properties": { "grad_nT_km": 10.0, "tier": "gentle", "score": 8.9 }, "geometry": { "type": "Polygon", "coordinates": [ [ [ 128.1375, 35.1375 ], [ 128.1375, 35.1875 ], [ 128.0875, 35.1875 ], [ 128.0875, 35.1375 ], [ 128.1375, 35.1375 ] ] ] } },
{ "type": "Feature", "properties": { "grad_nT_km": 14.2, "tier": "gentle", "score": 7.6 }, "geometry": { "type": "Polygon", "coordinates": [ [ [ 128.1875, 35.1375 ], [ 128.1875, 35.1875 ], [ 128.1375, 35.1875 ], [ 128.1375, 35.1375 ], [ 128.1875, 35.1375 ] ] ] } },
{ "type": "Feature", "properties": { "grad_nT_km": 12.1, "tier": "gentle", "score": 8.2 }, "geometry": { "type": "Polygon", "coordinates": [ [ [ 126.6375, 35.1875 ], [ 126.6375, 35.2375 ], [ 126.5875, 35.2375 ], [ 126.5875, 35.1875 ], [ 126.6375, 35.1875 ] ] ] } },
{ "type": "Feature", "properties": { "grad_nT_km": 12.4, "tier": "gentle", "score": 8.1 }, "geometry": { "type": "Polygon", "coordinates": [ [ [ 126.6875, 35.1875 ], [ 126.6875, 35.2375 ], [ 126.6375, 35.2375 ], [ 126.6375, 35.1875 ], [ 126.6875, 35.1875 ] ] ] } },
{ "type": "Feature", "properties": { "grad_nT_km": 12.1, "tier": "gentle", "score": 8.2 }, "geometry": { "type": "Polygon", "coordinates": [ [ [ 126.8375, 35.1875 ], [ 126.8375, 35.2375 ], [ 126.7875, 35.2375 ], [ 126.7875, 35.1875 ], [ 126.8375, 35.1875 ] ] ] } },
{ "type": "Feature", "properties": { "grad_nT_km": 13.8, "tier": "gentle", "score": 7.7 }, "geometry": { "type": "Polygon", "coordinates": [ [ [ 127.1375, 35.1875 ], [ 127.1375, 35.2375 ], [ 127.0875, 35.2375 ], [ 127.0875, 35.1875 ], [ 127.1375, 35.1875 ] ] ] } },
{ "type": "Feature", "properties": { "grad_nT_km": 13.5, "tier": "gentle", "score": 7.8 }, "geometry": { "type": "Polygon", "coordinates": [ [ [ 127.1875, 35.1875 ], [ 127.1875, 35.2375 ], [ 127.1375, 35.2375 ], [ 127.1375, 35.1875 ], [ 127.1875, 35.1875 ] ] ] } },
{ "type": "Feature", "properties": { "grad_nT_km": 13.6, "tier": "gentle", "score": 7.8 }, "geometry": { "type": "Polygon", "coordinates": [ [ [ 127.2875, 35.1875 ], [ 127.2875, 35.2375 ], [ 127.2375, 35.2375 ], [ 127.2375, 35.1875 ], [ 127.2875, 35.1875 ] ] ] } },
{ "type": "Feature", "properties": { "grad_nT_km": 6.7, "tier": "gentle", "score": 9.8 }, "geometry": { "type": "Polygon", "coordinates": [ [ [ 127.3375, 35.1875 ], [ 127.3375, 35.2375 ], [ 127.2875, 35.2375 ], [ 127.2875, 35.1875 ], [ 127.3375, 35.1875 ] ] ] } },
{ "type": "Feature", "properties": { "grad_nT_km": 5.4, "tier": "gentle", "score": 10.0 }, "geometry": { "type": "Polygon", "coordinates": [ [ [ 127.3875, 35.1875 ], [ 127.3875, 35.2375 ], [ 127.3375, 35.2375 ], [ 127.3375, 35.1875 ], [ 127.3875, 35.1875 ] ] ] } },
{ "type": "Feature", "properties": { "grad_nT_km": 5.1, "tier": "gentle", "score": 10.0 }, "geometry": { "type": "Polygon", "coordinates": [ [ [ 127.4375, 35.1875 ], [ 127.4375, 35.2375 ], [ 127.3875, 35.2375 ], [ 127.3875, 35.1875 ], [ 127.4375, 35.1875 ] ] ] } },
{ "type": "Feature", "properties": { "grad_nT_km": 10.5, "tier": "gentle", "score": 8.7 }, "geometry": { "type": "Polygon", "coordinates": [ [ [ 127.4875, 35.1875 ], [ 127.4875, 35.2375 ], [ 127.4375, 35.2375 ], [ 127.4375, 35.1875 ], [ 127.4875, 35.1875 ] ] ] } },
{ "type": "Feature", "properties": { "grad_nT_km": 13.6, "tier": "gentle", "score": 7.8 }, "geometry": { "type": "Polygon", "coordinates": [ [ [ 127.5875, 35.1875 ], [ 127.5875, 35.2375 ], [ 127.5375, 35.2375 ], [ 127.5375, 35.1875 ], [ 127.5875, 35.1875 ] ] ] } },
{ "type": "Feature", "properties": { "grad_nT_km": 9.9, "tier": "gentle", "score": 8.9 }, "geometry": { "type": "Polygon", "coordinates": [ [ [ 127.6375, 35.1875 ], [ 127.6375, 35.2375 ], [ 127.5875, 35.2375 ], [ 127.5875, 35.1875 ], [ 127.6375, 35.1875 ] ] ] } },
{ "type": "Feature", "properties": { "grad_nT_km": 10.4, "tier": "gentle", "score": 8.7 }, "geometry": { "type": "Polygon", "coordinates": [ [ [ 127.8375, 35.1875 ], [ 127.8375, 35.2375 ], [ 127.7875, 35.2375 ], [ 127.7875, 35.1875 ], [ 127.8375, 35.1875 ] ] ] } },
{ "type": "Feature", "properties": { "grad_nT_km": 8.5, "tier": "gentle", "score": 9.3 }, "geometry": { "type": "Polygon", "coordinates": [ [ [ 127.8875, 35.1875 ], [ 127.8875, 35.2375 ], [ 127.8375, 35.2375 ], [ 127.8375, 35.1875 ], [ 127.8875, 35.1875 ] ] ] } },
{ "type": "Feature", "properties": { "grad_nT_km": 8.5, "tier": "gentle", "score": 9.3 }, "geometry": { "type": "Polygon", "coordinates": [ [ [ 127.9375, 35.1875 ], [ 127.9375, 35.2375 ], [ 127.8875, 35.2375 ], [ 127.8875, 35.1875 ], [ 127.9375, 35.1875 ] ] ] } },
{ "type": "Feature", "properties": { "grad_nT_km": 11.9, "tier": "gentle", "score": 8.2 }, "geometry": { "type": "Polygon", "coordinates": [ [ [ 128.1875, 35.1875 ], [ 128.1875, 35.2375 ], [ 128.1375, 35.2375 ], [ 128.1375, 35.1875 ], [ 128.1875, 35.1875 ] ] ] } },
{ "type": "Feature", "properties": { "grad_nT_km": 14.1, "tier": "gentle", "score": 7.6 }, "geometry": { "type": "Polygon", "coordinates": [ [ [ 126.2875, 35.2375 ], [ 126.2875, 35.2875 ], [ 126.2375, 35.2875 ], [ 126.2375, 35.2375 ], [ 126.2875, 35.2375 ] ] ] } },
{ "type": "Feature", "properties": { "grad_nT_km": 11.3, "tier": "gentle", "score": 8.4 }, "geometry": { "type": "Polygon", "coordinates": [ [ [ 126.4875, 35.2375 ], [ 126.4875, 35.2875 ], [ 126.4375, 35.2875 ], [ 126.4375, 35.2375 ], [ 126.4875, 35.2375 ] ] ] } },
{ "type": "Feature", "properties": { "grad_nT_km": 12.2, "tier": "gentle", "score": 8.2 }, "geometry": { "type": "Polygon", "coordinates": [ [ [ 126.6875, 35.2375 ], [ 126.6875, 35.2875 ], [ 126.6375, 35.2875 ], [ 126.6375, 35.2375 ], [ 126.6875, 35.2375 ] ] ] } },
{ "type": "Feature", "properties": { "grad_nT_km": 7.0, "tier": "gentle", "score": 9.7 }, "geometry": { "type": "Polygon", "coordinates": [ [ [ 127.2375, 35.2375 ], [ 127.2375, 35.2875 ], [ 127.1875, 35.2875 ], [ 127.1875, 35.2375 ], [ 127.2375, 35.2375 ] ] ] } },
{ "type": "Feature", "properties": { "grad_nT_km": 6.9, "tier": "gentle", "score": 9.7 }, "geometry": { "type": "Polygon", "coordinates": [ [ [ 127.3375, 35.2375 ], [ 127.3375, 35.2875 ], [ 127.2875, 35.2875 ], [ 127.2875, 35.2375 ], [ 127.3375, 35.2375 ] ] ] } },
{ "type": "Feature", "properties": { "grad_nT_km": 5.4, "tier": "gentle", "score": 10.0 }, "geometry": { "type": "Polygon", "coordinates": [ [ [ 127.3875, 35.2375 ], [ 127.3875, 35.2875 ], [ 127.3375, 35.2875 ], [ 127.3375, 35.2375 ], [ 127.3875, 35.2375 ] ] ] } },
{ "type": "Feature", "properties": { "grad_nT_km": 5.6, "tier": "gentle", "score": 10.0 }, "geometry": { "type": "Polygon", "coordinates": [ [ [ 127.4375, 35.2375 ], [ 127.4375, 35.2875 ], [ 127.3875, 35.2875 ], [ 127.3875, 35.2375 ], [ 127.4375, 35.2375 ] ] ] } },
{ "type": "Feature", "properties": { "grad_nT_km": 14.9, "tier": "gentle", "score": 7.4 }, "geometry": { "type": "Polygon", "coordinates": [ [ [ 127.4875, 35.2375 ], [ 127.4875, 35.2875 ], [ 127.4375, 35.2875 ], [ 127.4375, 35.2375 ], [ 127.4875, 35.2375 ] ] ] } },
{ "type": "Feature", "properties": { "grad_nT_km": 9.1, "tier": "gentle", "score": 9.1 }, "geometry": { "type": "Polygon", "coordinates": [ [ [ 127.5875, 35.2375 ], [ 127.5875, 35.2875 ], [ 127.5375, 35.2875 ], [ 127.5375, 35.2375 ], [ 127.5875, 35.2375 ] ] ] } },
{ "type": "Feature", "properties": { "grad_nT_km": 11.3, "tier": "gentle", "score": 8.4 }, "geometry": { "type": "Polygon", "coordinates": [ [ [ 127.6375, 35.2375 ], [ 127.6375, 35.2875 ], [ 127.5875, 35.2875 ], [ 127.5875, 35.2375 ], [ 127.6375, 35.2375 ] ] ] } },
{ "type": "Feature", "properties": { "grad_nT_km": 12.7, "tier": "gentle", "score": 8.0 }, "geometry": { "type": "Polygon", "coordinates": [ [ [ 127.7375, 35.2375 ], [ 127.7375, 35.2875 ], [ 127.6875, 35.2875 ], [ 127.6875, 35.2375 ], [ 127.7375, 35.2375 ] ] ] } },
{ "type": "Feature", "properties": { "grad_nT_km": 10.4, "tier": "gentle", "score": 8.7 }, "geometry": { "type": "Polygon", "coordinates": [ [ [ 127.7875, 35.2375 ], [ 127.7875, 35.2875 ], [ 127.7375, 35.2875 ], [ 127.7375, 35.2375 ], [ 127.7875, 35.2375 ] ] ] } },
{ "type": "Feature", "properties": { "grad_nT_km": 10.7, "tier": "gentle", "score": 8.6 }, "geometry": { "type": "Polygon", "coordinates": [ [ [ 127.8375, 35.2375 ], [ 127.8375, 35.2875 ], [ 127.7875, 35.2875 ], [ 127.7875, 35.2375 ], [ 127.8375, 35.2375 ] ] ] } },
{ "type": "Feature", "properties": { "grad_nT_km": 13.3, "tier": "gentle", "score": 7.8 }, "geometry": { "type": "Polygon", "coordinates": [ [ [ 127.8875, 35.2375 ], [ 127.8875, 35.2875 ], [ 127.8375, 35.2875 ], [ 127.8375, 35.2375 ], [ 127.8875, 35.2375 ] ] ] } },
{ "type": "Feature", "properties": { "grad_nT_km": 13.1, "tier": "gentle", "score": 7.9 }, "geometry": { "type": "Polygon", "coordinates": [ [ [ 127.9875, 35.2375 ], [ 127.9875, 35.2875 ], [ 127.9375, 35.2875 ], [ 127.9375, 35.2375 ], [ 127.9875, 35.2375 ] ] ] } },
{ "type": "Feature", "properties": { "grad_nT_km": 9.1, "tier": "gentle", "score": 9.1 }, "geometry": { "type": "Polygon", "coordinates": [ [ [ 128.2375, 35.2375 ], [ 128.2375, 35.2875 ], [ 128.1875, 35.2875 ], [ 128.1875, 35.2375 ], [ 128.2375, 35.2375 ] ] ] } },
{ "type": "Feature", "properties": { "grad_nT_km": 10.4, "tier": "gentle", "score": 8.7 }, "geometry": { "type": "Polygon", "coordinates": [ [ [ 127.2875, 35.2875 ], [ 127.2875, 35.3375 ], [ 127.2375, 35.3375 ], [ 127.2375, 35.2875 ], [ 127.2875, 35.2875 ] ] ] } },
{ "type": "Feature", "properties": { "grad_nT_km": 8.7, "tier": "gentle", "score": 9.2 }, "geometry": { "type": "Polygon", "coordinates": [ [ [ 127.3375, 35.2875 ], [ 127.3375, 35.3375 ], [ 127.2875, 35.3375 ], [ 127.2875, 35.2875 ], [ 127.3375, 35.2875 ] ] ] } },
{ "type": "Feature", "properties": { "grad_nT_km": 6.3, "tier": "gentle", "score": 9.9 }, "geometry": { "type": "Polygon", "coordinates": [ [ [ 127.3875, 35.2875 ], [ 127.3875, 35.3375 ], [ 127.3375, 35.3375 ], [ 127.3375, 35.2875 ], [ 127.3875, 35.2875 ] ] ] } },
{ "type": "Feature", "properties": { "grad_nT_km": 5.3, "tier": "gentle", "score": 10.0 }, "geometry": { "type": "Polygon", "coordinates": [ [ [ 127.4375, 35.2875 ], [ 127.4375, 35.3375 ], [ 127.3875, 35.3375 ], [ 127.3875, 35.2875 ], [ 127.4375, 35.2875 ] ] ] } },
{ "type": "Feature", "properties": { "grad_nT_km": 9.1, "tier": "gentle", "score": 9.1 }, "geometry": { "type": "Polygon", "coordinates": [ [ [ 127.4875, 35.2875 ], [ 127.4875, 35.3375 ], [ 127.4375, 35.3375 ], [ 127.4375, 35.2875 ], [ 127.4875, 35.2875 ] ] ] } },
{ "type": "Feature", "properties": { "grad_nT_km": 8.6, "tier": "gentle", "score": 9.3 }, "geometry": { "type": "Polygon", "coordinates": [ [ [ 127.5375, 35.2875 ], [ 127.5375, 35.3375 ], [ 127.4875, 35.3375 ], [ 127.4875, 35.2875 ], [ 127.5375, 35.2875 ] ] ] } },
{ "type": "Feature", "properties": { "grad_nT_km": 11.1, "tier": "gentle", "score": 8.5 }, "geometry": { "type": "Polygon", "coordinates": [ [ [ 127.5875, 35.2875 ], [ 127.5875, 35.3375 ], [ 127.5375, 35.3375 ], [ 127.5375, 35.2875 ], [ 127.5875, 35.2875 ] ] ] } },
{ "type": "Feature", "properties": { "grad_nT_km": 12.8, "tier": "gentle", "score": 8.0 }, "geometry": { "type": "Polygon", "coordinates": [ [ [ 127.6375, 35.2875 ], [ 127.6375, 35.3375 ], [ 127.5875, 35.3375 ], [ 127.5875, 35.2875 ], [ 127.6375, 35.2875 ] ] ] } },
{ "type": "Feature", "properties": { "grad_nT_km": 8.3, "tier": "gentle", "score": 9.4 }, "geometry": { "type": "Polygon", "coordinates": [ [ [ 127.7375, 35.2875 ], [ 127.7375, 35.3375 ], [ 127.6875, 35.3375 ], [ 127.6875, 35.2875 ], [ 127.7375, 35.2875 ] ] ] } },
{ "type": "Feature", "properties": { "grad_nT_km": 6.8, "tier": "gentle", "score": 9.8 }, "geometry": { "type": "Polygon", "coordinates": [ [ [ 127.7875, 35.2875 ], [ 127.7875, 35.3375 ], [ 127.7375, 35.3375 ], [ 127.7375, 35.2875 ], [ 127.7875, 35.2875 ] ] ] } },
{ "type": "Feature", "properties": { "grad_nT_km": 9.5, "tier": "gentle", "score": 9.0 }, "geometry": { "type": "Polygon", "coordinates": [ [ [ 127.8375, 35.2875 ], [ 127.8375, 35.3375 ], [ 127.7875, 35.3375 ], [ 127.7875, 35.2875 ], [ 127.8375, 35.2875 ] ] ] } },
{ "type": "Feature", "properties": { "grad_nT_km": 10.8, "tier": "gentle", "score": 8.6 }, "geometry": { "type": "Polygon", "coordinates": [ [ [ 127.9875, 35.2875 ], [ 127.9875, 35.3375 ], [ 127.9375, 35.3375 ], [ 127.9375, 35.2875 ], [ 127.9875, 35.2875 ] ] ] } },
{ "type": "Feature", "properties": { "grad_nT_km": 14.1, "tier": "gentle", "score": 7.6 }, "geometry": { "type": "Polygon", "coordinates": [ [ [ 128.1375, 35.2875 ], [ 128.1375, 35.3375 ], [ 128.0875, 35.3375 ], [ 128.0875, 35.2875 ], [ 128.1375, 35.2875 ] ] ] } },
{ "type": "Feature", "properties": { "grad_nT_km": 8.4, "tier": "gentle", "score": 9.3 }, "geometry": { "type": "Polygon", "coordinates": [ [ [ 128.1875, 35.2875 ], [ 128.1875, 35.3375 ], [ 128.1375, 35.3375 ], [ 128.1375, 35.2875 ], [ 128.1875, 35.2875 ] ] ] } },
{ "type": "Feature", "properties": { "grad_nT_km": 12.9, "tier": "gentle", "score": 7.9 }, "geometry": { "type": "Polygon", "coordinates": [ [ [ 128.2375, 35.2875 ], [ 128.2375, 35.3375 ], [ 128.1875, 35.3375 ], [ 128.1875, 35.2875 ], [ 128.2375, 35.2875 ] ] ] } },
{ "type": "Feature", "properties": { "grad_nT_km": 13.2, "tier": "gentle", "score": 7.8 }, "geometry": { "type": "Polygon", "coordinates": [ [ [ 128.3875, 35.2875 ], [ 128.3875, 35.3375 ], [ 128.3375, 35.3375 ], [ 128.3375, 35.2875 ], [ 128.3875, 35.2875 ] ] ] } },
{ "type": "Feature", "properties": { "grad_nT_km": 12.0, "tier": "gentle", "score": 8.2 }, "geometry": { "type": "Polygon", "coordinates": [ [ [ 126.5375, 35.3375 ], [ 126.5375, 35.3875 ], [ 126.4875, 35.3875 ], [ 126.4875, 35.3375 ], [ 126.5375, 35.3375 ] ] ] } },
{ "type": "Feature", "properties": { "grad_nT_km": 10.8, "tier": "gentle", "score": 8.6 }, "geometry": { "type": "Polygon", "coordinates": [ [ [ 126.5875, 35.3375 ], [ 126.5875, 35.3875 ], [ 126.5375, 35.3875 ], [ 126.5375, 35.3375 ], [ 126.5875, 35.3375 ] ] ] } },
{ "type": "Feature", "properties": { "grad_nT_km": 9.5, "tier": "gentle", "score": 9.0 }, "geometry": { "type": "Polygon", "coordinates": [ [ [ 126.6375, 35.3375 ], [ 126.6375, 35.3875 ], [ 126.5875, 35.3875 ], [ 126.5875, 35.3375 ], [ 126.6375, 35.3375 ] ] ] } },
{ "type": "Feature", "properties": { "grad_nT_km": 9.7, "tier": "gentle", "score": 8.9 }, "geometry": { "type": "Polygon", "coordinates": [ [ [ 126.7375, 35.3375 ], [ 126.7375, 35.3875 ], [ 126.6875, 35.3875 ], [ 126.6875, 35.3375 ], [ 126.7375, 35.3375 ] ] ] } },
{ "type": "Feature", "properties": { "grad_nT_km": 7.7, "tier": "gentle", "score": 9.5 }, "geometry": { "type": "Polygon", "coordinates": [ [ [ 127.2875, 35.3375 ], [ 127.2875, 35.3875 ], [ 127.2375, 35.3875 ], [ 127.2375, 35.3375 ], [ 127.2875, 35.3375 ] ] ] } },
{ "type": "Feature", "properties": { "grad_nT_km": 12.2, "tier": "gentle", "score": 8.2 }, "geometry": { "type": "Polygon", "coordinates": [ [ [ 127.3875, 35.3375 ], [ 127.3875, 35.3875 ], [ 127.3375, 35.3875 ], [ 127.3375, 35.3375 ], [ 127.3875, 35.3375 ] ] ] } },
{ "type": "Feature", "properties": { "grad_nT_km": 11.8, "tier": "gentle", "score": 8.3 }, "geometry": { "type": "Polygon", "coordinates": [ [ [ 127.4375, 35.3375 ], [ 127.4375, 35.3875 ], [ 127.3875, 35.3875 ], [ 127.3875, 35.3375 ], [ 127.4375, 35.3375 ] ] ] } },
{ "type": "Feature", "properties": { "grad_nT_km": 11.1, "tier": "gentle", "score": 8.5 }, "geometry": { "type": "Polygon", "coordinates": [ [ [ 127.4875, 35.3375 ], [ 127.4875, 35.3875 ], [ 127.4375, 35.3875 ], [ 127.4375, 35.3375 ], [ 127.4875, 35.3375 ] ] ] } },
{ "type": "Feature", "properties": { "grad_nT_km": 8.2, "tier": "gentle", "score": 9.4 }, "geometry": { "type": "Polygon", "coordinates": [ [ [ 127.5875, 35.3375 ], [ 127.5875, 35.3875 ], [ 127.5375, 35.3875 ], [ 127.5375, 35.3375 ], [ 127.5875, 35.3375 ] ] ] } },
{ "type": "Feature", "properties": { "grad_nT_km": 6.8, "tier": "gentle", "score": 9.8 }, "geometry": { "type": "Polygon", "coordinates": [ [ [ 127.7875, 35.3375 ], [ 127.7875, 35.3875 ], [ 127.7375, 35.3875 ], [ 127.7375, 35.3375 ], [ 127.7875, 35.3375 ] ] ] } },
{ "type": "Feature", "properties": { "grad_nT_km": 13.2, "tier": "gentle", "score": 7.9 }, "geometry": { "type": "Polygon", "coordinates": [ [ [ 127.8375, 35.3375 ], [ 127.8375, 35.3875 ], [ 127.7875, 35.3875 ], [ 127.7875, 35.3375 ], [ 127.8375, 35.3375 ] ] ] } },
{ "type": "Feature", "properties": { "grad_nT_km": 14.2, "tier": "gentle", "score": 7.6 }, "geometry": { "type": "Polygon", "coordinates": [ [ [ 128.1375, 35.3375 ], [ 128.1375, 35.3875 ], [ 128.0875, 35.3875 ], [ 128.0875, 35.3375 ], [ 128.1375, 35.3375 ] ] ] } },
{ "type": "Feature", "properties": { "grad_nT_km": 12.9, "tier": "gentle", "score": 7.9 }, "geometry": { "type": "Polygon", "coordinates": [ [ [ 128.1875, 35.3375 ], [ 128.1875, 35.3875 ], [ 128.1375, 35.3875 ], [ 128.1375, 35.3375 ], [ 128.1875, 35.3375 ] ] ] } },
{ "type": "Feature", "properties": { "grad_nT_km": 11.1, "tier": "gentle", "score": 8.5 }, "geometry": { "type": "Polygon", "coordinates": [ [ [ 128.3875, 35.3375 ], [ 128.3875, 35.3875 ], [ 128.3375, 35.3875 ], [ 128.3375, 35.3375 ], [ 128.3875, 35.3375 ] ] ] } },
{ "type": "Feature", "properties": { "grad_nT_km": 13.0, "tier": "gentle", "score": 7.9 }, "geometry": { "type": "Polygon", "coordinates": [ [ [ 129.4875, 35.3375 ], [ 129.4875, 35.3875 ], [ 129.4375, 35.3875 ], [ 129.4375, 35.3375 ], [ 129.4875, 35.3375 ] ] ] } },
{ "type": "Feature", "properties": { "grad_nT_km": 14.8, "tier": "gentle", "score": 7.4 }, "geometry": { "type": "Polygon", "coordinates": [ [ [ 127.1875, 35.3875 ], [ 127.1875, 35.4375 ], [ 127.1375, 35.4375 ], [ 127.1375, 35.3875 ], [ 127.1875, 35.3875 ] ] ] } },
{ "type": "Feature", "properties": { "grad_nT_km": 11.0, "tier": "gentle", "score": 8.5 }, "geometry": { "type": "Polygon", "coordinates": [ [ [ 127.3375, 35.3875 ], [ 127.3375, 35.4375 ], [ 127.2875, 35.4375 ], [ 127.2875, 35.3875 ], [ 127.3375, 35.3875 ] ] ] } },
{ "type": "Feature", "properties": { "grad_nT_km": 10.8, "tier": "gentle", "score": 8.6 }, "geometry": { "type": "Polygon", "coordinates": [ [ [ 127.4375, 35.3875 ], [ 127.4375, 35.4375 ], [ 127.3875, 35.4375 ], [ 127.3875, 35.3875 ], [ 127.4375, 35.3875 ] ] ] } },
{ "type": "Feature", "properties": { "grad_nT_km": 7.8, "tier": "gentle", "score": 9.5 }, "geometry": { "type": "Polygon", "coordinates": [ [ [ 127.4875, 35.3875 ], [ 127.4875, 35.4375 ], [ 127.4375, 35.4375 ], [ 127.4375, 35.3875 ], [ 127.4875, 35.3875 ] ] ] } },
{ "type": "Feature", "properties": { "grad_nT_km": 14.6, "tier": "gentle", "score": 7.5 }, "geometry": { "type": "Polygon", "coordinates": [ [ [ 127.7875, 35.3875 ], [ 127.7875, 35.4375 ], [ 127.7375, 35.4375 ], [ 127.7375, 35.3875 ], [ 127.7875, 35.3875 ] ] ] } },
{ "type": "Feature", "properties": { "grad_nT_km": 7.1, "tier": "gentle", "score": 9.7 }, "geometry": { "type": "Polygon", "coordinates": [ [ [ 127.8375, 35.3875 ], [ 127.8375, 35.4375 ], [ 127.7875, 35.4375 ], [ 127.7875, 35.3875 ], [ 127.8375, 35.3875 ] ] ] } },
{ "type": "Feature", "properties": { "grad_nT_km": 14.7, "tier": "gentle", "score": 7.4 }, "geometry": { "type": "Polygon", "coordinates": [ [ [ 128.1875, 35.3875 ], [ 128.1875, 35.4375 ], [ 128.1375, 35.4375 ], [ 128.1375, 35.3875 ], [ 128.1875, 35.3875 ] ] ] } },
{ "type": "Feature", "properties": { "grad_nT_km": 7.6, "tier": "gentle", "score": 9.6 }, "geometry": { "type": "Polygon", "coordinates": [ [ [ 128.3875, 35.3875 ], [ 128.3875, 35.4375 ], [ 128.3375, 35.4375 ], [ 128.3375, 35.3875 ], [ 128.3875, 35.3875 ] ] ] } },
{ "type": "Feature", "properties": { "grad_nT_km": 6.3, "tier": "gentle", "score": 9.9 }, "geometry": { "type": "Polygon", "coordinates": [ [ [ 128.4375, 35.3875 ], [ 128.4375, 35.4375 ], [ 128.3875, 35.4375 ], [ 128.3875, 35.3875 ], [ 128.4375, 35.3875 ] ] ] } },
{ "type": "Feature", "properties": { "grad_nT_km": 9.1, "tier": "gentle", "score": 9.1 }, "geometry": { "type": "Polygon", "coordinates": [ [ [ 128.4875, 35.3875 ], [ 128.4875, 35.4375 ], [ 128.4375, 35.4375 ], [ 128.4375, 35.3875 ], [ 128.4875, 35.3875 ] ] ] } },
{ "type": "Feature", "properties": { "grad_nT_km": 11.8, "tier": "gentle", "score": 8.3 }, "geometry": { "type": "Polygon", "coordinates": [ [ [ 128.5375, 35.3875 ], [ 128.5375, 35.4375 ], [ 128.4875, 35.4375 ], [ 128.4875, 35.3875 ], [ 128.5375, 35.3875 ] ] ] } },
{ "type": "Feature", "properties": { "grad_nT_km": 14.3, "tier": "gentle", "score": 7.5 }, "geometry": { "type": "Polygon", "coordinates": [ [ [ 129.4875, 35.3875 ], [ 129.4875, 35.4375 ], [ 129.4375, 35.4375 ], [ 129.4375, 35.3875 ], [ 129.4875, 35.3875 ] ] ] } },
{ "type": "Feature", "properties": { "grad_nT_km": 13.1, "tier": "gentle", "score": 7.9 }, "geometry": { "type": "Polygon", "coordinates": [ [ [ 126.3375, 35.4375 ], [ 126.3375, 35.4875 ], [ 126.2875, 35.4875 ], [ 126.2875, 35.4375 ], [ 126.3375, 35.4375 ] ] ] } },
{ "type": "Feature", "properties": { "grad_nT_km": 14.7, "tier": "gentle", "score": 7.4 }, "geometry": { "type": "Polygon", "coordinates": [ [ [ 127.3375, 35.4375 ], [ 127.3375, 35.4875 ], [ 127.2875, 35.4875 ], [ 127.2875, 35.4375 ], [ 127.3375, 35.4375 ] ] ] } },
{ "type": "Feature", "properties": { "grad_nT_km": 12.1, "tier": "gentle", "score": 8.2 }, "geometry": { "type": "Polygon", "coordinates": [ [ [ 127.4875, 35.4375 ], [ 127.4875, 35.4875 ], [ 127.4375, 35.4875 ], [ 127.4375, 35.4375 ], [ 127.4875, 35.4375 ] ] ] } },
{ "type": "Feature", "properties": { "grad_nT_km": 8.0, "tier": "gentle", "score": 9.4 }, "geometry": { "type": "Polygon", "coordinates": [ [ [ 127.5375, 35.4375 ], [ 127.5375, 35.4875 ], [ 127.4875, 35.4875 ], [ 127.4875, 35.4375 ], [ 127.5375, 35.4375 ] ] ] } },
{ "type": "Feature", "properties": { "grad_nT_km": 6.7, "tier": "gentle", "score": 9.8 }, "geometry": { "type": "Polygon", "coordinates": [ [ [ 127.5875, 35.4375 ], [ 127.5875, 35.4875 ], [ 127.5375, 35.4875 ], [ 127.5375, 35.4375 ], [ 127.5875, 35.4375 ] ] ] } },
{ "type": "Feature", "properties": { "grad_nT_km": 12.5, "tier": "gentle", "score": 8.1 }, "geometry": { "type": "Polygon", "coordinates": [ [ [ 128.3375, 35.4375 ], [ 128.3375, 35.4875 ], [ 128.2875, 35.4875 ], [ 128.2875, 35.4375 ], [ 128.3375, 35.4375 ] ] ] } },
{ "type": "Feature", "properties": { "grad_nT_km": 9.4, "tier": "gentle", "score": 9.0 }, "geometry": { "type": "Polygon", "coordinates": [ [ [ 128.3875, 35.4375 ], [ 128.3875, 35.4875 ], [ 128.3375, 35.4875 ], [ 128.3375, 35.4375 ], [ 128.3875, 35.4375 ] ] ] } },
{ "type": "Feature", "properties": { "grad_nT_km": 7.3, "tier": "gentle", "score": 9.7 }, "geometry": { "type": "Polygon", "coordinates": [ [ [ 128.4375, 35.4375 ], [ 128.4375, 35.4875 ], [ 128.3875, 35.4875 ], [ 128.3875, 35.4375 ], [ 128.4375, 35.4375 ] ] ] } },
{ "type": "Feature", "properties": { "grad_nT_km": 10.2, "tier": "gentle", "score": 8.8 }, "geometry": { "type": "Polygon", "coordinates": [ [ [ 128.4875, 35.4375 ], [ 128.4875, 35.4875 ], [ 128.4375, 35.4875 ], [ 128.4375, 35.4375 ], [ 128.4875, 35.4375 ] ] ] } },
{ "type": "Feature", "properties": { "grad_nT_km": 13.8, "tier": "gentle", "score": 7.7 }, "geometry": { "type": "Polygon", "coordinates": [ [ [ 127.2375, 35.4875 ], [ 127.2375, 35.5375 ], [ 127.1875, 35.5375 ], [ 127.1875, 35.4875 ], [ 127.2375, 35.4875 ] ] ] } },
{ "type": "Feature", "properties": { "grad_nT_km": 11.4, "tier": "gentle", "score": 8.4 }, "geometry": { "type": "Polygon", "coordinates": [ [ [ 127.2875, 35.4875 ], [ 127.2875, 35.5375 ], [ 127.2375, 35.5375 ], [ 127.2375, 35.4875 ], [ 127.2875, 35.4875 ] ] ] } },
{ "type": "Feature", "properties": { "grad_nT_km": 14.0, "tier": "gentle", "score": 7.6 }, "geometry": { "type": "Polygon", "coordinates": [ [ [ 127.3375, 35.4875 ], [ 127.3375, 35.5375 ], [ 127.2875, 35.5375 ], [ 127.2875, 35.4875 ], [ 127.3375, 35.4875 ] ] ] } },
{ "type": "Feature", "properties": { "grad_nT_km": 7.1, "tier": "gentle", "score": 9.7 }, "geometry": { "type": "Polygon", "coordinates": [ [ [ 127.3875, 35.4875 ], [ 127.3875, 35.5375 ], [ 127.3375, 35.5375 ], [ 127.3375, 35.4875 ], [ 127.3875, 35.4875 ] ] ] } },
{ "type": "Feature", "properties": { "grad_nT_km": 7.3, "tier": "gentle", "score": 9.7 }, "geometry": { "type": "Polygon", "coordinates": [ [ [ 127.4375, 35.4875 ], [ 127.4375, 35.5375 ], [ 127.3875, 35.5375 ], [ 127.3875, 35.4875 ], [ 127.4375, 35.4875 ] ] ] } },
{ "type": "Feature", "properties": { "grad_nT_km": 9.2, "tier": "gentle", "score": 9.1 }, "geometry": { "type": "Polygon", "coordinates": [ [ [ 127.4875, 35.4875 ], [ 127.4875, 35.5375 ], [ 127.4375, 35.5375 ], [ 127.4375, 35.4875 ], [ 127.4875, 35.4875 ] ] ] } },
{ "type": "Feature", "properties": { "grad_nT_km": 14.4, "tier": "gentle", "score": 7.5 }, "geometry": { "type": "Polygon", "coordinates": [ [ [ 127.5375, 35.4875 ], [ 127.5375, 35.5375 ], [ 127.4875, 35.5375 ], [ 127.4875, 35.4875 ], [ 127.5375, 35.4875 ] ] ] } },
{ "type": "Feature", "properties": { "grad_nT_km": 13.4, "tier": "gentle", "score": 7.8 }, "geometry": { "type": "Polygon", "coordinates": [ [ [ 127.8375, 35.4875 ], [ 127.8375, 35.5375 ], [ 127.7875, 35.5375 ], [ 127.7875, 35.4875 ], [ 127.8375, 35.4875 ] ] ] } },
{ "type": "Feature", "properties": { "grad_nT_km": 15.0, "tier": "gentle", "score": 7.4 }, "geometry": { "type": "Polygon", "coordinates": [ [ [ 128.1875, 35.4875 ], [ 128.1875, 35.5375 ], [ 128.1375, 35.5375 ], [ 128.1375, 35.4875 ], [ 128.1875, 35.4875 ] ] ] } },
{ "type": "Feature", "properties": { "grad_nT_km": 11.1, "tier": "gentle", "score": 8.5 }, "geometry": { "type": "Polygon", "coordinates": [ [ [ 128.3375, 35.4875 ], [ 128.3375, 35.5375 ], [ 128.2875, 35.5375 ], [ 128.2875, 35.4875 ], [ 128.3375, 35.4875 ] ] ] } },
{ "type": "Feature", "properties": { "grad_nT_km": 9.1, "tier": "gentle", "score": 9.1 }, "geometry": { "type": "Polygon", "coordinates": [ [ [ 128.3875, 35.4875 ], [ 128.3875, 35.5375 ], [ 128.3375, 35.5375 ], [ 128.3375, 35.4875 ], [ 128.3875, 35.4875 ] ] ] } },
{ "type": "Feature", "properties": { "grad_nT_km": 11.0, "tier": "gentle", "score": 8.5 }, "geometry": { "type": "Polygon", "coordinates": [ [ [ 128.4375, 35.4875 ], [ 128.4375, 35.5375 ], [ 128.3875, 35.5375 ], [ 128.3875, 35.4875 ], [ 128.4375, 35.4875 ] ] ] } },
{ "type": "Feature", "properties": { "grad_nT_km": 11.5, "tier": "gentle", "score": 8.4 }, "geometry": { "type": "Polygon", "coordinates": [ [ [ 128.4875, 35.4875 ], [ 128.4875, 35.5375 ], [ 128.4375, 35.5375 ], [ 128.4375, 35.4875 ], [ 128.4875, 35.4875 ] ] ] } },
{ "type": "Feature", "properties": { "grad_nT_km": 14.9, "tier": "gentle", "score": 7.4 }, "geometry": { "type": "Polygon", "coordinates": [ [ [ 126.6375, 35.5375 ], [ 126.6375, 35.5875 ], [ 126.5875, 35.5875 ], [ 126.5875, 35.5375 ], [ 126.6375, 35.5375 ] ] ] } },
{ "type": "Feature", "properties": { "grad_nT_km": 13.5, "tier": "gentle", "score": 7.8 }, "geometry": { "type": "Polygon", "coordinates": [ [ [ 127.2375, 35.5375 ], [ 127.2375, 35.5875 ], [ 127.1875, 35.5875 ], [ 127.1875, 35.5375 ], [ 127.2375, 35.5375 ] ] ] } },
{ "type": "Feature", "properties": { "grad_nT_km": 9.2, "tier": "gentle", "score": 9.1 }, "geometry": { "type": "Polygon", "coordinates": [ [ [ 127.2875, 35.5375 ], [ 127.2875, 35.5875 ], [ 127.2375, 35.5875 ], [ 127.2375, 35.5375 ], [ 127.2875, 35.5375 ] ] ] } },
{ "type": "Feature", "properties": { "grad_nT_km": 6.5, "tier": "gentle", "score": 9.8 }, "geometry": { "type": "Polygon", "coordinates": [ [ [ 127.3375, 35.5375 ], [ 127.3375, 35.5875 ], [ 127.2875, 35.5875 ], [ 127.2875, 35.5375 ], [ 127.3375, 35.5375 ] ] ] } },
{ "type": "Feature", "properties": { "grad_nT_km": 10.3, "tier": "gentle", "score": 8.8 }, "geometry": { "type": "Polygon", "coordinates": [ [ [ 127.3875, 35.5375 ], [ 127.3875, 35.5875 ], [ 127.3375, 35.5875 ], [ 127.3375, 35.5375 ], [ 127.3875, 35.5375 ] ] ] } },
{ "type": "Feature", "properties": { "grad_nT_km": 15.0, "tier": "gentle", "score": 7.4 }, "geometry": { "type": "Polygon", "coordinates": [ [ [ 127.5375, 35.5375 ], [ 127.5375, 35.5875 ], [ 127.4875, 35.5875 ], [ 127.4875, 35.5375 ], [ 127.5375, 35.5375 ] ] ] } },
{ "type": "Feature", "properties": { "grad_nT_km": 10.9, "tier": "gentle", "score": 8.6 }, "geometry": { "type": "Polygon", "coordinates": [ [ [ 127.7375, 35.5375 ], [ 127.7375, 35.5875 ], [ 127.6875, 35.5875 ], [ 127.6875, 35.5375 ], [ 127.7375, 35.5375 ] ] ] } },
{ "type": "Feature", "properties": { "grad_nT_km": 8.9, "tier": "gentle", "score": 9.2 }, "geometry": { "type": "Polygon", "coordinates": [ [ [ 127.7875, 35.5375 ], [ 127.7875, 35.5875 ], [ 127.7375, 35.5875 ], [ 127.7375, 35.5375 ], [ 127.7875, 35.5375 ] ] ] } },
{ "type": "Feature", "properties": { "grad_nT_km": 9.4, "tier": "gentle", "score": 9.0 }, "geometry": { "type": "Polygon", "coordinates": [ [ [ 127.9375, 35.5375 ], [ 127.9375, 35.5875 ], [ 127.8875, 35.5875 ], [ 127.8875, 35.5375 ], [ 127.9375, 35.5375 ] ] ] } },
{ "type": "Feature", "properties": { "grad_nT_km": 11.5, "tier": "gentle", "score": 8.4 }, "geometry": { "type": "Polygon", "coordinates": [ [ [ 128.3875, 35.5375 ], [ 128.3875, 35.5875 ], [ 128.3375, 35.5875 ], [ 128.3375, 35.5375 ], [ 128.3875, 35.5375 ] ] ] } },
{ "type": "Feature", "properties": { "grad_nT_km": 10.4, "tier": "gentle", "score": 8.7 }, "geometry": { "type": "Polygon", "coordinates": [ [ [ 128.4375, 35.5375 ], [ 128.4375, 35.5875 ], [ 128.3875, 35.5875 ], [ 128.3875, 35.5375 ], [ 128.4375, 35.5375 ] ] ] } },
{ "type": "Feature", "properties": { "grad_nT_km": 6.6, "tier": "gentle", "score": 9.8 }, "geometry": { "type": "Polygon", "coordinates": [ [ [ 128.4875, 35.5375 ], [ 128.4875, 35.5875 ], [ 128.4375, 35.5875 ], [ 128.4375, 35.5375 ], [ 128.4875, 35.5375 ] ] ] } },
{ "type": "Feature", "properties": { "grad_nT_km": 14.7, "tier": "gentle", "score": 7.4 }, "geometry": { "type": "Polygon", "coordinates": [ [ [ 126.4375, 35.5875 ], [ 126.4375, 35.6375 ], [ 126.3875, 35.6375 ], [ 126.3875, 35.5875 ], [ 126.4375, 35.5875 ] ] ] } },
{ "type": "Feature", "properties": { "grad_nT_km": 11.0, "tier": "gentle", "score": 8.5 }, "geometry": { "type": "Polygon", "coordinates": [ [ [ 126.9875, 35.5875 ], [ 126.9875, 35.6375 ], [ 126.9375, 35.6375 ], [ 126.9375, 35.5875 ], [ 126.9875, 35.5875 ] ] ] } },
{ "type": "Feature", "properties": { "grad_nT_km": 12.9, "tier": "gentle", "score": 7.9 }, "geometry": { "type": "Polygon", "coordinates": [ [ [ 127.1375, 35.5875 ], [ 127.1375, 35.6375 ], [ 127.0875, 35.6375 ], [ 127.0875, 35.5875 ], [ 127.1375, 35.5875 ] ] ] } },
{ "type": "Feature", "properties": { "grad_nT_km": 9.8, "tier": "gentle", "score": 8.9 }, "geometry": { "type": "Polygon", "coordinates": [ [ [ 127.2375, 35.5875 ], [ 127.2375, 35.6375 ], [ 127.1875, 35.6375 ], [ 127.1875, 35.5875 ], [ 127.2375, 35.5875 ] ] ] } },
{ "type": "Feature", "properties": { "grad_nT_km": 8.6, "tier": "gentle", "score": 9.3 }, "geometry": { "type": "Polygon", "coordinates": [ [ [ 127.2875, 35.5875 ], [ 127.2875, 35.6375 ], [ 127.2375, 35.6375 ], [ 127.2375, 35.5875 ], [ 127.2875, 35.5875 ] ] ] } },
{ "type": "Feature", "properties": { "grad_nT_km": 9.0, "tier": "gentle", "score": 9.2 }, "geometry": { "type": "Polygon", "coordinates": [ [ [ 127.3375, 35.5875 ], [ 127.3375, 35.6375 ], [ 127.2875, 35.6375 ], [ 127.2875, 35.5875 ], [ 127.3375, 35.5875 ] ] ] } },
{ "type": "Feature", "properties": { "grad_nT_km": 5.2, "tier": "gentle", "score": 10.0 }, "geometry": { "type": "Polygon", "coordinates": [ [ [ 127.5875, 35.5875 ], [ 127.5875, 35.6375 ], [ 127.5375, 35.6375 ], [ 127.5375, 35.5875 ], [ 127.5875, 35.5875 ] ] ] } },
{ "type": "Feature", "properties": { "grad_nT_km": 6.6, "tier": "gentle", "score": 9.8 }, "geometry": { "type": "Polygon", "coordinates": [ [ [ 127.6375, 35.5875 ], [ 127.6375, 35.6375 ], [ 127.5875, 35.6375 ], [ 127.5875, 35.5875 ], [ 127.6375, 35.5875 ] ] ] } },
{ "type": "Feature", "properties": { "grad_nT_km": 12.9, "tier": "gentle", "score": 7.9 }, "geometry": { "type": "Polygon", "coordinates": [ [ [ 128.2875, 35.5875 ], [ 128.2875, 35.6375 ], [ 128.2375, 35.6375 ], [ 128.2375, 35.5875 ], [ 128.2875, 35.5875 ] ] ] } },
{ "type": "Feature", "properties": { "grad_nT_km": 12.4, "tier": "gentle", "score": 8.1 }, "geometry": { "type": "Polygon", "coordinates": [ [ [ 128.3375, 35.5875 ], [ 128.3375, 35.6375 ], [ 128.2875, 35.6375 ], [ 128.2875, 35.5875 ], [ 128.3375, 35.5875 ] ] ] } },
{ "type": "Feature", "properties": { "grad_nT_km": 13.2, "tier": "gentle", "score": 7.8 }, "geometry": { "type": "Polygon", "coordinates": [ [ [ 126.9875, 35.6375 ], [ 126.9875, 35.6875 ], [ 126.9375, 35.6875 ], [ 126.9375, 35.6375 ], [ 126.9875, 35.6375 ] ] ] } },
{ "type": "Feature", "properties": { "grad_nT_km": 10.5, "tier": "gentle", "score": 8.7 }, "geometry": { "type": "Polygon", "coordinates": [ [ [ 127.0375, 35.6375 ], [ 127.0375, 35.6875 ], [ 126.9875, 35.6875 ], [ 126.9875, 35.6375 ], [ 127.0375, 35.6375 ] ] ] } },
{ "type": "Feature", "properties": { "grad_nT_km": 13.4, "tier": "gentle", "score": 7.8 }, "geometry": { "type": "Polygon", "coordinates": [ [ [ 127.0875, 35.6375 ], [ 127.0875, 35.6875 ], [ 127.0375, 35.6875 ], [ 127.0375, 35.6375 ], [ 127.0875, 35.6375 ] ] ] } },
{ "type": "Feature", "properties": { "grad_nT_km": 11.5, "tier": "gentle", "score": 8.4 }, "geometry": { "type": "Polygon", "coordinates": [ [ [ 127.1375, 35.6375 ], [ 127.1375, 35.6875 ], [ 127.0875, 35.6875 ], [ 127.0875, 35.6375 ], [ 127.1375, 35.6375 ] ] ] } },
{ "type": "Feature", "properties": { "grad_nT_km": 13.9, "tier": "gentle", "score": 7.7 }, "geometry": { "type": "Polygon", "coordinates": [ [ [ 127.1875, 35.6375 ], [ 127.1875, 35.6875 ], [ 127.1375, 35.6875 ], [ 127.1375, 35.6375 ], [ 127.1875, 35.6375 ] ] ] } },
{ "type": "Feature", "properties": { "grad_nT_km": 6.1, "tier": "gentle", "score": 9.9 }, "geometry": { "type": "Polygon", "coordinates": [ [ [ 127.2375, 35.6375 ], [ 127.2375, 35.6875 ], [ 127.1875, 35.6875 ], [ 127.1875, 35.6375 ], [ 127.2375, 35.6375 ] ] ] } },
{ "type": "Feature", "properties": { "grad_nT_km": 12.8, "tier": "gentle", "score": 8.0 }, "geometry": { "type": "Polygon", "coordinates": [ [ [ 127.2875, 35.6375 ], [ 127.2875, 35.6875 ], [ 127.2375, 35.6875 ], [ 127.2375, 35.6375 ], [ 127.2875, 35.6375 ] ] ] } },
{ "type": "Feature", "properties": { "grad_nT_km": 10.2, "tier": "gentle", "score": 8.8 }, "geometry": { "type": "Polygon", "coordinates": [ [ [ 127.3375, 35.6375 ], [ 127.3375, 35.6875 ], [ 127.2875, 35.6875 ], [ 127.2875, 35.6375 ], [ 127.3375, 35.6375 ] ] ] } },
{ "type": "Feature", "properties": { "grad_nT_km": 14.6, "tier": "gentle", "score": 7.5 }, "geometry": { "type": "Polygon", "coordinates": [ [ [ 127.4375, 35.6375 ], [ 127.4375, 35.6875 ], [ 127.3875, 35.6875 ], [ 127.3875, 35.6375 ], [ 127.4375, 35.6375 ] ] ] } },
{ "type": "Feature", "properties": { "grad_nT_km": 7.2, "tier": "gentle", "score": 9.7 }, "geometry": { "type": "Polygon", "coordinates": [ [ [ 127.5875, 35.6375 ], [ 127.5875, 35.6875 ], [ 127.5375, 35.6875 ], [ 127.5375, 35.6375 ], [ 127.5875, 35.6375 ] ] ] } },
{ "type": "Feature", "properties": { "grad_nT_km": 8.5, "tier": "gentle", "score": 9.3 }, "geometry": { "type": "Polygon", "coordinates": [ [ [ 127.6375, 35.6375 ], [ 127.6375, 35.6875 ], [ 127.5875, 35.6875 ], [ 127.5875, 35.6375 ], [ 127.6375, 35.6375 ] ] ] } },
{ "type": "Feature", "properties": { "grad_nT_km": 5.4, "tier": "gentle", "score": 10.0 }, "geometry": { "type": "Polygon", "coordinates": [ [ [ 127.7375, 35.6375 ], [ 127.7375, 35.6875 ], [ 127.6875, 35.6875 ], [ 127.6875, 35.6375 ], [ 127.7375, 35.6375 ] ] ] } },
{ "type": "Feature", "properties": { "grad_nT_km": 11.4, "tier": "gentle", "score": 8.4 }, "geometry": { "type": "Polygon", "coordinates": [ [ [ 128.3375, 35.6375 ], [ 128.3375, 35.6875 ], [ 128.2875, 35.6875 ], [ 128.2875, 35.6375 ], [ 128.3375, 35.6375 ] ] ] } },
{ "type": "Feature", "properties": { "grad_nT_km": 12.7, "tier": "gentle", "score": 8.0 }, "geometry": { "type": "Polygon", "coordinates": [ [ [ 129.2875, 35.6375 ], [ 129.2875, 35.6875 ], [ 129.2375, 35.6875 ], [ 129.2375, 35.6375 ], [ 129.2875, 35.6375 ] ] ] } },
{ "type": "Feature", "properties": { "grad_nT_km": 11.4, "tier": "gentle", "score": 8.4 }, "geometry": { "type": "Polygon", "coordinates": [ [ [ 126.3375, 35.6875 ], [ 126.3375, 35.7375 ], [ 126.2875, 35.7375 ], [ 126.2875, 35.6875 ], [ 126.3375, 35.6875 ] ] ] } },
{ "type": "Feature", "properties": { "grad_nT_km": 13.0, "tier": "gentle", "score": 7.9 }, "geometry": { "type": "Polygon", "coordinates": [ [ [ 126.3875, 35.6875 ], [ 126.3875, 35.7375 ], [ 126.3375, 35.7375 ], [ 126.3375, 35.6875 ], [ 126.3875, 35.6875 ] ] ] } },
{ "type": "Feature", "properties": { "grad_nT_km": 11.1, "tier": "gentle", "score": 8.5 }, "geometry": { "type": "Polygon", "coordinates": [ [ [ 127.2875, 35.6875 ], [ 127.2875, 35.7375 ], [ 127.2375, 35.7375 ], [ 127.2375, 35.6875 ], [ 127.2875, 35.6875 ] ] ] } },
{ "type": "Feature", "properties": { "grad_nT_km": 10.7, "tier": "gentle", "score": 8.6 }, "geometry": { "type": "Polygon", "coordinates": [ [ [ 127.4375, 35.6875 ], [ 127.4375, 35.7375 ], [ 127.3875, 35.7375 ], [ 127.3875, 35.6875 ], [ 127.4375, 35.6875 ] ] ] } },
{ "type": "Feature", "properties": { "grad_nT_km": 9.1, "tier": "gentle", "score": 9.1 }, "geometry": { "type": "Polygon", "coordinates": [ [ [ 127.5375, 35.6875 ], [ 127.5375, 35.7375 ], [ 127.4875, 35.7375 ], [ 127.4875, 35.6875 ], [ 127.5375, 35.6875 ] ] ] } },
{ "type": "Feature", "properties": { "grad_nT_km": 9.6, "tier": "gentle", "score": 9.0 }, "geometry": { "type": "Polygon", "coordinates": [ [ [ 127.5875, 35.6875 ], [ 127.5875, 35.7375 ], [ 127.5375, 35.7375 ], [ 127.5375, 35.6875 ], [ 127.5875, 35.6875 ] ] ] } },
{ "type": "Feature", "properties": { "grad_nT_km": 8.6, "tier": "gentle", "score": 9.3 }, "geometry": { "type": "Polygon", "coordinates": [ [ [ 127.6375, 35.6875 ], [ 127.6375, 35.7375 ], [ 127.5875, 35.7375 ], [ 127.5875, 35.6875 ], [ 127.6375, 35.6875 ] ] ] } },
{ "type": "Feature", "properties": { "grad_nT_km": 9.5, "tier": "gentle", "score": 9.0 }, "geometry": { "type": "Polygon", "coordinates": [ [ [ 127.6875, 35.6875 ], [ 127.6875, 35.7375 ], [ 127.6375, 35.7375 ], [ 127.6375, 35.6875 ], [ 127.6875, 35.6875 ] ] ] } },
{ "type": "Feature", "properties": { "grad_nT_km": 5.6, "tier": "gentle", "score": 10.0 }, "geometry": { "type": "Polygon", "coordinates": [ [ [ 127.7375, 35.6875 ], [ 127.7375, 35.7375 ], [ 127.6875, 35.7375 ], [ 127.6875, 35.6875 ], [ 127.7375, 35.6875 ] ] ] } },
{ "type": "Feature", "properties": { "grad_nT_km": 14.2, "tier": "gentle", "score": 7.6 }, "geometry": { "type": "Polygon", "coordinates": [ [ [ 127.9875, 35.6875 ], [ 127.9875, 35.7375 ], [ 127.9375, 35.7375 ], [ 127.9375, 35.6875 ], [ 127.9875, 35.6875 ] ] ] } },
{ "type": "Feature", "properties": { "grad_nT_km": 11.3, "tier": "gentle", "score": 8.4 }, "geometry": { "type": "Polygon", "coordinates": [ [ [ 129.2875, 35.6875 ], [ 129.2875, 35.7375 ], [ 129.2375, 35.7375 ], [ 129.2375, 35.6875 ], [ 129.2875, 35.6875 ] ] ] } },
{ "type": "Feature", "properties": { "grad_nT_km": 13.0, "tier": "gentle", "score": 7.9 }, "geometry": { "type": "Polygon", "coordinates": [ [ [ 129.3375, 35.6875 ], [ 129.3375, 35.7375 ], [ 129.2875, 35.7375 ], [ 129.2875, 35.6875 ], [ 129.3375, 35.6875 ] ] ] } },
{ "type": "Feature", "properties": { "grad_nT_km": 11.1, "tier": "gentle", "score": 8.5 }, "geometry": { "type": "Polygon", "coordinates": [ [ [ 126.8375, 35.7375 ], [ 126.8375, 35.7875 ], [ 126.7875, 35.7875 ], [ 126.7875, 35.7375 ], [ 126.8375, 35.7375 ] ] ] } },
{ "type": "Feature", "properties": { "grad_nT_km": 13.7, "tier": "gentle", "score": 7.7 }, "geometry": { "type": "Polygon", "coordinates": [ [ [ 126.9375, 35.7375 ], [ 126.9375, 35.7875 ], [ 126.8875, 35.7875 ], [ 126.8875, 35.7375 ], [ 126.9375, 35.7375 ] ] ] } },
{ "type": "Feature", "properties": { "grad_nT_km": 13.5, "tier": "gentle", "score": 7.8 }, "geometry": { "type": "Polygon", "coordinates": [ [ [ 127.2875, 35.7375 ], [ 127.2875, 35.7875 ], [ 127.2375, 35.7875 ], [ 127.2375, 35.7375 ], [ 127.2875, 35.7375 ] ] ] } },
{ "type": "Feature", "properties": { "grad_nT_km": 13.8, "tier": "gentle", "score": 7.7 }, "geometry": { "type": "Polygon", "coordinates": [ [ [ 127.6375, 35.7375 ], [ 127.6375, 35.7875 ], [ 127.5875, 35.7875 ], [ 127.5875, 35.7375 ], [ 127.6375, 35.7375 ] ] ] } },
{ "type": "Feature", "properties": { "grad_nT_km": 10.2, "tier": "gentle", "score": 8.8 }, "geometry": { "type": "Polygon", "coordinates": [ [ [ 127.6875, 35.7375 ], [ 127.6875, 35.7875 ], [ 127.6375, 35.7875 ], [ 127.6375, 35.7375 ], [ 127.6875, 35.7375 ] ] ] } },
{ "type": "Feature", "properties": { "grad_nT_km": 8.7, "tier": "gentle", "score": 9.3 }, "geometry": { "type": "Polygon", "coordinates": [ [ [ 127.7375, 35.7375 ], [ 127.7375, 35.7875 ], [ 127.6875, 35.7875 ], [ 127.6875, 35.7375 ], [ 127.7375, 35.7375 ] ] ] } },
{ "type": "Feature", "properties": { "grad_nT_km": 11.8, "tier": "gentle", "score": 8.3 }, "geometry": { "type": "Polygon", "coordinates": [ [ [ 128.3375, 35.7375 ], [ 128.3375, 35.7875 ], [ 128.2875, 35.7875 ], [ 128.2875, 35.7375 ], [ 128.3375, 35.7375 ] ] ] } },
{ "type": "Feature", "properties": { "grad_nT_km": 13.8, "tier": "gentle", "score": 7.7 }, "geometry": { "type": "Polygon", "coordinates": [ [ [ 128.3875, 35.7375 ], [ 128.3875, 35.7875 ], [ 128.3375, 35.7875 ], [ 128.3375, 35.7375 ], [ 128.3875, 35.7375 ] ] ] } },
{ "type": "Feature", "properties": { "grad_nT_km": 12.4, "tier": "gentle", "score": 8.1 }, "geometry": { "type": "Polygon", "coordinates": [ [ [ 129.2875, 35.7375 ], [ 129.2875, 35.7875 ], [ 129.2375, 35.7875 ], [ 129.2375, 35.7375 ], [ 129.2875, 35.7375 ] ] ] } },
{ "type": "Feature", "properties": { "grad_nT_km": 11.3, "tier": "gentle", "score": 8.4 }, "geometry": { "type": "Polygon", "coordinates": [ [ [ 126.4375, 35.7875 ], [ 126.4375, 35.8375 ], [ 126.3875, 35.8375 ], [ 126.3875, 35.7875 ], [ 126.4375, 35.7875 ] ] ] } },
{ "type": "Feature", "properties": { "grad_nT_km": 10.9, "tier": "gentle", "score": 8.6 }, "geometry": { "type": "Polygon", "coordinates": [ [ [ 126.5875, 35.7875 ], [ 126.5875, 35.8375 ], [ 126.5375, 35.8375 ], [ 126.5375, 35.7875 ], [ 126.5875, 35.7875 ] ] ] } },
{ "type": "Feature", "properties": { "grad_nT_km": 12.6, "tier": "gentle", "score": 8.1 }, "geometry": { "type": "Polygon", "coordinates": [ [ [ 126.6375, 35.7875 ], [ 126.6375, 35.8375 ], [ 126.5875, 35.8375 ], [ 126.5875, 35.7875 ], [ 126.6375, 35.7875 ] ] ] } },
{ "type": "Feature", "properties": { "grad_nT_km": 14.7, "tier": "gentle", "score": 7.4 }, "geometry": { "type": "Polygon", "coordinates": [ [ [ 126.8375, 35.7875 ], [ 126.8375, 35.8375 ], [ 126.7875, 35.8375 ], [ 126.7875, 35.7875 ], [ 126.8375, 35.7875 ] ] ] } },
{ "type": "Feature", "properties": { "grad_nT_km": 10.4, "tier": "gentle", "score": 8.7 }, "geometry": { "type": "Polygon", "coordinates": [ [ [ 127.1375, 35.7875 ], [ 127.1375, 35.8375 ], [ 127.0875, 35.8375 ], [ 127.0875, 35.7875 ], [ 127.1375, 35.7875 ] ] ] } },
{ "type": "Feature", "properties": { "grad_nT_km": 7.1, "tier": "gentle", "score": 9.7 }, "geometry": { "type": "Polygon", "coordinates": [ [ [ 127.1875, 35.7875 ], [ 127.1875, 35.8375 ], [ 127.1375, 35.8375 ], [ 127.1375, 35.7875 ], [ 127.1875, 35.7875 ] ] ] } },
{ "type": "Feature", "properties": { "grad_nT_km": 14.1, "tier": "gentle", "score": 7.6 }, "geometry": { "type": "Polygon", "coordinates": [ [ [ 127.4375, 35.7875 ], [ 127.4375, 35.8375 ], [ 127.3875, 35.8375 ], [ 127.3875, 35.7875 ], [ 127.4375, 35.7875 ] ] ] } },
{ "type": "Feature", "properties": { "grad_nT_km": 12.3, "tier": "gentle", "score": 8.1 }, "geometry": { "type": "Polygon", "coordinates": [ [ [ 127.5375, 35.7875 ], [ 127.5375, 35.8375 ], [ 127.4875, 35.8375 ], [ 127.4875, 35.7875 ], [ 127.5375, 35.7875 ] ] ] } },
{ "type": "Feature", "properties": { "grad_nT_km": 10.5, "tier": "gentle", "score": 8.7 }, "geometry": { "type": "Polygon", "coordinates": [ [ [ 127.5875, 35.7875 ], [ 127.5875, 35.8375 ], [ 127.5375, 35.8375 ], [ 127.5375, 35.7875 ], [ 127.5875, 35.7875 ] ] ] } },
{ "type": "Feature", "properties": { "grad_nT_km": 10.3, "tier": "gentle", "score": 8.7 }, "geometry": { "type": "Polygon", "coordinates": [ [ [ 127.6375, 35.7875 ], [ 127.6375, 35.8375 ], [ 127.5875, 35.8375 ], [ 127.5875, 35.7875 ], [ 127.6375, 35.7875 ] ] ] } },
{ "type": "Feature", "properties": { "grad_nT_km": 10.9, "tier": "gentle", "score": 8.6 }, "geometry": { "type": "Polygon", "coordinates": [ [ [ 127.6875, 35.7875 ], [ 127.6875, 35.8375 ], [ 127.6375, 35.8375 ], [ 127.6375, 35.7875 ], [ 127.6875, 35.7875 ] ] ] } },
{ "type": "Feature", "properties": { "grad_nT_km": 12.2, "tier": "gentle", "score": 8.2 }, "geometry": { "type": "Polygon", "coordinates": [ [ [ 127.7875, 35.7875 ], [ 127.7875, 35.8375 ], [ 127.7375, 35.8375 ], [ 127.7375, 35.7875 ], [ 127.7875, 35.7875 ] ] ] } },
{ "type": "Feature", "properties": { "grad_nT_km": 13.5, "tier": "gentle", "score": 7.8 }, "geometry": { "type": "Polygon", "coordinates": [ [ [ 128.2375, 35.7875 ], [ 128.2375, 35.8375 ], [ 128.1875, 35.8375 ], [ 128.1875, 35.7875 ], [ 128.2375, 35.7875 ] ] ] } },
{ "type": "Feature", "properties": { "grad_nT_km": 12.1, "tier": "gentle", "score": 8.2 }, "geometry": { "type": "Polygon", "coordinates": [ [ [ 128.2875, 35.7875 ], [ 128.2875, 35.8375 ], [ 128.2375, 35.8375 ], [ 128.2375, 35.7875 ], [ 128.2875, 35.7875 ] ] ] } },
{ "type": "Feature", "properties": { "grad_nT_km": 10.3, "tier": "gentle", "score": 8.7 }, "geometry": { "type": "Polygon", "coordinates": [ [ [ 128.3375, 35.7875 ], [ 128.3375, 35.8375 ], [ 128.2875, 35.8375 ], [ 128.2875, 35.7875 ], [ 128.3375, 35.7875 ] ] ] } },
{ "type": "Feature", "properties": { "grad_nT_km": 14.0, "tier": "gentle", "score": 7.6 }, "geometry": { "type": "Polygon", "coordinates": [ [ [ 128.8375, 35.7875 ], [ 128.8375, 35.8375 ], [ 128.7875, 35.8375 ], [ 128.7875, 35.7875 ], [ 128.8375, 35.7875 ] ] ] } },
{ "type": "Feature", "properties": { "grad_nT_km": 11.3, "tier": "gentle", "score": 8.4 }, "geometry": { "type": "Polygon", "coordinates": [ [ [ 129.2375, 35.7875 ], [ 129.2375, 35.8375 ], [ 129.1875, 35.8375 ], [ 129.1875, 35.7875 ], [ 129.2375, 35.7875 ] ] ] } },
{ "type": "Feature", "properties": { "grad_nT_km": 14.1, "tier": "gentle", "score": 7.6 }, "geometry": { "type": "Polygon", "coordinates": [ [ [ 126.4375, 35.8375 ], [ 126.4375, 35.8875 ], [ 126.3875, 35.8875 ], [ 126.3875, 35.8375 ], [ 126.4375, 35.8375 ] ] ] } },
{ "type": "Feature", "properties": { "grad_nT_km": 9.8, "tier": "gentle", "score": 8.9 }, "geometry": { "type": "Polygon", "coordinates": [ [ [ 126.5875, 35.8375 ], [ 126.5875, 35.8875 ], [ 126.5375, 35.8875 ], [ 126.5375, 35.8375 ], [ 126.5875, 35.8375 ] ] ] } },
{ "type": "Feature", "properties": { "grad_nT_km": 12.9, "tier": "gentle", "score": 7.9 }, "geometry": { "type": "Polygon", "coordinates": [ [ [ 126.6375, 35.8375 ], [ 126.6375, 35.8875 ], [ 126.5875, 35.8875 ], [ 126.5875, 35.8375 ], [ 126.6375, 35.8375 ] ] ] } },
{ "type": "Feature", "properties": { "grad_nT_km": 14.5, "tier": "gentle", "score": 7.5 }, "geometry": { "type": "Polygon", "coordinates": [ [ [ 126.7875, 35.8375 ], [ 126.7875, 35.8875 ], [ 126.7375, 35.8875 ], [ 126.7375, 35.8375 ], [ 126.7875, 35.8375 ] ] ] } },
{ "type": "Feature", "properties": { "grad_nT_km": 11.8, "tier": "gentle", "score": 8.3 }, "geometry": { "type": "Polygon", "coordinates": [ [ [ 126.8375, 35.8375 ], [ 126.8375, 35.8875 ], [ 126.7875, 35.8875 ], [ 126.7875, 35.8375 ], [ 126.8375, 35.8375 ] ] ] } },
{ "type": "Feature", "properties": { "grad_nT_km": 9.4, "tier": "gentle", "score": 9.0 }, "geometry": { "type": "Polygon", "coordinates": [ [ [ 126.9375, 35.8375 ], [ 126.9375, 35.8875 ], [ 126.8875, 35.8875 ], [ 126.8875, 35.8375 ], [ 126.9375, 35.8375 ] ] ] } },
{ "type": "Feature", "properties": { "grad_nT_km": 14.4, "tier": "gentle", "score": 7.5 }, "geometry": { "type": "Polygon", "coordinates": [ [ [ 126.9875, 35.8375 ], [ 126.9875, 35.8875 ], [ 126.9375, 35.8875 ], [ 126.9375, 35.8375 ], [ 126.9875, 35.8375 ] ] ] } },
{ "type": "Feature", "properties": { "grad_nT_km": 10.7, "tier": "gentle", "score": 8.6 }, "geometry": { "type": "Polygon", "coordinates": [ [ [ 127.1375, 35.8375 ], [ 127.1375, 35.8875 ], [ 127.0875, 35.8875 ], [ 127.0875, 35.8375 ], [ 127.1375, 35.8375 ] ] ] } },
{ "type": "Feature", "properties": { "grad_nT_km": 7.0, "tier": "gentle", "score": 9.7 }, "geometry": { "type": "Polygon", "coordinates": [ [ [ 127.1875, 35.8375 ], [ 127.1875, 35.8875 ], [ 127.1375, 35.8875 ], [ 127.1375, 35.8375 ], [ 127.1875, 35.8375 ] ] ] } },
{ "type": "Feature", "properties": { "grad_nT_km": 12.5, "tier": "gentle", "score": 8.1 }, "geometry": { "type": "Polygon", "coordinates": [ [ [ 127.2375, 35.8375 ], [ 127.2375, 35.8875 ], [ 127.1875, 35.8875 ], [ 127.1875, 35.8375 ], [ 127.2375, 35.8375 ] ] ] } },
{ "type": "Feature", "properties": { "grad_nT_km": 14.4, "tier": "gentle", "score": 7.5 }, "geometry": { "type": "Polygon", "coordinates": [ [ [ 127.2875, 35.8375 ], [ 127.2875, 35.8875 ], [ 127.2375, 35.8875 ], [ 127.2375, 35.8375 ], [ 127.2875, 35.8375 ] ] ] } },
{ "type": "Feature", "properties": { "grad_nT_km": 11.3, "tier": "gentle", "score": 8.4 }, "geometry": { "type": "Polygon", "coordinates": [ [ [ 127.5375, 35.8375 ], [ 127.5375, 35.8875 ], [ 127.4875, 35.8875 ], [ 127.4875, 35.8375 ], [ 127.5375, 35.8375 ] ] ] } },
{ "type": "Feature", "properties": { "grad_nT_km": 11.1, "tier": "gentle", "score": 8.5 }, "geometry": { "type": "Polygon", "coordinates": [ [ [ 127.5875, 35.8375 ], [ 127.5875, 35.8875 ], [ 127.5375, 35.8875 ], [ 127.5375, 35.8375 ], [ 127.5875, 35.8375 ] ] ] } },
{ "type": "Feature", "properties": { "grad_nT_km": 13.0, "tier": "gentle", "score": 7.9 }, "geometry": { "type": "Polygon", "coordinates": [ [ [ 127.7375, 35.8375 ], [ 127.7375, 35.8875 ], [ 127.6875, 35.8875 ], [ 127.6875, 35.8375 ], [ 127.7375, 35.8375 ] ] ] } },
{ "type": "Feature", "properties": { "grad_nT_km": 9.2, "tier": "gentle", "score": 9.1 }, "geometry": { "type": "Polygon", "coordinates": [ [ [ 127.7875, 35.8375 ], [ 127.7875, 35.8875 ], [ 127.7375, 35.8875 ], [ 127.7375, 35.8375 ], [ 127.7875, 35.8375 ] ] ] } },
{ "type": "Feature", "properties": { "grad_nT_km": 12.8, "tier": "gentle", "score": 8.0 }, "geometry": { "type": "Polygon", "coordinates": [ [ [ 128.3375, 35.8375 ], [ 128.3375, 35.8875 ], [ 128.2875, 35.8875 ], [ 128.2875, 35.8375 ], [ 128.3375, 35.8375 ] ] ] } },
{ "type": "Feature", "properties": { "grad_nT_km": 9.8, "tier": "gentle", "score": 8.9 }, "geometry": { "type": "Polygon", "coordinates": [ [ [ 126.5375, 35.8875 ], [ 126.5375, 35.9375 ], [ 126.4875, 35.9375 ], [ 126.4875, 35.8875 ], [ 126.5375, 35.8875 ] ] ] } },
{ "type": "Feature", "properties": { "grad_nT_km": 12.0, "tier": "gentle", "score": 8.2 }, "geometry": { "type": "Polygon", "coordinates": [ [ [ 126.5875, 35.8875 ], [ 126.5875, 35.9375 ], [ 126.5375, 35.9375 ], [ 126.5375, 35.8875 ], [ 126.5875, 35.8875 ] ] ] } },
{ "type": "Feature", "properties": { "grad_nT_km": 14.7, "tier": "gentle", "score": 7.4 }, "geometry": { "type": "Polygon", "coordinates": [ [ [ 126.7875, 35.8875 ], [ 126.7875, 35.9375 ], [ 126.7375, 35.9375 ], [ 126.7375, 35.8875 ], [ 126.7875, 35.8875 ] ] ] } },
{ "type": "Feature", "properties": { "grad_nT_km": 5.8, "tier": "gentle", "score": 9.9 }, "geometry": { "type": "Polygon", "coordinates": [ [ [ 126.8375, 35.8875 ], [ 126.8375, 35.9375 ], [ 126.7875, 35.9375 ], [ 126.7875, 35.8875 ], [ 126.8375, 35.8875 ] ] ] } },
{ "type": "Feature", "properties": { "grad_nT_km": 7.6, "tier": "gentle", "score": 9.6 }, "geometry": { "type": "Polygon", "coordinates": [ [ [ 126.9375, 35.8875 ], [ 126.9375, 35.9375 ], [ 126.8875, 35.9375 ], [ 126.8875, 35.8875 ], [ 126.9375, 35.8875 ] ] ] } },
{ "type": "Feature", "properties": { "grad_nT_km": 7.5, "tier": "gentle", "score": 9.6 }, "geometry": { "type": "Polygon", "coordinates": [ [ [ 127.1875, 35.8875 ], [ 127.1875, 35.9375 ], [ 127.1375, 35.9375 ], [ 127.1375, 35.8875 ], [ 127.1875, 35.8875 ] ] ] } },
{ "type": "Feature", "properties": { "grad_nT_km": 14.9, "tier": "gentle", "score": 7.4 }, "geometry": { "type": "Polygon", "coordinates": [ [ [ 127.2375, 35.8875 ], [ 127.2375, 35.9375 ], [ 127.1875, 35.9375 ], [ 127.1875, 35.8875 ], [ 127.2375, 35.8875 ] ] ] } },
{ "type": "Feature", "properties": { "grad_nT_km": 14.9, "tier": "gentle", "score": 7.4 }, "geometry": { "type": "Polygon", "coordinates": [ [ [ 127.4875, 35.8875 ], [ 127.4875, 35.9375 ], [ 127.4375, 35.9375 ], [ 127.4375, 35.8875 ], [ 127.4875, 35.8875 ] ] ] } },
{ "type": "Feature", "properties": { "grad_nT_km": 11.3, "tier": "gentle", "score": 8.5 }, "geometry": { "type": "Polygon", "coordinates": [ [ [ 127.6875, 35.8875 ], [ 127.6875, 35.9375 ], [ 127.6375, 35.9375 ], [ 127.6375, 35.8875 ], [ 127.6875, 35.8875 ] ] ] } },
{ "type": "Feature", "properties": { "grad_nT_km": 11.7, "tier": "gentle", "score": 8.3 }, "geometry": { "type": "Polygon", "coordinates": [ [ [ 128.1375, 35.8875 ], [ 128.1375, 35.9375 ], [ 128.0875, 35.9375 ], [ 128.0875, 35.8875 ], [ 128.1375, 35.8875 ] ] ] } },
{ "type": "Feature", "properties": { "grad_nT_km": 7.0, "tier": "gentle", "score": 9.7 }, "geometry": { "type": "Polygon", "coordinates": [ [ [ 128.1875, 35.8875 ], [ 128.1875, 35.9375 ], [ 128.1375, 35.9375 ], [ 128.1375, 35.8875 ], [ 128.1875, 35.8875 ] ] ] } },
{ "type": "Feature", "properties": { "grad_nT_km": 11.7, "tier": "gentle", "score": 8.3 }, "geometry": { "type": "Polygon", "coordinates": [ [ [ 128.3875, 35.8875 ], [ 128.3875, 35.9375 ], [ 128.3375, 35.9375 ], [ 128.3375, 35.8875 ], [ 128.3875, 35.8875 ] ] ] } },
{ "type": "Feature", "properties": { "grad_nT_km": 14.9, "tier": "gentle", "score": 7.4 }, "geometry": { "type": "Polygon", "coordinates": [ [ [ 128.8875, 35.8875 ], [ 128.8875, 35.9375 ], [ 128.8375, 35.9375 ], [ 128.8375, 35.8875 ], [ 128.8875, 35.8875 ] ] ] } },
{ "type": "Feature", "properties": { "grad_nT_km": 11.3, "tier": "gentle", "score": 8.4 }, "geometry": { "type": "Polygon", "coordinates": [ [ [ 129.2375, 35.8875 ], [ 129.2375, 35.9375 ], [ 129.1875, 35.9375 ], [ 129.1875, 35.8875 ], [ 129.2375, 35.8875 ] ] ] } },
{ "type": "Feature", "properties": { "grad_nT_km": 10.1, "tier": "gentle", "score": 8.8 }, "geometry": { "type": "Polygon", "coordinates": [ [ [ 126.7875, 35.9375 ], [ 126.7875, 35.9875 ], [ 126.7375, 35.9875 ], [ 126.7375, 35.9375 ], [ 126.7875, 35.9375 ] ] ] } },
{ "type": "Feature", "properties": { "grad_nT_km": 13.2, "tier": "gentle", "score": 7.9 }, "geometry": { "type": "Polygon", "coordinates": [ [ [ 126.8875, 35.9375 ], [ 126.8875, 35.9875 ], [ 126.8375, 35.9875 ], [ 126.8375, 35.9375 ], [ 126.8875, 35.9375 ] ] ] } },
{ "type": "Feature", "properties": { "grad_nT_km": 9.6, "tier": "gentle", "score": 9.0 }, "geometry": { "type": "Polygon", "coordinates": [ [ [ 127.1875, 35.9375 ], [ 127.1875, 35.9875 ], [ 127.1375, 35.9875 ], [ 127.1375, 35.9375 ], [ 127.1875, 35.9375 ] ] ] } },
{ "type": "Feature", "properties": { "grad_nT_km": 7.1, "tier": "gentle", "score": 9.7 }, "geometry": { "type": "Polygon", "coordinates": [ [ [ 127.2375, 35.9375 ], [ 127.2375, 35.9875 ], [ 127.1875, 35.9875 ], [ 127.1875, 35.9375 ], [ 127.2375, 35.9375 ] ] ] } },
{ "type": "Feature", "properties": { "grad_nT_km": 7.8, "tier": "gentle", "score": 9.5 }, "geometry": { "type": "Polygon", "coordinates": [ [ [ 127.3375, 35.9375 ], [ 127.3375, 35.9875 ], [ 127.2875, 35.9875 ], [ 127.2875, 35.9375 ], [ 127.3375, 35.9375 ] ] ] } },
{ "type": "Feature", "properties": { "grad_nT_km": 14.7, "tier": "gentle", "score": 7.4 }, "geometry": { "type": "Polygon", "coordinates": [ [ [ 127.3875, 35.9375 ], [ 127.3875, 35.9875 ], [ 127.3375, 35.9875 ], [ 127.3375, 35.9375 ], [ 127.3875, 35.9375 ] ] ] } },
{ "type": "Feature", "properties": { "grad_nT_km": 6.0, "tier": "gentle", "score": 9.9 }, "geometry": { "type": "Polygon", "coordinates": [ [ [ 127.4875, 35.9375 ], [ 127.4875, 35.9875 ], [ 127.4375, 35.9875 ], [ 127.4375, 35.9375 ], [ 127.4875, 35.9375 ] ] ] } },
{ "type": "Feature", "properties": { "grad_nT_km": 8.9, "tier": "gentle", "score": 9.2 }, "geometry": { "type": "Polygon", "coordinates": [ [ [ 127.5375, 35.9375 ], [ 127.5375, 35.9875 ], [ 127.4875, 35.9875 ], [ 127.4875, 35.9375 ], [ 127.5375, 35.9375 ] ] ] } },
{ "type": "Feature", "properties": { "grad_nT_km": 14.0, "tier": "gentle", "score": 7.6 }, "geometry": { "type": "Polygon", "coordinates": [ [ [ 127.5875, 35.9375 ], [ 127.5875, 35.9875 ], [ 127.5375, 35.9875 ], [ 127.5375, 35.9375 ], [ 127.5875, 35.9375 ] ] ] } },
{ "type": "Feature", "properties": { "grad_nT_km": 9.0, "tier": "gentle", "score": 9.1 }, "geometry": { "type": "Polygon", "coordinates": [ [ [ 127.6375, 35.9375 ], [ 127.6375, 35.9875 ], [ 127.5875, 35.9875 ], [ 127.5875, 35.9375 ], [ 127.6375, 35.9375 ] ] ] } },
{ "type": "Feature", "properties": { "grad_nT_km": 12.5, "tier": "gentle", "score": 8.1 }, "geometry": { "type": "Polygon", "coordinates": [ [ [ 127.9875, 35.9375 ], [ 127.9875, 35.9875 ], [ 127.9375, 35.9875 ], [ 127.9375, 35.9375 ], [ 127.9875, 35.9375 ] ] ] } },
{ "type": "Feature", "properties": { "grad_nT_km": 14.0, "tier": "gentle", "score": 7.6 }, "geometry": { "type": "Polygon", "coordinates": [ [ [ 128.2875, 35.9375 ], [ 128.2875, 35.9875 ], [ 128.2375, 35.9875 ], [ 128.2375, 35.9375 ], [ 128.2875, 35.9375 ] ] ] } },
{ "type": "Feature", "properties": { "grad_nT_km": 8.8, "tier": "gentle", "score": 9.2 }, "geometry": { "type": "Polygon", "coordinates": [ [ [ 128.9375, 35.9375 ], [ 128.9375, 35.9875 ], [ 128.8875, 35.9875 ], [ 128.8875, 35.9375 ], [ 128.9375, 35.9375 ] ] ] } },
{ "type": "Feature", "properties": { "grad_nT_km": 13.9, "tier": "gentle", "score": 7.7 }, "geometry": { "type": "Polygon", "coordinates": [ [ [ 128.9875, 35.9375 ], [ 128.9875, 35.9875 ], [ 128.9375, 35.9875 ], [ 128.9375, 35.9375 ], [ 128.9875, 35.9375 ] ] ] } },
{ "type": "Feature", "properties": { "grad_nT_km": 8.1, "tier": "gentle", "score": 9.4 }, "geometry": { "type": "Polygon", "coordinates": [ [ [ 129.2375, 35.9375 ], [ 129.2375, 35.9875 ], [ 129.1875, 35.9875 ], [ 129.1875, 35.9375 ], [ 129.2375, 35.9375 ] ] ] } },
{ "type": "Feature", "properties": { "grad_nT_km": 14.4, "tier": "gentle", "score": 7.5 }, "geometry": { "type": "Polygon", "coordinates": [ [ [ 129.2875, 35.9375 ], [ 129.2875, 35.9875 ], [ 129.2375, 35.9875 ], [ 129.2375, 35.9375 ], [ 129.2875, 35.9375 ] ] ] } },
{ "type": "Feature", "properties": { "grad_nT_km": 13.3, "tier": "gentle", "score": 7.8 }, "geometry": { "type": "Polygon", "coordinates": [ [ [ 129.3375, 35.9375 ], [ 129.3375, 35.9875 ], [ 129.2875, 35.9875 ], [ 129.2875, 35.9375 ], [ 129.3375, 35.9375 ] ] ] } },
{ "type": "Feature", "properties": { "grad_nT_km": 13.2, "tier": "gentle", "score": 7.9 }, "geometry": { "type": "Polygon", "coordinates": [ [ [ 126.1375, 35.9875 ], [ 126.1375, 36.0375 ], [ 126.0875, 36.0375 ], [ 126.0875, 35.9875 ], [ 126.1375, 35.9875 ] ] ] } },
{ "type": "Feature", "properties": { "grad_nT_km": 14.9, "tier": "gentle", "score": 7.4 }, "geometry": { "type": "Polygon", "coordinates": [ [ [ 126.5875, 35.9875 ], [ 126.5875, 36.0375 ], [ 126.5375, 36.0375 ], [ 126.5375, 35.9875 ], [ 126.5875, 35.9875 ] ] ] } },
{ "type": "Feature", "properties": { "grad_nT_km": 9.6, "tier": "gentle", "score": 9.0 }, "geometry": { "type": "Polygon", "coordinates": [ [ [ 126.7375, 35.9875 ], [ 126.7375, 36.0375 ], [ 126.6875, 36.0375 ], [ 126.6875, 35.9875 ], [ 126.7375, 35.9875 ] ] ] } },
{ "type": "Feature", "properties": { "grad_nT_km": 6.5, "tier": "gentle", "score": 9.8 }, "geometry": { "type": "Polygon", "coordinates": [ [ [ 126.7875, 35.9875 ], [ 126.7875, 36.0375 ], [ 126.7375, 36.0375 ], [ 126.7375, 35.9875 ], [ 126.7875, 35.9875 ] ] ] } },
{ "type": "Feature", "properties": { "grad_nT_km": 7.0, "tier": "gentle", "score": 9.7 }, "geometry": { "type": "Polygon", "coordinates": [ [ [ 126.8375, 35.9875 ], [ 126.8375, 36.0375 ], [ 126.7875, 36.0375 ], [ 126.7875, 35.9875 ], [ 126.8375, 35.9875 ] ] ] } },
{ "type": "Feature", "properties": { "grad_nT_km": 8.6, "tier": "gentle", "score": 9.3 }, "geometry": { "type": "Polygon", "coordinates": [ [ [ 126.8875, 35.9875 ], [ 126.8875, 36.0375 ], [ 126.8375, 36.0375 ], [ 126.8375, 35.9875 ], [ 126.8875, 35.9875 ] ] ] } },
{ "type": "Feature", "properties": { "grad_nT_km": 12.7, "tier": "gentle", "score": 8.0 }, "geometry": { "type": "Polygon", "coordinates": [ [ [ 127.1375, 35.9875 ], [ 127.1375, 36.0375 ], [ 127.0875, 36.0375 ], [ 127.0875, 35.9875 ], [ 127.1375, 35.9875 ] ] ] } },
{ "type": "Feature", "properties": { "grad_nT_km": 7.2, "tier": "gentle", "score": 9.7 }, "geometry": { "type": "Polygon", "coordinates": [ [ [ 127.1875, 35.9875 ], [ 127.1875, 36.0375 ], [ 127.1375, 36.0375 ], [ 127.1375, 35.9875 ], [ 127.1875, 35.9875 ] ] ] } },
{ "type": "Feature", "properties": { "grad_nT_km": 13.5, "tier": "gentle", "score": 7.8 }, "geometry": { "type": "Polygon", "coordinates": [ [ [ 127.2375, 35.9875 ], [ 127.2375, 36.0375 ], [ 127.1875, 36.0375 ], [ 127.1875, 35.9875 ], [ 127.2375, 35.9875 ] ] ] } },
{ "type": "Feature", "properties": { "grad_nT_km": 9.7, "tier": "gentle", "score": 8.9 }, "geometry": { "type": "Polygon", "coordinates": [ [ [ 127.3375, 35.9875 ], [ 127.3375, 36.0375 ], [ 127.2875, 36.0375 ], [ 127.2875, 35.9875 ], [ 127.3375, 35.9875 ] ] ] } },
{ "type": "Feature", "properties": { "grad_nT_km": 8.5, "tier": "gentle", "score": 9.3 }, "geometry": { "type": "Polygon", "coordinates": [ [ [ 127.3875, 35.9875 ], [ 127.3875, 36.0375 ], [ 127.3375, 36.0375 ], [ 127.3375, 35.9875 ], [ 127.3875, 35.9875 ] ] ] } },
{ "type": "Feature", "properties": { "grad_nT_km": 7.5, "tier": "gentle", "score": 9.6 }, "geometry": { "type": "Polygon", "coordinates": [ [ [ 127.4875, 35.9875 ], [ 127.4875, 36.0375 ], [ 127.4375, 36.0375 ], [ 127.4375, 35.9875 ], [ 127.4875, 35.9875 ] ] ] } },
{ "type": "Feature", "properties": { "grad_nT_km": 6.9, "tier": "gentle", "score": 9.7 }, "geometry": { "type": "Polygon", "coordinates": [ [ [ 127.5375, 35.9875 ], [ 127.5375, 36.0375 ], [ 127.4875, 36.0375 ], [ 127.4875, 35.9875 ], [ 127.5375, 35.9875 ] ] ] } },
{ "type": "Feature", "properties": { "grad_nT_km": 11.6, "tier": "gentle", "score": 8.4 }, "geometry": { "type": "Polygon", "coordinates": [ [ [ 127.6375, 35.9875 ], [ 127.6375, 36.0375 ], [ 127.5875, 36.0375 ], [ 127.5875, 35.9875 ], [ 127.6375, 35.9875 ] ] ] } },
{ "type": "Feature", "properties": { "grad_nT_km": 14.9, "tier": "gentle", "score": 7.4 }, "geometry": { "type": "Polygon", "coordinates": [ [ [ 127.8875, 35.9875 ], [ 127.8875, 36.0375 ], [ 127.8375, 36.0375 ], [ 127.8375, 35.9875 ], [ 127.8875, 35.9875 ] ] ] } },
{ "type": "Feature", "properties": { "grad_nT_km": 9.6, "tier": "gentle", "score": 9.0 }, "geometry": { "type": "Polygon", "coordinates": [ [ [ 127.9375, 35.9875 ], [ 127.9375, 36.0375 ], [ 127.8875, 36.0375 ], [ 127.8875, 35.9875 ], [ 127.9375, 35.9875 ] ] ] } },
{ "type": "Feature", "properties": { "grad_nT_km": 8.4, "tier": "gentle", "score": 9.3 }, "geometry": { "type": "Polygon", "coordinates": [ [ [ 127.9875, 35.9875 ], [ 127.9875, 36.0375 ], [ 127.9375, 36.0375 ], [ 127.9375, 35.9875 ], [ 127.9875, 35.9875 ] ] ] } },
{ "type": "Feature", "properties": { "grad_nT_km": 8.6, "tier": "gentle", "score": 9.3 }, "geometry": { "type": "Polygon", "coordinates": [ [ [ 128.0875, 35.9875 ], [ 128.0875, 36.0375 ], [ 128.0375, 36.0375 ], [ 128.0375, 35.9875 ], [ 128.0875, 35.9875 ] ] ] } },
{ "type": "Feature", "properties": { "grad_nT_km": 11.4, "tier": "gentle", "score": 8.4 }, "geometry": { "type": "Polygon", "coordinates": [ [ [ 128.1375, 35.9875 ], [ 128.1375, 36.0375 ], [ 128.0875, 36.0375 ], [ 128.0875, 35.9875 ], [ 128.1375, 35.9875 ] ] ] } },
{ "type": "Feature", "properties": { "grad_nT_km": 10.6, "tier": "gentle", "score": 8.7 }, "geometry": { "type": "Polygon", "coordinates": [ [ [ 129.2875, 35.9875 ], [ 129.2875, 36.0375 ], [ 129.2375, 36.0375 ], [ 129.2375, 35.9875 ], [ 129.2875, 35.9875 ] ] ] } },
{ "type": "Feature", "properties": { "grad_nT_km": 10.0, "tier": "gentle", "score": 8.8 }, "geometry": { "type": "Polygon", "coordinates": [ [ [ 126.0875, 36.0375 ], [ 126.0875, 36.0875 ], [ 126.0375, 36.0875 ], [ 126.0375, 36.0375 ], [ 126.0875, 36.0375 ] ] ] } },
{ "type": "Feature", "properties": { "grad_nT_km": 7.0, "tier": "gentle", "score": 9.7 }, "geometry": { "type": "Polygon", "coordinates": [ [ [ 126.1375, 36.0375 ], [ 126.1375, 36.0875 ], [ 126.0875, 36.0875 ], [ 126.0875, 36.0375 ], [ 126.1375, 36.0375 ] ] ] } },
{ "type": "Feature", "properties": { "grad_nT_km": 14.3, "tier": "gentle", "score": 7.5 }, "geometry": { "type": "Polygon", "coordinates": [ [ [ 126.4875, 36.0375 ], [ 126.4875, 36.0875 ], [ 126.4375, 36.0875 ], [ 126.4375, 36.0375 ], [ 126.4875, 36.0375 ] ] ] } },
{ "type": "Feature", "properties": { "grad_nT_km": 9.0, "tier": "gentle", "score": 9.1 }, "geometry": { "type": "Polygon", "coordinates": [ [ [ 126.6875, 36.0375 ], [ 126.6875, 36.0875 ], [ 126.6375, 36.0875 ], [ 126.6375, 36.0375 ], [ 126.6875, 36.0375 ] ] ] } },
{ "type": "Feature", "properties": { "grad_nT_km": 11.2, "tier": "gentle", "score": 8.5 }, "geometry": { "type": "Polygon", "coordinates": [ [ [ 126.7375, 36.0375 ], [ 126.7375, 36.0875 ], [ 126.6875, 36.0875 ], [ 126.6875, 36.0375 ], [ 126.7375, 36.0375 ] ] ] } },
{ "type": "Feature", "properties": { "grad_nT_km": 5.2, "tier": "gentle", "score": 10.0 }, "geometry": { "type": "Polygon", "coordinates": [ [ [ 126.7875, 36.0375 ], [ 126.7875, 36.0875 ], [ 126.7375, 36.0875 ], [ 126.7375, 36.0375 ], [ 126.7875, 36.0375 ] ] ] } },
{ "type": "Feature", "properties": { "grad_nT_km": 7.3, "tier": "gentle", "score": 9.7 }, "geometry": { "type": "Polygon", "coordinates": [ [ [ 127.0375, 36.0375 ], [ 127.0375, 36.0875 ], [ 126.9875, 36.0875 ], [ 126.9875, 36.0375 ], [ 127.0375, 36.0375 ] ] ] } },
{ "type": "Feature", "properties": { "grad_nT_km": 11.8, "tier": "gentle", "score": 8.3 }, "geometry": { "type": "Polygon", "coordinates": [ [ [ 127.1375, 36.0375 ], [ 127.1375, 36.0875 ], [ 127.0875, 36.0875 ], [ 127.0875, 36.0375 ], [ 127.1375, 36.0375 ] ] ] } },
{ "type": "Feature", "properties": { "grad_nT_km": 9.5, "tier": "gentle", "score": 9.0 }, "geometry": { "type": "Polygon", "coordinates": [ [ [ 127.1875, 36.0375 ], [ 127.1875, 36.0875 ], [ 127.1375, 36.0875 ], [ 127.1375, 36.0375 ], [ 127.1875, 36.0375 ] ] ] } },
{ "type": "Feature", "properties": { "grad_nT_km": 14.0, "tier": "gentle", "score": 7.6 }, "geometry": { "type": "Polygon", "coordinates": [ [ [ 127.2375, 36.0375 ], [ 127.2375, 36.0875 ], [ 127.1875, 36.0875 ], [ 127.1875, 36.0375 ], [ 127.2375, 36.0375 ] ] ] } },
{ "type": "Feature", "properties": { "grad_nT_km": 11.5, "tier": "gentle", "score": 8.4 }, "geometry": { "type": "Polygon", "coordinates": [ [ [ 127.2875, 36.0375 ], [ 127.2875, 36.0875 ], [ 127.2375, 36.0875 ], [ 127.2375, 36.0375 ], [ 127.2875, 36.0375 ] ] ] } },
{ "type": "Feature", "properties": { "grad_nT_km": 14.5, "tier": "gentle", "score": 7.5 }, "geometry": { "type": "Polygon", "coordinates": [ [ [ 127.3375, 36.0375 ], [ 127.3375, 36.0875 ], [ 127.2875, 36.0875 ], [ 127.2875, 36.0375 ], [ 127.3375, 36.0375 ] ] ] } },
{ "type": "Feature", "properties": { "grad_nT_km": 9.4, "tier": "gentle", "score": 9.0 }, "geometry": { "type": "Polygon", "coordinates": [ [ [ 127.3875, 36.0375 ], [ 127.3875, 36.0875 ], [ 127.3375, 36.0875 ], [ 127.3375, 36.0375 ], [ 127.3875, 36.0375 ] ] ] } },
{ "type": "Feature", "properties": { "grad_nT_km": 11.4, "tier": "gentle", "score": 8.4 }, "geometry": { "type": "Polygon", "coordinates": [ [ [ 127.4375, 36.0375 ], [ 127.4375, 36.0875 ], [ 127.3875, 36.0875 ], [ 127.3875, 36.0375 ], [ 127.4375, 36.0375 ] ] ] } },
{ "type": "Feature", "properties": { "grad_nT_km": 11.3, "tier": "gentle", "score": 8.4 }, "geometry": { "type": "Polygon", "coordinates": [ [ [ 127.5375, 36.0375 ], [ 127.5375, 36.0875 ], [ 127.4875, 36.0875 ], [ 127.4875, 36.0375 ], [ 127.5375, 36.0375 ] ] ] } },
{ "type": "Feature", "properties": { "grad_nT_km": 6.5, "tier": "gentle", "score": 9.8 }, "geometry": { "type": "Polygon", "coordinates": [ [ [ 127.6375, 36.0375 ], [ 127.6375, 36.0875 ], [ 127.5875, 36.0875 ], [ 127.5875, 36.0375 ], [ 127.6375, 36.0375 ] ] ] } },
{ "type": "Feature", "properties": { "grad_nT_km": 6.3, "tier": "gentle", "score": 9.9 }, "geometry": { "type": "Polygon", "coordinates": [ [ [ 127.8375, 36.0375 ], [ 127.8375, 36.0875 ], [ 127.7875, 36.0875 ], [ 127.7875, 36.0375 ], [ 127.8375, 36.0375 ] ] ] } },
{ "type": "Feature", "properties": { "grad_nT_km": 7.5, "tier": "gentle", "score": 9.6 }, "geometry": { "type": "Polygon", "coordinates": [ [ [ 127.9375, 36.0375 ], [ 127.9375, 36.0875 ], [ 127.8875, 36.0875 ], [ 127.8875, 36.0375 ], [ 127.9375, 36.0375 ] ] ] } },
{ "type": "Feature", "properties": { "grad_nT_km": 6.8, "tier": "gentle", "score": 9.8 }, "geometry": { "type": "Polygon", "coordinates": [ [ [ 127.9875, 36.0375 ], [ 127.9875, 36.0875 ], [ 127.9375, 36.0875 ], [ 127.9375, 36.0375 ], [ 127.9875, 36.0375 ] ] ] } },
{ "type": "Feature", "properties": { "grad_nT_km": 10.7, "tier": "gentle", "score": 8.6 }, "geometry": { "type": "Polygon", "coordinates": [ [ [ 128.0375, 36.0375 ], [ 128.0375, 36.0875 ], [ 127.9875, 36.0875 ], [ 127.9875, 36.0375 ], [ 128.0375, 36.0375 ] ] ] } },
{ "type": "Feature", "properties": { "grad_nT_km": 13.1, "tier": "gentle", "score": 7.9 }, "geometry": { "type": "Polygon", "coordinates": [ [ [ 129.3375, 36.0375 ], [ 129.3375, 36.0875 ], [ 129.2875, 36.0875 ], [ 129.2875, 36.0375 ], [ 129.3375, 36.0375 ] ] ] } },
{ "type": "Feature", "properties": { "grad_nT_km": 13.1, "tier": "gentle", "score": 7.9 }, "geometry": { "type": "Polygon", "coordinates": [ [ [ 126.0875, 36.0875 ], [ 126.0875, 36.1375 ], [ 126.0375, 36.1375 ], [ 126.0375, 36.0875 ], [ 126.0875, 36.0875 ] ] ] } },
{ "type": "Feature", "properties": { "grad_nT_km": 10.7, "tier": "gentle", "score": 8.6 }, "geometry": { "type": "Polygon", "coordinates": [ [ [ 126.1375, 36.0875 ], [ 126.1375, 36.1375 ], [ 126.0875, 36.1375 ], [ 126.0875, 36.0875 ], [ 126.1375, 36.0875 ] ] ] } },
{ "type": "Feature", "properties": { "grad_nT_km": 9.9, "tier": "gentle", "score": 8.9 }, "geometry": { "type": "Polygon", "coordinates": [ [ [ 126.3375, 36.0875 ], [ 126.3375, 36.1375 ], [ 126.2875, 36.1375 ], [ 126.2875, 36.0875 ], [ 126.3375, 36.0875 ] ] ] } },
{ "type": "Feature", "properties": { "grad_nT_km": 9.5, "tier": "gentle", "score": 9.0 }, "geometry": { "type": "Polygon", "coordinates": [ [ [ 126.4875, 36.0875 ], [ 126.4875, 36.1375 ], [ 126.4375, 36.1375 ], [ 126.4375, 36.0875 ], [ 126.4875, 36.0875 ] ] ] } },
{ "type": "Feature", "properties": { "grad_nT_km": 7.5, "tier": "gentle", "score": 9.6 }, "geometry": { "type": "Polygon", "coordinates": [ [ [ 126.6875, 36.0875 ], [ 126.6875, 36.1375 ], [ 126.6375, 36.1375 ], [ 126.6375, 36.0875 ], [ 126.6875, 36.0875 ] ] ] } },
{ "type": "Feature", "properties": { "grad_nT_km": 5.3, "tier": "gentle", "score": 10.0 }, "geometry": { "type": "Polygon", "coordinates": [ [ [ 126.7375, 36.0875 ], [ 126.7375, 36.1375 ], [ 126.6875, 36.1375 ], [ 126.6875, 36.0875 ], [ 126.7375, 36.0875 ] ] ] } },
{ "type": "Feature", "properties": { "grad_nT_km": 5.3, "tier": "gentle", "score": 10.0 }, "geometry": { "type": "Polygon", "coordinates": [ [ [ 126.9375, 36.0875 ], [ 126.9375, 36.1375 ], [ 126.8875, 36.1375 ], [ 126.8875, 36.0875 ], [ 126.9375, 36.0875 ] ] ] } },
{ "type": "Feature", "properties": { "grad_nT_km": 12.9, "tier": "gentle", "score": 8.0 }, "geometry": { "type": "Polygon", "coordinates": [ [ [ 127.0375, 36.0875 ], [ 127.0375, 36.1375 ], [ 126.9875, 36.1375 ], [ 126.9875, 36.0875 ], [ 127.0375, 36.0875 ] ] ] } },
{ "type": "Feature", "properties": { "grad_nT_km": 14.6, "tier": "gentle", "score": 7.5 }, "geometry": { "type": "Polygon", "coordinates": [ [ [ 127.2375, 36.0875 ], [ 127.2375, 36.1375 ], [ 127.1875, 36.1375 ], [ 127.1875, 36.0875 ], [ 127.2375, 36.0875 ] ] ] } },
{ "type": "Feature", "properties": { "grad_nT_km": 13.7, "tier": "gentle", "score": 7.7 }, "geometry": { "type": "Polygon", "coordinates": [ [ [ 127.2875, 36.0875 ], [ 127.2875, 36.1375 ], [ 127.2375, 36.1375 ], [ 127.2375, 36.0875 ], [ 127.2875, 36.0875 ] ] ] } },
{ "type": "Feature", "properties": { "grad_nT_km": 11.8, "tier": "gentle", "score": 8.3 }, "geometry": { "type": "Polygon", "coordinates": [ [ [ 127.3375, 36.0875 ], [ 127.3375, 36.1375 ], [ 127.2875, 36.1375 ], [ 127.2875, 36.0875 ], [ 127.3375, 36.0875 ] ] ] } },
{ "type": "Feature", "properties": { "grad_nT_km": 9.1, "tier": "gentle", "score": 9.1 }, "geometry": { "type": "Polygon", "coordinates": [ [ [ 127.3875, 36.0875 ], [ 127.3875, 36.1375 ], [ 127.3375, 36.1375 ], [ 127.3375, 36.0875 ], [ 127.3875, 36.0875 ] ] ] } },
{ "type": "Feature", "properties": { "grad_nT_km": 9.9, "tier": "gentle", "score": 8.9 }, "geometry": { "type": "Polygon", "coordinates": [ [ [ 127.4375, 36.0875 ], [ 127.4375, 36.1375 ], [ 127.3875, 36.1375 ], [ 127.3875, 36.0875 ], [ 127.4375, 36.0875 ] ] ] } },
{ "type": "Feature", "properties": { "grad_nT_km": 12.3, "tier": "gentle", "score": 8.1 }, "geometry": { "type": "Polygon", "coordinates": [ [ [ 127.6375, 36.0875 ], [ 127.6375, 36.1375 ], [ 127.5875, 36.1375 ], [ 127.5875, 36.0875 ], [ 127.6375, 36.0875 ] ] ] } },
{ "type": "Feature", "properties": { "grad_nT_km": 7.7, "tier": "gentle", "score": 9.5 }, "geometry": { "type": "Polygon", "coordinates": [ [ [ 127.6875, 36.0875 ], [ 127.6875, 36.1375 ], [ 127.6375, 36.1375 ], [ 127.6375, 36.0875 ], [ 127.6875, 36.0875 ] ] ] } },
{ "type": "Feature", "properties": { "grad_nT_km": 14.8, "tier": "gentle", "score": 7.4 }, "geometry": { "type": "Polygon", "coordinates": [ [ [ 127.7875, 36.0875 ], [ 127.7875, 36.1375 ], [ 127.7375, 36.1375 ], [ 127.7375, 36.0875 ], [ 127.7875, 36.0875 ] ] ] } },
{ "type": "Feature", "properties": { "grad_nT_km": 10.5, "tier": "gentle", "score": 8.7 }, "geometry": { "type": "Polygon", "coordinates": [ [ [ 127.8375, 36.0875 ], [ 127.8375, 36.1375 ], [ 127.7875, 36.1375 ], [ 127.7875, 36.0875 ], [ 127.8375, 36.0875 ] ] ] } },
{ "type": "Feature", "properties": { "grad_nT_km": 9.6, "tier": "gentle", "score": 9.0 }, "geometry": { "type": "Polygon", "coordinates": [ [ [ 127.8875, 36.0875 ], [ 127.8875, 36.1375 ], [ 127.8375, 36.1375 ], [ 127.8375, 36.0875 ], [ 127.8875, 36.0875 ] ] ] } },
{ "type": "Feature", "properties": { "grad_nT_km": 12.0, "tier": "gentle", "score": 8.2 }, "geometry": { "type": "Polygon", "coordinates": [ [ [ 128.0375, 36.0875 ], [ 128.0375, 36.1375 ], [ 127.9875, 36.1375 ], [ 127.9875, 36.0875 ], [ 128.0375, 36.0875 ] ] ] } },
{ "type": "Feature", "properties": { "grad_nT_km": 14.9, "tier": "gentle", "score": 7.4 }, "geometry": { "type": "Polygon", "coordinates": [ [ [ 128.0875, 36.0875 ], [ 128.0875, 36.1375 ], [ 128.0375, 36.1375 ], [ 128.0375, 36.0875 ], [ 128.0875, 36.0875 ] ] ] } },
{ "type": "Feature", "properties": { "grad_nT_km": 14.5, "tier": "gentle", "score": 7.5 }, "geometry": { "type": "Polygon", "coordinates": [ [ [ 128.3375, 36.0875 ], [ 128.3375, 36.1375 ], [ 128.2875, 36.1375 ], [ 128.2875, 36.0875 ], [ 128.3375, 36.0875 ] ] ] } },
{ "type": "Feature", "properties": { "grad_nT_km": 13.9, "tier": "gentle", "score": 7.7 }, "geometry": { "type": "Polygon", "coordinates": [ [ [ 128.6375, 36.0875 ], [ 128.6375, 36.1375 ], [ 128.5875, 36.1375 ], [ 128.5875, 36.0875 ], [ 128.6375, 36.0875 ] ] ] } },
{ "type": "Feature", "properties": { "grad_nT_km": 8.7, "tier": "gentle", "score": 9.2 }, "geometry": { "type": "Polygon", "coordinates": [ [ [ 128.6875, 36.0875 ], [ 128.6875, 36.1375 ], [ 128.6375, 36.1375 ], [ 128.6375, 36.0875 ], [ 128.6875, 36.0875 ] ] ] } },
{ "type": "Feature", "properties": { "grad_nT_km": 14.4, "tier": "gentle", "score": 7.5 }, "geometry": { "type": "Polygon", "coordinates": [ [ [ 128.7375, 36.0875 ], [ 128.7375, 36.1375 ], [ 128.6875, 36.1375 ], [ 128.6875, 36.0875 ], [ 128.7375, 36.0875 ] ] ] } },
{ "type": "Feature", "properties": { "grad_nT_km": 14.2, "tier": "gentle", "score": 7.6 }, "geometry": { "type": "Polygon", "coordinates": [ [ [ 126.1375, 36.1375 ], [ 126.1375, 36.1875 ], [ 126.0875, 36.1875 ], [ 126.0875, 36.1375 ], [ 126.1375, 36.1375 ] ] ] } },
{ "type": "Feature", "properties": { "grad_nT_km": 13.4, "tier": "gentle", "score": 7.8 }, "geometry": { "type": "Polygon", "coordinates": [ [ [ 126.1875, 36.1375 ], [ 126.1875, 36.1875 ], [ 126.1375, 36.1875 ], [ 126.1375, 36.1375 ], [ 126.1875, 36.1375 ] ] ] } },
{ "type": "Feature", "properties": { "grad_nT_km": 11.3, "tier": "gentle", "score": 8.4 }, "geometry": { "type": "Polygon", "coordinates": [ [ [ 126.5875, 36.1375 ], [ 126.5875, 36.1875 ], [ 126.5375, 36.1875 ], [ 126.5375, 36.1375 ], [ 126.5875, 36.1375 ] ] ] } },
{ "type": "Feature", "properties": { "grad_nT_km": 8.7, "tier": "gentle", "score": 9.2 }, "geometry": { "type": "Polygon", "coordinates": [ [ [ 126.6875, 36.1375 ], [ 126.6875, 36.1875 ], [ 126.6375, 36.1875 ], [ 126.6375, 36.1375 ], [ 126.6875, 36.1375 ] ] ] } },
{ "type": "Feature", "properties": { "grad_nT_km": 10.9, "tier": "gentle", "score": 8.6 }, "geometry": { "type": "Polygon", "coordinates": [ [ [ 126.7375, 36.1375 ], [ 126.7375, 36.1875 ], [ 126.6875, 36.1875 ], [ 126.6875, 36.1375 ], [ 126.7375, 36.1375 ] ] ] } },
{ "type": "Feature", "properties": { "grad_nT_km": 5.4, "tier": "gentle", "score": 10.0 }, "geometry": { "type": "Polygon", "coordinates": [ [ [ 126.7875, 36.1375 ], [ 126.7875, 36.1875 ], [ 126.7375, 36.1875 ], [ 126.7375, 36.1375 ], [ 126.7875, 36.1375 ] ] ] } },
{ "type": "Feature", "properties": { "grad_nT_km": 10.1, "tier": "gentle", "score": 8.8 }, "geometry": { "type": "Polygon", "coordinates": [ [ [ 126.9375, 36.1375 ], [ 126.9375, 36.1875 ], [ 126.8875, 36.1875 ], [ 126.8875, 36.1375 ], [ 126.9375, 36.1375 ] ] ] } },
{ "type": "Feature", "properties": { "grad_nT_km": 12.4, "tier": "gentle", "score": 8.1 }, "geometry": { "type": "Polygon", "coordinates": [ [ [ 126.9875, 36.1375 ], [ 126.9875, 36.1875 ], [ 126.9375, 36.1875 ], [ 126.9375, 36.1375 ], [ 126.9875, 36.1375 ] ] ] } },
{ "type": "Feature", "properties": { "grad_nT_km": 9.1, "tier": "gentle", "score": 9.1 }, "geometry": { "type": "Polygon", "coordinates": [ [ [ 127.0875, 36.1375 ], [ 127.0875, 36.1875 ], [ 127.0375, 36.1875 ], [ 127.0375, 36.1375 ], [ 127.0875, 36.1375 ] ] ] } },
{ "type": "Feature", "properties": { "grad_nT_km": 14.6, "tier": "gentle", "score": 7.4 }, "geometry": { "type": "Polygon", "coordinates": [ [ [ 127.3375, 36.1375 ], [ 127.3375, 36.1875 ], [ 127.2875, 36.1875 ], [ 127.2875, 36.1375 ], [ 127.3375, 36.1375 ] ] ] } },
{ "type": "Feature", "properties": { "grad_nT_km": 13.1, "tier": "gentle", "score": 7.9 }, "geometry": { "type": "Polygon", "coordinates": [ [ [ 127.3875, 36.1375 ], [ 127.3875, 36.1875 ], [ 127.3375, 36.1875 ], [ 127.3375, 36.1375 ], [ 127.3875, 36.1375 ] ] ] } },
{ "type": "Feature", "properties": { "grad_nT_km": 13.3, "tier": "gentle", "score": 7.8 }, "geometry": { "type": "Polygon", "coordinates": [ [ [ 127.4375, 36.1375 ], [ 127.4375, 36.1875 ], [ 127.3875, 36.1875 ], [ 127.3875, 36.1375 ], [ 127.4375, 36.1375 ] ] ] } },
{ "type": "Feature", "properties": { "grad_nT_km": 8.1, "tier": "gentle", "score": 9.4 }, "geometry": { "type": "Polygon", "coordinates": [ [ [ 127.4875, 36.1375 ], [ 127.4875, 36.1875 ], [ 127.4375, 36.1875 ], [ 127.4375, 36.1375 ], [ 127.4875, 36.1375 ] ] ] } },
{ "type": "Feature", "properties": { "grad_nT_km": 13.6, "tier": "gentle", "score": 7.7 }, "geometry": { "type": "Polygon", "coordinates": [ [ [ 127.5375, 36.1375 ], [ 127.5375, 36.1875 ], [ 127.4875, 36.1875 ], [ 127.4875, 36.1375 ], [ 127.5375, 36.1375 ] ] ] } },
{ "type": "Feature", "properties": { "grad_nT_km": 10.5, "tier": "gentle", "score": 8.7 }, "geometry": { "type": "Polygon", "coordinates": [ [ [ 127.5875, 36.1375 ], [ 127.5875, 36.1875 ], [ 127.5375, 36.1875 ], [ 127.5375, 36.1375 ], [ 127.5875, 36.1375 ] ] ] } },
{ "type": "Feature", "properties": { "grad_nT_km": 11.0, "tier": "gentle", "score": 8.5 }, "geometry": { "type": "Polygon", "coordinates": [ [ [ 127.6375, 36.1375 ], [ 127.6375, 36.1875 ], [ 127.5875, 36.1875 ], [ 127.5875, 36.1375 ], [ 127.6375, 36.1375 ] ] ] } },
{ "type": "Feature", "properties": { "grad_nT_km": 7.5, "tier": "gentle", "score": 9.6 }, "geometry": { "type": "Polygon", "coordinates": [ [ [ 127.8375, 36.1375 ], [ 127.8375, 36.1875 ], [ 127.7875, 36.1875 ], [ 127.7875, 36.1375 ], [ 127.8375, 36.1375 ] ] ] } },
{ "type": "Feature", "properties": { "grad_nT_km": 14.3, "tier": "gentle", "score": 7.6 }, "geometry": { "type": "Polygon", "coordinates": [ [ [ 128.3375, 36.1375 ], [ 128.3375, 36.1875 ], [ 128.2875, 36.1875 ], [ 128.2875, 36.1375 ], [ 128.3375, 36.1375 ] ] ] } },
{ "type": "Feature", "properties": { "grad_nT_km": 14.3, "tier": "gentle", "score": 7.6 }, "geometry": { "type": "Polygon", "coordinates": [ [ [ 128.3875, 36.1375 ], [ 128.3875, 36.1875 ], [ 128.3375, 36.1875 ], [ 128.3375, 36.1375 ], [ 128.3875, 36.1375 ] ] ] } },
{ "type": "Feature", "properties": { "grad_nT_km": 6.7, "tier": "gentle", "score": 9.8 }, "geometry": { "type": "Polygon", "coordinates": [ [ [ 128.5375, 36.1375 ], [ 128.5375, 36.1875 ], [ 128.4875, 36.1875 ], [ 128.4875, 36.1375 ], [ 128.5375, 36.1375 ] ] ] } },
{ "type": "Feature", "properties": { "grad_nT_km": 8.0, "tier": "gentle", "score": 9.4 }, "geometry": { "type": "Polygon", "coordinates": [ [ [ 128.6875, 36.1375 ], [ 128.6875, 36.1875 ], [ 128.6375, 36.1875 ], [ 128.6375, 36.1375 ], [ 128.6875, 36.1375 ] ] ] } },
{ "type": "Feature", "properties": { "grad_nT_km": 8.8, "tier": "gentle", "score": 9.2 }, "geometry": { "type": "Polygon", "coordinates": [ [ [ 128.7375, 36.1375 ], [ 128.7375, 36.1875 ], [ 128.6875, 36.1875 ], [ 128.6875, 36.1375 ], [ 128.7375, 36.1375 ] ] ] } },
{ "type": "Feature", "properties": { "grad_nT_km": 13.1, "tier": "gentle", "score": 7.9 }, "geometry": { "type": "Polygon", "coordinates": [ [ [ 126.1875, 36.1875 ], [ 126.1875, 36.2375 ], [ 126.1375, 36.2375 ], [ 126.1375, 36.1875 ], [ 126.1875, 36.1875 ] ] ] } },
{ "type": "Feature", "properties": { "grad_nT_km": 5.8, "tier": "gentle", "score": 9.9 }, "geometry": { "type": "Polygon", "coordinates": [ [ [ 126.3375, 36.1875 ], [ 126.3375, 36.2375 ], [ 126.2875, 36.2375 ], [ 126.2875, 36.1875 ], [ 126.3375, 36.1875 ] ] ] } },
{ "type": "Feature", "properties": { "grad_nT_km": 5.4, "tier": "gentle", "score": 10.0 }, "geometry": { "type": "Polygon", "coordinates": [ [ [ 126.4375, 36.1875 ], [ 126.4375, 36.2375 ], [ 126.3875, 36.2375 ], [ 126.3875, 36.1875 ], [ 126.4375, 36.1875 ] ] ] } },
{ "type": "Feature", "properties": { "grad_nT_km": 6.8, "tier": "gentle", "score": 9.8 }, "geometry": { "type": "Polygon", "coordinates": [ [ [ 126.4875, 36.1875 ], [ 126.4875, 36.2375 ], [ 126.4375, 36.2375 ], [ 126.4375, 36.1875 ], [ 126.4875, 36.1875 ] ] ] } },
{ "type": "Feature", "properties": { "grad_nT_km": 5.6, "tier": "gentle", "score": 10.0 }, "geometry": { "type": "Polygon", "coordinates": [ [ [ 126.5375, 36.1875 ], [ 126.5375, 36.2375 ], [ 126.4875, 36.2375 ], [ 126.4875, 36.1875 ], [ 126.5375, 36.1875 ] ] ] } },
{ "type": "Feature", "properties": { "grad_nT_km": 9.0, "tier": "gentle", "score": 9.2 }, "geometry": { "type": "Polygon", "coordinates": [ [ [ 126.5875, 36.1875 ], [ 126.5875, 36.2375 ], [ 126.5375, 36.2375 ], [ 126.5375, 36.1875 ], [ 126.5875, 36.1875 ] ] ] } },
{ "type": "Feature", "properties": { "grad_nT_km": 6.4, "tier": "gentle", "score": 9.8 }, "geometry": { "type": "Polygon", "coordinates": [ [ [ 126.6375, 36.1875 ], [ 126.6375, 36.2375 ], [ 126.5875, 36.2375 ], [ 126.5875, 36.1875 ], [ 126.6375, 36.1875 ] ] ] } },
{ "type": "Feature", "properties": { "grad_nT_km": 5.8, "tier": "gentle", "score": 9.9 }, "geometry": { "type": "Polygon", "coordinates": [ [ [ 126.6875, 36.1875 ], [ 126.6875, 36.2375 ], [ 126.6375, 36.2375 ], [ 126.6375, 36.1875 ], [ 126.6875, 36.1875 ] ] ] } },
{ "type": "Feature", "properties": { "grad_nT_km": 14.1, "tier": "gentle", "score": 7.6 }, "geometry": { "type": "Polygon", "coordinates": [ [ [ 126.7375, 36.1875 ], [ 126.7375, 36.2375 ], [ 126.6875, 36.2375 ], [ 126.6875, 36.1875 ], [ 126.7375, 36.1875 ] ] ] } },
{ "type": "Feature", "properties": { "grad_nT_km": 11.5, "tier": "gentle", "score": 8.4 }, "geometry": { "type": "Polygon", "coordinates": [ [ [ 126.7875, 36.1875 ], [ 126.7875, 36.2375 ], [ 126.7375, 36.2375 ], [ 126.7375, 36.1875 ], [ 126.7875, 36.1875 ] ] ] } },
{ "type": "Feature", "properties": { "grad_nT_km": 5.3, "tier": "gentle", "score": 10.0 }, "geometry": { "type": "Polygon", "coordinates": [ [ [ 126.8375, 36.1875 ], [ 126.8375, 36.2375 ], [ 126.7875, 36.2375 ], [ 126.7875, 36.1875 ], [ 126.8375, 36.1875 ] ] ] } },
{ "type": "Feature", "properties": { "grad_nT_km": 11.3, "tier": "gentle", "score": 8.4 }, "geometry": { "type": "Polygon", "coordinates": [ [ [ 127.3375, 36.1875 ], [ 127.3375, 36.2375 ], [ 127.2875, 36.2375 ], [ 127.2875, 36.1875 ], [ 127.3375, 36.1875 ] ] ] } },
{ "type": "Feature", "properties": { "grad_nT_km": 12.4, "tier": "gentle", "score": 8.1 }, "geometry": { "type": "Polygon", "coordinates": [ [ [ 127.3875, 36.1875 ], [ 127.3875, 36.2375 ], [ 127.3375, 36.2375 ], [ 127.3375, 36.1875 ], [ 127.3875, 36.1875 ] ] ] } },
{ "type": "Feature", "properties": { "grad_nT_km": 12.4, "tier": "gentle", "score": 8.1 }, "geometry": { "type": "Polygon", "coordinates": [ [ [ 127.5375, 36.1875 ], [ 127.5375, 36.2375 ], [ 127.4875, 36.2375 ], [ 127.4875, 36.1875 ], [ 127.5375, 36.1875 ] ] ] } },
{ "type": "Feature", "properties": { "grad_nT_km": 12.3, "tier": "gentle", "score": 8.1 }, "geometry": { "type": "Polygon", "coordinates": [ [ [ 127.7375, 36.1875 ], [ 127.7375, 36.2375 ], [ 127.6875, 36.2375 ], [ 127.6875, 36.1875 ], [ 127.7375, 36.1875 ] ] ] } },
{ "type": "Feature", "properties": { "grad_nT_km": 13.7, "tier": "gentle", "score": 7.7 }, "geometry": { "type": "Polygon", "coordinates": [ [ [ 127.8375, 36.1875 ], [ 127.8375, 36.2375 ], [ 127.7875, 36.2375 ], [ 127.7875, 36.1875 ], [ 127.8375, 36.1875 ] ] ] } },
{ "type": "Feature", "properties": { "grad_nT_km": 9.3, "tier": "gentle", "score": 9.1 }, "geometry": { "type": "Polygon", "coordinates": [ [ [ 127.8875, 36.1875 ], [ 127.8875, 36.2375 ], [ 127.8375, 36.2375 ], [ 127.8375, 36.1875 ], [ 127.8875, 36.1875 ] ] ] } },
{ "type": "Feature", "properties": { "grad_nT_km": 13.6, "tier": "gentle", "score": 7.7 }, "geometry": { "type": "Polygon", "coordinates": [ [ [ 127.9375, 36.1875 ], [ 127.9375, 36.2375 ], [ 127.8875, 36.2375 ], [ 127.8875, 36.1875 ], [ 127.9375, 36.1875 ] ] ] } },
{ "type": "Feature", "properties": { "grad_nT_km": 8.0, "tier": "gentle", "score": 9.4 }, "geometry": { "type": "Polygon", "coordinates": [ [ [ 128.0875, 36.1875 ], [ 128.0875, 36.2375 ], [ 128.0375, 36.2375 ], [ 128.0375, 36.1875 ], [ 128.0875, 36.1875 ] ] ] } },
{ "type": "Feature", "properties": { "grad_nT_km": 8.3, "tier": "gentle", "score": 9.4 }, "geometry": { "type": "Polygon", "coordinates": [ [ [ 128.1375, 36.1875 ], [ 128.1375, 36.2375 ], [ 128.0875, 36.2375 ], [ 128.0875, 36.1875 ], [ 128.1375, 36.1875 ] ] ] } },
{ "type": "Feature", "properties": { "grad_nT_km": 11.0, "tier": "gentle", "score": 8.5 }, "geometry": { "type": "Polygon", "coordinates": [ [ [ 128.1875, 36.1875 ], [ 128.1875, 36.2375 ], [ 128.1375, 36.2375 ], [ 128.1375, 36.1875 ], [ 128.1875, 36.1875 ] ] ] } },
{ "type": "Feature", "properties": { "grad_nT_km": 14.5, "tier": "gentle", "score": 7.5 }, "geometry": { "type": "Polygon", "coordinates": [ [ [ 128.3375, 36.1875 ], [ 128.3375, 36.2375 ], [ 128.2875, 36.2375 ], [ 128.2875, 36.1875 ], [ 128.3375, 36.1875 ] ] ] } },
{ "type": "Feature", "properties": { "grad_nT_km": 11.2, "tier": "gentle", "score": 8.5 }, "geometry": { "type": "Polygon", "coordinates": [ [ [ 128.6875, 36.1875 ], [ 128.6875, 36.2375 ], [ 128.6375, 36.2375 ], [ 128.6375, 36.1875 ], [ 128.6875, 36.1875 ] ] ] } },
{ "type": "Feature", "properties": { "grad_nT_km": 11.2, "tier": "gentle", "score": 8.5 }, "geometry": { "type": "Polygon", "coordinates": [ [ [ 128.7375, 36.1875 ], [ 128.7375, 36.2375 ], [ 128.6875, 36.2375 ], [ 128.6875, 36.1875 ], [ 128.7375, 36.1875 ] ] ] } },
{ "type": "Feature", "properties": { "grad_nT_km": 6.6, "tier": "gentle", "score": 9.8 }, "geometry": { "type": "Polygon", "coordinates": [ [ [ 126.3875, 36.2375 ], [ 126.3875, 36.2875 ], [ 126.3375, 36.2875 ], [ 126.3375, 36.2375 ], [ 126.3875, 36.2375 ] ] ] } },
{ "type": "Feature", "properties": { "grad_nT_km": 6.7, "tier": "gentle", "score": 9.8 }, "geometry": { "type": "Polygon", "coordinates": [ [ [ 126.4375, 36.2375 ], [ 126.4375, 36.2875 ], [ 126.3875, 36.2875 ], [ 126.3875, 36.2375 ], [ 126.4375, 36.2375 ] ] ] } },
{ "type": "Feature", "properties": { "grad_nT_km": 10.8, "tier": "gentle", "score": 8.6 }, "geometry": { "type": "Polygon", "coordinates": [ [ [ 126.4875, 36.2375 ], [ 126.4875, 36.2875 ], [ 126.4375, 36.2875 ], [ 126.4375, 36.2375 ], [ 126.4875, 36.2375 ] ] ] } },
{ "type": "Feature", "properties": { "grad_nT_km": 5.2, "tier": "gentle", "score": 10.0 }, "geometry": { "type": "Polygon", "coordinates": [ [ [ 126.5375, 36.2375 ], [ 126.5375, 36.2875 ], [ 126.4875, 36.2875 ], [ 126.4875, 36.2375 ], [ 126.5375, 36.2375 ] ] ] } },
{ "type": "Feature", "properties": { "grad_nT_km": 5.1, "tier": "gentle", "score": 10.0 }, "geometry": { "type": "Polygon", "coordinates": [ [ [ 126.5875, 36.2375 ], [ 126.5875, 36.2875 ], [ 126.5375, 36.2875 ], [ 126.5375, 36.2375 ], [ 126.5875, 36.2375 ] ] ] } },
{ "type": "Feature", "properties": { "grad_nT_km": 8.5, "tier": "gentle", "score": 9.3 }, "geometry": { "type": "Polygon", "coordinates": [ [ [ 126.6375, 36.2375 ], [ 126.6375, 36.2875 ], [ 126.5875, 36.2875 ], [ 126.5875, 36.2375 ], [ 126.6375, 36.2375 ] ] ] } },
{ "type": "Feature", "properties": { "grad_nT_km": 6.2, "tier": "gentle", "score": 9.9 }, "geometry": { "type": "Polygon", "coordinates": [ [ [ 126.6875, 36.2375 ], [ 126.6875, 36.2875 ], [ 126.6375, 36.2875 ], [ 126.6375, 36.2375 ], [ 126.6875, 36.2375 ] ] ] } },
{ "type": "Feature", "properties": { "grad_nT_km": 7.4, "tier": "gentle", "score": 9.6 }, "geometry": { "type": "Polygon", "coordinates": [ [ [ 126.7875, 36.2375 ], [ 126.7875, 36.2875 ], [ 126.7375, 36.2875 ], [ 126.7375, 36.2375 ], [ 126.7875, 36.2375 ] ] ] } },
{ "type": "Feature", "properties": { "grad_nT_km": 6.0, "tier": "gentle", "score": 9.9 }, "geometry": { "type": "Polygon", "coordinates": [ [ [ 126.9375, 36.2375 ], [ 126.9375, 36.2875 ], [ 126.8875, 36.2875 ], [ 126.8875, 36.2375 ], [ 126.9375, 36.2375 ] ] ] } },
{ "type": "Feature", "properties": { "grad_nT_km": 12.9, "tier": "gentle", "score": 8.0 }, "geometry": { "type": "Polygon", "coordinates": [ [ [ 127.2375, 36.2375 ], [ 127.2375, 36.2875 ], [ 127.1875, 36.2875 ], [ 127.1875, 36.2375 ], [ 127.2375, 36.2375 ] ] ] } },
{ "type": "Feature", "properties": { "grad_nT_km": 14.6, "tier": "gentle", "score": 7.5 }, "geometry": { "type": "Polygon", "coordinates": [ [ [ 127.2875, 36.2375 ], [ 127.2875, 36.2875 ], [ 127.2375, 36.2875 ], [ 127.2375, 36.2375 ], [ 127.2875, 36.2375 ] ] ] } },
{ "type": "Feature", "properties": { "grad_nT_km": 6.7, "tier": "gentle", "score": 9.8 }, "geometry": { "type": "Polygon", "coordinates": [ [ [ 127.3375, 36.2375 ], [ 127.3375, 36.2875 ], [ 127.2875, 36.2875 ], [ 127.2875, 36.2375 ], [ 127.3375, 36.2375 ] ] ] } },
{ "type": "Feature", "properties": { "grad_nT_km": 5.2, "tier": "gentle", "score": 10.0 }, "geometry": { "type": "Polygon", "coordinates": [ [ [ 127.3875, 36.2375 ], [ 127.3875, 36.2875 ], [ 127.3375, 36.2875 ], [ 127.3375, 36.2375 ], [ 127.3875, 36.2375 ] ] ] } },
{ "type": "Feature", "properties": { "grad_nT_km": 10.1, "tier": "gentle", "score": 8.8 }, "geometry": { "type": "Polygon", "coordinates": [ [ [ 127.4375, 36.2375 ], [ 127.4375, 36.2875 ], [ 127.3875, 36.2875 ], [ 127.3875, 36.2375 ], [ 127.4375, 36.2375 ] ] ] } },
{ "type": "Feature", "properties": { "grad_nT_km": 7.4, "tier": "gentle", "score": 9.6 }, "geometry": { "type": "Polygon", "coordinates": [ [ [ 127.4875, 36.2375 ], [ 127.4875, 36.2875 ], [ 127.4375, 36.2875 ], [ 127.4375, 36.2375 ], [ 127.4875, 36.2375 ] ] ] } },
{ "type": "Feature", "properties": { "grad_nT_km": 12.4, "tier": "gentle", "score": 8.1 }, "geometry": { "type": "Polygon", "coordinates": [ [ [ 127.5375, 36.2375 ], [ 127.5375, 36.2875 ], [ 127.4875, 36.2875 ], [ 127.4875, 36.2375 ], [ 127.5375, 36.2375 ] ] ] } },
{ "type": "Feature", "properties": { "grad_nT_km": 11.8, "tier": "gentle", "score": 8.3 }, "geometry": { "type": "Polygon", "coordinates": [ [ [ 127.7875, 36.2375 ], [ 127.7875, 36.2875 ], [ 127.7375, 36.2875 ], [ 127.7375, 36.2375 ], [ 127.7875, 36.2375 ] ] ] } },
{ "type": "Feature", "properties": { "grad_nT_km": 8.5, "tier": "gentle", "score": 9.3 }, "geometry": { "type": "Polygon", "coordinates": [ [ [ 127.8375, 36.2375 ], [ 127.8375, 36.2875 ], [ 127.7875, 36.2875 ], [ 127.7875, 36.2375 ], [ 127.8375, 36.2375 ] ] ] } },
{ "type": "Feature", "properties": { "grad_nT_km": 10.5, "tier": "gentle", "score": 8.7 }, "geometry": { "type": "Polygon", "coordinates": [ [ [ 127.8875, 36.2375 ], [ 127.8875, 36.2875 ], [ 127.8375, 36.2875 ], [ 127.8375, 36.2375 ], [ 127.8875, 36.2375 ] ] ] } },
{ "type": "Feature", "properties": { "grad_nT_km": 14.6, "tier": "gentle", "score": 7.5 }, "geometry": { "type": "Polygon", "coordinates": [ [ [ 127.9375, 36.2375 ], [ 127.9375, 36.2875 ], [ 127.8875, 36.2875 ], [ 127.8875, 36.2375 ], [ 127.9375, 36.2375 ] ] ] } },
{ "type": "Feature", "properties": { "grad_nT_km": 14.1, "tier": "gentle", "score": 7.6 }, "geometry": { "type": "Polygon", "coordinates": [ [ [ 128.0875, 36.2375 ], [ 128.0875, 36.2875 ], [ 128.0375, 36.2875 ], [ 128.0375, 36.2375 ], [ 128.0875, 36.2375 ] ] ] } },
{ "type": "Feature", "properties": { "grad_nT_km": 9.8, "tier": "gentle", "score": 8.9 }, "geometry": { "type": "Polygon", "coordinates": [ [ [ 128.1375, 36.2375 ], [ 128.1375, 36.2875 ], [ 128.0875, 36.2875 ], [ 128.0875, 36.2375 ], [ 128.1375, 36.2375 ] ] ] } },
{ "type": "Feature", "properties": { "grad_nT_km": 8.8, "tier": "gentle", "score": 9.2 }, "geometry": { "type": "Polygon", "coordinates": [ [ [ 128.1875, 36.2375 ], [ 128.1875, 36.2875 ], [ 128.1375, 36.2875 ], [ 128.1375, 36.2375 ], [ 128.1875, 36.2375 ] ] ] } },
{ "type": "Feature", "properties": { "grad_nT_km": 9.5, "tier": "gentle", "score": 9.0 }, "geometry": { "type": "Polygon", "coordinates": [ [ [ 128.2375, 36.2375 ], [ 128.2375, 36.2875 ], [ 128.1875, 36.2875 ], [ 128.1875, 36.2375 ], [ 128.2375, 36.2375 ] ] ] } },
{ "type": "Feature", "properties": { "grad_nT_km": 8.6, "tier": "gentle", "score": 9.3 }, "geometry": { "type": "Polygon", "coordinates": [ [ [ 128.2875, 36.2375 ], [ 128.2875, 36.2875 ], [ 128.2375, 36.2875 ], [ 128.2375, 36.2375 ], [ 128.2875, 36.2375 ] ] ] } },
{ "type": "Feature", "properties": { "grad_nT_km": 12.3, "tier": "gentle", "score": 8.1 }, "geometry": { "type": "Polygon", "coordinates": [ [ [ 128.6375, 36.2375 ], [ 128.6375, 36.2875 ], [ 128.5875, 36.2875 ], [ 128.5875, 36.2375 ], [ 128.6375, 36.2375 ] ] ] } },
{ "type": "Feature", "properties": { "grad_nT_km": 14.4, "tier": "gentle", "score": 7.5 }, "geometry": { "type": "Polygon", "coordinates": [ [ [ 128.6875, 36.2375 ], [ 128.6875, 36.2875 ], [ 128.6375, 36.2875 ], [ 128.6375, 36.2375 ], [ 128.6875, 36.2375 ] ] ] } },
{ "type": "Feature", "properties": { "grad_nT_km": 11.2, "tier": "gentle", "score": 8.5 }, "geometry": { "type": "Polygon", "coordinates": [ [ [ 128.7875, 36.2375 ], [ 128.7875, 36.2875 ], [ 128.7375, 36.2875 ], [ 128.7375, 36.2375 ], [ 128.7875, 36.2375 ] ] ] } },
{ "type": "Feature", "properties": { "grad_nT_km": 14.4, "tier": "gentle", "score": 7.5 }, "geometry": { "type": "Polygon", "coordinates": [ [ [ 129.2375, 36.2375 ], [ 129.2375, 36.2875 ], [ 129.1875, 36.2875 ], [ 129.1875, 36.2375 ], [ 129.2375, 36.2375 ] ] ] } },
{ "type": "Feature", "properties": { "grad_nT_km": 11.0, "tier": "gentle", "score": 8.5 }, "geometry": { "type": "Polygon", "coordinates": [ [ [ 129.3375, 36.2375 ], [ 129.3375, 36.2875 ], [ 129.2875, 36.2875 ], [ 129.2875, 36.2375 ], [ 129.3375, 36.2375 ] ] ] } },
{ "type": "Feature", "properties": { "grad_nT_km": 12.9, "tier": "gentle", "score": 7.9 }, "geometry": { "type": "Polygon", "coordinates": [ [ [ 126.3375, 36.2875 ], [ 126.3375, 36.3375 ], [ 126.2875, 36.3375 ], [ 126.2875, 36.2875 ], [ 126.3375, 36.2875 ] ] ] } },
{ "type": "Feature", "properties": { "grad_nT_km": 9.4, "tier": "gentle", "score": 9.0 }, "geometry": { "type": "Polygon", "coordinates": [ [ [ 126.3875, 36.2875 ], [ 126.3875, 36.3375 ], [ 126.3375, 36.3375 ], [ 126.3375, 36.2875 ], [ 126.3875, 36.2875 ] ] ] } },
{ "type": "Feature", "properties": { "grad_nT_km": 6.2, "tier": "gentle", "score": 9.9 }, "geometry": { "type": "Polygon", "coordinates": [ [ [ 126.5875, 36.2875 ], [ 126.5875, 36.3375 ], [ 126.5375, 36.3375 ], [ 126.5375, 36.2875 ], [ 126.5875, 36.2875 ] ] ] } },
{ "type": "Feature", "properties": { "grad_nT_km": 12.5, "tier": "gentle", "score": 8.1 }, "geometry": { "type": "Polygon", "coordinates": [ [ [ 126.6375, 36.2875 ], [ 126.6375, 36.3375 ], [ 126.5875, 36.3375 ], [ 126.5875, 36.2875 ], [ 126.6375, 36.2875 ] ] ] } },
{ "type": "Feature", "properties": { "grad_nT_km": 5.3, "tier": "gentle", "score": 10.0 }, "geometry": { "type": "Polygon", "coordinates": [ [ [ 126.6875, 36.2875 ], [ 126.6875, 36.3375 ], [ 126.6375, 36.3375 ], [ 126.6375, 36.2875 ], [ 126.6875, 36.2875 ] ] ] } },
{ "type": "Feature", "properties": { "grad_nT_km": 9.4, "tier": "gentle", "score": 9.0 }, "geometry": { "type": "Polygon", "coordinates": [ [ [ 126.8875, 36.2875 ], [ 126.8875, 36.3375 ], [ 126.8375, 36.3375 ], [ 126.8375, 36.2875 ], [ 126.8875, 36.2875 ] ] ] } },
{ "type": "Feature", "properties": { "grad_nT_km": 5.9, "tier": "gentle", "score": 9.9 }, "geometry": { "type": "Polygon", "coordinates": [ [ [ 126.9375, 36.2875 ], [ 126.9375, 36.3375 ], [ 126.8875, 36.3375 ], [ 126.8875, 36.2875 ], [ 126.9375, 36.2875 ] ] ] } },
{ "type": "Feature", "properties": { "grad_nT_km": 6.6, "tier": "gentle", "score": 9.8 }, "geometry": { "type": "Polygon", "coordinates": [ [ [ 126.9875, 36.2875 ], [ 126.9875, 36.3375 ], [ 126.9375, 36.3375 ], [ 126.9375, 36.2875 ], [ 126.9875, 36.2875 ] ] ] } },
{ "type": "Feature", "properties": { "grad_nT_km": 7.0, "tier": "gentle", "score": 9.7 }, "geometry": { "type": "Polygon", "coordinates": [ [ [ 127.0375, 36.2875 ], [ 127.0375, 36.3375 ], [ 126.9875, 36.3375 ], [ 126.9875, 36.2875 ], [ 127.0375, 36.2875 ] ] ] } },
{ "type": "Feature", "properties": { "grad_nT_km": 7.1, "tier": "gentle", "score": 9.7 }, "geometry": { "type": "Polygon", "coordinates": [ [ [ 127.0875, 36.2875 ], [ 127.0875, 36.3375 ], [ 127.0375, 36.3375 ], [ 127.0375, 36.2875 ], [ 127.0875, 36.2875 ] ] ] } },
{ "type": "Feature", "properties": { "grad_nT_km": 13.2, "tier": "gentle", "score": 7.9 }, "geometry": { "type": "Polygon", "coordinates": [ [ [ 127.1375, 36.2875 ], [ 127.1375, 36.3375 ], [ 127.0875, 36.3375 ], [ 127.0875, 36.2875 ], [ 127.1375, 36.2875 ] ] ] } },
{ "type": "Feature", "properties": { "grad_nT_km": 12.6, "tier": "gentle", "score": 8.0 }, "geometry": { "type": "Polygon", "coordinates": [ [ [ 127.2875, 36.2875 ], [ 127.2875, 36.3375 ], [ 127.2375, 36.3375 ], [ 127.2375, 36.2875 ], [ 127.2875, 36.2875 ] ] ] } },
{ "type": "Feature", "properties": { "grad_nT_km": 11.4, "tier": "gentle", "score": 8.4 }, "geometry": { "type": "Polygon", "coordinates": [ [ [ 127.3375, 36.2875 ], [ 127.3375, 36.3375 ], [ 127.2875, 36.3375 ], [ 127.2875, 36.2875 ], [ 127.3375, 36.2875 ] ] ] } },
{ "type": "Feature", "properties": { "grad_nT_km": 8.9, "tier": "gentle", "score": 9.2 }, "geometry": { "type": "Polygon", "coordinates": [ [ [ 127.3875, 36.2875 ], [ 127.3875, 36.3375 ], [ 127.3375, 36.3375 ], [ 127.3375, 36.2875 ], [ 127.3875, 36.2875 ] ] ] } },
{ "type": "Feature", "properties": { "grad_nT_km": 13.6, "tier": "gentle", "score": 7.7 }, "geometry": { "type": "Polygon", "coordinates": [ [ [ 127.4375, 36.2875 ], [ 127.4375, 36.3375 ], [ 127.3875, 36.3375 ], [ 127.3875, 36.2875 ], [ 127.4375, 36.2875 ] ] ] } },
{ "type": "Feature", "properties": { "grad_nT_km": 13.8, "tier": "gentle", "score": 7.7 }, "geometry": { "type": "Polygon", "coordinates": [ [ [ 127.4875, 36.2875 ], [ 127.4875, 36.3375 ], [ 127.4375, 36.3375 ], [ 127.4375, 36.2875 ], [ 127.4875, 36.2875 ] ] ] } },
{ "type": "Feature", "properties": { "grad_nT_km": 11.3, "tier": "gentle", "score": 8.4 }, "geometry": { "type": "Polygon", "coordinates": [ [ [ 127.5875, 36.2875 ], [ 127.5875, 36.3375 ], [ 127.5375, 36.3375 ], [ 127.5375, 36.2875 ], [ 127.5875, 36.2875 ] ] ] } },
{ "type": "Feature", "properties": { "grad_nT_km": 13.4, "tier": "gentle", "score": 7.8 }, "geometry": { "type": "Polygon", "coordinates": [ [ [ 127.9875, 36.2875 ], [ 127.9875, 36.3375 ], [ 127.9375, 36.3375 ], [ 127.9375, 36.2875 ], [ 127.9875, 36.2875 ] ] ] } },
{ "type": "Feature", "properties": { "grad_nT_km": 12.3, "tier": "gentle", "score": 8.1 }, "geometry": { "type": "Polygon", "coordinates": [ [ [ 128.0375, 36.2875 ], [ 128.0375, 36.3375 ], [ 127.9875, 36.3375 ], [ 127.9875, 36.2875 ], [ 128.0375, 36.2875 ] ] ] } },
{ "type": "Feature", "properties": { "grad_nT_km": 6.3, "tier": "gentle", "score": 9.9 }, "geometry": { "type": "Polygon", "coordinates": [ [ [ 128.0875, 36.2875 ], [ 128.0875, 36.3375 ], [ 128.0375, 36.3375 ], [ 128.0375, 36.2875 ], [ 128.0875, 36.2875 ] ] ] } },
{ "type": "Feature", "properties": { "grad_nT_km": 12.4, "tier": "gentle", "score": 8.1 }, "geometry": { "type": "Polygon", "coordinates": [ [ [ 128.1375, 36.2875 ], [ 128.1375, 36.3375 ], [ 128.0875, 36.3375 ], [ 128.0875, 36.2875 ], [ 128.1375, 36.2875 ] ] ] } },
{ "type": "Feature", "properties": { "grad_nT_km": 6.4, "tier": "gentle", "score": 9.8 }, "geometry": { "type": "Polygon", "coordinates": [ [ [ 128.1875, 36.2875 ], [ 128.1875, 36.3375 ], [ 128.1375, 36.3375 ], [ 128.1375, 36.2875 ], [ 128.1875, 36.2875 ] ] ] } },
{ "type": "Feature", "properties": { "grad_nT_km": 14.3, "tier": "gentle", "score": 7.6 }, "geometry": { "type": "Polygon", "coordinates": [ [ [ 128.2375, 36.2875 ], [ 128.2375, 36.3375 ], [ 128.1875, 36.3375 ], [ 128.1875, 36.2875 ], [ 128.2375, 36.2875 ] ] ] } },
{ "type": "Feature", "properties": { "grad_nT_km": 12.2, "tier": "gentle", "score": 8.2 }, "geometry": { "type": "Polygon", "coordinates": [ [ [ 128.3375, 36.2875 ], [ 128.3375, 36.3375 ], [ 128.2875, 36.3375 ], [ 128.2875, 36.2875 ], [ 128.3375, 36.2875 ] ] ] } },
{ "type": "Feature", "properties": { "grad_nT_km": 13.1, "tier": "gentle", "score": 7.9 }, "geometry": { "type": "Polygon", "coordinates": [ [ [ 128.3875, 36.2875 ], [ 128.3875, 36.3375 ], [ 128.3375, 36.3375 ], [ 128.3375, 36.2875 ], [ 128.3875, 36.2875 ] ] ] } },
{ "type": "Feature", "properties": { "grad_nT_km": 14.9, "tier": "gentle", "score": 7.4 }, "geometry": { "type": "Polygon", "coordinates": [ [ [ 128.4375, 36.2875 ], [ 128.4375, 36.3375 ], [ 128.3875, 36.3375 ], [ 128.3875, 36.2875 ], [ 128.4375, 36.2875 ] ] ] } },
{ "type": "Feature", "properties": { "grad_nT_km": 5.4, "tier": "gentle", "score": 10.0 }, "geometry": { "type": "Polygon", "coordinates": [ [ [ 128.4875, 36.2875 ], [ 128.4875, 36.3375 ], [ 128.4375, 36.3375 ], [ 128.4375, 36.2875 ], [ 128.4875, 36.2875 ] ] ] } },
{ "type": "Feature", "properties": { "grad_nT_km": 8.5, "tier": "gentle", "score": 9.3 }, "geometry": { "type": "Polygon", "coordinates": [ [ [ 128.6375, 36.2875 ], [ 128.6375, 36.3375 ], [ 128.5875, 36.3375 ], [ 128.5875, 36.2875 ], [ 128.6375, 36.2875 ] ] ] } },
{ "type": "Feature", "properties": { "grad_nT_km": 10.0, "tier": "gentle", "score": 8.8 }, "geometry": { "type": "Polygon", "coordinates": [ [ [ 128.7375, 36.2875 ], [ 128.7375, 36.3375 ], [ 128.6875, 36.3375 ], [ 128.6875, 36.2875 ], [ 128.7375, 36.2875 ] ] ] } },
{ "type": "Feature", "properties": { "grad_nT_km": 9.3, "tier": "gentle", "score": 9.1 }, "geometry": { "type": "Polygon", "coordinates": [ [ [ 128.8375, 36.2875 ], [ 128.8375, 36.3375 ], [ 128.7875, 36.3375 ], [ 128.7875, 36.2875 ], [ 128.8375, 36.2875 ] ] ] } },
{ "type": "Feature", "properties": { "grad_nT_km": 10.8, "tier": "gentle", "score": 8.6 }, "geometry": { "type": "Polygon", "coordinates": [ [ [ 128.8875, 36.2875 ], [ 128.8875, 36.3375 ], [ 128.8375, 36.3375 ], [ 128.8375, 36.2875 ], [ 128.8875, 36.2875 ] ] ] } },
{ "type": "Feature", "properties": { "grad_nT_km": 9.4, "tier": "gentle", "score": 9.0 }, "geometry": { "type": "Polygon", "coordinates": [ [ [ 129.3375, 36.2875 ], [ 129.3375, 36.3375 ], [ 129.2875, 36.3375 ], [ 129.2875, 36.2875 ], [ 129.3375, 36.2875 ] ] ] } },
{ "type": "Feature", "properties": { "grad_nT_km": 7.1, "tier": "gentle", "score": 9.7 }, "geometry": { "type": "Polygon", "coordinates": [ [ [ 126.2875, 36.3375 ], [ 126.2875, 36.3875 ], [ 126.2375, 36.3875 ], [ 126.2375, 36.3375 ], [ 126.2875, 36.3375 ] ] ] } },
{ "type": "Feature", "properties": { "grad_nT_km": 8.3, "tier": "gentle", "score": 9.4 }, "geometry": { "type": "Polygon", "coordinates": [ [ [ 126.3875, 36.3375 ], [ 126.3875, 36.3875 ], [ 126.3375, 36.3875 ], [ 126.3375, 36.3375 ], [ 126.3875, 36.3375 ] ] ] } },
{ "type": "Feature", "properties": { "grad_nT_km": 9.8, "tier": "gentle", "score": 8.9 }, "geometry": { "type": "Polygon", "coordinates": [ [ [ 126.4875, 36.3375 ], [ 126.4875, 36.3875 ], [ 126.4375, 36.3875 ], [ 126.4375, 36.3375 ], [ 126.4875, 36.3375 ] ] ] } },
{ "type": "Feature", "properties": { "grad_nT_km": 12.9, "tier": "gentle", "score": 8.0 }, "geometry": { "type": "Polygon", "coordinates": [ [ [ 126.5375, 36.3375 ], [ 126.5375, 36.3875 ], [ 126.4875, 36.3875 ], [ 126.4875, 36.3375 ], [ 126.5375, 36.3375 ] ] ] } },
{ "type": "Feature", "properties": { "grad_nT_km": 13.1, "tier": "gentle", "score": 7.9 }, "geometry": { "type": "Polygon", "coordinates": [ [ [ 126.5875, 36.3375 ], [ 126.5875, 36.3875 ], [ 126.5375, 36.3875 ], [ 126.5375, 36.3375 ], [ 126.5875, 36.3375 ] ] ] } },
{ "type": "Feature", "properties": { "grad_nT_km": 8.4, "tier": "gentle", "score": 9.3 }, "geometry": { "type": "Polygon", "coordinates": [ [ [ 126.6375, 36.3375 ], [ 126.6375, 36.3875 ], [ 126.5875, 36.3875 ], [ 126.5875, 36.3375 ], [ 126.6375, 36.3375 ] ] ] } },
{ "type": "Feature", "properties": { "grad_nT_km": 6.1, "tier": "gentle", "score": 9.9 }, "geometry": { "type": "Polygon", "coordinates": [ [ [ 126.7375, 36.3375 ], [ 126.7375, 36.3875 ], [ 126.6875, 36.3875 ], [ 126.6875, 36.3375 ], [ 126.7375, 36.3375 ] ] ] } },
{ "type": "Feature", "properties": { "grad_nT_km": 10.2, "tier": "gentle", "score": 8.8 }, "geometry": { "type": "Polygon", "coordinates": [ [ [ 126.8875, 36.3375 ], [ 126.8875, 36.3875 ], [ 126.8375, 36.3875 ], [ 126.8375, 36.3375 ], [ 126.8875, 36.3375 ] ] ] } },
{ "type": "Feature", "properties": { "grad_nT_km": 10.3, "tier": "gentle", "score": 8.7 }, "geometry": { "type": "Polygon", "coordinates": [ [ [ 126.9375, 36.3375 ], [ 126.9375, 36.3875 ], [ 126.8875, 36.3875 ], [ 126.8875, 36.3375 ], [ 126.9375, 36.3375 ] ] ] } },
{ "type": "Feature", "properties": { "grad_nT_km": 13.1, "tier": "gentle", "score": 7.9 }, "geometry": { "type": "Polygon", "coordinates": [ [ [ 126.9875, 36.3375 ], [ 126.9875, 36.3875 ], [ 126.9375, 36.3875 ], [ 126.9375, 36.3375 ], [ 126.9875, 36.3375 ] ] ] } },
{ "type": "Feature", "properties": { "grad_nT_km": 12.9, "tier": "gentle", "score": 8.0 }, "geometry": { "type": "Polygon", "coordinates": [ [ [ 127.0375, 36.3375 ], [ 127.0375, 36.3875 ], [ 126.9875, 36.3875 ], [ 126.9875, 36.3375 ], [ 127.0375, 36.3375 ] ] ] } },
{ "type": "Feature", "properties": { "grad_nT_km": 5.9, "tier": "gentle", "score": 9.9 }, "geometry": { "type": "Polygon", "coordinates": [ [ [ 127.0875, 36.3375 ], [ 127.0875, 36.3875 ], [ 127.0375, 36.3875 ], [ 127.0375, 36.3375 ], [ 127.0875, 36.3375 ] ] ] } },
{ "type": "Feature", "properties": { "grad_nT_km": 5.5, "tier": "gentle", "score": 10.0 }, "geometry": { "type": "Polygon", "coordinates": [ [ [ 127.1375, 36.3375 ], [ 127.1375, 36.3875 ], [ 127.0875, 36.3875 ], [ 127.0875, 36.3375 ], [ 127.1375, 36.3375 ] ] ] } },
{ "type": "Feature", "properties": { "grad_nT_km": 13.3, "tier": "gentle", "score": 7.8 }, "geometry": { "type": "Polygon", "coordinates": [ [ [ 127.1875, 36.3375 ], [ 127.1875, 36.3875 ], [ 127.1375, 36.3875 ], [ 127.1375, 36.3375 ], [ 127.1875, 36.3375 ] ] ] } },
{ "type": "Feature", "properties": { "grad_nT_km": 7.5, "tier": "gentle", "score": 9.6 }, "geometry": { "type": "Polygon", "coordinates": [ [ [ 127.2875, 36.3375 ], [ 127.2875, 36.3875 ], [ 127.2375, 36.3875 ], [ 127.2375, 36.3375 ], [ 127.2875, 36.3375 ] ] ] } },
{ "type": "Feature", "properties": { "grad_nT_km": 11.0, "tier": "gentle", "score": 8.5 }, "geometry": { "type": "Polygon", "coordinates": [ [ [ 127.3875, 36.3375 ], [ 127.3875, 36.3875 ], [ 127.3375, 36.3875 ], [ 127.3375, 36.3375 ], [ 127.3875, 36.3375 ] ] ] } },
{ "type": "Feature", "properties": { "grad_nT_km": 8.7, "tier": "gentle", "score": 9.2 }, "geometry": { "type": "Polygon", "coordinates": [ [ [ 127.4375, 36.3375 ], [ 127.4375, 36.3875 ], [ 127.3875, 36.3875 ], [ 127.3875, 36.3375 ], [ 127.4375, 36.3375 ] ] ] } },
{ "type": "Feature", "properties": { "grad_nT_km": 11.0, "tier": "gentle", "score": 8.5 }, "geometry": { "type": "Polygon", "coordinates": [ [ [ 127.4875, 36.3375 ], [ 127.4875, 36.3875 ], [ 127.4375, 36.3875 ], [ 127.4375, 36.3375 ], [ 127.4875, 36.3375 ] ] ] } },
{ "type": "Feature", "properties": { "grad_nT_km": 14.7, "tier": "gentle", "score": 7.4 }, "geometry": { "type": "Polygon", "coordinates": [ [ [ 127.5375, 36.3375 ], [ 127.5375, 36.3875 ], [ 127.4875, 36.3875 ], [ 127.4875, 36.3375 ], [ 127.5375, 36.3375 ] ] ] } },
{ "type": "Feature", "properties": { "grad_nT_km": 13.8, "tier": "gentle", "score": 7.7 }, "geometry": { "type": "Polygon", "coordinates": [ [ [ 127.5875, 36.3375 ], [ 127.5875, 36.3875 ], [ 127.5375, 36.3875 ], [ 127.5375, 36.3375 ], [ 127.5875, 36.3375 ] ] ] } },
{ "type": "Feature", "properties": { "grad_nT_km": 9.0, "tier": "gentle", "score": 9.2 }, "geometry": { "type": "Polygon", "coordinates": [ [ [ 128.0375, 36.3375 ], [ 128.0375, 36.3875 ], [ 127.9875, 36.3875 ], [ 127.9875, 36.3375 ], [ 128.0375, 36.3375 ] ] ] } },
{ "type": "Feature", "properties": { "grad_nT_km": 13.0, "tier": "gentle", "score": 7.9 }, "geometry": { "type": "Polygon", "coordinates": [ [ [ 128.0875, 36.3375 ], [ 128.0875, 36.3875 ], [ 128.0375, 36.3875 ], [ 128.0375, 36.3375 ], [ 128.0875, 36.3375 ] ] ] } },
{ "type": "Feature", "properties": { "grad_nT_km": 9.6, "tier": "gentle", "score": 9.0 }, "geometry": { "type": "Polygon", "coordinates": [ [ [ 128.3375, 36.3375 ], [ 128.3375, 36.3875 ], [ 128.2875, 36.3875 ], [ 128.2875, 36.3375 ], [ 128.3375, 36.3375 ] ] ] } },
{ "type": "Feature", "properties": { "grad_nT_km": 7.2, "tier": "gentle", "score": 9.7 }, "geometry": { "type": "Polygon", "coordinates": [ [ [ 128.3875, 36.3375 ], [ 128.3875, 36.3875 ], [ 128.3375, 36.3875 ], [ 128.3375, 36.3375 ], [ 128.3875, 36.3375 ] ] ] } },
{ "type": "Feature", "properties": { "grad_nT_km": 10.1, "tier": "gentle", "score": 8.8 }, "geometry": { "type": "Polygon", "coordinates": [ [ [ 128.4375, 36.3375 ], [ 128.4375, 36.3875 ], [ 128.3875, 36.3875 ], [ 128.3875, 36.3375 ], [ 128.4375, 36.3375 ] ] ] } },
{ "type": "Feature", "properties": { "grad_nT_km": 6.2, "tier": "gentle", "score": 9.9 }, "geometry": { "type": "Polygon", "coordinates": [ [ [ 128.4875, 36.3375 ], [ 128.4875, 36.3875 ], [ 128.4375, 36.3875 ], [ 128.4375, 36.3375 ], [ 128.4875, 36.3375 ] ] ] } },
{ "type": "Feature", "properties": { "grad_nT_km": 9.4, "tier": "gentle", "score": 9.0 }, "geometry": { "type": "Polygon", "coordinates": [ [ [ 128.6875, 36.3375 ], [ 128.6875, 36.3875 ], [ 128.6375, 36.3875 ], [ 128.6375, 36.3375 ], [ 128.6875, 36.3375 ] ] ] } },
{ "type": "Feature", "properties": { "grad_nT_km": 15.0, "tier": "gentle", "score": 7.4 }, "geometry": { "type": "Polygon", "coordinates": [ [ [ 128.7875, 36.3375 ], [ 128.7875, 36.3875 ], [ 128.7375, 36.3875 ], [ 128.7375, 36.3375 ], [ 128.7875, 36.3375 ] ] ] } },
{ "type": "Feature", "properties": { "grad_nT_km": 12.0, "tier": "gentle", "score": 8.2 }, "geometry": { "type": "Polygon", "coordinates": [ [ [ 128.9375, 36.3375 ], [ 128.9375, 36.3875 ], [ 128.8875, 36.3875 ], [ 128.8875, 36.3375 ], [ 128.9375, 36.3375 ] ] ] } },
{ "type": "Feature", "properties": { "grad_nT_km": 9.5, "tier": "gentle", "score": 9.0 }, "geometry": { "type": "Polygon", "coordinates": [ [ [ 129.3375, 36.3375 ], [ 129.3375, 36.3875 ], [ 129.2875, 36.3875 ], [ 129.2875, 36.3375 ], [ 129.3375, 36.3375 ] ] ] } },
{ "type": "Feature", "properties": { "grad_nT_km": 6.2, "tier": "gentle", "score": 9.9 }, "geometry": { "type": "Polygon", "coordinates": [ [ [ 126.2375, 36.3875 ], [ 126.2375, 36.4375 ], [ 126.1875, 36.4375 ], [ 126.1875, 36.3875 ], [ 126.2375, 36.3875 ] ] ] } },
{ "type": "Feature", "properties": { "grad_nT_km": 13.5, "tier": "gentle", "score": 7.8 }, "geometry": { "type": "Polygon", "coordinates": [ [ [ 126.3375, 36.3875 ], [ 126.3375, 36.4375 ], [ 126.2875, 36.4375 ], [ 126.2875, 36.3875 ], [ 126.3375, 36.3875 ] ] ] } },
{ "type": "Feature", "properties": { "grad_nT_km": 11.8, "tier": "gentle", "score": 8.3 }, "geometry": { "type": "Polygon", "coordinates": [ [ [ 126.3875, 36.3875 ], [ 126.3875, 36.4375 ], [ 126.3375, 36.4375 ], [ 126.3375, 36.3875 ], [ 126.3875, 36.3875 ] ] ] } },
{ "type": "Feature", "properties": { "grad_nT_km": 7.0, "tier": "gentle", "score": 9.7 }, "geometry": { "type": "Polygon", "coordinates": [ [ [ 126.4375, 36.3875 ], [ 126.4375, 36.4375 ], [ 126.3875, 36.4375 ], [ 126.3875, 36.3875 ], [ 126.4375, 36.3875 ] ] ] } },
{ "type": "Feature", "properties": { "grad_nT_km": 7.5, "tier": "gentle", "score": 9.6 }, "geometry": { "type": "Polygon", "coordinates": [ [ [ 126.4875, 36.3875 ], [ 126.4875, 36.4375 ], [ 126.4375, 36.4375 ], [ 126.4375, 36.3875 ], [ 126.4875, 36.3875 ] ] ] } },
{ "type": "Feature", "properties": { "grad_nT_km": 6.8, "tier": "gentle", "score": 9.8 }, "geometry": { "type": "Polygon", "coordinates": [ [ [ 126.5375, 36.3875 ], [ 126.5375, 36.4375 ], [ 126.4875, 36.4375 ], [ 126.4875, 36.3875 ], [ 126.5375, 36.3875 ] ] ] } },
{ "type": "Feature", "properties": { "grad_nT_km": 5.6, "tier": "gentle", "score": 10.0 }, "geometry": { "type": "Polygon", "coordinates": [ [ [ 126.5875, 36.3875 ], [ 126.5875, 36.4375 ], [ 126.5375, 36.4375 ], [ 126.5375, 36.3875 ], [ 126.5875, 36.3875 ] ] ] } },
{ "type": "Feature", "properties": { "grad_nT_km": 5.7, "tier": "gentle", "score": 10.0 }, "geometry": { "type": "Polygon", "coordinates": [ [ [ 126.7375, 36.3875 ], [ 126.7375, 36.4375 ], [ 126.6875, 36.4375 ], [ 126.6875, 36.3875 ], [ 126.7375, 36.3875 ] ] ] } },
{ "type": "Feature", "properties": { "grad_nT_km": 6.8, "tier": "gentle", "score": 9.8 }, "geometry": { "type": "Polygon", "coordinates": [ [ [ 126.9875, 36.3875 ], [ 126.9875, 36.4375 ], [ 126.9375, 36.4375 ], [ 126.9375, 36.3875 ], [ 126.9875, 36.3875 ] ] ] } },
{ "type": "Feature", "properties": { "grad_nT_km": 12.2, "tier": "gentle", "score": 8.2 }, "geometry": { "type": "Polygon", "coordinates": [ [ [ 127.2375, 36.3875 ], [ 127.2375, 36.4375 ], [ 127.1875, 36.4375 ], [ 127.1875, 36.3875 ], [ 127.2375, 36.3875 ] ] ] } },
{ "type": "Feature", "properties": { "grad_nT_km": 11.0, "tier": "gentle", "score": 8.5 }, "geometry": { "type": "Polygon", "coordinates": [ [ [ 127.3375, 36.3875 ], [ 127.3375, 36.4375 ], [ 127.2875, 36.4375 ], [ 127.2875, 36.3875 ], [ 127.3375, 36.3875 ] ] ] } },
{ "type": "Feature", "properties": { "grad_nT_km": 7.1, "tier": "gentle", "score": 9.7 }, "geometry": { "type": "Polygon", "coordinates": [ [ [ 127.3875, 36.3875 ], [ 127.3875, 36.4375 ], [ 127.3375, 36.4375 ], [ 127.3375, 36.3875 ], [ 127.3875, 36.3875 ] ] ] } },
{ "type": "Feature", "properties": { "grad_nT_km": 7.0, "tier": "gentle", "score": 9.7 }, "geometry": { "type": "Polygon", "coordinates": [ [ [ 127.4375, 36.3875 ], [ 127.4375, 36.4375 ], [ 127.3875, 36.4375 ], [ 127.3875, 36.3875 ], [ 127.4375, 36.3875 ] ] ] } },
{ "type": "Feature", "properties": { "grad_nT_km": 11.0, "tier": "gentle", "score": 8.5 }, "geometry": { "type": "Polygon", "coordinates": [ [ [ 127.4875, 36.3875 ], [ 127.4875, 36.4375 ], [ 127.4375, 36.4375 ], [ 127.4375, 36.3875 ], [ 127.4875, 36.3875 ] ] ] } },
{ "type": "Feature", "properties": { "grad_nT_km": 11.3, "tier": "gentle", "score": 8.4 }, "geometry": { "type": "Polygon", "coordinates": [ [ [ 127.5375, 36.3875 ], [ 127.5375, 36.4375 ], [ 127.4875, 36.4375 ], [ 127.4875, 36.3875 ], [ 127.5375, 36.3875 ] ] ] } },
{ "type": "Feature", "properties": { "grad_nT_km": 10.4, "tier": "gentle", "score": 8.7 }, "geometry": { "type": "Polygon", "coordinates": [ [ [ 127.5875, 36.3875 ], [ 127.5875, 36.4375 ], [ 127.5375, 36.4375 ], [ 127.5375, 36.3875 ], [ 127.5875, 36.3875 ] ] ] } },
{ "type": "Feature", "properties": { "grad_nT_km": 10.6, "tier": "gentle", "score": 8.6 }, "geometry": { "type": "Polygon", "coordinates": [ [ [ 127.8875, 36.3875 ], [ 127.8875, 36.4375 ], [ 127.8375, 36.4375 ], [ 127.8375, 36.3875 ], [ 127.8875, 36.3875 ] ] ] } },
{ "type": "Feature", "properties": { "grad_nT_km": 7.1, "tier": "gentle", "score": 9.7 }, "geometry": { "type": "Polygon", "coordinates": [ [ [ 127.9375, 36.3875 ], [ 127.9375, 36.4375 ], [ 127.8875, 36.4375 ], [ 127.8875, 36.3875 ], [ 127.9375, 36.3875 ] ] ] } },
{ "type": "Feature", "properties": { "grad_nT_km": 9.3, "tier": "gentle", "score": 9.1 }, "geometry": { "type": "Polygon", "coordinates": [ [ [ 127.9875, 36.3875 ], [ 127.9875, 36.4375 ], [ 127.9375, 36.4375 ], [ 127.9375, 36.3875 ], [ 127.9875, 36.3875 ] ] ] } },
{ "type": "Feature", "properties": { "grad_nT_km": 9.5, "tier": "gentle", "score": 9.0 }, "geometry": { "type": "Polygon", "coordinates": [ [ [ 128.0375, 36.3875 ], [ 128.0375, 36.4375 ], [ 127.9875, 36.4375 ], [ 127.9875, 36.3875 ], [ 128.0375, 36.3875 ] ] ] } },
{ "type": "Feature", "properties": { "grad_nT_km": 7.4, "tier": "gentle", "score": 9.6 }, "geometry": { "type": "Polygon", "coordinates": [ [ [ 128.3875, 36.3875 ], [ 128.3875, 36.4375 ], [ 128.3375, 36.4375 ], [ 128.3375, 36.3875 ], [ 128.3875, 36.3875 ] ] ] } },
{ "type": "Feature", "properties": { "grad_nT_km": 5.6, "tier": "gentle", "score": 10.0 }, "geometry": { "type": "Polygon", "coordinates": [ [ [ 128.4375, 36.3875 ], [ 128.4375, 36.4375 ], [ 128.3875, 36.4375 ], [ 128.3875, 36.3875 ], [ 128.4375, 36.3875 ] ] ] } },
{ "type": "Feature", "properties": { "grad_nT_km": 9.0, "tier": "gentle", "score": 9.2 }, "geometry": { "type": "Polygon", "coordinates": [ [ [ 128.4875, 36.3875 ], [ 128.4875, 36.4375 ], [ 128.4375, 36.4375 ], [ 128.4375, 36.3875 ], [ 128.4875, 36.3875 ] ] ] } },
{ "type": "Feature", "properties": { "grad_nT_km": 9.0, "tier": "gentle", "score": 9.1 }, "geometry": { "type": "Polygon", "coordinates": [ [ [ 128.5375, 36.3875 ], [ 128.5375, 36.4375 ], [ 128.4875, 36.4375 ], [ 128.4875, 36.3875 ], [ 128.5375, 36.3875 ] ] ] } },
{ "type": "Feature", "properties": { "grad_nT_km": 5.8, "tier": "gentle", "score": 9.9 }, "geometry": { "type": "Polygon", "coordinates": [ [ [ 128.5875, 36.3875 ], [ 128.5875, 36.4375 ], [ 128.5375, 36.4375 ], [ 128.5375, 36.3875 ], [ 128.5875, 36.3875 ] ] ] } },
{ "type": "Feature", "properties": { "grad_nT_km": 5.3, "tier": "gentle", "score": 10.0 }, "geometry": { "type": "Polygon", "coordinates": [ [ [ 128.7375, 36.3875 ], [ 128.7375, 36.4375 ], [ 128.6875, 36.4375 ], [ 128.6875, 36.3875 ], [ 128.7375, 36.3875 ] ] ] } },
{ "type": "Feature", "properties": { "grad_nT_km": 8.5, "tier": "gentle", "score": 9.3 }, "geometry": { "type": "Polygon", "coordinates": [ [ [ 128.7875, 36.3875 ], [ 128.7875, 36.4375 ], [ 128.7375, 36.4375 ], [ 128.7375, 36.3875 ], [ 128.7875, 36.3875 ] ] ] } },
{ "type": "Feature", "properties": { "grad_nT_km": 11.5, "tier": "gentle", "score": 8.4 }, "geometry": { "type": "Polygon", "coordinates": [ [ [ 129.2875, 36.3875 ], [ 129.2875, 36.4375 ], [ 129.2375, 36.4375 ], [ 129.2375, 36.3875 ], [ 129.2875, 36.3875 ] ] ] } },
{ "type": "Feature", "properties": { "grad_nT_km": 8.0, "tier": "gentle", "score": 9.4 }, "geometry": { "type": "Polygon", "coordinates": [ [ [ 126.2875, 36.4375 ], [ 126.2875, 36.4875 ], [ 126.2375, 36.4875 ], [ 126.2375, 36.4375 ], [ 126.2875, 36.4375 ] ] ] } },
{ "type": "Feature", "properties": { "grad_nT_km": 5.7, "tier": "gentle", "score": 10.0 }, "geometry": { "type": "Polygon", "coordinates": [ [ [ 126.3375, 36.4375 ], [ 126.3375, 36.4875 ], [ 126.2875, 36.4875 ], [ 126.2875, 36.4375 ], [ 126.3375, 36.4375 ] ] ] } },
{ "type": "Feature", "properties": { "grad_nT_km": 6.8, "tier": "gentle", "score": 9.8 }, "geometry": { "type": "Polygon", "coordinates": [ [ [ 126.3875, 36.4375 ], [ 126.3875, 36.4875 ], [ 126.3375, 36.4875 ], [ 126.3375, 36.4375 ], [ 126.3875, 36.4375 ] ] ] } },
{ "type": "Feature", "properties": { "grad_nT_km": 8.9, "tier": "gentle", "score": 9.2 }, "geometry": { "type": "Polygon", "coordinates": [ [ [ 126.4375, 36.4375 ], [ 126.4375, 36.4875 ], [ 126.3875, 36.4875 ], [ 126.3875, 36.4375 ], [ 126.4375, 36.4375 ] ] ] } },
{ "type": "Feature", "properties": { "grad_nT_km": 5.4, "tier": "gentle", "score": 10.0 }, "geometry": { "type": "Polygon", "coordinates": [ [ [ 126.4875, 36.4375 ], [ 126.4875, 36.4875 ], [ 126.4375, 36.4875 ], [ 126.4375, 36.4375 ], [ 126.4875, 36.4375 ] ] ] } },
{ "type": "Feature", "properties": { "grad_nT_km": 6.0, "tier": "gentle", "score": 9.9 }, "geometry": { "type": "Polygon", "coordinates": [ [ [ 126.5875, 36.4375 ], [ 126.5875, 36.4875 ], [ 126.5375, 36.4875 ], [ 126.5375, 36.4375 ], [ 126.5875, 36.4375 ] ] ] } },
{ "type": "Feature", "properties": { "grad_nT_km": 8.8, "tier": "gentle", "score": 9.2 }, "geometry": { "type": "Polygon", "coordinates": [ [ [ 126.6875, 36.4375 ], [ 126.6875, 36.4875 ], [ 126.6375, 36.4875 ], [ 126.6375, 36.4375 ], [ 126.6875, 36.4375 ] ] ] } },
{ "type": "Feature", "properties": { "grad_nT_km": 6.4, "tier": "gentle", "score": 9.9 }, "geometry": { "type": "Polygon", "coordinates": [ [ [ 126.7875, 36.4375 ], [ 126.7875, 36.4875 ], [ 126.7375, 36.4875 ], [ 126.7375, 36.4375 ], [ 126.7875, 36.4375 ] ] ] } },
{ "type": "Feature", "properties": { "grad_nT_km": 5.3, "tier": "gentle", "score": 10.0 }, "geometry": { "type": "Polygon", "coordinates": [ [ [ 127.0375, 36.4375 ], [ 127.0375, 36.4875 ], [ 126.9875, 36.4875 ], [ 126.9875, 36.4375 ], [ 127.0375, 36.4375 ] ] ] } },
{ "type": "Feature", "properties": { "grad_nT_km": 5.3, "tier": "gentle", "score": 10.0 }, "geometry": { "type": "Polygon", "coordinates": [ [ [ 127.0875, 36.4375 ], [ 127.0875, 36.4875 ], [ 127.0375, 36.4875 ], [ 127.0375, 36.4375 ], [ 127.0875, 36.4375 ] ] ] } },
{ "type": "Feature", "properties": { "grad_nT_km": 12.1, "tier": "gentle", "score": 8.2 }, "geometry": { "type": "Polygon", "coordinates": [ [ [ 127.2875, 36.4375 ], [ 127.2875, 36.4875 ], [ 127.2375, 36.4875 ], [ 127.2375, 36.4375 ], [ 127.2875, 36.4375 ] ] ] } },
{ "type": "Feature", "properties": { "grad_nT_km": 8.9, "tier": "gentle", "score": 9.2 }, "geometry": { "type": "Polygon", "coordinates": [ [ [ 127.3375, 36.4375 ], [ 127.3375, 36.4875 ], [ 127.2875, 36.4875 ], [ 127.2875, 36.4375 ], [ 127.3375, 36.4375 ] ] ] } },
{ "type": "Feature", "properties": { "grad_nT_km": 6.4, "tier": "gentle", "score": 9.8 }, "geometry": { "type": "Polygon", "coordinates": [ [ [ 127.3875, 36.4375 ], [ 127.3875, 36.4875 ], [ 127.3375, 36.4875 ], [ 127.3375, 36.4375 ], [ 127.3875, 36.4375 ] ] ] } },
{ "type": "Feature", "properties": { "grad_nT_km": 6.9, "tier": "gentle", "score": 9.7 }, "geometry": { "type": "Polygon", "coordinates": [ [ [ 127.4875, 36.4375 ], [ 127.4875, 36.4875 ], [ 127.4375, 36.4875 ], [ 127.4375, 36.4375 ], [ 127.4875, 36.4375 ] ] ] } },
{ "type": "Feature", "properties": { "grad_nT_km": 13.6, "tier": "gentle", "score": 7.8 }, "geometry": { "type": "Polygon", "coordinates": [ [ [ 127.6875, 36.4375 ], [ 127.6875, 36.4875 ], [ 127.6375, 36.4875 ], [ 127.6375, 36.4375 ], [ 127.6875, 36.4375 ] ] ] } },
{ "type": "Feature", "properties": { "grad_nT_km": 8.8, "tier": "gentle", "score": 9.2 }, "geometry": { "type": "Polygon", "coordinates": [ [ [ 127.7375, 36.4375 ], [ 127.7375, 36.4875 ], [ 127.6875, 36.4875 ], [ 127.6875, 36.4375 ], [ 127.7375, 36.4375 ] ] ] } },
{ "type": "Feature", "properties": { "grad_nT_km": 6.8, "tier": "gentle", "score": 9.8 }, "geometry": { "type": "Polygon", "coordinates": [ [ [ 127.7875, 36.4375 ], [ 127.7875, 36.4875 ], [ 127.7375, 36.4875 ], [ 127.7375, 36.4375 ], [ 127.7875, 36.4375 ] ] ] } },
{ "type": "Feature", "properties": { "grad_nT_km": 9.6, "tier": "gentle", "score": 9.0 }, "geometry": { "type": "Polygon", "coordinates": [ [ [ 127.8375, 36.4375 ], [ 127.8375, 36.4875 ], [ 127.7875, 36.4875 ], [ 127.7875, 36.4375 ], [ 127.8375, 36.4375 ] ] ] } },
{ "type": "Feature", "properties": { "grad_nT_km": 13.6, "tier": "gentle", "score": 7.7 }, "geometry": { "type": "Polygon", "coordinates": [ [ [ 127.8875, 36.4375 ], [ 127.8875, 36.4875 ], [ 127.8375, 36.4875 ], [ 127.8375, 36.4375 ], [ 127.8875, 36.4375 ] ] ] } },
{ "type": "Feature", "properties": { "grad_nT_km": 6.8, "tier": "gentle", "score": 9.8 }, "geometry": { "type": "Polygon", "coordinates": [ [ [ 127.9375, 36.4375 ], [ 127.9375, 36.4875 ], [ 127.8875, 36.4875 ], [ 127.8875, 36.4375 ], [ 127.9375, 36.4375 ] ] ] } },
{ "type": "Feature", "properties": { "grad_nT_km": 5.3, "tier": "gentle", "score": 10.0 }, "geometry": { "type": "Polygon", "coordinates": [ [ [ 128.0375, 36.4375 ], [ 128.0375, 36.4875 ], [ 127.9875, 36.4875 ], [ 127.9875, 36.4375 ], [ 128.0375, 36.4375 ] ] ] } },
{ "type": "Feature", "properties": { "grad_nT_km": 13.1, "tier": "gentle", "score": 7.9 }, "geometry": { "type": "Polygon", "coordinates": [ [ [ 128.2375, 36.4375 ], [ 128.2375, 36.4875 ], [ 128.1875, 36.4875 ], [ 128.1875, 36.4375 ], [ 128.2375, 36.4375 ] ] ] } },
{ "type": "Feature", "properties": { "grad_nT_km": 5.8, "tier": "gentle", "score": 9.9 }, "geometry": { "type": "Polygon", "coordinates": [ [ [ 128.4375, 36.4375 ], [ 128.4375, 36.4875 ], [ 128.3875, 36.4875 ], [ 128.3875, 36.4375 ], [ 128.4375, 36.4375 ] ] ] } },
{ "type": "Feature", "properties": { "grad_nT_km": 5.2, "tier": "gentle", "score": 10.0 }, "geometry": { "type": "Polygon", "coordinates": [ [ [ 128.5375, 36.4375 ], [ 128.5375, 36.4875 ], [ 128.4875, 36.4875 ], [ 128.4875, 36.4375 ], [ 128.5375, 36.4375 ] ] ] } },
{ "type": "Feature", "properties": { "grad_nT_km": 5.7, "tier": "gentle", "score": 10.0 }, "geometry": { "type": "Polygon", "coordinates": [ [ [ 128.5875, 36.4375 ], [ 128.5875, 36.4875 ], [ 128.5375, 36.4875 ], [ 128.5375, 36.4375 ], [ 128.5875, 36.4375 ] ] ] } },
{ "type": "Feature", "properties": { "grad_nT_km": 5.7, "tier": "gentle", "score": 10.0 }, "geometry": { "type": "Polygon", "coordinates": [ [ [ 128.6375, 36.4375 ], [ 128.6375, 36.4875 ], [ 128.5875, 36.4875 ], [ 128.5875, 36.4375 ], [ 128.6375, 36.4375 ] ] ] } },
{ "type": "Feature", "properties": { "grad_nT_km": 5.1, "tier": "gentle", "score": 10.0 }, "geometry": { "type": "Polygon", "coordinates": [ [ [ 128.6875, 36.4375 ], [ 128.6875, 36.4875 ], [ 128.6375, 36.4875 ], [ 128.6375, 36.4375 ], [ 128.6875, 36.4375 ] ] ] } },
{ "type": "Feature", "properties": { "grad_nT_km": 5.2, "tier": "gentle", "score": 10.0 }, "geometry": { "type": "Polygon", "coordinates": [ [ [ 128.7375, 36.4375 ], [ 128.7375, 36.4875 ], [ 128.6875, 36.4875 ], [ 128.6875, 36.4375 ], [ 128.7375, 36.4375 ] ] ] } },
{ "type": "Feature", "properties": { "grad_nT_km": 7.2, "tier": "gentle", "score": 9.7 }, "geometry": { "type": "Polygon", "coordinates": [ [ [ 128.7875, 36.4375 ], [ 128.7875, 36.4875 ], [ 128.7375, 36.4875 ], [ 128.7375, 36.4375 ], [ 128.7875, 36.4375 ] ] ] } },
{ "type": "Feature", "properties": { "grad_nT_km": 14.9, "tier": "gentle", "score": 7.4 }, "geometry": { "type": "Polygon", "coordinates": [ [ [ 126.0875, 36.4875 ], [ 126.0875, 36.5375 ], [ 126.0375, 36.5375 ], [ 126.0375, 36.4875 ], [ 126.0875, 36.4875 ] ] ] } },
{ "type": "Feature", "properties": { "grad_nT_km": 14.0, "tier": "gentle", "score": 7.6 }, "geometry": { "type": "Polygon", "coordinates": [ [ [ 126.2375, 36.4875 ], [ 126.2375, 36.5375 ], [ 126.1875, 36.5375 ], [ 126.1875, 36.4875 ], [ 126.2375, 36.4875 ] ] ] } },
{ "type": "Feature", "properties": { "grad_nT_km": 11.6, "tier": "gentle", "score": 8.4 }, "geometry": { "type": "Polygon", "coordinates": [ [ [ 126.2875, 36.4875 ], [ 126.2875, 36.5375 ], [ 126.2375, 36.5375 ], [ 126.2375, 36.4875 ], [ 126.2875, 36.4875 ] ] ] } },
{ "type": "Feature", "properties": { "grad_nT_km": 5.6, "tier": "gentle", "score": 10.0 }, "geometry": { "type": "Polygon", "coordinates": [ [ [ 126.3875, 36.4875 ], [ 126.3875, 36.5375 ], [ 126.3375, 36.5375 ], [ 126.3375, 36.4875 ], [ 126.3875, 36.4875 ] ] ] } },
{ "type": "Feature", "properties": { "grad_nT_km": 8.6, "tier": "gentle", "score": 9.3 }, "geometry": { "type": "Polygon", "coordinates": [ [ [ 126.5375, 36.4875 ], [ 126.5375, 36.5375 ], [ 126.4875, 36.5375 ], [ 126.4875, 36.4875 ], [ 126.5375, 36.4875 ] ] ] } },
{ "type": "Feature", "properties": { "grad_nT_km": 13.7, "tier": "gentle", "score": 7.7 }, "geometry": { "type": "Polygon", "coordinates": [ [ [ 126.5875, 36.4875 ], [ 126.5875, 36.5375 ], [ 126.5375, 36.5375 ], [ 126.5375, 36.4875 ], [ 126.5875, 36.4875 ] ] ] } },
{ "type": "Feature", "properties": { "grad_nT_km": 10.0, "tier": "gentle", "score": 8.9 }, "geometry": { "type": "Polygon", "coordinates": [ [ [ 126.6375, 36.4875 ], [ 126.6375, 36.5375 ], [ 126.5875, 36.5375 ], [ 126.5875, 36.4875 ], [ 126.6375, 36.4875 ] ] ] } },
{ "type": "Feature", "properties": { "grad_nT_km": 13.1, "tier": "gentle", "score": 7.9 }, "geometry": { "type": "Polygon", "coordinates": [ [ [ 126.7375, 36.4875 ], [ 126.7375, 36.5375 ], [ 126.6875, 36.5375 ], [ 126.6875, 36.4875 ], [ 126.7375, 36.4875 ] ] ] } },
{ "type": "Feature", "properties": { "grad_nT_km": 13.7, "tier": "gentle", "score": 7.7 }, "geometry": { "type": "Polygon", "coordinates": [ [ [ 126.7875, 36.4875 ], [ 126.7875, 36.5375 ], [ 126.7375, 36.5375 ], [ 126.7375, 36.4875 ], [ 126.7875, 36.4875 ] ] ] } },
{ "type": "Feature", "properties": { "grad_nT_km": 5.7, "tier": "gentle", "score": 10.0 }, "geometry": { "type": "Polygon", "coordinates": [ [ [ 126.8375, 36.4875 ], [ 126.8375, 36.5375 ], [ 126.7875, 36.5375 ], [ 126.7875, 36.4875 ], [ 126.8375, 36.4875 ] ] ] } },
{ "type": "Feature", "properties": { "grad_nT_km": 6.0, "tier": "gentle", "score": 9.9 }, "geometry": { "type": "Polygon", "coordinates": [ [ [ 126.9375, 36.4875 ], [ 126.9375, 36.5375 ], [ 126.8875, 36.5375 ], [ 126.8875, 36.4875 ], [ 126.9375, 36.4875 ] ] ] } },
{ "type": "Feature", "properties": { "grad_nT_km": 8.3, "tier": "gentle", "score": 9.4 }, "geometry": { "type": "Polygon", "coordinates": [ [ [ 126.9875, 36.4875 ], [ 126.9875, 36.5375 ], [ 126.9375, 36.5375 ], [ 126.9375, 36.4875 ], [ 126.9875, 36.4875 ] ] ] } },
{ "type": "Feature", "properties": { "grad_nT_km": 10.6, "tier": "gentle", "score": 8.7 }, "geometry": { "type": "Polygon", "coordinates": [ [ [ 127.0375, 36.4875 ], [ 127.0375, 36.5375 ], [ 126.9875, 36.5375 ], [ 126.9875, 36.4875 ], [ 127.0375, 36.4875 ] ] ] } },
{ "type": "Feature", "properties": { "grad_nT_km": 6.1, "tier": "gentle", "score": 9.9 }, "geometry": { "type": "Polygon", "coordinates": [ [ [ 127.1875, 36.4875 ], [ 127.1875, 36.5375 ], [ 127.1375, 36.5375 ], [ 127.1375, 36.4875 ], [ 127.1875, 36.4875 ] ] ] } },
{ "type": "Feature", "properties": { "grad_nT_km": 6.5, "tier": "gentle", "score": 9.8 }, "geometry": { "type": "Polygon", "coordinates": [ [ [ 127.2375, 36.4875 ], [ 127.2375, 36.5375 ], [ 127.1875, 36.5375 ], [ 127.1875, 36.4875 ], [ 127.2375, 36.4875 ] ] ] } },
{ "type": "Feature", "properties": { "grad_nT_km": 7.5, "tier": "gentle", "score": 9.6 }, "geometry": { "type": "Polygon", "coordinates": [ [ [ 127.2875, 36.4875 ], [ 127.2875, 36.5375 ], [ 127.2375, 36.5375 ], [ 127.2375, 36.4875 ], [ 127.2875, 36.4875 ] ] ] } },
{ "type": "Feature", "properties": { "grad_nT_km": 13.1, "tier": "gentle", "score": 7.9 }, "geometry": { "type": "Polygon", "coordinates": [ [ [ 127.3375, 36.4875 ], [ 127.3375, 36.5375 ], [ 127.2875, 36.5375 ], [ 127.2875, 36.4875 ], [ 127.3375, 36.4875 ] ] ] } },
{ "type": "Feature", "properties": { "grad_nT_km": 13.7, "tier": "gentle", "score": 7.7 }, "geometry": { "type": "Polygon", "coordinates": [ [ [ 127.3875, 36.4875 ], [ 127.3875, 36.5375 ], [ 127.3375, 36.5375 ], [ 127.3375, 36.4875 ], [ 127.3875, 36.4875 ] ] ] } },
{ "type": "Feature", "properties": { "grad_nT_km": 9.5, "tier": "gentle", "score": 9.0 }, "geometry": { "type": "Polygon", "coordinates": [ [ [ 127.4375, 36.4875 ], [ 127.4375, 36.5375 ], [ 127.3875, 36.5375 ], [ 127.3875, 36.4875 ], [ 127.4375, 36.4875 ] ] ] } },
{ "type": "Feature", "properties": { "grad_nT_km": 14.3, "tier": "gentle", "score": 7.5 }, "geometry": { "type": "Polygon", "coordinates": [ [ [ 127.4875, 36.4875 ], [ 127.4875, 36.5375 ], [ 127.4375, 36.5375 ], [ 127.4375, 36.4875 ], [ 127.4875, 36.4875 ] ] ] } },
{ "type": "Feature", "properties": { "grad_nT_km": 9.9, "tier": "gentle", "score": 8.9 }, "geometry": { "type": "Polygon", "coordinates": [ [ [ 127.7875, 36.4875 ], [ 127.7875, 36.5375 ], [ 127.7375, 36.5375 ], [ 127.7375, 36.4875 ], [ 127.7875, 36.4875 ] ] ] } },
{ "type": "Feature", "properties": { "grad_nT_km": 7.9, "tier": "gentle", "score": 9.5 }, "geometry": { "type": "Polygon", "coordinates": [ [ [ 127.8375, 36.4875 ], [ 127.8375, 36.5375 ], [ 127.7875, 36.5375 ], [ 127.7875, 36.4875 ], [ 127.8375, 36.4875 ] ] ] } },
{ "type": "Feature", "properties": { "grad_nT_km": 13.1, "tier": "gentle", "score": 7.9 }, "geometry": { "type": "Polygon", "coordinates": [ [ [ 127.9875, 36.4875 ], [ 127.9875, 36.5375 ], [ 127.9375, 36.5375 ], [ 127.9375, 36.4875 ], [ 127.9875, 36.4875 ] ] ] } },
{ "type": "Feature", "properties": { "grad_nT_km": 11.3, "tier": "gentle", "score": 8.4 }, "geometry": { "type": "Polygon", "coordinates": [ [ [ 128.0875, 36.4875 ], [ 128.0875, 36.5375 ], [ 128.0375, 36.5375 ], [ 128.0375, 36.4875 ], [ 128.0875, 36.4875 ] ] ] } },
{ "type": "Feature", "properties": { "grad_nT_km": 9.9, "tier": "gentle", "score": 8.9 }, "geometry": { "type": "Polygon", "coordinates": [ [ [ 128.1375, 36.4875 ], [ 128.1375, 36.5375 ], [ 128.0875, 36.5375 ], [ 128.0875, 36.4875 ], [ 128.1375, 36.4875 ] ] ] } },
{ "type": "Feature", "properties": { "grad_nT_km": 7.7, "tier": "gentle", "score": 9.5 }, "geometry": { "type": "Polygon", "coordinates": [ [ [ 128.1875, 36.4875 ], [ 128.1875, 36.5375 ], [ 128.1375, 36.5375 ], [ 128.1375, 36.4875 ], [ 128.1875, 36.4875 ] ] ] } },
{ "type": "Feature", "properties": { "grad_nT_km": 11.7, "tier": "gentle", "score": 8.3 }, "geometry": { "type": "Polygon", "coordinates": [ [ [ 128.2375, 36.4875 ], [ 128.2375, 36.5375 ], [ 128.1875, 36.5375 ], [ 128.1875, 36.4875 ], [ 128.2375, 36.4875 ] ] ] } },
{ "type": "Feature", "properties": { "grad_nT_km": 15.0, "tier": "gentle", "score": 7.4 }, "geometry": { "type": "Polygon", "coordinates": [ [ [ 128.3375, 36.4875 ], [ 128.3375, 36.5375 ], [ 128.2875, 36.5375 ], [ 128.2875, 36.4875 ], [ 128.3375, 36.4875 ] ] ] } },
{ "type": "Feature", "properties": { "grad_nT_km": 12.1, "tier": "gentle", "score": 8.2 }, "geometry": { "type": "Polygon", "coordinates": [ [ [ 128.4375, 36.4875 ], [ 128.4375, 36.5375 ], [ 128.3875, 36.5375 ], [ 128.3875, 36.4875 ], [ 128.4375, 36.4875 ] ] ] } },
{ "type": "Feature", "properties": { "grad_nT_km": 9.4, "tier": "gentle", "score": 9.0 }, "geometry": { "type": "Polygon", "coordinates": [ [ [ 128.4875, 36.4875 ], [ 128.4875, 36.5375 ], [ 128.4375, 36.5375 ], [ 128.4375, 36.4875 ], [ 128.4875, 36.4875 ] ] ] } },
{ "type": "Feature", "properties": { "grad_nT_km": 9.4, "tier": "gentle", "score": 9.0 }, "geometry": { "type": "Polygon", "coordinates": [ [ [ 128.5375, 36.4875 ], [ 128.5375, 36.5375 ], [ 128.4875, 36.5375 ], [ 128.4875, 36.4875 ], [ 128.5375, 36.4875 ] ] ] } },
{ "type": "Feature", "properties": { "grad_nT_km": 5.1, "tier": "gentle", "score": 10.0 }, "geometry": { "type": "Polygon", "coordinates": [ [ [ 128.5875, 36.4875 ], [ 128.5875, 36.5375 ], [ 128.5375, 36.5375 ], [ 128.5375, 36.4875 ], [ 128.5875, 36.4875 ] ] ] } },
{ "type": "Feature", "properties": { "grad_nT_km": 5.3, "tier": "gentle", "score": 10.0 }, "geometry": { "type": "Polygon", "coordinates": [ [ [ 128.6375, 36.4875 ], [ 128.6375, 36.5375 ], [ 128.5875, 36.5375 ], [ 128.5875, 36.4875 ], [ 128.6375, 36.4875 ] ] ] } },
{ "type": "Feature", "properties": { "grad_nT_km": 9.8, "tier": "gentle", "score": 8.9 }, "geometry": { "type": "Polygon", "coordinates": [ [ [ 128.6875, 36.4875 ], [ 128.6875, 36.5375 ], [ 128.6375, 36.5375 ], [ 128.6375, 36.4875 ], [ 128.6875, 36.4875 ] ] ] } },
{ "type": "Feature", "properties": { "grad_nT_km": 10.2, "tier": "gentle", "score": 8.8 }, "geometry": { "type": "Polygon", "coordinates": [ [ [ 128.9875, 36.4875 ], [ 128.9875, 36.5375 ], [ 128.9375, 36.5375 ], [ 128.9375, 36.4875 ], [ 128.9875, 36.4875 ] ] ] } },
{ "type": "Feature", "properties": { "grad_nT_km": 13.5, "tier": "gentle", "score": 7.8 }, "geometry": { "type": "Polygon", "coordinates": [ [ [ 129.2875, 36.4875 ], [ 129.2875, 36.5375 ], [ 129.2375, 36.5375 ], [ 129.2375, 36.4875 ], [ 129.2875, 36.4875 ] ] ] } },
{ "type": "Feature", "properties": { "grad_nT_km": 13.3, "tier": "gentle", "score": 7.8 }, "geometry": { "type": "Polygon", "coordinates": [ [ [ 129.3375, 36.4875 ], [ 129.3375, 36.5375 ], [ 129.2875, 36.5375 ], [ 129.2875, 36.4875 ], [ 129.3375, 36.4875 ] ] ] } },
{ "type": "Feature", "properties": { "grad_nT_km": 10.6, "tier": "gentle", "score": 8.7 }, "geometry": { "type": "Polygon", "coordinates": [ [ [ 126.0875, 36.5375 ], [ 126.0875, 36.5875 ], [ 126.0375, 36.5875 ], [ 126.0375, 36.5375 ], [ 126.0875, 36.5375 ] ] ] } },
{ "type": "Feature", "properties": { "grad_nT_km": 7.2, "tier": "gentle", "score": 9.7 }, "geometry": { "type": "Polygon", "coordinates": [ [ [ 126.1875, 36.5375 ], [ 126.1875, 36.5875 ], [ 126.1375, 36.5875 ], [ 126.1375, 36.5375 ], [ 126.1875, 36.5375 ] ] ] } },
{ "type": "Feature", "properties": { "grad_nT_km": 10.1, "tier": "gentle", "score": 8.8 }, "geometry": { "type": "Polygon", "coordinates": [ [ [ 126.3375, 36.5375 ], [ 126.3375, 36.5875 ], [ 126.2875, 36.5875 ], [ 126.2875, 36.5375 ], [ 126.3375, 36.5375 ] ] ] } },
{ "type": "Feature", "properties": { "grad_nT_km": 9.5, "tier": "gentle", "score": 9.0 }, "geometry": { "type": "Polygon", "coordinates": [ [ [ 126.5875, 36.5375 ], [ 126.5875, 36.5875 ], [ 126.5375, 36.5875 ], [ 126.5375, 36.5375 ], [ 126.5875, 36.5375 ] ] ] } },
{ "type": "Feature", "properties": { "grad_nT_km": 13.4, "tier": "gentle", "score": 7.8 }, "geometry": { "type": "Polygon", "coordinates": [ [ [ 126.6375, 36.5375 ], [ 126.6375, 36.5875 ], [ 126.5875, 36.5875 ], [ 126.5875, 36.5375 ], [ 126.6375, 36.5375 ] ] ] } },
{ "type": "Feature", "properties": { "grad_nT_km": 12.2, "tier": "gentle", "score": 8.2 }, "geometry": { "type": "Polygon", "coordinates": [ [ [ 126.6875, 36.5375 ], [ 126.6875, 36.5875 ], [ 126.6375, 36.5875 ], [ 126.6375, 36.5375 ], [ 126.6875, 36.5375 ] ] ] } },
{ "type": "Feature", "properties": { "grad_nT_km": 11.1, "tier": "gentle", "score": 8.5 }, "geometry": { "type": "Polygon", "coordinates": [ [ [ 126.8375, 36.5375 ], [ 126.8375, 36.5875 ], [ 126.7875, 36.5875 ], [ 126.7875, 36.5375 ], [ 126.8375, 36.5375 ] ] ] } },
{ "type": "Feature", "properties": { "grad_nT_km": 5.8, "tier": "gentle", "score": 9.9 }, "geometry": { "type": "Polygon", "coordinates": [ [ [ 126.9375, 36.5375 ], [ 126.9375, 36.5875 ], [ 126.8875, 36.5875 ], [ 126.8875, 36.5375 ], [ 126.9375, 36.5375 ] ] ] } },
{ "type": "Feature", "properties": { "grad_nT_km": 5.2, "tier": "gentle", "score": 10.0 }, "geometry": { "type": "Polygon", "coordinates": [ [ [ 126.9875, 36.5375 ], [ 126.9875, 36.5875 ], [ 126.9375, 36.5875 ], [ 126.9375, 36.5375 ], [ 126.9875, 36.5375 ] ] ] } },
{ "type": "Feature", "properties": { "grad_nT_km": 8.2, "tier": "gentle", "score": 9.4 }, "geometry": { "type": "Polygon", "coordinates": [ [ [ 127.0375, 36.5375 ], [ 127.0375, 36.5875 ], [ 126.9875, 36.5875 ], [ 126.9875, 36.5375 ], [ 127.0375, 36.5375 ] ] ] } },
{ "type": "Feature", "properties": { "grad_nT_km": 6.8, "tier": "gentle", "score": 9.8 }, "geometry": { "type": "Polygon", "coordinates": [ [ [ 127.2875, 36.5375 ], [ 127.2875, 36.5875 ], [ 127.2375, 36.5875 ], [ 127.2375, 36.5375 ], [ 127.2875, 36.5375 ] ] ] } },
{ "type": "Feature", "properties": { "grad_nT_km": 11.0, "tier": "gentle", "score": 8.5 }, "geometry": { "type": "Polygon", "coordinates": [ [ [ 127.3375, 36.5375 ], [ 127.3375, 36.5875 ], [ 127.2875, 36.5875 ], [ 127.2875, 36.5375 ], [ 127.3375, 36.5375 ] ] ] } },
{ "type": "Feature", "properties": { "grad_nT_km": 13.9, "tier": "gentle", "score": 7.7 }, "geometry": { "type": "Polygon", "coordinates": [ [ [ 127.3875, 36.5375 ], [ 127.3875, 36.5875 ], [ 127.3375, 36.5875 ], [ 127.3375, 36.5375 ], [ 127.3875, 36.5375 ] ] ] } },
{ "type": "Feature", "properties": { "grad_nT_km": 7.0, "tier": "gentle", "score": 9.7 }, "geometry": { "type": "Polygon", "coordinates": [ [ [ 127.4375, 36.5375 ], [ 127.4375, 36.5875 ], [ 127.3875, 36.5875 ], [ 127.3875, 36.5375 ], [ 127.4375, 36.5375 ] ] ] } },
{ "type": "Feature", "properties": { "grad_nT_km": 7.3, "tier": "gentle", "score": 9.6 }, "geometry": { "type": "Polygon", "coordinates": [ [ [ 127.4875, 36.5375 ], [ 127.4875, 36.5875 ], [ 127.4375, 36.5875 ], [ 127.4375, 36.5375 ], [ 127.4875, 36.5375 ] ] ] } },
{ "type": "Feature", "properties": { "grad_nT_km": 10.3, "tier": "gentle", "score": 8.7 }, "geometry": { "type": "Polygon", "coordinates": [ [ [ 127.5375, 36.5375 ], [ 127.5375, 36.5875 ], [ 127.4875, 36.5875 ], [ 127.4875, 36.5375 ], [ 127.5375, 36.5375 ] ] ] } },
{ "type": "Feature", "properties": { "grad_nT_km": 9.3, "tier": "gentle", "score": 9.1 }, "geometry": { "type": "Polygon", "coordinates": [ [ [ 127.5875, 36.5375 ], [ 127.5875, 36.5875 ], [ 127.5375, 36.5875 ], [ 127.5375, 36.5375 ], [ 127.5875, 36.5375 ] ] ] } },
{ "type": "Feature", "properties": { "grad_nT_km": 12.8, "tier": "gentle", "score": 8.0 }, "geometry": { "type": "Polygon", "coordinates": [ [ [ 127.6375, 36.5375 ], [ 127.6375, 36.5875 ], [ 127.5875, 36.5875 ], [ 127.5875, 36.5375 ], [ 127.6375, 36.5375 ] ] ] } },
{ "type": "Feature", "properties": { "grad_nT_km": 10.1, "tier": "gentle", "score": 8.8 }, "geometry": { "type": "Polygon", "coordinates": [ [ [ 127.8375, 36.5375 ], [ 127.8375, 36.5875 ], [ 127.7875, 36.5875 ], [ 127.7875, 36.5375 ], [ 127.8375, 36.5375 ] ] ] } },
{ "type": "Feature", "properties": { "grad_nT_km": 13.3, "tier": "gentle", "score": 7.8 }, "geometry": { "type": "Polygon", "coordinates": [ [ [ 127.9375, 36.5375 ], [ 127.9375, 36.5875 ], [ 127.8875, 36.5875 ], [ 127.8875, 36.5375 ], [ 127.9375, 36.5375 ] ] ] } },
{ "type": "Feature", "properties": { "grad_nT_km": 14.6, "tier": "gentle", "score": 7.5 }, "geometry": { "type": "Polygon", "coordinates": [ [ [ 127.9875, 36.5375 ], [ 127.9875, 36.5875 ], [ 127.9375, 36.5875 ], [ 127.9375, 36.5375 ], [ 127.9875, 36.5375 ] ] ] } },
{ "type": "Feature", "properties": { "grad_nT_km": 12.6, "tier": "gentle", "score": 8.0 }, "geometry": { "type": "Polygon", "coordinates": [ [ [ 128.0375, 36.5375 ], [ 128.0375, 36.5875 ], [ 127.9875, 36.5875 ], [ 127.9875, 36.5375 ], [ 128.0375, 36.5375 ] ] ] } },
{ "type": "Feature", "properties": { "grad_nT_km": 10.1, "tier": "gentle", "score": 8.8 }, "geometry": { "type": "Polygon", "coordinates": [ [ [ 128.1375, 36.5375 ], [ 128.1375, 36.5875 ], [ 128.0875, 36.5875 ], [ 128.0875, 36.5375 ], [ 128.1375, 36.5375 ] ] ] } },
{ "type": "Feature", "properties": { "grad_nT_km": 10.2, "tier": "gentle", "score": 8.8 }, "geometry": { "type": "Polygon", "coordinates": [ [ [ 128.1875, 36.5375 ], [ 128.1875, 36.5875 ], [ 128.1375, 36.5875 ], [ 128.1375, 36.5375 ], [ 128.1875, 36.5375 ] ] ] } },
{ "type": "Feature", "properties": { "grad_nT_km": 8.8, "tier": "gentle", "score": 9.2 }, "geometry": { "type": "Polygon", "coordinates": [ [ [ 128.3375, 36.5375 ], [ 128.3375, 36.5875 ], [ 128.2875, 36.5875 ], [ 128.2875, 36.5375 ], [ 128.3375, 36.5375 ] ] ] } },
{ "type": "Feature", "properties": { "grad_nT_km": 13.4, "tier": "gentle", "score": 7.8 }, "geometry": { "type": "Polygon", "coordinates": [ [ [ 128.3875, 36.5375 ], [ 128.3875, 36.5875 ], [ 128.3375, 36.5875 ], [ 128.3375, 36.5375 ], [ 128.3875, 36.5375 ] ] ] } },
{ "type": "Feature", "properties": { "grad_nT_km": 9.1, "tier": "gentle", "score": 9.1 }, "geometry": { "type": "Polygon", "coordinates": [ [ [ 128.4375, 36.5375 ], [ 128.4375, 36.5875 ], [ 128.3875, 36.5875 ], [ 128.3875, 36.5375 ], [ 128.4375, 36.5375 ] ] ] } },
{ "type": "Feature", "properties": { "grad_nT_km": 8.6, "tier": "gentle", "score": 9.3 }, "geometry": { "type": "Polygon", "coordinates": [ [ [ 128.5375, 36.5375 ], [ 128.5375, 36.5875 ], [ 128.4875, 36.5875 ], [ 128.4875, 36.5375 ], [ 128.5375, 36.5375 ] ] ] } },
{ "type": "Feature", "properties": { "grad_nT_km": 5.6, "tier": "gentle", "score": 10.0 }, "geometry": { "type": "Polygon", "coordinates": [ [ [ 128.5875, 36.5375 ], [ 128.5875, 36.5875 ], [ 128.5375, 36.5875 ], [ 128.5375, 36.5375 ], [ 128.5875, 36.5375 ] ] ] } },
{ "type": "Feature", "properties": { "grad_nT_km": 15.0, "tier": "gentle", "score": 7.4 }, "geometry": { "type": "Polygon", "coordinates": [ [ [ 129.0375, 36.5375 ], [ 129.0375, 36.5875 ], [ 128.9875, 36.5875 ], [ 128.9875, 36.5375 ], [ 129.0375, 36.5375 ] ] ] } },
{ "type": "Feature", "properties": { "grad_nT_km": 13.2, "tier": "gentle", "score": 7.9 }, "geometry": { "type": "Polygon", "coordinates": [ [ [ 129.0875, 36.5375 ], [ 129.0875, 36.5875 ], [ 129.0375, 36.5875 ], [ 129.0375, 36.5375 ], [ 129.0875, 36.5375 ] ] ] } },
{ "type": "Feature", "properties": { "grad_nT_km": 14.5, "tier": "gentle", "score": 7.5 }, "geometry": { "type": "Polygon", "coordinates": [ [ [ 129.3375, 36.5375 ], [ 129.3375, 36.5875 ], [ 129.2875, 36.5875 ], [ 129.2875, 36.5375 ], [ 129.3375, 36.5375 ] ] ] } },
{ "type": "Feature", "properties": { "grad_nT_km": 8.5, "tier": "gentle", "score": 9.3 }, "geometry": { "type": "Polygon", "coordinates": [ [ [ 126.0375, 36.5875 ], [ 126.0375, 36.6375 ], [ 125.9875, 36.6375 ], [ 125.9875, 36.5875 ], [ 126.0375, 36.5875 ] ] ] } },
{ "type": "Feature", "properties": { "grad_nT_km": 13.6, "tier": "gentle", "score": 7.7 }, "geometry": { "type": "Polygon", "coordinates": [ [ [ 126.0875, 36.5875 ], [ 126.0875, 36.6375 ], [ 126.0375, 36.6375 ], [ 126.0375, 36.5875 ], [ 126.0875, 36.5875 ] ] ] } },
{ "type": "Feature", "properties": { "grad_nT_km": 9.0, "tier": "gentle", "score": 9.2 }, "geometry": { "type": "Polygon", "coordinates": [ [ [ 126.1375, 36.5875 ], [ 126.1375, 36.6375 ], [ 126.0875, 36.6375 ], [ 126.0875, 36.5875 ], [ 126.1375, 36.5875 ] ] ] } },
{ "type": "Feature", "properties": { "grad_nT_km": 7.1, "tier": "gentle", "score": 9.7 }, "geometry": { "type": "Polygon", "coordinates": [ [ [ 126.1875, 36.5875 ], [ 126.1875, 36.6375 ], [ 126.1375, 36.6375 ], [ 126.1375, 36.5875 ], [ 126.1875, 36.5875 ] ] ] } },
{ "type": "Feature", "properties": { "grad_nT_km": 11.6, "tier": "gentle", "score": 8.3 }, "geometry": { "type": "Polygon", "coordinates": [ [ [ 126.2375, 36.5875 ], [ 126.2375, 36.6375 ], [ 126.1875, 36.6375 ], [ 126.1875, 36.5875 ], [ 126.2375, 36.5875 ] ] ] } },
{ "type": "Feature", "properties": { "grad_nT_km": 14.6, "tier": "gentle", "score": 7.5 }, "geometry": { "type": "Polygon", "coordinates": [ [ [ 126.7375, 36.5875 ], [ 126.7375, 36.6375 ], [ 126.6875, 36.6375 ], [ 126.6875, 36.5875 ], [ 126.7375, 36.5875 ] ] ] } },
{ "type": "Feature", "properties": { "grad_nT_km": 6.9, "tier": "gentle", "score": 9.7 }, "geometry": { "type": "Polygon", "coordinates": [ [ [ 126.8875, 36.5875 ], [ 126.8875, 36.6375 ], [ 126.8375, 36.6375 ], [ 126.8375, 36.5875 ], [ 126.8875, 36.5875 ] ] ] } },
{ "type": "Feature", "properties": { "grad_nT_km": 10.3, "tier": "gentle", "score": 8.7 }, "geometry": { "type": "Polygon", "coordinates": [ [ [ 126.9375, 36.5875 ], [ 126.9375, 36.6375 ], [ 126.8875, 36.6375 ], [ 126.8875, 36.5875 ], [ 126.9375, 36.5875 ] ] ] } },
{ "type": "Feature", "properties": { "grad_nT_km": 5.5, "tier": "gentle", "score": 10.0 }, "geometry": { "type": "Polygon", "coordinates": [ [ [ 127.0875, 36.5875 ], [ 127.0875, 36.6375 ], [ 127.0375, 36.6375 ], [ 127.0375, 36.5875 ], [ 127.0875, 36.5875 ] ] ] } },
{ "type": "Feature", "properties": { "grad_nT_km": 5.3, "tier": "gentle", "score": 10.0 }, "geometry": { "type": "Polygon", "coordinates": [ [ [ 127.2375, 36.5875 ], [ 127.2375, 36.6375 ], [ 127.1875, 36.6375 ], [ 127.1875, 36.5875 ], [ 127.2375, 36.5875 ] ] ] } },
{ "type": "Feature", "properties": { "grad_nT_km": 8.0, "tier": "gentle", "score": 9.4 }, "geometry": { "type": "Polygon", "coordinates": [ [ [ 127.2875, 36.5875 ], [ 127.2875, 36.6375 ], [ 127.2375, 36.6375 ], [ 127.2375, 36.5875 ], [ 127.2875, 36.5875 ] ] ] } },
{ "type": "Feature", "properties": { "grad_nT_km": 12.0, "tier": "gentle", "score": 8.2 }, "geometry": { "type": "Polygon", "coordinates": [ [ [ 127.3375, 36.5875 ], [ 127.3375, 36.6375 ], [ 127.2875, 36.6375 ], [ 127.2875, 36.5875 ], [ 127.3375, 36.5875 ] ] ] } },
{ "type": "Feature", "properties": { "grad_nT_km": 8.2, "tier": "gentle", "score": 9.4 }, "geometry": { "type": "Polygon", "coordinates": [ [ [ 127.3875, 36.5875 ], [ 127.3875, 36.6375 ], [ 127.3375, 36.6375 ], [ 127.3375, 36.5875 ], [ 127.3875, 36.5875 ] ] ] } },
{ "type": "Feature", "properties": { "grad_nT_km": 5.4, "tier": "gentle", "score": 10.0 }, "geometry": { "type": "Polygon", "coordinates": [ [ [ 127.4375, 36.5875 ], [ 127.4375, 36.6375 ], [ 127.3875, 36.6375 ], [ 127.3875, 36.5875 ], [ 127.4375, 36.5875 ] ] ] } },
{ "type": "Feature", "properties": { "grad_nT_km": 5.4, "tier": "gentle", "score": 10.0 }, "geometry": { "type": "Polygon", "coordinates": [ [ [ 127.5375, 36.5875 ], [ 127.5375, 36.6375 ], [ 127.4875, 36.6375 ], [ 127.4875, 36.5875 ], [ 127.5375, 36.5875 ] ] ] } },
{ "type": "Feature", "properties": { "grad_nT_km": 6.0, "tier": "gentle", "score": 9.9 }, "geometry": { "type": "Polygon", "coordinates": [ [ [ 127.5875, 36.5875 ], [ 127.5875, 36.6375 ], [ 127.5375, 36.6375 ], [ 127.5375, 36.5875 ], [ 127.5875, 36.5875 ] ] ] } },
{ "type": "Feature", "properties": { "grad_nT_km": 9.0, "tier": "gentle", "score": 9.2 }, "geometry": { "type": "Polygon", "coordinates": [ [ [ 127.6375, 36.5875 ], [ 127.6375, 36.6375 ], [ 127.5875, 36.6375 ], [ 127.5875, 36.5875 ], [ 127.6375, 36.5875 ] ] ] } },
{ "type": "Feature", "properties": { "grad_nT_km": 13.1, "tier": "gentle", "score": 7.9 }, "geometry": { "type": "Polygon", "coordinates": [ [ [ 127.6875, 36.5875 ], [ 127.6875, 36.6375 ], [ 127.6375, 36.6375 ], [ 127.6375, 36.5875 ], [ 127.6875, 36.5875 ] ] ] } },
{ "type": "Feature", "properties": { "grad_nT_km": 9.2, "tier": "gentle", "score": 9.1 }, "geometry": { "type": "Polygon", "coordinates": [ [ [ 127.8375, 36.5875 ], [ 127.8375, 36.6375 ], [ 127.7875, 36.6375 ], [ 127.7875, 36.5875 ], [ 127.8375, 36.5875 ] ] ] } },
{ "type": "Feature", "properties": { "grad_nT_km": 6.1, "tier": "gentle", "score": 9.9 }, "geometry": { "type": "Polygon", "coordinates": [ [ [ 127.9375, 36.5875 ], [ 127.9375, 36.6375 ], [ 127.8875, 36.6375 ], [ 127.8875, 36.5875 ], [ 127.9375, 36.5875 ] ] ] } },
{ "type": "Feature", "properties": { "grad_nT_km": 13.5, "tier": "gentle", "score": 7.8 }, "geometry": { "type": "Polygon", "coordinates": [ [ [ 127.9875, 36.5875 ], [ 127.9875, 36.6375 ], [ 127.9375, 36.6375 ], [ 127.9375, 36.5875 ], [ 127.9875, 36.5875 ] ] ] } },
{ "type": "Feature", "properties": { "grad_nT_km": 10.9, "tier": "gentle", "score": 8.6 }, "geometry": { "type": "Polygon", "coordinates": [ [ [ 128.0875, 36.5875 ], [ 128.0875, 36.6375 ], [ 128.0375, 36.6375 ], [ 128.0375, 36.5875 ], [ 128.0875, 36.5875 ] ] ] } },
{ "type": "Feature", "properties": { "grad_nT_km": 9.0, "tier": "gentle", "score": 9.2 }, "geometry": { "type": "Polygon", "coordinates": [ [ [ 128.1375, 36.5875 ], [ 128.1375, 36.6375 ], [ 128.0875, 36.6375 ], [ 128.0875, 36.5875 ], [ 128.1375, 36.5875 ] ] ] } },
{ "type": "Feature", "properties": { "grad_nT_km": 8.5, "tier": "gentle", "score": 9.3 }, "geometry": { "type": "Polygon", "coordinates": [ [ [ 128.1875, 36.5875 ], [ 128.1875, 36.6375 ], [ 128.1375, 36.6375 ], [ 128.1375, 36.5875 ], [ 128.1875, 36.5875 ] ] ] } },
{ "type": "Feature", "properties": { "grad_nT_km": 6.0, "tier": "gentle", "score": 9.9 }, "geometry": { "type": "Polygon", "coordinates": [ [ [ 128.2375, 36.5875 ], [ 128.2375, 36.6375 ], [ 128.1875, 36.6375 ], [ 128.1875, 36.5875 ], [ 128.2375, 36.5875 ] ] ] } },
{ "type": "Feature", "properties": { "grad_nT_km": 12.7, "tier": "gentle", "score": 8.0 }, "geometry": { "type": "Polygon", "coordinates": [ [ [ 128.2875, 36.5875 ], [ 128.2875, 36.6375 ], [ 128.2375, 36.6375 ], [ 128.2375, 36.5875 ], [ 128.2875, 36.5875 ] ] ] } },
{ "type": "Feature", "properties": { "grad_nT_km": 7.5, "tier": "gentle", "score": 9.6 }, "geometry": { "type": "Polygon", "coordinates": [ [ [ 128.3375, 36.5875 ], [ 128.3375, 36.6375 ], [ 128.2875, 36.6375 ], [ 128.2875, 36.5875 ], [ 128.3375, 36.5875 ] ] ] } },
{ "type": "Feature", "properties": { "grad_nT_km": 6.1, "tier": "gentle", "score": 9.9 }, "geometry": { "type": "Polygon", "coordinates": [ [ [ 128.3875, 36.5875 ], [ 128.3875, 36.6375 ], [ 128.3375, 36.6375 ], [ 128.3375, 36.5875 ], [ 128.3875, 36.5875 ] ] ] } },
{ "type": "Feature", "properties": { "grad_nT_km": 8.1, "tier": "gentle", "score": 9.4 }, "geometry": { "type": "Polygon", "coordinates": [ [ [ 128.4375, 36.5875 ], [ 128.4375, 36.6375 ], [ 128.3875, 36.6375 ], [ 128.3875, 36.5875 ], [ 128.4375, 36.5875 ] ] ] } },
{ "type": "Feature", "properties": { "grad_nT_km": 14.2, "tier": "gentle", "score": 7.6 }, "geometry": { "type": "Polygon", "coordinates": [ [ [ 128.5875, 36.5875 ], [ 128.5875, 36.6375 ], [ 128.5375, 36.6375 ], [ 128.5375, 36.5875 ], [ 128.5875, 36.5875 ] ] ] } },
{ "type": "Feature", "properties": { "grad_nT_km": 8.5, "tier": "gentle", "score": 9.3 }, "geometry": { "type": "Polygon", "coordinates": [ [ [ 128.9875, 36.5875 ], [ 128.9875, 36.6375 ], [ 128.9375, 36.6375 ], [ 128.9375, 36.5875 ], [ 128.9875, 36.5875 ] ] ] } },
{ "type": "Feature", "properties": { "grad_nT_km": 9.2, "tier": "gentle", "score": 9.1 }, "geometry": { "type": "Polygon", "coordinates": [ [ [ 129.0875, 36.5875 ], [ 129.0875, 36.6375 ], [ 129.0375, 36.6375 ], [ 129.0375, 36.5875 ], [ 129.0875, 36.5875 ] ] ] } },
{ "type": "Feature", "properties": { "grad_nT_km": 14.5, "tier": "gentle", "score": 7.5 }, "geometry": { "type": "Polygon", "coordinates": [ [ [ 129.1375, 36.5875 ], [ 129.1375, 36.6375 ], [ 129.0875, 36.6375 ], [ 129.0875, 36.5875 ], [ 129.1375, 36.5875 ] ] ] } },
{ "type": "Feature", "properties": { "grad_nT_km": 13.3, "tier": "gentle", "score": 7.8 }, "geometry": { "type": "Polygon", "coordinates": [ [ [ 126.1375, 36.6375 ], [ 126.1375, 36.6875 ], [ 126.0875, 36.6875 ], [ 126.0875, 36.6375 ], [ 126.1375, 36.6375 ] ] ] } },
{ "type": "Feature", "properties": { "grad_nT_km": 10.3, "tier": "gentle", "score": 8.8 }, "geometry": { "type": "Polygon", "coordinates": [ [ [ 126.1875, 36.6375 ], [ 126.1875, 36.6875 ], [ 126.1375, 36.6875 ], [ 126.1375, 36.6375 ], [ 126.1875, 36.6375 ] ] ] } },
{ "type": "Feature", "properties": { "grad_nT_km": 13.4, "tier": "gentle", "score": 7.8 }, "geometry": { "type": "Polygon", "coordinates": [ [ [ 126.2375, 36.6375 ], [ 126.2375, 36.6875 ], [ 126.1875, 36.6875 ], [ 126.1875, 36.6375 ], [ 126.2375, 36.6375 ] ] ] } },
{ "type": "Feature", "properties": { "grad_nT_km": 9.3, "tier": "gentle", "score": 9.1 }, "geometry": { "type": "Polygon", "coordinates": [ [ [ 126.8375, 36.6375 ], [ 126.8375, 36.6875 ], [ 126.7875, 36.6875 ], [ 126.7875, 36.6375 ], [ 126.8375, 36.6375 ] ] ] } },
{ "type": "Feature", "properties": { "grad_nT_km": 9.2, "tier": "gentle", "score": 9.1 }, "geometry": { "type": "Polygon", "coordinates": [ [ [ 126.8875, 36.6375 ], [ 126.8875, 36.6875 ], [ 126.8375, 36.6875 ], [ 126.8375, 36.6375 ], [ 126.8875, 36.6375 ] ] ] } },
{ "type": "Feature", "properties": { "grad_nT_km": 7.6, "tier": "gentle", "score": 9.6 }, "geometry": { "type": "Polygon", "coordinates": [ [ [ 127.0375, 36.6375 ], [ 127.0375, 36.6875 ], [ 126.9875, 36.6875 ], [ 126.9875, 36.6375 ], [ 127.0375, 36.6375 ] ] ] } },
{ "type": "Feature", "properties": { "grad_nT_km": 6.8, "tier": "gentle", "score": 9.8 }, "geometry": { "type": "Polygon", "coordinates": [ [ [ 127.1875, 36.6375 ], [ 127.1875, 36.6875 ], [ 127.1375, 36.6875 ], [ 127.1375, 36.6375 ], [ 127.1875, 36.6375 ] ] ] } },
{ "type": "Feature", "properties": { "grad_nT_km": 12.4, "tier": "gentle", "score": 8.1 }, "geometry": { "type": "Polygon", "coordinates": [ [ [ 127.2375, 36.6375 ], [ 127.2375, 36.6875 ], [ 127.1875, 36.6875 ], [ 127.1875, 36.6375 ], [ 127.2375, 36.6375 ] ] ] } },
{ "type": "Feature", "properties": { "grad_nT_km": 8.8, "tier": "gentle", "score": 9.2 }, "geometry": { "type": "Polygon", "coordinates": [ [ [ 127.2875, 36.6375 ], [ 127.2875, 36.6875 ], [ 127.2375, 36.6875 ], [ 127.2375, 36.6375 ], [ 127.2875, 36.6375 ] ] ] } },
{ "type": "Feature", "properties": { "grad_nT_km": 9.0, "tier": "gentle", "score": 9.2 }, "geometry": { "type": "Polygon", "coordinates": [ [ [ 127.3375, 36.6375 ], [ 127.3375, 36.6875 ], [ 127.2875, 36.6875 ], [ 127.2875, 36.6375 ], [ 127.3375, 36.6375 ] ] ] } },
{ "type": "Feature", "properties": { "grad_nT_km": 14.7, "tier": "gentle", "score": 7.4 }, "geometry": { "type": "Polygon", "coordinates": [ [ [ 127.3875, 36.6375 ], [ 127.3875, 36.6875 ], [ 127.3375, 36.6875 ], [ 127.3375, 36.6375 ], [ 127.3875, 36.6375 ] ] ] } },
{ "type": "Feature", "properties": { "grad_nT_km": 10.6, "tier": "gentle", "score": 8.7 }, "geometry": { "type": "Polygon", "coordinates": [ [ [ 127.4375, 36.6375 ], [ 127.4375, 36.6875 ], [ 127.3875, 36.6875 ], [ 127.3875, 36.6375 ], [ 127.4375, 36.6375 ] ] ] } },
{ "type": "Feature", "properties": { "grad_nT_km": 8.8, "tier": "gentle", "score": 9.2 }, "geometry": { "type": "Polygon", "coordinates": [ [ [ 127.4875, 36.6375 ], [ 127.4875, 36.6875 ], [ 127.4375, 36.6875 ], [ 127.4375, 36.6375 ], [ 127.4875, 36.6375 ] ] ] } },
{ "type": "Feature", "properties": { "grad_nT_km": 12.4, "tier": "gentle", "score": 8.1 }, "geometry": { "type": "Polygon", "coordinates": [ [ [ 127.5375, 36.6375 ], [ 127.5375, 36.6875 ], [ 127.4875, 36.6875 ], [ 127.4875, 36.6375 ], [ 127.5375, 36.6375 ] ] ] } },
{ "type": "Feature", "properties": { "grad_nT_km": 6.5, "tier": "gentle", "score": 9.8 }, "geometry": { "type": "Polygon", "coordinates": [ [ [ 127.6875, 36.6375 ], [ 127.6875, 36.6875 ], [ 127.6375, 36.6875 ], [ 127.6375, 36.6375 ], [ 127.6875, 36.6375 ] ] ] } },
{ "type": "Feature", "properties": { "grad_nT_km": 10.3, "tier": "gentle", "score": 8.8 }, "geometry": { "type": "Polygon", "coordinates": [ [ [ 127.7375, 36.6375 ], [ 127.7375, 36.6875 ], [ 127.6875, 36.6875 ], [ 127.6875, 36.6375 ], [ 127.7375, 36.6375 ] ] ] } },
{ "type": "Feature", "properties": { "grad_nT_km": 7.9, "tier": "gentle", "score": 9.5 }, "geometry": { "type": "Polygon", "coordinates": [ [ [ 127.8375, 36.6375 ], [ 127.8375, 36.6875 ], [ 127.7875, 36.6875 ], [ 127.7875, 36.6375 ], [ 127.8375, 36.6375 ] ] ] } },
{ "type": "Feature", "properties": { "grad_nT_km": 6.3, "tier": "gentle", "score": 9.9 }, "geometry": { "type": "Polygon", "coordinates": [ [ [ 127.9375, 36.6375 ], [ 127.9375, 36.6875 ], [ 127.8875, 36.6875 ], [ 127.8875, 36.6375 ], [ 127.9375, 36.6375 ] ] ] } },
{ "type": "Feature", "properties": { "grad_nT_km": 6.7, "tier": "gentle", "score": 9.8 }, "geometry": { "type": "Polygon", "coordinates": [ [ [ 127.9875, 36.6375 ], [ 127.9875, 36.6875 ], [ 127.9375, 36.6875 ], [ 127.9375, 36.6375 ], [ 127.9875, 36.6375 ] ] ] } },
{ "type": "Feature", "properties": { "grad_nT_km": 10.5, "tier": "gentle", "score": 8.7 }, "geometry": { "type": "Polygon", "coordinates": [ [ [ 128.0375, 36.6375 ], [ 128.0375, 36.6875 ], [ 127.9875, 36.6875 ], [ 127.9875, 36.6375 ], [ 128.0375, 36.6375 ] ] ] } },
{ "type": "Feature", "properties": { "grad_nT_km": 9.4, "tier": "gentle", "score": 9.0 }, "geometry": { "type": "Polygon", "coordinates": [ [ [ 128.0875, 36.6375 ], [ 128.0875, 36.6875 ], [ 128.0375, 36.6875 ], [ 128.0375, 36.6375 ], [ 128.0875, 36.6375 ] ] ] } },
{ "type": "Feature", "properties": { "grad_nT_km": 13.5, "tier": "gentle", "score": 7.8 }, "geometry": { "type": "Polygon", "coordinates": [ [ [ 128.1875, 36.6375 ], [ 128.1875, 36.6875 ], [ 128.1375, 36.6875 ], [ 128.1375, 36.6375 ], [ 128.1875, 36.6375 ] ] ] } },
{ "type": "Feature", "properties": { "grad_nT_km": 14.8, "tier": "gentle", "score": 7.4 }, "geometry": { "type": "Polygon", "coordinates": [ [ [ 128.2875, 36.6375 ], [ 128.2875, 36.6875 ], [ 128.2375, 36.6875 ], [ 128.2375, 36.6375 ], [ 128.2875, 36.6375 ] ] ] } },
{ "type": "Feature", "properties": { "grad_nT_km": 5.9, "tier": "gentle", "score": 9.9 }, "geometry": { "type": "Polygon", "coordinates": [ [ [ 128.3375, 36.6375 ], [ 128.3375, 36.6875 ], [ 128.2875, 36.6875 ], [ 128.2875, 36.6375 ], [ 128.3375, 36.6375 ] ] ] } },
{ "type": "Feature", "properties": { "grad_nT_km": 6.4, "tier": "gentle", "score": 9.9 }, "geometry": { "type": "Polygon", "coordinates": [ [ [ 128.3875, 36.6375 ], [ 128.3875, 36.6875 ], [ 128.3375, 36.6875 ], [ 128.3375, 36.6375 ], [ 128.3875, 36.6375 ] ] ] } },
{ "type": "Feature", "properties": { "grad_nT_km": 10.3, "tier": "gentle", "score": 8.7 }, "geometry": { "type": "Polygon", "coordinates": [ [ [ 128.4375, 36.6375 ], [ 128.4375, 36.6875 ], [ 128.3875, 36.6875 ], [ 128.3875, 36.6375 ], [ 128.4375, 36.6375 ] ] ] } },
{ "type": "Feature", "properties": { "grad_nT_km": 13.0, "tier": "gentle", "score": 7.9 }, "geometry": { "type": "Polygon", "coordinates": [ [ [ 128.4875, 36.6375 ], [ 128.4875, 36.6875 ], [ 128.4375, 36.6875 ], [ 128.4375, 36.6375 ], [ 128.4875, 36.6375 ] ] ] } },
{ "type": "Feature", "properties": { "grad_nT_km": 14.5, "tier": "gentle", "score": 7.5 }, "geometry": { "type": "Polygon", "coordinates": [ [ [ 128.6875, 36.6375 ], [ 128.6875, 36.6875 ], [ 128.6375, 36.6875 ], [ 128.6375, 36.6375 ], [ 128.6875, 36.6375 ] ] ] } },
{ "type": "Feature", "properties": { "grad_nT_km": 10.1, "tier": "gentle", "score": 8.8 }, "geometry": { "type": "Polygon", "coordinates": [ [ [ 129.0375, 36.6375 ], [ 129.0375, 36.6875 ], [ 128.9875, 36.6875 ], [ 128.9875, 36.6375 ], [ 129.0375, 36.6375 ] ] ] } },
{ "type": "Feature", "properties": { "grad_nT_km": 10.8, "tier": "gentle", "score": 8.6 }, "geometry": { "type": "Polygon", "coordinates": [ [ [ 129.0875, 36.6375 ], [ 129.0875, 36.6875 ], [ 129.0375, 36.6875 ], [ 129.0375, 36.6375 ], [ 129.0875, 36.6375 ] ] ] } },
{ "type": "Feature", "properties": { "grad_nT_km": 8.3, "tier": "gentle", "score": 9.4 }, "geometry": { "type": "Polygon", "coordinates": [ [ [ 129.1375, 36.6375 ], [ 129.1375, 36.6875 ], [ 129.0875, 36.6875 ], [ 129.0875, 36.6375 ], [ 129.1375, 36.6375 ] ] ] } },
{ "type": "Feature", "properties": { "grad_nT_km": 9.4, "tier": "gentle", "score": 9.0 }, "geometry": { "type": "Polygon", "coordinates": [ [ [ 126.5375, 36.6875 ], [ 126.5375, 36.7375 ], [ 126.4875, 36.7375 ], [ 126.4875, 36.6875 ], [ 126.5375, 36.6875 ] ] ] } },
{ "type": "Feature", "properties": { "grad_nT_km": 9.5, "tier": "gentle", "score": 9.0 }, "geometry": { "type": "Polygon", "coordinates": [ [ [ 126.6375, 36.6875 ], [ 126.6375, 36.7375 ], [ 126.5875, 36.7375 ], [ 126.5875, 36.6875 ], [ 126.6375, 36.6875 ] ] ] } },
{ "type": "Feature", "properties": { "grad_nT_km": 14.3, "tier": "gentle", "score": 7.5 }, "geometry": { "type": "Polygon", "coordinates": [ [ [ 126.7375, 36.6875 ], [ 126.7375, 36.7375 ], [ 126.6875, 36.7375 ], [ 126.6875, 36.6875 ], [ 126.7375, 36.6875 ] ] ] } },
{ "type": "Feature", "properties": { "grad_nT_km": 7.8, "tier": "gentle", "score": 9.5 }, "geometry": { "type": "Polygon", "coordinates": [ [ [ 126.8375, 36.6875 ], [ 126.8375, 36.7375 ], [ 126.7875, 36.7375 ], [ 126.7875, 36.6875 ], [ 126.8375, 36.6875 ] ] ] } },
{ "type": "Feature", "properties": { "grad_nT_km": 7.0, "tier": "gentle", "score": 9.7 }, "geometry": { "type": "Polygon", "coordinates": [ [ [ 126.9375, 36.6875 ], [ 126.9375, 36.7375 ], [ 126.8875, 36.7375 ], [ 126.8875, 36.6875 ], [ 126.9375, 36.6875 ] ] ] } },
{ "type": "Feature", "properties": { "grad_nT_km": 10.4, "tier": "gentle", "score": 8.7 }, "geometry": { "type": "Polygon", "coordinates": [ [ [ 126.9875, 36.6875 ], [ 126.9875, 36.7375 ], [ 126.9375, 36.7375 ], [ 126.9375, 36.6875 ], [ 126.9875, 36.6875 ] ] ] } },
{ "type": "Feature", "properties": { "grad_nT_km": 6.2, "tier": "gentle", "score": 9.9 }, "geometry": { "type": "Polygon", "coordinates": [ [ [ 127.0375, 36.6875 ], [ 127.0375, 36.7375 ], [ 126.9875, 36.7375 ], [ 126.9875, 36.6875 ], [ 127.0375, 36.6875 ] ] ] } },
{ "type": "Feature", "properties": { "grad_nT_km": 12.7, "tier": "gentle", "score": 8.0 }, "geometry": { "type": "Polygon", "coordinates": [ [ [ 127.0875, 36.6875 ], [ 127.0875, 36.7375 ], [ 127.0375, 36.7375 ], [ 127.0375, 36.6875 ], [ 127.0875, 36.6875 ] ] ] } },
{ "type": "Feature", "properties": { "grad_nT_km": 6.5, "tier": "gentle", "score": 9.8 }, "geometry": { "type": "Polygon", "coordinates": [ [ [ 127.1375, 36.6875 ], [ 127.1375, 36.7375 ], [ 127.0875, 36.7375 ], [ 127.0875, 36.6875 ], [ 127.1375, 36.6875 ] ] ] } },
{ "type": "Feature", "properties": { "grad_nT_km": 8.0, "tier": "gentle", "score": 9.4 }, "geometry": { "type": "Polygon", "coordinates": [ [ [ 127.1875, 36.6875 ], [ 127.1875, 36.7375 ], [ 127.1375, 36.7375 ], [ 127.1375, 36.6875 ], [ 127.1875, 36.6875 ] ] ] } },
{ "type": "Feature", "properties": { "grad_nT_km": 8.2, "tier": "gentle", "score": 9.4 }, "geometry": { "type": "Polygon", "coordinates": [ [ [ 127.2375, 36.6875 ], [ 127.2375, 36.7375 ], [ 127.1875, 36.7375 ], [ 127.1875, 36.6875 ], [ 127.2375, 36.6875 ] ] ] } },
{ "type": "Feature", "properties": { "grad_nT_km": 7.2, "tier": "gentle", "score": 9.7 }, "geometry": { "type": "Polygon", "coordinates": [ [ [ 127.3375, 36.6875 ], [ 127.3375, 36.7375 ], [ 127.2875, 36.7375 ], [ 127.2875, 36.6875 ], [ 127.3375, 36.6875 ] ] ] } },
{ "type": "Feature", "properties": { "grad_nT_km": 8.1, "tier": "gentle", "score": 9.4 }, "geometry": { "type": "Polygon", "coordinates": [ [ [ 127.3875, 36.6875 ], [ 127.3875, 36.7375 ], [ 127.3375, 36.7375 ], [ 127.3375, 36.6875 ], [ 127.3875, 36.6875 ] ] ] } },
{ "type": "Feature", "properties": { "grad_nT_km": 11.9, "tier": "gentle", "score": 8.2 }, "geometry": { "type": "Polygon", "coordinates": [ [ [ 127.4375, 36.6875 ], [ 127.4375, 36.7375 ], [ 127.3875, 36.7375 ], [ 127.3875, 36.6875 ], [ 127.4375, 36.6875 ] ] ] } },
{ "type": "Feature", "properties": { "grad_nT_km": 7.6, "tier": "gentle", "score": 9.6 }, "geometry": { "type": "Polygon", "coordinates": [ [ [ 127.5875, 36.6875 ], [ 127.5875, 36.7375 ], [ 127.5375, 36.7375 ], [ 127.5375, 36.6875 ], [ 127.5875, 36.6875 ] ] ] } },
{ "type": "Feature", "properties": { "grad_nT_km": 6.8, "tier": "gentle", "score": 9.8 }, "geometry": { "type": "Polygon", "coordinates": [ [ [ 127.6375, 36.6875 ], [ 127.6375, 36.7375 ], [ 127.5875, 36.7375 ], [ 127.5875, 36.6875 ], [ 127.6375, 36.6875 ] ] ] } },
{ "type": "Feature", "properties": { "grad_nT_km": 7.9, "tier": "gentle", "score": 9.5 }, "geometry": { "type": "Polygon", "coordinates": [ [ [ 127.6875, 36.6875 ], [ 127.6875, 36.7375 ], [ 127.6375, 36.7375 ], [ 127.6375, 36.6875 ], [ 127.6875, 36.6875 ] ] ] } },
{ "type": "Feature", "properties": { "grad_nT_km": 12.4, "tier": "gentle", "score": 8.1 }, "geometry": { "type": "Polygon", "coordinates": [ [ [ 127.7875, 36.6875 ], [ 127.7875, 36.7375 ], [ 127.7375, 36.7375 ], [ 127.7375, 36.6875 ], [ 127.7875, 36.6875 ] ] ] } },
{ "type": "Feature", "properties": { "grad_nT_km": 5.0, "tier": "gentle", "score": 10.0 }, "geometry": { "type": "Polygon", "coordinates": [ [ [ 127.9875, 36.6875 ], [ 127.9875, 36.7375 ], [ 127.9375, 36.7375 ], [ 127.9375, 36.6875 ], [ 127.9875, 36.6875 ] ] ] } },
{ "type": "Feature", "properties": { "grad_nT_km": 9.4, "tier": "gentle", "score": 9.0 }, "geometry": { "type": "Polygon", "coordinates": [ [ [ 128.1375, 36.6875 ], [ 128.1375, 36.7375 ], [ 128.0875, 36.7375 ], [ 128.0875, 36.6875 ], [ 128.1375, 36.6875 ] ] ] } },
{ "type": "Feature", "properties": { "grad_nT_km": 7.3, "tier": "gentle", "score": 9.6 }, "geometry": { "type": "Polygon", "coordinates": [ [ [ 128.1875, 36.6875 ], [ 128.1875, 36.7375 ], [ 128.1375, 36.7375 ], [ 128.1375, 36.6875 ], [ 128.1875, 36.6875 ] ] ] } },
{ "type": "Feature", "properties": { "grad_nT_km": 10.7, "tier": "gentle", "score": 8.6 }, "geometry": { "type": "Polygon", "coordinates": [ [ [ 128.2875, 36.6875 ], [ 128.2875, 36.7375 ], [ 128.2375, 36.7375 ], [ 128.2375, 36.6875 ], [ 128.2875, 36.6875 ] ] ] } },
{ "type": "Feature", "properties": { "grad_nT_km": 10.5, "tier": "gentle", "score": 8.7 }, "geometry": { "type": "Polygon", "coordinates": [ [ [ 128.3375, 36.6875 ], [ 128.3375, 36.7375 ], [ 128.2875, 36.7375 ], [ 128.2875, 36.6875 ], [ 128.3375, 36.6875 ] ] ] } },
{ "type": "Feature", "properties": { "grad_nT_km": 7.8, "tier": "gentle", "score": 9.5 }, "geometry": { "type": "Polygon", "coordinates": [ [ [ 128.3875, 36.6875 ], [ 128.3875, 36.7375 ], [ 128.3375, 36.7375 ], [ 128.3375, 36.6875 ], [ 128.3875, 36.6875 ] ] ] } },
{ "type": "Feature", "properties": { "grad_nT_km": 8.3, "tier": "gentle", "score": 9.4 }, "geometry": { "type": "Polygon", "coordinates": [ [ [ 128.4875, 36.6875 ], [ 128.4875, 36.7375 ], [ 128.4375, 36.7375 ], [ 128.4375, 36.6875 ], [ 128.4875, 36.6875 ] ] ] } },
{ "type": "Feature", "properties": { "grad_nT_km": 9.6, "tier": "gentle", "score": 9.0 }, "geometry": { "type": "Polygon", "coordinates": [ [ [ 128.5875, 36.6875 ], [ 128.5875, 36.7375 ], [ 128.5375, 36.7375 ], [ 128.5375, 36.6875 ], [ 128.5875, 36.6875 ] ] ] } },
{ "type": "Feature", "properties": { "grad_nT_km": 10.9, "tier": "gentle", "score": 8.6 }, "geometry": { "type": "Polygon", "coordinates": [ [ [ 128.8375, 36.6875 ], [ 128.8375, 36.7375 ], [ 128.7875, 36.7375 ], [ 128.7875, 36.6875 ], [ 128.8375, 36.6875 ] ] ] } },
{ "type": "Feature", "properties": { "grad_nT_km": 7.1, "tier": "gentle", "score": 9.7 }, "geometry": { "type": "Polygon", "coordinates": [ [ [ 128.9375, 36.6875 ], [ 128.9375, 36.7375 ], [ 128.8875, 36.7375 ], [ 128.8875, 36.6875 ], [ 128.9375, 36.6875 ] ] ] } },
{ "type": "Feature", "properties": { "grad_nT_km": 13.1, "tier": "gentle", "score": 7.9 }, "geometry": { "type": "Polygon", "coordinates": [ [ [ 128.9875, 36.6875 ], [ 128.9875, 36.7375 ], [ 128.9375, 36.7375 ], [ 128.9375, 36.6875 ], [ 128.9875, 36.6875 ] ] ] } },
{ "type": "Feature", "properties": { "grad_nT_km": 8.7, "tier": "gentle", "score": 9.2 }, "geometry": { "type": "Polygon", "coordinates": [ [ [ 129.4875, 36.6875 ], [ 129.4875, 36.7375 ], [ 129.4375, 36.7375 ], [ 129.4375, 36.6875 ], [ 129.4875, 36.6875 ] ] ] } },
{ "type": "Feature", "properties": { "grad_nT_km": 10.2, "tier": "gentle", "score": 8.8 }, "geometry": { "type": "Polygon", "coordinates": [ [ [ 126.1375, 36.7375 ], [ 126.1375, 36.7875 ], [ 126.0875, 36.7875 ], [ 126.0875, 36.7375 ], [ 126.1375, 36.7375 ] ] ] } },
{ "type": "Feature", "properties": { "grad_nT_km": 8.5, "tier": "gentle", "score": 9.3 }, "geometry": { "type": "Polygon", "coordinates": [ [ [ 126.1875, 36.7375 ], [ 126.1875, 36.7875 ], [ 126.1375, 36.7875 ], [ 126.1375, 36.7375 ], [ 126.1875, 36.7375 ] ] ] } },
{ "type": "Feature", "properties": { "grad_nT_km": 12.8, "tier": "gentle", "score": 8.0 }, "geometry": { "type": "Polygon", "coordinates": [ [ [ 126.2875, 36.7375 ], [ 126.2875, 36.7875 ], [ 126.2375, 36.7875 ], [ 126.2375, 36.7375 ], [ 126.2875, 36.7375 ] ] ] } },
{ "type": "Feature", "properties": { "grad_nT_km": 11.4, "tier": "gentle", "score": 8.4 }, "geometry": { "type": "Polygon", "coordinates": [ [ [ 126.3375, 36.7375 ], [ 126.3375, 36.7875 ], [ 126.2875, 36.7875 ], [ 126.2875, 36.7375 ], [ 126.3375, 36.7375 ] ] ] } },
{ "type": "Feature", "properties": { "grad_nT_km": 7.0, "tier": "gentle", "score": 9.7 }, "geometry": { "type": "Polygon", "coordinates": [ [ [ 126.5375, 36.7375 ], [ 126.5375, 36.7875 ], [ 126.4875, 36.7875 ], [ 126.4875, 36.7375 ], [ 126.5375, 36.7375 ] ] ] } },
{ "type": "Feature", "properties": { "grad_nT_km": 14.4, "tier": "gentle", "score": 7.5 }, "geometry": { "type": "Polygon", "coordinates": [ [ [ 126.5875, 36.7375 ], [ 126.5875, 36.7875 ], [ 126.5375, 36.7875 ], [ 126.5375, 36.7375 ], [ 126.5875, 36.7375 ] ] ] } },
{ "type": "Feature", "properties": { "grad_nT_km": 7.2, "tier": "gentle", "score": 9.7 }, "geometry": { "type": "Polygon", "coordinates": [ [ [ 126.6375, 36.7375 ], [ 126.6375, 36.7875 ], [ 126.5875, 36.7875 ], [ 126.5875, 36.7375 ], [ 126.6375, 36.7375 ] ] ] } },
{ "type": "Feature", "properties": { "grad_nT_km": 8.3, "tier": "gentle", "score": 9.4 }, "geometry": { "type": "Polygon", "coordinates": [ [ [ 126.8375, 36.7375 ], [ 126.8375, 36.7875 ], [ 126.7875, 36.7875 ], [ 126.7875, 36.7375 ], [ 126.8375, 36.7375 ] ] ] } },
{ "type": "Feature", "properties": { "grad_nT_km": 7.5, "tier": "gentle", "score": 9.6 }, "geometry": { "type": "Polygon", "coordinates": [ [ [ 126.8875, 36.7375 ], [ 126.8875, 36.7875 ], [ 126.8375, 36.7875 ], [ 126.8375, 36.7375 ], [ 126.8875, 36.7375 ] ] ] } },
{ "type": "Feature", "properties": { "grad_nT_km": 5.5, "tier": "gentle", "score": 10.0 }, "geometry": { "type": "Polygon", "coordinates": [ [ [ 126.9375, 36.7375 ], [ 126.9375, 36.7875 ], [ 126.8875, 36.7875 ], [ 126.8875, 36.7375 ], [ 126.9375, 36.7375 ] ] ] } },
{ "type": "Feature", "properties": { "grad_nT_km": 13.0, "tier": "gentle", "score": 7.9 }, "geometry": { "type": "Polygon", "coordinates": [ [ [ 126.9875, 36.7375 ], [ 126.9875, 36.7875 ], [ 126.9375, 36.7875 ], [ 126.9375, 36.7375 ], [ 126.9875, 36.7375 ] ] ] } },
{ "type": "Feature", "properties": { "grad_nT_km": 14.4, "tier": "gentle", "score": 7.5 }, "geometry": { "type": "Polygon", "coordinates": [ [ [ 127.0375, 36.7375 ], [ 127.0375, 36.7875 ], [ 126.9875, 36.7875 ], [ 126.9875, 36.7375 ], [ 127.0375, 36.7375 ] ] ] } },
{ "type": "Feature", "properties": { "grad_nT_km": 9.9, "tier": "gentle", "score": 8.9 }, "geometry": { "type": "Polygon", "coordinates": [ [ [ 127.0875, 36.7375 ], [ 127.0875, 36.7875 ], [ 127.0375, 36.7875 ], [ 127.0375, 36.7375 ], [ 127.0875, 36.7375 ] ] ] } },
{ "type": "Feature", "properties": { "grad_nT_km": 12.1, "tier": "gentle", "score": 8.2 }, "geometry": { "type": "Polygon", "coordinates": [ [ [ 127.1375, 36.7375 ], [ 127.1375, 36.7875 ], [ 127.0875, 36.7875 ], [ 127.0875, 36.7375 ], [ 127.1375, 36.7375 ] ] ] } },
{ "type": "Feature", "properties": { "grad_nT_km": 9.6, "tier": "gentle", "score": 9.0 }, "geometry": { "type": "Polygon", "coordinates": [ [ [ 127.1875, 36.7375 ], [ 127.1875, 36.7875 ], [ 127.1375, 36.7875 ], [ 127.1375, 36.7375 ], [ 127.1875, 36.7375 ] ] ] } },
{ "type": "Feature", "properties": { "grad_nT_km": 12.2, "tier": "gentle", "score": 8.2 }, "geometry": { "type": "Polygon", "coordinates": [ [ [ 127.2375, 36.7375 ], [ 127.2375, 36.7875 ], [ 127.1875, 36.7875 ], [ 127.1875, 36.7375 ], [ 127.2375, 36.7375 ] ] ] } },
{ "type": "Feature", "properties": { "grad_nT_km": 8.7, "tier": "gentle", "score": 9.3 }, "geometry": { "type": "Polygon", "coordinates": [ [ [ 127.3375, 36.7375 ], [ 127.3375, 36.7875 ], [ 127.2875, 36.7875 ], [ 127.2875, 36.7375 ], [ 127.3375, 36.7375 ] ] ] } },
{ "type": "Feature", "properties": { "grad_nT_km": 9.9, "tier": "gentle", "score": 8.9 }, "geometry": { "type": "Polygon", "coordinates": [ [ [ 127.3875, 36.7375 ], [ 127.3875, 36.7875 ], [ 127.3375, 36.7875 ], [ 127.3375, 36.7375 ], [ 127.3875, 36.7375 ] ] ] } },
{ "type": "Feature", "properties": { "grad_nT_km": 13.6, "tier": "gentle", "score": 7.7 }, "geometry": { "type": "Polygon", "coordinates": [ [ [ 127.4875, 36.7375 ], [ 127.4875, 36.7875 ], [ 127.4375, 36.7875 ], [ 127.4375, 36.7375 ], [ 127.4875, 36.7375 ] ] ] } },
{ "type": "Feature", "properties": { "grad_nT_km": 7.0, "tier": "gentle", "score": 9.7 }, "geometry": { "type": "Polygon", "coordinates": [ [ [ 127.6375, 36.7375 ], [ 127.6375, 36.7875 ], [ 127.5875, 36.7875 ], [ 127.5875, 36.7375 ], [ 127.6375, 36.7375 ] ] ] } },
{ "type": "Feature", "properties": { "grad_nT_km": 8.3, "tier": "gentle", "score": 9.4 }, "geometry": { "type": "Polygon", "coordinates": [ [ [ 127.6875, 36.7375 ], [ 127.6875, 36.7875 ], [ 127.6375, 36.7875 ], [ 127.6375, 36.7375 ], [ 127.6875, 36.7375 ] ] ] } },
{ "type": "Feature", "properties": { "grad_nT_km": 11.4, "tier": "gentle", "score": 8.4 }, "geometry": { "type": "Polygon", "coordinates": [ [ [ 127.7375, 36.7375 ], [ 127.7375, 36.7875 ], [ 127.6875, 36.7875 ], [ 127.6875, 36.7375 ], [ 127.7375, 36.7375 ] ] ] } },
{ "type": "Feature", "properties": { "grad_nT_km": 14.4, "tier": "gentle", "score": 7.5 }, "geometry": { "type": "Polygon", "coordinates": [ [ [ 127.9375, 36.7375 ], [ 127.9375, 36.7875 ], [ 127.8875, 36.7875 ], [ 127.8875, 36.7375 ], [ 127.9375, 36.7375 ] ] ] } },
{ "type": "Feature", "properties": { "grad_nT_km": 14.3, "tier": "gentle", "score": 7.5 }, "geometry": { "type": "Polygon", "coordinates": [ [ [ 127.9875, 36.7375 ], [ 127.9875, 36.7875 ], [ 127.9375, 36.7875 ], [ 127.9375, 36.7375 ], [ 127.9875, 36.7375 ] ] ] } },
{ "type": "Feature", "properties": { "grad_nT_km": 9.3, "tier": "gentle", "score": 9.1 }, "geometry": { "type": "Polygon", "coordinates": [ [ [ 128.0375, 36.7375 ], [ 128.0375, 36.7875 ], [ 127.9875, 36.7875 ], [ 127.9875, 36.7375 ], [ 128.0375, 36.7375 ] ] ] } },
{ "type": "Feature", "properties": { "grad_nT_km": 5.1, "tier": "gentle", "score": 10.0 }, "geometry": { "type": "Polygon", "coordinates": [ [ [ 128.0875, 36.7375 ], [ 128.0875, 36.7875 ], [ 128.0375, 36.7875 ], [ 128.0375, 36.7375 ], [ 128.0875, 36.7375 ] ] ] } },
{ "type": "Feature", "properties": { "grad_nT_km": 5.7, "tier": "gentle", "score": 10.0 }, "geometry": { "type": "Polygon", "coordinates": [ [ [ 128.1875, 36.7375 ], [ 128.1875, 36.7875 ], [ 128.1375, 36.7875 ], [ 128.1375, 36.7375 ], [ 128.1875, 36.7375 ] ] ] } },
{ "type": "Feature", "properties": { "grad_nT_km": 12.1, "tier": "gentle", "score": 8.2 }, "geometry": { "type": "Polygon", "coordinates": [ [ [ 128.2375, 36.7375 ], [ 128.2375, 36.7875 ], [ 128.1875, 36.7875 ], [ 128.1875, 36.7375 ], [ 128.2375, 36.7375 ] ] ] } },
{ "type": "Feature", "properties": { "grad_nT_km": 13.6, "tier": "gentle", "score": 7.8 }, "geometry": { "type": "Polygon", "coordinates": [ [ [ 128.2875, 36.7375 ], [ 128.2875, 36.7875 ], [ 128.2375, 36.7875 ], [ 128.2375, 36.7375 ], [ 128.2875, 36.7375 ] ] ] } },
{ "type": "Feature", "properties": { "grad_nT_km": 5.3, "tier": "gentle", "score": 10.0 }, "geometry": { "type": "Polygon", "coordinates": [ [ [ 128.3875, 36.7375 ], [ 128.3875, 36.7875 ], [ 128.3375, 36.7875 ], [ 128.3375, 36.7375 ], [ 128.3875, 36.7375 ] ] ] } },
{ "type": "Feature", "properties": { "grad_nT_km": 7.7, "tier": "gentle", "score": 9.5 }, "geometry": { "type": "Polygon", "coordinates": [ [ [ 128.4375, 36.7375 ], [ 128.4375, 36.7875 ], [ 128.3875, 36.7875 ], [ 128.3875, 36.7375 ], [ 128.4375, 36.7375 ] ] ] } },
{ "type": "Feature", "properties": { "grad_nT_km": 8.2, "tier": "gentle", "score": 9.4 }, "geometry": { "type": "Polygon", "coordinates": [ [ [ 128.4875, 36.7375 ], [ 128.4875, 36.7875 ], [ 128.4375, 36.7875 ], [ 128.4375, 36.7375 ], [ 128.4875, 36.7375 ] ] ] } },
{ "type": "Feature", "properties": { "grad_nT_km": 6.6, "tier": "gentle", "score": 9.8 }, "geometry": { "type": "Polygon", "coordinates": [ [ [ 128.5875, 36.7375 ], [ 128.5875, 36.7875 ], [ 128.5375, 36.7875 ], [ 128.5375, 36.7375 ], [ 128.5875, 36.7375 ] ] ] } },
{ "type": "Feature", "properties": { "grad_nT_km": 7.4, "tier": "gentle", "score": 9.6 }, "geometry": { "type": "Polygon", "coordinates": [ [ [ 128.6875, 36.7375 ], [ 128.6875, 36.7875 ], [ 128.6375, 36.7875 ], [ 128.6375, 36.7375 ], [ 128.6875, 36.7375 ] ] ] } },
{ "type": "Feature", "properties": { "grad_nT_km": 14.5, "tier": "gentle", "score": 7.5 }, "geometry": { "type": "Polygon", "coordinates": [ [ [ 128.7375, 36.7375 ], [ 128.7375, 36.7875 ], [ 128.6875, 36.7875 ], [ 128.6875, 36.7375 ], [ 128.7375, 36.7375 ] ] ] } },
{ "type": "Feature", "properties": { "grad_nT_km": 9.0, "tier": "gentle", "score": 9.2 }, "geometry": { "type": "Polygon", "coordinates": [ [ [ 128.8875, 36.7375 ], [ 128.8875, 36.7875 ], [ 128.8375, 36.7875 ], [ 128.8375, 36.7375 ], [ 128.8875, 36.7375 ] ] ] } },
{ "type": "Feature", "properties": { "grad_nT_km": 7.6, "tier": "gentle", "score": 9.6 }, "geometry": { "type": "Polygon", "coordinates": [ [ [ 128.9375, 36.7375 ], [ 128.9375, 36.7875 ], [ 128.8875, 36.7875 ], [ 128.8875, 36.7375 ], [ 128.9375, 36.7375 ] ] ] } },
{ "type": "Feature", "properties": { "grad_nT_km": 6.1, "tier": "gentle", "score": 9.9 }, "geometry": { "type": "Polygon", "coordinates": [ [ [ 128.9875, 36.7375 ], [ 128.9875, 36.7875 ], [ 128.9375, 36.7875 ], [ 128.9375, 36.7375 ], [ 128.9875, 36.7375 ] ] ] } },
{ "type": "Feature", "properties": { "grad_nT_km": 10.6, "tier": "gentle", "score": 8.6 }, "geometry": { "type": "Polygon", "coordinates": [ [ [ 129.0375, 36.7375 ], [ 129.0375, 36.7875 ], [ 128.9875, 36.7875 ], [ 128.9875, 36.7375 ], [ 129.0375, 36.7375 ] ] ] } },
{ "type": "Feature", "properties": { "grad_nT_km": 11.3, "tier": "gentle", "score": 8.5 }, "geometry": { "type": "Polygon", "coordinates": [ [ [ 126.0375, 36.7875 ], [ 126.0375, 36.8375 ], [ 125.9875, 36.8375 ], [ 125.9875, 36.7875 ], [ 126.0375, 36.7875 ] ] ] } },
{ "type": "Feature", "properties": { "grad_nT_km": 8.2, "tier": "gentle", "score": 9.4 }, "geometry": { "type": "Polygon", "coordinates": [ [ [ 126.0875, 36.7875 ], [ 126.0875, 36.8375 ], [ 126.0375, 36.8375 ], [ 126.0375, 36.7875 ], [ 126.0875, 36.7875 ] ] ] } },
{ "type": "Feature", "properties": { "grad_nT_km": 12.3, "tier": "gentle", "score": 8.1 }, "geometry": { "type": "Polygon", "coordinates": [ [ [ 126.2875, 36.7875 ], [ 126.2875, 36.8375 ], [ 126.2375, 36.8375 ], [ 126.2375, 36.7875 ], [ 126.2875, 36.7875 ] ] ] } },
{ "type": "Feature", "properties": { "grad_nT_km": 7.8, "tier": "gentle", "score": 9.5 }, "geometry": { "type": "Polygon", "coordinates": [ [ [ 126.3375, 36.7875 ], [ 126.3375, 36.8375 ], [ 126.2875, 36.8375 ], [ 126.2875, 36.7875 ], [ 126.3375, 36.7875 ] ] ] } },
{ "type": "Feature", "properties": { "grad_nT_km": 12.8, "tier": "gentle", "score": 8.0 }, "geometry": { "type": "Polygon", "coordinates": [ [ [ 126.3875, 36.7875 ], [ 126.3875, 36.8375 ], [ 126.3375, 36.8375 ], [ 126.3375, 36.7875 ], [ 126.3875, 36.7875 ] ] ] } },
{ "type": "Feature", "properties": { "grad_nT_km": 10.3, "tier": "gentle", "score": 8.7 }, "geometry": { "type": "Polygon", "coordinates": [ [ [ 126.6375, 36.7875 ], [ 126.6375, 36.8375 ], [ 126.5875, 36.8375 ], [ 126.5875, 36.7875 ], [ 126.6375, 36.7875 ] ] ] } },
{ "type": "Feature", "properties": { "grad_nT_km": 10.6, "tier": "gentle", "score": 8.7 }, "geometry": { "type": "Polygon", "coordinates": [ [ [ 126.8375, 36.7875 ], [ 126.8375, 36.8375 ], [ 126.7875, 36.8375 ], [ 126.7875, 36.7875 ], [ 126.8375, 36.7875 ] ] ] } },
{ "type": "Feature", "properties": { "grad_nT_km": 6.9, "tier": "gentle", "score": 9.7 }, "geometry": { "type": "Polygon", "coordinates": [ [ [ 126.8875, 36.7875 ], [ 126.8875, 36.8375 ], [ 126.8375, 36.8375 ], [ 126.8375, 36.7875 ], [ 126.8875, 36.7875 ] ] ] } },
{ "type": "Feature", "properties": { "grad_nT_km": 6.3, "tier": "gentle", "score": 9.9 }, "geometry": { "type": "Polygon", "coordinates": [ [ [ 127.0375, 36.7875 ], [ 127.0375, 36.8375 ], [ 126.9875, 36.8375 ], [ 126.9875, 36.7875 ], [ 127.0375, 36.7875 ] ] ] } },
{ "type": "Feature", "properties": { "grad_nT_km": 5.0, "tier": "gentle", "score": 10.0 }, "geometry": { "type": "Polygon", "coordinates": [ [ [ 127.2875, 36.7875 ], [ 127.2875, 36.8375 ], [ 127.2375, 36.8375 ], [ 127.2375, 36.7875 ], [ 127.2875, 36.7875 ] ] ] } },
{ "type": "Feature", "properties": { "grad_nT_km": 5.2, "tier": "gentle", "score": 10.0 }, "geometry": { "type": "Polygon", "coordinates": [ [ [ 127.3375, 36.7875 ], [ 127.3375, 36.8375 ], [ 127.2875, 36.8375 ], [ 127.2875, 36.7875 ], [ 127.3375, 36.7875 ] ] ] } },
{ "type": "Feature", "properties": { "grad_nT_km": 6.9, "tier": "gentle", "score": 9.7 }, "geometry": { "type": "Polygon", "coordinates": [ [ [ 127.3875, 36.7875 ], [ 127.3875, 36.8375 ], [ 127.3375, 36.8375 ], [ 127.3375, 36.7875 ], [ 127.3875, 36.7875 ] ] ] } },
{ "type": "Feature", "properties": { "grad_nT_km": 6.1, "tier": "gentle", "score": 9.9 }, "geometry": { "type": "Polygon", "coordinates": [ [ [ 127.4375, 36.7875 ], [ 127.4375, 36.8375 ], [ 127.3875, 36.8375 ], [ 127.3875, 36.7875 ], [ 127.4375, 36.7875 ] ] ] } },
{ "type": "Feature", "properties": { "grad_nT_km": 9.2, "tier": "gentle", "score": 9.1 }, "geometry": { "type": "Polygon", "coordinates": [ [ [ 127.4875, 36.7875 ], [ 127.4875, 36.8375 ], [ 127.4375, 36.8375 ], [ 127.4375, 36.7875 ], [ 127.4875, 36.7875 ] ] ] } },
{ "type": "Feature", "properties": { "grad_nT_km": 9.8, "tier": "gentle", "score": 8.9 }, "geometry": { "type": "Polygon", "coordinates": [ [ [ 127.5375, 36.7875 ], [ 127.5375, 36.8375 ], [ 127.4875, 36.8375 ], [ 127.4875, 36.7875 ], [ 127.5375, 36.7875 ] ] ] } },
{ "type": "Feature", "properties": { "grad_nT_km": 7.5, "tier": "gentle", "score": 9.6 }, "geometry": { "type": "Polygon", "coordinates": [ [ [ 127.5875, 36.7875 ], [ 127.5875, 36.8375 ], [ 127.5375, 36.8375 ], [ 127.5375, 36.7875 ], [ 127.5875, 36.7875 ] ] ] } },
{ "type": "Feature", "properties": { "grad_nT_km": 10.0, "tier": "gentle", "score": 8.8 }, "geometry": { "type": "Polygon", "coordinates": [ [ [ 127.6375, 36.7875 ], [ 127.6375, 36.8375 ], [ 127.5875, 36.8375 ], [ 127.5875, 36.7875 ], [ 127.6375, 36.7875 ] ] ] } },
{ "type": "Feature", "properties": { "grad_nT_km": 6.5, "tier": "gentle", "score": 9.8 }, "geometry": { "type": "Polygon", "coordinates": [ [ [ 127.6875, 36.7875 ], [ 127.6875, 36.8375 ], [ 127.6375, 36.8375 ], [ 127.6375, 36.7875 ], [ 127.6875, 36.7875 ] ] ] } },
{ "type": "Feature", "properties": { "grad_nT_km": 10.2, "tier": "gentle", "score": 8.8 }, "geometry": { "type": "Polygon", "coordinates": [ [ [ 127.7375, 36.7875 ], [ 127.7375, 36.8375 ], [ 127.6875, 36.8375 ], [ 127.6875, 36.7875 ], [ 127.7375, 36.7875 ] ] ] } },
{ "type": "Feature", "properties": { "grad_nT_km": 11.8, "tier": "gentle", "score": 8.3 }, "geometry": { "type": "Polygon", "coordinates": [ [ [ 127.9875, 36.7875 ], [ 127.9875, 36.8375 ], [ 127.9375, 36.8375 ], [ 127.9375, 36.7875 ], [ 127.9875, 36.7875 ] ] ] } },
{ "type": "Feature", "properties": { "grad_nT_km": 5.5, "tier": "gentle", "score": 10.0 }, "geometry": { "type": "Polygon", "coordinates": [ [ [ 128.0375, 36.7875 ], [ 128.0375, 36.8375 ], [ 127.9875, 36.8375 ], [ 127.9875, 36.7875 ], [ 128.0375, 36.7875 ] ] ] } },
{ "type": "Feature", "properties": { "grad_nT_km": 5.0, "tier": "gentle", "score": 10.0 }, "geometry": { "type": "Polygon", "coordinates": [ [ [ 128.0875, 36.7875 ], [ 128.0875, 36.8375 ], [ 128.0375, 36.8375 ], [ 128.0375, 36.7875 ], [ 128.0875, 36.7875 ] ] ] } },
{ "type": "Feature", "properties": { "grad_nT_km": 8.0, "tier": "gentle", "score": 9.5 }, "geometry": { "type": "Polygon", "coordinates": [ [ [ 128.1375, 36.7875 ], [ 128.1375, 36.8375 ], [ 128.0875, 36.8375 ], [ 128.0875, 36.7875 ], [ 128.1375, 36.7875 ] ] ] } },
{ "type": "Feature", "properties": { "grad_nT_km": 6.3, "tier": "gentle", "score": 9.9 }, "geometry": { "type": "Polygon", "coordinates": [ [ [ 128.1875, 36.7875 ], [ 128.1875, 36.8375 ], [ 128.1375, 36.8375 ], [ 128.1375, 36.7875 ], [ 128.1875, 36.7875 ] ] ] } },
{ "type": "Feature", "properties": { "grad_nT_km": 6.7, "tier": "gentle", "score": 9.8 }, "geometry": { "type": "Polygon", "coordinates": [ [ [ 128.2875, 36.7875 ], [ 128.2875, 36.8375 ], [ 128.2375, 36.8375 ], [ 128.2375, 36.7875 ], [ 128.2875, 36.7875 ] ] ] } },
{ "type": "Feature", "properties": { "grad_nT_km": 7.6, "tier": "gentle", "score": 9.6 }, "geometry": { "type": "Polygon", "coordinates": [ [ [ 128.4375, 36.7875 ], [ 128.4375, 36.8375 ], [ 128.3875, 36.8375 ], [ 128.3875, 36.7875 ], [ 128.4375, 36.7875 ] ] ] } },
{ "type": "Feature", "properties": { "grad_nT_km": 6.6, "tier": "gentle", "score": 9.8 }, "geometry": { "type": "Polygon", "coordinates": [ [ [ 128.4875, 36.7875 ], [ 128.4875, 36.8375 ], [ 128.4375, 36.8375 ], [ 128.4375, 36.7875 ], [ 128.4875, 36.7875 ] ] ] } },
{ "type": "Feature", "properties": { "grad_nT_km": 9.1, "tier": "gentle", "score": 9.1 }, "geometry": { "type": "Polygon", "coordinates": [ [ [ 128.5375, 36.7875 ], [ 128.5375, 36.8375 ], [ 128.4875, 36.8375 ], [ 128.4875, 36.7875 ], [ 128.5375, 36.7875 ] ] ] } },
{ "type": "Feature", "properties": { "grad_nT_km": 6.8, "tier": "gentle", "score": 9.8 }, "geometry": { "type": "Polygon", "coordinates": [ [ [ 128.5875, 36.7875 ], [ 128.5875, 36.8375 ], [ 128.5375, 36.8375 ], [ 128.5375, 36.7875 ], [ 128.5875, 36.7875 ] ] ] } },
{ "type": "Feature", "properties": { "grad_nT_km": 8.5, "tier": "gentle", "score": 9.3 }, "geometry": { "type": "Polygon", "coordinates": [ [ [ 128.7375, 36.7875 ], [ 128.7375, 36.8375 ], [ 128.6875, 36.8375 ], [ 128.6875, 36.7875 ], [ 128.7375, 36.7875 ] ] ] } },
{ "type": "Feature", "properties": { "grad_nT_km": 8.5, "tier": "gentle", "score": 9.3 }, "geometry": { "type": "Polygon", "coordinates": [ [ [ 128.7875, 36.7875 ], [ 128.7875, 36.8375 ], [ 128.7375, 36.8375 ], [ 128.7375, 36.7875 ], [ 128.7875, 36.7875 ] ] ] } },
{ "type": "Feature", "properties": { "grad_nT_km": 11.1, "tier": "gentle", "score": 8.5 }, "geometry": { "type": "Polygon", "coordinates": [ [ [ 128.8875, 36.7875 ], [ 128.8875, 36.8375 ], [ 128.8375, 36.8375 ], [ 128.8375, 36.7875 ], [ 128.8875, 36.7875 ] ] ] } },
{ "type": "Feature", "properties": { "grad_nT_km": 7.9, "tier": "gentle", "score": 9.5 }, "geometry": { "type": "Polygon", "coordinates": [ [ [ 128.9375, 36.7875 ], [ 128.9375, 36.8375 ], [ 128.8875, 36.8375 ], [ 128.8875, 36.7875 ], [ 128.9375, 36.7875 ] ] ] } },
{ "type": "Feature", "properties": { "grad_nT_km": 8.6, "tier": "gentle", "score": 9.3 }, "geometry": { "type": "Polygon", "coordinates": [ [ [ 128.9875, 36.7875 ], [ 128.9875, 36.8375 ], [ 128.9375, 36.8375 ], [ 128.9375, 36.7875 ], [ 128.9875, 36.7875 ] ] ] } },
{ "type": "Feature", "properties": { "grad_nT_km": 14.3, "tier": "gentle", "score": 7.5 }, "geometry": { "type": "Polygon", "coordinates": [ [ [ 129.0375, 36.7875 ], [ 129.0375, 36.8375 ], [ 128.9875, 36.8375 ], [ 128.9875, 36.7875 ], [ 129.0375, 36.7875 ] ] ] } },
{ "type": "Feature", "properties": { "grad_nT_km": 14.3, "tier": "gentle", "score": 7.5 }, "geometry": { "type": "Polygon", "coordinates": [ [ [ 129.0875, 36.7875 ], [ 129.0875, 36.8375 ], [ 129.0375, 36.8375 ], [ 129.0375, 36.7875 ], [ 129.0875, 36.7875 ] ] ] } },
{ "type": "Feature", "properties": { "grad_nT_km": 12.9, "tier": "gentle", "score": 8.0 }, "geometry": { "type": "Polygon", "coordinates": [ [ [ 129.1375, 36.7875 ], [ 129.1375, 36.8375 ], [ 129.0875, 36.8375 ], [ 129.0875, 36.7875 ], [ 129.1375, 36.7875 ] ] ] } },
{ "type": "Feature", "properties": { "grad_nT_km": 11.7, "tier": "gentle", "score": 8.3 }, "geometry": { "type": "Polygon", "coordinates": [ [ [ 129.1875, 36.7875 ], [ 129.1875, 36.8375 ], [ 129.1375, 36.8375 ], [ 129.1375, 36.7875 ], [ 129.1875, 36.7875 ] ] ] } },
{ "type": "Feature", "properties": { "grad_nT_km": 13.4, "tier": "gentle", "score": 7.8 }, "geometry": { "type": "Polygon", "coordinates": [ [ [ 129.2875, 36.7875 ], [ 129.2875, 36.8375 ], [ 129.2375, 36.8375 ], [ 129.2375, 36.7875 ], [ 129.2875, 36.7875 ] ] ] } },
{ "type": "Feature", "properties": { "grad_nT_km": 6.0, "tier": "gentle", "score": 9.9 }, "geometry": { "type": "Polygon", "coordinates": [ [ [ 129.4375, 36.7875 ], [ 129.4375, 36.8375 ], [ 129.3875, 36.8375 ], [ 129.3875, 36.7875 ], [ 129.4375, 36.7875 ] ] ] } },
{ "type": "Feature", "properties": { "grad_nT_km": 14.5, "tier": "gentle", "score": 7.5 }, "geometry": { "type": "Polygon", "coordinates": [ [ [ 126.2875, 36.8375 ], [ 126.2875, 36.8875 ], [ 126.2375, 36.8875 ], [ 126.2375, 36.8375 ], [ 126.2875, 36.8375 ] ] ] } },
{ "type": "Feature", "properties": { "grad_nT_km": 13.6, "tier": "gentle", "score": 7.7 }, "geometry": { "type": "Polygon", "coordinates": [ [ [ 126.3375, 36.8375 ], [ 126.3375, 36.8875 ], [ 126.2875, 36.8875 ], [ 126.2875, 36.8375 ], [ 126.3375, 36.8375 ] ] ] } },
{ "type": "Feature", "properties": { "grad_nT_km": 6.7, "tier": "gentle", "score": 9.8 }, "geometry": { "type": "Polygon", "coordinates": [ [ [ 126.3875, 36.8375 ], [ 126.3875, 36.8875 ], [ 126.3375, 36.8875 ], [ 126.3375, 36.8375 ], [ 126.3875, 36.8375 ] ] ] } },
{ "type": "Feature", "properties": { "grad_nT_km": 11.5, "tier": "gentle", "score": 8.4 }, "geometry": { "type": "Polygon", "coordinates": [ [ [ 126.4375, 36.8375 ], [ 126.4375, 36.8875 ], [ 126.3875, 36.8875 ], [ 126.3875, 36.8375 ], [ 126.4375, 36.8375 ] ] ] } },
{ "type": "Feature", "properties": { "grad_nT_km": 12.6, "tier": "gentle", "score": 8.0 }, "geometry": { "type": "Polygon", "coordinates": [ [ [ 126.5375, 36.8375 ], [ 126.5375, 36.8875 ], [ 126.4875, 36.8875 ], [ 126.4875, 36.8375 ], [ 126.5375, 36.8375 ] ] ] } },
{ "type": "Feature", "properties": { "grad_nT_km": 9.0, "tier": "gentle", "score": 9.2 }, "geometry": { "type": "Polygon", "coordinates": [ [ [ 126.5875, 36.8375 ], [ 126.5875, 36.8875 ], [ 126.5375, 36.8875 ], [ 126.5375, 36.8375 ], [ 126.5875, 36.8375 ] ] ] } },
{ "type": "Feature", "properties": { "grad_nT_km": 6.2, "tier": "gentle", "score": 9.9 }, "geometry": { "type": "Polygon", "coordinates": [ [ [ 126.6375, 36.8375 ], [ 126.6375, 36.8875 ], [ 126.5875, 36.8875 ], [ 126.5875, 36.8375 ], [ 126.6375, 36.8375 ] ] ] } },
{ "type": "Feature", "properties": { "grad_nT_km": 10.5, "tier": "gentle", "score": 8.7 }, "geometry": { "type": "Polygon", "coordinates": [ [ [ 126.6875, 36.8375 ], [ 126.6875, 36.8875 ], [ 126.6375, 36.8875 ], [ 126.6375, 36.8375 ], [ 126.6875, 36.8375 ] ] ] } },
{ "type": "Feature", "properties": { "grad_nT_km": 13.5, "tier": "gentle", "score": 7.8 }, "geometry": { "type": "Polygon", "coordinates": [ [ [ 126.8375, 36.8375 ], [ 126.8375, 36.8875 ], [ 126.7875, 36.8875 ], [ 126.7875, 36.8375 ], [ 126.8375, 36.8375 ] ] ] } },
{ "type": "Feature", "properties": { "grad_nT_km": 9.8, "tier": "gentle", "score": 8.9 }, "geometry": { "type": "Polygon", "coordinates": [ [ [ 126.8875, 36.8375 ], [ 126.8875, 36.8875 ], [ 126.8375, 36.8875 ], [ 126.8375, 36.8375 ], [ 126.8875, 36.8375 ] ] ] } },
{ "type": "Feature", "properties": { "grad_nT_km": 9.7, "tier": "gentle", "score": 8.9 }, "geometry": { "type": "Polygon", "coordinates": [ [ [ 126.9375, 36.8375 ], [ 126.9375, 36.8875 ], [ 126.8875, 36.8875 ], [ 126.8875, 36.8375 ], [ 126.9375, 36.8375 ] ] ] } },
{ "type": "Feature", "properties": { "grad_nT_km": 10.5, "tier": "gentle", "score": 8.7 }, "geometry": { "type": "Polygon", "coordinates": [ [ [ 126.9875, 36.8375 ], [ 126.9875, 36.8875 ], [ 126.9375, 36.8875 ], [ 126.9375, 36.8375 ], [ 126.9875, 36.8375 ] ] ] } },
{ "type": "Feature", "properties": { "grad_nT_km": 5.5, "tier": "gentle", "score": 10.0 }, "geometry": { "type": "Polygon", "coordinates": [ [ [ 127.1875, 36.8375 ], [ 127.1875, 36.8875 ], [ 127.1375, 36.8875 ], [ 127.1375, 36.8375 ], [ 127.1875, 36.8375 ] ] ] } },
{ "type": "Feature", "properties": { "grad_nT_km": 8.0, "tier": "gentle", "score": 9.5 }, "geometry": { "type": "Polygon", "coordinates": [ [ [ 127.4375, 36.8375 ], [ 127.4375, 36.8875 ], [ 127.3875, 36.8875 ], [ 127.3875, 36.8375 ], [ 127.4375, 36.8375 ] ] ] } },
{ "type": "Feature", "properties": { "grad_nT_km": 6.2, "tier": "gentle", "score": 9.9 }, "geometry": { "type": "Polygon", "coordinates": [ [ [ 127.4875, 36.8375 ], [ 127.4875, 36.8875 ], [ 127.4375, 36.8875 ], [ 127.4375, 36.8375 ], [ 127.4875, 36.8375 ] ] ] } },
{ "type": "Feature", "properties": { "grad_nT_km": 6.4, "tier": "gentle", "score": 9.8 }, "geometry": { "type": "Polygon", "coordinates": [ [ [ 127.5375, 36.8375 ], [ 127.5375, 36.8875 ], [ 127.4875, 36.8875 ], [ 127.4875, 36.8375 ], [ 127.5375, 36.8375 ] ] ] } },
{ "type": "Feature", "properties": { "grad_nT_km": 7.5, "tier": "gentle", "score": 9.6 }, "geometry": { "type": "Polygon", "coordinates": [ [ [ 127.6375, 36.8375 ], [ 127.6375, 36.8875 ], [ 127.5875, 36.8875 ], [ 127.5875, 36.8375 ], [ 127.6375, 36.8375 ] ] ] } },
{ "type": "Feature", "properties": { "grad_nT_km": 11.1, "tier": "gentle", "score": 8.5 }, "geometry": { "type": "Polygon", "coordinates": [ [ [ 127.6875, 36.8375 ], [ 127.6875, 36.8875 ], [ 127.6375, 36.8875 ], [ 127.6375, 36.8375 ], [ 127.6875, 36.8375 ] ] ] } },
{ "type": "Feature", "properties": { "grad_nT_km": 5.7, "tier": "gentle", "score": 10.0 }, "geometry": { "type": "Polygon", "coordinates": [ [ [ 128.0875, 36.8375 ], [ 128.0875, 36.8875 ], [ 128.0375, 36.8875 ], [ 128.0375, 36.8375 ], [ 128.0875, 36.8375 ] ] ] } },
{ "type": "Feature", "properties": { "grad_nT_km": 7.0, "tier": "gentle", "score": 9.7 }, "geometry": { "type": "Polygon", "coordinates": [ [ [ 128.1375, 36.8375 ], [ 128.1375, 36.8875 ], [ 128.0875, 36.8875 ], [ 128.0875, 36.8375 ], [ 128.1375, 36.8375 ] ] ] } },
{ "type": "Feature", "properties": { "grad_nT_km": 6.1, "tier": "gentle", "score": 9.9 }, "geometry": { "type": "Polygon", "coordinates": [ [ [ 128.1875, 36.8375 ], [ 128.1875, 36.8875 ], [ 128.1375, 36.8875 ], [ 128.1375, 36.8375 ], [ 128.1875, 36.8375 ] ] ] } },
{ "type": "Feature", "properties": { "grad_nT_km": 9.1, "tier": "gentle", "score": 9.1 }, "geometry": { "type": "Polygon", "coordinates": [ [ [ 128.2375, 36.8375 ], [ 128.2375, 36.8875 ], [ 128.1875, 36.8875 ], [ 128.1875, 36.8375 ], [ 128.2375, 36.8375 ] ] ] } },
{ "type": "Feature", "properties": { "grad_nT_km": 8.5, "tier": "gentle", "score": 9.3 }, "geometry": { "type": "Polygon", "coordinates": [ [ [ 128.3375, 36.8375 ], [ 128.3375, 36.8875 ], [ 128.2875, 36.8875 ], [ 128.2875, 36.8375 ], [ 128.3375, 36.8375 ] ] ] } },
{ "type": "Feature", "properties": { "grad_nT_km": 9.3, "tier": "gentle", "score": 9.1 }, "geometry": { "type": "Polygon", "coordinates": [ [ [ 128.4375, 36.8375 ], [ 128.4375, 36.8875 ], [ 128.3875, 36.8875 ], [ 128.3875, 36.8375 ], [ 128.4375, 36.8375 ] ] ] } },
{ "type": "Feature", "properties": { "grad_nT_km": 12.7, "tier": "gentle", "score": 8.0 }, "geometry": { "type": "Polygon", "coordinates": [ [ [ 128.4875, 36.8375 ], [ 128.4875, 36.8875 ], [ 128.4375, 36.8875 ], [ 128.4375, 36.8375 ], [ 128.4875, 36.8375 ] ] ] } },
{ "type": "Feature", "properties": { "grad_nT_km": 6.3, "tier": "gentle", "score": 9.9 }, "geometry": { "type": "Polygon", "coordinates": [ [ [ 128.5375, 36.8375 ], [ 128.5375, 36.8875 ], [ 128.4875, 36.8875 ], [ 128.4875, 36.8375 ], [ 128.5375, 36.8375 ] ] ] } },
{ "type": "Feature", "properties": { "grad_nT_km": 6.2, "tier": "gentle", "score": 9.9 }, "geometry": { "type": "Polygon", "coordinates": [ [ [ 128.5875, 36.8375 ], [ 128.5875, 36.8875 ], [ 128.5375, 36.8875 ], [ 128.5375, 36.8375 ], [ 128.5875, 36.8375 ] ] ] } },
{ "type": "Feature", "properties": { "grad_nT_km": 7.5, "tier": "gentle", "score": 9.6 }, "geometry": { "type": "Polygon", "coordinates": [ [ [ 128.7875, 36.8375 ], [ 128.7875, 36.8875 ], [ 128.7375, 36.8875 ], [ 128.7375, 36.8375 ], [ 128.7875, 36.8375 ] ] ] } },
{ "type": "Feature", "properties": { "grad_nT_km": 8.6, "tier": "gentle", "score": 9.3 }, "geometry": { "type": "Polygon", "coordinates": [ [ [ 128.8875, 36.8375 ], [ 128.8875, 36.8875 ], [ 128.8375, 36.8875 ], [ 128.8375, 36.8375 ], [ 128.8875, 36.8375 ] ] ] } },
{ "type": "Feature", "properties": { "grad_nT_km": 8.2, "tier": "gentle", "score": 9.4 }, "geometry": { "type": "Polygon", "coordinates": [ [ [ 128.9375, 36.8375 ], [ 128.9375, 36.8875 ], [ 128.8875, 36.8875 ], [ 128.8875, 36.8375 ], [ 128.9375, 36.8375 ] ] ] } },
{ "type": "Feature", "properties": { "grad_nT_km": 10.9, "tier": "gentle", "score": 8.6 }, "geometry": { "type": "Polygon", "coordinates": [ [ [ 128.9875, 36.8375 ], [ 128.9875, 36.8875 ], [ 128.9375, 36.8875 ], [ 128.9375, 36.8375 ], [ 128.9875, 36.8375 ] ] ] } },
{ "type": "Feature", "properties": { "grad_nT_km": 10.9, "tier": "gentle", "score": 8.6 }, "geometry": { "type": "Polygon", "coordinates": [ [ [ 129.0375, 36.8375 ], [ 129.0375, 36.8875 ], [ 128.9875, 36.8875 ], [ 128.9875, 36.8375 ], [ 129.0375, 36.8375 ] ] ] } },
{ "type": "Feature", "properties": { "grad_nT_km": 10.1, "tier": "gentle", "score": 8.8 }, "geometry": { "type": "Polygon", "coordinates": [ [ [ 129.2375, 36.8375 ], [ 129.2375, 36.8875 ], [ 129.1875, 36.8875 ], [ 129.1875, 36.8375 ], [ 129.2375, 36.8375 ] ] ] } },
{ "type": "Feature", "properties": { "grad_nT_km": 9.0, "tier": "gentle", "score": 9.1 }, "geometry": { "type": "Polygon", "coordinates": [ [ [ 129.3375, 36.8375 ], [ 129.3375, 36.8875 ], [ 129.2875, 36.8875 ], [ 129.2875, 36.8375 ], [ 129.3375, 36.8375 ] ] ] } },
{ "type": "Feature", "properties": { "grad_nT_km": 12.2, "tier": "gentle", "score": 8.2 }, "geometry": { "type": "Polygon", "coordinates": [ [ [ 126.1875, 36.8875 ], [ 126.1875, 36.9375 ], [ 126.1375, 36.9375 ], [ 126.1375, 36.8875 ], [ 126.1875, 36.8875 ] ] ] } },
{ "type": "Feature", "properties": { "grad_nT_km": 14.7, "tier": "gentle", "score": 7.4 }, "geometry": { "type": "Polygon", "coordinates": [ [ [ 126.2875, 36.8875 ], [ 126.2875, 36.9375 ], [ 126.2375, 36.9375 ], [ 126.2375, 36.8875 ], [ 126.2875, 36.8875 ] ] ] } },
{ "type": "Feature", "properties": { "grad_nT_km": 5.3, "tier": "gentle", "score": 10.0 }, "geometry": { "type": "Polygon", "coordinates": [ [ [ 126.3375, 36.8875 ], [ 126.3375, 36.9375 ], [ 126.2875, 36.9375 ], [ 126.2875, 36.8875 ], [ 126.3375, 36.8875 ] ] ] } },
{ "type": "Feature", "properties": { "grad_nT_km": 5.6, "tier": "gentle", "score": 10.0 }, "geometry": { "type": "Polygon", "coordinates": [ [ [ 126.3875, 36.8875 ], [ 126.3875, 36.9375 ], [ 126.3375, 36.9375 ], [ 126.3375, 36.8875 ], [ 126.3875, 36.8875 ] ] ] } },
{ "type": "Feature", "properties": { "grad_nT_km": 7.0, "tier": "gentle", "score": 9.7 }, "geometry": { "type": "Polygon", "coordinates": [ [ [ 126.4375, 36.8875 ], [ 126.4375, 36.9375 ], [ 126.3875, 36.9375 ], [ 126.3875, 36.8875 ], [ 126.4375, 36.8875 ] ] ] } },
{ "type": "Feature", "properties": { "grad_nT_km": 11.5, "tier": "gentle", "score": 8.4 }, "geometry": { "type": "Polygon", "coordinates": [ [ [ 126.4875, 36.8875 ], [ 126.4875, 36.9375 ], [ 126.4375, 36.9375 ], [ 126.4375, 36.8875 ], [ 126.4875, 36.8875 ] ] ] } },
{ "type": "Feature", "properties": { "grad_nT_km": 9.8, "tier": "gentle", "score": 8.9 }, "geometry": { "type": "Polygon", "coordinates": [ [ [ 126.5375, 36.8875 ], [ 126.5375, 36.9375 ], [ 126.4875, 36.9375 ], [ 126.4875, 36.8875 ], [ 126.5375, 36.8875 ] ] ] } },
{ "type": "Feature", "properties": { "grad_nT_km": 6.8, "tier": "gentle", "score": 9.8 }, "geometry": { "type": "Polygon", "coordinates": [ [ [ 126.5875, 36.8875 ], [ 126.5875, 36.9375 ], [ 126.5375, 36.9375 ], [ 126.5375, 36.8875 ], [ 126.5875, 36.8875 ] ] ] } },
{ "type": "Feature", "properties": { "grad_nT_km": 7.4, "tier": "gentle", "score": 9.6 }, "geometry": { "type": "Polygon", "coordinates": [ [ [ 126.6375, 36.8875 ], [ 126.6375, 36.9375 ], [ 126.5875, 36.9375 ], [ 126.5875, 36.8875 ], [ 126.6375, 36.8875 ] ] ] } },
{ "type": "Feature", "properties": { "grad_nT_km": 6.4, "tier": "gentle", "score": 9.8 }, "geometry": { "type": "Polygon", "coordinates": [ [ [ 126.6875, 36.8875 ], [ 126.6875, 36.9375 ], [ 126.6375, 36.9375 ], [ 126.6375, 36.8875 ], [ 126.6875, 36.8875 ] ] ] } },
{ "type": "Feature", "properties": { "grad_nT_km": 6.6, "tier": "gentle", "score": 9.8 }, "geometry": { "type": "Polygon", "coordinates": [ [ [ 126.7375, 36.8875 ], [ 126.7375, 36.9375 ], [ 126.6875, 36.9375 ], [ 126.6875, 36.8875 ], [ 126.7375, 36.8875 ] ] ] } },
{ "type": "Feature", "properties": { "grad_nT_km": 9.7, "tier": "gentle", "score": 8.9 }, "geometry": { "type": "Polygon", "coordinates": [ [ [ 126.9375, 36.8875 ], [ 126.9375, 36.9375 ], [ 126.8875, 36.9375 ], [ 126.8875, 36.8875 ], [ 126.9375, 36.8875 ] ] ] } },
{ "type": "Feature", "properties": { "grad_nT_km": 5.9, "tier": "gentle", "score": 9.9 }, "geometry": { "type": "Polygon", "coordinates": [ [ [ 126.9875, 36.8875 ], [ 126.9875, 36.9375 ], [ 126.9375, 36.9375 ], [ 126.9375, 36.8875 ], [ 126.9875, 36.8875 ] ] ] } },
{ "type": "Feature", "properties": { "grad_nT_km": 14.9, "tier": "gentle", "score": 7.4 }, "geometry": { "type": "Polygon", "coordinates": [ [ [ 127.0375, 36.8875 ], [ 127.0375, 36.9375 ], [ 126.9875, 36.9375 ], [ 126.9875, 36.8875 ], [ 127.0375, 36.8875 ] ] ] } },
{ "type": "Feature", "properties": { "grad_nT_km": 11.1, "tier": "gentle", "score": 8.5 }, "geometry": { "type": "Polygon", "coordinates": [ [ [ 127.0875, 36.8875 ], [ 127.0875, 36.9375 ], [ 127.0375, 36.9375 ], [ 127.0375, 36.8875 ], [ 127.0875, 36.8875 ] ] ] } },
{ "type": "Feature", "properties": { "grad_nT_km": 6.6, "tier": "gentle", "score": 9.8 }, "geometry": { "type": "Polygon", "coordinates": [ [ [ 127.1875, 36.8875 ], [ 127.1875, 36.9375 ], [ 127.1375, 36.9375 ], [ 127.1375, 36.8875 ], [ 127.1875, 36.8875 ] ] ] } },
{ "type": "Feature", "properties": { "grad_nT_km": 5.5, "tier": "gentle", "score": 10.0 }, "geometry": { "type": "Polygon", "coordinates": [ [ [ 127.2875, 36.8875 ], [ 127.2875, 36.9375 ], [ 127.2375, 36.9375 ], [ 127.2375, 36.8875 ], [ 127.2875, 36.8875 ] ] ] } },
{ "type": "Feature", "properties": { "grad_nT_km": 6.2, "tier": "gentle", "score": 9.9 }, "geometry": { "type": "Polygon", "coordinates": [ [ [ 127.4375, 36.8875 ], [ 127.4375, 36.9375 ], [ 127.3875, 36.9375 ], [ 127.3875, 36.8875 ], [ 127.4375, 36.8875 ] ] ] } },
{ "type": "Feature", "properties": { "grad_nT_km": 5.2, "tier": "gentle", "score": 10.0 }, "geometry": { "type": "Polygon", "coordinates": [ [ [ 127.4875, 36.8875 ], [ 127.4875, 36.9375 ], [ 127.4375, 36.9375 ], [ 127.4375, 36.8875 ], [ 127.4875, 36.8875 ] ] ] } },
{ "type": "Feature", "properties": { "grad_nT_km": 5.5, "tier": "gentle", "score": 10.0 }, "geometry": { "type": "Polygon", "coordinates": [ [ [ 127.5375, 36.8875 ], [ 127.5375, 36.9375 ], [ 127.4875, 36.9375 ], [ 127.4875, 36.8875 ], [ 127.5375, 36.8875 ] ] ] } },
{ "type": "Feature", "properties": { "grad_nT_km": 7.4, "tier": "gentle", "score": 9.6 }, "geometry": { "type": "Polygon", "coordinates": [ [ [ 127.6875, 36.8875 ], [ 127.6875, 36.9375 ], [ 127.6375, 36.9375 ], [ 127.6375, 36.8875 ], [ 127.6875, 36.8875 ] ] ] } },
{ "type": "Feature", "properties": { "grad_nT_km": 8.8, "tier": "gentle", "score": 9.2 }, "geometry": { "type": "Polygon", "coordinates": [ [ [ 128.0875, 36.8875 ], [ 128.0875, 36.9375 ], [ 128.0375, 36.9375 ], [ 128.0375, 36.8875 ], [ 128.0875, 36.8875 ] ] ] } },
{ "type": "Feature", "properties": { "grad_nT_km": 9.4, "tier": "gentle", "score": 9.0 }, "geometry": { "type": "Polygon", "coordinates": [ [ [ 128.1375, 36.8875 ], [ 128.1375, 36.9375 ], [ 128.0875, 36.9375 ], [ 128.0875, 36.8875 ], [ 128.1375, 36.8875 ] ] ] } },
{ "type": "Feature", "properties": { "grad_nT_km": 13.2, "tier": "gentle", "score": 7.9 }, "geometry": { "type": "Polygon", "coordinates": [ [ [ 128.2375, 36.8875 ], [ 128.2375, 36.9375 ], [ 128.1875, 36.9375 ], [ 128.1875, 36.8875 ], [ 128.2375, 36.8875 ] ] ] } },
{ "type": "Feature", "properties": { "grad_nT_km": 8.9, "tier": "gentle", "score": 9.2 }, "geometry": { "type": "Polygon", "coordinates": [ [ [ 128.2875, 36.8875 ], [ 128.2875, 36.9375 ], [ 128.2375, 36.9375 ], [ 128.2375, 36.8875 ], [ 128.2875, 36.8875 ] ] ] } },
{ "type": "Feature", "properties": { "grad_nT_km": 8.2, "tier": "gentle", "score": 9.4 }, "geometry": { "type": "Polygon", "coordinates": [ [ [ 128.3875, 36.8875 ], [ 128.3875, 36.9375 ], [ 128.3375, 36.9375 ], [ 128.3375, 36.8875 ], [ 128.3875, 36.8875 ] ] ] } },
{ "type": "Feature", "properties": { "grad_nT_km": 12.4, "tier": "gentle", "score": 8.1 }, "geometry": { "type": "Polygon", "coordinates": [ [ [ 128.4375, 36.8875 ], [ 128.4375, 36.9375 ], [ 128.3875, 36.9375 ], [ 128.3875, 36.8875 ], [ 128.4375, 36.8875 ] ] ] } },
{ "type": "Feature", "properties": { "grad_nT_km": 10.8, "tier": "gentle", "score": 8.6 }, "geometry": { "type": "Polygon", "coordinates": [ [ [ 128.5375, 36.8875 ], [ 128.5375, 36.9375 ], [ 128.4875, 36.9375 ], [ 128.4875, 36.8875 ], [ 128.5375, 36.8875 ] ] ] } },
{ "type": "Feature", "properties": { "grad_nT_km": 5.6, "tier": "gentle", "score": 10.0 }, "geometry": { "type": "Polygon", "coordinates": [ [ [ 128.5875, 36.8875 ], [ 128.5875, 36.9375 ], [ 128.5375, 36.9375 ], [ 128.5375, 36.8875 ], [ 128.5875, 36.8875 ] ] ] } },
{ "type": "Feature", "properties": { "grad_nT_km": 5.1, "tier": "gentle", "score": 10.0 }, "geometry": { "type": "Polygon", "coordinates": [ [ [ 128.7875, 36.8875 ], [ 128.7875, 36.9375 ], [ 128.7375, 36.9375 ], [ 128.7375, 36.8875 ], [ 128.7875, 36.8875 ] ] ] } },
{ "type": "Feature", "properties": { "grad_nT_km": 9.1, "tier": "gentle", "score": 9.1 }, "geometry": { "type": "Polygon", "coordinates": [ [ [ 128.8375, 36.8875 ], [ 128.8375, 36.9375 ], [ 128.7875, 36.9375 ], [ 128.7875, 36.8875 ], [ 128.8375, 36.8875 ] ] ] } },
{ "type": "Feature", "properties": { "grad_nT_km": 6.5, "tier": "gentle", "score": 9.8 }, "geometry": { "type": "Polygon", "coordinates": [ [ [ 128.8875, 36.8875 ], [ 128.8875, 36.9375 ], [ 128.8375, 36.9375 ], [ 128.8375, 36.8875 ], [ 128.8875, 36.8875 ] ] ] } },
{ "type": "Feature", "properties": { "grad_nT_km": 10.0, "tier": "gentle", "score": 8.8 }, "geometry": { "type": "Polygon", "coordinates": [ [ [ 128.9375, 36.8875 ], [ 128.9375, 36.9375 ], [ 128.8875, 36.9375 ], [ 128.8875, 36.8875 ], [ 128.9375, 36.8875 ] ] ] } },
{ "type": "Feature", "properties": { "grad_nT_km": 6.2, "tier": "gentle", "score": 9.9 }, "geometry": { "type": "Polygon", "coordinates": [ [ [ 128.9875, 36.8875 ], [ 128.9875, 36.9375 ], [ 128.9375, 36.9375 ], [ 128.9375, 36.8875 ], [ 128.9875, 36.8875 ] ] ] } },
{ "type": "Feature", "properties": { "grad_nT_km": 10.9, "tier": "gentle", "score": 8.6 }, "geometry": { "type": "Polygon", "coordinates": [ [ [ 129.1375, 36.8875 ], [ 129.1375, 36.9375 ], [ 129.0875, 36.9375 ], [ 129.0875, 36.8875 ], [ 129.1375, 36.8875 ] ] ] } },
{ "type": "Feature", "properties": { "grad_nT_km": 8.7, "tier": "gentle", "score": 9.3 }, "geometry": { "type": "Polygon", "coordinates": [ [ [ 129.1875, 36.8875 ], [ 129.1875, 36.9375 ], [ 129.1375, 36.9375 ], [ 129.1375, 36.8875 ], [ 129.1875, 36.8875 ] ] ] } },
{ "type": "Feature", "properties": { "grad_nT_km": 14.2, "tier": "gentle", "score": 7.6 }, "geometry": { "type": "Polygon", "coordinates": [ [ [ 129.2375, 36.8875 ], [ 129.2375, 36.9375 ], [ 129.1875, 36.9375 ], [ 129.1875, 36.8875 ], [ 129.2375, 36.8875 ] ] ] } },
{ "type": "Feature", "properties": { "grad_nT_km": 7.5, "tier": "gentle", "score": 9.6 }, "geometry": { "type": "Polygon", "coordinates": [ [ [ 126.3875, 36.9375 ], [ 126.3875, 36.9875 ], [ 126.3375, 36.9875 ], [ 126.3375, 36.9375 ], [ 126.3875, 36.9375 ] ] ] } },
{ "type": "Feature", "properties": { "grad_nT_km": 7.2, "tier": "gentle", "score": 9.7 }, "geometry": { "type": "Polygon", "coordinates": [ [ [ 126.4375, 36.9375 ], [ 126.4375, 36.9875 ], [ 126.3875, 36.9875 ], [ 126.3875, 36.9375 ], [ 126.4375, 36.9375 ] ] ] } },
{ "type": "Feature", "properties": { "grad_nT_km": 9.3, "tier": "gentle", "score": 9.1 }, "geometry": { "type": "Polygon", "coordinates": [ [ [ 126.5375, 36.9375 ], [ 126.5375, 36.9875 ], [ 126.4875, 36.9875 ], [ 126.4875, 36.9375 ], [ 126.5375, 36.9375 ] ] ] } },
{ "type": "Feature", "properties": { "grad_nT_km": 5.9, "tier": "gentle", "score": 9.9 }, "geometry": { "type": "Polygon", "coordinates": [ [ [ 126.6875, 36.9375 ], [ 126.6875, 36.9875 ], [ 126.6375, 36.9875 ], [ 126.6375, 36.9375 ], [ 126.6875, 36.9375 ] ] ] } },
{ "type": "Feature", "properties": { "grad_nT_km": 6.2, "tier": "gentle", "score": 9.9 }, "geometry": { "type": "Polygon", "coordinates": [ [ [ 126.7375, 36.9375 ], [ 126.7375, 36.9875 ], [ 126.6875, 36.9875 ], [ 126.6875, 36.9375 ], [ 126.7375, 36.9375 ] ] ] } },
{ "type": "Feature", "properties": { "grad_nT_km": 5.7, "tier": "gentle", "score": 10.0 }, "geometry": { "type": "Polygon", "coordinates": [ [ [ 126.7875, 36.9375 ], [ 126.7875, 36.9875 ], [ 126.7375, 36.9875 ], [ 126.7375, 36.9375 ], [ 126.7875, 36.9375 ] ] ] } },
{ "type": "Feature", "properties": { "grad_nT_km": 14.1, "tier": "gentle", "score": 7.6 }, "geometry": { "type": "Polygon", "coordinates": [ [ [ 126.8875, 36.9375 ], [ 126.8875, 36.9875 ], [ 126.8375, 36.9875 ], [ 126.8375, 36.9375 ], [ 126.8875, 36.9375 ] ] ] } },
{ "type": "Feature", "properties": { "grad_nT_km": 10.7, "tier": "gentle", "score": 8.6 }, "geometry": { "type": "Polygon", "coordinates": [ [ [ 126.9375, 36.9375 ], [ 126.9375, 36.9875 ], [ 126.8875, 36.9875 ], [ 126.8875, 36.9375 ], [ 126.9375, 36.9375 ] ] ] } },
{ "type": "Feature", "properties": { "grad_nT_km": 13.2, "tier": "gentle", "score": 7.9 }, "geometry": { "type": "Polygon", "coordinates": [ [ [ 126.9875, 36.9375 ], [ 126.9875, 36.9875 ], [ 126.9375, 36.9875 ], [ 126.9375, 36.9375 ], [ 126.9875, 36.9375 ] ] ] } },
{ "type": "Feature", "properties": { "grad_nT_km": 8.7, "tier": "gentle", "score": 9.2 }, "geometry": { "type": "Polygon", "coordinates": [ [ [ 127.1875, 36.9375 ], [ 127.1875, 36.9875 ], [ 127.1375, 36.9875 ], [ 127.1375, 36.9375 ], [ 127.1875, 36.9375 ] ] ] } },
{ "type": "Feature", "properties": { "grad_nT_km": 12.3, "tier": "gentle", "score": 8.1 }, "geometry": { "type": "Polygon", "coordinates": [ [ [ 127.2375, 36.9375 ], [ 127.2375, 36.9875 ], [ 127.1875, 36.9875 ], [ 127.1875, 36.9375 ], [ 127.2375, 36.9375 ] ] ] } },
{ "type": "Feature", "properties": { "grad_nT_km": 12.5, "tier": "gentle", "score": 8.1 }, "geometry": { "type": "Polygon", "coordinates": [ [ [ 127.2875, 36.9375 ], [ 127.2875, 36.9875 ], [ 127.2375, 36.9875 ], [ 127.2375, 36.9375 ], [ 127.2875, 36.9375 ] ] ] } },
{ "type": "Feature", "properties": { "grad_nT_km": 7.7, "tier": "gentle", "score": 9.5 }, "geometry": { "type": "Polygon", "coordinates": [ [ [ 127.4375, 36.9375 ], [ 127.4375, 36.9875 ], [ 127.3875, 36.9875 ], [ 127.3875, 36.9375 ], [ 127.4375, 36.9375 ] ] ] } },
{ "type": "Feature", "properties": { "grad_nT_km": 6.7, "tier": "gentle", "score": 9.8 }, "geometry": { "type": "Polygon", "coordinates": [ [ [ 127.5375, 36.9375 ], [ 127.5375, 36.9875 ], [ 127.4875, 36.9875 ], [ 127.4875, 36.9375 ], [ 127.5375, 36.9375 ] ] ] } },
{ "type": "Feature", "properties": { "grad_nT_km": 7.6, "tier": "gentle", "score": 9.5 }, "geometry": { "type": "Polygon", "coordinates": [ [ [ 127.5875, 36.9375 ], [ 127.5875, 36.9875 ], [ 127.5375, 36.9875 ], [ 127.5375, 36.9375 ], [ 127.5875, 36.9375 ] ] ] } },
{ "type": "Feature", "properties": { "grad_nT_km": 8.3, "tier": "gentle", "score": 9.4 }, "geometry": { "type": "Polygon", "coordinates": [ [ [ 127.7375, 36.9375 ], [ 127.7375, 36.9875 ], [ 127.6875, 36.9875 ], [ 127.6875, 36.9375 ], [ 127.7375, 36.9375 ] ] ] } },
{ "type": "Feature", "properties": { "grad_nT_km": 14.1, "tier": "gentle", "score": 7.6 }, "geometry": { "type": "Polygon", "coordinates": [ [ [ 128.1875, 36.9375 ], [ 128.1875, 36.9875 ], [ 128.1375, 36.9875 ], [ 128.1375, 36.9375 ], [ 128.1875, 36.9375 ] ] ] } },
{ "type": "Feature", "properties": { "grad_nT_km": 6.4, "tier": "gentle", "score": 9.8 }, "geometry": { "type": "Polygon", "coordinates": [ [ [ 128.2875, 36.9375 ], [ 128.2875, 36.9875 ], [ 128.2375, 36.9875 ], [ 128.2375, 36.9375 ], [ 128.2875, 36.9375 ] ] ] } },
{ "type": "Feature", "properties": { "grad_nT_km": 9.6, "tier": "gentle", "score": 9.0 }, "geometry": { "type": "Polygon", "coordinates": [ [ [ 128.3375, 36.9375 ], [ 128.3375, 36.9875 ], [ 128.2875, 36.9875 ], [ 128.2875, 36.9375 ], [ 128.3375, 36.9375 ] ] ] } },
{ "type": "Feature", "properties": { "grad_nT_km": 6.3, "tier": "gentle", "score": 9.9 }, "geometry": { "type": "Polygon", "coordinates": [ [ [ 128.3875, 36.9375 ], [ 128.3875, 36.9875 ], [ 128.3375, 36.9875 ], [ 128.3375, 36.9375 ], [ 128.3875, 36.9375 ] ] ] } },
{ "type": "Feature", "properties": { "grad_nT_km": 12.2, "tier": "gentle", "score": 8.2 }, "geometry": { "type": "Polygon", "coordinates": [ [ [ 128.4375, 36.9375 ], [ 128.4375, 36.9875 ], [ 128.3875, 36.9875 ], [ 128.3875, 36.9375 ], [ 128.4375, 36.9375 ] ] ] } },
{ "type": "Feature", "properties": { "grad_nT_km": 8.7, "tier": "gentle", "score": 9.2 }, "geometry": { "type": "Polygon", "coordinates": [ [ [ 128.4875, 36.9375 ], [ 128.4875, 36.9875 ], [ 128.4375, 36.9875 ], [ 128.4375, 36.9375 ], [ 128.4875, 36.9375 ] ] ] } },
{ "type": "Feature", "properties": { "grad_nT_km": 6.9, "tier": "gentle", "score": 9.7 }, "geometry": { "type": "Polygon", "coordinates": [ [ [ 128.5375, 36.9375 ], [ 128.5375, 36.9875 ], [ 128.4875, 36.9875 ], [ 128.4875, 36.9375 ], [ 128.5375, 36.9375 ] ] ] } },
{ "type": "Feature", "properties": { "grad_nT_km": 5.8, "tier": "gentle", "score": 9.9 }, "geometry": { "type": "Polygon", "coordinates": [ [ [ 128.7375, 36.9375 ], [ 128.7375, 36.9875 ], [ 128.6875, 36.9875 ], [ 128.6875, 36.9375 ], [ 128.7375, 36.9375 ] ] ] } },
{ "type": "Feature", "properties": { "grad_nT_km": 9.2, "tier": "gentle", "score": 9.1 }, "geometry": { "type": "Polygon", "coordinates": [ [ [ 128.7875, 36.9375 ], [ 128.7875, 36.9875 ], [ 128.7375, 36.9875 ], [ 128.7375, 36.9375 ], [ 128.7875, 36.9375 ] ] ] } },
{ "type": "Feature", "properties": { "grad_nT_km": 5.4, "tier": "gentle", "score": 10.0 }, "geometry": { "type": "Polygon", "coordinates": [ [ [ 128.8375, 36.9375 ], [ 128.8375, 36.9875 ], [ 128.7875, 36.9875 ], [ 128.7875, 36.9375 ], [ 128.8375, 36.9375 ] ] ] } },
{ "type": "Feature", "properties": { "grad_nT_km": 10.9, "tier": "gentle", "score": 8.6 }, "geometry": { "type": "Polygon", "coordinates": [ [ [ 128.8875, 36.9375 ], [ 128.8875, 36.9875 ], [ 128.8375, 36.9875 ], [ 128.8375, 36.9375 ], [ 128.8875, 36.9375 ] ] ] } },
{ "type": "Feature", "properties": { "grad_nT_km": 9.2, "tier": "gentle", "score": 9.1 }, "geometry": { "type": "Polygon", "coordinates": [ [ [ 129.0875, 36.9375 ], [ 129.0875, 36.9875 ], [ 129.0375, 36.9875 ], [ 129.0375, 36.9375 ], [ 129.0875, 36.9375 ] ] ] } },
{ "type": "Feature", "properties": { "grad_nT_km": 9.8, "tier": "gentle", "score": 8.9 }, "geometry": { "type": "Polygon", "coordinates": [ [ [ 129.1375, 36.9375 ], [ 129.1375, 36.9875 ], [ 129.0875, 36.9875 ], [ 129.0875, 36.9375 ], [ 129.1375, 36.9375 ] ] ] } },
{ "type": "Feature", "properties": { "grad_nT_km": 13.2, "tier": "gentle", "score": 7.9 }, "geometry": { "type": "Polygon", "coordinates": [ [ [ 129.1875, 36.9375 ], [ 129.1875, 36.9875 ], [ 129.1375, 36.9875 ], [ 129.1375, 36.9375 ], [ 129.1875, 36.9375 ] ] ] } },
{ "type": "Feature", "properties": { "grad_nT_km": 11.3, "tier": "gentle", "score": 8.4 }, "geometry": { "type": "Polygon", "coordinates": [ [ [ 129.2375, 36.9375 ], [ 129.2375, 36.9875 ], [ 129.1875, 36.9875 ], [ 129.1875, 36.9375 ], [ 129.2375, 36.9375 ] ] ] } },
{ "type": "Feature", "properties": { "grad_nT_km": 9.5, "tier": "gentle", "score": 9.0 }, "geometry": { "type": "Polygon", "coordinates": [ [ [ 125.8875, 36.9875 ], [ 125.8875, 37.0375 ], [ 125.8375, 37.0375 ], [ 125.8375, 36.9875 ], [ 125.8875, 36.9875 ] ] ] } },
{ "type": "Feature", "properties": { "grad_nT_km": 13.9, "tier": "gentle", "score": 7.7 }, "geometry": { "type": "Polygon", "coordinates": [ [ [ 126.2875, 36.9875 ], [ 126.2875, 37.0375 ], [ 126.2375, 37.0375 ], [ 126.2375, 36.9875 ], [ 126.2875, 36.9875 ] ] ] } },
{ "type": "Feature", "properties": { "grad_nT_km": 12.3, "tier": "gentle", "score": 8.1 }, "geometry": { "type": "Polygon", "coordinates": [ [ [ 126.4875, 36.9875 ], [ 126.4875, 37.0375 ], [ 126.4375, 37.0375 ], [ 126.4375, 36.9875 ], [ 126.4875, 36.9875 ] ] ] } },
{ "type": "Feature", "properties": { "grad_nT_km": 6.4, "tier": "gentle", "score": 9.8 }, "geometry": { "type": "Polygon", "coordinates": [ [ [ 126.5375, 36.9875 ], [ 126.5375, 37.0375 ], [ 126.4875, 37.0375 ], [ 126.4875, 36.9875 ], [ 126.5375, 36.9875 ] ] ] } },
{ "type": "Feature", "properties": { "grad_nT_km": 5.5, "tier": "gentle", "score": 10.0 }, "geometry": { "type": "Polygon", "coordinates": [ [ [ 126.5875, 36.9875 ], [ 126.5875, 37.0375 ], [ 126.5375, 37.0375 ], [ 126.5375, 36.9875 ], [ 126.5875, 36.9875 ] ] ] } },
{ "type": "Feature", "properties": { "grad_nT_km": 6.4, "tier": "gentle", "score": 9.8 }, "geometry": { "type": "Polygon", "coordinates": [ [ [ 126.6375, 36.9875 ], [ 126.6375, 37.0375 ], [ 126.5875, 37.0375 ], [ 126.5875, 36.9875 ], [ 126.6375, 36.9875 ] ] ] } },
{ "type": "Feature", "properties": { "grad_nT_km": 9.0, "tier": "gentle", "score": 9.2 }, "geometry": { "type": "Polygon", "coordinates": [ [ [ 126.7375, 36.9875 ], [ 126.7375, 37.0375 ], [ 126.6875, 37.0375 ], [ 126.6875, 36.9875 ], [ 126.7375, 36.9875 ] ] ] } },
{ "type": "Feature", "properties": { "grad_nT_km": 10.4, "tier": "gentle", "score": 8.7 }, "geometry": { "type": "Polygon", "coordinates": [ [ [ 126.8375, 36.9875 ], [ 126.8375, 37.0375 ], [ 126.7875, 37.0375 ], [ 126.7875, 36.9875 ], [ 126.8375, 36.9875 ] ] ] } },
{ "type": "Feature", "properties": { "grad_nT_km": 6.8, "tier": "gentle", "score": 9.8 }, "geometry": { "type": "Polygon", "coordinates": [ [ [ 126.9375, 36.9875 ], [ 126.9375, 37.0375 ], [ 126.8875, 37.0375 ], [ 126.8875, 36.9875 ], [ 126.9375, 36.9875 ] ] ] } },
{ "type": "Feature", "properties": { "grad_nT_km": 13.7, "tier": "gentle", "score": 7.7 }, "geometry": { "type": "Polygon", "coordinates": [ [ [ 126.9875, 36.9875 ], [ 126.9875, 37.0375 ], [ 126.9375, 37.0375 ], [ 126.9375, 36.9875 ], [ 126.9875, 36.9875 ] ] ] } },
{ "type": "Feature", "properties": { "grad_nT_km": 12.9, "tier": "gentle", "score": 7.9 }, "geometry": { "type": "Polygon", "coordinates": [ [ [ 127.0875, 36.9875 ], [ 127.0875, 37.0375 ], [ 127.0375, 37.0375 ], [ 127.0375, 36.9875 ], [ 127.0875, 36.9875 ] ] ] } },
{ "type": "Feature", "properties": { "grad_nT_km": 8.4, "tier": "gentle", "score": 9.3 }, "geometry": { "type": "Polygon", "coordinates": [ [ [ 127.1375, 36.9875 ], [ 127.1375, 37.0375 ], [ 127.0875, 37.0375 ], [ 127.0875, 36.9875 ], [ 127.1375, 36.9875 ] ] ] } },
{ "type": "Feature", "properties": { "grad_nT_km": 15.0, "tier": "gentle", "score": 7.4 }, "geometry": { "type": "Polygon", "coordinates": [ [ [ 127.2875, 36.9875 ], [ 127.2875, 37.0375 ], [ 127.2375, 37.0375 ], [ 127.2375, 36.9875 ], [ 127.2875, 36.9875 ] ] ] } },
{ "type": "Feature", "properties": { "grad_nT_km": 9.1, "tier": "gentle", "score": 9.1 }, "geometry": { "type": "Polygon", "coordinates": [ [ [ 127.3375, 36.9875 ], [ 127.3375, 37.0375 ], [ 127.2875, 37.0375 ], [ 127.2875, 36.9875 ], [ 127.3375, 36.9875 ] ] ] } },
{ "type": "Feature", "properties": { "grad_nT_km": 7.8, "tier": "gentle", "score": 9.5 }, "geometry": { "type": "Polygon", "coordinates": [ [ [ 127.3875, 36.9875 ], [ 127.3875, 37.0375 ], [ 127.3375, 37.0375 ], [ 127.3375, 36.9875 ], [ 127.3875, 36.9875 ] ] ] } },
{ "type": "Feature", "properties": { "grad_nT_km": 5.8, "tier": "gentle", "score": 9.9 }, "geometry": { "type": "Polygon", "coordinates": [ [ [ 127.5875, 36.9875 ], [ 127.5875, 37.0375 ], [ 127.5375, 37.0375 ], [ 127.5375, 36.9875 ], [ 127.5875, 36.9875 ] ] ] } },
{ "type": "Feature", "properties": { "grad_nT_km": 7.0, "tier": "gentle", "score": 9.7 }, "geometry": { "type": "Polygon", "coordinates": [ [ [ 127.7375, 36.9875 ], [ 127.7375, 37.0375 ], [ 127.6875, 37.0375 ], [ 127.6875, 36.9875 ], [ 127.7375, 36.9875 ] ] ] } },
{ "type": "Feature", "properties": { "grad_nT_km": 11.4, "tier": "gentle", "score": 8.4 }, "geometry": { "type": "Polygon", "coordinates": [ [ [ 127.7875, 36.9875 ], [ 127.7875, 37.0375 ], [ 127.7375, 37.0375 ], [ 127.7375, 36.9875 ], [ 127.7875, 36.9875 ] ] ] } },
{ "type": "Feature", "properties": { "grad_nT_km": 13.1, "tier": "gentle", "score": 7.9 }, "geometry": { "type": "Polygon", "coordinates": [ [ [ 128.2375, 36.9875 ], [ 128.2375, 37.0375 ], [ 128.1875, 37.0375 ], [ 128.1875, 36.9875 ], [ 128.2375, 36.9875 ] ] ] } },
{ "type": "Feature", "properties": { "grad_nT_km": 5.9, "tier": "gentle", "score": 9.9 }, "geometry": { "type": "Polygon", "coordinates": [ [ [ 128.3875, 36.9875 ], [ 128.3875, 37.0375 ], [ 128.3375, 37.0375 ], [ 128.3375, 36.9875 ], [ 128.3875, 36.9875 ] ] ] } },
{ "type": "Feature", "properties": { "grad_nT_km": 6.6, "tier": "gentle", "score": 9.8 }, "geometry": { "type": "Polygon", "coordinates": [ [ [ 128.4375, 36.9875 ], [ 128.4375, 37.0375 ], [ 128.3875, 37.0375 ], [ 128.3875, 36.9875 ], [ 128.4375, 36.9875 ] ] ] } },
{ "type": "Feature", "properties": { "grad_nT_km": 7.8, "tier": "gentle", "score": 9.5 }, "geometry": { "type": "Polygon", "coordinates": [ [ [ 128.4875, 36.9875 ], [ 128.4875, 37.0375 ], [ 128.4375, 37.0375 ], [ 128.4375, 36.9875 ], [ 128.4875, 36.9875 ] ] ] } },
{ "type": "Feature", "properties": { "grad_nT_km": 7.5, "tier": "gentle", "score": 9.6 }, "geometry": { "type": "Polygon", "coordinates": [ [ [ 128.5375, 36.9875 ], [ 128.5375, 37.0375 ], [ 128.4875, 37.0375 ], [ 128.4875, 36.9875 ], [ 128.5375, 36.9875 ] ] ] } },
{ "type": "Feature", "properties": { "grad_nT_km": 5.7, "tier": "gentle", "score": 10.0 }, "geometry": { "type": "Polygon", "coordinates": [ [ [ 128.5875, 36.9875 ], [ 128.5875, 37.0375 ], [ 128.5375, 37.0375 ], [ 128.5375, 36.9875 ], [ 128.5875, 36.9875 ] ] ] } },
{ "type": "Feature", "properties": { "grad_nT_km": 6.8, "tier": "gentle", "score": 9.8 }, "geometry": { "type": "Polygon", "coordinates": [ [ [ 128.7875, 36.9875 ], [ 128.7875, 37.0375 ], [ 128.7375, 37.0375 ], [ 128.7375, 36.9875 ], [ 128.7875, 36.9875 ] ] ] } },
{ "type": "Feature", "properties": { "grad_nT_km": 5.3, "tier": "gentle", "score": 10.0 }, "geometry": { "type": "Polygon", "coordinates": [ [ [ 128.8375, 36.9875 ], [ 128.8375, 37.0375 ], [ 128.7875, 37.0375 ], [ 128.7875, 36.9875 ], [ 128.8375, 36.9875 ] ] ] } },
{ "type": "Feature", "properties": { "grad_nT_km": 13.5, "tier": "gentle", "score": 7.8 }, "geometry": { "type": "Polygon", "coordinates": [ [ [ 128.8875, 36.9875 ], [ 128.8875, 37.0375 ], [ 128.8375, 37.0375 ], [ 128.8375, 36.9875 ], [ 128.8875, 36.9875 ] ] ] } },
{ "type": "Feature", "properties": { "grad_nT_km": 10.3, "tier": "gentle", "score": 8.8 }, "geometry": { "type": "Polygon", "coordinates": [ [ [ 129.1375, 36.9875 ], [ 129.1375, 37.0375 ], [ 129.0875, 37.0375 ], [ 129.0875, 36.9875 ], [ 129.1375, 36.9875 ] ] ] } },
{ "type": "Feature", "properties": { "grad_nT_km": 10.2, "tier": "gentle", "score": 8.8 }, "geometry": { "type": "Polygon", "coordinates": [ [ [ 129.1875, 36.9875 ], [ 129.1875, 37.0375 ], [ 129.1375, 37.0375 ], [ 129.1375, 36.9875 ], [ 129.1875, 36.9875 ] ] ] } },
{ "type": "Feature", "properties": { "grad_nT_km": 13.4, "tier": "gentle", "score": 7.8 }, "geometry": { "type": "Polygon", "coordinates": [ [ [ 129.2875, 36.9875 ], [ 129.2875, 37.0375 ], [ 129.2375, 37.0375 ], [ 129.2375, 36.9875 ], [ 129.2875, 36.9875 ] ] ] } },
{ "type": "Feature", "properties": { "grad_nT_km": 7.7, "tier": "gentle", "score": 9.5 }, "geometry": { "type": "Polygon", "coordinates": [ [ [ 129.4375, 36.9875 ], [ 129.4375, 37.0375 ], [ 129.3875, 37.0375 ], [ 129.3875, 36.9875 ], [ 129.4375, 36.9875 ] ] ] } },
{ "type": "Feature", "properties": { "grad_nT_km": 6.3, "tier": "gentle", "score": 9.9 }, "geometry": { "type": "Polygon", "coordinates": [ [ [ 129.4875, 36.9875 ], [ 129.4875, 37.0375 ], [ 129.4375, 37.0375 ], [ 129.4375, 36.9875 ], [ 129.4875, 36.9875 ] ] ] } },
{ "type": "Feature", "properties": { "grad_nT_km": 14.2, "tier": "gentle", "score": 7.6 }, "geometry": { "type": "Polygon", "coordinates": [ [ [ 126.1875, 37.0375 ], [ 126.1875, 37.0875 ], [ 126.1375, 37.0875 ], [ 126.1375, 37.0375 ], [ 126.1875, 37.0375 ] ] ] } },
{ "type": "Feature", "properties": { "grad_nT_km": 13.3, "tier": "gentle", "score": 7.8 }, "geometry": { "type": "Polygon", "coordinates": [ [ [ 126.4875, 37.0375 ], [ 126.4875, 37.0875 ], [ 126.4375, 37.0875 ], [ 126.4375, 37.0375 ], [ 126.4875, 37.0375 ] ] ] } },
{ "type": "Feature", "properties": { "grad_nT_km": 8.9, "tier": "gentle", "score": 9.2 }, "geometry": { "type": "Polygon", "coordinates": [ [ [ 126.5375, 37.0375 ], [ 126.5375, 37.0875 ], [ 126.4875, 37.0875 ], [ 126.4875, 37.0375 ], [ 126.5375, 37.0375 ] ] ] } },
{ "type": "Feature", "properties": { "grad_nT_km": 14.7, "tier": "gentle", "score": 7.4 }, "geometry": { "type": "Polygon", "coordinates": [ [ [ 126.6375, 37.0375 ], [ 126.6375, 37.0875 ], [ 126.5875, 37.0875 ], [ 126.5875, 37.0375 ], [ 126.6375, 37.0375 ] ] ] } },
{ "type": "Feature", "properties": { "grad_nT_km": 9.3, "tier": "gentle", "score": 9.1 }, "geometry": { "type": "Polygon", "coordinates": [ [ [ 126.6875, 37.0375 ], [ 126.6875, 37.0875 ], [ 126.6375, 37.0875 ], [ 126.6375, 37.0375 ], [ 126.6875, 37.0375 ] ] ] } },
{ "type": "Feature", "properties": { "grad_nT_km": 5.6, "tier": "gentle", "score": 10.0 }, "geometry": { "type": "Polygon", "coordinates": [ [ [ 126.7375, 37.0375 ], [ 126.7375, 37.0875 ], [ 126.6875, 37.0875 ], [ 126.6875, 37.0375 ], [ 126.7375, 37.0375 ] ] ] } },
{ "type": "Feature", "properties": { "grad_nT_km": 10.1, "tier": "gentle", "score": 8.8 }, "geometry": { "type": "Polygon", "coordinates": [ [ [ 126.8875, 37.0375 ], [ 126.8875, 37.0875 ], [ 126.8375, 37.0875 ], [ 126.8375, 37.0375 ], [ 126.8875, 37.0375 ] ] ] } },
{ "type": "Feature", "properties": { "grad_nT_km": 9.4, "tier": "gentle", "score": 9.0 }, "geometry": { "type": "Polygon", "coordinates": [ [ [ 126.9375, 37.0375 ], [ 126.9375, 37.0875 ], [ 126.8875, 37.0875 ], [ 126.8875, 37.0375 ], [ 126.9375, 37.0375 ] ] ] } },
{ "type": "Feature", "properties": { "grad_nT_km": 5.5, "tier": "gentle", "score": 10.0 }, "geometry": { "type": "Polygon", "coordinates": [ [ [ 126.9875, 37.0375 ], [ 126.9875, 37.0875 ], [ 126.9375, 37.0875 ], [ 126.9375, 37.0375 ], [ 126.9875, 37.0375 ] ] ] } },
{ "type": "Feature", "properties": { "grad_nT_km": 10.1, "tier": "gentle", "score": 8.8 }, "geometry": { "type": "Polygon", "coordinates": [ [ [ 127.0375, 37.0375 ], [ 127.0375, 37.0875 ], [ 126.9875, 37.0875 ], [ 126.9875, 37.0375 ], [ 127.0375, 37.0375 ] ] ] } },
{ "type": "Feature", "properties": { "grad_nT_km": 6.7, "tier": "gentle", "score": 9.8 }, "geometry": { "type": "Polygon", "coordinates": [ [ [ 127.0875, 37.0375 ], [ 127.0875, 37.0875 ], [ 127.0375, 37.0875 ], [ 127.0375, 37.0375 ], [ 127.0875, 37.0375 ] ] ] } },
{ "type": "Feature", "properties": { "grad_nT_km": 11.8, "tier": "gentle", "score": 8.3 }, "geometry": { "type": "Polygon", "coordinates": [ [ [ 127.1375, 37.0375 ], [ 127.1375, 37.0875 ], [ 127.0875, 37.0875 ], [ 127.0875, 37.0375 ], [ 127.1375, 37.0375 ] ] ] } },
{ "type": "Feature", "properties": { "grad_nT_km": 8.7, "tier": "gentle", "score": 9.2 }, "geometry": { "type": "Polygon", "coordinates": [ [ [ 127.1875, 37.0375 ], [ 127.1875, 37.0875 ], [ 127.1375, 37.0875 ], [ 127.1375, 37.0375 ], [ 127.1875, 37.0375 ] ] ] } },
{ "type": "Feature", "properties": { "grad_nT_km": 11.4, "tier": "gentle", "score": 8.4 }, "geometry": { "type": "Polygon", "coordinates": [ [ [ 127.2875, 37.0375 ], [ 127.2875, 37.0875 ], [ 127.2375, 37.0875 ], [ 127.2375, 37.0375 ], [ 127.2875, 37.0375 ] ] ] } },
{ "type": "Feature", "properties": { "grad_nT_km": 14.7, "tier": "gentle", "score": 7.4 }, "geometry": { "type": "Polygon", "coordinates": [ [ [ 127.3375, 37.0375 ], [ 127.3375, 37.0875 ], [ 127.2875, 37.0875 ], [ 127.2875, 37.0375 ], [ 127.3375, 37.0375 ] ] ] } },
{ "type": "Feature", "properties": { "grad_nT_km": 7.6, "tier": "gentle", "score": 9.6 }, "geometry": { "type": "Polygon", "coordinates": [ [ [ 127.3875, 37.0375 ], [ 127.3875, 37.0875 ], [ 127.3375, 37.0875 ], [ 127.3375, 37.0375 ], [ 127.3875, 37.0375 ] ] ] } },
{ "type": "Feature", "properties": { "grad_nT_km": 11.1, "tier": "gentle", "score": 8.5 }, "geometry": { "type": "Polygon", "coordinates": [ [ [ 127.4375, 37.0375 ], [ 127.4375, 37.0875 ], [ 127.3875, 37.0875 ], [ 127.3875, 37.0375 ], [ 127.4375, 37.0375 ] ] ] } },
{ "type": "Feature", "properties": { "grad_nT_km": 7.4, "tier": "gentle", "score": 9.6 }, "geometry": { "type": "Polygon", "coordinates": [ [ [ 127.4875, 37.0375 ], [ 127.4875, 37.0875 ], [ 127.4375, 37.0875 ], [ 127.4375, 37.0375 ], [ 127.4875, 37.0375 ] ] ] } },
{ "type": "Feature", "properties": { "grad_nT_km": 5.2, "tier": "gentle", "score": 10.0 }, "geometry": { "type": "Polygon", "coordinates": [ [ [ 127.5375, 37.0375 ], [ 127.5375, 37.0875 ], [ 127.4875, 37.0875 ], [ 127.4875, 37.0375 ], [ 127.5375, 37.0375 ] ] ] } },
{ "type": "Feature", "properties": { "grad_nT_km": 8.5, "tier": "gentle", "score": 9.3 }, "geometry": { "type": "Polygon", "coordinates": [ [ [ 127.7875, 37.0375 ], [ 127.7875, 37.0875 ], [ 127.7375, 37.0875 ], [ 127.7375, 37.0375 ], [ 127.7875, 37.0375 ] ] ] } },
{ "type": "Feature", "properties": { "grad_nT_km": 12.7, "tier": "gentle", "score": 8.0 }, "geometry": { "type": "Polygon", "coordinates": [ [ [ 127.8375, 37.0375 ], [ 127.8375, 37.0875 ], [ 127.7875, 37.0875 ], [ 127.7875, 37.0375 ], [ 127.8375, 37.0375 ] ] ] } },
{ "type": "Feature", "properties": { "grad_nT_km": 12.4, "tier": "gentle", "score": 8.1 }, "geometry": { "type": "Polygon", "coordinates": [ [ [ 127.8875, 37.0375 ], [ 127.8875, 37.0875 ], [ 127.8375, 37.0875 ], [ 127.8375, 37.0375 ], [ 127.8875, 37.0375 ] ] ] } },
{ "type": "Feature", "properties": { "grad_nT_km": 14.4, "tier": "gentle", "score": 7.5 }, "geometry": { "type": "Polygon", "coordinates": [ [ [ 127.9375, 37.0375 ], [ 127.9375, 37.0875 ], [ 127.8875, 37.0875 ], [ 127.8875, 37.0375 ], [ 127.9375, 37.0375 ] ] ] } },
{ "type": "Feature", "properties": { "grad_nT_km": 13.2, "tier": "gentle", "score": 7.9 }, "geometry": { "type": "Polygon", "coordinates": [ [ [ 128.1875, 37.0375 ], [ 128.1875, 37.0875 ], [ 128.1375, 37.0875 ], [ 128.1375, 37.0375 ], [ 128.1875, 37.0375 ] ] ] } },
{ "type": "Feature", "properties": { "grad_nT_km": 14.6, "tier": "gentle", "score": 7.5 }, "geometry": { "type": "Polygon", "coordinates": [ [ [ 128.2875, 37.0375 ], [ 128.2875, 37.0875 ], [ 128.2375, 37.0875 ], [ 128.2375, 37.0375 ], [ 128.2875, 37.0375 ] ] ] } },
{ "type": "Feature", "properties": { "grad_nT_km": 7.7, "tier": "gentle", "score": 9.5 }, "geometry": { "type": "Polygon", "coordinates": [ [ [ 128.3375, 37.0375 ], [ 128.3375, 37.0875 ], [ 128.2875, 37.0875 ], [ 128.2875, 37.0375 ], [ 128.3375, 37.0375 ] ] ] } },
{ "type": "Feature", "properties": { "grad_nT_km": 9.2, "tier": "gentle", "score": 9.1 }, "geometry": { "type": "Polygon", "coordinates": [ [ [ 128.4375, 37.0375 ], [ 128.4375, 37.0875 ], [ 128.3875, 37.0875 ], [ 128.3875, 37.0375 ], [ 128.4375, 37.0375 ] ] ] } },
{ "type": "Feature", "properties": { "grad_nT_km": 6.9, "tier": "gentle", "score": 9.7 }, "geometry": { "type": "Polygon", "coordinates": [ [ [ 128.4875, 37.0375 ], [ 128.4875, 37.0875 ], [ 128.4375, 37.0875 ], [ 128.4375, 37.0375 ], [ 128.4875, 37.0375 ] ] ] } },
{ "type": "Feature", "properties": { "grad_nT_km": 13.4, "tier": "gentle", "score": 7.8 }, "geometry": { "type": "Polygon", "coordinates": [ [ [ 128.5375, 37.0375 ], [ 128.5375, 37.0875 ], [ 128.4875, 37.0875 ], [ 128.4875, 37.0375 ], [ 128.5375, 37.0375 ] ] ] } },
{ "type": "Feature", "properties": { "grad_nT_km": 9.4, "tier": "gentle", "score": 9.0 }, "geometry": { "type": "Polygon", "coordinates": [ [ [ 128.5875, 37.0375 ], [ 128.5875, 37.0875 ], [ 128.5375, 37.0875 ], [ 128.5375, 37.0375 ], [ 128.5875, 37.0375 ] ] ] } },
{ "type": "Feature", "properties": { "grad_nT_km": 7.4, "tier": "gentle", "score": 9.6 }, "geometry": { "type": "Polygon", "coordinates": [ [ [ 128.7875, 37.0375 ], [ 128.7875, 37.0875 ], [ 128.7375, 37.0875 ], [ 128.7375, 37.0375 ], [ 128.7875, 37.0375 ] ] ] } },
{ "type": "Feature", "properties": { "grad_nT_km": 8.5, "tier": "gentle", "score": 9.3 }, "geometry": { "type": "Polygon", "coordinates": [ [ [ 128.8375, 37.0375 ], [ 128.8375, 37.0875 ], [ 128.7875, 37.0875 ], [ 128.7875, 37.0375 ], [ 128.8375, 37.0375 ] ] ] } },
{ "type": "Feature", "properties": { "grad_nT_km": 13.1, "tier": "gentle", "score": 7.9 }, "geometry": { "type": "Polygon", "coordinates": [ [ [ 128.8875, 37.0375 ], [ 128.8875, 37.0875 ], [ 128.8375, 37.0875 ], [ 128.8375, 37.0375 ], [ 128.8875, 37.0375 ] ] ] } },
{ "type": "Feature", "properties": { "grad_nT_km": 11.7, "tier": "gentle", "score": 8.3 }, "geometry": { "type": "Polygon", "coordinates": [ [ [ 129.1375, 37.0375 ], [ 129.1375, 37.0875 ], [ 129.0875, 37.0875 ], [ 129.0875, 37.0375 ], [ 129.1375, 37.0375 ] ] ] } },
{ "type": "Feature", "properties": { "grad_nT_km": 9.1, "tier": "gentle", "score": 9.1 }, "geometry": { "type": "Polygon", "coordinates": [ [ [ 129.1875, 37.0375 ], [ 129.1875, 37.0875 ], [ 129.1375, 37.0875 ], [ 129.1375, 37.0375 ], [ 129.1875, 37.0375 ] ] ] } },
{ "type": "Feature", "properties": { "grad_nT_km": 8.1, "tier": "gentle", "score": 9.4 }, "geometry": { "type": "Polygon", "coordinates": [ [ [ 129.3875, 37.0375 ], [ 129.3875, 37.0875 ], [ 129.3375, 37.0875 ], [ 129.3375, 37.0375 ], [ 129.3875, 37.0375 ] ] ] } },
{ "type": "Feature", "properties": { "grad_nT_km": 7.2, "tier": "gentle", "score": 9.7 }, "geometry": { "type": "Polygon", "coordinates": [ [ [ 129.4375, 37.0375 ], [ 129.4375, 37.0875 ], [ 129.3875, 37.0875 ], [ 129.3875, 37.0375 ], [ 129.4375, 37.0375 ] ] ] } },
{ "type": "Feature", "properties": { "grad_nT_km": 10.2, "tier": "gentle", "score": 8.8 }, "geometry": { "type": "Polygon", "coordinates": [ [ [ 129.4875, 37.0375 ], [ 129.4875, 37.0875 ], [ 129.4375, 37.0875 ], [ 129.4375, 37.0375 ], [ 129.4875, 37.0375 ] ] ] } },
{ "type": "Feature", "properties": { "grad_nT_km": 9.7, "tier": "gentle", "score": 9.0 }, "geometry": { "type": "Polygon", "coordinates": [ [ [ 126.1375, 37.0875 ], [ 126.1375, 37.1375 ], [ 126.0875, 37.1375 ], [ 126.0875, 37.0875 ], [ 126.1375, 37.0875 ] ] ] } },
{ "type": "Feature", "properties": { "grad_nT_km": 7.0, "tier": "gentle", "score": 9.7 }, "geometry": { "type": "Polygon", "coordinates": [ [ [ 126.5375, 37.0875 ], [ 126.5375, 37.1375 ], [ 126.4875, 37.1375 ], [ 126.4875, 37.0875 ], [ 126.5375, 37.0875 ] ] ] } },
{ "type": "Feature", "properties": { "grad_nT_km": 6.4, "tier": "gentle", "score": 9.9 }, "geometry": { "type": "Polygon", "coordinates": [ [ [ 126.6375, 37.0875 ], [ 126.6375, 37.1375 ], [ 126.5875, 37.1375 ], [ 126.5875, 37.0875 ], [ 126.6375, 37.0875 ] ] ] } },
{ "type": "Feature", "properties": { "grad_nT_km": 12.4, "tier": "gentle", "score": 8.1 }, "geometry": { "type": "Polygon", "coordinates": [ [ [ 126.6875, 37.0875 ], [ 126.6875, 37.1375 ], [ 126.6375, 37.1375 ], [ 126.6375, 37.0875 ], [ 126.6875, 37.0875 ] ] ] } },
{ "type": "Feature", "properties": { "grad_nT_km": 5.7, "tier": "gentle", "score": 10.0 }, "geometry": { "type": "Polygon", "coordinates": [ [ [ 126.7375, 37.0875 ], [ 126.7375, 37.1375 ], [ 126.6875, 37.1375 ], [ 126.6875, 37.0875 ], [ 126.7375, 37.0875 ] ] ] } },
{ "type": "Feature", "properties": { "grad_nT_km": 7.2, "tier": "gentle", "score": 9.7 }, "geometry": { "type": "Polygon", "coordinates": [ [ [ 126.7875, 37.0875 ], [ 126.7875, 37.1375 ], [ 126.7375, 37.1375 ], [ 126.7375, 37.0875 ], [ 126.7875, 37.0875 ] ] ] } },
{ "type": "Feature", "properties": { "grad_nT_km": 7.3, "tier": "gentle", "score": 9.6 }, "geometry": { "type": "Polygon", "coordinates": [ [ [ 126.8375, 37.0875 ], [ 126.8375, 37.1375 ], [ 126.7875, 37.1375 ], [ 126.7875, 37.0875 ], [ 126.8375, 37.0875 ] ] ] } },
{ "type": "Feature", "properties": { "grad_nT_km": 8.8, "tier": "gentle", "score": 9.2 }, "geometry": { "type": "Polygon", "coordinates": [ [ [ 126.8875, 37.0875 ], [ 126.8875, 37.1375 ], [ 126.8375, 37.1375 ], [ 126.8375, 37.0875 ], [ 126.8875, 37.0875 ] ] ] } },
{ "type": "Feature", "properties": { "grad_nT_km": 10.0, "tier": "gentle", "score": 8.8 }, "geometry": { "type": "Polygon", "coordinates": [ [ [ 127.0875, 37.0875 ], [ 127.0875, 37.1375 ], [ 127.0375, 37.1375 ], [ 127.0375, 37.0875 ], [ 127.0875, 37.0875 ] ] ] } },
{ "type": "Feature", "properties": { "grad_nT_km": 7.9, "tier": "gentle", "score": 9.5 }, "geometry": { "type": "Polygon", "coordinates": [ [ [ 127.1375, 37.0875 ], [ 127.1375, 37.1375 ], [ 127.0875, 37.1375 ], [ 127.0875, 37.0875 ], [ 127.1375, 37.0875 ] ] ] } },
{ "type": "Feature", "properties": { "grad_nT_km": 7.3, "tier": "gentle", "score": 9.6 }, "geometry": { "type": "Polygon", "coordinates": [ [ [ 127.1875, 37.0875 ], [ 127.1875, 37.1375 ], [ 127.1375, 37.1375 ], [ 127.1375, 37.0875 ], [ 127.1875, 37.0875 ] ] ] } },
{ "type": "Feature", "properties": { "grad_nT_km": 13.1, "tier": "gentle", "score": 7.9 }, "geometry": { "type": "Polygon", "coordinates": [ [ [ 127.2375, 37.0875 ], [ 127.2375, 37.1375 ], [ 127.1875, 37.1375 ], [ 127.1875, 37.0875 ], [ 127.2375, 37.0875 ] ] ] } },
{ "type": "Feature", "properties": { "grad_nT_km": 10.7, "tier": "gentle", "score": 8.6 }, "geometry": { "type": "Polygon", "coordinates": [ [ [ 127.2875, 37.0875 ], [ 127.2875, 37.1375 ], [ 127.2375, 37.1375 ], [ 127.2375, 37.0875 ], [ 127.2875, 37.0875 ] ] ] } },
{ "type": "Feature", "properties": { "grad_nT_km": 5.8, "tier": "gentle", "score": 9.9 }, "geometry": { "type": "Polygon", "coordinates": [ [ [ 127.3375, 37.0875 ], [ 127.3375, 37.1375 ], [ 127.2875, 37.1375 ], [ 127.2875, 37.0875 ], [ 127.3375, 37.0875 ] ] ] } },
{ "type": "Feature", "properties": { "grad_nT_km": 12.2, "tier": "gentle", "score": 8.2 }, "geometry": { "type": "Polygon", "coordinates": [ [ [ 127.3875, 37.0875 ], [ 127.3875, 37.1375 ], [ 127.3375, 37.1375 ], [ 127.3375, 37.0875 ], [ 127.3875, 37.0875 ] ] ] } },
{ "type": "Feature", "properties": { "grad_nT_km": 7.2, "tier": "gentle", "score": 9.7 }, "geometry": { "type": "Polygon", "coordinates": [ [ [ 127.4375, 37.0875 ], [ 127.4375, 37.1375 ], [ 127.3875, 37.1375 ], [ 127.3875, 37.0875 ], [ 127.4375, 37.0875 ] ] ] } },
{ "type": "Feature", "properties": { "grad_nT_km": 5.6, "tier": "gentle", "score": 10.0 }, "geometry": { "type": "Polygon", "coordinates": [ [ [ 127.4875, 37.0875 ], [ 127.4875, 37.1375 ], [ 127.4375, 37.1375 ], [ 127.4375, 37.0875 ], [ 127.4875, 37.0875 ] ] ] } },
{ "type": "Feature", "properties": { "grad_nT_km": 9.6, "tier": "gentle", "score": 9.0 }, "geometry": { "type": "Polygon", "coordinates": [ [ [ 127.7375, 37.0875 ], [ 127.7375, 37.1375 ], [ 127.6875, 37.1375 ], [ 127.6875, 37.0875 ], [ 127.7375, 37.0875 ] ] ] } },
{ "type": "Feature", "properties": { "grad_nT_km": 8.8, "tier": "gentle", "score": 9.2 }, "geometry": { "type": "Polygon", "coordinates": [ [ [ 127.7875, 37.0875 ], [ 127.7875, 37.1375 ], [ 127.7375, 37.1375 ], [ 127.7375, 37.0875 ], [ 127.7875, 37.0875 ] ] ] } },
{ "type": "Feature", "properties": { "grad_nT_km": 13.7, "tier": "gentle", "score": 7.7 }, "geometry": { "type": "Polygon", "coordinates": [ [ [ 127.8375, 37.0875 ], [ 127.8375, 37.1375 ], [ 127.7875, 37.1375 ], [ 127.7875, 37.0875 ], [ 127.8375, 37.0875 ] ] ] } },
{ "type": "Feature", "properties": { "grad_nT_km": 11.0, "tier": "gentle", "score": 8.5 }, "geometry": { "type": "Polygon", "coordinates": [ [ [ 127.8875, 37.0875 ], [ 127.8875, 37.1375 ], [ 127.8375, 37.1375 ], [ 127.8375, 37.0875 ], [ 127.8875, 37.0875 ] ] ] } },
{ "type": "Feature", "properties": { "grad_nT_km": 10.2, "tier": "gentle", "score": 8.8 }, "geometry": { "type": "Polygon", "coordinates": [ [ [ 128.2375, 37.0875 ], [ 128.2375, 37.1375 ], [ 128.1875, 37.1375 ], [ 128.1875, 37.0875 ], [ 128.2375, 37.0875 ] ] ] } },
{ "type": "Feature", "properties": { "grad_nT_km": 13.7, "tier": "gentle", "score": 7.7 }, "geometry": { "type": "Polygon", "coordinates": [ [ [ 128.2875, 37.0875 ], [ 128.2875, 37.1375 ], [ 128.2375, 37.1375 ], [ 128.2375, 37.0875 ], [ 128.2875, 37.0875 ] ] ] } },
{ "type": "Feature", "properties": { "grad_nT_km": 9.5, "tier": "gentle", "score": 9.0 }, "geometry": { "type": "Polygon", "coordinates": [ [ [ 128.3375, 37.0875 ], [ 128.3375, 37.1375 ], [ 128.2875, 37.1375 ], [ 128.2875, 37.0875 ], [ 128.3375, 37.0875 ] ] ] } },
{ "type": "Feature", "properties": { "grad_nT_km": 7.5, "tier": "gentle", "score": 9.6 }, "geometry": { "type": "Polygon", "coordinates": [ [ [ 128.3875, 37.0875 ], [ 128.3875, 37.1375 ], [ 128.3375, 37.1375 ], [ 128.3375, 37.0875 ], [ 128.3875, 37.0875 ] ] ] } },
{ "type": "Feature", "properties": { "grad_nT_km": 8.0, "tier": "gentle", "score": 9.5 }, "geometry": { "type": "Polygon", "coordinates": [ [ [ 128.4375, 37.0875 ], [ 128.4375, 37.1375 ], [ 128.3875, 37.1375 ], [ 128.3875, 37.0875 ], [ 128.4375, 37.0875 ] ] ] } },
{ "type": "Feature", "properties": { "grad_nT_km": 10.3, "tier": "gentle", "score": 8.7 }, "geometry": { "type": "Polygon", "coordinates": [ [ [ 128.4875, 37.0875 ], [ 128.4875, 37.1375 ], [ 128.4375, 37.1375 ], [ 128.4375, 37.0875 ], [ 128.4875, 37.0875 ] ] ] } },
{ "type": "Feature", "properties": { "grad_nT_km": 6.7, "tier": "gentle", "score": 9.8 }, "geometry": { "type": "Polygon", "coordinates": [ [ [ 128.5375, 37.0875 ], [ 128.5375, 37.1375 ], [ 128.4875, 37.1375 ], [ 128.4875, 37.0875 ], [ 128.5375, 37.0875 ] ] ] } },
{ "type": "Feature", "properties": { "grad_nT_km": 8.1, "tier": "gentle", "score": 9.4 }, "geometry": { "type": "Polygon", "coordinates": [ [ [ 128.5875, 37.0875 ], [ 128.5875, 37.1375 ], [ 128.5375, 37.1375 ], [ 128.5375, 37.0875 ], [ 128.5875, 37.0875 ] ] ] } },
{ "type": "Feature", "properties": { "grad_nT_km": 6.1, "tier": "gentle", "score": 9.9 }, "geometry": { "type": "Polygon", "coordinates": [ [ [ 128.6375, 37.0875 ], [ 128.6375, 37.1375 ], [ 128.5875, 37.1375 ], [ 128.5875, 37.0875 ], [ 128.6375, 37.0875 ] ] ] } },
{ "type": "Feature", "properties": { "grad_nT_km": 11.3, "tier": "gentle", "score": 8.4 }, "geometry": { "type": "Polygon", "coordinates": [ [ [ 128.6875, 37.0875 ], [ 128.6875, 37.1375 ], [ 128.6375, 37.1375 ], [ 128.6375, 37.0875 ], [ 128.6875, 37.0875 ] ] ] } },
{ "type": "Feature", "properties": { "grad_nT_km": 6.5, "tier": "gentle", "score": 9.8 }, "geometry": { "type": "Polygon", "coordinates": [ [ [ 128.7375, 37.0875 ], [ 128.7375, 37.1375 ], [ 128.6875, 37.1375 ], [ 128.6875, 37.0875 ], [ 128.7375, 37.0875 ] ] ] } },
{ "type": "Feature", "properties": { "grad_nT_km": 7.8, "tier": "gentle", "score": 9.5 }, "geometry": { "type": "Polygon", "coordinates": [ [ [ 128.7875, 37.0875 ], [ 128.7875, 37.1375 ], [ 128.7375, 37.1375 ], [ 128.7375, 37.0875 ], [ 128.7875, 37.0875 ] ] ] } },
{ "type": "Feature", "properties": { "grad_nT_km": 9.1, "tier": "gentle", "score": 9.1 }, "geometry": { "type": "Polygon", "coordinates": [ [ [ 128.8375, 37.0875 ], [ 128.8375, 37.1375 ], [ 128.7875, 37.1375 ], [ 128.7875, 37.0875 ], [ 128.8375, 37.0875 ] ] ] } },
{ "type": "Feature", "properties": { "grad_nT_km": 14.0, "tier": "gentle", "score": 7.6 }, "geometry": { "type": "Polygon", "coordinates": [ [ [ 128.9875, 37.0875 ], [ 128.9875, 37.1375 ], [ 128.9375, 37.1375 ], [ 128.9375, 37.0875 ], [ 128.9875, 37.0875 ] ] ] } },
{ "type": "Feature", "properties": { "grad_nT_km": 12.3, "tier": "gentle", "score": 8.1 }, "geometry": { "type": "Polygon", "coordinates": [ [ [ 129.0375, 37.0875 ], [ 129.0375, 37.1375 ], [ 128.9875, 37.1375 ], [ 128.9875, 37.0875 ], [ 129.0375, 37.0875 ] ] ] } },
{ "type": "Feature", "properties": { "grad_nT_km": 12.2, "tier": "gentle", "score": 8.2 }, "geometry": { "type": "Polygon", "coordinates": [ [ [ 129.0875, 37.0875 ], [ 129.0875, 37.1375 ], [ 129.0375, 37.1375 ], [ 129.0375, 37.0875 ], [ 129.0875, 37.0875 ] ] ] } },
{ "type": "Feature", "properties": { "grad_nT_km": 14.2, "tier": "gentle", "score": 7.6 }, "geometry": { "type": "Polygon", "coordinates": [ [ [ 129.1375, 37.0875 ], [ 129.1375, 37.1375 ], [ 129.0875, 37.1375 ], [ 129.0875, 37.0875 ], [ 129.1375, 37.0875 ] ] ] } },
{ "type": "Feature", "properties": { "grad_nT_km": 8.9, "tier": "gentle", "score": 9.2 }, "geometry": { "type": "Polygon", "coordinates": [ [ [ 129.1875, 37.0875 ], [ 129.1875, 37.1375 ], [ 129.1375, 37.1375 ], [ 129.1375, 37.0875 ], [ 129.1875, 37.0875 ] ] ] } },
{ "type": "Feature", "properties": { "grad_nT_km": 9.8, "tier": "gentle", "score": 8.9 }, "geometry": { "type": "Polygon", "coordinates": [ [ [ 129.3375, 37.0875 ], [ 129.3375, 37.1375 ], [ 129.2875, 37.1375 ], [ 129.2875, 37.0875 ], [ 129.3375, 37.0875 ] ] ] } },
{ "type": "Feature", "properties": { "grad_nT_km": 7.4, "tier": "gentle", "score": 9.6 }, "geometry": { "type": "Polygon", "coordinates": [ [ [ 129.3875, 37.0875 ], [ 129.3875, 37.1375 ], [ 129.3375, 37.1375 ], [ 129.3375, 37.0875 ], [ 129.3875, 37.0875 ] ] ] } },
{ "type": "Feature", "properties": { "grad_nT_km": 9.9, "tier": "gentle", "score": 8.9 }, "geometry": { "type": "Polygon", "coordinates": [ [ [ 129.4875, 37.0875 ], [ 129.4875, 37.1375 ], [ 129.4375, 37.1375 ], [ 129.4375, 37.0875 ], [ 129.4875, 37.0875 ] ] ] } },
{ "type": "Feature", "properties": { "grad_nT_km": 11.4, "tier": "gentle", "score": 8.4 }, "geometry": { "type": "Polygon", "coordinates": [ [ [ 126.0875, 37.1375 ], [ 126.0875, 37.1875 ], [ 126.0375, 37.1875 ], [ 126.0375, 37.1375 ], [ 126.0875, 37.1375 ] ] ] } },
{ "type": "Feature", "properties": { "grad_nT_km": 14.3, "tier": "gentle", "score": 7.6 }, "geometry": { "type": "Polygon", "coordinates": [ [ [ 126.1875, 37.1375 ], [ 126.1875, 37.1875 ], [ 126.1375, 37.1875 ], [ 126.1375, 37.1375 ], [ 126.1875, 37.1375 ] ] ] } },
{ "type": "Feature", "properties": { "grad_nT_km": 10.3, "tier": "gentle", "score": 8.7 }, "geometry": { "type": "Polygon", "coordinates": [ [ [ 126.4875, 37.1375 ], [ 126.4875, 37.1875 ], [ 126.4375, 37.1875 ], [ 126.4375, 37.1375 ], [ 126.4875, 37.1375 ] ] ] } },
{ "type": "Feature", "properties": { "grad_nT_km": 5.9, "tier": "gentle", "score": 9.9 }, "geometry": { "type": "Polygon", "coordinates": [ [ [ 126.5375, 37.1375 ], [ 126.5375, 37.1875 ], [ 126.4875, 37.1875 ], [ 126.4875, 37.1375 ], [ 126.5375, 37.1375 ] ] ] } },
{ "type": "Feature", "properties": { "grad_nT_km": 5.9, "tier": "gentle", "score": 9.9 }, "geometry": { "type": "Polygon", "coordinates": [ [ [ 126.7375, 37.1375 ], [ 126.7375, 37.1875 ], [ 126.6875, 37.1875 ], [ 126.6875, 37.1375 ], [ 126.7375, 37.1375 ] ] ] } },
{ "type": "Feature", "properties": { "grad_nT_km": 7.8, "tier": "gentle", "score": 9.5 }, "geometry": { "type": "Polygon", "coordinates": [ [ [ 126.7875, 37.1375 ], [ 126.7875, 37.1875 ], [ 126.7375, 37.1875 ], [ 126.7375, 37.1375 ], [ 126.7875, 37.1375 ] ] ] } },
{ "type": "Feature", "properties": { "grad_nT_km": 12.5, "tier": "gentle", "score": 8.1 }, "geometry": { "type": "Polygon", "coordinates": [ [ [ 126.8375, 37.1375 ], [ 126.8375, 37.1875 ], [ 126.7875, 37.1875 ], [ 126.7875, 37.1375 ], [ 126.8375, 37.1375 ] ] ] } },
{ "type": "Feature", "properties": { "grad_nT_km": 10.5, "tier": "gentle", "score": 8.7 }, "geometry": { "type": "Polygon", "coordinates": [ [ [ 126.8875, 37.1375 ], [ 126.8875, 37.1875 ], [ 126.8375, 37.1875 ], [ 126.8375, 37.1375 ], [ 126.8875, 37.1375 ] ] ] } },
{ "type": "Feature", "properties": { "grad_nT_km": 11.5, "tier": "gentle", "score": 8.4 }, "geometry": { "type": "Polygon", "coordinates": [ [ [ 126.9375, 37.1375 ], [ 126.9375, 37.1875 ], [ 126.8875, 37.1875 ], [ 126.8875, 37.1375 ], [ 126.9375, 37.1375 ] ] ] } },
{ "type": "Feature", "properties": { "grad_nT_km": 13.3, "tier": "gentle", "score": 7.8 }, "geometry": { "type": "Polygon", "coordinates": [ [ [ 127.1375, 37.1375 ], [ 127.1375, 37.1875 ], [ 127.0875, 37.1875 ], [ 127.0875, 37.1375 ], [ 127.1375, 37.1375 ] ] ] } },
{ "type": "Feature", "properties": { "grad_nT_km": 10.1, "tier": "gentle", "score": 8.8 }, "geometry": { "type": "Polygon", "coordinates": [ [ [ 127.1875, 37.1375 ], [ 127.1875, 37.1875 ], [ 127.1375, 37.1875 ], [ 127.1375, 37.1375 ], [ 127.1875, 37.1375 ] ] ] } },
{ "type": "Feature", "properties": { "grad_nT_km": 12.4, "tier": "gentle", "score": 8.1 }, "geometry": { "type": "Polygon", "coordinates": [ [ [ 127.2375, 37.1375 ], [ 127.2375, 37.1875 ], [ 127.1875, 37.1875 ], [ 127.1875, 37.1375 ], [ 127.2375, 37.1375 ] ] ] } },
{ "type": "Feature", "properties": { "grad_nT_km": 8.8, "tier": "gentle", "score": 9.2 }, "geometry": { "type": "Polygon", "coordinates": [ [ [ 127.2875, 37.1375 ], [ 127.2875, 37.1875 ], [ 127.2375, 37.1875 ], [ 127.2375, 37.1375 ], [ 127.2875, 37.1375 ] ] ] } },
{ "type": "Feature", "properties": { "grad_nT_km": 11.1, "tier": "gentle", "score": 8.5 }, "geometry": { "type": "Polygon", "coordinates": [ [ [ 127.3375, 37.1375 ], [ 127.3375, 37.1875 ], [ 127.2875, 37.1875 ], [ 127.2875, 37.1375 ], [ 127.3375, 37.1375 ] ] ] } },
{ "type": "Feature", "properties": { "grad_nT_km": 10.3, "tier": "gentle", "score": 8.8 }, "geometry": { "type": "Polygon", "coordinates": [ [ [ 127.3875, 37.1375 ], [ 127.3875, 37.1875 ], [ 127.3375, 37.1875 ], [ 127.3375, 37.1375 ], [ 127.3875, 37.1375 ] ] ] } },
{ "type": "Feature", "properties": { "grad_nT_km": 6.8, "tier": "gentle", "score": 9.8 }, "geometry": { "type": "Polygon", "coordinates": [ [ [ 127.4375, 37.1375 ], [ 127.4375, 37.1875 ], [ 127.3875, 37.1875 ], [ 127.3875, 37.1375 ], [ 127.4375, 37.1375 ] ] ] } },
{ "type": "Feature", "properties": { "grad_nT_km": 9.0, "tier": "gentle", "score": 9.1 }, "geometry": { "type": "Polygon", "coordinates": [ [ [ 127.8375, 37.1375 ], [ 127.8375, 37.1875 ], [ 127.7875, 37.1875 ], [ 127.7875, 37.1375 ], [ 127.8375, 37.1375 ] ] ] } },
{ "type": "Feature", "properties": { "grad_nT_km": 12.0, "tier": "gentle", "score": 8.2 }, "geometry": { "type": "Polygon", "coordinates": [ [ [ 128.0875, 37.1375 ], [ 128.0875, 37.1875 ], [ 128.0375, 37.1875 ], [ 128.0375, 37.1375 ], [ 128.0875, 37.1375 ] ] ] } },
{ "type": "Feature", "properties": { "grad_nT_km": 12.7, "tier": "gentle", "score": 8.0 }, "geometry": { "type": "Polygon", "coordinates": [ [ [ 128.2375, 37.1375 ], [ 128.2375, 37.1875 ], [ 128.1875, 37.1875 ], [ 128.1875, 37.1375 ], [ 128.2375, 37.1375 ] ] ] } },
{ "type": "Feature", "properties": { "grad_nT_km": 14.6, "tier": "gentle", "score": 7.5 }, "geometry": { "type": "Polygon", "coordinates": [ [ [ 128.2875, 37.1375 ], [ 128.2875, 37.1875 ], [ 128.2375, 37.1875 ], [ 128.2375, 37.1375 ], [ 128.2875, 37.1375 ] ] ] } },
{ "type": "Feature", "properties": { "grad_nT_km": 9.2, "tier": "gentle", "score": 9.1 }, "geometry": { "type": "Polygon", "coordinates": [ [ [ 128.3375, 37.1375 ], [ 128.3375, 37.1875 ], [ 128.2875, 37.1875 ], [ 128.2875, 37.1375 ], [ 128.3375, 37.1375 ] ] ] } },
{ "type": "Feature", "properties": { "grad_nT_km": 5.7, "tier": "gentle", "score": 10.0 }, "geometry": { "type": "Polygon", "coordinates": [ [ [ 128.3875, 37.1375 ], [ 128.3875, 37.1875 ], [ 128.3375, 37.1875 ], [ 128.3375, 37.1375 ], [ 128.3875, 37.1375 ] ] ] } },
{ "type": "Feature", "properties": { "grad_nT_km": 6.3, "tier": "gentle", "score": 9.9 }, "geometry": { "type": "Polygon", "coordinates": [ [ [ 128.4875, 37.1375 ], [ 128.4875, 37.1875 ], [ 128.4375, 37.1875 ], [ 128.4375, 37.1375 ], [ 128.4875, 37.1375 ] ] ] } },
{ "type": "Feature", "properties": { "grad_nT_km": 8.2, "tier": "gentle", "score": 9.4 }, "geometry": { "type": "Polygon", "coordinates": [ [ [ 128.5875, 37.1375 ], [ 128.5875, 37.1875 ], [ 128.5375, 37.1875 ], [ 128.5375, 37.1375 ], [ 128.5875, 37.1375 ] ] ] } },
{ "type": "Feature", "properties": { "grad_nT_km": 7.1, "tier": "gentle", "score": 9.7 }, "geometry": { "type": "Polygon", "coordinates": [ [ [ 128.6375, 37.1375 ], [ 128.6375, 37.1875 ], [ 128.5875, 37.1875 ], [ 128.5875, 37.1375 ], [ 128.6375, 37.1375 ] ] ] } },
{ "type": "Feature", "properties": { "grad_nT_km": 8.8, "tier": "gentle", "score": 9.2 }, "geometry": { "type": "Polygon", "coordinates": [ [ [ 128.7875, 37.1375 ], [ 128.7875, 37.1875 ], [ 128.7375, 37.1875 ], [ 128.7375, 37.1375 ], [ 128.7875, 37.1375 ] ] ] } },
{ "type": "Feature", "properties": { "grad_nT_km": 10.0, "tier": "gentle", "score": 8.8 }, "geometry": { "type": "Polygon", "coordinates": [ [ [ 128.8375, 37.1375 ], [ 128.8375, 37.1875 ], [ 128.7875, 37.1875 ], [ 128.7875, 37.1375 ], [ 128.8375, 37.1375 ] ] ] } },
{ "type": "Feature", "properties": { "grad_nT_km": 14.9, "tier": "gentle", "score": 7.4 }, "geometry": { "type": "Polygon", "coordinates": [ [ [ 128.8875, 37.1375 ], [ 128.8875, 37.1875 ], [ 128.8375, 37.1875 ], [ 128.8375, 37.1375 ], [ 128.8875, 37.1375 ] ] ] } },
{ "type": "Feature", "properties": { "grad_nT_km": 11.1, "tier": "gentle", "score": 8.5 }, "geometry": { "type": "Polygon", "coordinates": [ [ [ 128.9375, 37.1375 ], [ 128.9375, 37.1875 ], [ 128.8875, 37.1875 ], [ 128.8875, 37.1375 ], [ 128.9375, 37.1375 ] ] ] } },
{ "type": "Feature", "properties": { "grad_nT_km": 10.5, "tier": "gentle", "score": 8.7 }, "geometry": { "type": "Polygon", "coordinates": [ [ [ 128.9875, 37.1375 ], [ 128.9875, 37.1875 ], [ 128.9375, 37.1875 ], [ 128.9375, 37.1375 ], [ 128.9875, 37.1375 ] ] ] } },
{ "type": "Feature", "properties": { "grad_nT_km": 7.7, "tier": "gentle", "score": 9.5 }, "geometry": { "type": "Polygon", "coordinates": [ [ [ 129.0375, 37.1375 ], [ 129.0375, 37.1875 ], [ 128.9875, 37.1875 ], [ 128.9875, 37.1375 ], [ 129.0375, 37.1375 ] ] ] } },
{ "type": "Feature", "properties": { "grad_nT_km": 13.0, "tier": "gentle", "score": 7.9 }, "geometry": { "type": "Polygon", "coordinates": [ [ [ 129.0875, 37.1375 ], [ 129.0875, 37.1875 ], [ 129.0375, 37.1875 ], [ 129.0375, 37.1375 ], [ 129.0875, 37.1375 ] ] ] } },
{ "type": "Feature", "properties": { "grad_nT_km": 12.6, "tier": "gentle", "score": 8.0 }, "geometry": { "type": "Polygon", "coordinates": [ [ [ 129.1375, 37.1375 ], [ 129.1375, 37.1875 ], [ 129.0875, 37.1875 ], [ 129.0875, 37.1375 ], [ 129.1375, 37.1375 ] ] ] } },
{ "type": "Feature", "properties": { "grad_nT_km": 14.9, "tier": "gentle", "score": 7.4 }, "geometry": { "type": "Polygon", "coordinates": [ [ [ 129.1875, 37.1375 ], [ 129.1875, 37.1875 ], [ 129.1375, 37.1875 ], [ 129.1375, 37.1375 ], [ 129.1875, 37.1375 ] ] ] } },
{ "type": "Feature", "properties": { "grad_nT_km": 13.3, "tier": "gentle", "score": 7.8 }, "geometry": { "type": "Polygon", "coordinates": [ [ [ 129.2375, 37.1375 ], [ 129.2375, 37.1875 ], [ 129.1875, 37.1875 ], [ 129.1875, 37.1375 ], [ 129.2375, 37.1375 ] ] ] } },
{ "type": "Feature", "properties": { "grad_nT_km": 6.1, "tier": "gentle", "score": 9.9 }, "geometry": { "type": "Polygon", "coordinates": [ [ [ 129.2875, 37.1375 ], [ 129.2875, 37.1875 ], [ 129.2375, 37.1875 ], [ 129.2375, 37.1375 ], [ 129.2875, 37.1375 ] ] ] } },
{ "type": "Feature", "properties": { "grad_nT_km": 5.9, "tier": "gentle", "score": 9.9 }, "geometry": { "type": "Polygon", "coordinates": [ [ [ 129.3875, 37.1375 ], [ 129.3875, 37.1875 ], [ 129.3375, 37.1875 ], [ 129.3375, 37.1375 ], [ 129.3875, 37.1375 ] ] ] } },
{ "type": "Feature", "properties": { "grad_nT_km": 7.6, "tier": "gentle", "score": 9.6 }, "geometry": { "type": "Polygon", "coordinates": [ [ [ 129.4375, 37.1375 ], [ 129.4375, 37.1875 ], [ 129.3875, 37.1875 ], [ 129.3875, 37.1375 ], [ 129.4375, 37.1375 ] ] ] } },
{ "type": "Feature", "properties": { "grad_nT_km": 6.1, "tier": "gentle", "score": 9.9 }, "geometry": { "type": "Polygon", "coordinates": [ [ [ 129.4875, 37.1375 ], [ 129.4875, 37.1875 ], [ 129.4375, 37.1875 ], [ 129.4375, 37.1375 ], [ 129.4875, 37.1375 ] ] ] } },
{ "type": "Feature", "properties": { "grad_nT_km": 9.2, "tier": "gentle", "score": 9.1 }, "geometry": { "type": "Polygon", "coordinates": [ [ [ 125.8875, 37.1875 ], [ 125.8875, 37.2375 ], [ 125.8375, 37.2375 ], [ 125.8375, 37.1875 ], [ 125.8875, 37.1875 ] ] ] } },
{ "type": "Feature", "properties": { "grad_nT_km": 12.4, "tier": "gentle", "score": 8.1 }, "geometry": { "type": "Polygon", "coordinates": [ [ [ 125.9375, 37.1875 ], [ 125.9375, 37.2375 ], [ 125.8875, 37.2375 ], [ 125.8875, 37.1875 ], [ 125.9375, 37.1875 ] ] ] } },
{ "type": "Feature", "properties": { "grad_nT_km": 14.3, "tier": "gentle", "score": 7.5 }, "geometry": { "type": "Polygon", "coordinates": [ [ [ 126.0375, 37.1875 ], [ 126.0375, 37.2375 ], [ 125.9875, 37.2375 ], [ 125.9875, 37.1875 ], [ 126.0375, 37.1875 ] ] ] } },
{ "type": "Feature", "properties": { "grad_nT_km": 5.8, "tier": "gentle", "score": 9.9 }, "geometry": { "type": "Polygon", "coordinates": [ [ [ 126.0875, 37.1875 ], [ 126.0875, 37.2375 ], [ 126.0375, 37.2375 ], [ 126.0375, 37.1875 ], [ 126.0875, 37.1875 ] ] ] } },
{ "type": "Feature", "properties": { "grad_nT_km": 7.2, "tier": "gentle", "score": 9.7 }, "geometry": { "type": "Polygon", "coordinates": [ [ [ 126.1375, 37.1875 ], [ 126.1375, 37.2375 ], [ 126.0875, 37.2375 ], [ 126.0875, 37.1875 ], [ 126.1375, 37.1875 ] ] ] } },
{ "type": "Feature", "properties": { "grad_nT_km": 6.6, "tier": "gentle", "score": 9.8 }, "geometry": { "type": "Polygon", "coordinates": [ [ [ 126.1875, 37.1875 ], [ 126.1875, 37.2375 ], [ 126.1375, 37.2375 ], [ 126.1375, 37.1875 ], [ 126.1875, 37.1875 ] ] ] } },
{ "type": "Feature", "properties": { "grad_nT_km": 14.1, "tier": "gentle", "score": 7.6 }, "geometry": { "type": "Polygon", "coordinates": [ [ [ 126.2375, 37.1875 ], [ 126.2375, 37.2375 ], [ 126.1875, 37.2375 ], [ 126.1875, 37.1875 ], [ 126.2375, 37.1875 ] ] ] } },
{ "type": "Feature", "properties": { "grad_nT_km": 10.2, "tier": "gentle", "score": 8.8 }, "geometry": { "type": "Polygon", "coordinates": [ [ [ 126.4875, 37.1875 ], [ 126.4875, 37.2375 ], [ 126.4375, 37.2375 ], [ 126.4375, 37.1875 ], [ 126.4875, 37.1875 ] ] ] } },
{ "type": "Feature", "properties": { "grad_nT_km": 6.1, "tier": "gentle", "score": 9.9 }, "geometry": { "type": "Polygon", "coordinates": [ [ [ 126.5875, 37.1875 ], [ 126.5875, 37.2375 ], [ 126.5375, 37.2375 ], [ 126.5375, 37.1875 ], [ 126.5875, 37.1875 ] ] ] } },
{ "type": "Feature", "properties": { "grad_nT_km": 10.8, "tier": "gentle", "score": 8.6 }, "geometry": { "type": "Polygon", "coordinates": [ [ [ 126.6875, 37.1875 ], [ 126.6875, 37.2375 ], [ 126.6375, 37.2375 ], [ 126.6375, 37.1875 ], [ 126.6875, 37.1875 ] ] ] } },
{ "type": "Feature", "properties": { "grad_nT_km": 8.7, "tier": "gentle", "score": 9.2 }, "geometry": { "type": "Polygon", "coordinates": [ [ [ 126.7375, 37.1875 ], [ 126.7375, 37.2375 ], [ 126.6875, 37.2375 ], [ 126.6875, 37.1875 ], [ 126.7375, 37.1875 ] ] ] } },
{ "type": "Feature", "properties": { "grad_nT_km": 8.4, "tier": "gentle", "score": 9.3 }, "geometry": { "type": "Polygon", "coordinates": [ [ [ 126.8375, 37.1875 ], [ 126.8375, 37.2375 ], [ 126.7875, 37.2375 ], [ 126.7875, 37.1875 ], [ 126.8375, 37.1875 ] ] ] } },
{ "type": "Feature", "properties": { "grad_nT_km": 6.7, "tier": "gentle", "score": 9.8 }, "geometry": { "type": "Polygon", "coordinates": [ [ [ 126.8875, 37.1875 ], [ 126.8875, 37.2375 ], [ 126.8375, 37.2375 ], [ 126.8375, 37.1875 ], [ 126.8875, 37.1875 ] ] ] } },
{ "type": "Feature", "properties": { "grad_nT_km": 5.2, "tier": "gentle", "score": 10.0 }, "geometry": { "type": "Polygon", "coordinates": [ [ [ 126.9375, 37.1875 ], [ 126.9375, 37.2375 ], [ 126.8875, 37.2375 ], [ 126.8875, 37.1875 ], [ 126.9375, 37.1875 ] ] ] } },
{ "type": "Feature", "properties": { "grad_nT_km": 5.6, "tier": "gentle", "score": 10.0 }, "geometry": { "type": "Polygon", "coordinates": [ [ [ 127.1875, 37.1875 ], [ 127.1875, 37.2375 ], [ 127.1375, 37.2375 ], [ 127.1375, 37.1875 ], [ 127.1875, 37.1875 ] ] ] } },
{ "type": "Feature", "properties": { "grad_nT_km": 7.9, "tier": "gentle", "score": 9.5 }, "geometry": { "type": "Polygon", "coordinates": [ [ [ 127.2375, 37.1875 ], [ 127.2375, 37.2375 ], [ 127.1875, 37.2375 ], [ 127.1875, 37.1875 ], [ 127.2375, 37.1875 ] ] ] } },
{ "type": "Feature", "properties": { "grad_nT_km": 13.0, "tier": "gentle", "score": 7.9 }, "geometry": { "type": "Polygon", "coordinates": [ [ [ 127.3375, 37.1875 ], [ 127.3375, 37.2375 ], [ 127.2875, 37.2375 ], [ 127.2875, 37.1875 ], [ 127.3375, 37.1875 ] ] ] } },
{ "type": "Feature", "properties": { "grad_nT_km": 7.4, "tier": "gentle", "score": 9.6 }, "geometry": { "type": "Polygon", "coordinates": [ [ [ 127.3875, 37.1875 ], [ 127.3875, 37.2375 ], [ 127.3375, 37.2375 ], [ 127.3375, 37.1875 ], [ 127.3875, 37.1875 ] ] ] } },
{ "type": "Feature", "properties": { "grad_nT_km": 5.5, "tier": "gentle", "score": 10.0 }, "geometry": { "type": "Polygon", "coordinates": [ [ [ 127.5875, 37.1875 ], [ 127.5875, 37.2375 ], [ 127.5375, 37.2375 ], [ 127.5375, 37.1875 ], [ 127.5875, 37.1875 ] ] ] } },
{ "type": "Feature", "properties": { "grad_nT_km": 5.7, "tier": "gentle", "score": 10.0 }, "geometry": { "type": "Polygon", "coordinates": [ [ [ 127.6375, 37.1875 ], [ 127.6375, 37.2375 ], [ 127.5875, 37.2375 ], [ 127.5875, 37.1875 ], [ 127.6375, 37.1875 ] ] ] } },
{ "type": "Feature", "properties": { "grad_nT_km": 5.7, "tier": "gentle", "score": 10.0 }, "geometry": { "type": "Polygon", "coordinates": [ [ [ 127.6875, 37.1875 ], [ 127.6875, 37.2375 ], [ 127.6375, 37.2375 ], [ 127.6375, 37.1875 ], [ 127.6875, 37.1875 ] ] ] } },
{ "type": "Feature", "properties": { "grad_nT_km": 7.9, "tier": "gentle", "score": 9.5 }, "geometry": { "type": "Polygon", "coordinates": [ [ [ 127.7375, 37.1875 ], [ 127.7375, 37.2375 ], [ 127.6875, 37.2375 ], [ 127.6875, 37.1875 ], [ 127.7375, 37.1875 ] ] ] } },
{ "type": "Feature", "properties": { "grad_nT_km": 13.4, "tier": "gentle", "score": 7.8 }, "geometry": { "type": "Polygon", "coordinates": [ [ [ 127.9375, 37.1875 ], [ 127.9375, 37.2375 ], [ 127.8875, 37.2375 ], [ 127.8875, 37.1875 ], [ 127.9375, 37.1875 ] ] ] } },
{ "type": "Feature", "properties": { "grad_nT_km": 6.5, "tier": "gentle", "score": 9.8 }, "geometry": { "type": "Polygon", "coordinates": [ [ [ 128.0875, 37.1875 ], [ 128.0875, 37.2375 ], [ 128.0375, 37.2375 ], [ 128.0375, 37.1875 ], [ 128.0875, 37.1875 ] ] ] } },
{ "type": "Feature", "properties": { "grad_nT_km": 7.7, "tier": "gentle", "score": 9.5 }, "geometry": { "type": "Polygon", "coordinates": [ [ [ 128.1375, 37.1875 ], [ 128.1375, 37.2375 ], [ 128.0875, 37.2375 ], [ 128.0875, 37.1875 ], [ 128.1375, 37.1875 ] ] ] } },
{ "type": "Feature", "properties": { "grad_nT_km": 12.9, "tier": "gentle", "score": 8.0 }, "geometry": { "type": "Polygon", "coordinates": [ [ [ 128.1875, 37.1875 ], [ 128.1875, 37.2375 ], [ 128.1375, 37.2375 ], [ 128.1375, 37.1875 ], [ 128.1875, 37.1875 ] ] ] } },
{ "type": "Feature", "properties": { "grad_nT_km": 8.9, "tier": "gentle", "score": 9.2 }, "geometry": { "type": "Polygon", "coordinates": [ [ [ 128.3375, 37.1875 ], [ 128.3375, 37.2375 ], [ 128.2875, 37.2375 ], [ 128.2875, 37.1875 ], [ 128.3375, 37.1875 ] ] ] } },
{ "type": "Feature", "properties": { "grad_nT_km": 14.0, "tier": "gentle", "score": 7.6 }, "geometry": { "type": "Polygon", "coordinates": [ [ [ 128.3875, 37.1875 ], [ 128.3875, 37.2375 ], [ 128.3375, 37.2375 ], [ 128.3375, 37.1875 ], [ 128.3875, 37.1875 ] ] ] } },
{ "type": "Feature", "properties": { "grad_nT_km": 12.2, "tier": "gentle", "score": 8.2 }, "geometry": { "type": "Polygon", "coordinates": [ [ [ 128.4375, 37.1875 ], [ 128.4375, 37.2375 ], [ 128.3875, 37.2375 ], [ 128.3875, 37.1875 ], [ 128.4375, 37.1875 ] ] ] } },
{ "type": "Feature", "properties": { "grad_nT_km": 5.7, "tier": "gentle", "score": 10.0 }, "geometry": { "type": "Polygon", "coordinates": [ [ [ 128.5375, 37.1875 ], [ 128.5375, 37.2375 ], [ 128.4875, 37.2375 ], [ 128.4875, 37.1875 ], [ 128.5375, 37.1875 ] ] ] } },
{ "type": "Feature", "properties": { "grad_nT_km": 6.2, "tier": "gentle", "score": 9.9 }, "geometry": { "type": "Polygon", "coordinates": [ [ [ 128.5875, 37.1875 ], [ 128.5875, 37.2375 ], [ 128.5375, 37.2375 ], [ 128.5375, 37.1875 ], [ 128.5875, 37.1875 ] ] ] } },
{ "type": "Feature", "properties": { "grad_nT_km": 7.6, "tier": "gentle", "score": 9.6 }, "geometry": { "type": "Polygon", "coordinates": [ [ [ 128.6375, 37.1875 ], [ 128.6375, 37.2375 ], [ 128.5875, 37.2375 ], [ 128.5875, 37.1875 ], [ 128.6375, 37.1875 ] ] ] } },
{ "type": "Feature", "properties": { "grad_nT_km": 6.2, "tier": "gentle", "score": 9.9 }, "geometry": { "type": "Polygon", "coordinates": [ [ [ 128.6875, 37.1875 ], [ 128.6875, 37.2375 ], [ 128.6375, 37.2375 ], [ 128.6375, 37.1875 ], [ 128.6875, 37.1875 ] ] ] } },
{ "type": "Feature", "properties": { "grad_nT_km": 12.8, "tier": "gentle", "score": 8.0 }, "geometry": { "type": "Polygon", "coordinates": [ [ [ 128.7375, 37.1875 ], [ 128.7375, 37.2375 ], [ 128.6875, 37.2375 ], [ 128.6875, 37.1875 ], [ 128.7375, 37.1875 ] ] ] } },
{ "type": "Feature", "properties": { "grad_nT_km": 7.3, "tier": "gentle", "score": 9.7 }, "geometry": { "type": "Polygon", "coordinates": [ [ [ 128.8875, 37.1875 ], [ 128.8875, 37.2375 ], [ 128.8375, 37.2375 ], [ 128.8375, 37.1875 ], [ 128.8875, 37.1875 ] ] ] } },
{ "type": "Feature", "properties": { "grad_nT_km": 10.9, "tier": "gentle", "score": 8.6 }, "geometry": { "type": "Polygon", "coordinates": [ [ [ 129.0375, 37.1875 ], [ 129.0375, 37.2375 ], [ 128.9875, 37.2375 ], [ 128.9875, 37.1875 ], [ 129.0375, 37.1875 ] ] ] } },
{ "type": "Feature", "properties": { "grad_nT_km": 5.2, "tier": "gentle", "score": 10.0 }, "geometry": { "type": "Polygon", "coordinates": [ [ [ 129.0875, 37.1875 ], [ 129.0875, 37.2375 ], [ 129.0375, 37.2375 ], [ 129.0375, 37.1875 ], [ 129.0875, 37.1875 ] ] ] } },
{ "type": "Feature", "properties": { "grad_nT_km": 9.5, "tier": "gentle", "score": 9.0 }, "geometry": { "type": "Polygon", "coordinates": [ [ [ 129.1375, 37.1875 ], [ 129.1375, 37.2375 ], [ 129.0875, 37.2375 ], [ 129.0875, 37.1875 ], [ 129.1375, 37.1875 ] ] ] } },
{ "type": "Feature", "properties": { "grad_nT_km": 9.5, "tier": "gentle", "score": 9.0 }, "geometry": { "type": "Polygon", "coordinates": [ [ [ 129.1875, 37.1875 ], [ 129.1875, 37.2375 ], [ 129.1375, 37.2375 ], [ 129.1375, 37.1875 ], [ 129.1875, 37.1875 ] ] ] } },
{ "type": "Feature", "properties": { "grad_nT_km": 11.9, "tier": "gentle", "score": 8.3 }, "geometry": { "type": "Polygon", "coordinates": [ [ [ 129.2375, 37.1875 ], [ 129.2375, 37.2375 ], [ 129.1875, 37.2375 ], [ 129.1875, 37.1875 ], [ 129.2375, 37.1875 ] ] ] } },
{ "type": "Feature", "properties": { "grad_nT_km": 13.9, "tier": "gentle", "score": 7.7 }, "geometry": { "type": "Polygon", "coordinates": [ [ [ 129.2875, 37.1875 ], [ 129.2875, 37.2375 ], [ 129.2375, 37.2375 ], [ 129.2375, 37.1875 ], [ 129.2875, 37.1875 ] ] ] } },
{ "type": "Feature", "properties": { "grad_nT_km": 13.3, "tier": "gentle", "score": 7.8 }, "geometry": { "type": "Polygon", "coordinates": [ [ [ 129.3375, 37.1875 ], [ 129.3375, 37.2375 ], [ 129.2875, 37.2375 ], [ 129.2875, 37.1875 ], [ 129.3375, 37.1875 ] ] ] } },
{ "type": "Feature", "properties": { "grad_nT_km": 10.4, "tier": "gentle", "score": 8.7 }, "geometry": { "type": "Polygon", "coordinates": [ [ [ 129.4375, 37.1875 ], [ 129.4375, 37.2375 ], [ 129.3875, 37.2375 ], [ 129.3875, 37.1875 ], [ 129.4375, 37.1875 ] ] ] } },
{ "type": "Feature", "properties": { "grad_nT_km": 11.0, "tier": "gentle", "score": 8.5 }, "geometry": { "type": "Polygon", "coordinates": [ [ [ 129.4875, 37.1875 ], [ 129.4875, 37.2375 ], [ 129.4375, 37.2375 ], [ 129.4375, 37.1875 ], [ 129.4875, 37.1875 ] ] ] } },
{ "type": "Feature", "properties": { "grad_nT_km": 6.9, "tier": "gentle", "score": 9.7 }, "geometry": { "type": "Polygon", "coordinates": [ [ [ 126.2375, 37.2375 ], [ 126.2375, 37.2875 ], [ 126.1875, 37.2875 ], [ 126.1875, 37.2375 ], [ 126.2375, 37.2375 ] ] ] } },
{ "type": "Feature", "properties": { "grad_nT_km": 12.5, "tier": "gentle", "score": 8.1 }, "geometry": { "type": "Polygon", "coordinates": [ [ [ 126.5375, 37.2375 ], [ 126.5375, 37.2875 ], [ 126.4875, 37.2875 ], [ 126.4875, 37.2375 ], [ 126.5375, 37.2375 ] ] ] } },
{ "type": "Feature", "properties": { "grad_nT_km": 12.5, "tier": "gentle", "score": 8.1 }, "geometry": { "type": "Polygon", "coordinates": [ [ [ 126.5875, 37.2375 ], [ 126.5875, 37.2875 ], [ 126.5375, 37.2875 ], [ 126.5375, 37.2375 ], [ 126.5875, 37.2375 ] ] ] } },
{ "type": "Feature", "properties": { "grad_nT_km": 5.4, "tier": "gentle", "score": 10.0 }, "geometry": { "type": "Polygon", "coordinates": [ [ [ 126.7875, 37.2375 ], [ 126.7875, 37.2875 ], [ 126.7375, 37.2875 ], [ 126.7375, 37.2375 ], [ 126.7875, 37.2375 ] ] ] } },
{ "type": "Feature", "properties": { "grad_nT_km": 7.8, "tier": "gentle", "score": 9.5 }, "geometry": { "type": "Polygon", "coordinates": [ [ [ 126.9375, 37.2375 ], [ 126.9375, 37.2875 ], [ 126.8875, 37.2875 ], [ 126.8875, 37.2375 ], [ 126.9375, 37.2375 ] ] ] } },
{ "type": "Feature", "properties": { "grad_nT_km": 8.6, "tier": "gentle", "score": 9.3 }, "geometry": { "type": "Polygon", "coordinates": [ [ [ 127.1875, 37.2375 ], [ 127.1875, 37.2875 ], [ 127.1375, 37.2875 ], [ 127.1375, 37.2375 ], [ 127.1875, 37.2375 ] ] ] } },
{ "type": "Feature", "properties": { "grad_nT_km": 12.0, "tier": "gentle", "score": 8.2 }, "geometry": { "type": "Polygon", "coordinates": [ [ [ 127.2375, 37.2375 ], [ 127.2375, 37.2875 ], [ 127.1875, 37.2875 ], [ 127.1875, 37.2375 ], [ 127.2375, 37.2375 ] ] ] } },
{ "type": "Feature", "properties": { "grad_nT_km": 6.2, "tier": "gentle", "score": 9.9 }, "geometry": { "type": "Polygon", "coordinates": [ [ [ 127.2875, 37.2375 ], [ 127.2875, 37.2875 ], [ 127.2375, 37.2875 ], [ 127.2375, 37.2375 ], [ 127.2875, 37.2375 ] ] ] } },
{ "type": "Feature", "properties": { "grad_nT_km": 12.2, "tier": "gentle", "score": 8.2 }, "geometry": { "type": "Polygon", "coordinates": [ [ [ 127.3875, 37.2375 ], [ 127.3875, 37.2875 ], [ 127.3375, 37.2875 ], [ 127.3375, 37.2375 ], [ 127.3875, 37.2375 ] ] ] } },
{ "type": "Feature", "properties": { "grad_nT_km": 9.8, "tier": "gentle", "score": 8.9 }, "geometry": { "type": "Polygon", "coordinates": [ [ [ 127.4375, 37.2375 ], [ 127.4375, 37.2875 ], [ 127.3875, 37.2875 ], [ 127.3875, 37.2375 ], [ 127.4375, 37.2375 ] ] ] } },
{ "type": "Feature", "properties": { "grad_nT_km": 5.0, "tier": "gentle", "score": 10.0 }, "geometry": { "type": "Polygon", "coordinates": [ [ [ 127.4875, 37.2375 ], [ 127.4875, 37.2875 ], [ 127.4375, 37.2875 ], [ 127.4375, 37.2375 ], [ 127.4875, 37.2375 ] ] ] } },
{ "type": "Feature", "properties": { "grad_nT_km": 5.7, "tier": "gentle", "score": 10.0 }, "geometry": { "type": "Polygon", "coordinates": [ [ [ 127.7875, 37.2375 ], [ 127.7875, 37.2875 ], [ 127.7375, 37.2875 ], [ 127.7375, 37.2375 ], [ 127.7875, 37.2375 ] ] ] } },
{ "type": "Feature", "properties": { "grad_nT_km": 5.4, "tier": "gentle", "score": 10.0 }, "geometry": { "type": "Polygon", "coordinates": [ [ [ 127.8375, 37.2375 ], [ 127.8375, 37.2875 ], [ 127.7875, 37.2875 ], [ 127.7875, 37.2375 ], [ 127.8375, 37.2375 ] ] ] } },
{ "type": "Feature", "properties": { "grad_nT_km": 5.8, "tier": "gentle", "score": 9.9 }, "geometry": { "type": "Polygon", "coordinates": [ [ [ 127.8875, 37.2375 ], [ 127.8875, 37.2875 ], [ 127.8375, 37.2875 ], [ 127.8375, 37.2375 ], [ 127.8875, 37.2375 ] ] ] } },
{ "type": "Feature", "properties": { "grad_nT_km": 6.6, "tier": "gentle", "score": 9.8 }, "geometry": { "type": "Polygon", "coordinates": [ [ [ 127.9375, 37.2375 ], [ 127.9375, 37.2875 ], [ 127.8875, 37.2875 ], [ 127.8875, 37.2375 ], [ 127.9375, 37.2375 ] ] ] } },
{ "type": "Feature", "properties": { "grad_nT_km": 6.2, "tier": "gentle", "score": 9.9 }, "geometry": { "type": "Polygon", "coordinates": [ [ [ 127.9875, 37.2375 ], [ 127.9875, 37.2875 ], [ 127.9375, 37.2875 ], [ 127.9375, 37.2375 ], [ 127.9875, 37.2375 ] ] ] } },
{ "type": "Feature", "properties": { "grad_nT_km": 10.1, "tier": "gentle", "score": 8.8 }, "geometry": { "type": "Polygon", "coordinates": [ [ [ 128.0875, 37.2375 ], [ 128.0875, 37.2875 ], [ 128.0375, 37.2875 ], [ 128.0375, 37.2375 ], [ 128.0875, 37.2375 ] ] ] } },
{ "type": "Feature", "properties": { "grad_nT_km": 8.6, "tier": "gentle", "score": 9.3 }, "geometry": { "type": "Polygon", "coordinates": [ [ [ 128.1375, 37.2375 ], [ 128.1375, 37.2875 ], [ 128.0875, 37.2875 ], [ 128.0875, 37.2375 ], [ 128.1375, 37.2375 ] ] ] } },
{ "type": "Feature", "properties": { "grad_nT_km": 14.8, "tier": "gentle", "score": 7.4 }, "geometry": { "type": "Polygon", "coordinates": [ [ [ 128.1875, 37.2375 ], [ 128.1875, 37.2875 ], [ 128.1375, 37.2875 ], [ 128.1375, 37.2375 ], [ 128.1875, 37.2375 ] ] ] } },
{ "type": "Feature", "properties": { "grad_nT_km": 7.9, "tier": "gentle", "score": 9.5 }, "geometry": { "type": "Polygon", "coordinates": [ [ [ 128.2375, 37.2375 ], [ 128.2375, 37.2875 ], [ 128.1875, 37.2875 ], [ 128.1875, 37.2375 ], [ 128.2375, 37.2375 ] ] ] } },
{ "type": "Feature", "properties": { "grad_nT_km": 11.1, "tier": "gentle", "score": 8.5 }, "geometry": { "type": "Polygon", "coordinates": [ [ [ 128.2875, 37.2375 ], [ 128.2875, 37.2875 ], [ 128.2375, 37.2875 ], [ 128.2375, 37.2375 ], [ 128.2875, 37.2375 ] ] ] } },
{ "type": "Feature", "properties": { "grad_nT_km": 10.8, "tier": "gentle", "score": 8.6 }, "geometry": { "type": "Polygon", "coordinates": [ [ [ 128.3375, 37.2375 ], [ 128.3375, 37.2875 ], [ 128.2875, 37.2875 ], [ 128.2875, 37.2375 ], [ 128.3375, 37.2375 ] ] ] } },
{ "type": "Feature", "properties": { "grad_nT_km": 7.8, "tier": "gentle", "score": 9.5 }, "geometry": { "type": "Polygon", "coordinates": [ [ [ 128.4875, 37.2375 ], [ 128.4875, 37.2875 ], [ 128.4375, 37.2875 ], [ 128.4375, 37.2375 ], [ 128.4875, 37.2375 ] ] ] } },
{ "type": "Feature", "properties": { "grad_nT_km": 5.6, "tier": "gentle", "score": 10.0 }, "geometry": { "type": "Polygon", "coordinates": [ [ [ 128.5375, 37.2375 ], [ 128.5375, 37.2875 ], [ 128.4875, 37.2875 ], [ 128.4875, 37.2375 ], [ 128.5375, 37.2375 ] ] ] } },
{ "type": "Feature", "properties": { "grad_nT_km": 8.1, "tier": "gentle", "score": 9.4 }, "geometry": { "type": "Polygon", "coordinates": [ [ [ 128.6375, 37.2375 ], [ 128.6375, 37.2875 ], [ 128.5875, 37.2875 ], [ 128.5875, 37.2375 ], [ 128.6375, 37.2375 ] ] ] } },
{ "type": "Feature", "properties": { "grad_nT_km": 12.4, "tier": "gentle", "score": 8.1 }, "geometry": { "type": "Polygon", "coordinates": [ [ [ 128.6875, 37.2375 ], [ 128.6875, 37.2875 ], [ 128.6375, 37.2875 ], [ 128.6375, 37.2375 ], [ 128.6875, 37.2375 ] ] ] } },
{ "type": "Feature", "properties": { "grad_nT_km": 13.9, "tier": "gentle", "score": 7.7 }, "geometry": { "type": "Polygon", "coordinates": [ [ [ 128.7375, 37.2375 ], [ 128.7375, 37.2875 ], [ 128.6875, 37.2875 ], [ 128.6875, 37.2375 ], [ 128.7375, 37.2375 ] ] ] } },
{ "type": "Feature", "properties": { "grad_nT_km": 5.6, "tier": "gentle", "score": 10.0 }, "geometry": { "type": "Polygon", "coordinates": [ [ [ 128.8375, 37.2375 ], [ 128.8375, 37.2875 ], [ 128.7875, 37.2875 ], [ 128.7875, 37.2375 ], [ 128.8375, 37.2375 ] ] ] } },
{ "type": "Feature", "properties": { "grad_nT_km": 7.2, "tier": "gentle", "score": 9.7 }, "geometry": { "type": "Polygon", "coordinates": [ [ [ 128.8875, 37.2375 ], [ 128.8875, 37.2875 ], [ 128.8375, 37.2875 ], [ 128.8375, 37.2375 ], [ 128.8875, 37.2375 ] ] ] } },
{ "type": "Feature", "properties": { "grad_nT_km": 5.8, "tier": "gentle", "score": 9.9 }, "geometry": { "type": "Polygon", "coordinates": [ [ [ 128.9375, 37.2375 ], [ 128.9375, 37.2875 ], [ 128.8875, 37.2875 ], [ 128.8875, 37.2375 ], [ 128.9375, 37.2375 ] ] ] } },
{ "type": "Feature", "properties": { "grad_nT_km": 9.1, "tier": "gentle", "score": 9.1 }, "geometry": { "type": "Polygon", "coordinates": [ [ [ 129.0375, 37.2375 ], [ 129.0375, 37.2875 ], [ 128.9875, 37.2875 ], [ 128.9875, 37.2375 ], [ 129.0375, 37.2375 ] ] ] } },
{ "type": "Feature", "properties": { "grad_nT_km": 5.8, "tier": "gentle", "score": 9.9 }, "geometry": { "type": "Polygon", "coordinates": [ [ [ 129.0875, 37.2375 ], [ 129.0875, 37.2875 ], [ 129.0375, 37.2875 ], [ 129.0375, 37.2375 ], [ 129.0875, 37.2375 ] ] ] } },
{ "type": "Feature", "properties": { "grad_nT_km": 6.7, "tier": "gentle", "score": 9.8 }, "geometry": { "type": "Polygon", "coordinates": [ [ [ 129.1375, 37.2375 ], [ 129.1375, 37.2875 ], [ 129.0875, 37.2875 ], [ 129.0875, 37.2375 ], [ 129.1375, 37.2375 ] ] ] } },
{ "type": "Feature", "properties": { "grad_nT_km": 5.9, "tier": "gentle", "score": 9.9 }, "geometry": { "type": "Polygon", "coordinates": [ [ [ 129.1875, 37.2375 ], [ 129.1875, 37.2875 ], [ 129.1375, 37.2875 ], [ 129.1375, 37.2375 ], [ 129.1875, 37.2375 ] ] ] } },
{ "type": "Feature", "properties": { "grad_nT_km": 11.6, "tier": "gentle", "score": 8.3 }, "geometry": { "type": "Polygon", "coordinates": [ [ [ 129.2375, 37.2375 ], [ 129.2375, 37.2875 ], [ 129.1875, 37.2875 ], [ 129.1875, 37.2375 ], [ 129.2375, 37.2375 ] ] ] } },
{ "type": "Feature", "properties": { "grad_nT_km": 8.8, "tier": "gentle", "score": 9.2 }, "geometry": { "type": "Polygon", "coordinates": [ [ [ 129.3375, 37.2375 ], [ 129.3375, 37.2875 ], [ 129.2875, 37.2875 ], [ 129.2875, 37.2375 ], [ 129.3375, 37.2375 ] ] ] } },
{ "type": "Feature", "properties": { "grad_nT_km": 11.2, "tier": "gentle", "score": 8.5 }, "geometry": { "type": "Polygon", "coordinates": [ [ [ 126.0375, 37.2875 ], [ 126.0375, 37.3375 ], [ 125.9875, 37.3375 ], [ 125.9875, 37.2875 ], [ 126.0375, 37.2875 ] ] ] } },
{ "type": "Feature", "properties": { "grad_nT_km": 12.5, "tier": "gentle", "score": 8.1 }, "geometry": { "type": "Polygon", "coordinates": [ [ [ 126.1375, 37.2875 ], [ 126.1375, 37.3375 ], [ 126.0875, 37.3375 ], [ 126.0875, 37.2875 ], [ 126.1375, 37.2875 ] ] ] } },
{ "type": "Feature", "properties": { "grad_nT_km": 14.9, "tier": "gentle", "score": 7.4 }, "geometry": { "type": "Polygon", "coordinates": [ [ [ 126.3875, 37.2875 ], [ 126.3875, 37.3375 ], [ 126.3375, 37.3375 ], [ 126.3375, 37.2875 ], [ 126.3875, 37.2875 ] ] ] } },
{ "type": "Feature", "properties": { "grad_nT_km": 9.6, "tier": "gentle", "score": 9.0 }, "geometry": { "type": "Polygon", "coordinates": [ [ [ 126.6375, 37.2875 ], [ 126.6375, 37.3375 ], [ 126.5875, 37.3375 ], [ 126.5875, 37.2875 ], [ 126.6375, 37.2875 ] ] ] } },
{ "type": "Feature", "properties": { "grad_nT_km": 5.7, "tier": "gentle", "score": 10.0 }, "geometry": { "type": "Polygon", "coordinates": [ [ [ 126.6875, 37.2875 ], [ 126.6875, 37.3375 ], [ 126.6375, 37.3375 ], [ 126.6375, 37.2875 ], [ 126.6875, 37.2875 ] ] ] } },
{ "type": "Feature", "properties": { "grad_nT_km": 8.6, "tier": "gentle", "score": 9.3 }, "geometry": { "type": "Polygon", "coordinates": [ [ [ 126.7375, 37.2875 ], [ 126.7375, 37.3375 ], [ 126.6875, 37.3375 ], [ 126.6875, 37.2875 ], [ 126.7375, 37.2875 ] ] ] } },
{ "type": "Feature", "properties": { "grad_nT_km": 12.5, "tier": "gentle", "score": 8.1 }, "geometry": { "type": "Polygon", "coordinates": [ [ [ 126.8875, 37.2875 ], [ 126.8875, 37.3375 ], [ 126.8375, 37.3375 ], [ 126.8375, 37.2875 ], [ 126.8875, 37.2875 ] ] ] } },
{ "type": "Feature", "properties": { "grad_nT_km": 13.0, "tier": "gentle", "score": 7.9 }, "geometry": { "type": "Polygon", "coordinates": [ [ [ 126.9375, 37.2875 ], [ 126.9375, 37.3375 ], [ 126.8875, 37.3375 ], [ 126.8875, 37.2875 ], [ 126.9375, 37.2875 ] ] ] } },
{ "type": "Feature", "properties": { "grad_nT_km": 7.2, "tier": "gentle", "score": 9.7 }, "geometry": { "type": "Polygon", "coordinates": [ [ [ 127.1875, 37.2875 ], [ 127.1875, 37.3375 ], [ 127.1375, 37.3375 ], [ 127.1375, 37.2875 ], [ 127.1875, 37.2875 ] ] ] } },
{ "type": "Feature", "properties": { "grad_nT_km": 6.8, "tier": "gentle", "score": 9.8 }, "geometry": { "type": "Polygon", "coordinates": [ [ [ 127.2375, 37.2875 ], [ 127.2375, 37.3375 ], [ 127.1875, 37.3375 ], [ 127.1875, 37.2875 ], [ 127.2375, 37.2875 ] ] ] } },
{ "type": "Feature", "properties": { "grad_nT_km": 7.1, "tier": "gentle", "score": 9.7 }, "geometry": { "type": "Polygon", "coordinates": [ [ [ 127.2875, 37.2875 ], [ 127.2875, 37.3375 ], [ 127.2375, 37.3375 ], [ 127.2375, 37.2875 ], [ 127.2875, 37.2875 ] ] ] } },
{ "type": "Feature", "properties": { "grad_nT_km": 7.2, "tier": "gentle", "score": 9.7 }, "geometry": { "type": "Polygon", "coordinates": [ [ [ 127.3375, 37.2875 ], [ 127.3375, 37.3375 ], [ 127.2875, 37.3375 ], [ 127.2875, 37.2875 ], [ 127.3375, 37.2875 ] ] ] } },
{ "type": "Feature", "properties": { "grad_nT_km": 6.7, "tier": "gentle", "score": 9.8 }, "geometry": { "type": "Polygon", "coordinates": [ [ [ 127.4375, 37.2875 ], [ 127.4375, 37.3375 ], [ 127.3875, 37.3375 ], [ 127.3875, 37.2875 ], [ 127.4375, 37.2875 ] ] ] } },
{ "type": "Feature", "properties": { "grad_nT_km": 7.3, "tier": "gentle", "score": 9.7 }, "geometry": { "type": "Polygon", "coordinates": [ [ [ 127.5375, 37.2875 ], [ 127.5375, 37.3375 ], [ 127.4875, 37.3375 ], [ 127.4875, 37.2875 ], [ 127.5375, 37.2875 ] ] ] } },
{ "type": "Feature", "properties": { "grad_nT_km": 6.6, "tier": "gentle", "score": 9.8 }, "geometry": { "type": "Polygon", "coordinates": [ [ [ 127.8875, 37.2875 ], [ 127.8875, 37.3375 ], [ 127.8375, 37.3375 ], [ 127.8375, 37.2875 ], [ 127.8875, 37.2875 ] ] ] } },
{ "type": "Feature", "properties": { "grad_nT_km": 5.9, "tier": "gentle", "score": 9.9 }, "geometry": { "type": "Polygon", "coordinates": [ [ [ 127.9375, 37.2875 ], [ 127.9375, 37.3375 ], [ 127.8875, 37.3375 ], [ 127.8875, 37.2875 ], [ 127.9375, 37.2875 ] ] ] } },
{ "type": "Feature", "properties": { "grad_nT_km": 7.9, "tier": "gentle", "score": 9.5 }, "geometry": { "type": "Polygon", "coordinates": [ [ [ 127.9875, 37.2875 ], [ 127.9875, 37.3375 ], [ 127.9375, 37.3375 ], [ 127.9375, 37.2875 ], [ 127.9875, 37.2875 ] ] ] } },
{ "type": "Feature", "properties": { "grad_nT_km": 10.0, "tier": "gentle", "score": 8.8 }, "geometry": { "type": "Polygon", "coordinates": [ [ [ 128.0375, 37.2875 ], [ 128.0375, 37.3375 ], [ 127.9875, 37.3375 ], [ 127.9875, 37.2875 ], [ 128.0375, 37.2875 ] ] ] } },
{ "type": "Feature", "properties": { "grad_nT_km": 10.5, "tier": "gentle", "score": 8.7 }, "geometry": { "type": "Polygon", "coordinates": [ [ [ 128.1375, 37.2875 ], [ 128.1375, 37.3375 ], [ 128.0875, 37.3375 ], [ 128.0875, 37.2875 ], [ 128.1375, 37.2875 ] ] ] } },
{ "type": "Feature", "properties": { "grad_nT_km": 9.8, "tier": "gentle", "score": 8.9 }, "geometry": { "type": "Polygon", "coordinates": [ [ [ 128.1875, 37.2875 ], [ 128.1875, 37.3375 ], [ 128.1375, 37.3375 ], [ 128.1375, 37.2875 ], [ 128.1875, 37.2875 ] ] ] } },
{ "type": "Feature", "properties": { "grad_nT_km": 8.1, "tier": "gentle", "score": 9.4 }, "geometry": { "type": "Polygon", "coordinates": [ [ [ 128.2375, 37.2875 ], [ 128.2375, 37.3375 ], [ 128.1875, 37.3375 ], [ 128.1875, 37.2875 ], [ 128.2375, 37.2875 ] ] ] } },
{ "type": "Feature", "properties": { "grad_nT_km": 9.1, "tier": "gentle", "score": 9.1 }, "geometry": { "type": "Polygon", "coordinates": [ [ [ 128.2875, 37.2875 ], [ 128.2875, 37.3375 ], [ 128.2375, 37.3375 ], [ 128.2375, 37.2875 ], [ 128.2875, 37.2875 ] ] ] } },
{ "type": "Feature", "properties": { "grad_nT_km": 8.4, "tier": "gentle", "score": 9.3 }, "geometry": { "type": "Polygon", "coordinates": [ [ [ 128.3375, 37.2875 ], [ 128.3375, 37.3375 ], [ 128.2875, 37.3375 ], [ 128.2875, 37.2875 ], [ 128.3375, 37.2875 ] ] ] } },
{ "type": "Feature", "properties": { "grad_nT_km": 10.8, "tier": "gentle", "score": 8.6 }, "geometry": { "type": "Polygon", "coordinates": [ [ [ 128.4375, 37.2875 ], [ 128.4375, 37.3375 ], [ 128.3875, 37.3375 ], [ 128.3875, 37.2875 ], [ 128.4375, 37.2875 ] ] ] } },
{ "type": "Feature", "properties": { "grad_nT_km": 9.4, "tier": "gentle", "score": 9.0 }, "geometry": { "type": "Polygon", "coordinates": [ [ [ 128.4875, 37.2875 ], [ 128.4875, 37.3375 ], [ 128.4375, 37.3375 ], [ 128.4375, 37.2875 ], [ 128.4875, 37.2875 ] ] ] } },
{ "type": "Feature", "properties": { "grad_nT_km": 5.7, "tier": "gentle", "score": 10.0 }, "geometry": { "type": "Polygon", "coordinates": [ [ [ 128.5375, 37.2875 ], [ 128.5375, 37.3375 ], [ 128.4875, 37.3375 ], [ 128.4875, 37.2875 ], [ 128.5375, 37.2875 ] ] ] } },
{ "type": "Feature", "properties": { "grad_nT_km": 7.0, "tier": "gentle", "score": 9.7 }, "geometry": { "type": "Polygon", "coordinates": [ [ [ 128.5875, 37.2875 ], [ 128.5875, 37.3375 ], [ 128.5375, 37.3375 ], [ 128.5375, 37.2875 ], [ 128.5875, 37.2875 ] ] ] } },
{ "type": "Feature", "properties": { "grad_nT_km": 11.3, "tier": "gentle", "score": 8.4 }, "geometry": { "type": "Polygon", "coordinates": [ [ [ 128.6875, 37.2875 ], [ 128.6875, 37.3375 ], [ 128.6375, 37.3375 ], [ 128.6375, 37.2875 ], [ 128.6875, 37.2875 ] ] ] } },
{ "type": "Feature", "properties": { "grad_nT_km": 9.7, "tier": "gentle", "score": 8.9 }, "geometry": { "type": "Polygon", "coordinates": [ [ [ 128.7375, 37.2875 ], [ 128.7375, 37.3375 ], [ 128.6875, 37.3375 ], [ 128.6875, 37.2875 ], [ 128.7375, 37.2875 ] ] ] } },
{ "type": "Feature", "properties": { "grad_nT_km": 8.0, "tier": "gentle", "score": 9.5 }, "geometry": { "type": "Polygon", "coordinates": [ [ [ 128.8375, 37.2875 ], [ 128.8375, 37.3375 ], [ 128.7875, 37.3375 ], [ 128.7875, 37.2875 ], [ 128.8375, 37.2875 ] ] ] } },
{ "type": "Feature", "properties": { "grad_nT_km": 13.5, "tier": "gentle", "score": 7.8 }, "geometry": { "type": "Polygon", "coordinates": [ [ [ 128.8875, 37.2875 ], [ 128.8875, 37.3375 ], [ 128.8375, 37.3375 ], [ 128.8375, 37.2875 ], [ 128.8875, 37.2875 ] ] ] } },
{ "type": "Feature", "properties": { "grad_nT_km": 9.6, "tier": "gentle", "score": 9.0 }, "geometry": { "type": "Polygon", "coordinates": [ [ [ 128.9875, 37.2875 ], [ 128.9875, 37.3375 ], [ 128.9375, 37.3375 ], [ 128.9375, 37.2875 ], [ 128.9875, 37.2875 ] ] ] } },
{ "type": "Feature", "properties": { "grad_nT_km": 11.1, "tier": "gentle", "score": 8.5 }, "geometry": { "type": "Polygon", "coordinates": [ [ [ 129.0375, 37.2875 ], [ 129.0375, 37.3375 ], [ 128.9875, 37.3375 ], [ 128.9875, 37.2875 ], [ 129.0375, 37.2875 ] ] ] } },
{ "type": "Feature", "properties": { "grad_nT_km": 8.4, "tier": "gentle", "score": 9.3 }, "geometry": { "type": "Polygon", "coordinates": [ [ [ 129.1375, 37.2875 ], [ 129.1375, 37.3375 ], [ 129.0875, 37.3375 ], [ 129.0875, 37.2875 ], [ 129.1375, 37.2875 ] ] ] } },
{ "type": "Feature", "properties": { "grad_nT_km": 14.5, "tier": "gentle", "score": 7.5 }, "geometry": { "type": "Polygon", "coordinates": [ [ [ 129.1875, 37.2875 ], [ 129.1875, 37.3375 ], [ 129.1375, 37.3375 ], [ 129.1375, 37.2875 ], [ 129.1875, 37.2875 ] ] ] } },
{ "type": "Feature", "properties": { "grad_nT_km": 6.7, "tier": "gentle", "score": 9.8 }, "geometry": { "type": "Polygon", "coordinates": [ [ [ 129.2375, 37.2875 ], [ 129.2375, 37.3375 ], [ 129.1875, 37.3375 ], [ 129.1875, 37.2875 ], [ 129.2375, 37.2875 ] ] ] } },
{ "type": "Feature", "properties": { "grad_nT_km": 10.3, "tier": "gentle", "score": 8.7 }, "geometry": { "type": "Polygon", "coordinates": [ [ [ 129.2875, 37.2875 ], [ 129.2875, 37.3375 ], [ 129.2375, 37.3375 ], [ 129.2375, 37.2875 ], [ 129.2875, 37.2875 ] ] ] } },
{ "type": "Feature", "properties": { "grad_nT_km": 12.9, "tier": "gentle", "score": 8.0 }, "geometry": { "type": "Polygon", "coordinates": [ [ [ 126.4875, 37.3375 ], [ 126.4875, 37.3875 ], [ 126.4375, 37.3875 ], [ 126.4375, 37.3375 ], [ 126.4875, 37.3375 ] ] ] } },
{ "type": "Feature", "properties": { "grad_nT_km": 13.7, "tier": "gentle", "score": 7.7 }, "geometry": { "type": "Polygon", "coordinates": [ [ [ 126.5875, 37.3375 ], [ 126.5875, 37.3875 ], [ 126.5375, 37.3875 ], [ 126.5375, 37.3375 ], [ 126.5875, 37.3375 ] ] ] } },
{ "type": "Feature", "properties": { "grad_nT_km": 14.5, "tier": "gentle", "score": 7.5 }, "geometry": { "type": "Polygon", "coordinates": [ [ [ 126.6375, 37.3375 ], [ 126.6375, 37.3875 ], [ 126.5875, 37.3875 ], [ 126.5875, 37.3375 ], [ 126.6375, 37.3375 ] ] ] } },
{ "type": "Feature", "properties": { "grad_nT_km": 8.3, "tier": "gentle", "score": 9.4 }, "geometry": { "type": "Polygon", "coordinates": [ [ [ 126.6875, 37.3375 ], [ 126.6875, 37.3875 ], [ 126.6375, 37.3875 ], [ 126.6375, 37.3375 ], [ 126.6875, 37.3375 ] ] ] } },
{ "type": "Feature", "properties": { "grad_nT_km": 12.0, "tier": "gentle", "score": 8.2 }, "geometry": { "type": "Polygon", "coordinates": [ [ [ 126.7375, 37.3375 ], [ 126.7375, 37.3875 ], [ 126.6875, 37.3875 ], [ 126.6875, 37.3375 ], [ 126.7375, 37.3375 ] ] ] } },
{ "type": "Feature", "properties": { "grad_nT_km": 12.3, "tier": "gentle", "score": 8.1 }, "geometry": { "type": "Polygon", "coordinates": [ [ [ 126.8375, 37.3375 ], [ 126.8375, 37.3875 ], [ 126.7875, 37.3875 ], [ 126.7875, 37.3375 ], [ 126.8375, 37.3375 ] ] ] } },
{ "type": "Feature", "properties": { "grad_nT_km": 14.1, "tier": "gentle", "score": 7.6 }, "geometry": { "type": "Polygon", "coordinates": [ [ [ 126.8875, 37.3375 ], [ 126.8875, 37.3875 ], [ 126.8375, 37.3875 ], [ 126.8375, 37.3375 ], [ 126.8875, 37.3375 ] ] ] } },
{ "type": "Feature", "properties": { "grad_nT_km": 12.0, "tier": "gentle", "score": 8.2 }, "geometry": { "type": "Polygon", "coordinates": [ [ [ 126.9375, 37.3375 ], [ 126.9375, 37.3875 ], [ 126.8875, 37.3875 ], [ 126.8875, 37.3375 ], [ 126.9375, 37.3375 ] ] ] } },
{ "type": "Feature", "properties": { "grad_nT_km": 8.3, "tier": "gentle", "score": 9.4 }, "geometry": { "type": "Polygon", "coordinates": [ [ [ 127.0375, 37.3375 ], [ 127.0375, 37.3875 ], [ 126.9875, 37.3875 ], [ 126.9875, 37.3375 ], [ 127.0375, 37.3375 ] ] ] } },
{ "type": "Feature", "properties": { "grad_nT_km": 8.8, "tier": "gentle", "score": 9.2 }, "geometry": { "type": "Polygon", "coordinates": [ [ [ 127.0875, 37.3375 ], [ 127.0875, 37.3875 ], [ 127.0375, 37.3875 ], [ 127.0375, 37.3375 ], [ 127.0875, 37.3375 ] ] ] } },
{ "type": "Feature", "properties": { "grad_nT_km": 7.7, "tier": "gentle", "score": 9.5 }, "geometry": { "type": "Polygon", "coordinates": [ [ [ 127.1875, 37.3375 ], [ 127.1875, 37.3875 ], [ 127.1375, 37.3875 ], [ 127.1375, 37.3375 ], [ 127.1875, 37.3375 ] ] ] } },
{ "type": "Feature", "properties": { "grad_nT_km": 8.2, "tier": "gentle", "score": 9.4 }, "geometry": { "type": "Polygon", "coordinates": [ [ [ 127.2375, 37.3375 ], [ 127.2375, 37.3875 ], [ 127.1875, 37.3875 ], [ 127.1875, 37.3375 ], [ 127.2375, 37.3375 ] ] ] } },
{ "type": "Feature", "properties": { "grad_nT_km": 8.1, "tier": "gentle", "score": 9.4 }, "geometry": { "type": "Polygon", "coordinates": [ [ [ 127.2875, 37.3375 ], [ 127.2875, 37.3875 ], [ 127.2375, 37.3875 ], [ 127.2375, 37.3375 ], [ 127.2875, 37.3375 ] ] ] } },
{ "type": "Feature", "properties": { "grad_nT_km": 12.5, "tier": "gentle", "score": 8.1 }, "geometry": { "type": "Polygon", "coordinates": [ [ [ 127.5375, 37.3375 ], [ 127.5375, 37.3875 ], [ 127.4875, 37.3875 ], [ 127.4875, 37.3375 ], [ 127.5375, 37.3375 ] ] ] } },
{ "type": "Feature", "properties": { "grad_nT_km": 11.1, "tier": "gentle", "score": 8.5 }, "geometry": { "type": "Polygon", "coordinates": [ [ [ 127.5875, 37.3375 ], [ 127.5875, 37.3875 ], [ 127.5375, 37.3875 ], [ 127.5375, 37.3375 ], [ 127.5875, 37.3375 ] ] ] } },
{ "type": "Feature", "properties": { "grad_nT_km": 6.9, "tier": "gentle", "score": 9.7 }, "geometry": { "type": "Polygon", "coordinates": [ [ [ 127.6375, 37.3375 ], [ 127.6375, 37.3875 ], [ 127.5875, 37.3875 ], [ 127.5875, 37.3375 ], [ 127.6375, 37.3375 ] ] ] } },
{ "type": "Feature", "properties": { "grad_nT_km": 5.6, "tier": "gentle", "score": 10.0 }, "geometry": { "type": "Polygon", "coordinates": [ [ [ 127.8375, 37.3375 ], [ 127.8375, 37.3875 ], [ 127.7875, 37.3875 ], [ 127.7875, 37.3375 ], [ 127.8375, 37.3375 ] ] ] } },
{ "type": "Feature", "properties": { "grad_nT_km": 6.8, "tier": "gentle", "score": 9.8 }, "geometry": { "type": "Polygon", "coordinates": [ [ [ 127.9375, 37.3375 ], [ 127.9375, 37.3875 ], [ 127.8875, 37.3875 ], [ 127.8875, 37.3375 ], [ 127.9375, 37.3375 ] ] ] } },
{ "type": "Feature", "properties": { "grad_nT_km": 6.2, "tier": "gentle", "score": 9.9 }, "geometry": { "type": "Polygon", "coordinates": [ [ [ 127.9875, 37.3375 ], [ 127.9875, 37.3875 ], [ 127.9375, 37.3875 ], [ 127.9375, 37.3375 ], [ 127.9875, 37.3375 ] ] ] } },
{ "type": "Feature", "properties": { "grad_nT_km": 13.3, "tier": "gentle", "score": 7.8 }, "geometry": { "type": "Polygon", "coordinates": [ [ [ 128.0375, 37.3375 ], [ 128.0375, 37.3875 ], [ 127.9875, 37.3875 ], [ 127.9875, 37.3375 ], [ 128.0375, 37.3375 ] ] ] } },
{ "type": "Feature", "properties": { "grad_nT_km": 12.5, "tier": "gentle", "score": 8.1 }, "geometry": { "type": "Polygon", "coordinates": [ [ [ 128.0875, 37.3375 ], [ 128.0875, 37.3875 ], [ 128.0375, 37.3875 ], [ 128.0375, 37.3375 ], [ 128.0875, 37.3375 ] ] ] } },
{ "type": "Feature", "properties": { "grad_nT_km": 10.2, "tier": "gentle", "score": 8.8 }, "geometry": { "type": "Polygon", "coordinates": [ [ [ 128.2875, 37.3375 ], [ 128.2875, 37.3875 ], [ 128.2375, 37.3875 ], [ 128.2375, 37.3375 ], [ 128.2875, 37.3375 ] ] ] } },
{ "type": "Feature", "properties": { "grad_nT_km": 6.7, "tier": "gentle", "score": 9.8 }, "geometry": { "type": "Polygon", "coordinates": [ [ [ 128.3375, 37.3375 ], [ 128.3375, 37.3875 ], [ 128.2875, 37.3875 ], [ 128.2875, 37.3375 ], [ 128.3375, 37.3375 ] ] ] } },
{ "type": "Feature", "properties": { "grad_nT_km": 6.3, "tier": "gentle", "score": 9.9 }, "geometry": { "type": "Polygon", "coordinates": [ [ [ 128.3875, 37.3375 ], [ 128.3875, 37.3875 ], [ 128.3375, 37.3875 ], [ 128.3375, 37.3375 ], [ 128.3875, 37.3375 ] ] ] } },
{ "type": "Feature", "properties": { "grad_nT_km": 6.7, "tier": "gentle", "score": 9.8 }, "geometry": { "type": "Polygon", "coordinates": [ [ [ 128.4375, 37.3375 ], [ 128.4375, 37.3875 ], [ 128.3875, 37.3875 ], [ 128.3875, 37.3375 ], [ 128.4375, 37.3375 ] ] ] } },
{ "type": "Feature", "properties": { "grad_nT_km": 5.7, "tier": "gentle", "score": 10.0 }, "geometry": { "type": "Polygon", "coordinates": [ [ [ 128.4875, 37.3375 ], [ 128.4875, 37.3875 ], [ 128.4375, 37.3875 ], [ 128.4375, 37.3375 ], [ 128.4875, 37.3375 ] ] ] } },
{ "type": "Feature", "properties": { "grad_nT_km": 8.2, "tier": "gentle", "score": 9.4 }, "geometry": { "type": "Polygon", "coordinates": [ [ [ 128.5375, 37.3375 ], [ 128.5375, 37.3875 ], [ 128.4875, 37.3875 ], [ 128.4875, 37.3375 ], [ 128.5375, 37.3375 ] ] ] } },
{ "type": "Feature", "properties": { "grad_nT_km": 8.7, "tier": "gentle", "score": 9.2 }, "geometry": { "type": "Polygon", "coordinates": [ [ [ 128.5875, 37.3375 ], [ 128.5875, 37.3875 ], [ 128.5375, 37.3875 ], [ 128.5375, 37.3375 ], [ 128.5875, 37.3375 ] ] ] } },
{ "type": "Feature", "properties": { "grad_nT_km": 9.2, "tier": "gentle", "score": 9.1 }, "geometry": { "type": "Polygon", "coordinates": [ [ [ 128.6375, 37.3375 ], [ 128.6375, 37.3875 ], [ 128.5875, 37.3875 ], [ 128.5875, 37.3375 ], [ 128.6375, 37.3375 ] ] ] } },
{ "type": "Feature", "properties": { "grad_nT_km": 7.0, "tier": "gentle", "score": 9.7 }, "geometry": { "type": "Polygon", "coordinates": [ [ [ 128.6875, 37.3375 ], [ 128.6875, 37.3875 ], [ 128.6375, 37.3875 ], [ 128.6375, 37.3375 ], [ 128.6875, 37.3375 ] ] ] } },
{ "type": "Feature", "properties": { "grad_nT_km": 8.1, "tier": "gentle", "score": 9.4 }, "geometry": { "type": "Polygon", "coordinates": [ [ [ 128.7375, 37.3375 ], [ 128.7375, 37.3875 ], [ 128.6875, 37.3875 ], [ 128.6875, 37.3375 ], [ 128.7375, 37.3375 ] ] ] } },
{ "type": "Feature", "properties": { "grad_nT_km": 13.2, "tier": "gentle", "score": 7.9 }, "geometry": { "type": "Polygon", "coordinates": [ [ [ 128.7875, 37.3375 ], [ 128.7875, 37.3875 ], [ 128.7375, 37.3875 ], [ 128.7375, 37.3375 ], [ 128.7875, 37.3375 ] ] ] } },
{ "type": "Feature", "properties": { "grad_nT_km": 8.3, "tier": "gentle", "score": 9.4 }, "geometry": { "type": "Polygon", "coordinates": [ [ [ 128.8375, 37.3375 ], [ 128.8375, 37.3875 ], [ 128.7875, 37.3875 ], [ 128.7875, 37.3375 ], [ 128.8375, 37.3375 ] ] ] } },
{ "type": "Feature", "properties": { "grad_nT_km": 8.7, "tier": "gentle", "score": 9.2 }, "geometry": { "type": "Polygon", "coordinates": [ [ [ 128.8875, 37.3375 ], [ 128.8875, 37.3875 ], [ 128.8375, 37.3875 ], [ 128.8375, 37.3375 ], [ 128.8875, 37.3375 ] ] ] } },
{ "type": "Feature", "properties": { "grad_nT_km": 14.0, "tier": "gentle", "score": 7.6 }, "geometry": { "type": "Polygon", "coordinates": [ [ [ 129.1375, 37.3375 ], [ 129.1375, 37.3875 ], [ 129.0875, 37.3875 ], [ 129.0875, 37.3375 ], [ 129.1375, 37.3375 ] ] ] } },
{ "type": "Feature", "properties": { "grad_nT_km": 14.7, "tier": "gentle", "score": 7.4 }, "geometry": { "type": "Polygon", "coordinates": [ [ [ 129.1875, 37.3375 ], [ 129.1875, 37.3875 ], [ 129.1375, 37.3875 ], [ 129.1375, 37.3375 ], [ 129.1875, 37.3375 ] ] ] } },
{ "type": "Feature", "properties": { "grad_nT_km": 9.8, "tier": "gentle", "score": 8.9 }, "geometry": { "type": "Polygon", "coordinates": [ [ [ 129.2375, 37.3375 ], [ 129.2375, 37.3875 ], [ 129.1875, 37.3875 ], [ 129.1875, 37.3375 ], [ 129.2375, 37.3375 ] ] ] } },
{ "type": "Feature", "properties": { "grad_nT_km": 9.8, "tier": "gentle", "score": 8.9 }, "geometry": { "type": "Polygon", "coordinates": [ [ [ 126.1875, 37.3875 ], [ 126.1875, 37.4375 ], [ 126.1375, 37.4375 ], [ 126.1375, 37.3875 ], [ 126.1875, 37.3875 ] ] ] } },
{ "type": "Feature", "properties": { "grad_nT_km": 5.9, "tier": "gentle", "score": 9.9 }, "geometry": { "type": "Polygon", "coordinates": [ [ [ 126.3875, 37.3875 ], [ 126.3875, 37.4375 ], [ 126.3375, 37.4375 ], [ 126.3375, 37.3875 ], [ 126.3875, 37.3875 ] ] ] } },
{ "type": "Feature", "properties": { "grad_nT_km": 12.8, "tier": "gentle", "score": 8.0 }, "geometry": { "type": "Polygon", "coordinates": [ [ [ 126.4375, 37.3875 ], [ 126.4375, 37.4375 ], [ 126.3875, 37.4375 ], [ 126.3875, 37.3875 ], [ 126.4375, 37.3875 ] ] ] } },
{ "type": "Feature", "properties": { "grad_nT_km": 13.5, "tier": "gentle", "score": 7.8 }, "geometry": { "type": "Polygon", "coordinates": [ [ [ 126.6375, 37.3875 ], [ 126.6375, 37.4375 ], [ 126.5875, 37.4375 ], [ 126.5875, 37.3875 ], [ 126.6375, 37.3875 ] ] ] } },
{ "type": "Feature", "properties": { "grad_nT_km": 10.1, "tier": "gentle", "score": 8.8 }, "geometry": { "type": "Polygon", "coordinates": [ [ [ 126.6875, 37.3875 ], [ 126.6875, 37.4375 ], [ 126.6375, 37.4375 ], [ 126.6375, 37.3875 ], [ 126.6875, 37.3875 ] ] ] } },
{ "type": "Feature", "properties": { "grad_nT_km": 13.8, "tier": "gentle", "score": 7.7 }, "geometry": { "type": "Polygon", "coordinates": [ [ [ 126.7375, 37.3875 ], [ 126.7375, 37.4375 ], [ 126.6875, 37.4375 ], [ 126.6875, 37.3875 ], [ 126.7375, 37.3875 ] ] ] } },
{ "type": "Feature", "properties": { "grad_nT_km": 13.2, "tier": "gentle", "score": 7.9 }, "geometry": { "type": "Polygon", "coordinates": [ [ [ 126.7875, 37.3875 ], [ 126.7875, 37.4375 ], [ 126.7375, 37.4375 ], [ 126.7375, 37.3875 ], [ 126.7875, 37.3875 ] ] ] } },
{ "type": "Feature", "properties": { "grad_nT_km": 7.9, "tier": "gentle", "score": 9.5 }, "geometry": { "type": "Polygon", "coordinates": [ [ [ 126.8875, 37.3875 ], [ 126.8875, 37.4375 ], [ 126.8375, 37.4375 ], [ 126.8375, 37.3875 ], [ 126.8875, 37.3875 ] ] ] } },
{ "type": "Feature", "properties": { "grad_nT_km": 8.2, "tier": "gentle", "score": 9.4 }, "geometry": { "type": "Polygon", "coordinates": [ [ [ 126.9375, 37.3875 ], [ 126.9375, 37.4375 ], [ 126.8875, 37.4375 ], [ 126.8875, 37.3875 ], [ 126.9375, 37.3875 ] ] ] } },
{ "type": "Feature", "properties": { "grad_nT_km": 6.2, "tier": "gentle", "score": 9.9 }, "geometry": { "type": "Polygon", "coordinates": [ [ [ 126.9875, 37.3875 ], [ 126.9875, 37.4375 ], [ 126.9375, 37.4375 ], [ 126.9375, 37.3875 ], [ 126.9875, 37.3875 ] ] ] } },
{ "type": "Feature", "properties": { "grad_nT_km": 5.9, "tier": "gentle", "score": 9.9 }, "geometry": { "type": "Polygon", "coordinates": [ [ [ 127.0375, 37.3875 ], [ 127.0375, 37.4375 ], [ 126.9875, 37.4375 ], [ 126.9875, 37.3875 ], [ 127.0375, 37.3875 ] ] ] } },
{ "type": "Feature", "properties": { "grad_nT_km": 7.0, "tier": "gentle", "score": 9.7 }, "geometry": { "type": "Polygon", "coordinates": [ [ [ 127.0875, 37.3875 ], [ 127.0875, 37.4375 ], [ 127.0375, 37.4375 ], [ 127.0375, 37.3875 ], [ 127.0875, 37.3875 ] ] ] } },
{ "type": "Feature", "properties": { "grad_nT_km": 13.9, "tier": "gentle", "score": 7.7 }, "geometry": { "type": "Polygon", "coordinates": [ [ [ 127.1375, 37.3875 ], [ 127.1375, 37.4375 ], [ 127.0875, 37.4375 ], [ 127.0875, 37.3875 ], [ 127.1375, 37.3875 ] ] ] } },
{ "type": "Feature", "properties": { "grad_nT_km": 14.2, "tier": "gentle", "score": 7.6 }, "geometry": { "type": "Polygon", "coordinates": [ [ [ 127.1875, 37.3875 ], [ 127.1875, 37.4375 ], [ 127.1375, 37.4375 ], [ 127.1375, 37.3875 ], [ 127.1875, 37.3875 ] ] ] } },
{ "type": "Feature", "properties": { "grad_nT_km": 8.4, "tier": "gentle", "score": 9.3 }, "geometry": { "type": "Polygon", "coordinates": [ [ [ 127.2375, 37.3875 ], [ 127.2375, 37.4375 ], [ 127.1875, 37.4375 ], [ 127.1875, 37.3875 ], [ 127.2375, 37.3875 ] ] ] } },
{ "type": "Feature", "properties": { "grad_nT_km": 6.3, "tier": "gentle", "score": 9.9 }, "geometry": { "type": "Polygon", "coordinates": [ [ [ 127.2875, 37.3875 ], [ 127.2875, 37.4375 ], [ 127.2375, 37.4375 ], [ 127.2375, 37.3875 ], [ 127.2875, 37.3875 ] ] ] } },
{ "type": "Feature", "properties": { "grad_nT_km": 10.2, "tier": "gentle", "score": 8.8 }, "geometry": { "type": "Polygon", "coordinates": [ [ [ 127.6375, 37.3875 ], [ 127.6375, 37.4375 ], [ 127.5875, 37.4375 ], [ 127.5875, 37.3875 ], [ 127.6375, 37.3875 ] ] ] } },
{ "type": "Feature", "properties": { "grad_nT_km": 6.3, "tier": "gentle", "score": 9.9 }, "geometry": { "type": "Polygon", "coordinates": [ [ [ 127.6875, 37.3875 ], [ 127.6875, 37.4375 ], [ 127.6375, 37.4375 ], [ 127.6375, 37.3875 ], [ 127.6875, 37.3875 ] ] ] } },
{ "type": "Feature", "properties": { "grad_nT_km": 7.8, "tier": "gentle", "score": 9.5 }, "geometry": { "type": "Polygon", "coordinates": [ [ [ 127.7875, 37.3875 ], [ 127.7875, 37.4375 ], [ 127.7375, 37.4375 ], [ 127.7375, 37.3875 ], [ 127.7875, 37.3875 ] ] ] } },
{ "type": "Feature", "properties": { "grad_nT_km": 6.6, "tier": "gentle", "score": 9.8 }, "geometry": { "type": "Polygon", "coordinates": [ [ [ 127.8375, 37.3875 ], [ 127.8375, 37.4375 ], [ 127.7875, 37.4375 ], [ 127.7875, 37.3875 ], [ 127.8375, 37.3875 ] ] ] } },
{ "type": "Feature", "properties": { "grad_nT_km": 8.0, "tier": "gentle", "score": 9.4 }, "geometry": { "type": "Polygon", "coordinates": [ [ [ 127.8875, 37.3875 ], [ 127.8875, 37.4375 ], [ 127.8375, 37.4375 ], [ 127.8375, 37.3875 ], [ 127.8875, 37.3875 ] ] ] } },
{ "type": "Feature", "properties": { "grad_nT_km": 6.6, "tier": "gentle", "score": 9.8 }, "geometry": { "type": "Polygon", "coordinates": [ [ [ 127.9375, 37.3875 ], [ 127.9375, 37.4375 ], [ 127.8875, 37.4375 ], [ 127.8875, 37.3875 ], [ 127.9375, 37.3875 ] ] ] } },
{ "type": "Feature", "properties": { "grad_nT_km": 7.2, "tier": "gentle", "score": 9.7 }, "geometry": { "type": "Polygon", "coordinates": [ [ [ 127.9875, 37.3875 ], [ 127.9875, 37.4375 ], [ 127.9375, 37.4375 ], [ 127.9375, 37.3875 ], [ 127.9875, 37.3875 ] ] ] } },
{ "type": "Feature", "properties": { "grad_nT_km": 8.2, "tier": "gentle", "score": 9.4 }, "geometry": { "type": "Polygon", "coordinates": [ [ [ 128.0375, 37.3875 ], [ 128.0375, 37.4375 ], [ 127.9875, 37.4375 ], [ 127.9875, 37.3875 ], [ 128.0375, 37.3875 ] ] ] } },
{ "type": "Feature", "properties": { "grad_nT_km": 8.9, "tier": "gentle", "score": 9.2 }, "geometry": { "type": "Polygon", "coordinates": [ [ [ 128.0875, 37.3875 ], [ 128.0875, 37.4375 ], [ 128.0375, 37.4375 ], [ 128.0375, 37.3875 ], [ 128.0875, 37.3875 ] ] ] } },
{ "type": "Feature", "properties": { "grad_nT_km": 5.7, "tier": "gentle", "score": 10.0 }, "geometry": { "type": "Polygon", "coordinates": [ [ [ 128.2375, 37.3875 ], [ 128.2375, 37.4375 ], [ 128.1875, 37.4375 ], [ 128.1875, 37.3875 ], [ 128.2375, 37.3875 ] ] ] } },
{ "type": "Feature", "properties": { "grad_nT_km": 14.3, "tier": "gentle", "score": 7.5 }, "geometry": { "type": "Polygon", "coordinates": [ [ [ 128.2875, 37.3875 ], [ 128.2875, 37.4375 ], [ 128.2375, 37.4375 ], [ 128.2375, 37.3875 ], [ 128.2875, 37.3875 ] ] ] } },
{ "type": "Feature", "properties": { "grad_nT_km": 13.5, "tier": "gentle", "score": 7.8 }, "geometry": { "type": "Polygon", "coordinates": [ [ [ 128.3875, 37.3875 ], [ 128.3875, 37.4375 ], [ 128.3375, 37.4375 ], [ 128.3375, 37.3875 ], [ 128.3875, 37.3875 ] ] ] } },
{ "type": "Feature", "properties": { "grad_nT_km": 8.9, "tier": "gentle", "score": 9.2 }, "geometry": { "type": "Polygon", "coordinates": [ [ [ 128.4375, 37.3875 ], [ 128.4375, 37.4375 ], [ 128.3875, 37.4375 ], [ 128.3875, 37.3875 ], [ 128.4375, 37.3875 ] ] ] } },
{ "type": "Feature", "properties": { "grad_nT_km": 5.8, "tier": "gentle", "score": 9.9 }, "geometry": { "type": "Polygon", "coordinates": [ [ [ 128.4875, 37.3875 ], [ 128.4875, 37.4375 ], [ 128.4375, 37.4375 ], [ 128.4375, 37.3875 ], [ 128.4875, 37.3875 ] ] ] } },
{ "type": "Feature", "properties": { "grad_nT_km": 5.4, "tier": "gentle", "score": 10.0 }, "geometry": { "type": "Polygon", "coordinates": [ [ [ 128.5875, 37.3875 ], [ 128.5875, 37.4375 ], [ 128.5375, 37.4375 ], [ 128.5375, 37.3875 ], [ 128.5875, 37.3875 ] ] ] } },
{ "type": "Feature", "properties": { "grad_nT_km": 6.6, "tier": "gentle", "score": 9.8 }, "geometry": { "type": "Polygon", "coordinates": [ [ [ 128.6875, 37.3875 ], [ 128.6875, 37.4375 ], [ 128.6375, 37.4375 ], [ 128.6375, 37.3875 ], [ 128.6875, 37.3875 ] ] ] } },
{ "type": "Feature", "properties": { "grad_nT_km": 5.6, "tier": "gentle", "score": 10.0 }, "geometry": { "type": "Polygon", "coordinates": [ [ [ 128.7375, 37.3875 ], [ 128.7375, 37.4375 ], [ 128.6875, 37.4375 ], [ 128.6875, 37.3875 ], [ 128.7375, 37.3875 ] ] ] } },
{ "type": "Feature", "properties": { "grad_nT_km": 5.8, "tier": "gentle", "score": 9.9 }, "geometry": { "type": "Polygon", "coordinates": [ [ [ 128.7875, 37.3875 ], [ 128.7875, 37.4375 ], [ 128.7375, 37.4375 ], [ 128.7375, 37.3875 ], [ 128.7875, 37.3875 ] ] ] } },
{ "type": "Feature", "properties": { "grad_nT_km": 5.9, "tier": "gentle", "score": 9.9 }, "geometry": { "type": "Polygon", "coordinates": [ [ [ 128.8875, 37.3875 ], [ 128.8875, 37.4375 ], [ 128.8375, 37.4375 ], [ 128.8375, 37.3875 ], [ 128.8875, 37.3875 ] ] ] } },
{ "type": "Feature", "properties": { "grad_nT_km": 9.8, "tier": "gentle", "score": 8.9 }, "geometry": { "type": "Polygon", "coordinates": [ [ [ 128.9375, 37.3875 ], [ 128.9375, 37.4375 ], [ 128.8875, 37.4375 ], [ 128.8875, 37.3875 ], [ 128.9375, 37.3875 ] ] ] } },
{ "type": "Feature", "properties": { "grad_nT_km": 14.7, "tier": "gentle", "score": 7.4 }, "geometry": { "type": "Polygon", "coordinates": [ [ [ 129.0375, 37.3875 ], [ 129.0375, 37.4375 ], [ 128.9875, 37.4375 ], [ 128.9875, 37.3875 ], [ 129.0375, 37.3875 ] ] ] } },
{ "type": "Feature", "properties": { "grad_nT_km": 14.4, "tier": "gentle", "score": 7.5 }, "geometry": { "type": "Polygon", "coordinates": [ [ [ 129.0875, 37.3875 ], [ 129.0875, 37.4375 ], [ 129.0375, 37.4375 ], [ 129.0375, 37.3875 ], [ 129.0875, 37.3875 ] ] ] } },
{ "type": "Feature", "properties": { "grad_nT_km": 14.4, "tier": "gentle", "score": 7.5 }, "geometry": { "type": "Polygon", "coordinates": [ [ [ 129.2375, 37.3875 ], [ 129.2375, 37.4375 ], [ 129.1875, 37.4375 ], [ 129.1875, 37.3875 ], [ 129.2375, 37.3875 ] ] ] } },
{ "type": "Feature", "properties": { "grad_nT_km": 12.6, "tier": "gentle", "score": 8.1 }, "geometry": { "type": "Polygon", "coordinates": [ [ [ 126.1375, 37.4375 ], [ 126.1375, 37.4875 ], [ 126.0875, 37.4875 ], [ 126.0875, 37.4375 ], [ 126.1375, 37.4375 ] ] ] } },
{ "type": "Feature", "properties": { "grad_nT_km": 9.3, "tier": "gentle", "score": 9.1 }, "geometry": { "type": "Polygon", "coordinates": [ [ [ 126.2875, 37.4375 ], [ 126.2875, 37.4875 ], [ 126.2375, 37.4875 ], [ 126.2375, 37.4375 ], [ 126.2875, 37.4375 ] ] ] } },
{ "type": "Feature", "properties": { "grad_nT_km": 13.5, "tier": "gentle", "score": 7.8 }, "geometry": { "type": "Polygon", "coordinates": [ [ [ 126.3375, 37.4375 ], [ 126.3375, 37.4875 ], [ 126.2875, 37.4875 ], [ 126.2875, 37.4375 ], [ 126.3375, 37.4375 ] ] ] } },
{ "type": "Feature", "properties": { "grad_nT_km": 10.8, "tier": "gentle", "score": 8.6 }, "geometry": { "type": "Polygon", "coordinates": [ [ [ 126.5875, 37.4375 ], [ 126.5875, 37.4875 ], [ 126.5375, 37.4875 ], [ 126.5375, 37.4375 ], [ 126.5875, 37.4375 ] ] ] } },
{ "type": "Feature", "properties": { "grad_nT_km": 14.9, "tier": "gentle", "score": 7.4 }, "geometry": { "type": "Polygon", "coordinates": [ [ [ 126.6375, 37.4375 ], [ 126.6375, 37.4875 ], [ 126.5875, 37.4875 ], [ 126.5875, 37.4375 ], [ 126.6375, 37.4375 ] ] ] } },
{ "type": "Feature", "properties": { "grad_nT_km": 9.4, "tier": "gentle", "score": 9.0 }, "geometry": { "type": "Polygon", "coordinates": [ [ [ 126.6875, 37.4375 ], [ 126.6875, 37.4875 ], [ 126.6375, 37.4875 ], [ 126.6375, 37.4375 ], [ 126.6875, 37.4375 ] ] ] } },
{ "type": "Feature", "properties": { "grad_nT_km": 13.4, "tier": "gentle", "score": 7.8 }, "geometry": { "type": "Polygon", "coordinates": [ [ [ 126.7875, 37.4375 ], [ 126.7875, 37.4875 ], [ 126.7375, 37.4875 ], [ 126.7375, 37.4375 ], [ 126.7875, 37.4375 ] ] ] } },
{ "type": "Feature", "properties": { "grad_nT_km": 13.1, "tier": "gentle", "score": 7.9 }, "geometry": { "type": "Polygon", "coordinates": [ [ [ 126.9375, 37.4375 ], [ 126.9375, 37.4875 ], [ 126.8875, 37.4875 ], [ 126.8875, 37.4375 ], [ 126.9375, 37.4375 ] ] ] } },
{ "type": "Feature", "properties": { "grad_nT_km": 12.4, "tier": "gentle", "score": 8.1 }, "geometry": { "type": "Polygon", "coordinates": [ [ [ 126.9875, 37.4375 ], [ 126.9875, 37.4875 ], [ 126.9375, 37.4875 ], [ 126.9375, 37.4375 ], [ 126.9875, 37.4375 ] ] ] } },
{ "type": "Feature", "properties": { "grad_nT_km": 9.8, "tier": "gentle", "score": 8.9 }, "geometry": { "type": "Polygon", "coordinates": [ [ [ 127.0375, 37.4375 ], [ 127.0375, 37.4875 ], [ 126.9875, 37.4875 ], [ 126.9875, 37.4375 ], [ 127.0375, 37.4375 ] ] ] } },
{ "type": "Feature", "properties": { "grad_nT_km": 12.1, "tier": "gentle", "score": 8.2 }, "geometry": { "type": "Polygon", "coordinates": [ [ [ 127.0875, 37.4375 ], [ 127.0875, 37.4875 ], [ 127.0375, 37.4875 ], [ 127.0375, 37.4375 ], [ 127.0875, 37.4375 ] ] ] } },
{ "type": "Feature", "properties": { "grad_nT_km": 14.4, "tier": "gentle", "score": 7.5 }, "geometry": { "type": "Polygon", "coordinates": [ [ [ 127.1875, 37.4375 ], [ 127.1875, 37.4875 ], [ 127.1375, 37.4875 ], [ 127.1375, 37.4375 ], [ 127.1875, 37.4375 ] ] ] } },
{ "type": "Feature", "properties": { "grad_nT_km": 9.9, "tier": "gentle", "score": 8.9 }, "geometry": { "type": "Polygon", "coordinates": [ [ [ 127.2375, 37.4375 ], [ 127.2375, 37.4875 ], [ 127.1875, 37.4875 ], [ 127.1875, 37.4375 ], [ 127.2375, 37.4375 ] ] ] } },
{ "type": "Feature", "properties": { "grad_nT_km": 13.0, "tier": "gentle", "score": 7.9 }, "geometry": { "type": "Polygon", "coordinates": [ [ [ 127.2875, 37.4375 ], [ 127.2875, 37.4875 ], [ 127.2375, 37.4875 ], [ 127.2375, 37.4375 ], [ 127.2875, 37.4375 ] ] ] } },
{ "type": "Feature", "properties": { "grad_nT_km": 5.0, "tier": "gentle", "score": 10.0 }, "geometry": { "type": "Polygon", "coordinates": [ [ [ 127.4875, 37.4375 ], [ 127.4875, 37.4875 ], [ 127.4375, 37.4875 ], [ 127.4375, 37.4375 ], [ 127.4875, 37.4375 ] ] ] } },
{ "type": "Feature", "properties": { "grad_nT_km": 8.9, "tier": "gentle", "score": 9.2 }, "geometry": { "type": "Polygon", "coordinates": [ [ [ 127.5875, 37.4375 ], [ 127.5875, 37.4875 ], [ 127.5375, 37.4875 ], [ 127.5375, 37.4375 ], [ 127.5875, 37.4375 ] ] ] } },
{ "type": "Feature", "properties": { "grad_nT_km": 12.3, "tier": "gentle", "score": 8.1 }, "geometry": { "type": "Polygon", "coordinates": [ [ [ 127.6875, 37.4375 ], [ 127.6875, 37.4875 ], [ 127.6375, 37.4875 ], [ 127.6375, 37.4375 ], [ 127.6875, 37.4375 ] ] ] } },
{ "type": "Feature", "properties": { "grad_nT_km": 7.6, "tier": "gentle", "score": 9.6 }, "geometry": { "type": "Polygon", "coordinates": [ [ [ 127.7375, 37.4375 ], [ 127.7375, 37.4875 ], [ 127.6875, 37.4875 ], [ 127.6875, 37.4375 ], [ 127.7375, 37.4375 ] ] ] } },
{ "type": "Feature", "properties": { "grad_nT_km": 10.9, "tier": "gentle", "score": 8.6 }, "geometry": { "type": "Polygon", "coordinates": [ [ [ 127.7875, 37.4375 ], [ 127.7875, 37.4875 ], [ 127.7375, 37.4875 ], [ 127.7375, 37.4375 ], [ 127.7875, 37.4375 ] ] ] } },
{ "type": "Feature", "properties": { "grad_nT_km": 6.3, "tier": "gentle", "score": 9.9 }, "geometry": { "type": "Polygon", "coordinates": [ [ [ 127.8375, 37.4375 ], [ 127.8375, 37.4875 ], [ 127.7875, 37.4875 ], [ 127.7875, 37.4375 ], [ 127.8375, 37.4375 ] ] ] } },
{ "type": "Feature", "properties": { "grad_nT_km": 8.2, "tier": "gentle", "score": 9.4 }, "geometry": { "type": "Polygon", "coordinates": [ [ [ 127.8875, 37.4375 ], [ 127.8875, 37.4875 ], [ 127.8375, 37.4875 ], [ 127.8375, 37.4375 ], [ 127.8875, 37.4375 ] ] ] } },
{ "type": "Feature", "properties": { "grad_nT_km": 8.9, "tier": "gentle", "score": 9.2 }, "geometry": { "type": "Polygon", "coordinates": [ [ [ 127.9375, 37.4375 ], [ 127.9375, 37.4875 ], [ 127.8875, 37.4875 ], [ 127.8875, 37.4375 ], [ 127.9375, 37.4375 ] ] ] } },
{ "type": "Feature", "properties": { "grad_nT_km": 10.4, "tier": "gentle", "score": 8.7 }, "geometry": { "type": "Polygon", "coordinates": [ [ [ 127.9875, 37.4375 ], [ 127.9875, 37.4875 ], [ 127.9375, 37.4875 ], [ 127.9375, 37.4375 ], [ 127.9875, 37.4375 ] ] ] } },
{ "type": "Feature", "properties": { "grad_nT_km": 6.3, "tier": "gentle", "score": 9.9 }, "geometry": { "type": "Polygon", "coordinates": [ [ [ 128.0375, 37.4375 ], [ 128.0375, 37.4875 ], [ 127.9875, 37.4875 ], [ 127.9875, 37.4375 ], [ 128.0375, 37.4375 ] ] ] } },
{ "type": "Feature", "properties": { "grad_nT_km": 5.4, "tier": "gentle", "score": 10.0 }, "geometry": { "type": "Polygon", "coordinates": [ [ [ 128.0875, 37.4375 ], [ 128.0875, 37.4875 ], [ 128.0375, 37.4875 ], [ 128.0375, 37.4375 ], [ 128.0875, 37.4375 ] ] ] } },
{ "type": "Feature", "properties": { "grad_nT_km": 5.7, "tier": "gentle", "score": 10.0 }, "geometry": { "type": "Polygon", "coordinates": [ [ [ 128.1375, 37.4375 ], [ 128.1375, 37.4875 ], [ 128.0875, 37.4875 ], [ 128.0875, 37.4375 ], [ 128.1375, 37.4375 ] ] ] } },
{ "type": "Feature", "properties": { "grad_nT_km": 8.0, "tier": "gentle", "score": 9.4 }, "geometry": { "type": "Polygon", "coordinates": [ [ [ 128.1875, 37.4375 ], [ 128.1875, 37.4875 ], [ 128.1375, 37.4875 ], [ 128.1375, 37.4375 ], [ 128.1875, 37.4375 ] ] ] } },
{ "type": "Feature", "properties": { "grad_nT_km": 7.9, "tier": "gentle", "score": 9.5 }, "geometry": { "type": "Polygon", "coordinates": [ [ [ 128.2375, 37.4375 ], [ 128.2375, 37.4875 ], [ 128.1875, 37.4875 ], [ 128.1875, 37.4375 ], [ 128.2375, 37.4375 ] ] ] } },
{ "type": "Feature", "properties": { "grad_nT_km": 6.3, "tier": "gentle", "score": 9.9 }, "geometry": { "type": "Polygon", "coordinates": [ [ [ 128.2875, 37.4375 ], [ 128.2875, 37.4875 ], [ 128.2375, 37.4875 ], [ 128.2375, 37.4375 ], [ 128.2875, 37.4375 ] ] ] } },
{ "type": "Feature", "properties": { "grad_nT_km": 11.3, "tier": "gentle", "score": 8.4 }, "geometry": { "type": "Polygon", "coordinates": [ [ [ 128.3375, 37.4375 ], [ 128.3375, 37.4875 ], [ 128.2875, 37.4875 ], [ 128.2875, 37.4375 ], [ 128.3375, 37.4375 ] ] ] } },
{ "type": "Feature", "properties": { "grad_nT_km": 8.9, "tier": "gentle", "score": 9.2 }, "geometry": { "type": "Polygon", "coordinates": [ [ [ 128.3875, 37.4375 ], [ 128.3875, 37.4875 ], [ 128.3375, 37.4875 ], [ 128.3375, 37.4375 ], [ 128.3875, 37.4375 ] ] ] } },
{ "type": "Feature", "properties": { "grad_nT_km": 10.0, "tier": "gentle", "score": 8.8 }, "geometry": { "type": "Polygon", "coordinates": [ [ [ 128.4375, 37.4375 ], [ 128.4375, 37.4875 ], [ 128.3875, 37.4875 ], [ 128.3875, 37.4375 ], [ 128.4375, 37.4375 ] ] ] } },
{ "type": "Feature", "properties": { "grad_nT_km": 7.0, "tier": "gentle", "score": 9.7 }, "geometry": { "type": "Polygon", "coordinates": [ [ [ 128.4875, 37.4375 ], [ 128.4875, 37.4875 ], [ 128.4375, 37.4875 ], [ 128.4375, 37.4375 ], [ 128.4875, 37.4375 ] ] ] } },
{ "type": "Feature", "properties": { "grad_nT_km": 8.6, "tier": "gentle", "score": 9.3 }, "geometry": { "type": "Polygon", "coordinates": [ [ [ 128.5375, 37.4375 ], [ 128.5375, 37.4875 ], [ 128.4875, 37.4875 ], [ 128.4875, 37.4375 ], [ 128.5375, 37.4375 ] ] ] } },
{ "type": "Feature", "properties": { "grad_nT_km": 6.9, "tier": "gentle", "score": 9.7 }, "geometry": { "type": "Polygon", "coordinates": [ [ [ 128.6375, 37.4375 ], [ 128.6375, 37.4875 ], [ 128.5875, 37.4875 ], [ 128.5875, 37.4375 ], [ 128.6375, 37.4375 ] ] ] } },
{ "type": "Feature", "properties": { "grad_nT_km": 6.0, "tier": "gentle", "score": 9.9 }, "geometry": { "type": "Polygon", "coordinates": [ [ [ 128.6875, 37.4375 ], [ 128.6875, 37.4875 ], [ 128.6375, 37.4875 ], [ 128.6375, 37.4375 ], [ 128.6875, 37.4375 ] ] ] } },
{ "type": "Feature", "properties": { "grad_nT_km": 7.3, "tier": "gentle", "score": 9.7 }, "geometry": { "type": "Polygon", "coordinates": [ [ [ 128.7375, 37.4375 ], [ 128.7375, 37.4875 ], [ 128.6875, 37.4875 ], [ 128.6875, 37.4375 ], [ 128.7375, 37.4375 ] ] ] } },
{ "type": "Feature", "properties": { "grad_nT_km": 12.4, "tier": "gentle", "score": 8.1 }, "geometry": { "type": "Polygon", "coordinates": [ [ [ 128.7875, 37.4375 ], [ 128.7875, 37.4875 ], [ 128.7375, 37.4875 ], [ 128.7375, 37.4375 ], [ 128.7875, 37.4375 ] ] ] } },
{ "type": "Feature", "properties": { "grad_nT_km": 11.0, "tier": "gentle", "score": 8.5 }, "geometry": { "type": "Polygon", "coordinates": [ [ [ 128.9375, 37.4375 ], [ 128.9375, 37.4875 ], [ 128.8875, 37.4875 ], [ 128.8875, 37.4375 ], [ 128.9375, 37.4375 ] ] ] } },
{ "type": "Feature", "properties": { "grad_nT_km": 13.9, "tier": "gentle", "score": 7.7 }, "geometry": { "type": "Polygon", "coordinates": [ [ [ 129.1875, 37.4375 ], [ 129.1875, 37.4875 ], [ 129.1375, 37.4875 ], [ 129.1375, 37.4375 ], [ 129.1875, 37.4375 ] ] ] } },
{ "type": "Feature", "properties": { "grad_nT_km": 5.3, "tier": "gentle", "score": 10.0 }, "geometry": { "type": "Polygon", "coordinates": [ [ [ 127.2875, 37.4875 ], [ 127.2875, 37.5375 ], [ 127.2375, 37.5375 ], [ 127.2375, 37.4875 ], [ 127.2875, 37.4875 ] ] ] } },
{ "type": "Feature", "properties": { "grad_nT_km": 6.0, "tier": "gentle", "score": 9.9 }, "geometry": { "type": "Polygon", "coordinates": [ [ [ 127.4875, 37.4875 ], [ 127.4875, 37.5375 ], [ 127.4375, 37.5375 ], [ 127.4375, 37.4875 ], [ 127.4875, 37.4875 ] ] ] } },
{ "type": "Feature", "properties": { "grad_nT_km": 5.5, "tier": "gentle", "score": 10.0 }, "geometry": { "type": "Polygon", "coordinates": [ [ [ 127.5375, 37.4875 ], [ 127.5375, 37.5375 ], [ 127.4875, 37.5375 ], [ 127.4875, 37.4875 ], [ 127.5375, 37.4875 ] ] ] } },
{ "type": "Feature", "properties": { "grad_nT_km": 5.6, "tier": "gentle", "score": 10.0 }, "geometry": { "type": "Polygon", "coordinates": [ [ [ 127.5875, 37.4875 ], [ 127.5875, 37.5375 ], [ 127.5375, 37.5375 ], [ 127.5375, 37.4875 ], [ 127.5875, 37.4875 ] ] ] } },
{ "type": "Feature", "properties": { "grad_nT_km": 9.5, "tier": "gentle", "score": 9.0 }, "geometry": { "type": "Polygon", "coordinates": [ [ [ 127.6375, 37.4875 ], [ 127.6375, 37.5375 ], [ 127.5875, 37.5375 ], [ 127.5875, 37.4875 ], [ 127.6375, 37.4875 ] ] ] } },
{ "type": "Feature", "properties": { "grad_nT_km": 10.6, "tier": "gentle", "score": 8.7 }, "geometry": { "type": "Polygon", "coordinates": [ [ [ 127.6875, 37.4875 ], [ 127.6875, 37.5375 ], [ 127.6375, 37.5375 ], [ 127.6375, 37.4875 ], [ 127.6875, 37.4875 ] ] ] } },
{ "type": "Feature", "properties": { "grad_nT_km": 10.7, "tier": "gentle", "score": 8.6 }, "geometry": { "type": "Polygon", "coordinates": [ [ [ 127.7375, 37.4875 ], [ 127.7375, 37.5375 ], [ 127.6875, 37.5375 ], [ 127.6875, 37.4875 ], [ 127.7375, 37.4875 ] ] ] } },
{ "type": "Feature", "properties": { "grad_nT_km": 7.7, "tier": "gentle", "score": 9.5 }, "geometry": { "type": "Polygon", "coordinates": [ [ [ 127.8875, 37.4875 ], [ 127.8875, 37.5375 ], [ 127.8375, 37.5375 ], [ 127.8375, 37.4875 ], [ 127.8875, 37.4875 ] ] ] } },
{ "type": "Feature", "properties": { "grad_nT_km": 8.4, "tier": "gentle", "score": 9.3 }, "geometry": { "type": "Polygon", "coordinates": [ [ [ 127.9375, 37.4875 ], [ 127.9375, 37.5375 ], [ 127.8875, 37.5375 ], [ 127.8875, 37.4875 ], [ 127.9375, 37.4875 ] ] ] } },
{ "type": "Feature", "properties": { "grad_nT_km": 9.1, "tier": "gentle", "score": 9.1 }, "geometry": { "type": "Polygon", "coordinates": [ [ [ 127.9875, 37.4875 ], [ 127.9875, 37.5375 ], [ 127.9375, 37.5375 ], [ 127.9375, 37.4875 ], [ 127.9875, 37.4875 ] ] ] } },
{ "type": "Feature", "properties": { "grad_nT_km": 5.7, "tier": "gentle", "score": 10.0 }, "geometry": { "type": "Polygon", "coordinates": [ [ [ 128.2375, 37.4875 ], [ 128.2375, 37.5375 ], [ 128.1875, 37.5375 ], [ 128.1875, 37.4875 ], [ 128.2375, 37.4875 ] ] ] } },
{ "type": "Feature", "properties": { "grad_nT_km": 5.5, "tier": "gentle", "score": 10.0 }, "geometry": { "type": "Polygon", "coordinates": [ [ [ 128.3375, 37.4875 ], [ 128.3375, 37.5375 ], [ 128.2875, 37.5375 ], [ 128.2875, 37.4875 ], [ 128.3375, 37.4875 ] ] ] } },
{ "type": "Feature", "properties": { "grad_nT_km": 5.7, "tier": "gentle", "score": 10.0 }, "geometry": { "type": "Polygon", "coordinates": [ [ [ 128.3875, 37.4875 ], [ 128.3875, 37.5375 ], [ 128.3375, 37.5375 ], [ 128.3375, 37.4875 ], [ 128.3875, 37.4875 ] ] ] } },
{ "type": "Feature", "properties": { "grad_nT_km": 10.5, "tier": "gentle", "score": 8.7 }, "geometry": { "type": "Polygon", "coordinates": [ [ [ 128.4375, 37.4875 ], [ 128.4375, 37.5375 ], [ 128.3875, 37.5375 ], [ 128.3875, 37.4875 ], [ 128.4375, 37.4875 ] ] ] } },
{ "type": "Feature", "properties": { "grad_nT_km": 8.0, "tier": "gentle", "score": 9.4 }, "geometry": { "type": "Polygon", "coordinates": [ [ [ 128.5375, 37.4875 ], [ 128.5375, 37.5375 ], [ 128.4875, 37.5375 ], [ 128.4875, 37.4875 ], [ 128.5375, 37.4875 ] ] ] } },
{ "type": "Feature", "properties": { "grad_nT_km": 6.3, "tier": "gentle", "score": 9.9 }, "geometry": { "type": "Polygon", "coordinates": [ [ [ 128.5875, 37.4875 ], [ 128.5875, 37.5375 ], [ 128.5375, 37.5375 ], [ 128.5375, 37.4875 ], [ 128.5875, 37.4875 ] ] ] } },
{ "type": "Feature", "properties": { "grad_nT_km": 9.7, "tier": "gentle", "score": 8.9 }, "geometry": { "type": "Polygon", "coordinates": [ [ [ 128.6375, 37.4875 ], [ 128.6375, 37.5375 ], [ 128.5875, 37.5375 ], [ 128.5875, 37.4875 ], [ 128.6375, 37.4875 ] ] ] } },
{ "type": "Feature", "properties": { "grad_nT_km": 6.9, "tier": "gentle", "score": 9.7 }, "geometry": { "type": "Polygon", "coordinates": [ [ [ 128.6875, 37.4875 ], [ 128.6875, 37.5375 ], [ 128.6375, 37.5375 ], [ 128.6375, 37.4875 ], [ 128.6875, 37.4875 ] ] ] } },
{ "type": "Feature", "properties": { "grad_nT_km": 7.6, "tier": "gentle", "score": 9.6 }, "geometry": { "type": "Polygon", "coordinates": [ [ [ 128.7375, 37.4875 ], [ 128.7375, 37.5375 ], [ 128.6875, 37.5375 ], [ 128.6875, 37.4875 ], [ 128.7375, 37.4875 ] ] ] } },
{ "type": "Feature", "properties": { "grad_nT_km": 7.1, "tier": "gentle", "score": 9.7 }, "geometry": { "type": "Polygon", "coordinates": [ [ [ 128.8375, 37.4875 ], [ 128.8375, 37.5375 ], [ 128.7875, 37.5375 ], [ 128.7875, 37.4875 ], [ 128.8375, 37.4875 ] ] ] } },
{ "type": "Feature", "properties": { "grad_nT_km": 7.2, "tier": "gentle", "score": 9.7 }, "geometry": { "type": "Polygon", "coordinates": [ [ [ 128.8875, 37.4875 ], [ 128.8875, 37.5375 ], [ 128.8375, 37.5375 ], [ 128.8375, 37.4875 ], [ 128.8875, 37.4875 ] ] ] } },
{ "type": "Feature", "properties": { "grad_nT_km": 12.0, "tier": "gentle", "score": 8.2 }, "geometry": { "type": "Polygon", "coordinates": [ [ [ 128.9875, 37.4875 ], [ 128.9875, 37.5375 ], [ 128.9375, 37.5375 ], [ 128.9375, 37.4875 ], [ 128.9875, 37.4875 ] ] ] } },
{ "type": "Feature", "properties": { "grad_nT_km": 7.1, "tier": "gentle", "score": 9.7 }, "geometry": { "type": "Polygon", "coordinates": [ [ [ 129.1375, 37.4875 ], [ 129.1375, 37.5375 ], [ 129.0875, 37.5375 ], [ 129.0875, 37.4875 ], [ 129.1375, 37.4875 ] ] ] } },
{ "type": "Feature", "properties": { "grad_nT_km": 5.1, "tier": "gentle", "score": 10.0 }, "geometry": { "type": "Polygon", "coordinates": [ [ [ 129.1875, 37.4875 ], [ 129.1875, 37.5375 ], [ 129.1375, 37.5375 ], [ 129.1375, 37.4875 ], [ 129.1875, 37.4875 ] ] ] } },
{ "type": "Feature", "properties": { "grad_nT_km": 6.3, "tier": "gentle", "score": 9.9 }, "geometry": { "type": "Polygon", "coordinates": [ [ [ 127.2875, 37.5375 ], [ 127.2875, 37.5875 ], [ 127.2375, 37.5875 ], [ 127.2375, 37.5375 ], [ 127.2875, 37.5375 ] ] ] } },
{ "type": "Feature", "properties": { "grad_nT_km": 8.4, "tier": "gentle", "score": 9.3 }, "geometry": { "type": "Polygon", "coordinates": [ [ [ 127.5375, 37.5375 ], [ 127.5375, 37.5875 ], [ 127.4875, 37.5875 ], [ 127.4875, 37.5375 ], [ 127.5375, 37.5375 ] ] ] } },
{ "type": "Feature", "properties": { "grad_nT_km": 6.8, "tier": "gentle", "score": 9.8 }, "geometry": { "type": "Polygon", "coordinates": [ [ [ 127.6875, 37.5375 ], [ 127.6875, 37.5875 ], [ 127.6375, 37.5875 ], [ 127.6375, 37.5375 ], [ 127.6875, 37.5375 ] ] ] } },
{ "type": "Feature", "properties": { "grad_nT_km": 6.8, "tier": "gentle", "score": 9.8 }, "geometry": { "type": "Polygon", "coordinates": [ [ [ 127.7375, 37.5375 ], [ 127.7375, 37.5875 ], [ 127.6875, 37.5875 ], [ 127.6875, 37.5375 ], [ 127.7375, 37.5375 ] ] ] } },
{ "type": "Feature", "properties": { "grad_nT_km": 13.2, "tier": "gentle", "score": 7.9 }, "geometry": { "type": "Polygon", "coordinates": [ [ [ 127.8375, 37.5375 ], [ 127.8375, 37.5875 ], [ 127.7875, 37.5875 ], [ 127.7875, 37.5375 ], [ 127.8375, 37.5375 ] ] ] } },
{ "type": "Feature", "properties": { "grad_nT_km": 11.7, "tier": "gentle", "score": 8.3 }, "geometry": { "type": "Polygon", "coordinates": [ [ [ 127.8875, 37.5375 ], [ 127.8875, 37.5875 ], [ 127.8375, 37.5875 ], [ 127.8375, 37.5375 ], [ 127.8875, 37.5375 ] ] ] } },
{ "type": "Feature", "properties": { "grad_nT_km": 9.3, "tier": "gentle", "score": 9.1 }, "geometry": { "type": "Polygon", "coordinates": [ [ [ 127.9375, 37.5375 ], [ 127.9375, 37.5875 ], [ 127.8875, 37.5875 ], [ 127.8875, 37.5375 ], [ 127.9375, 37.5375 ] ] ] } },
{ "type": "Feature", "properties": { "grad_nT_km": 7.3, "tier": "gentle", "score": 9.6 }, "geometry": { "type": "Polygon", "coordinates": [ [ [ 128.0875, 37.5375 ], [ 128.0875, 37.5875 ], [ 128.0375, 37.5875 ], [ 128.0375, 37.5375 ], [ 128.0875, 37.5375 ] ] ] } },
{ "type": "Feature", "properties": { "grad_nT_km": 10.3, "tier": "gentle", "score": 8.8 }, "geometry": { "type": "Polygon", "coordinates": [ [ [ 128.1375, 37.5375 ], [ 128.1375, 37.5875 ], [ 128.0875, 37.5875 ], [ 128.0875, 37.5375 ], [ 128.1375, 37.5375 ] ] ] } },
{ "type": "Feature", "properties": { "grad_nT_km": 13.0, "tier": "gentle", "score": 7.9 }, "geometry": { "type": "Polygon", "coordinates": [ [ [ 128.1875, 37.5375 ], [ 128.1875, 37.5875 ], [ 128.1375, 37.5875 ], [ 128.1375, 37.5375 ], [ 128.1875, 37.5375 ] ] ] } },
{ "type": "Feature", "properties": { "grad_nT_km": 5.7, "tier": "gentle", "score": 10.0 }, "geometry": { "type": "Polygon", "coordinates": [ [ [ 128.2375, 37.5375 ], [ 128.2375, 37.5875 ], [ 128.1875, 37.5875 ], [ 128.1875, 37.5375 ], [ 128.2375, 37.5375 ] ] ] } },
{ "type": "Feature", "properties": { "grad_nT_km": 9.3, "tier": "gentle", "score": 9.1 }, "geometry": { "type": "Polygon", "coordinates": [ [ [ 128.3875, 37.5375 ], [ 128.3875, 37.5875 ], [ 128.3375, 37.5875 ], [ 128.3375, 37.5375 ], [ 128.3875, 37.5375 ] ] ] } },
{ "type": "Feature", "properties": { "grad_nT_km": 11.9, "tier": "gentle", "score": 8.3 }, "geometry": { "type": "Polygon", "coordinates": [ [ [ 128.4375, 37.5375 ], [ 128.4375, 37.5875 ], [ 128.3875, 37.5875 ], [ 128.3875, 37.5375 ], [ 128.4375, 37.5375 ] ] ] } },
{ "type": "Feature", "properties": { "grad_nT_km": 7.7, "tier": "gentle", "score": 9.5 }, "geometry": { "type": "Polygon", "coordinates": [ [ [ 128.5875, 37.5375 ], [ 128.5875, 37.5875 ], [ 128.5375, 37.5875 ], [ 128.5375, 37.5375 ], [ 128.5875, 37.5375 ] ] ] } },
{ "type": "Feature", "properties": { "grad_nT_km": 13.7, "tier": "gentle", "score": 7.7 }, "geometry": { "type": "Polygon", "coordinates": [ [ [ 128.6875, 37.5375 ], [ 128.6875, 37.5875 ], [ 128.6375, 37.5875 ], [ 128.6375, 37.5375 ], [ 128.6875, 37.5375 ] ] ] } },
{ "type": "Feature", "properties": { "grad_nT_km": 7.5, "tier": "gentle", "score": 9.6 }, "geometry": { "type": "Polygon", "coordinates": [ [ [ 128.7375, 37.5375 ], [ 128.7375, 37.5875 ], [ 128.6875, 37.5875 ], [ 128.6875, 37.5375 ], [ 128.7375, 37.5375 ] ] ] } },
{ "type": "Feature", "properties": { "grad_nT_km": 12.5, "tier": "gentle", "score": 8.1 }, "geometry": { "type": "Polygon", "coordinates": [ [ [ 128.7875, 37.5375 ], [ 128.7875, 37.5875 ], [ 128.7375, 37.5875 ], [ 128.7375, 37.5375 ], [ 128.7875, 37.5375 ] ] ] } },
{ "type": "Feature", "properties": { "grad_nT_km": 6.5, "tier": "gentle", "score": 9.8 }, "geometry": { "type": "Polygon", "coordinates": [ [ [ 128.8375, 37.5375 ], [ 128.8375, 37.5875 ], [ 128.7875, 37.5875 ], [ 128.7875, 37.5375 ], [ 128.8375, 37.5375 ] ] ] } },
{ "type": "Feature", "properties": { "grad_nT_km": 5.7, "tier": "gentle", "score": 10.0 }, "geometry": { "type": "Polygon", "coordinates": [ [ [ 128.8875, 37.5375 ], [ 128.8875, 37.5875 ], [ 128.8375, 37.5875 ], [ 128.8375, 37.5375 ], [ 128.8875, 37.5375 ] ] ] } },
{ "type": "Feature", "properties": { "grad_nT_km": 9.0, "tier": "gentle", "score": 9.2 }, "geometry": { "type": "Polygon", "coordinates": [ [ [ 128.9375, 37.5375 ], [ 128.9375, 37.5875 ], [ 128.8875, 37.5875 ], [ 128.8875, 37.5375 ], [ 128.9375, 37.5375 ] ] ] } },
{ "type": "Feature", "properties": { "grad_nT_km": 7.5, "tier": "gentle", "score": 9.6 }, "geometry": { "type": "Polygon", "coordinates": [ [ [ 128.9875, 37.5375 ], [ 128.9875, 37.5875 ], [ 128.9375, 37.5875 ], [ 128.9375, 37.5375 ], [ 128.9875, 37.5375 ] ] ] } },
{ "type": "Feature", "properties": { "grad_nT_km": 5.5, "tier": "gentle", "score": 10.0 }, "geometry": { "type": "Polygon", "coordinates": [ [ [ 129.0375, 37.5375 ], [ 129.0375, 37.5875 ], [ 128.9875, 37.5875 ], [ 128.9875, 37.5375 ], [ 129.0375, 37.5375 ] ] ] } },
{ "type": "Feature", "properties": { "grad_nT_km": 5.1, "tier": "gentle", "score": 10.0 }, "geometry": { "type": "Polygon", "coordinates": [ [ [ 129.0875, 37.5375 ], [ 129.0875, 37.5875 ], [ 129.0375, 37.5875 ], [ 129.0375, 37.5375 ], [ 129.0875, 37.5375 ] ] ] } },
{ "type": "Feature", "properties": { "grad_nT_km": 9.2, "tier": "gentle", "score": 9.1 }, "geometry": { "type": "Polygon", "coordinates": [ [ [ 129.1375, 37.5375 ], [ 129.1375, 37.5875 ], [ 129.0875, 37.5875 ], [ 129.0875, 37.5375 ], [ 129.1375, 37.5375 ] ] ] } },
{ "type": "Feature", "properties": { "grad_nT_km": 7.2, "tier": "gentle", "score": 9.7 }, "geometry": { "type": "Polygon", "coordinates": [ [ [ 127.4875, 37.5875 ], [ 127.4875, 37.6375 ], [ 127.4375, 37.6375 ], [ 127.4375, 37.5875 ], [ 127.4875, 37.5875 ] ] ] } },
{ "type": "Feature", "properties": { "grad_nT_km": 14.4, "tier": "gentle", "score": 7.5 }, "geometry": { "type": "Polygon", "coordinates": [ [ [ 127.5375, 37.5875 ], [ 127.5375, 37.6375 ], [ 127.4875, 37.6375 ], [ 127.4875, 37.5875 ], [ 127.5375, 37.5875 ] ] ] } },
{ "type": "Feature", "properties": { "grad_nT_km": 6.4, "tier": "gentle", "score": 9.8 }, "geometry": { "type": "Polygon", "coordinates": [ [ [ 127.6375, 37.5875 ], [ 127.6375, 37.6375 ], [ 127.5875, 37.6375 ], [ 127.5875, 37.5875 ], [ 127.6375, 37.5875 ] ] ] } },
{ "type": "Feature", "properties": { "grad_nT_km": 6.7, "tier": "gentle", "score": 9.8 }, "geometry": { "type": "Polygon", "coordinates": [ [ [ 127.6875, 37.5875 ], [ 127.6875, 37.6375 ], [ 127.6375, 37.6375 ], [ 127.6375, 37.5875 ], [ 127.6875, 37.5875 ] ] ] } },
{ "type": "Feature", "properties": { "grad_nT_km": 11.2, "tier": "gentle", "score": 8.5 }, "geometry": { "type": "Polygon", "coordinates": [ [ [ 127.7375, 37.5875 ], [ 127.7375, 37.6375 ], [ 127.6875, 37.6375 ], [ 127.6875, 37.5875 ], [ 127.7375, 37.5875 ] ] ] } },
{ "type": "Feature", "properties": { "grad_nT_km": 13.7, "tier": "gentle", "score": 7.7 }, "geometry": { "type": "Polygon", "coordinates": [ [ [ 127.8875, 37.5875 ], [ 127.8875, 37.6375 ], [ 127.8375, 37.6375 ], [ 127.8375, 37.5875 ], [ 127.8875, 37.5875 ] ] ] } },
{ "type": "Feature", "properties": { "grad_nT_km": 9.7, "tier": "gentle", "score": 9.0 }, "geometry": { "type": "Polygon", "coordinates": [ [ [ 127.9875, 37.5875 ], [ 127.9875, 37.6375 ], [ 127.9375, 37.6375 ], [ 127.9375, 37.5875 ], [ 127.9875, 37.5875 ] ] ] } },
{ "type": "Feature", "properties": { "grad_nT_km": 7.6, "tier": "gentle", "score": 9.6 }, "geometry": { "type": "Polygon", "coordinates": [ [ [ 128.0875, 37.5875 ], [ 128.0875, 37.6375 ], [ 128.0375, 37.6375 ], [ 128.0375, 37.5875 ], [ 128.0875, 37.5875 ] ] ] } },
{ "type": "Feature", "properties": { "grad_nT_km": 7.3, "tier": "gentle", "score": 9.6 }, "geometry": { "type": "Polygon", "coordinates": [ [ [ 128.1875, 37.5875 ], [ 128.1875, 37.6375 ], [ 128.1375, 37.6375 ], [ 128.1375, 37.5875 ], [ 128.1875, 37.5875 ] ] ] } },
{ "type": "Feature", "properties": { "grad_nT_km": 6.8, "tier": "gentle", "score": 9.8 }, "geometry": { "type": "Polygon", "coordinates": [ [ [ 128.2375, 37.5875 ], [ 128.2375, 37.6375 ], [ 128.1875, 37.6375 ], [ 128.1875, 37.5875 ], [ 128.2375, 37.5875 ] ] ] } },
{ "type": "Feature", "properties": { "grad_nT_km": 10.0, "tier": "gentle", "score": 8.8 }, "geometry": { "type": "Polygon", "coordinates": [ [ [ 128.2875, 37.5875 ], [ 128.2875, 37.6375 ], [ 128.2375, 37.6375 ], [ 128.2375, 37.5875 ], [ 128.2875, 37.5875 ] ] ] } },
{ "type": "Feature", "properties": { "grad_nT_km": 7.6, "tier": "gentle", "score": 9.6 }, "geometry": { "type": "Polygon", "coordinates": [ [ [ 128.3375, 37.5875 ], [ 128.3375, 37.6375 ], [ 128.2875, 37.6375 ], [ 128.2875, 37.5875 ], [ 128.3375, 37.5875 ] ] ] } },
{ "type": "Feature", "properties": { "grad_nT_km": 5.6, "tier": "gentle", "score": 10.0 }, "geometry": { "type": "Polygon", "coordinates": [ [ [ 128.4875, 37.5875 ], [ 128.4875, 37.6375 ], [ 128.4375, 37.6375 ], [ 128.4375, 37.5875 ], [ 128.4875, 37.5875 ] ] ] } },
{ "type": "Feature", "properties": { "grad_nT_km": 12.9, "tier": "gentle", "score": 8.0 }, "geometry": { "type": "Polygon", "coordinates": [ [ [ 128.5375, 37.5875 ], [ 128.5375, 37.6375 ], [ 128.4875, 37.6375 ], [ 128.4875, 37.5875 ], [ 128.5375, 37.5875 ] ] ] } },
{ "type": "Feature", "properties": { "grad_nT_km": 6.6, "tier": "gentle", "score": 9.8 }, "geometry": { "type": "Polygon", "coordinates": [ [ [ 128.5875, 37.5875 ], [ 128.5875, 37.6375 ], [ 128.5375, 37.6375 ], [ 128.5375, 37.5875 ], [ 128.5875, 37.5875 ] ] ] } },
{ "type": "Feature", "properties": { "grad_nT_km": 14.6, "tier": "gentle", "score": 7.5 }, "geometry": { "type": "Polygon", "coordinates": [ [ [ 128.6375, 37.5875 ], [ 128.6375, 37.6375 ], [ 128.5875, 37.6375 ], [ 128.5875, 37.5875 ], [ 128.6375, 37.5875 ] ] ] } },
{ "type": "Feature", "properties": { "grad_nT_km": 9.0, "tier": "gentle", "score": 9.2 }, "geometry": { "type": "Polygon", "coordinates": [ [ [ 128.6875, 37.5875 ], [ 128.6875, 37.6375 ], [ 128.6375, 37.6375 ], [ 128.6375, 37.5875 ], [ 128.6875, 37.5875 ] ] ] } },
{ "type": "Feature", "properties": { "grad_nT_km": 5.1, "tier": "gentle", "score": 10.0 }, "geometry": { "type": "Polygon", "coordinates": [ [ [ 128.7375, 37.5875 ], [ 128.7375, 37.6375 ], [ 128.6875, 37.6375 ], [ 128.6875, 37.5875 ], [ 128.7375, 37.5875 ] ] ] } },
{ "type": "Feature", "properties": { "grad_nT_km": 6.7, "tier": "gentle", "score": 9.8 }, "geometry": { "type": "Polygon", "coordinates": [ [ [ 128.7875, 37.5875 ], [ 128.7875, 37.6375 ], [ 128.7375, 37.6375 ], [ 128.7375, 37.5875 ], [ 128.7875, 37.5875 ] ] ] } },
{ "type": "Feature", "properties": { "grad_nT_km": 7.3, "tier": "gentle", "score": 9.6 }, "geometry": { "type": "Polygon", "coordinates": [ [ [ 128.8375, 37.5875 ], [ 128.8375, 37.6375 ], [ 128.7875, 37.6375 ], [ 128.7875, 37.5875 ], [ 128.8375, 37.5875 ] ] ] } },
{ "type": "Feature", "properties": { "grad_nT_km": 6.7, "tier": "gentle", "score": 9.8 }, "geometry": { "type": "Polygon", "coordinates": [ [ [ 128.9875, 37.5875 ], [ 128.9875, 37.6375 ], [ 128.9375, 37.6375 ], [ 128.9375, 37.5875 ], [ 128.9875, 37.5875 ] ] ] } },
{ "type": "Feature", "properties": { "grad_nT_km": 14.7, "tier": "gentle", "score": 7.4 }, "geometry": { "type": "Polygon", "coordinates": [ [ [ 129.0375, 37.5875 ], [ 129.0375, 37.6375 ], [ 128.9875, 37.6375 ], [ 128.9875, 37.5875 ], [ 129.0375, 37.5875 ] ] ] } },
{ "type": "Feature", "properties": { "grad_nT_km": 8.1, "tier": "gentle", "score": 9.4 }, "geometry": { "type": "Polygon", "coordinates": [ [ [ 129.0875, 37.5875 ], [ 129.0875, 37.6375 ], [ 129.0375, 37.6375 ], [ 129.0375, 37.5875 ], [ 129.0875, 37.5875 ] ] ] } },
{ "type": "Feature", "properties": { "grad_nT_km": 8.6, "tier": "gentle", "score": 9.3 }, "geometry": { "type": "Polygon", "coordinates": [ [ [ 129.1375, 37.5875 ], [ 129.1375, 37.6375 ], [ 129.0875, 37.6375 ], [ 129.0875, 37.5875 ], [ 129.1375, 37.5875 ] ] ] } },
{ "type": "Feature", "properties": { "grad_nT_km": 6.7, "tier": "gentle", "score": 9.8 }, "geometry": { "type": "Polygon", "coordinates": [ [ [ 129.1875, 37.5875 ], [ 129.1875, 37.6375 ], [ 129.1375, 37.6375 ], [ 129.1375, 37.5875 ], [ 129.1875, 37.5875 ] ] ] } },
{ "type": "Feature", "properties": { "grad_nT_km": 5.2, "tier": "gentle", "score": 10.0 }, "geometry": { "type": "Polygon", "coordinates": [ [ [ 129.2375, 37.5875 ], [ 129.2375, 37.6375 ], [ 129.1875, 37.6375 ], [ 129.1875, 37.5875 ], [ 129.2375, 37.5875 ] ] ] } },
{ "type": "Feature", "properties": { "grad_nT_km": 6.0, "tier": "gentle", "score": 9.9 }, "geometry": { "type": "Polygon", "coordinates": [ [ [ 127.2875, 37.6375 ], [ 127.2875, 37.6875 ], [ 127.2375, 37.6875 ], [ 127.2375, 37.6375 ], [ 127.2875, 37.6375 ] ] ] } },
{ "type": "Feature", "properties": { "grad_nT_km": 8.7, "tier": "gentle", "score": 9.2 }, "geometry": { "type": "Polygon", "coordinates": [ [ [ 127.6375, 37.6375 ], [ 127.6375, 37.6875 ], [ 127.5875, 37.6875 ], [ 127.5875, 37.6375 ], [ 127.6375, 37.6375 ] ] ] } },
{ "type": "Feature", "properties": { "grad_nT_km": 6.5, "tier": "gentle", "score": 9.8 }, "geometry": { "type": "Polygon", "coordinates": [ [ [ 127.6875, 37.6375 ], [ 127.6875, 37.6875 ], [ 127.6375, 37.6875 ], [ 127.6375, 37.6375 ], [ 127.6875, 37.6375 ] ] ] } },
{ "type": "Feature", "properties": { "grad_nT_km": 6.8, "tier": "gentle", "score": 9.8 }, "geometry": { "type": "Polygon", "coordinates": [ [ [ 127.7375, 37.6375 ], [ 127.7375, 37.6875 ], [ 127.6875, 37.6875 ], [ 127.6875, 37.6375 ], [ 127.7375, 37.6375 ] ] ] } },
{ "type": "Feature", "properties": { "grad_nT_km": 12.2, "tier": "gentle", "score": 8.2 }, "geometry": { "type": "Polygon", "coordinates": [ [ [ 127.7875, 37.6375 ], [ 127.7875, 37.6875 ], [ 127.7375, 37.6875 ], [ 127.7375, 37.6375 ], [ 127.7875, 37.6375 ] ] ] } },
{ "type": "Feature", "properties": { "grad_nT_km": 15.0, "tier": "gentle", "score": 7.4 }, "geometry": { "type": "Polygon", "coordinates": [ [ [ 127.9375, 37.6375 ], [ 127.9375, 37.6875 ], [ 127.8875, 37.6875 ], [ 127.8875, 37.6375 ], [ 127.9375, 37.6375 ] ] ] } },
{ "type": "Feature", "properties": { "grad_nT_km": 10.7, "tier": "gentle", "score": 8.6 }, "geometry": { "type": "Polygon", "coordinates": [ [ [ 127.9875, 37.6375 ], [ 127.9875, 37.6875 ], [ 127.9375, 37.6875 ], [ 127.9375, 37.6375 ], [ 127.9875, 37.6375 ] ] ] } },
{ "type": "Feature", "properties": { "grad_nT_km": 9.1, "tier": "gentle", "score": 9.1 }, "geometry": { "type": "Polygon", "coordinates": [ [ [ 128.0375, 37.6375 ], [ 128.0375, 37.6875 ], [ 127.9875, 37.6875 ], [ 127.9875, 37.6375 ], [ 128.0375, 37.6375 ] ] ] } },
{ "type": "Feature", "properties": { "grad_nT_km": 7.4, "tier": "gentle", "score": 9.6 }, "geometry": { "type": "Polygon", "coordinates": [ [ [ 128.0875, 37.6375 ], [ 128.0875, 37.6875 ], [ 128.0375, 37.6875 ], [ 128.0375, 37.6375 ], [ 128.0875, 37.6375 ] ] ] } },
{ "type": "Feature", "properties": { "grad_nT_km": 14.6, "tier": "gentle", "score": 7.5 }, "geometry": { "type": "Polygon", "coordinates": [ [ [ 128.1375, 37.6375 ], [ 128.1375, 37.6875 ], [ 128.0875, 37.6875 ], [ 128.0875, 37.6375 ], [ 128.1375, 37.6375 ] ] ] } },
{ "type": "Feature", "properties": { "grad_nT_km": 6.8, "tier": "gentle", "score": 9.8 }, "geometry": { "type": "Polygon", "coordinates": [ [ [ 128.2375, 37.6375 ], [ 128.2375, 37.6875 ], [ 128.1875, 37.6875 ], [ 128.1875, 37.6375 ], [ 128.2375, 37.6375 ] ] ] } },
{ "type": "Feature", "properties": { "grad_nT_km": 5.4, "tier": "gentle", "score": 10.0 }, "geometry": { "type": "Polygon", "coordinates": [ [ [ 128.4875, 37.6375 ], [ 128.4875, 37.6875 ], [ 128.4375, 37.6875 ], [ 128.4375, 37.6375 ], [ 128.4875, 37.6375 ] ] ] } },
{ "type": "Feature", "properties": { "grad_nT_km": 5.2, "tier": "gentle", "score": 10.0 }, "geometry": { "type": "Polygon", "coordinates": [ [ [ 128.5375, 37.6375 ], [ 128.5375, 37.6875 ], [ 128.4875, 37.6875 ], [ 128.4875, 37.6375 ], [ 128.5375, 37.6375 ] ] ] } },
{ "type": "Feature", "properties": { "grad_nT_km": 8.7, "tier": "gentle", "score": 9.3 }, "geometry": { "type": "Polygon", "coordinates": [ [ [ 128.6875, 37.6375 ], [ 128.6875, 37.6875 ], [ 128.6375, 37.6875 ], [ 128.6375, 37.6375 ], [ 128.6875, 37.6375 ] ] ] } },
{ "type": "Feature", "properties": { "grad_nT_km": 5.1, "tier": "gentle", "score": 10.0 }, "geometry": { "type": "Polygon", "coordinates": [ [ [ 128.7875, 37.6375 ], [ 128.7875, 37.6875 ], [ 128.7375, 37.6875 ], [ 128.7375, 37.6375 ], [ 128.7875, 37.6375 ] ] ] } },
{ "type": "Feature", "properties": { "grad_nT_km": 6.3, "tier": "gentle", "score": 9.9 }, "geometry": { "type": "Polygon", "coordinates": [ [ [ 128.8375, 37.6375 ], [ 128.8375, 37.6875 ], [ 128.7875, 37.6875 ], [ 128.7875, 37.6375 ], [ 128.8375, 37.6375 ] ] ] } },
{ "type": "Feature", "properties": { "grad_nT_km": 12.7, "tier": "gentle", "score": 8.0 }, "geometry": { "type": "Polygon", "coordinates": [ [ [ 128.9875, 37.6375 ], [ 128.9875, 37.6875 ], [ 128.9375, 37.6875 ], [ 128.9375, 37.6375 ], [ 128.9875, 37.6375 ] ] ] } },
{ "type": "Feature", "properties": { "grad_nT_km": 7.6, "tier": "gentle", "score": 9.5 }, "geometry": { "type": "Polygon", "coordinates": [ [ [ 129.0875, 37.6375 ], [ 129.0875, 37.6875 ], [ 129.0375, 37.6875 ], [ 129.0375, 37.6375 ], [ 129.0875, 37.6375 ] ] ] } },
{ "type": "Feature", "properties": { "grad_nT_km": 5.4, "tier": "gentle", "score": 10.0 }, "geometry": { "type": "Polygon", "coordinates": [ [ [ 129.1375, 37.6375 ], [ 129.1375, 37.6875 ], [ 129.0875, 37.6875 ], [ 129.0875, 37.6375 ], [ 129.1375, 37.6375 ] ] ] } },
{ "type": "Feature", "properties": { "grad_nT_km": 7.9, "tier": "gentle", "score": 9.5 }, "geometry": { "type": "Polygon", "coordinates": [ [ [ 129.1875, 37.6375 ], [ 129.1875, 37.6875 ], [ 129.1375, 37.6875 ], [ 129.1375, 37.6375 ], [ 129.1875, 37.6375 ] ] ] } },
{ "type": "Feature", "properties": { "grad_nT_km": 5.8, "tier": "gentle", "score": 9.9 }, "geometry": { "type": "Polygon", "coordinates": [ [ [ 127.2875, 37.6875 ], [ 127.2875, 37.7375 ], [ 127.2375, 37.7375 ], [ 127.2375, 37.6875 ], [ 127.2875, 37.6875 ] ] ] } },
{ "type": "Feature", "properties": { "grad_nT_km": 9.2, "tier": "gentle", "score": 9.1 }, "geometry": { "type": "Polygon", "coordinates": [ [ [ 127.4375, 37.6875 ], [ 127.4375, 37.7375 ], [ 127.3875, 37.7375 ], [ 127.3875, 37.6875 ], [ 127.4375, 37.6875 ] ] ] } },
{ "type": "Feature", "properties": { "grad_nT_km": 14.9, "tier": "gentle", "score": 7.4 }, "geometry": { "type": "Polygon", "coordinates": [ [ [ 127.4875, 37.6875 ], [ 127.4875, 37.7375 ], [ 127.4375, 37.7375 ], [ 127.4375, 37.6875 ], [ 127.4875, 37.6875 ] ] ] } },
{ "type": "Feature", "properties": { "grad_nT_km": 12.4, "tier": "gentle", "score": 8.1 }, "geometry": { "type": "Polygon", "coordinates": [ [ [ 127.6375, 37.6875 ], [ 127.6375, 37.7375 ], [ 127.5875, 37.7375 ], [ 127.5875, 37.6875 ], [ 127.6375, 37.6875 ] ] ] } },
{ "type": "Feature", "properties": { "grad_nT_km": 6.5, "tier": "gentle", "score": 9.8 }, "geometry": { "type": "Polygon", "coordinates": [ [ [ 127.7375, 37.6875 ], [ 127.7375, 37.7375 ], [ 127.6875, 37.7375 ], [ 127.6875, 37.6875 ], [ 127.7375, 37.6875 ] ] ] } },
{ "type": "Feature", "properties": { "grad_nT_km": 9.9, "tier": "gentle", "score": 8.9 }, "geometry": { "type": "Polygon", "coordinates": [ [ [ 127.7875, 37.6875 ], [ 127.7875, 37.7375 ], [ 127.7375, 37.7375 ], [ 127.7375, 37.6875 ], [ 127.7875, 37.6875 ] ] ] } },
{ "type": "Feature", "properties": { "grad_nT_km": 6.9, "tier": "gentle", "score": 9.7 }, "geometry": { "type": "Polygon", "coordinates": [ [ [ 127.8375, 37.6875 ], [ 127.8375, 37.7375 ], [ 127.7875, 37.7375 ], [ 127.7875, 37.6875 ], [ 127.8375, 37.6875 ] ] ] } },
{ "type": "Feature", "properties": { "grad_nT_km": 6.6, "tier": "gentle", "score": 9.8 }, "geometry": { "type": "Polygon", "coordinates": [ [ [ 127.8875, 37.6875 ], [ 127.8875, 37.7375 ], [ 127.8375, 37.7375 ], [ 127.8375, 37.6875 ], [ 127.8875, 37.6875 ] ] ] } },
{ "type": "Feature", "properties": { "grad_nT_km": 8.9, "tier": "gentle", "score": 9.2 }, "geometry": { "type": "Polygon", "coordinates": [ [ [ 127.9375, 37.6875 ], [ 127.9375, 37.7375 ], [ 127.8875, 37.7375 ], [ 127.8875, 37.6875 ], [ 127.9375, 37.6875 ] ] ] } },
{ "type": "Feature", "properties": { "grad_nT_km": 10.7, "tier": "gentle", "score": 8.6 }, "geometry": { "type": "Polygon", "coordinates": [ [ [ 127.9875, 37.6875 ], [ 127.9875, 37.7375 ], [ 127.9375, 37.7375 ], [ 127.9375, 37.6875 ], [ 127.9875, 37.6875 ] ] ] } },
{ "type": "Feature", "properties": { "grad_nT_km": 11.6, "tier": "gentle", "score": 8.3 }, "geometry": { "type": "Polygon", "coordinates": [ [ [ 128.0875, 37.6875 ], [ 128.0875, 37.7375 ], [ 128.0375, 37.7375 ], [ 128.0375, 37.6875 ], [ 128.0875, 37.6875 ] ] ] } },
{ "type": "Feature", "properties": { "grad_nT_km": 13.2, "tier": "gentle", "score": 7.9 }, "geometry": { "type": "Polygon", "coordinates": [ [ [ 128.1375, 37.6875 ], [ 128.1375, 37.7375 ], [ 128.0875, 37.7375 ], [ 128.0875, 37.6875 ], [ 128.1375, 37.6875 ] ] ] } },
{ "type": "Feature", "properties": { "grad_nT_km": 7.4, "tier": "gentle", "score": 9.6 }, "geometry": { "type": "Polygon", "coordinates": [ [ [ 128.1875, 37.6875 ], [ 128.1875, 37.7375 ], [ 128.1375, 37.7375 ], [ 128.1375, 37.6875 ], [ 128.1875, 37.6875 ] ] ] } },
{ "type": "Feature", "properties": { "grad_nT_km": 7.6, "tier": "gentle", "score": 9.6 }, "geometry": { "type": "Polygon", "coordinates": [ [ [ 128.2375, 37.6875 ], [ 128.2375, 37.7375 ], [ 128.1875, 37.7375 ], [ 128.1875, 37.6875 ], [ 128.2375, 37.6875 ] ] ] } },
{ "type": "Feature", "properties": { "grad_nT_km": 14.2, "tier": "gentle", "score": 7.6 }, "geometry": { "type": "Polygon", "coordinates": [ [ [ 128.2875, 37.6875 ], [ 128.2875, 37.7375 ], [ 128.2375, 37.7375 ], [ 128.2375, 37.6875 ], [ 128.2875, 37.6875 ] ] ] } },
{ "type": "Feature", "properties": { "grad_nT_km": 5.5, "tier": "gentle", "score": 10.0 }, "geometry": { "type": "Polygon", "coordinates": [ [ [ 128.4875, 37.6875 ], [ 128.4875, 37.7375 ], [ 128.4375, 37.7375 ], [ 128.4375, 37.6875 ], [ 128.4875, 37.6875 ] ] ] } },
{ "type": "Feature", "properties": { "grad_nT_km": 8.0, "tier": "gentle", "score": 9.5 }, "geometry": { "type": "Polygon", "coordinates": [ [ [ 128.5375, 37.6875 ], [ 128.5375, 37.7375 ], [ 128.4875, 37.7375 ], [ 128.4875, 37.6875 ], [ 128.5375, 37.6875 ] ] ] } },
{ "type": "Feature", "properties": { "grad_nT_km": 6.0, "tier": "gentle", "score": 9.9 }, "geometry": { "type": "Polygon", "coordinates": [ [ [ 128.5875, 37.6875 ], [ 128.5875, 37.7375 ], [ 128.5375, 37.7375 ], [ 128.5375, 37.6875 ], [ 128.5875, 37.6875 ] ] ] } },
{ "type": "Feature", "properties": { "grad_nT_km": 8.1, "tier": "gentle", "score": 9.4 }, "geometry": { "type": "Polygon", "coordinates": [ [ [ 128.6375, 37.6875 ], [ 128.6375, 37.7375 ], [ 128.5875, 37.7375 ], [ 128.5875, 37.6875 ], [ 128.6375, 37.6875 ] ] ] } },
{ "type": "Feature", "properties": { "grad_nT_km": 7.2, "tier": "gentle", "score": 9.7 }, "geometry": { "type": "Polygon", "coordinates": [ [ [ 128.6875, 37.6875 ], [ 128.6875, 37.7375 ], [ 128.6375, 37.7375 ], [ 128.6375, 37.6875 ], [ 128.6875, 37.6875 ] ] ] } },
{ "type": "Feature", "properties": { "grad_nT_km": 7.6, "tier": "gentle", "score": 9.6 }, "geometry": { "type": "Polygon", "coordinates": [ [ [ 128.7375, 37.6875 ], [ 128.7375, 37.7375 ], [ 128.6875, 37.7375 ], [ 128.6875, 37.6875 ], [ 128.7375, 37.6875 ] ] ] } },
{ "type": "Feature", "properties": { "grad_nT_km": 5.5, "tier": "gentle", "score": 10.0 }, "geometry": { "type": "Polygon", "coordinates": [ [ [ 128.8375, 37.6875 ], [ 128.8375, 37.7375 ], [ 128.7875, 37.7375 ], [ 128.7875, 37.6875 ], [ 128.8375, 37.6875 ] ] ] } },
{ "type": "Feature", "properties": { "grad_nT_km": 9.8, "tier": "gentle", "score": 8.9 }, "geometry": { "type": "Polygon", "coordinates": [ [ [ 128.8875, 37.6875 ], [ 128.8875, 37.7375 ], [ 128.8375, 37.7375 ], [ 128.8375, 37.6875 ], [ 128.8875, 37.6875 ] ] ] } },
{ "type": "Feature", "properties": { "grad_nT_km": 9.1, "tier": "gentle", "score": 9.1 }, "geometry": { "type": "Polygon", "coordinates": [ [ [ 128.9875, 37.6875 ], [ 128.9875, 37.7375 ], [ 128.9375, 37.7375 ], [ 128.9375, 37.6875 ], [ 128.9875, 37.6875 ] ] ] } },
{ "type": "Feature", "properties": { "grad_nT_km": 13.6, "tier": "gentle", "score": 7.7 }, "geometry": { "type": "Polygon", "coordinates": [ [ [ 129.0375, 37.6875 ], [ 129.0375, 37.7375 ], [ 128.9875, 37.7375 ], [ 128.9875, 37.6875 ], [ 129.0375, 37.6875 ] ] ] } },
{ "type": "Feature", "properties": { "grad_nT_km": 8.7, "tier": "gentle", "score": 9.2 }, "geometry": { "type": "Polygon", "coordinates": [ [ [ 129.0875, 37.6875 ], [ 129.0875, 37.7375 ], [ 129.0375, 37.7375 ], [ 129.0375, 37.6875 ], [ 129.0875, 37.6875 ] ] ] } },
{ "type": "Feature", "properties": { "grad_nT_km": 7.9, "tier": "gentle", "score": 9.5 }, "geometry": { "type": "Polygon", "coordinates": [ [ [ 129.1375, 37.6875 ], [ 129.1375, 37.7375 ], [ 129.0875, 37.7375 ], [ 129.0875, 37.6875 ], [ 129.1375, 37.6875 ] ] ] } },
{ "type": "Feature", "properties": { "grad_nT_km": 7.0, "tier": "gentle", "score": 9.7 }, "geometry": { "type": "Polygon", "coordinates": [ [ [ 127.7375, 37.7375 ], [ 127.7375, 37.7875 ], [ 127.6875, 37.7875 ], [ 127.6875, 37.7375 ], [ 127.7375, 37.7375 ] ] ] } },
{ "type": "Feature", "properties": { "grad_nT_km": 11.5, "tier": "gentle", "score": 8.4 }, "geometry": { "type": "Polygon", "coordinates": [ [ [ 127.7875, 37.7375 ], [ 127.7875, 37.7875 ], [ 127.7375, 37.7875 ], [ 127.7375, 37.7375 ], [ 127.7875, 37.7375 ] ] ] } },
{ "type": "Feature", "properties": { "grad_nT_km": 6.8, "tier": "gentle", "score": 9.8 }, "geometry": { "type": "Polygon", "coordinates": [ [ [ 127.8375, 37.7375 ], [ 127.8375, 37.7875 ], [ 127.7875, 37.7875 ], [ 127.7875, 37.7375 ], [ 127.8375, 37.7375 ] ] ] } },
{ "type": "Feature", "properties": { "grad_nT_km": 8.0, "tier": "gentle", "score": 9.5 }, "geometry": { "type": "Polygon", "coordinates": [ [ [ 127.9875, 37.7375 ], [ 127.9875, 37.7875 ], [ 127.9375, 37.7875 ], [ 127.9375, 37.7375 ], [ 127.9875, 37.7375 ] ] ] } },
{ "type": "Feature", "properties": { "grad_nT_km": 7.0, "tier": "gentle", "score": 9.7 }, "geometry": { "type": "Polygon", "coordinates": [ [ [ 128.1875, 37.7375 ], [ 128.1875, 37.7875 ], [ 128.1375, 37.7875 ], [ 128.1375, 37.7375 ], [ 128.1875, 37.7375 ] ] ] } },
{ "type": "Feature", "properties": { "grad_nT_km": 14.0, "tier": "gentle", "score": 7.6 }, "geometry": { "type": "Polygon", "coordinates": [ [ [ 128.2375, 37.7375 ], [ 128.2375, 37.7875 ], [ 128.1875, 37.7875 ], [ 128.1875, 37.7375 ], [ 128.2375, 37.7375 ] ] ] } },
{ "type": "Feature", "properties": { "grad_nT_km": 11.9, "tier": "gentle", "score": 8.3 }, "geometry": { "type": "Polygon", "coordinates": [ [ [ 128.2875, 37.7375 ], [ 128.2875, 37.7875 ], [ 128.2375, 37.7875 ], [ 128.2375, 37.7375 ], [ 128.2875, 37.7375 ] ] ] } },
{ "type": "Feature", "properties": { "grad_nT_km": 7.6, "tier": "gentle", "score": 9.6 }, "geometry": { "type": "Polygon", "coordinates": [ [ [ 128.3375, 37.7375 ], [ 128.3375, 37.7875 ], [ 128.2875, 37.7875 ], [ 128.2875, 37.7375 ], [ 128.3375, 37.7375 ] ] ] } },
{ "type": "Feature", "properties": { "grad_nT_km": 11.1, "tier": "gentle", "score": 8.5 }, "geometry": { "type": "Polygon", "coordinates": [ [ [ 128.3875, 37.7375 ], [ 128.3875, 37.7875 ], [ 128.3375, 37.7875 ], [ 128.3375, 37.7375 ], [ 128.3875, 37.7375 ] ] ] } },
{ "type": "Feature", "properties": { "grad_nT_km": 9.4, "tier": "gentle", "score": 9.0 }, "geometry": { "type": "Polygon", "coordinates": [ [ [ 128.4375, 37.7375 ], [ 128.4375, 37.7875 ], [ 128.3875, 37.7875 ], [ 128.3875, 37.7375 ], [ 128.4375, 37.7375 ] ] ] } },
{ "type": "Feature", "properties": { "grad_nT_km": 5.9, "tier": "gentle", "score": 9.9 }, "geometry": { "type": "Polygon", "coordinates": [ [ [ 128.7375, 37.7375 ], [ 128.7375, 37.7875 ], [ 128.6875, 37.7875 ], [ 128.6875, 37.7375 ], [ 128.7375, 37.7375 ] ] ] } },
{ "type": "Feature", "properties": { "grad_nT_km": 9.0, "tier": "gentle", "score": 9.2 }, "geometry": { "type": "Polygon", "coordinates": [ [ [ 128.9875, 37.7375 ], [ 128.9875, 37.7875 ], [ 128.9375, 37.7875 ], [ 128.9375, 37.7375 ], [ 128.9875, 37.7375 ] ] ] } },
{ "type": "Feature", "properties": { "grad_nT_km": 6.0, "tier": "gentle", "score": 9.9 }, "geometry": { "type": "Polygon", "coordinates": [ [ [ 129.0375, 37.7375 ], [ 129.0375, 37.7875 ], [ 128.9875, 37.7875 ], [ 128.9875, 37.7375 ], [ 129.0375, 37.7375 ] ] ] } },
{ "type": "Feature", "properties": { "grad_nT_km": 7.1, "tier": "gentle", "score": 9.7 }, "geometry": { "type": "Polygon", "coordinates": [ [ [ 129.0875, 37.7375 ], [ 129.0875, 37.7875 ], [ 129.0375, 37.7875 ], [ 129.0375, 37.7375 ], [ 129.0875, 37.7375 ] ] ] } },
{ "type": "Feature", "properties": { "grad_nT_km": 12.9, "tier": "gentle", "score": 8.0 }, "geometry": { "type": "Polygon", "coordinates": [ [ [ 127.5875, 37.7875 ], [ 127.5875, 37.8375 ], [ 127.5375, 37.8375 ], [ 127.5375, 37.7875 ], [ 127.5875, 37.7875 ] ] ] } },
{ "type": "Feature", "properties": { "grad_nT_km": 7.5, "tier": "gentle", "score": 9.6 }, "geometry": { "type": "Polygon", "coordinates": [ [ [ 127.6875, 37.7875 ], [ 127.6875, 37.8375 ], [ 127.6375, 37.8375 ], [ 127.6375, 37.7875 ], [ 127.6875, 37.7875 ] ] ] } },
{ "type": "Feature", "properties": { "grad_nT_km": 11.7, "tier": "gentle", "score": 8.3 }, "geometry": { "type": "Polygon", "coordinates": [ [ [ 127.7875, 37.7875 ], [ 127.7875, 37.8375 ], [ 127.7375, 37.8375 ], [ 127.7375, 37.7875 ], [ 127.7875, 37.7875 ] ] ] } },
{ "type": "Feature", "properties": { "grad_nT_km": 6.7, "tier": "gentle", "score": 9.8 }, "geometry": { "type": "Polygon", "coordinates": [ [ [ 127.9875, 37.7875 ], [ 127.9875, 37.8375 ], [ 127.9375, 37.8375 ], [ 127.9375, 37.7875 ], [ 127.9875, 37.7875 ] ] ] } },
{ "type": "Feature", "properties": { "grad_nT_km": 5.2, "tier": "gentle", "score": 10.0 }, "geometry": { "type": "Polygon", "coordinates": [ [ [ 128.0375, 37.7875 ], [ 128.0375, 37.8375 ], [ 127.9875, 37.8375 ], [ 127.9875, 37.7875 ], [ 128.0375, 37.7875 ] ] ] } },
{ "type": "Feature", "properties": { "grad_nT_km": 6.6, "tier": "gentle", "score": 9.8 }, "geometry": { "type": "Polygon", "coordinates": [ [ [ 128.1375, 37.7875 ], [ 128.1375, 37.8375 ], [ 128.0875, 37.8375 ], [ 128.0875, 37.7875 ], [ 128.1375, 37.7875 ] ] ] } },
{ "type": "Feature", "properties": { "grad_nT_km": 9.8, "tier": "gentle", "score": 8.9 }, "geometry": { "type": "Polygon", "coordinates": [ [ [ 128.1875, 37.7875 ], [ 128.1875, 37.8375 ], [ 128.1375, 37.8375 ], [ 128.1375, 37.7875 ], [ 128.1875, 37.7875 ] ] ] } },
{ "type": "Feature", "properties": { "grad_nT_km": 14.4, "tier": "gentle", "score": 7.5 }, "geometry": { "type": "Polygon", "coordinates": [ [ [ 128.2375, 37.7875 ], [ 128.2375, 37.8375 ], [ 128.1875, 37.8375 ], [ 128.1875, 37.7875 ], [ 128.2375, 37.7875 ] ] ] } },
{ "type": "Feature", "properties": { "grad_nT_km": 14.0, "tier": "gentle", "score": 7.6 }, "geometry": { "type": "Polygon", "coordinates": [ [ [ 128.2875, 37.7875 ], [ 128.2875, 37.8375 ], [ 128.2375, 37.8375 ], [ 128.2375, 37.7875 ], [ 128.2875, 37.7875 ] ] ] } },
{ "type": "Feature", "properties": { "grad_nT_km": 10.8, "tier": "gentle", "score": 8.6 }, "geometry": { "type": "Polygon", "coordinates": [ [ [ 128.3875, 37.7875 ], [ 128.3875, 37.8375 ], [ 128.3375, 37.8375 ], [ 128.3375, 37.7875 ], [ 128.3875, 37.7875 ] ] ] } },
{ "type": "Feature", "properties": { "grad_nT_km": 7.2, "tier": "gentle", "score": 9.7 }, "geometry": { "type": "Polygon", "coordinates": [ [ [ 128.5375, 37.7875 ], [ 128.5375, 37.8375 ], [ 128.4875, 37.8375 ], [ 128.4875, 37.7875 ], [ 128.5375, 37.7875 ] ] ] } },
{ "type": "Feature", "properties": { "grad_nT_km": 7.4, "tier": "gentle", "score": 9.6 }, "geometry": { "type": "Polygon", "coordinates": [ [ [ 128.7375, 37.7875 ], [ 128.7375, 37.8375 ], [ 128.6875, 37.8375 ], [ 128.6875, 37.7875 ], [ 128.7375, 37.7875 ] ] ] } },
{ "type": "Feature", "properties": { "grad_nT_km": 7.4, "tier": "gentle", "score": 9.6 }, "geometry": { "type": "Polygon", "coordinates": [ [ [ 128.7875, 37.7875 ], [ 128.7875, 37.8375 ], [ 128.7375, 37.8375 ], [ 128.7375, 37.7875 ], [ 128.7875, 37.7875 ] ] ] } },
{ "type": "Feature", "properties": { "grad_nT_km": 7.9, "tier": "gentle", "score": 9.5 }, "geometry": { "type": "Polygon", "coordinates": [ [ [ 128.9875, 37.7875 ], [ 128.9875, 37.8375 ], [ 128.9375, 37.8375 ], [ 128.9375, 37.7875 ], [ 128.9875, 37.7875 ] ] ] } },
{ "type": "Feature", "properties": { "grad_nT_km": 6.3, "tier": "gentle", "score": 9.9 }, "geometry": { "type": "Polygon", "coordinates": [ [ [ 129.0375, 37.7875 ], [ 129.0375, 37.8375 ], [ 128.9875, 37.8375 ], [ 128.9875, 37.7875 ], [ 129.0375, 37.7875 ] ] ] } },
{ "type": "Feature", "properties": { "grad_nT_km": 6.6, "tier": "gentle", "score": 9.8 }, "geometry": { "type": "Polygon", "coordinates": [ [ [ 129.0875, 37.7875 ], [ 129.0875, 37.8375 ], [ 129.0375, 37.8375 ], [ 129.0375, 37.7875 ], [ 129.0875, 37.7875 ] ] ] } },
{ "type": "Feature", "properties": { "grad_nT_km": 7.1, "tier": "gentle", "score": 9.7 }, "geometry": { "type": "Polygon", "coordinates": [ [ [ 129.1375, 37.7875 ], [ 129.1375, 37.8375 ], [ 129.0875, 37.8375 ], [ 129.0875, 37.7875 ], [ 129.1375, 37.7875 ] ] ] } },
{ "type": "Feature", "properties": { "grad_nT_km": 9.5, "tier": "gentle", "score": 9.0 }, "geometry": { "type": "Polygon", "coordinates": [ [ [ 127.5875, 37.8375 ], [ 127.5875, 37.8875 ], [ 127.5375, 37.8875 ], [ 127.5375, 37.8375 ], [ 127.5875, 37.8375 ] ] ] } },
{ "type": "Feature", "properties": { "grad_nT_km": 9.2, "tier": "gentle", "score": 9.1 }, "geometry": { "type": "Polygon", "coordinates": [ [ [ 127.6375, 37.8375 ], [ 127.6375, 37.8875 ], [ 127.5875, 37.8875 ], [ 127.5875, 37.8375 ], [ 127.6375, 37.8375 ] ] ] } },
{ "type": "Feature", "properties": { "grad_nT_km": 7.3, "tier": "gentle", "score": 9.6 }, "geometry": { "type": "Polygon", "coordinates": [ [ [ 127.7875, 37.8375 ], [ 127.7875, 37.8875 ], [ 127.7375, 37.8875 ], [ 127.7375, 37.8375 ], [ 127.7875, 37.8375 ] ] ] } },
{ "type": "Feature", "properties": { "grad_nT_km": 9.0, "tier": "gentle", "score": 9.1 }, "geometry": { "type": "Polygon", "coordinates": [ [ [ 127.8375, 37.8375 ], [ 127.8375, 37.8875 ], [ 127.7875, 37.8875 ], [ 127.7875, 37.8375 ], [ 127.8375, 37.8375 ] ] ] } },
{ "type": "Feature", "properties": { "grad_nT_km": 7.1, "tier": "gentle", "score": 9.7 }, "geometry": { "type": "Polygon", "coordinates": [ [ [ 127.8875, 37.8375 ], [ 127.8875, 37.8875 ], [ 127.8375, 37.8875 ], [ 127.8375, 37.8375 ], [ 127.8875, 37.8375 ] ] ] } },
{ "type": "Feature", "properties": { "grad_nT_km": 7.3, "tier": "gentle", "score": 9.6 }, "geometry": { "type": "Polygon", "coordinates": [ [ [ 127.9875, 37.8375 ], [ 127.9875, 37.8875 ], [ 127.9375, 37.8875 ], [ 127.9375, 37.8375 ], [ 127.9875, 37.8375 ] ] ] } },
{ "type": "Feature", "properties": { "grad_nT_km": 8.5, "tier": "gentle", "score": 9.3 }, "geometry": { "type": "Polygon", "coordinates": [ [ [ 128.0375, 37.8375 ], [ 128.0375, 37.8875 ], [ 127.9875, 37.8875 ], [ 127.9875, 37.8375 ], [ 128.0375, 37.8375 ] ] ] } },
{ "type": "Feature", "properties": { "grad_nT_km": 5.1, "tier": "gentle", "score": 10.0 }, "geometry": { "type": "Polygon", "coordinates": [ [ [ 128.0875, 37.8375 ], [ 128.0875, 37.8875 ], [ 128.0375, 37.8875 ], [ 128.0375, 37.8375 ], [ 128.0875, 37.8375 ] ] ] } },
{ "type": "Feature", "properties": { "grad_nT_km": 9.1, "tier": "gentle", "score": 9.1 }, "geometry": { "type": "Polygon", "coordinates": [ [ [ 128.1375, 37.8375 ], [ 128.1375, 37.8875 ], [ 128.0875, 37.8875 ], [ 128.0875, 37.8375 ], [ 128.1375, 37.8375 ] ] ] } },
{ "type": "Feature", "properties": { "grad_nT_km": 12.8, "tier": "gentle", "score": 8.0 }, "geometry": { "type": "Polygon", "coordinates": [ [ [ 128.2375, 37.8375 ], [ 128.2375, 37.8875 ], [ 128.1875, 37.8875 ], [ 128.1875, 37.8375 ], [ 128.2375, 37.8375 ] ] ] } },
{ "type": "Feature", "properties": { "grad_nT_km": 13.6, "tier": "gentle", "score": 7.8 }, "geometry": { "type": "Polygon", "coordinates": [ [ [ 128.2875, 37.8375 ], [ 128.2875, 37.8875 ], [ 128.2375, 37.8875 ], [ 128.2375, 37.8375 ], [ 128.2875, 37.8375 ] ] ] } },
{ "type": "Feature", "properties": { "grad_nT_km": 5.6, "tier": "gentle", "score": 10.0 }, "geometry": { "type": "Polygon", "coordinates": [ [ [ 128.3375, 37.8375 ], [ 128.3375, 37.8875 ], [ 128.2875, 37.8875 ], [ 128.2875, 37.8375 ], [ 128.3375, 37.8375 ] ] ] } },
{ "type": "Feature", "properties": { "grad_nT_km": 5.8, "tier": "gentle", "score": 9.9 }, "geometry": { "type": "Polygon", "coordinates": [ [ [ 128.3875, 37.8375 ], [ 128.3875, 37.8875 ], [ 128.3375, 37.8875 ], [ 128.3375, 37.8375 ], [ 128.3875, 37.8375 ] ] ] } },
{ "type": "Feature", "properties": { "grad_nT_km": 9.6, "tier": "gentle", "score": 9.0 }, "geometry": { "type": "Polygon", "coordinates": [ [ [ 128.4875, 37.8375 ], [ 128.4875, 37.8875 ], [ 128.4375, 37.8875 ], [ 128.4375, 37.8375 ], [ 128.4875, 37.8375 ] ] ] } },
{ "type": "Feature", "properties": { "grad_nT_km": 10.5, "tier": "gentle", "score": 8.7 }, "geometry": { "type": "Polygon", "coordinates": [ [ [ 128.5375, 37.8375 ], [ 128.5375, 37.8875 ], [ 128.4875, 37.8875 ], [ 128.4875, 37.8375 ], [ 128.5375, 37.8375 ] ] ] } },
{ "type": "Feature", "properties": { "grad_nT_km": 6.4, "tier": "gentle", "score": 9.8 }, "geometry": { "type": "Polygon", "coordinates": [ [ [ 129.0375, 37.8375 ], [ 129.0375, 37.8875 ], [ 128.9875, 37.8875 ], [ 128.9875, 37.8375 ], [ 129.0375, 37.8375 ] ] ] } },
{ "type": "Feature", "properties": { "grad_nT_km": 12.6, "tier": "gentle", "score": 8.0 }, "geometry": { "type": "Polygon", "coordinates": [ [ [ 128.0375, 37.8875 ], [ 128.0375, 37.9375 ], [ 127.9875, 37.9375 ], [ 127.9875, 37.8875 ], [ 128.0375, 37.8875 ] ] ] } },
{ "type": "Feature", "properties": { "grad_nT_km": 5.7, "tier": "gentle", "score": 10.0 }, "geometry": { "type": "Polygon", "coordinates": [ [ [ 128.0875, 37.8875 ], [ 128.0875, 37.9375 ], [ 128.0375, 37.9375 ], [ 128.0375, 37.8875 ], [ 128.0875, 37.8875 ] ] ] } },
{ "type": "Feature", "properties": { "grad_nT_km": 10.6, "tier": "gentle", "score": 8.7 }, "geometry": { "type": "Polygon", "coordinates": [ [ [ 128.1375, 37.8875 ], [ 128.1375, 37.9375 ], [ 128.0875, 37.9375 ], [ 128.0875, 37.8875 ], [ 128.1375, 37.8875 ] ] ] } },
{ "type": "Feature", "properties": { "grad_nT_km": 13.5, "tier": "gentle", "score": 7.8 }, "geometry": { "type": "Polygon", "coordinates": [ [ [ 128.2375, 37.8875 ], [ 128.2375, 37.9375 ], [ 128.1875, 37.9375 ], [ 128.1875, 37.8875 ], [ 128.2375, 37.8875 ] ] ] } },
{ "type": "Feature", "properties": { "grad_nT_km": 13.3, "tier": "gentle", "score": 7.8 }, "geometry": { "type": "Polygon", "coordinates": [ [ [ 128.3375, 37.8875 ], [ 128.3375, 37.9375 ], [ 128.2875, 37.9375 ], [ 128.2875, 37.8875 ], [ 128.3375, 37.8875 ] ] ] } },
{ "type": "Feature", "properties": { "grad_nT_km": 8.5, "tier": "gentle", "score": 9.3 }, "geometry": { "type": "Polygon", "coordinates": [ [ [ 128.3875, 37.8875 ], [ 128.3875, 37.9375 ], [ 128.3375, 37.9375 ], [ 128.3375, 37.8875 ], [ 128.3875, 37.8875 ] ] ] } },
{ "type": "Feature", "properties": { "grad_nT_km": 12.0, "tier": "gentle", "score": 8.2 }, "geometry": { "type": "Polygon", "coordinates": [ [ [ 128.4375, 37.8875 ], [ 128.4375, 37.9375 ], [ 128.3875, 37.9375 ], [ 128.3875, 37.8875 ], [ 128.4375, 37.8875 ] ] ] } },
{ "type": "Feature", "properties": { "grad_nT_km": 6.1, "tier": "gentle", "score": 9.9 }, "geometry": { "type": "Polygon", "coordinates": [ [ [ 128.4875, 37.8875 ], [ 128.4875, 37.9375 ], [ 128.4375, 37.9375 ], [ 128.4375, 37.8875 ], [ 128.4875, 37.8875 ] ] ] } },
{ "type": "Feature", "properties": { "grad_nT_km": 9.2, "tier": "gentle", "score": 9.1 }, "geometry": { "type": "Polygon", "coordinates": [ [ [ 128.5375, 37.8875 ], [ 128.5375, 37.9375 ], [ 128.4875, 37.9375 ], [ 128.4875, 37.8875 ], [ 128.5375, 37.8875 ] ] ] } },
{ "type": "Feature", "properties": { "grad_nT_km": 6.2, "tier": "gentle", "score": 9.9 }, "geometry": { "type": "Polygon", "coordinates": [ [ [ 128.8875, 37.8875 ], [ 128.8875, 37.9375 ], [ 128.8375, 37.9375 ], [ 128.8375, 37.8875 ], [ 128.8875, 37.8875 ] ] ] } },
{ "type": "Feature", "properties": { "grad_nT_km": 5.9, "tier": "gentle", "score": 9.9 }, "geometry": { "type": "Polygon", "coordinates": [ [ [ 128.9875, 37.8875 ], [ 128.9875, 37.9375 ], [ 128.9375, 37.9375 ], [ 128.9375, 37.8875 ], [ 128.9875, 37.8875 ] ] ] } },
{ "type": "Feature", "properties": { "grad_nT_km": 5.2, "tier": "gentle", "score": 10.0 }, "geometry": { "type": "Polygon", "coordinates": [ [ [ 129.0375, 37.8875 ], [ 129.0375, 37.9375 ], [ 128.9875, 37.9375 ], [ 128.9875, 37.8875 ], [ 129.0375, 37.8875 ] ] ] } },
{ "type": "Feature", "properties": { "grad_nT_km": 8.8, "tier": "gentle", "score": 9.2 }, "geometry": { "type": "Polygon", "coordinates": [ [ [ 128.1375, 37.9375 ], [ 128.1375, 37.9875 ], [ 128.0875, 37.9875 ], [ 128.0875, 37.9375 ], [ 128.1375, 37.9375 ] ] ] } },
{ "type": "Feature", "properties": { "grad_nT_km": 10.3, "tier": "gentle", "score": 8.7 }, "geometry": { "type": "Polygon", "coordinates": [ [ [ 128.1875, 37.9375 ], [ 128.1875, 37.9875 ], [ 128.1375, 37.9875 ], [ 128.1375, 37.9375 ], [ 128.1875, 37.9375 ] ] ] } },
{ "type": "Feature", "properties": { "grad_nT_km": 11.6, "tier": "gentle", "score": 8.3 }, "geometry": { "type": "Polygon", "coordinates": [ [ [ 128.2375, 37.9375 ], [ 128.2375, 37.9875 ], [ 128.1875, 37.9875 ], [ 128.1875, 37.9375 ], [ 128.2375, 37.9375 ] ] ] } },
{ "type": "Feature", "properties": { "grad_nT_km": 10.8, "tier": "gentle", "score": 8.6 }, "geometry": { "type": "Polygon", "coordinates": [ [ [ 128.2875, 37.9375 ], [ 128.2875, 37.9875 ], [ 128.2375, 37.9875 ], [ 128.2375, 37.9375 ], [ 128.2875, 37.9375 ] ] ] } },
{ "type": "Feature", "properties": { "grad_nT_km": 6.6, "tier": "gentle", "score": 9.8 }, "geometry": { "type": "Polygon", "coordinates": [ [ [ 128.3375, 37.9375 ], [ 128.3375, 37.9875 ], [ 128.2875, 37.9875 ], [ 128.2875, 37.9375 ], [ 128.3375, 37.9375 ] ] ] } },
{ "type": "Feature", "properties": { "grad_nT_km": 6.0, "tier": "gentle", "score": 9.9 }, "geometry": { "type": "Polygon", "coordinates": [ [ [ 128.3875, 37.9375 ], [ 128.3875, 37.9875 ], [ 128.3375, 37.9875 ], [ 128.3375, 37.9375 ], [ 128.3875, 37.9375 ] ] ] } },
{ "type": "Feature", "properties": { "grad_nT_km": 7.4, "tier": "gentle", "score": 9.6 }, "geometry": { "type": "Polygon", "coordinates": [ [ [ 128.4875, 37.9375 ], [ 128.4875, 37.9875 ], [ 128.4375, 37.9875 ], [ 128.4375, 37.9375 ], [ 128.4875, 37.9375 ] ] ] } },
{ "type": "Feature", "properties": { "grad_nT_km": 7.2, "tier": "gentle", "score": 9.7 }, "geometry": { "type": "Polygon", "coordinates": [ [ [ 128.5375, 37.9375 ], [ 128.5375, 37.9875 ], [ 128.4875, 37.9875 ], [ 128.4875, 37.9375 ], [ 128.5375, 37.9375 ] ] ] } },
{ "type": "Feature", "properties": { "grad_nT_km": 5.3, "tier": "gentle", "score": 10.0 }, "geometry": { "type": "Polygon", "coordinates": [ [ [ 128.7875, 37.9375 ], [ 128.7875, 37.9875 ], [ 128.7375, 37.9875 ], [ 128.7375, 37.9375 ], [ 128.7875, 37.9375 ] ] ] } },
{ "type": "Feature", "properties": { "grad_nT_km": 7.4, "tier": "gentle", "score": 9.6 }, "geometry": { "type": "Polygon", "coordinates": [ [ [ 128.8375, 37.9375 ], [ 128.8375, 37.9875 ], [ 128.7875, 37.9875 ], [ 128.7875, 37.9375 ], [ 128.8375, 37.9375 ] ] ] } },
{ "type": "Feature", "properties": { "grad_nT_km": 7.1, "tier": "gentle", "score": 9.7 }, "geometry": { "type": "Polygon", "coordinates": [ [ [ 128.8875, 37.9375 ], [ 128.8875, 37.9875 ], [ 128.8375, 37.9875 ], [ 128.8375, 37.9375 ], [ 128.8875, 37.9375 ] ] ] } },
{ "type": "Feature", "properties": { "grad_nT_km": 8.4, "tier": "gentle", "score": 9.3 }, "geometry": { "type": "Polygon", "coordinates": [ [ [ 128.9375, 37.9375 ], [ 128.9375, 37.9875 ], [ 128.8875, 37.9875 ], [ 128.8875, 37.9375 ], [ 128.9375, 37.9375 ] ] ] } },
{ "type": "Feature", "properties": { "grad_nT_km": 13.8, "tier": "gentle", "score": 7.7 }, "geometry": { "type": "Polygon", "coordinates": [ [ [ 128.9875, 37.9375 ], [ 128.9875, 37.9875 ], [ 128.9375, 37.9875 ], [ 128.9375, 37.9375 ], [ 128.9875, 37.9375 ] ] ] } },
{ "type": "Feature", "properties": { "grad_nT_km": 11.4, "tier": "gentle", "score": 8.4 }, "geometry": { "type": "Polygon", "coordinates": [ [ [ 128.5375, 37.9875 ], [ 128.5375, 38.0375 ], [ 128.4875, 38.0375 ], [ 128.4875, 37.9875 ], [ 128.5375, 37.9875 ] ] ] } },
{ "type": "Feature", "properties": { "grad_nT_km": 9.1, "tier": "gentle", "score": 9.1 }, "geometry": { "type": "Polygon", "coordinates": [ [ [ 128.5875, 38.0375 ], [ 128.5875, 38.0875 ], [ 128.5375, 38.0875 ], [ 128.5375, 38.0375 ], [ 128.5875, 38.0375 ] ] ] } },
{ "type": "Feature", "properties": { "grad_nT_km": 8.1, "tier": "gentle", "score": 9.4 }, "geometry": { "type": "Polygon", "coordinates": [ [ [ 128.5875, 38.0875 ], [ 128.5875, 38.1125 ], [ 128.5375, 38.1125 ], [ 128.5375, 38.0875 ], [ 128.5875, 38.0875 ] ] ] } },
{ "type": "Feature", "properties": { "grad_nT_km": 6.2, "tier": "gentle", "score": 9.9 }, "geometry": { "type": "Polygon", "coordinates": [ [ [ 128.6875, 38.0875 ], [ 128.6875, 38.1125 ], [ 128.6375, 38.1125 ], [ 128.6375, 38.0875 ], [ 128.6875, 38.0875 ] ] ] } }
]
}
